5,3,0.8499999999999996,0.6400000000000001
5,3,0.7805586744150936,0.5572505756981134
5,3,0.7805586744150936,0.7227494243018868
5,3,0.9194413255849057,0.5572505756981134
5,3,0.9194413255849057,0.7227494243018868
5,3,0.9873078908256758,0.7761442646322387
5,3,0.9489913425988981,0.7761442646322387
5,3,0.9489913425988981,0.7362000250039258
5,3,0.9489913425988981,0.7761442646322387
5,3,0.9106747943721203,0.7362000250039258
5,3,0.9489913425988981,0.7362000250039258
5,3,0.9489913425988981,0.7362000250039258
5,3,0.9106747943721203,0.7362000250039258
5,3,0.9106747943721203,0.6962557853756128
5,3,0.9106747943721203,0.7362000250039258
5,3,0.8723582461453425,0.6962557853756128
5,3,0.9106747943721203,0.6962557853756128
5,3,0.9106747943721203,0.6962557853756128
5,3,0.8723582461453425,0.6962557853756128
5,3,0.8723582461453425,0.6563115457472999
5,3,0.8723582461453425,0.6962557853756128
5,3,0.8340416979185648,0.6563115457472999
5,3,0.8723582461453425,0.6563115457472999
5,3,0.8723582461453425,0.6563115457472999
5,3,0.8340416979185648,0.6563115457472999
5,3,0.8340416979185648,0.6163673061189869
5,3,0.8340416979185648,0.6563115457472999
5,3,0.795725149691787,0.6163673061189869
5,3,0.8340416979185648,0.6163673061189869
5,3,0.8340416979185648,0.6163673061189869
5,3,0.795725149691787,0.6163673061189869
5,3,0.795725149691787,0.576423066490674
5,3,0.795725149691787,0.6163673061189869
5,3,0.7574086014650092,0.576423066490674
5,3,0.795725149691787,0.576423066490674
5,3,0.795725149691787,0.576423066490674
5,3,0.7574086014650092,0.576423066490674
5,3,0.7574086014650092,0.536478826862361
5,3,0.7574086014650092,0.576423066490674
5,3,0.7190920532382314,0.536478826862361
5,3,0.7574086014650092,0.536478826862361
5,3,0.7574086014650092,0.536478826862361
5,3,0.7190920532382314,0.536478826862361
5,3,0.7190920532382314,0.4965345872340481
5,3,0.9489913425988981,0.7761442646322387
5,3,0.9106747943721203,0.7761442646322387
5,3,0.9106747943721203,0.7362000250039258
5,3,0.9106747943721203,0.7761442646322387
5,3,0.8723582461453425,0.7362000250039258
5,3,0.9106747943721203,0.7362000250039258
5,3,0.9106747943721203,0.7362000250039258
5,3,0.8723582461453425,0.7362000250039258
5,3,0.8723582461453425,0.6962557853756128
5,3,0.8723582461453425,0.7362000250039258
5,3,0.8340416979185648,0.6962557853756128
5,3,0.8723582461453425,0.6962557853756128
5,3,0.8723582461453425,0.6962557853756128
5,3,0.8340416979185648,0.6962557853756128
5,3,0.8340416979185648,0.6563115457472999
5,3,0.8340416979185648,0.6962557853756128
5,3,0.795725149691787,0.6563115457472999
5,3,0.8340416979185648,0.6563115457472999
5,3,0.8340416979185648,0.6563115457472999
5,3,0.795725149691787,0.6563115457472999
5,3,0.795725149691787,0.6163673061189869
5,3,0.795725149691787,0.6563115457472999
5,3,0.7574086014650092,0.6163673061189869
5,3,0.795725149691787,0.6163673061189869
5,3,0.795725149691787,0.6163673061189869
5,3,0.7574086014650092,0.6163673061189869
5,3,0.7574086014650092,0.576423066490674
5,3,0.7574086014650092,0.6163673061189869
5,3,0.7190920532382314,0.576423066490674
5,3,0.7574086014650092,0.576423066490674
5,3,0.7574086014650092,0.576423066490674
5,3,0.7190920532382314,0.576423066490674
5,3,0.7190920532382314,0.536478826862361
5,3,0.9106747943721203,0.7761442646322387
5,3,0.8723582461453425,0.7761442646322387
5,3,0.8723582461453425,0.7362000250039258
5,3,0.8723582461453425,0.7761442646322387
5,3,0.8340416979185648,0.7362000250039258
5,3,0.8723582461453425,0.7362000250039258
5,3,0.8723582461453425,0.7362000250039258
5,3,0.8340416979185648,0.7362000250039258
5,3,0.8340416979185648,0.6962557853756128
5,3,0.8340416979185648,0.7362000250039258
5,3,0.795725149691787,0.6962557853756128
5,3,0.8340416979185648,0.6962557853756128
5,3,0.8340416979185648,0.6962557853756128
5,3,0.795725149691787,0.6962557853756128
5,3,0.795725149691787,0.6563115457472999
5,3,0.795725149691787,0.6962557853756128
5,3,0.7574086014650092,0.6563115457472999
5,3,0.795725149691787,0.6563115457472999
5,3,0.795725149691787,0.6563115457472999
5,3,0.7574086014650092,0.6563115457472999
5,3,0.7574086014650092,0.6163673061189869
5,3,0.7574086014650092,0.6563115457472999
5,3,0.7190920532382314,0.6163673061189869
5,3,0.7574086014650092,0.6163673061189869
5,3,0.7574086014650092,0.6163673061189869
5,3,0.7190920532382314,0.6163673061189869
5,3,0.7190920532382314,0.576423066490674
5,3,0.8723582461453425,0.7761442646322387
5,3,0.8340416979185648,0.7761442646322387
5,3,0.8340416979185648,0.7362000250039258
5,3,0.8340416979185648,0.7761442646322387
5,3,0.795725149691787,0.7362000250039258
5,3,0.8340416979185648,0.7362000250039258
5,3,0.8340416979185648,0.7362000250039258
5,3,0.795725149691787,0.7362000250039258
5,3,0.795725149691787,0.6962557853756128
5,3,0.795725149691787,0.7362000250039258
5,3,0.7574086014650092,0.6962557853756128
5,3,0.795725149691787,0.6962557853756128
5,3,0.795725149691787,0.6962557853756128
5,3,0.7574086014650092,0.6962557853756128
5,3,0.7574086014650092,0.6563115457472999
5,3,0.7574086014650092,0.6962557853756128
5,3,0.7190920532382314,0.6563115457472999
5,3,0.7574086014650092,0.6563115457472999
5,3,0.7574086014650092,0.6563115457472999
5,3,0.7190920532382314,0.6563115457472999
5,3,0.7190920532382314,0.6163673061189869
5,3,0.8340416979185648,0.7761442646322387
5,3,0.795725149691787,0.7761442646322387
5,3,0.795725149691787,0.7362000250039258
5,3,0.795725149691787,0.7761442646322387
5,3,0.7574086014650092,0.7362000250039258
5,3,0.795725149691787,0.7362000250039258
5,3,0.795725149691787,0.7362000250039258
5,3,0.7574086014650092,0.7362000250039258
5,3,0.7574086014650092,0.6962557853756128
5,3,0.7574086014650092,0.7362000250039258
5,3,0.7190920532382314,0.6962557853756128
5,3,0.7574086014650092,0.6962557853756128
5,3,0.7574086014650092,0.6962557853756128
5,3,0.7190920532382314,0.6962557853756128
5,3,0.7190920532382314,0.6563115457472999
5,3,0.795725149691787,0.7761442646322387
5,3,0.7574086014650092,0.7761442646322387
5,3,0.7574086014650092,0.7362000250039258
5,3,0.7574086014650092,0.7761442646322387
5,3,0.7190920532382314,0.7362000250039258
5,3,0.7574086014650092,0.7362000250039258
5,3,0.7574086014650092,0.7362000250039258
5,3,0.7190920532382314,0.7362000250039258
5,3,0.7190920532382314,0.6962557853756128
5,3,0.7574086014650092,0.7761442646322387
5,3,0.7190920532382314,0.7761442646322387
5,3,0.7190920532382314,0.7362000250039258
5,3,0.7190920532382314,0.4965345872340481
5,3,0.7574086014650092,0.4965345872340481
5,3,0.7574086014650092,0.536478826862361
5,3,0.7574086014650092,0.4965345872340481
5,3,0.795725149691787,0.536478826862361
5,3,0.7574086014650092,0.536478826862361
5,3,0.7574086014650092,0.536478826862361
5,3,0.795725149691787,0.536478826862361
5,3,0.795725149691787,0.576423066490674
5,3,0.795725149691787,0.536478826862361
5,3,0.8340416979185648,0.576423066490674
5,3,0.795725149691787,0.576423066490674
5,3,0.795725149691787,0.576423066490674
5,3,0.8340416979185648,0.576423066490674
5,3,0.8340416979185648,0.6163673061189869
5,3,0.8340416979185648,0.576423066490674
5,3,0.8723582461453425,0.6163673061189869
5,3,0.8340416979185648,0.6163673061189869
5,3,0.8340416979185648,0.6163673061189869
5,3,0.8723582461453425,0.6163673061189869
5,3,0.8723582461453425,0.6563115457472999
5,3,0.8723582461453425,0.6163673061189869
5,3,0.9106747943721203,0.6563115457472999
5,3,0.8723582461453425,0.6563115457472999
5,3,0.8723582461453425,0.6563115457472999
5,3,0.9106747943721203,0.6563115457472999
5,3,0.9106747943721203,0.6962557853756128
5,3,0.9106747943721203,0.6563115457472999
5,3,0.9489913425988981,0.6962557853756128
5,3,0.9106747943721203,0.6962557853756128
5,3,0.9106747943721203,0.6962557853756128
5,3,0.9489913425988981,0.6962557853756128
5,3,0.9489913425988981,0.7362000250039258
5,3,0.9489913425988981,0.6962557853756128
5,3,0.9873078908256758,0.7362000250039258
5,3,0.9489913425988981,0.7362000250039258
5,3,0.9489913425988981,0.7362000250039258
5,3,0.9873078908256758,0.7362000250039258
5,3,0.9873078908256758,0.7761442646322387
5,3,0.7574086014650092,0.4965345872340481
5,3,0.795725149691787,0.4965345872340481
5,3,0.795725149691787,0.536478826862361
5,3,0.795725149691787,0.4965345872340481
5,3,0.8340416979185648,0.536478826862361
5,3,0.795725149691787,0.536478826862361
5,3,0.795725149691787,0.536478826862361
5,3,0.8340416979185648,0.536478826862361
5,3,0.8340416979185648,0.576423066490674
5,3,0.8340416979185648,0.536478826862361
5,3,0.8723582461453425,0.576423066490674
5,3,0.8340416979185648,0.576423066490674
5,3,0.8340416979185648,0.576423066490674
5,3,0.8723582461453425,0.576423066490674
5,3,0.8723582461453425,0.6163673061189869
5,3,0.8723582461453425,0.576423066490674
5,3,0.9106747943721203,0.6163673061189869
5,3,0.8723582461453425,0.6163673061189869
5,3,0.8723582461453425,0.6163673061189869
5,3,0.9106747943721203,0.6163673061189869
5,3,0.9106747943721203,0.6563115457472999
5,3,0.9106747943721203,0.6163673061189869
5,3,0.9489913425988981,0.6563115457472999
5,3,0.9106747943721203,0.6563115457472999
5,3,0.9106747943721203,0.6563115457472999
5,3,0.9489913425988981,0.6563115457472999
5,3,0.9489913425988981,0.6962557853756128
5,3,0.9489913425988981,0.6563115457472999
5,3,0.9873078908256758,0.6962557853756128
5,3,0.9489913425988981,0.6962557853756128
5,3,0.9489913425988981,0.6962557853756128
5,3,0.9873078908256758,0.6962557853756128
5,3,0.9873078908256758,0.7362000250039258
5,3,0.795725149691787,0.4965345872340481
5,3,0.8340416979185648,0.4965345872340481
5,3,0.8340416979185648,0.536478826862361
5,3,0.8340416979185648,0.4965345872340481
5,3,0.8723582461453425,0.536478826862361
5,3,0.8340416979185648,0.536478826862361
5,3,0.8340416979185648,0.536478826862361
5,3,0.8723582461453425,0.536478826862361
5,3,0.8723582461453425,0.576423066490674
5,3,0.8723582461453425,0.536478826862361
5,3,0.9106747943721203,0.576423066490674
5,3,0.8723582461453425,0.576423066490674
5,3,0.8723582461453425,0.576423066490674
5,3,0.9106747943721203,0.576423066490674
5,3,0.9106747943721203,0.6163673061189869
5,3,0.9106747943721203,0.576423066490674
5,3,0.9489913425988981,0.6163673061189869
5,3,0.9106747943721203,0.6163673061189869
5,3,0.9106747943721203,0.6163673061189869
5,3,0.9489913425988981,0.6163673061189869
5,3,0.9489913425988981,0.6563115457472999
5,3,0.9489913425988981,0.6163673061189869
5,3,0.9873078908256758,0.6563115457472999
5,3,0.9489913425988981,0.6563115457472999
5,3,0.9489913425988981,0.6563115457472999
5,3,0.9873078908256758,0.6563115457472999
5,3,0.9873078908256758,0.6962557853756128
5,3,0.8340416979185648,0.4965345872340481
5,3,0.8723582461453425,0.4965345872340481
5,3,0.8723582461453425,0.536478826862361
5,3,0.8723582461453425,0.4965345872340481
5,3,0.9106747943721203,0.536478826862361
5,3,0.8723582461453425,0.536478826862361
5,3,0.8723582461453425,0.536478826862361
5,3,0.9106747943721203,0.536478826862361
5,3,0.9106747943721203,0.576423066490674
5,3,0.9106747943721203,0.536478826862361
5,3,0.9489913425988981,0.576423066490674
5,3,0.9106747943721203,0.576423066490674
5,3,0.9106747943721203,0.576423066490674
5,3,0.9489913425988981,0.576423066490674
5,3,0.9489913425988981,0.6163673061189869
5,3,0.9489913425988981,0.576423066490674
5,3,0.9873078908256758,0.6163673061189869
5,3,0.9489913425988981,0.6163673061189869
5,3,0.9489913425988981,0.6163673061189869
5,3,0.9873078908256758,0.6163673061189869
5,3,0.9873078908256758,0.6563115457472999
5,3,0.8723582461453425,0.4965345872340481
5,3,0.9106747943721203,0.4965345872340481
5,3,0.9106747943721203,0.536478826862361
5,3,0.9106747943721203,0.4965345872340481
5,3,0.9489913425988981,0.536478826862361
5,3,0.9106747943721203,0.536478826862361
5,3,0.9106747943721203,0.536478826862361
5,3,0.9489913425988981,0.536478826862361
5,3,0.9489913425988981,0.576423066490674
5,3,0.9489913425988981,0.536478826862361
5,3,0.9873078908256758,0.576423066490674
5,3,0.9489913425988981,0.576423066490674
5,3,0.9489913425988981,0.576423066490674
5,3,0.9873078908256758,0.576423066490674
5,3,0.9873078908256758,0.6163673061189869
5,3,0.9106747943721203,0.4965345872340481
5,3,0.9489913425988981,0.4965345872340481
5,3,0.9489913425988981,0.536478826862361
5,3,0.9489913425988981,0.4965345872340481
5,3,0.9873078908256758,0.536478826862361
5,3,0.9489913425988981,0.536478826862361
5,3,0.9489913425988981,0.536478826862361
5,3,0.9873078908256758,0.536478826862361
5,3,0.9873078908256758,0.576423066490674
5,3,0.9489913425988981,0.4965345872340481
5,3,0.9873078908256758,0.4965345872340481
5,3,0.9873078908256758,0.536478826862361
5,3,0.4299999999999997,0.5699999999999998
5,3,0.3605586744150937,0.48725057569811314
5,3,0.3605586744150937,0.6527494243018865
5,3,0.4994413255849057,0.48725057569811314
5,3,0.4994413255849057,0.6527494243018865
5,3,0.5653028161042135,0.7058810332670524
5,3,0.5269959290661621,0.7058810332670524
5,3,0.5269959290661621,0.6659496313429303
5,3,0.5269959290661621,0.7058810332670524
5,3,0.4886890420281098,0.6659496313429303
5,3,0.5269959290661621,0.6659496313429303
5,3,0.5269959290661621,0.6659496313429303
5,3,0.4886890420281098,0.6659496313429303
5,3,0.4886890420281098,0.6260182294188081
5,3,0.4886890420281098,0.6659496313429303
5,3,0.4503821549900575,0.6260182294188081
5,3,0.4886890420281098,0.6260182294188081
5,3,0.4886890420281098,0.6260182294188081
5,3,0.4503821549900575,0.6260182294188081
5,3,0.4503821549900575,0.586086827494686
5,3,0.4503821549900575,0.6260182294188081
5,3,0.4120752679520052,0.586086827494686
5,3,0.4503821549900575,0.586086827494686
5,3,0.4503821549900575,0.586086827494686
5,3,0.4120752679520052,0.586086827494686
5,3,0.4120752679520052,0.5461554255705638
5,3,0.4120752679520052,0.586086827494686
5,3,0.3737683809139538,0.5461554255705638
5,3,0.4120752679520052,0.5461554255705638
5,3,0.4120752679520052,0.5461554255705638
5,3,0.3737683809139538,0.5461554255705638
5,3,0.3737683809139538,0.5062240236464413
5,3,0.3737683809139538,0.5461554255705638
5,3,0.3354614938759015,0.5062240236464413
5,3,0.3737683809139538,0.5062240236464413
5,3,0.3737683809139538,0.5062240236464413
5,3,0.3354614938759015,0.5062240236464413
5,3,0.3354614938759015,0.4662926217223191
5,3,0.3354614938759015,0.5062240236464413
5,3,0.2971546068378492,0.4662926217223191
5,3,0.3354614938759015,0.4662926217223191
5,3,0.3354614938759015,0.4662926217223191
5,3,0.2971546068378492,0.4662926217223191
5,3,0.2971546068378492,0.42636121979819697
5,3,0.5269959290661621,0.7058810332670524
5,3,0.4886890420281098,0.7058810332670524
5,3,0.4886890420281098,0.6659496313429303
5,3,0.4886890420281098,0.7058810332670524
5,3,0.4503821549900575,0.6659496313429303
5,3,0.4886890420281098,0.6659496313429303
5,3,0.4886890420281098,0.6659496313429303
5,3,0.4503821549900575,0.6659496313429303
5,3,0.4503821549900575,0.6260182294188081
5,3,0.4503821549900575,0.6659496313429303
5,3,0.4120752679520052,0.6260182294188081
5,3,0.4503821549900575,0.6260182294188081
5,3,0.4503821549900575,0.6260182294188081
5,3,0.4120752679520052,0.6260182294188081
5,3,0.4120752679520052,0.586086827494686
5,3,0.4120752679520052,0.6260182294188081
5,3,0.3737683809139538,0.586086827494686
5,3,0.4120752679520052,0.586086827494686
5,3,0.4120752679520052,0.586086827494686
5,3,0.3737683809139538,0.586086827494686
5,3,0.3737683809139538,0.5461554255705638
5,3,0.3737683809139538,0.586086827494686
5,3,0.3354614938759015,0.5461554255705638
5,3,0.3737683809139538,0.5461554255705638
5,3,0.3737683809139538,0.5461554255705638
5,3,0.3354614938759015,0.5461554255705638
5,3,0.3354614938759015,0.5062240236464413
5,3,0.3354614938759015,0.5461554255705638
5,3,0.2971546068378492,0.5062240236464413
5,3,0.3354614938759015,0.5062240236464413
5,3,0.3354614938759015,0.5062240236464413
5,3,0.2971546068378492,0.5062240236464413
5,3,0.2971546068378492,0.4662926217223191
5,3,0.4886890420281098,0.7058810332670524
5,3,0.4503821549900575,0.7058810332670524
5,3,0.4503821549900575,0.6659496313429303
5,3,0.4503821549900575,0.7058810332670524
5,3,0.4120752679520052,0.6659496313429303
5,3,0.4503821549900575,0.6659496313429303
5,3,0.4503821549900575,0.6659496313429303
5,3,0.4120752679520052,0.6659496313429303
5,3,0.4120752679520052,0.6260182294188081
5,3,0.4120752679520052,0.6659496313429303
5,3,0.3737683809139538,0.6260182294188081
5,3,0.4120752679520052,0.6260182294188081
5,3,0.4120752679520052,0.6260182294188081
5,3,0.3737683809139538,0.6260182294188081
5,3,0.3737683809139538,0.586086827494686
5,3,0.3737683809139538,0.6260182294188081
5,3,0.3354614938759015,0.586086827494686
5,3,0.3737683809139538,0.586086827494686
5,3,0.3737683809139538,0.586086827494686
5,3,0.3354614938759015,0.586086827494686
5,3,0.3354614938759015,0.5461554255705638
5,3,0.3354614938759015,0.586086827494686
5,3,0.2971546068378492,0.5461554255705638
5,3,0.3354614938759015,0.5461554255705638
5,3,0.3354614938759015,0.5461554255705638
5,3,0.2971546068378492,0.5461554255705638
5,3,0.2971546068378492,0.5062240236464413
5,3,0.4503821549900575,0.7058810332670524
5,3,0.4120752679520052,0.7058810332670524
5,3,0.4120752679520052,0.6659496313429303
5,3,0.4120752679520052,0.7058810332670524
5,3,0.3737683809139538,0.6659496313429303
5,3,0.4120752679520052,0.6659496313429303
5,3,0.4120752679520052,0.6659496313429303
5,3,0.3737683809139538,0.6659496313429303
5,3,0.3737683809139538,0.6260182294188081
5,3,0.3737683809139538,0.6659496313429303
5,3,0.3354614938759015,0.6260182294188081
5,3,0.3737683809139538,0.6260182294188081
5,3,0.3737683809139538,0.6260182294188081
5,3,0.3354614938759015,0.6260182294188081
5,3,0.3354614938759015,0.586086827494686
5,3,0.3354614938759015,0.6260182294188081
5,3,0.2971546068378492,0.586086827494686
5,3,0.3354614938759015,0.586086827494686
5,3,0.3354614938759015,0.586086827494686
5,3,0.2971546068378492,0.586086827494686
5,3,0.2971546068378492,0.5461554255705638
5,3,0.4120752679520052,0.7058810332670524
5,3,0.3737683809139538,0.7058810332670524
5,3,0.3737683809139538,0.6659496313429303
5,3,0.3737683809139538,0.7058810332670524
5,3,0.3354614938759015,0.6659496313429303
5,3,0.3737683809139538,0.6659496313429303
5,3,0.3737683809139538,0.6659496313429303
5,3,0.3354614938759015,0.6659496313429303
5,3,0.3354614938759015,0.6260182294188081
5,3,0.3354614938759015,0.6659496313429303
5,3,0.2971546068378492,0.6260182294188081
5,3,0.3354614938759015,0.6260182294188081
5,3,0.3354614938759015,0.6260182294188081
5,3,0.2971546068378492,0.6260182294188081
5,3,0.2971546068378492,0.586086827494686
5,3,0.3737683809139538,0.7058810332670524
5,3,0.3354614938759015,0.7058810332670524
5,3,0.3354614938759015,0.6659496313429303
5,3,0.3354614938759015,0.7058810332670524
5,3,0.2971546068378492,0.6659496313429303
5,3,0.3354614938759015,0.6659496313429303
5,3,0.3354614938759015,0.6659496313429303
5,3,0.2971546068378492,0.6659496313429303
5,3,0.2971546068378492,0.6260182294188081
5,3,0.3354614938759015,0.7058810332670524
5,3,0.2971546068378492,0.7058810332670524
5,3,0.2971546068378492,0.6659496313429303
5,3,0.2971546068378492,0.42636121979819697
5,3,0.3354614938759015,0.42636121979819697
5,3,0.3354614938759015,0.4662926217223191
5,3,0.3354614938759015,0.42636121979819697
5,3,0.3737683809139538,0.4662926217223191
5,3,0.3354614938759015,0.4662926217223191
5,3,0.3354614938759015,0.4662926217223191
5,3,0.3737683809139538,0.4662926217223191
5,3,0.3737683809139538,0.5062240236464413
5,3,0.3737683809139538,0.4662926217223191
5,3,0.4120752679520052,0.5062240236464413
5,3,0.3737683809139538,0.5062240236464413
5,3,0.3737683809139538,0.5062240236464413
5,3,0.4120752679520052,0.5062240236464413
5,3,0.4120752679520052,0.5461554255705638
5,3,0.4120752679520052,0.5062240236464413
5,3,0.4503821549900575,0.5461554255705638
5,3,0.4120752679520052,0.5461554255705638
5,3,0.4120752679520052,0.5461554255705638
5,3,0.4503821549900575,0.5461554255705638
5,3,0.4503821549900575,0.586086827494686
5,3,0.4503821549900575,0.5461554255705638
5,3,0.4886890420281098,0.586086827494686
5,3,0.4503821549900575,0.586086827494686
5,3,0.4503821549900575,0.586086827494686
5,3,0.4886890420281098,0.586086827494686
5,3,0.4886890420281098,0.6260182294188081
5,3,0.4886890420281098,0.586086827494686
5,3,0.5269959290661621,0.6260182294188081
5,3,0.4886890420281098,0.6260182294188081
5,3,0.4886890420281098,0.6260182294188081
5,3,0.5269959290661621,0.6260182294188081
5,3,0.5269959290661621,0.6659496313429303
5,3,0.5269959290661621,0.6260182294188081
5,3,0.5653028161042135,0.6659496313429303
5,3,0.5269959290661621,0.6659496313429303
5,3,0.5269959290661621,0.6659496313429303
5,3,0.5653028161042135,0.6659496313429303
5,3,0.5653028161042135,0.7058810332670524
5,3,0.3354614938759015,0.42636121979819697
5,3,0.3737683809139538,0.42636121979819697
5,3,0.3737683809139538,0.4662926217223191
5,3,0.3737683809139538,0.42636121979819697
5,3,0.4120752679520052,0.4662926217223191
5,3,0.3737683809139538,0.4662926217223191
5,3,0.3737683809139538,0.4662926217223191
5,3,0.4120752679520052,0.4662926217223191
5,3,0.4120752679520052,0.5062240236464413
5,3,0.4120752679520052,0.4662926217223191
5,3,0.4503821549900575,0.5062240236464413
5,3,0.4120752679520052,0.5062240236464413
5,3,0.4120752679520052,0.5062240236464413
5,3,0.4503821549900575,0.5062240236464413
5,3,0.4503821549900575,0.5461554255705638
5,3,0.4503821549900575,0.5062240236464413
5,3,0.4886890420281098,0.5461554255705638
5,3,0.4503821549900575,0.5461554255705638
5,3,0.4503821549900575,0.5461554255705638
5,3,0.4886890420281098,0.5461554255705638
5,3,0.4886890420281098,0.586086827494686
5,3,0.4886890420281098,0.5461554255705638
5,3,0.5269959290661621,0.586086827494686
5,3,0.4886890420281098,0.586086827494686
5,3,0.4886890420281098,0.586086827494686
5,3,0.5269959290661621,0.586086827494686
5,3,0.5269959290661621,0.6260182294188081
5,3,0.5269959290661621,0.586086827494686
5,3,0.5653028161042135,0.6260182294188081
5,3,0.5269959290661621,0.6260182294188081
5,3,0.5269959290661621,0.6260182294188081
5,3,0.5653028161042135,0.6260182294188081
5,3,0.5653028161042135,0.6659496313429303
5,3,0.3737683809139538,0.42636121979819697
5,3,0.4120752679520052,0.42636121979819697
5,3,0.4120752679520052,0.4662926217223191
5,3,0.4120752679520052,0.42636121979819697
5,3,0.4503821549900575,0.4662926217223191
5,3,0.4120752679520052,0.4662926217223191
5,3,0.4120752679520052,0.4662926217223191
5,3,0.4503821549900575,0.4662926217223191
5,3,0.4503821549900575,0.5062240236464413
5,3,0.4503821549900575,0.4662926217223191
5,3,0.4886890420281098,0.5062240236464413
5,3,0.4503821549900575,0.5062240236464413
5,3,0.4503821549900575,0.5062240236464413
5,3,0.4886890420281098,0.5062240236464413
5,3,0.4886890420281098,0.5461554255705638
5,3,0.4886890420281098,0.5062240236464413
5,3,0.5269959290661621,0.5461554255705638
5,3,0.4886890420281098,0.5461554255705638
5,3,0.4886890420281098,0.5461554255705638
5,3,0.5269959290661621,0.5461554255705638
5,3,0.5269959290661621,0.586086827494686
5,3,0.5269959290661621,0.5461554255705638
5,3,0.5653028161042135,0.586086827494686
5,3,0.5269959290661621,0.586086827494686
5,3,0.5269959290661621,0.586086827494686
5,3,0.5653028161042135,0.586086827494686
5,3,0.5653028161042135,0.6260182294188081
5,3,0.4120752679520052,0.42636121979819697
5,3,0.4503821549900575,0.42636121979819697
5,3,0.4503821549900575,0.4662926217223191
5,3,0.4503821549900575,0.42636121979819697
5,3,0.4886890420281098,0.4662926217223191
5,3,0.4503821549900575,0.4662926217223191
5,3,0.4503821549900575,0.4662926217223191
5,3,0.4886890420281098,0.4662926217223191
5,3,0.4886890420281098,0.5062240236464413
5,3,0.4886890420281098,0.4662926217223191
5,3,0.5269959290661621,0.5062240236464413
5,3,0.4886890420281098,0.5062240236464413
5,3,0.4886890420281098,0.5062240236464413
5,3,0.5269959290661621,0.5062240236464413
5,3,0.5269959290661621,0.5461554255705638
5,3,0.5269959290661621,0.5062240236464413
5,3,0.5653028161042135,0.5461554255705638
5,3,0.5269959290661621,0.5461554255705638
5,3,0.5269959290661621,0.5461554255705638
5,3,0.5653028161042135,0.5461554255705638
5,3,0.5653028161042135,0.586086827494686
5,3,0.4503821549900575,0.42636121979819697
5,3,0.4886890420281098,0.42636121979819697
5,3,0.4886890420281098,0.4662926217223191
5,3,0.4886890420281098,0.42636121979819697
5,3,0.5269959290661621,0.4662926217223191
5,3,0.4886890420281098,0.4662926217223191
5,3,0.4886890420281098,0.4662926217223191
5,3,0.5269959290661621,0.4662926217223191
5,3,0.5269959290661621,0.5062240236464413
5,3,0.5269959290661621,0.4662926217223191
5,3,0.5653028161042135,0.5062240236464413
5,3,0.5269959290661621,0.5062240236464413
5,3,0.5269959290661621,0.5062240236464413
5,3,0.5653028161042135,0.5062240236464413
5,3,0.5653028161042135,0.5461554255705638
5,3,0.4886890420281098,0.42636121979819697
5,3,0.5269959290661621,0.42636121979819697
5,3,0.5269959290661621,0.4662926217223191
5,3,0.5269959290661621,0.42636121979819697
5,3,0.5653028161042135,0.4662926217223191
5,3,0.5269959290661621,0.4662926217223191
5,3,0.5269959290661621,0.4662926217223191
5,3,0.5653028161042135,0.4662926217223191
5,3,0.5653028161042135,0.5062240236464413
5,3,0.5269959290661621,0.42636121979819697
5,3,0.5653028161042135,0.42636121979819697
5,3,0.5653028161042135,0.4662926217223191
5,3,0.3600000000000003,0.3599999999999999
5,3,0.2905586744150943,0.2772505756981132
5,3,0.2905586744150943,0.4427494243018866
5,3,0.42944132558490633,0.2772505756981132
5,3,0.42944132558490633,0.4427494243018866
5,3,0.4970677291419152,0.4989847603187245
5,3,0.4587476452254666,0.4989847603187245
5,3,0.4587476452254666,0.45905573952173917
5,3,0.4587476452254666,0.4989847603187245
5,3,0.42042756130901804,0.45905573952173917
5,3,0.4587476452254666,0.45905573952173917
5,3,0.4587476452254666,0.45905573952173917
5,3,0.42042756130901804,0.45905573952173917
5,3,0.42042756130901804,0.4191267187247538
5,3,0.42042756130901804,0.45905573952173917
5,3,0.38210747739256945,0.4191267187247538
5,3,0.42042756130901804,0.4191267187247538
5,3,0.42042756130901804,0.4191267187247538
5,3,0.38210747739256945,0.4191267187247538
5,3,0.38210747739256945,0.3791976979277685
5,3,0.38210747739256945,0.4191267187247538
5,3,0.34378739347612175,0.3791976979277685
5,3,0.38210747739256945,0.3791976979277685
5,3,0.38210747739256945,0.3791976979277685
5,3,0.34378739347612175,0.3791976979277685
5,3,0.34378739347612175,0.3392686771307831
5,3,0.34378739347612175,0.3791976979277685
5,3,0.30546730955967316,0.3392686771307831
5,3,0.34378739347612175,0.3392686771307831
5,3,0.34378739347612175,0.3392686771307831
5,3,0.30546730955967316,0.3392686771307831
5,3,0.30546730955967316,0.2993396563337978
5,3,0.30546730955967316,0.3392686771307831
5,3,0.2671472256432246,0.2993396563337978
5,3,0.30546730955967316,0.2993396563337978
5,3,0.30546730955967316,0.2993396563337978
5,3,0.2671472256432246,0.2993396563337978
5,3,0.2671472256432246,0.25941063553681243
5,3,0.2671472256432246,0.2993396563337978
5,3,0.22882714172677687,0.25941063553681243
5,3,0.2671472256432246,0.25941063553681243
5,3,0.2671472256432246,0.25941063553681243
5,3,0.22882714172677687,0.25941063553681243
5,3,0.22882714172677687,0.21948161473982708
5,3,0.4587476452254666,0.4989847603187245
5,3,0.42042756130901804,0.4989847603187245
5,3,0.42042756130901804,0.45905573952173917
5,3,0.42042756130901804,0.4989847603187245
5,3,0.38210747739256945,0.45905573952173917
5,3,0.42042756130901804,0.45905573952173917
5,3,0.42042756130901804,0.45905573952173917
5,3,0.38210747739256945,0.45905573952173917
5,3,0.38210747739256945,0.4191267187247538
5,3,0.38210747739256945,0.45905573952173917
5,3,0.34378739347612175,0.4191267187247538
5,3,0.38210747739256945,0.4191267187247538
5,3,0.38210747739256945,0.4191267187247538
5,3,0.34378739347612175,0.4191267187247538
5,3,0.34378739347612175,0.3791976979277685
5,3,0.34378739347612175,0.4191267187247538
5,3,0.30546730955967316,0.3791976979277685
5,3,0.34378739347612175,0.3791976979277685
5,3,0.34378739347612175,0.3791976979277685
5,3,0.30546730955967316,0.3791976979277685
5,3,0.30546730955967316,0.3392686771307831
5,3,0.30546730955967316,0.3791976979277685
5,3,0.2671472256432246,0.3392686771307831
5,3,0.30546730955967316,0.3392686771307831
5,3,0.30546730955967316,0.3392686771307831
5,3,0.2671472256432246,0.3392686771307831
5,3,0.2671472256432246,0.2993396563337978
5,3,0.2671472256432246,0.3392686771307831
5,3,0.22882714172677687,0.2993396563337978
5,3,0.2671472256432246,0.2993396563337978
5,3,0.2671472256432246,0.2993396563337978
5,3,0.22882714172677687,0.2993396563337978
5,3,0.22882714172677687,0.25941063553681243
5,3,0.42042756130901804,0.4989847603187245
5,3,0.38210747739256945,0.4989847603187245
5,3,0.38210747739256945,0.45905573952173917
5,3,0.38210747739256945,0.4989847603187245
5,3,0.34378739347612175,0.45905573952173917
5,3,0.38210747739256945,0.45905573952173917
5,3,0.38210747739256945,0.45905573952173917
5,3,0.34378739347612175,0.45905573952173917
5,3,0.34378739347612175,0.4191267187247538
5,3,0.34378739347612175,0.45905573952173917
5,3,0.30546730955967316,0.4191267187247538
5,3,0.34378739347612175,0.4191267187247538
5,3,0.34378739347612175,0.4191267187247538
5,3,0.30546730955967316,0.4191267187247538
5,3,0.30546730955967316,0.3791976979277685
5,3,0.30546730955967316,0.4191267187247538
5,3,0.2671472256432246,0.3791976979277685
5,3,0.30546730955967316,0.3791976979277685
5,3,0.30546730955967316,0.3791976979277685
5,3,0.2671472256432246,0.3791976979277685
5,3,0.2671472256432246,0.3392686771307831
5,3,0.2671472256432246,0.3791976979277685
5,3,0.22882714172677687,0.3392686771307831
5,3,0.2671472256432246,0.3392686771307831
5,3,0.2671472256432246,0.3392686771307831
5,3,0.22882714172677687,0.3392686771307831
5,3,0.22882714172677687,0.2993396563337978
5,3,0.38210747739256945,0.4989847603187245
5,3,0.34378739347612175,0.4989847603187245
5,3,0.34378739347612175,0.45905573952173917
5,3,0.34378739347612175,0.4989847603187245
5,3,0.30546730955967316,0.45905573952173917
5,3,0.34378739347612175,0.45905573952173917
5,3,0.34378739347612175,0.45905573952173917
5,3,0.30546730955967316,0.45905573952173917
5,3,0.30546730955967316,0.4191267187247538
5,3,0.30546730955967316,0.45905573952173917
5,3,0.2671472256432246,0.4191267187247538
5,3,0.30546730955967316,0.4191267187247538
5,3,0.30546730955967316,0.4191267187247538
5,3,0.2671472256432246,0.4191267187247538
5,3,0.2671472256432246,0.3791976979277685
5,3,0.2671472256432246,0.4191267187247538
5,3,0.22882714172677687,0.3791976979277685
5,3,0.2671472256432246,0.3791976979277685
5,3,0.2671472256432246,0.3791976979277685
5,3,0.22882714172677687,0.3791976979277685
5,3,0.22882714172677687,0.3392686771307831
5,3,0.34378739347612175,0.4989847603187245
5,3,0.30546730955967316,0.4989847603187245
5,3,0.30546730955967316,0.45905573952173917
5,3,0.30546730955967316,0.4989847603187245
5,3,0.2671472256432246,0.45905573952173917
5,3,0.30546730955967316,0.45905573952173917
5,3,0.30546730955967316,0.45905573952173917
5,3,0.2671472256432246,0.45905573952173917
5,3,0.2671472256432246,0.4191267187247538
5,3,0.2671472256432246,0.45905573952173917
5,3,0.22882714172677687,0.4191267187247538
5,3,0.2671472256432246,0.4191267187247538
5,3,0.2671472256432246,0.4191267187247538
5,3,0.22882714172677687,0.4191267187247538
5,3,0.22882714172677687,0.3791976979277685
5,3,0.30546730955967316,0.4989847603187245
5,3,0.2671472256432246,0.4989847603187245
5,3,0.2671472256432246,0.45905573952173917
5,3,0.2671472256432246,0.4989847603187245
5,3,0.22882714172677687,0.45905573952173917
5,3,0.2671472256432246,0.45905573952173917
5,3,0.2671472256432246,0.45905573952173917
5,3,0.22882714172677687,0.45905573952173917
5,3,0.22882714172677687,0.4191267187247538
5,3,0.2671472256432246,0.4989847603187245
5,3,0.22882714172677687,0.4989847603187245
5,3,0.22882714172677687,0.45905573952173917
5,3,0.22882714172677687,0.21948161473982708
5,3,0.2671472256432246,0.21948161473982708
5,3,0.2671472256432246,0.25941063553681243
5,3,0.2671472256432246,0.21948161473982708
5,3,0.30546730955967316,0.25941063553681243
5,3,0.2671472256432246,0.25941063553681243
5,3,0.2671472256432246,0.25941063553681243
5,3,0.30546730955967316,0.25941063553681243
5,3,0.30546730955967316,0.2993396563337978
5,3,0.30546730955967316,0.25941063553681243
5,3,0.34378739347612175,0.2993396563337978
5,3,0.30546730955967316,0.2993396563337978
5,3,0.30546730955967316,0.2993396563337978
5,3,0.34378739347612175,0.2993396563337978
5,3,0.34378739347612175,0.3392686771307831
5,3,0.34378739347612175,0.2993396563337978
5,3,0.38210747739256945,0.3392686771307831
5,3,0.34378739347612175,0.3392686771307831
5,3,0.34378739347612175,0.3392686771307831
5,3,0.38210747739256945,0.3392686771307831
5,3,0.38210747739256945,0.3791976979277685
5,3,0.38210747739256945,0.3392686771307831
5,3,0.42042756130901804,0.3791976979277685
5,3,0.38210747739256945,0.3791976979277685
5,3,0.38210747739256945,0.3791976979277685
5,3,0.42042756130901804,0.3791976979277685
5,3,0.42042756130901804,0.4191267187247538
5,3,0.42042756130901804,0.3791976979277685
5,3,0.4587476452254666,0.4191267187247538
5,3,0.42042756130901804,0.4191267187247538
5,3,0.42042756130901804,0.4191267187247538
5,3,0.4587476452254666,0.4191267187247538
5,3,0.4587476452254666,0.45905573952173917
5,3,0.4587476452254666,0.4191267187247538
5,3,0.4970677291419152,0.45905573952173917
5,3,0.4587476452254666,0.45905573952173917
5,3,0.4587476452254666,0.45905573952173917
5,3,0.4970677291419152,0.45905573952173917
5,3,0.4970677291419152,0.4989847603187245
5,3,0.2671472256432246,0.21948161473982708
5,3,0.30546730955967316,0.21948161473982708
5,3,0.30546730955967316,0.25941063553681243
5,3,0.30546730955967316,0.21948161473982708
5,3,0.34378739347612175,0.25941063553681243
5,3,0.30546730955967316,0.25941063553681243
5,3,0.30546730955967316,0.25941063553681243
5,3,0.34378739347612175,0.25941063553681243
5,3,0.34378739347612175,0.2993396563337978
5,3,0.34378739347612175,0.25941063553681243
5,3,0.38210747739256945,0.2993396563337978
5,3,0.34378739347612175,0.2993396563337978
5,3,0.34378739347612175,0.2993396563337978
5,3,0.38210747739256945,0.2993396563337978
5,3,0.38210747739256945,0.3392686771307831
5,3,0.38210747739256945,0.2993396563337978
5,3,0.42042756130901804,0.3392686771307831
5,3,0.38210747739256945,0.3392686771307831
5,3,0.38210747739256945,0.3392686771307831
5,3,0.42042756130901804,0.3392686771307831
5,3,0.42042756130901804,0.3791976979277685
5,3,0.42042756130901804,0.3392686771307831
5,3,0.4587476452254666,0.3791976979277685
5,3,0.42042756130901804,0.3791976979277685
5,3,0.42042756130901804,0.3791976979277685
5,3,0.4587476452254666,0.3791976979277685
5,3,0.4587476452254666,0.4191267187247538
5,3,0.4587476452254666,0.3791976979277685
5,3,0.4970677291419152,0.4191267187247538
5,3,0.4587476452254666,0.4191267187247538
5,3,0.4587476452254666,0.4191267187247538
5,3,0.4970677291419152,0.4191267187247538
5,3,0.4970677291419152,0.45905573952173917
5,3,0.30546730955967316,0.21948161473982708
5,3,0.34378739347612175,0.21948161473982708
5,3,0.34378739347612175,0.25941063553681243
5,3,0.34378739347612175,0.21948161473982708
5,3,0.38210747739256945,0.25941063553681243
5,3,0.34378739347612175,0.25941063553681243
5,3,0.34378739347612175,0.25941063553681243
5,3,0.38210747739256945,0.25941063553681243
5,3,0.38210747739256945,0.2993396563337978
5,3,0.38210747739256945,0.25941063553681243
5,3,0.42042756130901804,0.2993396563337978
5,3,0.38210747739256945,0.2993396563337978
5,3,0.38210747739256945,0.2993396563337978
5,3,0.42042756130901804,0.2993396563337978
5,3,0.42042756130901804,0.3392686771307831
5,3,0.42042756130901804,0.2993396563337978
5,3,0.4587476452254666,0.3392686771307831
5,3,0.42042756130901804,0.3392686771307831
5,3,0.42042756130901804,0.3392686771307831
5,3,0.4587476452254666,0.3392686771307831
5,3,0.4587476452254666,0.3791976979277685
5,3,0.4587476452254666,0.3392686771307831
5,3,0.4970677291419152,0.3791976979277685
5,3,0.4587476452254666,0.3791976979277685
5,3,0.4587476452254666,0.3791976979277685
5,3,0.4970677291419152,0.3791976979277685
5,3,0.4970677291419152,0.4191267187247538
5,3,0.34378739347612175,0.21948161473982708
5,3,0.38210747739256945,0.21948161473982708
5,3,0.38210747739256945,0.25941063553681243
5,3,0.38210747739256945,0.21948161473982708
5,3,0.42042756130901804,0.25941063553681243
5,3,0.38210747739256945,0.25941063553681243
5,3,0.38210747739256945,0.25941063553681243
5,3,0.42042756130901804,0.25941063553681243
5,3,0.42042756130901804,0.2993396563337978
5,3,0.42042756130901804,0.25941063553681243
5,3,0.4587476452254666,0.2993396563337978
5,3,0.42042756130901804,0.2993396563337978
5,3,0.42042756130901804,0.2993396563337978
5,3,0.4587476452254666,0.2993396563337978
5,3,0.4587476452254666,0.3392686771307831
5,3,0.4587476452254666,0.2993396563337978
5,3,0.4970677291419152,0.3392686771307831
5,3,0.4587476452254666,0.3392686771307831
5,3,0.4587476452254666,0.3392686771307831
5,3,0.4970677291419152,0.3392686771307831
5,3,0.4970677291419152,0.3791976979277685
5,3,0.38210747739256945,0.21948161473982708
5,3,0.42042756130901804,0.21948161473982708
5,3,0.42042756130901804,0.25941063553681243
5,3,0.42042756130901804,0.21948161473982708
5,3,0.4587476452254666,0.25941063553681243
5,3,0.42042756130901804,0.25941063553681243
5,3,0.42042756130901804,0.25941063553681243
5,3,0.4587476452254666,0.25941063553681243
5,3,0.4587476452254666,0.2993396563337978
5,3,0.4587476452254666,0.25941063553681243
5,3,0.4970677291419152,0.2993396563337978
5,3,0.4587476452254666,0.2993396563337978
5,3,0.4587476452254666,0.2993396563337978
5,3,0.4970677291419152,0.2993396563337978
5,3,0.4970677291419152,0.3392686771307831
5,3,0.42042756130901804,0.21948161473982708
5,3,0.4587476452254666,0.21948161473982708
5,3,0.4587476452254666,0.25941063553681243
5,3,0.4587476452254666,0.21948161473982708
5,3,0.4970677291419152,0.25941063553681243
5,3,0.4587476452254666,0.25941063553681243
5,3,0.4587476452254666,0.25941063553681243
5,3,0.4970677291419152,0.25941063553681243
5,3,0.4970677291419152,0.2993396563337978
5,3,0.4587476452254666,0.21948161473982708
5,3,0.4970677291419152,0.21948161473982708
5,3,0.4970677291419152,0.25941063553681243
6,3,0.0600000000000005,0.6400000000000001
5,3,0.9905586744150945,0.5572505756981134
5,3,0.9905586744150945,0.7227494243018868
6,3,0.1294413255849065,0.5572505756981134
6,3,0.1294413255849065,0.7227494243018868
6,3,0.1958119216055243,0.7761977509282669
6,3,0.15750458170461545,0.7761977509282669
6,3,0.15750458170461545,0.7362575262150353
6,3,0.15750458170461545,0.7761977509282669
6,3,0.11919724180370661,0.7362575262150353
6,3,0.15750458170461545,0.7362575262150353
6,3,0.15750458170461545,0.7362575262150353
6,3,0.11919724180370661,0.7362575262150353
6,3,0.11919724180370661,0.6963173015018036
6,3,0.11919724180370661,0.7362575262150353
6,3,0.08088990190279866,0.6963173015018036
6,3,0.11919724180370661,0.6963173015018036
6,3,0.11919724180370661,0.6963173015018036
6,3,0.08088990190279866,0.6963173015018036
6,3,0.08088990190279866,0.6563770767885719
6,3,0.08088990190279866,0.6963173015018036
6,3,0.04258256200188981,0.6563770767885719
6,3,0.08088990190279866,0.6563770767885719
6,3,0.08088990190279866,0.6563770767885719
6,3,0.04258256200188981,0.6563770767885719
6,3,0.04258256200188981,0.6164368520753403
6,3,0.04258256200188981,0.6563770767885719
6,3,0.004275222100980969,0.6164368520753403
6,3,0.04258256200188981,0.6164368520753403
6,3,0.04258256200188981,0.6164368520753403
6,3,0.004275222100980969,0.6164368520753403
6,3,0.004275222100980969,0.5764966273621086
6,3,0.004275222100980969,0.6164368520753403
5,3,0.9659678822000721,0.5764966273621086
6,3,0.004275222100980969,0.5764966273621086
6,3,0.004275222100980969,0.5764966273621086
5,3,0.9659678822000721,0.5764966273621086
5,3,0.9659678822000721,0.5365564026488769
5,3,0.9659678822000721,0.5764966273621086
5,3,0.9276605422991633,0.5365564026488769
5,3,0.9659678822000721,0.5365564026488769
5,3,0.9659678822000721,0.5365564026488769
5,3,0.9276605422991633,0.5365564026488769
5,3,0.9276605422991633,0.4966161779356453
6,3,0.15750458170461545,0.7761977509282669
6,3,0.11919724180370661,0.7761977509282669
6,3,0.11919724180370661,0.7362575262150353
6,3,0.11919724180370661,0.7761977509282669
6,3,0.08088990190279866,0.7362575262150353
6,3,0.11919724180370661,0.7362575262150353
6,3,0.11919724180370661,0.7362575262150353
6,3,0.08088990190279866,0.7362575262150353
6,3,0.08088990190279866,0.6963173015018036
6,3,0.08088990190279866,0.7362575262150353
6,3,0.04258256200188981,0.6963173015018036
6,3,0.08088990190279866,0.6963173015018036
6,3,0.08088990190279866,0.6963173015018036
6,3,0.04258256200188981,0.6963173015018036
6,3,0.04258256200188981,0.6563770767885719
6,3,0.04258256200188981,0.6963173015018036
6,3,0.004275222100980969,0.6563770767885719
6,3,0.04258256200188981,0.6563770767885719
6,3,0.04258256200188981,0.6563770767885719
6,3,0.004275222100980969,0.6563770767885719
6,3,0.004275222100980969,0.6164368520753403
6,3,0.004275222100980969,0.6563770767885719
5,3,0.9659678822000721,0.6164368520753403
6,3,0.004275222100980969,0.6164368520753403
6,3,0.004275222100980969,0.6164368520753403
5,3,0.9659678822000721,0.6164368520753403
5,3,0.9659678822000721,0.5764966273621086
5,3,0.9659678822000721,0.6164368520753403
5,3,0.9276605422991633,0.5764966273621086
5,3,0.9659678822000721,0.5764966273621086
5,3,0.9659678822000721,0.5764966273621086
5,3,0.9276605422991633,0.5764966273621086
5,3,0.9276605422991633,0.5365564026488769
6,3,0.11919724180370661,0.7761977509282669
6,3,0.08088990190279866,0.7761977509282669
6,3,0.08088990190279866,0.7362575262150353
6,3,0.08088990190279866,0.7761977509282669
6,3,0.04258256200188981,0.7362575262150353
6,3,0.08088990190279866,0.7362575262150353
6,3,0.08088990190279866,0.7362575262150353
6,3,0.04258256200188981,0.7362575262150353
6,3,0.04258256200188981,0.6963173015018036
6,3,0.04258256200188981,0.7362575262150353
6,3,0.004275222100980969,0.6963173015018036
6,3,0.04258256200188981,0.6963173015018036
6,3,0.04258256200188981,0.6963173015018036
6,3,0.004275222100980969,0.6963173015018036
6,3,0.004275222100980969,0.6563770767885719
6,3,0.004275222100980969,0.6963173015018036
5,3,0.9659678822000721,0.6563770767885719
6,3,0.004275222100980969,0.6563770767885719
6,3,0.004275222100980969,0.6563770767885719
5,3,0.9659678822000721,0.6563770767885719
5,3,0.9659678822000721,0.6164368520753403
5,3,0.9659678822000721,0.6563770767885719
5,3,0.9276605422991633,0.6164368520753403
5,3,0.9659678822000721,0.6164368520753403
5,3,0.9659678822000721,0.6164368520753403
5,3,0.9276605422991633,0.6164368520753403
5,3,0.9276605422991633,0.5764966273621086
6,3,0.08088990190279866,0.7761977509282669
6,3,0.04258256200188981,0.7761977509282669
6,3,0.04258256200188981,0.7362575262150353
6,3,0.04258256200188981,0.7761977509282669
6,3,0.004275222100980969,0.7362575262150353
6,3,0.04258256200188981,0.7362575262150353
6,3,0.04258256200188981,0.7362575262150353
6,3,0.004275222100980969,0.7362575262150353
6,3,0.004275222100980969,0.6963173015018036
6,3,0.004275222100980969,0.7362575262150353
5,3,0.9659678822000721,0.6963173015018036
6,3,0.004275222100980969,0.6963173015018036
6,3,0.004275222100980969,0.6963173015018036
5,3,0.9659678822000721,0.6963173015018036
5,3,0.9659678822000721,0.6563770767885719
5,3,0.9659678822000721,0.6963173015018036
5,3,0.9276605422991633,0.6563770767885719
5,3,0.9659678822000721,0.6563770767885719
5,3,0.9659678822000721,0.6563770767885719
5,3,0.9276605422991633,0.6563770767885719
5,3,0.9276605422991633,0.6164368520753403
6,3,0.04258256200188981,0.7761977509282669
6,3,0.004275222100980969,0.7761977509282669
6,3,0.004275222100980969,0.7362575262150353
6,3,0.004275222100980969,0.7761977509282669
5,3,0.9659678822000721,0.7362575262150353
6,3,0.004275222100980969,0.7362575262150353
6,3,0.004275222100980969,0.7362575262150353
5,3,0.9659678822000721,0.7362575262150353
5,3,0.9659678822000721,0.6963173015018036
5,3,0.9659678822000721,0.7362575262150353
5,3,0.9276605422991633,0.6963173015018036
5,3,0.9659678822000721,0.6963173015018036
5,3,0.9659678822000721,0.6963173015018036
5,3,0.9276605422991633,0.6963173015018036
5,3,0.9276605422991633,0.6563770767885719
6,3,0.004275222100980969,0.7761977509282669
5,3,0.9659678822000721,0.7761977509282669
5,3,0.9659678822000721,0.7362575262150353
5,3,0.9659678822000721,0.7761977509282669
5,3,0.9276605422991633,0.7362575262150353
5,3,0.9659678822000721,0.7362575262150353
5,3,0.9659678822000721,0.7362575262150353
5,3,0.9276605422991633,0.7362575262150353
5,3,0.9276605422991633,0.6963173015018036
5,3,0.9659678822000721,0.7761977509282669
5,3,0.9276605422991633,0.7761977509282669
5,3,0.9276605422991633,0.7362575262150353
5,3,0.9276605422991633,0.4966161779356453
5,3,0.9659678822000721,0.4966161779356453
5,3,0.9659678822000721,0.5365564026488769
5,3,0.9659678822000721,0.4966161779356453
6,3,0.004275222100980969,0.5365564026488769
5,3,0.9659678822000721,0.5365564026488769
5,3,0.9659678822000721,0.5365564026488769
6,3,0.004275222100980969,0.5365564026488769
6,3,0.004275222100980969,0.5764966273621086
6,3,0.004275222100980969,0.5365564026488769
6,3,0.04258256200188981,0.5764966273621086
6,3,0.004275222100980969,0.5764966273621086
6,3,0.004275222100980969,0.5764966273621086
6,3,0.04258256200188981,0.5764966273621086
6,3,0.04258256200188981,0.6164368520753403
6,3,0.04258256200188981,0.5764966273621086
6,3,0.08088990190279866,0.6164368520753403
6,3,0.04258256200188981,0.6164368520753403
6,3,0.04258256200188981,0.6164368520753403
6,3,0.08088990190279866,0.6164368520753403
6,3,0.08088990190279866,0.6563770767885719
6,3,0.08088990190279866,0.6164368520753403
6,3,0.11919724180370661,0.6563770767885719
6,3,0.08088990190279866,0.6563770767885719
6,3,0.08088990190279866,0.6563770767885719
6,3,0.11919724180370661,0.6563770767885719
6,3,0.11919724180370661,0.6963173015018036
6,3,0.11919724180370661,0.6563770767885719
6,3,0.15750458170461545,0.6963173015018036
6,3,0.11919724180370661,0.6963173015018036
6,3,0.11919724180370661,0.6963173015018036
6,3,0.15750458170461545,0.6963173015018036
6,3,0.15750458170461545,0.7362575262150353
6,3,0.15750458170461545,0.6963173015018036
6,3,0.1958119216055243,0.7362575262150353
6,3,0.15750458170461545,0.7362575262150353
6,3,0.15750458170461545,0.7362575262150353
6,3,0.1958119216055243,0.7362575262150353
6,3,0.1958119216055243,0.7761977509282669
5,3,0.9659678822000721,0.4966161779356453
6,3,0.004275222100980969,0.4966161779356453
6,3,0.004275222100980969,0.5365564026488769
6,3,0.004275222100980969,0.4966161779356453
6,3,0.04258256200188981,0.5365564026488769
6,3,0.004275222100980969,0.5365564026488769
6,3,0.004275222100980969,0.5365564026488769
6,3,0.04258256200188981,0.5365564026488769
6,3,0.04258256200188981,0.5764966273621086
6,3,0.04258256200188981,0.5365564026488769
6,3,0.08088990190279866,0.5764966273621086
6,3,0.04258256200188981,0.5764966273621086
6,3,0.04258256200188981,0.5764966273621086
6,3,0.08088990190279866,0.5764966273621086
6,3,0.08088990190279866,0.6164368520753403
6,3,0.08088990190279866,0.5764966273621086
6,3,0.11919724180370661,0.6164368520753403
6,3,0.08088990190279866,0.6164368520753403
6,3,0.08088990190279866,0.6164368520753403
6,3,0.11919724180370661,0.6164368520753403
6,3,0.11919724180370661,0.6563770767885719
6,3,0.11919724180370661,0.6164368520753403
6,3,0.15750458170461545,0.6563770767885719
6,3,0.11919724180370661,0.6563770767885719
6,3,0.11919724180370661,0.6563770767885719
6,3,0.15750458170461545,0.6563770767885719
6,3,0.15750458170461545,0.6963173015018036
6,3,0.15750458170461545,0.6563770767885719
6,3,0.1958119216055243,0.6963173015018036
6,3,0.15750458170461545,0.6963173015018036
6,3,0.15750458170461545,0.6963173015018036
6,3,0.1958119216055243,0.6963173015018036
6,3,0.1958119216055243,0.7362575262150353
6,3,0.004275222100980969,0.4966161779356453
6,3,0.04258256200188981,0.4966161779356453
6,3,0.04258256200188981,0.5365564026488769
6,3,0.04258256200188981,0.4966161779356453
6,3,0.08088990190279866,0.5365564026488769
6,3,0.04258256200188981,0.5365564026488769
6,3,0.04258256200188981,0.5365564026488769
6,3,0.08088990190279866,0.5365564026488769
6,3,0.08088990190279866,0.5764966273621086
6,3,0.08088990190279866,0.5365564026488769
6,3,0.11919724180370661,0.5764966273621086
6,3,0.08088990190279866,0.5764966273621086
6,3,0.08088990190279866,0.5764966273621086
6,3,0.11919724180370661,0.5764966273621086
6,3,0.11919724180370661,0.6164368520753403
6,3,0.11919724180370661,0.5764966273621086
6,3,0.15750458170461545,0.6164368520753403
6,3,0.11919724180370661,0.6164368520753403
6,3,0.11919724180370661,0.6164368520753403
6,3,0.15750458170461545,0.6164368520753403
6,3,0.15750458170461545,0.6563770767885719
6,3,0.15750458170461545,0.6164368520753403
6,3,0.1958119216055243,0.6563770767885719
6,3,0.15750458170461545,0.6563770767885719
6,3,0.15750458170461545,0.6563770767885719
6,3,0.1958119216055243,0.6563770767885719
6,3,0.1958119216055243,0.6963173015018036
6,3,0.04258256200188981,0.4966161779356453
6,3,0.08088990190279866,0.4966161779356453
6,3,0.08088990190279866,0.5365564026488769
6,3,0.08088990190279866,0.4966161779356453
6,3,0.11919724180370661,0.5365564026488769
6,3,0.08088990190279866,0.5365564026488769
6,3,0.08088990190279866,0.5365564026488769
6,3,0.11919724180370661,0.5365564026488769
6,3,0.11919724180370661,0.5764966273621086
6,3,0.11919724180370661,0.5365564026488769
6,3,0.15750458170461545,0.5764966273621086
6,3,0.11919724180370661,0.5764966273621086
6,3,0.11919724180370661,0.5764966273621086
6,3,0.15750458170461545,0.5764966273621086
6,3,0.15750458170461545,0.6164368520753403
6,3,0.15750458170461545,0.5764966273621086
6,3,0.1958119216055243,0.6164368520753403
6,3,0.15750458170461545,0.6164368520753403
6,3,0.15750458170461545,0.6164368520753403
6,3,0.1958119216055243,0.6164368520753403
6,3,0.1958119216055243,0.6563770767885719
6,3,0.08088990190279866,0.4966161779356453
6,3,0.11919724180370661,0.4966161779356453
6,3,0.11919724180370661,0.5365564026488769
6,3,0.11919724180370661,0.4966161779356453
6,3,0.15750458170461545,0.5365564026488769
6,3,0.11919724180370661,0.5365564026488769
6,3,0.11919724180370661,0.5365564026488769
6,3,0.15750458170461545,0.5365564026488769
6,3,0.15750458170461545,0.5764966273621086
6,3,0.15750458170461545,0.5365564026488769
6,3,0.1958119216055243,0.5764966273621086
6,3,0.15750458170461545,0.5764966273621086
6,3,0.15750458170461545,0.5764966273621086
6,3,0.1958119216055243,0.5764966273621086
6,3,0.1958119216055243,0.6164368520753403
6,3,0.11919724180370661,0.4966161779356453
6,3,0.15750458170461545,0.4966161779356453
6,3,0.15750458170461545,0.5365564026488769
6,3,0.15750458170461545,0.4966161779356453
6,3,0.1958119216055243,0.5365564026488769
6,3,0.15750458170461545,0.5365564026488769
6,3,0.15750458170461545,0.5365564026488769
6,3,0.1958119216055243,0.5365564026488769
6,3,0.1958119216055243,0.5764966273621086
6,3,0.15750458170461545,0.4966161779356453
6,3,0.1958119216055243,0.4966161779356453
6,3,0.1958119216055243,0.5365564026488769
5,3,0.6399999999999997,0.3599999999999999
5,3,0.49633076437735824,0.2905586744150943
5,3,0.49633076437735824,0.42944132558490544
5,3,0.7836692356226411,0.2905586744150943
5,3,0.7836692356226411,0.42944132558490544
5,3,0.8645006178032677,0.5126175048148855
5,3,0.8198418927563811,0.5126175048148855
5,3,0.8198418927563811,0.48153074065311907
5,3,0.8198418927563811,0.5126175048148855
5,3,0.7751831677094945,0.48153074065311907
5,3,0.8198418927563811,0.48153074065311907
5,3,0.8198418927563811,0.48153074065311907
5,3,0.7751831677094945,0.48153074065311907
5,3,0.7751831677094945,0.45044397649135215
5,3,0.7751831677094945,0.48153074065311907
5,3,0.7305244426626079,0.45044397649135215
5,3,0.7751831677094945,0.45044397649135215
5,3,0.7751831677094945,0.45044397649135215
5,3,0.7305244426626079,0.45044397649135215
5,3,0.7305244426626079,0.41935721232958567
5,3,0.7305244426626079,0.45044397649135215
5,3,0.6858657176157212,0.41935721232958567
5,3,0.7305244426626079,0.41935721232958567
5,3,0.7305244426626079,0.41935721232958567
5,3,0.6858657176157212,0.41935721232958567
5,3,0.6858657176157212,0.38827044816781875
5,3,0.6858657176157212,0.41935721232958567
5,3,0.6412069925688346,0.38827044816781875
5,3,0.6858657176157212,0.38827044816781875
5,3,0.6858657176157212,0.38827044816781875
5,3,0.6412069925688346,0.38827044816781875
5,3,0.6412069925688346,0.35718368400605227
5,3,0.8198418927563811,0.5126175048148855
5,3,0.7751831677094945,0.5126175048148855
5,3,0.7751831677094945,0.48153074065311907
5,3,0.7751831677094945,0.5126175048148855
5,3,0.7305244426626079,0.48153074065311907
5,3,0.7751831677094945,0.48153074065311907
5,3,0.7751831677094945,0.48153074065311907
5,3,0.7305244426626079,0.48153074065311907
5,3,0.7305244426626079,0.45044397649135215
5,3,0.7305244426626079,0.48153074065311907
5,3,0.6858657176157212,0.45044397649135215
5,3,0.7305244426626079,0.45044397649135215
5,3,0.7305244426626079,0.45044397649135215
5,3,0.6858657176157212,0.45044397649135215
5,3,0.6858657176157212,0.41935721232958567
5,3,0.6858657176157212,0.45044397649135215
5,3,0.6412069925688346,0.41935721232958567
5,3,0.6858657176157212,0.41935721232958567
5,3,0.6858657176157212,0.41935721232958567
5,3,0.6412069925688346,0.41935721232958567
5,3,0.6412069925688346,0.38827044816781875
5,3,0.7751831677094945,0.5126175048148855
5,3,0.7305244426626079,0.5126175048148855
5,3,0.7305244426626079,0.48153074065311907
5,3,0.7305244426626079,0.5126175048148855
5,3,0.6858657176157212,0.48153074065311907
5,3,0.7305244426626079,0.48153074065311907
5,3,0.7305244426626079,0.48153074065311907
5,3,0.6858657176157212,0.48153074065311907
5,3,0.6858657176157212,0.45044397649135215
5,3,0.6858657176157212,0.48153074065311907
5,3,0.6412069925688346,0.45044397649135215
5,3,0.6858657176157212,0.45044397649135215
5,3,0.6858657176157212,0.45044397649135215
5,3,0.6412069925688346,0.45044397649135215
5,3,0.6412069925688346,0.41935721232958567
5,3,0.7305244426626079,0.5126175048148855
5,3,0.6858657176157212,0.5126175048148855
5,3,0.6858657176157212,0.48153074065311907
5,3,0.6858657176157212,0.5126175048148855
5,3,0.6412069925688346,0.48153074065311907
5,3,0.6858657176157212,0.48153074065311907
5,3,0.6858657176157212,0.48153074065311907
5,3,0.6412069925688346,0.48153074065311907
5,3,0.6412069925688346,0.45044397649135215
5,3,0.6858657176157212,0.5126175048148855
5,3,0.6412069925688346,0.5126175048148855
5,3,0.6412069925688346,0.48153074065311907
5,3,0.6412069925688346,0.35718368400605227
5,3,0.6858657176157212,0.35718368400605227
5,3,0.6858657176157212,0.38827044816781875
5,3,0.6858657176157212,0.35718368400605227
5,3,0.7305244426626079,0.38827044816781875
5,3,0.6858657176157212,0.38827044816781875
5,3,0.6858657176157212,0.38827044816781875
5,3,0.7305244426626079,0.38827044816781875
5,3,0.7305244426626079,0.41935721232958567
5,3,0.7305244426626079,0.38827044816781875
5,3,0.7751831677094945,0.41935721232958567
5,3,0.7305244426626079,0.41935721232958567
5,3,0.7305244426626079,0.41935721232958567
5,3,0.7751831677094945,0.41935721232958567
5,3,0.7751831677094945,0.45044397649135215
5,3,0.7751831677094945,0.41935721232958567
5,3,0.8198418927563811,0.45044397649135215
5,3,0.7751831677094945,0.45044397649135215
5,3,0.7751831677094945,0.45044397649135215
5,3,0.8198418927563811,0.45044397649135215
5,3,0.8198418927563811,0.48153074065311907
5,3,0.8198418927563811,0.45044397649135215
5,3,0.8645006178032677,0.4815307406531186
5,3,0.8198418927563811,0.48153074065311907
5,3,0.8198418927563811,0.48153074065311907
5,3,0.8645006178032677,0.4815307406531186
5,3,0.8645006178032677,0.5126175048148855
5,3,0.6858657176157212,0.35718368400605227
5,3,0.7305244426626079,0.35718368400605227
5,3,0.7305244426626079,0.38827044816781875
5,3,0.7305244426626079,0.35718368400605227
5,3,0.7751831677094945,0.38827044816781875
5,3,0.7305244426626079,0.38827044816781875
5,3,0.7305244426626079,0.38827044816781875
5,3,0.7751831677094945,0.38827044816781875
5,3,0.7751831677094945,0.41935721232958567
5,3,0.7751831677094945,0.38827044816781875
5,3,0.8198418927563811,0.41935721232958567
5,3,0.7751831677094945,0.41935721232958567
5,3,0.7751831677094945,0.41935721232958567
5,3,0.8198418927563811,0.41935721232958567
5,3,0.8198418927563811,0.45044397649135215
5,3,0.8198418927563811,0.41935721232958567
5,3,0.8645006178032677,0.45044397649135215
5,3,0.8198418927563811,0.45044397649135215
5,3,0.8198418927563811,0.45044397649135215
5,3,0.8645006178032677,0.45044397649135215
5,3,0.8645006178032677,0.4815307406531186
5,3,0.7305244426626079,0.35718368400605227
5,3,0.7751831677094945,0.35718368400605227
5,3,0.7751831677094945,0.38827044816781875
5,3,0.7751831677094945,0.35718368400605227
5,3,0.8198418927563811,0.38827044816781875
5,3,0.7751831677094945,0.38827044816781875
5,3,0.7751831677094945,0.38827044816781875
5,3,0.8198418927563811,0.38827044816781875
5,3,0.8198418927563811,0.41935721232958567
5,3,0.8198418927563811,0.38827044816781875
5,3,0.8645006178032677,0.41935721232958567
5,3,0.8198418927563811,0.41935721232958567
5,3,0.8198418927563811,0.41935721232958567
5,3,0.8645006178032677,0.41935721232958567
5,3,0.8645006178032677,0.45044397649135215
5,3,0.7751831677094945,0.35718368400605227
5,3,0.8198418927563811,0.35718368400605227
5,3,0.8198418927563811,0.38827044816781875
5,3,0.8198418927563811,0.35718368400605227
5,3,0.8645006178032677,0.38827044816781875
5,3,0.8198418927563811,0.38827044816781875
5,3,0.8198418927563811,0.38827044816781875
5,3,0.8645006178032677,0.38827044816781875
5,3,0.8645006178032677,0.41935721232958567
5,3,0.8198418927563811,0.35718368400605227
5,3,0.8645006178032677,0.35718368400605227
5,3,0.8645006178032677,0.38827044816781875
5,3,0.6412069925688346,0.35718368400605227
5,3,0.6412069925688346,0.32609691984428535
5,3,0.6858657176157212,0.32609691984428535
5,3,0.6412069925688346,0.32609691984428535
5,3,0.6858657176157212,0.29501015568251887
5,3,0.6858657176157212,0.32609691984428535
5,3,0.6858657176157212,0.32609691984428535
5,3,0.6858657176157212,0.29501015568251887
5,3,0.7305244426626079,0.29501015568251887
5,3,0.6858657176157212,0.29501015568251887
5,3,0.7305244426626079,0.26392339152075195
5,3,0.7305244426626079,0.29501015568251887
5,3,0.7305244426626079,0.29501015568251887
5,3,0.7305244426626079,0.26392339152075195
5,3,0.7751831677094945,0.26392339152075195
5,3,0.7305244426626079,0.26392339152075195
5,3,0.7751831677094945,0.23283662735898503
5,3,0.7751831677094945,0.26392339152075195
5,3,0.7751831677094945,0.26392339152075195
5,3,0.7751831677094945,0.23283662735898503
5,3,0.8198418927563811,0.23283662735898503
5,3,0.7751831677094945,0.23283662735898503
5,3,0.8198418927563811,0.20174986319721855
5,3,0.8198418927563811,0.23283662735898503
5,3,0.8198418927563811,0.23283662735898503
5,3,0.8198418927563811,0.20174986319721855
5,3,0.8645006178032677,0.20174986319721855
5,3,0.6412069925688346,0.32609691984428535
5,3,0.6412069925688346,0.29501015568251887
5,3,0.6858657176157212,0.29501015568251887
5,3,0.6412069925688346,0.29501015568251887
5,3,0.6858657176157212,0.26392339152075195
5,3,0.6858657176157212,0.29501015568251887
5,3,0.6858657176157212,0.29501015568251887
5,3,0.6858657176157212,0.26392339152075195
5,3,0.7305244426626079,0.26392339152075195
5,3,0.6858657176157212,0.26392339152075195
5,3,0.7305244426626079,0.23283662735898503
5,3,0.7305244426626079,0.26392339152075195
5,3,0.7305244426626079,0.26392339152075195
5,3,0.7305244426626079,0.23283662735898503
5,3,0.7751831677094945,0.23283662735898503
5,3,0.7305244426626079,0.23283662735898503
5,3,0.7751831677094945,0.20174986319721855
5,3,0.7751831677094945,0.23283662735898503
5,3,0.7751831677094945,0.23283662735898503
5,3,0.7751831677094945,0.20174986319721855
5,3,0.8198418927563811,0.20174986319721855
5,3,0.6412069925688346,0.29501015568251887
5,3,0.6412069925688346,0.26392339152075195
5,3,0.6858657176157212,0.26392339152075195
5,3,0.6412069925688346,0.26392339152075195
5,3,0.6858657176157212,0.23283662735898503
5,3,0.6858657176157212,0.26392339152075195
5,3,0.6858657176157212,0.26392339152075195
5,3,0.6858657176157212,0.23283662735898503
5,3,0.7305244426626079,0.23283662735898503
5,3,0.6858657176157212,0.23283662735898503
5,3,0.7305244426626079,0.20174986319721855
5,3,0.7305244426626079,0.23283662735898503
5,3,0.7305244426626079,0.23283662735898503
5,3,0.7305244426626079,0.20174986319721855
5,3,0.7751831677094945,0.20174986319721855
5,3,0.6412069925688346,0.26392339152075195
5,3,0.6412069925688346,0.23283662735898503
5,3,0.6858657176157212,0.23283662735898503
5,3,0.6412069925688346,0.23283662735898503
5,3,0.6858657176157212,0.20174986319721855
5,3,0.6858657176157212,0.23283662735898503
5,3,0.6858657176157212,0.23283662735898503
5,3,0.6858657176157212,0.20174986319721855
5,3,0.7305244426626079,0.20174986319721855
5,3,0.6412069925688346,0.23283662735898503
5,3,0.6412069925688346,0.20174986319721855
5,3,0.6858657176157212,0.20174986319721855
5,3,0.8645006178032677,0.20174986319721855
5,3,0.8645006178032677,0.23283662735898503
5,3,0.8198418927563811,0.23283662735898503
5,3,0.8645006178032677,0.23283662735898503
5,3,0.8198418927563811,0.26392339152075195
5,3,0.8198418927563811,0.23283662735898503
5,3,0.8198418927563811,0.23283662735898503
5,3,0.8198418927563811,0.26392339152075195
5,3,0.7751831677094945,0.26392339152075195
5,3,0.8198418927563811,0.26392339152075195
5,3,0.7751831677094945,0.29501015568251887
5,3,0.7751831677094945,0.26392339152075195
5,3,0.7751831677094945,0.26392339152075195
5,3,0.7751831677094945,0.29501015568251887
5,3,0.7305244426626079,0.29501015568251887
5,3,0.7751831677094945,0.29501015568251887
5,3,0.7305244426626079,0.32609691984428535
5,3,0.7305244426626079,0.29501015568251887
5,3,0.7305244426626079,0.29501015568251887
5,3,0.7305244426626079,0.32609691984428535
5,3,0.6858657176157212,0.32609691984428535
5,3,0.7305244426626079,0.32609691984428535
5,3,0.6858657176157212,0.35718368400605227
5,3,0.6858657176157212,0.32609691984428535
5,3,0.6858657176157212,0.32609691984428535
5,3,0.6858657176157212,0.35718368400605227
5,3,0.6412069925688346,0.35718368400605227
5,3,0.8645006178032677,0.23283662735898503
5,3,0.8645006178032677,0.26392339152075195
5,3,0.8198418927563811,0.26392339152075195
5,3,0.8645006178032677,0.26392339152075195
5,3,0.8198418927563811,0.29501015568251887
5,3,0.8198418927563811,0.26392339152075195
5,3,0.8198418927563811,0.26392339152075195
5,3,0.8198418927563811,0.29501015568251887
5,3,0.7751831677094945,0.29501015568251887
5,3,0.8198418927563811,0.29501015568251887
5,3,0.7751831677094945,0.32609691984428535
5,3,0.7751831677094945,0.29501015568251887
5,3,0.7751831677094945,0.29501015568251887
5,3,0.7751831677094945,0.32609691984428535
5,3,0.7305244426626079,0.32609691984428535
5,3,0.7751831677094945,0.32609691984428535
5,3,0.7305244426626079,0.35718368400605227
5,3,0.7305244426626079,0.32609691984428535
5,3,0.7305244426626079,0.32609691984428535
5,3,0.7305244426626079,0.35718368400605227
5,3,0.6858657176157212,0.35718368400605227
5,3,0.8645006178032677,0.26392339152075195
5,3,0.8645006178032677,0.29501015568251887
5,3,0.8198418927563811,0.29501015568251887
5,3,0.8645006178032677,0.29501015568251887
5,3,0.8198418927563811,0.32609691984428535
5,3,0.8198418927563811,0.29501015568251887
5,3,0.8198418927563811,0.29501015568251887
5,3,0.8198418927563811,0.32609691984428535
5,3,0.7751831677094945,0.32609691984428535
5,3,0.8198418927563811,0.32609691984428535
5,3,0.7751831677094945,0.35718368400605227
5,3,0.7751831677094945,0.32609691984428535
5,3,0.7751831677094945,0.32609691984428535
5,3,0.7751831677094945,0.35718368400605227
5,3,0.7305244426626079,0.35718368400605227
5,3,0.8645006178032677,0.29501015568251887
5,3,0.8645006178032677,0.32609691984428535
5,3,0.8198418927563811,0.32609691984428535
5,3,0.8645006178032677,0.32609691984428535
5,3,0.8198418927563811,0.35718368400605227
5,3,0.8198418927563811,0.32609691984428535
5,3,0.8198418927563811,0.32609691984428535
5,3,0.8198418927563811,0.35718368400605227
5,3,0.7751831677094945,0.35718368400605227
5,3,0.8645006178032677,0.32609691984428535
5,3,0.8645006178032677,0.35718368400605227
5,3,0.8198418927563811,0.35718368400605227
5,3,0.41791336733440154,0.5126175048148855
5,3,0.41791336733440154,0.48153074065311907
5,3,0.46257209238128816,0.48153074065311907
5,3,0.41791336733440154,0.48153074065311907
5,3,0.46257209238128816,0.45044397649135215
5,3,0.46257209238128816,0.48153074065311907
5,3,0.46257209238128816,0.48153074065311907
5,3,0.46257209238128816,0.45044397649135215
5,3,0.5072308174281748,0.45044397649135215
5,3,0.46257209238128816,0.45044397649135215
5,3,0.5072308174281748,0.41935721232958567
5,3,0.5072308174281748,0.45044397649135215
5,3,0.5072308174281748,0.45044397649135215
5,3,0.5072308174281748,0.41935721232958567
5,3,0.5518895424750614,0.41935721232958567
5,3,0.5072308174281748,0.41935721232958567
5,3,0.5518895424750614,0.38827044816781875
5,3,0.5518895424750614,0.41935721232958567
5,3,0.5518895424750614,0.41935721232958567
5,3,0.5518895424750614,0.38827044816781875
5,3,0.596548267521948,0.38827044816781875
5,3,0.5518895424750614,0.38827044816781875
5,3,0.596548267521948,0.35718368400605227
5,3,0.596548267521948,0.38827044816781875
5,3,0.596548267521948,0.38827044816781875
5,3,0.596548267521948,0.35718368400605227
5,3,0.6412069925688346,0.35718368400605227
5,3,0.41791336733440154,0.48153074065311907
5,3,0.41791336733440154,0.45044397649135215
5,3,0.46257209238128816,0.45044397649135215
5,3,0.41791336733440154,0.45044397649135215
5,3,0.46257209238128816,0.41935721232958567
5,3,0.46257209238128816,0.45044397649135215
5,3,0.46257209238128816,0.45044397649135215
5,3,0.46257209238128816,0.41935721232958567
5,3,0.5072308174281748,0.41935721232958567
5,3,0.46257209238128816,0.41935721232958567
5,3,0.5072308174281748,0.38827044816781875
5,3,0.5072308174281748,0.41935721232958567
5,3,0.5072308174281748,0.41935721232958567
5,3,0.5072308174281748,0.38827044816781875
5,3,0.5518895424750614,0.38827044816781875
5,3,0.5072308174281748,0.38827044816781875
5,3,0.5518895424750614,0.35718368400605227
5,3,0.5518895424750614,0.38827044816781875
5,3,0.5518895424750614,0.38827044816781875
5,3,0.5518895424750614,0.35718368400605227
5,3,0.596548267521948,0.35718368400605227
5,3,0.41791336733440154,0.45044397649135215
5,3,0.41791336733440154,0.41935721232958567
5,3,0.46257209238128816,0.41935721232958567
5,3,0.41791336733440154,0.41935721232958567
5,3,0.46257209238128816,0.38827044816781875
5,3,0.46257209238128816,0.41935721232958567
5,3,0.46257209238128816,0.41935721232958567
5,3,0.46257209238128816,0.38827044816781875
5,3,0.5072308174281748,0.38827044816781875
5,3,0.46257209238128816,0.38827044816781875
5,3,0.5072308174281748,0.35718368400605227
5,3,0.5072308174281748,0.38827044816781875
5,3,0.5072308174281748,0.38827044816781875
5,3,0.5072308174281748,0.35718368400605227
5,3,0.5518895424750614,0.35718368400605227
5,3,0.41791336733440154,0.41935721232958567
5,3,0.41791336733440154,0.38827044816781875
5,3,0.46257209238128816,0.38827044816781875
5,3,0.41791336733440154,0.38827044816781875
5,3,0.46257209238128816,0.35718368400605227
5,3,0.46257209238128816,0.38827044816781875
5,3,0.46257209238128816,0.38827044816781875
5,3,0.46257209238128816,0.35718368400605227
5,3,0.5072308174281748,0.35718368400605227
5,3,0.41791336733440154,0.38827044816781875
5,3,0.41791336733440154,0.35718368400605227
5,3,0.46257209238128816,0.35718368400605227
5,3,0.6412069925688346,0.35718368400605227
5,3,0.6412069925688346,0.38827044816781875
5,3,0.596548267521948,0.38827044816781875
5,3,0.6412069925688346,0.38827044816781875
5,3,0.596548267521948,0.41935721232958567
5,3,0.596548267521948,0.38827044816781875
5,3,0.596548267521948,0.38827044816781875
5,3,0.596548267521948,0.41935721232958567
5,3,0.5518895424750614,0.41935721232958567
5,3,0.596548267521948,0.41935721232958567
5,3,0.5518895424750614,0.45044397649135215
5,3,0.5518895424750614,0.41935721232958567
5,3,0.5518895424750614,0.41935721232958567
5,3,0.5518895424750614,0.45044397649135215
5,3,0.5072308174281748,0.45044397649135215
5,3,0.5518895424750614,0.45044397649135215
5,3,0.5072308174281748,0.48153074065311907
5,3,0.5072308174281748,0.45044397649135215
5,3,0.5072308174281748,0.45044397649135215
5,3,0.5072308174281748,0.48153074065311907
5,3,0.46257209238128816,0.48153074065311907
5,3,0.5072308174281748,0.48153074065311907
5,3,0.46257209238128816,0.5126175048148855
5,3,0.46257209238128816,0.48153074065311907
5,3,0.46257209238128816,0.48153074065311907
5,3,0.46257209238128816,0.5126175048148855
5,3,0.41791336733440154,0.5126175048148855
5,3,0.6412069925688346,0.38827044816781875
5,3,0.6412069925688346,0.41935721232958567
5,3,0.596548267521948,0.41935721232958567
5,3,0.6412069925688346,0.41935721232958567
5,3,0.596548267521948,0.45044397649135215
5,3,0.596548267521948,0.41935721232958567
5,3,0.596548267521948,0.41935721232958567
5,3,0.596548267521948,0.45044397649135215
5,3,0.5518895424750614,0.45044397649135215
5,3,0.596548267521948,0.45044397649135215
5,3,0.5518895424750614,0.48153074065311907
5,3,0.5518895424750614,0.45044397649135215
5,3,0.5518895424750614,0.45044397649135215
5,3,0.5518895424750614,0.48153074065311907
5,3,0.5072308174281748,0.48153074065311907
5,3,0.5518895424750614,0.48153074065311907
5,3,0.5072308174281748,0.5126175048148855
5,3,0.5072308174281748,0.48153074065311907
5,3,0.5072308174281748,0.48153074065311907
5,3,0.5072308174281748,0.5126175048148855
5,3,0.46257209238128816,0.5126175048148855
5,3,0.6412069925688346,0.41935721232958567
5,3,0.6412069925688346,0.45044397649135215
5,3,0.596548267521948,0.45044397649135215
5,3,0.6412069925688346,0.45044397649135215
5,3,0.596548267521948,0.48153074065311907
5,3,0.596548267521948,0.45044397649135215
5,3,0.596548267521948,0.45044397649135215
5,3,0.596548267521948,0.48153074065311907
5,3,0.5518895424750614,0.48153074065311907
5,3,0.596548267521948,0.48153074065311907
5,3,0.5518895424750614,0.5126175048148855
5,3,0.5518895424750614,0.48153074065311907
5,3,0.5518895424750614,0.48153074065311907
5,3,0.5518895424750614,0.5126175048148855
5,3,0.5072308174281748,0.5126175048148855
5,3,0.6412069925688346,0.45044397649135215
5,3,0.6412069925688346,0.48153074065311907
5,3,0.596548267521948,0.48153074065311907
5,3,0.6412069925688346,0.48153074065311907
5,3,0.596548267521948,0.5126175048148855
5,3,0.596548267521948,0.48153074065311907
5,3,0.596548267521948,0.48153074065311907
5,3,0.596548267521948,0.5126175048148855
5,3,0.5518895424750614,0.5126175048148855
5,3,0.6412069925688346,0.48153074065311907
5,3,0.6412069925688346,0.5126175048148855
5,3,0.596548267521948,0.5126175048148855
5,3,0.6412069925688346,0.35718368400605227
5,3,0.596548267521948,0.35718368400605227
5,3,0.596548267521948,0.32609691984428535
5,3,0.596548267521948,0.35718368400605227
5,3,0.5518895424750614,0.32609691984428535
5,3,0.596548267521948,0.32609691984428535
5,3,0.596548267521948,0.32609691984428535
5,3,0.5518895424750614,0.32609691984428535
5,3,0.5518895424750614,0.29501015568251887
5,3,0.5518895424750614,0.32609691984428535
5,3,0.5072308174281748,0.29501015568251887
5,3,0.5518895424750614,0.29501015568251887
5,3,0.5518895424750614,0.29501015568251887
5,3,0.5072308174281748,0.29501015568251887
5,3,0.5072308174281748,0.26392339152075195
5,3,0.5072308174281748,0.29501015568251887
5,3,0.46257209238128816,0.26392339152075195
5,3,0.5072308174281748,0.26392339152075195
5,3,0.5072308174281748,0.26392339152075195
5,3,0.46257209238128816,0.26392339152075195
5,3,0.46257209238128816,0.23283662735898503
5,3,0.46257209238128816,0.26392339152075195
5,3,0.41791336733440154,0.23283662735898547
5,3,0.46257209238128816,0.23283662735898503
5,3,0.46257209238128816,0.23283662735898503
5,3,0.41791336733440154,0.23283662735898547
5,3,0.41791336733440154,0.20174986319721855
5,3,0.596548267521948,0.35718368400605227
5,3,0.5518895424750614,0.35718368400605227
5,3,0.5518895424750614,0.32609691984428535
5,3,0.5518895424750614,0.35718368400605227
5,3,0.5072308174281748,0.32609691984428535
5,3,0.5518895424750614,0.32609691984428535
5,3,0.5518895424750614,0.32609691984428535
5,3,0.5072308174281748,0.32609691984428535
5,3,0.5072308174281748,0.29501015568251887
5,3,0.5072308174281748,0.32609691984428535
5,3,0.46257209238128816,0.29501015568251887
5,3,0.5072308174281748,0.29501015568251887
5,3,0.5072308174281748,0.29501015568251887
5,3,0.46257209238128816,0.29501015568251887
5,3,0.46257209238128816,0.26392339152075195
5,3,0.46257209238128816,0.29501015568251887
5,3,0.41791336733440154,0.26392339152075195
5,3,0.46257209238128816,0.26392339152075195
5,3,0.46257209238128816,0.26392339152075195
5,3,0.41791336733440154,0.26392339152075195
5,3,0.41791336733440154,0.23283662735898547
5,3,0.5518895424750614,0.35718368400605227
5,3,0.5072308174281748,0.35718368400605227
5,3,0.5072308174281748,0.32609691984428535
5,3,0.5072308174281748,0.35718368400605227
5,3,0.46257209238128816,0.32609691984428535
5,3,0.5072308174281748,0.32609691984428535
5,3,0.5072308174281748,0.32609691984428535
5,3,0.46257209238128816,0.32609691984428535
5,3,0.46257209238128816,0.29501015568251887
5,3,0.46257209238128816,0.32609691984428535
5,3,0.41791336733440154,0.29501015568251887
5,3,0.46257209238128816,0.29501015568251887
5,3,0.46257209238128816,0.29501015568251887
5,3,0.41791336733440154,0.29501015568251887
5,3,0.41791336733440154,0.26392339152075195
5,3,0.5072308174281748,0.35718368400605227
5,3,0.46257209238128816,0.35718368400605227
5,3,0.46257209238128816,0.32609691984428535
5,3,0.46257209238128816,0.35718368400605227
5,3,0.41791336733440154,0.32609691984428535
5,3,0.46257209238128816,0.32609691984428535
5,3,0.46257209238128816,0.32609691984428535
5,3,0.41791336733440154,0.32609691984428535
5,3,0.41791336733440154,0.29501015568251887
5,3,0.46257209238128816,0.35718368400605227
5,3,0.41791336733440154,0.35718368400605227
5,3,0.41791336733440154,0.32609691984428535
5,3,0.41791336733440154,0.20174986319721855
5,3,0.46257209238128816,0.20174986319721855
5,3,0.46257209238128816,0.23283662735898503
5,3,0.46257209238128816,0.20174986319721855
5,3,0.5072308174281748,0.23283662735898547
5,3,0.46257209238128816,0.23283662735898503
5,3,0.46257209238128816,0.23283662735898503
5,3,0.5072308174281748,0.23283662735898547
5,3,0.5072308174281748,0.26392339152075195
5,3,0.5072308174281748,0.23283662735898547
5,3,0.5518895424750614,0.26392339152075195
5,3,0.5072308174281748,0.26392339152075195
5,3,0.5072308174281748,0.26392339152075195
5,3,0.5518895424750614,0.26392339152075195
5,3,0.5518895424750614,0.29501015568251887
5,3,0.5518895424750614,0.26392339152075195
5,3,0.596548267521948,0.29501015568251887
5,3,0.5518895424750614,0.29501015568251887
5,3,0.5518895424750614,0.29501015568251887
5,3,0.596548267521948,0.29501015568251887
5,3,0.596548267521948,0.32609691984428535
5,3,0.596548267521948,0.29501015568251887
5,3,0.6412069925688346,0.32609691984428535
5,3,0.596548267521948,0.32609691984428535
5,3,0.596548267521948,0.32609691984428535
5,3,0.6412069925688346,0.32609691984428535
5,3,0.6412069925688346,0.35718368400605227
5,3,0.46257209238128816,0.20174986319721855
5,3,0.5072308174281748,0.20174986319721855
5,3,0.5072308174281748,0.23283662735898547
5,3,0.5072308174281748,0.20174986319721855
5,3,0.5518895424750614,0.23283662735898503
5,3,0.5072308174281748,0.23283662735898547
5,3,0.5072308174281748,0.23283662735898547
5,3,0.5518895424750614,0.23283662735898503
5,3,0.5518895424750614,0.26392339152075195
5,3,0.5518895424750614,0.23283662735898503
5,3,0.596548267521948,0.26392339152075195
5,3,0.5518895424750614,0.26392339152075195
5,3,0.5518895424750614,0.26392339152075195
5,3,0.596548267521948,0.26392339152075195
5,3,0.596548267521948,0.29501015568251887
5,3,0.596548267521948,0.26392339152075195
5,3,0.6412069925688346,0.29501015568251887
5,3,0.596548267521948,0.29501015568251887
5,3,0.596548267521948,0.29501015568251887
5,3,0.6412069925688346,0.29501015568251887
5,3,0.6412069925688346,0.32609691984428535
5,3,0.5072308174281748,0.20174986319721855
5,3,0.5518895424750614,0.20174986319721855
5,3,0.5518895424750614,0.23283662735898503
5,3,0.5518895424750614,0.20174986319721855
5,3,0.596548267521948,0.23283662735898547
5,3,0.5518895424750614,0.23283662735898503
5,3,0.5518895424750614,0.23283662735898503
5,3,0.596548267521948,0.23283662735898547
5,3,0.596548267521948,0.26392339152075195
5,3,0.596548267521948,0.23283662735898547
5,3,0.6412069925688346,0.26392339152075195
5,3,0.596548267521948,0.26392339152075195
5,3,0.596548267521948,0.26392339152075195
5,3,0.6412069925688346,0.26392339152075195
5,3,0.6412069925688346,0.29501015568251887
5,3,0.5518895424750614,0.20174986319721855
5,3,0.596548267521948,0.20174986319721855
5,3,0.596548267521948,0.23283662735898547
5,3,0.596548267521948,0.20174986319721855
5,3,0.6412069925688346,0.23283662735898503
5,3,0.596548267521948,0.23283662735898547
5,3,0.596548267521948,0.23283662735898547
5,3,0.6412069925688346,0.23283662735898503
5,3,0.6412069925688346,0.26392339152075195
5,3,0.596548267521948,0.20174986319721855
5,3,0.6412069925688346,0.20174986319721855
5,3,0.6412069925688346,0.23283662735898503
5,3,0.9199999999999999,0.3599999999999999
5,3,0.8505586744150939,0.21633076437735843
5,3,0.8505586744150939,0.5036692356226413
5,3,0.9894413255849059,0.21633076437735843
5,3,0.9894413255849059,0.5036692356226413
6,3,0.07261750481488605,0.1354993821967323
6,3,0.07261750481488605,0.18015810724361891
6,3,0.041530740653119125,0.18015810724361891
6,3,0.07261750481488605,0.18015810724361891
6,3,0.041530740653119125,0.22481683229050553
6,3,0.041530740653119125,0.18015810724361891
6,3,0.041530740653119125,0.18015810724361891
6,3,0.041530740653119125,0.22481683229050553
6,3,0.010443976491352203,0.22481683229050553
6,3,0.041530740653119125,0.22481683229050553
6,3,0.010443976491352203,0.26947555733739215
6,3,0.010443976491352203,0.22481683229050553
6,3,0.010443976491352203,0.22481683229050553
6,3,0.010443976491352203,0.26947555733739215
5,3,0.9793572123295853,0.26947555733739215
6,3,0.010443976491352203,0.26947555733739215
5,3,0.9793572123295853,0.3141342823842783
5,3,0.9793572123295853,0.26947555733739215
5,3,0.9793572123295853,0.26947555733739215
5,3,0.9793572123295853,0.3141342823842783
5,3,0.9482704481678192,0.3141342823842783
5,3,0.9793572123295853,0.3141342823842783
5,3,0.9482704481678192,0.35879300743116493
5,3,0.9482704481678192,0.3141342823842783
5,3,0.9482704481678192,0.3141342823842783
5,3,0.9482704481678192,0.35879300743116493
5,3,0.9171836840060523,0.35879300743116493
6,3,0.07261750481488605,0.18015810724361891
6,3,0.07261750481488605,0.22481683229050553
6,3,0.041530740653119125,0.22481683229050553
6,3,0.07261750481488605,0.22481683229050553
6,3,0.041530740653119125,0.26947555733739215
6,3,0.041530740653119125,0.22481683229050553
6,3,0.041530740653119125,0.22481683229050553
6,3,0.041530740653119125,0.26947555733739215
6,3,0.010443976491352203,0.26947555733739215
6,3,0.041530740653119125,0.26947555733739215
6,3,0.010443976491352203,0.3141342823842783
6,3,0.010443976491352203,0.26947555733739215
6,3,0.010443976491352203,0.26947555733739215
6,3,0.010443976491352203,0.3141342823842783
5,3,0.9793572123295853,0.3141342823842783
6,3,0.010443976491352203,0.3141342823842783
5,3,0.9793572123295853,0.35879300743116493
5,3,0.9793572123295853,0.3141342823842783
5,3,0.9793572123295853,0.3141342823842783
5,3,0.9793572123295853,0.35879300743116493
5,3,0.9482704481678192,0.35879300743116493
6,3,0.07261750481488605,0.22481683229050553
6,3,0.07261750481488605,0.26947555733739215
6,3,0.041530740653119125,0.26947555733739215
6,3,0.07261750481488605,0.26947555733739215
6,3,0.041530740653119125,0.3141342823842783
6,3,0.041530740653119125,0.26947555733739215
6,3,0.041530740653119125,0.26947555733739215
6,3,0.041530740653119125,0.3141342823842783
6,3,0.010443976491352203,0.3141342823842783
6,3,0.041530740653119125,0.3141342823842783
6,3,0.010443976491352203,0.35879300743116493
6,3,0.010443976491352203,0.3141342823842783
6,3,0.010443976491352203,0.3141342823842783
6,3,0.010443976491352203,0.35879300743116493
5,3,0.9793572123295853,0.35879300743116493
6,3,0.07261750481488605,0.26947555733739215
6,3,0.07261750481488605,0.3141342823842783
6,3,0.041530740653119125,0.3141342823842783
6,3,0.07261750481488605,0.3141342823842783
6,3,0.041530740653119125,0.35879300743116493
6,3,0.041530740653119125,0.3141342823842783
6,3,0.041530740653119125,0.3141342823842783
6,3,0.041530740653119125,0.35879300743116493
6,3,0.010443976491352203,0.35879300743116493
6,3,0.07261750481488605,0.3141342823842783
6,3,0.07261750481488605,0.35879300743116493
6,3,0.041530740653119125,0.35879300743116493
5,3,0.9171836840060523,0.35879300743116493
5,3,0.9171836840060523,0.3141342823842783
5,3,0.9482704481678192,0.3141342823842783
5,3,0.9171836840060523,0.3141342823842783
5,3,0.9482704481678192,0.26947555733739215
5,3,0.9482704481678192,0.3141342823842783
5,3,0.9482704481678192,0.3141342823842783
5,3,0.9482704481678192,0.26947555733739215
5,3,0.9793572123295853,0.26947555733739215
5,3,0.9482704481678192,0.26947555733739215
5,3,0.9793572123295853,0.22481683229050553
5,3,0.9793572123295853,0.26947555733739215
5,3,0.9793572123295853,0.26947555733739215
5,3,0.9793572123295853,0.22481683229050553
6,3,0.010443976491352203,0.22481683229050553
5,3,0.9793572123295853,0.22481683229050553
6,3,0.010443976491352203,0.18015810724361891
6,3,0.010443976491352203,0.22481683229050553
6,3,0.010443976491352203,0.22481683229050553
6,3,0.010443976491352203,0.18015810724361891
6,3,0.041530740653119125,0.18015810724361891
6,3,0.010443976491352203,0.18015810724361891
6,3,0.041530740653119125,0.1354993821967323
6,3,0.041530740653119125,0.18015810724361891
6,3,0.041530740653119125,0.18015810724361891
6,3,0.041530740653119125,0.1354993821967323
6,3,0.07261750481488605,0.1354993821967323
5,3,0.9171836840060523,0.3141342823842783
5,3,0.9171836840060523,0.26947555733739215
5,3,0.9482704481678192,0.26947555733739215
5,3,0.9171836840060523,0.26947555733739215
5,3,0.9482704481678192,0.22481683229050553
5,3,0.9482704481678192,0.26947555733739215
5,3,0.9482704481678192,0.26947555733739215
5,3,0.9482704481678192,0.22481683229050553
5,3,0.9793572123295853,0.22481683229050553
5,3,0.9482704481678192,0.22481683229050553
5,3,0.9793572123295853,0.18015810724361891
5,3,0.9793572123295853,0.22481683229050553
5,3,0.9793572123295853,0.22481683229050553
5,3,0.9793572123295853,0.18015810724361891
6,3,0.010443976491352203,0.18015810724361891
5,3,0.9793572123295853,0.18015810724361891
6,3,0.010443976491352203,0.1354993821967323
6,3,0.010443976491352203,0.18015810724361891
6,3,0.010443976491352203,0.18015810724361891
6,3,0.010443976491352203,0.1354993821967323
6,3,0.041530740653119125,0.1354993821967323
5,3,0.9171836840060523,0.26947555733739215
5,3,0.9171836840060523,0.22481683229050553
5,3,0.9482704481678192,0.22481683229050553
5,3,0.9171836840060523,0.22481683229050553
5,3,0.9482704481678192,0.18015810724361891
5,3,0.9482704481678192,0.22481683229050553
5,3,0.9482704481678192,0.22481683229050553
5,3,0.9482704481678192,0.18015810724361891
5,3,0.9793572123295853,0.18015810724361891
5,3,0.9482704481678192,0.18015810724361891
5,3,0.9793572123295853,0.1354993821967323
5,3,0.9793572123295853,0.18015810724361891
5,3,0.9793572123295853,0.18015810724361891
5,3,0.9793572123295853,0.1354993821967323
6,3,0.010443976491352203,0.1354993821967323
5,3,0.9171836840060523,0.22481683229050553
5,3,0.9171836840060523,0.18015810724361891
5,3,0.9482704481678192,0.18015810724361891
5,3,0.9171836840060523,0.18015810724361891
5,3,0.9482704481678192,0.1354993821967323
5,3,0.9482704481678192,0.18015810724361891
5,3,0.9482704481678192,0.18015810724361891
5,3,0.9482704481678192,0.1354993821967323
5,3,0.9793572123295853,0.1354993821967323
5,3,0.9171836840060523,0.18015810724361891
5,3,0.9171836840060523,0.1354993821967323
5,3,0.9482704481678192,0.1354993821967323
5,3,0.9171836840060523,0.35879300743116493
5,3,0.8860969198442854,0.35879300743116493
5,3,0.8860969198442854,0.3141342823842783
5,3,0.8860969198442854,0.35879300743116493
5,3,0.8550101556825185,0.3141342823842783
5,3,0.8860969198442854,0.3141342823842783
5,3,0.8860969198442854,0.3141342823842783
5,3,0.8550101556825185,0.3141342823842783
5,3,0.8550101556825185,0.26947555733739215
5,3,0.8550101556825185,0.3141342823842783
5,3,0.8239233915207524,0.26947555733739215
5,3,0.8550101556825185,0.26947555733739215
5,3,0.8550101556825185,0.26947555733739215
5,3,0.8239233915207524,0.26947555733739215
5,3,0.8239233915207524,0.22481683229050553
5,3,0.8239233915207524,0.26947555733739215
5,3,0.7928366273589855,0.22481683229050553
5,3,0.8239233915207524,0.22481683229050553
5,3,0.8239233915207524,0.22481683229050553
5,3,0.7928366273589855,0.22481683229050553
5,3,0.7928366273589855,0.18015810724361891
5,3,0.7928366273589855,0.22481683229050553
5,3,0.7617498631972186,0.18015810724361891
5,3,0.7928366273589855,0.18015810724361891
5,3,0.7928366273589855,0.18015810724361891
5,3,0.7617498631972186,0.18015810724361891
5,3,0.7617498631972186,0.1354993821967323
5,3,0.8860969198442854,0.35879300743116493
5,3,0.8550101556825185,0.35879300743116493
5,3,0.8550101556825185,0.3141342823842783
5,3,0.8550101556825185,0.35879300743116493
5,3,0.8239233915207524,0.3141342823842783
5,3,0.8550101556825185,0.3141342823842783
5,3,0.8550101556825185,0.3141342823842783
5,3,0.8239233915207524,0.3141342823842783
5,3,0.8239233915207524,0.26947555733739215
5,3,0.8239233915207524,0.3141342823842783
5,3,0.7928366273589855,0.26947555733739215
5,3,0.8239233915207524,0.26947555733739215
5,3,0.8239233915207524,0.26947555733739215
5,3,0.7928366273589855,0.26947555733739215
5,3,0.7928366273589855,0.22481683229050553
5,3,0.7928366273589855,0.26947555733739215
5,3,0.7617498631972186,0.22481683229050553
5,3,0.7928366273589855,0.22481683229050553
5,3,0.7928366273589855,0.22481683229050553
5,3,0.7617498631972186,0.22481683229050553
5,3,0.7617498631972186,0.18015810724361891
5,3,0.8550101556825185,0.35879300743116493
5,3,0.8239233915207524,0.35879300743116493
5,3,0.8239233915207524,0.3141342823842783
5,3,0.8239233915207524,0.35879300743116493
5,3,0.7928366273589855,0.3141342823842783
5,3,0.8239233915207524,0.3141342823842783
5,3,0.8239233915207524,0.3141342823842783
5,3,0.7928366273589855,0.3141342823842783
5,3,0.7928366273589855,0.26947555733739215
5,3,0.7928366273589855,0.3141342823842783
5,3,0.7617498631972186,0.26947555733739215
5,3,0.7928366273589855,0.26947555733739215
5,3,0.7928366273589855,0.26947555733739215
5,3,0.7617498631972186,0.26947555733739215
5,3,0.7617498631972186,0.22481683229050553
5,3,0.8239233915207524,0.35879300743116493
5,3,0.7928366273589855,0.35879300743116493
5,3,0.7928366273589855,0.3141342823842783
5,3,0.7928366273589855,0.35879300743116493
5,3,0.7617498631972186,0.3141342823842783
5,3,0.7928366273589855,0.3141342823842783
5,3,0.7928366273589855,0.3141342823842783
5,3,0.7617498631972186,0.3141342823842783
5,3,0.7617498631972186,0.26947555733739215
5,3,0.7928366273589855,0.35879300743116493
5,3,0.7617498631972186,0.35879300743116493
5,3,0.7617498631972186,0.3141342823842783
5,3,0.7617498631972186,0.1354993821967323
5,3,0.7928366273589855,0.1354993821967323
5,3,0.7928366273589855,0.18015810724361891
5,3,0.7928366273589855,0.1354993821967323
5,3,0.8239233915207524,0.18015810724361891
5,3,0.7928366273589855,0.18015810724361891
5,3,0.7928366273589855,0.18015810724361891
5,3,0.8239233915207524,0.18015810724361891
5,3,0.8239233915207524,0.22481683229050553
5,3,0.8239233915207524,0.18015810724361891
5,3,0.8550101556825185,0.22481683229050553
5,3,0.8239233915207524,0.22481683229050553
5,3,0.8239233915207524,0.22481683229050553
5,3,0.8550101556825185,0.22481683229050553
5,3,0.8550101556825185,0.26947555733739215
5,3,0.8550101556825185,0.22481683229050553
5,3,0.8860969198442854,0.26947555733739215
5,3,0.8550101556825185,0.26947555733739215
5,3,0.8550101556825185,0.26947555733739215
5,3,0.8860969198442854,0.26947555733739215
5,3,0.8860969198442854,0.3141342823842783
5,3,0.8860969198442854,0.26947555733739215
5,3,0.9171836840060523,0.3141342823842783
5,3,0.8860969198442854,0.3141342823842783
5,3,0.8860969198442854,0.3141342823842783
5,3,0.9171836840060523,0.3141342823842783
5,3,0.9171836840060523,0.35879300743116493
5,3,0.7928366273589855,0.1354993821967323
5,3,0.8239233915207524,0.1354993821967323
5,3,0.8239233915207524,0.18015810724361891
5,3,0.8239233915207524,0.1354993821967323
5,3,0.8550101556825185,0.18015810724361891
5,3,0.8239233915207524,0.18015810724361891
5,3,0.8239233915207524,0.18015810724361891
5,3,0.8550101556825185,0.18015810724361891
5,3,0.8550101556825185,0.22481683229050553
5,3,0.8550101556825185,0.18015810724361891
5,3,0.8860969198442854,0.22481683229050553
5,3,0.8550101556825185,0.22481683229050553
5,3,0.8550101556825185,0.22481683229050553
5,3,0.8860969198442854,0.22481683229050553
5,3,0.8860969198442854,0.26947555733739215
5,3,0.8860969198442854,0.22481683229050553
5,3,0.9171836840060523,0.26947555733739215
5,3,0.8860969198442854,0.26947555733739215
5,3,0.8860969198442854,0.26947555733739215
5,3,0.9171836840060523,0.26947555733739215
5,3,0.9171836840060523,0.3141342823842783
5,3,0.8239233915207524,0.1354993821967323
5,3,0.8550101556825185,0.1354993821967323
5,3,0.8550101556825185,0.18015810724361891
5,3,0.8550101556825185,0.1354993821967323
5,3,0.8860969198442854,0.18015810724361891
5,3,0.8550101556825185,0.18015810724361891
5,3,0.8550101556825185,0.18015810724361891
5,3,0.8860969198442854,0.18015810724361891
5,3,0.8860969198442854,0.22481683229050553
5,3,0.8860969198442854,0.18015810724361891
5,3,0.9171836840060523,0.22481683229050553
5,3,0.8860969198442854,0.22481683229050553
5,3,0.8860969198442854,0.22481683229050553
5,3,0.9171836840060523,0.22481683229050553
5,3,0.9171836840060523,0.26947555733739215
5,3,0.8550101556825185,0.1354993821967323
5,3,0.8860969198442854,0.1354993821967323
5,3,0.8860969198442854,0.18015810724361891
5,3,0.8860969198442854,0.1354993821967323
5,3,0.9171836840060523,0.18015810724361891
5,3,0.8860969198442854,0.18015810724361891
5,3,0.8860969198442854,0.18015810724361891
5,3,0.9171836840060523,0.18015810724361891
5,3,0.9171836840060523,0.22481683229050553
5,3,0.8860969198442854,0.1354993821967323
5,3,0.9171836840060523,0.1354993821967323
5,3,0.9171836840060523,0.18015810724361891
6,3,0.07261750481488605,0.582086632665598
6,3,0.041530740653119125,0.582086632665598
6,3,0.041530740653119125,0.5374279076187114
6,3,0.041530740653119125,0.582086632665598
6,3,0.010443976491352203,0.5374279076187114
6,3,0.041530740653119125,0.5374279076187114
6,3,0.041530740653119125,0.5374279076187114
6,3,0.010443976491352203,0.5374279076187114
6,3,0.010443976491352203,0.4927691825718248
6,3,0.010443976491352203,0.5374279076187114
5,3,0.9793572123295853,0.4927691825718248
6,3,0.010443976491352203,0.4927691825718248
6,3,0.010443976491352203,0.4927691825718248
5,3,0.9793572123295853,0.4927691825718248
5,3,0.9793572123295853,0.44811045752493817
5,3,0.9793572123295853,0.4927691825718248
5,3,0.9482704481678192,0.44811045752493817
5,3,0.9793572123295853,0.44811045752493817
5,3,0.9793572123295853,0.44811045752493817
5,3,0.9482704481678192,0.44811045752493817
5,3,0.9482704481678192,0.40345173247805155
5,3,0.9482704481678192,0.44811045752493817
5,3,0.9171836840060523,0.40345173247805155
5,3,0.9482704481678192,0.40345173247805155
5,3,0.9482704481678192,0.40345173247805155
5,3,0.9171836840060523,0.40345173247805155
5,3,0.9171836840060523,0.35879300743116493
6,3,0.041530740653119125,0.582086632665598
6,3,0.010443976491352203,0.582086632665598
6,3,0.010443976491352203,0.5374279076187114
6,3,0.010443976491352203,0.582086632665598
5,3,0.9793572123295853,0.5374279076187114
6,3,0.010443976491352203,0.5374279076187114
6,3,0.010443976491352203,0.5374279076187114
5,3,0.9793572123295853,0.5374279076187114
5,3,0.9793572123295853,0.4927691825718248
5,3,0.9793572123295853,0.5374279076187114
5,3,0.9482704481678192,0.4927691825718248
5,3,0.9793572123295853,0.4927691825718248
5,3,0.9793572123295853,0.4927691825718248
5,3,0.9482704481678192,0.4927691825718248
5,3,0.9482704481678192,0.44811045752493817
5,3,0.9482704481678192,0.4927691825718248
5,3,0.9171836840060523,0.44811045752493817
5,3,0.9482704481678192,0.44811045752493817
5,3,0.9482704481678192,0.44811045752493817
5,3,0.9171836840060523,0.44811045752493817
5,3,0.9171836840060523,0.40345173247805155
6,3,0.010443976491352203,0.582086632665598
5,3,0.9793572123295853,0.582086632665598
5,3,0.9793572123295853,0.5374279076187114
5,3,0.9793572123295853,0.582086632665598
5,3,0.9482704481678192,0.5374279076187114
5,3,0.9793572123295853,0.5374279076187114
5,3,0.9793572123295853,0.5374279076187114
5,3,0.9482704481678192,0.5374279076187114
5,3,0.9482704481678192,0.4927691825718248
5,3,0.9482704481678192,0.5374279076187114
5,3,0.9171836840060523,0.4927691825718248
5,3,0.9482704481678192,0.4927691825718248
5,3,0.9482704481678192,0.4927691825718248
5,3,0.9171836840060523,0.4927691825718248
5,3,0.9171836840060523,0.44811045752493817
5,3,0.9793572123295853,0.582086632665598
5,3,0.9482704481678192,0.582086632665598
5,3,0.9482704481678192,0.5374279076187114
5,3,0.9482704481678192,0.582086632665598
5,3,0.9171836840060523,0.5374279076187114
5,3,0.9482704481678192,0.5374279076187114
5,3,0.9482704481678192,0.5374279076187114
5,3,0.9171836840060523,0.5374279076187114
5,3,0.9171836840060523,0.4927691825718248
5,3,0.9482704481678192,0.582086632665598
5,3,0.9171836840060523,0.582086632665598
5,3,0.9171836840060523,0.5374279076187114
5,3,0.9171836840060523,0.35879300743116493
5,3,0.9482704481678192,0.35879300743116493
5,3,0.9482704481678192,0.40345173247805155
5,3,0.9482704481678192,0.35879300743116493
5,3,0.9793572123295853,0.40345173247805155
5,3,0.9482704481678192,0.40345173247805155
5,3,0.9482704481678192,0.40345173247805155
5,3,0.9793572123295853,0.40345173247805155
5,3,0.9793572123295853,0.44811045752493817
5,3,0.9793572123295853,0.40345173247805155
6,3,0.010443976491352203,0.44811045752493817
5,3,0.9793572123295853,0.44811045752493817
5,3,0.9793572123295853,0.44811045752493817
6,3,0.010443976491352203,0.44811045752493817
6,3,0.010443976491352203,0.4927691825718248
6,3,0.010443976491352203,0.44811045752493817
6,3,0.041530740653119125,0.4927691825718248
6,3,0.010443976491352203,0.4927691825718248
6,3,0.010443976491352203,0.4927691825718248
6,3,0.041530740653119125,0.4927691825718248
6,3,0.041530740653119125,0.5374279076187114
6,3,0.041530740653119125,0.4927691825718248
6,3,0.07261750481488605,0.5374279076187114
6,3,0.041530740653119125,0.5374279076187114
6,3,0.041530740653119125,0.5374279076187114
6,3,0.07261750481488605,0.5374279076187114
6,3,0.07261750481488605,0.582086632665598
5,3,0.9482704481678192,0.35879300743116493
5,3,0.9793572123295853,0.35879300743116493
5,3,0.9793572123295853,0.40345173247805155
5,3,0.9793572123295853,0.35879300743116493
6,3,0.010443976491352203,0.40345173247805155
5,3,0.9793572123295853,0.40345173247805155
5,3,0.9793572123295853,0.40345173247805155
6,3,0.010443976491352203,0.40345173247805155
6,3,0.010443976491352203,0.44811045752493817
6,3,0.010443976491352203,0.40345173247805155
6,3,0.041530740653119125,0.44811045752493817
6,3,0.010443976491352203,0.44811045752493817
6,3,0.010443976491352203,0.44811045752493817
6,3,0.041530740653119125,0.44811045752493817
6,3,0.041530740653119125,0.4927691825718248
6,3,0.041530740653119125,0.44811045752493817
6,3,0.07261750481488605,0.4927691825718248
6,3,0.041530740653119125,0.4927691825718248
6,3,0.041530740653119125,0.4927691825718248
6,3,0.07261750481488605,0.4927691825718248
6,3,0.07261750481488605,0.5374279076187114
5,3,0.9793572123295853,0.35879300743116493
6,3,0.010443976491352203,0.35879300743116493
6,3,0.010443976491352203,0.40345173247805155
6,3,0.010443976491352203,0.35879300743116493
6,3,0.041530740653119125,0.40345173247805155
6,3,0.010443976491352203,0.40345173247805155
6,3,0.010443976491352203,0.40345173247805155
6,3,0.041530740653119125,0.40345173247805155
6,3,0.041530740653119125,0.44811045752493817
6,3,0.041530740653119125,0.40345173247805155
6,3,0.07261750481488605,0.44811045752493817
6,3,0.041530740653119125,0.44811045752493817
6,3,0.041530740653119125,0.44811045752493817
6,3,0.07261750481488605,0.44811045752493817
6,3,0.07261750481488605,0.4927691825718248
6,3,0.010443976491352203,0.35879300743116493
6,3,0.041530740653119125,0.35879300743116493
6,3,0.041530740653119125,0.40345173247805155
6,3,0.041530740653119125,0.35879300743116493
6,3,0.07261750481488605,0.40345173247805155
6,3,0.041530740653119125,0.40345173247805155
6,3,0.041530740653119125,0.40345173247805155
6,3,0.07261750481488605,0.40345173247805155
6,3,0.07261750481488605,0.44811045752493817
6,3,0.041530740653119125,0.35879300743116493
6,3,0.07261750481488605,0.35879300743116493
6,3,0.07261750481488605,0.40345173247805155
5,3,0.9171836840060523,0.35879300743116493
5,3,0.9171836840060523,0.40345173247805155
5,3,0.8860969198442854,0.40345173247805155
5,3,0.9171836840060523,0.40345173247805155
5,3,0.8860969198442854,0.44811045752493817
5,3,0.8860969198442854,0.40345173247805155
5,3,0.8860969198442854,0.40345173247805155
5,3,0.8860969198442854,0.44811045752493817
5,3,0.8550101556825185,0.44811045752493817
5,3,0.8860969198442854,0.44811045752493817
5,3,0.8550101556825185,0.4927691825718248
5,3,0.8550101556825185,0.44811045752493817
5,3,0.8550101556825185,0.44811045752493817
5,3,0.8550101556825185,0.4927691825718248
5,3,0.8239233915207524,0.4927691825718248
5,3,0.8550101556825185,0.4927691825718248
5,3,0.8239233915207524,0.5374279076187114
5,3,0.8239233915207524,0.4927691825718248
5,3,0.8239233915207524,0.4927691825718248
5,3,0.8239233915207524,0.5374279076187114
5,3,0.7928366273589855,0.5374279076187114
5,3,0.8239233915207524,0.5374279076187114
5,3,0.7928366273589855,0.582086632665598
5,3,0.7928366273589855,0.5374279076187114
5,3,0.7928366273589855,0.5374279076187114
5,3,0.7928366273589855,0.582086632665598
5,3,0.7617498631972186,0.582086632665598
5,3,0.9171836840060523,0.40345173247805155
5,3,0.9171836840060523,0.44811045752493817
5,3,0.8860969198442854,0.44811045752493817
5,3,0.9171836840060523,0.44811045752493817
5,3,0.8860969198442854,0.4927691825718248
5,3,0.8860969198442854,0.44811045752493817
5,3,0.8860969198442854,0.44811045752493817
5,3,0.8860969198442854,0.4927691825718248
5,3,0.8550101556825185,0.4927691825718248
5,3,0.8860969198442854,0.4927691825718248
5,3,0.8550101556825185,0.5374279076187114
5,3,0.8550101556825185,0.4927691825718248
5,3,0.8550101556825185,0.4927691825718248
5,3,0.8550101556825185,0.5374279076187114
5,3,0.8239233915207524,0.5374279076187114
5,3,0.8550101556825185,0.5374279076187114
5,3,0.8239233915207524,0.582086632665598
5,3,0.8239233915207524,0.5374279076187114
5,3,0.8239233915207524,0.5374279076187114
5,3,0.8239233915207524,0.582086632665598
5,3,0.7928366273589855,0.582086632665598
5,3,0.9171836840060523,0.44811045752493817
5,3,0.9171836840060523,0.4927691825718248
5,3,0.8860969198442854,0.4927691825718248
5,3,0.9171836840060523,0.4927691825718248
5,3,0.8860969198442854,0.5374279076187114
5,3,0.8860969198442854,0.4927691825718248
5,3,0.8860969198442854,0.4927691825718248
5,3,0.8860969198442854,0.5374279076187114
5,3,0.8550101556825185,0.5374279076187114
5,3,0.8860969198442854,0.5374279076187114
5,3,0.8550101556825185,0.582086632665598
5,3,0.8550101556825185,0.5374279076187114
5,3,0.8550101556825185,0.5374279076187114
5,3,0.8550101556825185,0.582086632665598
5,3,0.8239233915207524,0.582086632665598
5,3,0.9171836840060523,0.4927691825718248
5,3,0.9171836840060523,0.5374279076187114
5,3,0.8860969198442854,0.5374279076187114
5,3,0.9171836840060523,0.5374279076187114
5,3,0.8860969198442854,0.582086632665598
5,3,0.8860969198442854,0.5374279076187114
5,3,0.8860969198442854,0.5374279076187114
5,3,0.8860969198442854,0.582086632665598
5,3,0.8550101556825185,0.582086632665598
5,3,0.9171836840060523,0.5374279076187114
5,3,0.9171836840060523,0.582086632665598
5,3,0.8860969198442854,0.582086632665598
5,3,0.7617498631972186,0.582086632665598
5,3,0.7617498631972186,0.5374279076187114
5,3,0.7928366273589855,0.5374279076187114
5,3,0.7617498631972186,0.5374279076187114
5,3,0.7928366273589855,0.4927691825718248
5,3,0.7928366273589855,0.5374279076187114
5,3,0.7928366273589855,0.5374279076187114
5,3,0.7928366273589855,0.4927691825718248
5,3,0.8239233915207524,0.4927691825718248
5,3,0.7928366273589855,0.4927691825718248
5,3,0.8239233915207524,0.44811045752493817
5,3,0.8239233915207524,0.4927691825718248
5,3,0.8239233915207524,0.4927691825718248
5,3,0.8239233915207524,0.44811045752493817
5,3,0.8550101556825185,0.44811045752493817
5,3,0.8239233915207524,0.44811045752493817
5,3,0.8550101556825185,0.40345173247805155
5,3,0.8550101556825185,0.44811045752493817
5,3,0.8550101556825185,0.44811045752493817
5,3,0.8550101556825185,0.40345173247805155
5,3,0.8860969198442854,0.40345173247805155
5,3,0.8550101556825185,0.40345173247805155
5,3,0.8860969198442854,0.35879300743116493
5,3,0.8860969198442854,0.40345173247805155
5,3,0.8860969198442854,0.40345173247805155
5,3,0.8860969198442854,0.35879300743116493
5,3,0.9171836840060523,0.35879300743116493
5,3,0.7617498631972186,0.5374279076187114
5,3,0.7617498631972186,0.4927691825718248
5,3,0.7928366273589855,0.4927691825718248
5,3,0.7617498631972186,0.4927691825718248
5,3,0.7928366273589855,0.44811045752493817
5,3,0.7928366273589855,0.4927691825718248
5,3,0.7928366273589855,0.4927691825718248
5,3,0.7928366273589855,0.44811045752493817
5,3,0.8239233915207524,0.44811045752493817
5,3,0.7928366273589855,0.44811045752493817
5,3,0.8239233915207524,0.40345173247805155
5,3,0.8239233915207524,0.44811045752493817
5,3,0.8239233915207524,0.44811045752493817
5,3,0.8239233915207524,0.40345173247805155
5,3,0.8550101556825185,0.40345173247805155
5,3,0.8239233915207524,0.40345173247805155
5,3,0.8550101556825185,0.35879300743116493
5,3,0.8550101556825185,0.40345173247805155
5,3,0.8550101556825185,0.40345173247805155
5,3,0.8550101556825185,0.35879300743116493
5,3,0.8860969198442854,0.35879300743116493
5,3,0.7617498631972186,0.4927691825718248
5,3,0.7617498631972186,0.44811045752493817
5,3,0.7928366273589855,0.44811045752493817
5,3,0.7617498631972186,0.44811045752493817
5,3,0.7928366273589855,0.40345173247805155
5,3,0.7928366273589855,0.44811045752493817
5,3,0.7928366273589855,0.44811045752493817
5,3,0.7928366273589855,0.40345173247805155
5,3,0.8239233915207524,0.40345173247805155
5,3,0.7928366273589855,0.40345173247805155
5,3,0.8239233915207524,0.35879300743116493
5,3,0.8239233915207524,0.40345173247805155
5,3,0.8239233915207524,0.40345173247805155
5,3,0.8239233915207524,0.35879300743116493
5,3,0.8550101556825185,0.35879300743116493
5,3,0.7617498631972186,0.44811045752493817
5,3,0.7617498631972186,0.40345173247805155
5,3,0.7928366273589855,0.40345173247805155
5,3,0.7617498631972186,0.40345173247805155
5,3,0.7928366273589855,0.35879300743116493
5,3,0.7928366273589855,0.40345173247805155
5,3,0.7928366273589855,0.40345173247805155
5,3,0.7928366273589855,0.35879300743116493
5,3,0.8239233915207524,0.35879300743116493
5,3,0.7617498631972186,0.40345173247805155
5,3,0.7617498631972186,0.35879300743116493
5,3,0.7928366273589855,0.35879300743116493
5,3,0.6399999999999997,0.9199999999999999
5,3,0.486830188679245,0.7536308869433963
5,2,0.486830188679245,0.08636911305660355
5,3,0.7931698113207544,0.7536308869433963
5,2,0.7931698113207544,0.08636911305660355
5,2,0.8674258619288224,0.11386631445052497
5,2,0.8215211951995789,0.11386631445052497
5,2,0.8215211951995789,0.08282373303309942
5,2,0.8215211951995789,0.11386631445052497
5,2,0.7756165284703362,0.08282373303309942
5,2,0.8215211951995789,0.08282373303309942
5,2,0.8215211951995789,0.08282373303309942
5,2,0.7756165284703362,0.08282373303309942
5,2,0.7756165284703362,0.051781151615673426
5,2,0.7756165284703362,0.08282373303309942
5,2,0.7297118617410927,0.051781151615673426
5,2,0.7756165284703362,0.051781151615673426
5,2,0.7756165284703362,0.051781151615673426
5,2,0.7297118617410927,0.051781151615673426
5,2,0.7297118617410927,0.020738570198247874
5,2,0.7297118617410927,0.051781151615673426
5,2,0.6838071950118492,0.020738570198247874
5,2,0.7297118617410927,0.020738570198247874
5,2,0.7297118617410927,0.020738570198247874
5,2,0.6838071950118492,0.020738570198247874
5,3,0.6838071950118492,0.9896959887808223
5,2,0.6838071950118492,0.020738570198247874
5,3,0.6379025282826056,0.9896959887808223
5,3,0.6838071950118492,0.9896959887808223
5,3,0.6838071950118492,0.9896959887808223
5,3,0.6379025282826056,0.9896959887808223
5,3,0.6379025282826056,0.9586534073633968
5,2,0.8215211951995789,0.11386631445052497
5,2,0.7756165284703362,0.11386631445052497
5,2,0.7756165284703362,0.08282373303309942
5,2,0.7756165284703362,0.11386631445052497
5,2,0.7297118617410927,0.08282373303309942
5,2,0.7756165284703362,0.08282373303309942
5,2,0.7756165284703362,0.08282373303309942
5,2,0.7297118617410927,0.08282373303309942
5,2,0.7297118617410927,0.051781151615673426
5,2,0.7297118617410927,0.08282373303309942
5,2,0.6838071950118492,0.051781151615673426
5,2,0.7297118617410927,0.051781151615673426
5,2,0.7297118617410927,0.051781151615673426
5,2,0.6838071950118492,0.051781151615673426
5,2,0.6838071950118492,0.020738570198247874
5,2,0.6838071950118492,0.051781151615673426
5,2,0.6379025282826056,0.020738570198247874
5,2,0.6838071950118492,0.020738570198247874
5,2,0.6838071950118492,0.020738570198247874
5,2,0.6379025282826056,0.020738570198247874
5,3,0.6379025282826056,0.9896959887808223
5,2,0.7756165284703362,0.11386631445052497
5,2,0.7297118617410927,0.11386631445052497
5,2,0.7297118617410927,0.08282373303309942
5,2,0.7297118617410927,0.11386631445052497
5,2,0.6838071950118492,0.08282373303309942
5,2,0.7297118617410927,0.08282373303309942
5,2,0.7297118617410927,0.08282373303309942
5,2,0.6838071950118492,0.08282373303309942
5,2,0.6838071950118492,0.051781151615673426
5,2,0.6838071950118492,0.08282373303309942
5,2,0.6379025282826056,0.051781151615673426
5,2,0.6838071950118492,0.051781151615673426
5,2,0.6838071950118492,0.051781151615673426
5,2,0.6379025282826056,0.051781151615673426
5,2,0.6379025282826056,0.020738570198247874
5,2,0.7297118617410927,0.11386631445052497
5,2,0.6838071950118492,0.11386631445052497
5,2,0.6838071950118492,0.08282373303309942
5,2,0.6838071950118492,0.11386631445052497
5,2,0.6379025282826056,0.08282373303309942
5,2,0.6838071950118492,0.08282373303309942
5,2,0.6838071950118492,0.08282373303309942
5,2,0.6379025282826056,0.08282373303309942
5,2,0.6379025282826056,0.051781151615673426
5,2,0.6838071950118492,0.11386631445052497
5,2,0.6379025282826056,0.11386631445052497
5,2,0.6379025282826056,0.08282373303309942
5,3,0.6379025282826056,0.9586534073633968
5,3,0.6838071950118492,0.9586534073633968
5,3,0.6838071950118492,0.9896959887808223
5,3,0.6838071950118492,0.9586534073633968
5,3,0.7297118617410927,0.9896959887808223
5,3,0.6838071950118492,0.9896959887808223
5,3,0.6838071950118492,0.9896959887808223
5,3,0.7297118617410927,0.9896959887808223
5,2,0.7297118617410927,0.020738570198247874
5,3,0.7297118617410927,0.9896959887808223
5,2,0.7756165284703362,0.020738570198247874
5,2,0.7297118617410927,0.020738570198247874
5,2,0.7297118617410927,0.020738570198247874
5,2,0.7756165284703362,0.020738570198247874
5,2,0.7756165284703362,0.051781151615673426
5,2,0.7756165284703362,0.020738570198247874
5,2,0.8215211951995789,0.051781151615673426
5,2,0.7756165284703362,0.051781151615673426
5,2,0.7756165284703362,0.051781151615673426
5,2,0.8215211951995789,0.051781151615673426
5,2,0.8215211951995789,0.08282373303309942
5,2,0.8215211951995789,0.051781151615673426
5,2,0.8674258619288224,0.08282373303309942
5,2,0.8215211951995789,0.08282373303309942
5,2,0.8215211951995789,0.08282373303309942
5,2,0.8674258619288224,0.08282373303309942
5,2,0.8674258619288224,0.11386631445052497
5,3,0.6838071950118492,0.9586534073633968
5,3,0.7297118617410927,0.9586534073633968
5,3,0.7297118617410927,0.9896959887808223
5,3,0.7297118617410927,0.9586534073633968
5,3,0.7756165284703362,0.9896959887808223
5,3,0.7297118617410927,0.9896959887808223
5,3,0.7297118617410927,0.9896959887808223
5,3,0.7756165284703362,0.9896959887808223
5,2,0.7756165284703362,0.020738570198247874
5,3,0.7756165284703362,0.9896959887808223
5,2,0.8215211951995789,0.020738570198247874
5,2,0.7756165284703362,0.020738570198247874
5,2,0.7756165284703362,0.020738570198247874
5,2,0.8215211951995789,0.020738570198247874
5,2,0.8215211951995789,0.051781151615673426
5,2,0.8215211951995789,0.020738570198247874
5,2,0.8674258619288224,0.051781151615673426
5,2,0.8215211951995789,0.051781151615673426
5,2,0.8215211951995789,0.051781151615673426
5,2,0.8674258619288224,0.051781151615673426
5,2,0.8674258619288224,0.08282373303309942
5,3,0.7297118617410927,0.9586534073633968
5,3,0.7756165284703362,0.9586534073633968
5,3,0.7756165284703362,0.9896959887808223
5,3,0.7756165284703362,0.9586534073633968
5,3,0.8215211951995789,0.9896959887808223
5,3,0.7756165284703362,0.9896959887808223
5,3,0.7756165284703362,0.9896959887808223
5,3,0.8215211951995789,0.9896959887808223
5,2,0.8215211951995789,0.020738570198247874
5,3,0.8215211951995789,0.9896959887808223
5,2,0.8674258619288224,0.020738570198247874
5,2,0.8215211951995789,0.020738570198247874
5,2,0.8215211951995789,0.020738570198247874
5,2,0.8674258619288224,0.020738570198247874
5,2,0.8674258619288224,0.051781151615673426
5,3,0.7756165284703362,0.9586534073633968
5,3,0.8215211951995789,0.9586534073633968
5,3,0.8215211951995789,0.9896959887808223
5,3,0.8215211951995789,0.9586534073633968
5,3,0.8674258619288224,0.9896959887808223
5,3,0.8215211951995789,0.9896959887808223
5,3,0.8215211951995789,0.9896959887808223
5,3,0.8674258619288224,0.9896959887808223
5,2,0.8674258619288224,0.020738570198247874
5,3,0.8215211951995789,0.9586534073633968
5,3,0.8674258619288224,0.9586534073633968
5,3,0.8674258619288224,0.9896959887808223
5,3,0.6379025282826056,0.9586534073633968
5,3,0.6379025282826056,0.9275508981826168
5,3,0.6838071950118492,0.9275508981826168
5,3,0.6379025282826056,0.9275508981826168
5,3,0.6838071950118492,0.8964483890018373
5,3,0.6838071950118492,0.9275508981826168
5,3,0.6838071950118492,0.9275508981826168
5,3,0.6838071950118492,0.8964483890018373
5,3,0.7297118617410927,0.8964483890018373
5,3,0.6838071950118492,0.8964483890018373
5,3,0.7297118617410927,0.8653458798210574
5,3,0.7297118617410927,0.8964483890018373
5,3,0.7297118617410927,0.8964483890018373
5,3,0.7297118617410927,0.8653458798210574
5,3,0.7756165284703362,0.8653458798210574
5,3,0.7297118617410927,0.8653458798210574
5,3,0.7756165284703362,0.8342433706402779
5,3,0.7756165284703362,0.8653458798210574
5,3,0.7756165284703362,0.8653458798210574
5,3,0.7756165284703362,0.8342433706402779
5,3,0.8215211951995789,0.8342433706402779
5,3,0.7756165284703362,0.8342433706402779
5,3,0.8215211951995789,0.8031408614594979
5,3,0.8215211951995789,0.8342433706402779
5,3,0.8215211951995789,0.8342433706402779
5,3,0.8215211951995789,0.8031408614594979
5,3,0.8674258619288224,0.8031408614594979
5,3,0.6379025282826056,0.9275508981826168
5,3,0.6379025282826056,0.8964483890018373
5,3,0.6838071950118492,0.8964483890018373
5,3,0.6379025282826056,0.8964483890018373
5,3,0.6838071950118492,0.8653458798210574
5,3,0.6838071950118492,0.8964483890018373
5,3,0.6838071950118492,0.8964483890018373
5,3,0.6838071950118492,0.8653458798210574
5,3,0.7297118617410927,0.8653458798210574
5,3,0.6838071950118492,0.8653458798210574
5,3,0.7297118617410927,0.8342433706402779
5,3,0.7297118617410927,0.8653458798210574
5,3,0.7297118617410927,0.8653458798210574
5,3,0.7297118617410927,0.8342433706402779
5,3,0.7756165284703362,0.8342433706402779
5,3,0.7297118617410927,0.8342433706402779
5,3,0.7756165284703362,0.8031408614594979
5,3,0.7756165284703362,0.8342433706402779
5,3,0.7756165284703362,0.8342433706402779
5,3,0.7756165284703362,0.8031408614594979
5,3,0.8215211951995789,0.8031408614594979
5,3,0.6379025282826056,0.8964483890018373
5,3,0.6379025282826056,0.8653458798210574
5,3,0.6838071950118492,0.8653458798210574
5,3,0.6379025282826056,0.8653458798210574
5,3,0.6838071950118492,0.8342433706402779
5,3,0.6838071950118492,0.8653458798210574
5,3,0.6838071950118492,0.8653458798210574
5,3,0.6838071950118492,0.8342433706402779
5,3,0.7297118617410927,0.8342433706402779
5,3,0.6838071950118492,0.8342433706402779
5,3,0.7297118617410927,0.8031408614594979
5,3,0.7297118617410927,0.8342433706402779
5,3,0.7297118617410927,0.8342433706402779
5,3,0.7297118617410927,0.8031408614594979
5,3,0.7756165284703362,0.8031408614594979
5,3,0.6379025282826056,0.8653458798210574
5,3,0.6379025282826056,0.8342433706402779
5,3,0.6838071950118492,0.8342433706402779
5,3,0.6379025282826056,0.8342433706402779
5,3,0.6838071950118492,0.8031408614594979
5,3,0.6838071950118492,0.8342433706402779
5,3,0.6838071950118492,0.8342433706402779
5,3,0.6838071950118492,0.8031408614594979
5,3,0.7297118617410927,0.8031408614594979
5,3,0.6379025282826056,0.8342433706402779
5,3,0.6379025282826056,0.8031408614594979
5,3,0.6838071950118492,0.8031408614594979
5,3,0.8674258619288224,0.8031408614594979
5,3,0.8674258619288224,0.8342433706402779
5,3,0.8215211951995789,0.8342433706402779
5,3,0.8674258619288224,0.8342433706402779
5,3,0.8215211951995789,0.8653458798210574
5,3,0.8215211951995789,0.8342433706402779
5,3,0.8215211951995789,0.8342433706402779
5,3,0.8215211951995789,0.8653458798210574
5,3,0.7756165284703362,0.8653458798210574
5,3,0.8215211951995789,0.8653458798210574
5,3,0.7756165284703362,0.8964483890018373
5,3,0.7756165284703362,0.8653458798210574
5,3,0.7756165284703362,0.8653458798210574
5,3,0.7756165284703362,0.8964483890018373
5,3,0.7297118617410927,0.8964483890018373
5,3,0.7756165284703362,0.8964483890018373
5,3,0.7297118617410927,0.9275508981826168
5,3,0.7297118617410927,0.8964483890018373
5,3,0.7297118617410927,0.8964483890018373
5,3,0.7297118617410927,0.9275508981826168
5,3,0.6838071950118492,0.9275508981826168
5,3,0.7297118617410927,0.9275508981826168
5,3,0.6838071950118492,0.9586534073633968
5,3,0.6838071950118492,0.9275508981826168
5,3,0.6838071950118492,0.9275508981826168
5,3,0.6838071950118492,0.9586534073633968
5,3,0.6379025282826056,0.9586534073633968
5,3,0.8674258619288224,0.8342433706402779
5,3,0.8674258619288224,0.8653458798210574
5,3,0.8215211951995789,0.8653458798210574
5,3,0.8674258619288224,0.8653458798210574
5,3,0.8215211951995789,0.8964483890018373
5,3,0.8215211951995789,0.8653458798210574
5,3,0.8215211951995789,0.8653458798210574
5,3,0.8215211951995789,0.8964483890018373
5,3,0.7756165284703362,0.8964483890018373
5,3,0.8215211951995789,0.8964483890018373
5,3,0.7756165284703362,0.9275508981826168
5,3,0.7756165284703362,0.8964483890018373
5,3,0.7756165284703362,0.8964483890018373
5,3,0.7756165284703362,0.9275508981826168
5,3,0.7297118617410927,0.9275508981826168
5,3,0.7756165284703362,0.9275508981826168
5,3,0.7297118617410927,0.9586534073633968
5,3,0.7297118617410927,0.9275508981826168
5,3,0.7297118617410927,0.9275508981826168
5,3,0.7297118617410927,0.9586534073633968
5,3,0.6838071950118492,0.9586534073633968
5,3,0.8674258619288224,0.8653458798210574
5,3,0.8674258619288224,0.8964483890018373
5,3,0.8215211951995789,0.8964483890018373
5,3,0.8674258619288224,0.8964483890018373
5,3,0.8215211951995789,0.9275508981826168
5,3,0.8215211951995789,0.8964483890018373
5,3,0.8215211951995789,0.8964483890018373
5,3,0.8215211951995789,0.9275508981826168
5,3,0.7756165284703362,0.9275508981826168
5,3,0.8215211951995789,0.9275508981826168
5,3,0.7756165284703362,0.9586534073633968
5,3,0.7756165284703362,0.9275508981826168
5,3,0.7756165284703362,0.9275508981826168
5,3,0.7756165284703362,0.9586534073633968
5,3,0.7297118617410927,0.9586534073633968
5,3,0.8674258619288224,0.8964483890018373
5,3,0.8674258619288224,0.9275508981826168
5,3,0.8215211951995789,0.9275508981826168
5,3,0.8674258619288224,0.9275508981826168
5,3,0.8215211951995789,0.9586534073633968
5,3,0.8215211951995789,0.9275508981826168
5,3,0.8215211951995789,0.9275508981826168
5,3,0.8215211951995789,0.9586534073633968
5,3,0.7756165284703362,0.9586534073633968
5,3,0.8674258619288224,0.9275508981826168
5,3,0.8674258619288224,0.9586534073633968
5,3,0.8215211951995789,0.9586534073633968
5,2,0.4085664688968711,0.11386631445052497
5,2,0.4085664688968711,0.08282373303309942
5,2,0.45443368077401836,0.08282373303309942
5,2,0.4085664688968711,0.08282373303309942
5,2,0.45443368077401836,0.051781151615673426
5,2,0.45443368077401836,0.08282373303309942
5,2,0.45443368077401836,0.08282373303309942
5,2,0.45443368077401836,0.051781151615673426
5,2,0.5003008926511647,0.051781151615673426
5,2,0.45443368077401836,0.051781151615673426
5,2,0.5003008926511647,0.020738570198247874
5,2,0.5003008926511647,0.051781151615673426
5,2,0.5003008926511647,0.051781151615673426
5,2,0.5003008926511647,0.020738570198247874
5,2,0.546168104528312,0.020738570198247874
5,2,0.5003008926511647,0.020738570198247874
5,3,0.546168104528312,0.9896959887808223
5,2,0.546168104528312,0.020738570198247874
5,2,0.546168104528312,0.020738570198247874
5,3,0.546168104528312,0.9896959887808223
5,3,0.5920353164054593,0.9896959887808223
5,3,0.546168104528312,0.9896959887808223
5,3,0.5920353164054593,0.9586534073633968
5,3,0.5920353164054593,0.9896959887808223
5,3,0.5920353164054593,0.9896959887808223
5,3,0.5920353164054593,0.9586534073633968
5,3,0.6379025282826056,0.9586534073633968
5,2,0.4085664688968711,0.08282373303309942
5,2,0.4085664688968711,0.051781151615673426
5,2,0.45443368077401836,0.051781151615673426
5,2,0.4085664688968711,0.051781151615673426
5,2,0.45443368077401836,0.020738570198247874
5,2,0.45443368077401836,0.051781151615673426
5,2,0.45443368077401836,0.051781151615673426
5,2,0.45443368077401836,0.020738570198247874
5,2,0.5003008926511647,0.020738570198247874
5,2,0.45443368077401836,0.020738570198247874
5,3,0.5003008926511647,0.9896959887808223
5,2,0.5003008926511647,0.020738570198247874
5,2,0.5003008926511647,0.020738570198247874
5,3,0.5003008926511647,0.9896959887808223
5,3,0.546168104528312,0.9896959887808223
5,3,0.5003008926511647,0.9896959887808223
5,3,0.546168104528312,0.9586534073633968
5,3,0.546168104528312,0.9896959887808223
5,3,0.546168104528312,0.9896959887808223
5,3,0.546168104528312,0.9586534073633968
5,3,0.5920353164054593,0.9586534073633968
5,2,0.4085664688968711,0.051781151615673426
5,2,0.4085664688968711,0.020738570198247874
5,2,0.45443368077401836,0.020738570198247874
5,2,0.4085664688968711,0.020738570198247874
5,3,0.45443368077401836,0.9896959887808223
5,2,0.45443368077401836,0.020738570198247874
5,2,0.45443368077401836,0.020738570198247874
5,3,0.45443368077401836,0.9896959887808223
5,3,0.5003008926511647,0.9896959887808223
5,3,0.45443368077401836,0.9896959887808223
5,3,0.5003008926511647,0.9586534073633968
5,3,0.5003008926511647,0.9896959887808223
5,3,0.5003008926511647,0.9896959887808223
5,3,0.5003008926511647,0.9586534073633968
5,3,0.546168104528312,0.9586534073633968
5,2,0.4085664688968711,0.020738570198247874
5,3,0.4085664688968711,0.9896959887808223
5,3,0.45443368077401836,0.9896959887808223
5,3,0.4085664688968711,0.9896959887808223
5,3,0.45443368077401836,0.9586534073633968
5,3,0.45443368077401836,0.9896959887808223
5,3,0.45443368077401836,0.9896959887808223
5,3,0.45443368077401836,0.9586534073633968
5,3,0.5003008926511647,0.9586534073633968
5,3,0.4085664688968711,0.9896959887808223
5,3,0.4085664688968711,0.9586534073633968
5,3,0.45443368077401836,0.9586534073633968
5,3,0.6379025282826056,0.9586534073633968
5,3,0.6379025282826056,0.9896959887808223
5,3,0.5920353164054593,0.9896959887808223
5,3,0.6379025282826056,0.9896959887808223
5,2,0.5920353164054593,0.020738570198247874
5,3,0.5920353164054593,0.9896959887808223
5,3,0.5920353164054593,0.9896959887808223
5,2,0.5920353164054593,0.020738570198247874
5,2,0.546168104528312,0.020738570198247874
5,2,0.5920353164054593,0.020738570198247874
5,2,0.546168104528312,0.051781151615673426
5,2,0.546168104528312,0.020738570198247874
5,2,0.546168104528312,0.020738570198247874
5,2,0.546168104528312,0.051781151615673426
5,2,0.5003008926511647,0.051781151615673426
5,2,0.546168104528312,0.051781151615673426
5,2,0.5003008926511647,0.08282373303309942
5,2,0.5003008926511647,0.051781151615673426
5,2,0.5003008926511647,0.051781151615673426
5,2,0.5003008926511647,0.08282373303309942
5,2,0.45443368077401836,0.08282373303309942
5,2,0.5003008926511647,0.08282373303309942
5,2,0.45443368077401836,0.11386631445052497
5,2,0.45443368077401836,0.08282373303309942
5,2,0.45443368077401836,0.08282373303309942
5,2,0.45443368077401836,0.11386631445052497
5,2,0.4085664688968711,0.11386631445052497
5,3,0.6379025282826056,0.9896959887808223
5,2,0.6379025282826056,0.020738570198247874
5,2,0.5920353164054593,0.020738570198247874
5,2,0.6379025282826056,0.020738570198247874
5,2,0.5920353164054593,0.051781151615673426
5,2,0.5920353164054593,0.020738570198247874
5,2,0.5920353164054593,0.020738570198247874
5,2,0.5920353164054593,0.051781151615673426
5,2,0.546168104528312,0.051781151615673426
5,2,0.5920353164054593,0.051781151615673426
5,2,0.546168104528312,0.08282373303309942
5,2,0.546168104528312,0.051781151615673426
5,2,0.546168104528312,0.051781151615673426
5,2,0.546168104528312,0.08282373303309942
5,2,0.5003008926511647,0.08282373303309942
5,2,0.546168104528312,0.08282373303309942
5,2,0.5003008926511647,0.11386631445052497
5,2,0.5003008926511647,0.08282373303309942
5,2,0.5003008926511647,0.08282373303309942
5,2,0.5003008926511647,0.11386631445052497
5,2,0.45443368077401836,0.11386631445052497
5,2,0.6379025282826056,0.020738570198247874
5,2,0.6379025282826056,0.051781151615673426
5,2,0.5920353164054593,0.051781151615673426
5,2,0.6379025282826056,0.051781151615673426
5,2,0.5920353164054593,0.08282373303309942
5,2,0.5920353164054593,0.051781151615673426
5,2,0.5920353164054593,0.051781151615673426
5,2,0.5920353164054593,0.08282373303309942
5,2,0.546168104528312,0.08282373303309942
5,2,0.5920353164054593,0.08282373303309942
5,2,0.546168104528312,0.11386631445052497
5,2,0.546168104528312,0.08282373303309942
5,2,0.546168104528312,0.08282373303309942
5,2,0.546168104528312,0.11386631445052497
5,2,0.5003008926511647,0.11386631445052497
5,2,0.6379025282826056,0.051781151615673426
5,2,0.6379025282826056,0.08282373303309942
5,2,0.5920353164054593,0.08282373303309942
5,2,0.6379025282826056,0.08282373303309942
5,2,0.5920353164054593,0.11386631445052497
5,2,0.5920353164054593,0.08282373303309942
5,2,0.5920353164054593,0.08282373303309942
5,2,0.5920353164054593,0.11386631445052497
5,2,0.546168104528312,0.11386631445052497
5,2,0.6379025282826056,0.08282373303309942
5,2,0.6379025282826056,0.11386631445052497
5,2,0.5920353164054593,0.11386631445052497
5,3,0.6379025282826056,0.9586534073633968
5,3,0.5920353164054593,0.9586534073633968
5,3,0.5920353164054593,0.9275508981826168
5,3,0.5920353164054593,0.9586534073633968
5,3,0.546168104528312,0.9275508981826168
5,3,0.5920353164054593,0.9275508981826168
5,3,0.5920353164054593,0.9275508981826168
5,3,0.546168104528312,0.9275508981826168
5,3,0.546168104528312,0.8964483890018373
5,3,0.546168104528312,0.9275508981826168
5,3,0.5003008926511647,0.8964483890018373
5,3,0.546168104528312,0.8964483890018373
5,3,0.546168104528312,0.8964483890018373
5,3,0.5003008926511647,0.8964483890018373
5,3,0.5003008926511647,0.8653458798210574
5,3,0.5003008926511647,0.8964483890018373
5,3,0.45443368077401836,0.8653458798210574
5,3,0.5003008926511647,0.8653458798210574
5,3,0.5003008926511647,0.8653458798210574
5,3,0.45443368077401836,0.8653458798210574
5,3,0.45443368077401836,0.8342433706402779
5,3,0.45443368077401836,0.8653458798210574
5,3,0.4085664688968711,0.8342433706402779
5,3,0.45443368077401836,0.8342433706402779
5,3,0.45443368077401836,0.8342433706402779
5,3,0.4085664688968711,0.8342433706402779
5,3,0.4085664688968711,0.8031408614594979
5,3,0.5920353164054593,0.9586534073633968
5,3,0.546168104528312,0.9586534073633968
5,3,0.546168104528312,0.9275508981826168
5,3,0.546168104528312,0.9586534073633968
5,3,0.5003008926511647,0.9275508981826168
5,3,0.546168104528312,0.9275508981826168
5,3,0.546168104528312,0.9275508981826168
5,3,0.5003008926511647,0.9275508981826168
5,3,0.5003008926511647,0.8964483890018373
5,3,0.5003008926511647,0.9275508981826168
5,3,0.45443368077401836,0.8964483890018373
5,3,0.5003008926511647,0.8964483890018373
5,3,0.5003008926511647,0.8964483890018373
5,3,0.45443368077401836,0.8964483890018373
5,3,0.45443368077401836,0.8653458798210574
5,3,0.45443368077401836,0.8964483890018373
5,3,0.4085664688968711,0.8653458798210574
5,3,0.45443368077401836,0.8653458798210574
5,3,0.45443368077401836,0.8653458798210574
5,3,0.4085664688968711,0.8653458798210574
5,3,0.4085664688968711,0.8342433706402779
5,3,0.546168104528312,0.9586534073633968
5,3,0.5003008926511647,0.9586534073633968
5,3,0.5003008926511647,0.9275508981826168
5,3,0.5003008926511647,0.9586534073633968
5,3,0.45443368077401836,0.9275508981826168
5,3,0.5003008926511647,0.9275508981826168
5,3,0.5003008926511647,0.9275508981826168
5,3,0.45443368077401836,0.9275508981826168
5,3,0.45443368077401836,0.8964483890018373
5,3,0.45443368077401836,0.9275508981826168
5,3,0.4085664688968711,0.8964483890018373
5,3,0.45443368077401836,0.8964483890018373
5,3,0.45443368077401836,0.8964483890018373
5,3,0.4085664688968711,0.8964483890018373
5,3,0.4085664688968711,0.8653458798210574
5,3,0.5003008926511647,0.9586534073633968
5,3,0.45443368077401836,0.9586534073633968
5,3,0.45443368077401836,0.9275508981826168
5,3,0.45443368077401836,0.9586534073633968
5,3,0.4085664688968711,0.9275508981826168
5,3,0.45443368077401836,0.9275508981826168
5,3,0.45443368077401836,0.9275508981826168
5,3,0.4085664688968711,0.9275508981826168
5,3,0.4085664688968711,0.8964483890018373
5,3,0.45443368077401836,0.9586534073633968
5,3,0.4085664688968711,0.9586534073633968
5,3,0.4085664688968711,0.9275508981826168
5,3,0.4085664688968711,0.8031408614594979
5,3,0.45443368077401836,0.8031408614594979
5,3,0.45443368077401836,0.8342433706402779
5,3,0.45443368077401836,0.8031408614594979
5,3,0.5003008926511647,0.8342433706402779
5,3,0.45443368077401836,0.8342433706402779
5,3,0.45443368077401836,0.8342433706402779
5,3,0.5003008926511647,0.8342433706402779
5,3,0.5003008926511647,0.8653458798210574
5,3,0.5003008926511647,0.8342433706402779
5,3,0.546168104528312,0.8653458798210574
5,3,0.5003008926511647,0.8653458798210574
5,3,0.5003008926511647,0.8653458798210574
5,3,0.546168104528312,0.8653458798210574
5,3,0.546168104528312,0.8964483890018373
5,3,0.546168104528312,0.8653458798210574
5,3,0.5920353164054593,0.8964483890018373
5,3,0.546168104528312,0.8964483890018373
5,3,0.546168104528312,0.8964483890018373
5,3,0.5920353164054593,0.8964483890018373
5,3,0.5920353164054593,0.9275508981826168
5,3,0.5920353164054593,0.8964483890018373
5,3,0.6379025282826056,0.9275508981826168
5,3,0.5920353164054593,0.9275508981826168
5,3,0.5920353164054593,0.9275508981826168
5,3,0.6379025282826056,0.9275508981826168
5,3,0.6379025282826056,0.9586534073633968
5,3,0.45443368077401836,0.8031408614594979
5,3,0.5003008926511647,0.8031408614594979
5,3,0.5003008926511647,0.8342433706402779
5,3,0.5003008926511647,0.8031408614594979
5,3,0.546168104528312,0.8342433706402779
5,3,0.5003008926511647,0.8342433706402779
5,3,0.5003008926511647,0.8342433706402779
5,3,0.546168104528312,0.8342433706402779
5,3,0.546168104528312,0.8653458798210574
5,3,0.546168104528312,0.8342433706402779
5,3,0.5920353164054593,0.8653458798210574
5,3,0.546168104528312,0.8653458798210574
5,3,0.546168104528312,0.8653458798210574
5,3,0.5920353164054593,0.8653458798210574
5,3,0.5920353164054593,0.8964483890018373
5,3,0.5920353164054593,0.8653458798210574
5,3,0.6379025282826056,0.8964483890018373
5,3,0.5920353164054593,0.8964483890018373
5,3,0.5920353164054593,0.8964483890018373
5,3,0.6379025282826056,0.8964483890018373
5,3,0.6379025282826056,0.9275508981826168
5,3,0.5003008926511647,0.8031408614594979
5,3,0.546168104528312,0.8031408614594979
5,3,0.546168104528312,0.8342433706402779
5,3,0.546168104528312,0.8031408614594979
5,3,0.5920353164054593,0.8342433706402779
5,3,0.546168104528312,0.8342433706402779
5,3,0.546168104528312,0.8342433706402779
5,3,0.5920353164054593,0.8342433706402779
5,3,0.5920353164054593,0.8653458798210574
5,3,0.5920353164054593,0.8342433706402779
5,3,0.6379025282826056,0.8653458798210574
5,3,0.5920353164054593,0.8653458798210574
5,3,0.5920353164054593,0.8653458798210574
5,3,0.6379025282826056,0.8653458798210574
5,3,0.6379025282826056,0.8964483890018373
5,3,0.546168104528312,0.8031408614594979
5,3,0.5920353164054593,0.8031408614594979
5,3,0.5920353164054593,0.8342433706402779
5,3,0.5920353164054593,0.8031408614594979
5,3,0.6379025282826056,0.8342433706402779
5,3,0.5920353164054593,0.8342433706402779
5,3,0.5920353164054593,0.8342433706402779
5,3,0.6379025282826056,0.8342433706402779
5,3,0.6379025282826056,0.8653458798210574
5,3,0.5920353164054593,0.8031408614594979
5,3,0.6379025282826056,0.8031408614594979
5,3,0.6379025282826056,0.8342433706402779
5,2,0.46119053609219307,0.16929949555307067
5,2,0.46119053609219307,0.12345475658718152
5,2,0.49227806333213486,0.12345475658718152
5,2,0.46119053609219307,0.12345475658718152
5,2,0.49227806333213486,0.07761001762129194
5,2,0.49227806333213486,0.12345475658718152
5,2,0.49227806333213486,0.12345475658718152
5,2,0.49227806333213486,0.07761001762129194
5,2,0.5233655905720758,0.07761001762129238
5,2,0.49227806333213486,0.07761001762129194
5,2,0.5233655905720758,0.031765278655402795
5,2,0.5233655905720758,0.07761001762129238
5,2,0.5233655905720758,0.07761001762129238
5,2,0.5233655905720758,0.031765278655402795
5,2,0.5544531178120167,0.031765278655402795
5,2,0.5233655905720758,0.031765278655402795
5,3,0.5544531178120167,0.9859205396895137
5,2,0.5544531178120167,0.031765278655402795
5,2,0.5544531178120167,0.031765278655402795
5,3,0.5544531178120167,0.9859205396895137
5,3,0.5855406450519585,0.9859205396895137
5,3,0.5544531178120167,0.9859205396895137
5,3,0.5855406450519585,0.9400758007236245
5,3,0.5855406450519585,0.9859205396895137
5,3,0.5855406450519585,0.9859205396895137
5,3,0.5855406450519585,0.9400758007236245
5,3,0.6166281722918994,0.9400758007236245
5,2,0.46119053609219307,0.12345475658718152
5,2,0.46119053609219307,0.07761001762129238
5,2,0.49227806333213486,0.07761001762129194
5,2,0.46119053609219307,0.07761001762129238
5,2,0.49227806333213486,0.031765278655402795
5,2,0.49227806333213486,0.07761001762129194
5,2,0.49227806333213486,0.07761001762129194
5,2,0.49227806333213486,0.031765278655402795
5,2,0.5233655905720758,0.031765278655402795
5,2,0.49227806333213486,0.031765278655402795
5,3,0.5233655905720758,0.9859205396895137
5,2,0.5233655905720758,0.031765278655402795
5,2,0.5233655905720758,0.031765278655402795
5,3,0.5233655905720758,0.9859205396895137
5,3,0.5544531178120167,0.9859205396895137
5,3,0.5233655905720758,0.9859205396895137
5,3,0.5544531178120167,0.9400758007236245
5,3,0.5544531178120167,0.9859205396895137
5,3,0.5544531178120167,0.9859205396895137
5,3,0.5544531178120167,0.9400758007236245
5,3,0.5855406450519585,0.9400758007236245
5,2,0.46119053609219307,0.07761001762129238
5,2,0.46119053609219307,0.031765278655402795
5,2,0.49227806333213486,0.031765278655402795
5,2,0.46119053609219307,0.031765278655402795
5,3,0.49227806333213486,0.9859205396895137
5,2,0.49227806333213486,0.031765278655402795
5,2,0.49227806333213486,0.031765278655402795
5,3,0.49227806333213486,0.9859205396895137
5,3,0.5233655905720758,0.9859205396895137
5,3,0.49227806333213486,0.9859205396895137
5,3,0.5233655905720758,0.9400758007236245
5,3,0.5233655905720758,0.9859205396895137
5,3,0.5233655905720758,0.9859205396895137
5,3,0.5233655905720758,0.9400758007236245
5,3,0.5544531178120167,0.9400758007236245
5,2,0.46119053609219307,0.031765278655402795
5,3,0.46119053609219307,0.9859205396895137
5,3,0.49227806333213486,0.9859205396895137
5,3,0.46119053609219307,0.9859205396895137
5,3,0.49227806333213486,0.9400758007236245
5,3,0.49227806333213486,0.9859205396895137
5,3,0.49227806333213486,0.9859205396895137
5,3,0.49227806333213486,0.9400758007236245
5,3,0.5233655905720758,0.9400758007236245
5,3,0.46119053609219307,0.9859205396895137
5,3,0.46119053609219307,0.9400758007236245
5,3,0.49227806333213486,0.9400758007236245
5,3,0.6166281722918994,0.9400758007236245
5,3,0.6166281722918994,0.9859205396895137
5,3,0.5855406450519585,0.9859205396895137
5,3,0.6166281722918994,0.9859205396895137
5,2,0.5855406450519585,0.031765278655402795
5,3,0.5855406450519585,0.9859205396895137
5,3,0.5855406450519585,0.9859205396895137
5,2,0.5855406450519585,0.031765278655402795
5,2,0.5544531178120167,0.031765278655402795
5,2,0.5855406450519585,0.031765278655402795
5,2,0.5544531178120167,0.07761001762129238
5,2,0.5544531178120167,0.031765278655402795
5,2,0.5544531178120167,0.031765278655402795
5,2,0.5544531178120167,0.07761001762129238
5,2,0.5233655905720758,0.07761001762129238
5,2,0.5544531178120167,0.07761001762129238
5,2,0.5233655905720758,0.12345475658718152
5,2,0.5233655905720758,0.07761001762129238
5,2,0.5233655905720758,0.07761001762129238
5,2,0.5233655905720758,0.12345475658718152
5,2,0.49227806333213486,0.12345475658718152
5,2,0.5233655905720758,0.12345475658718152
5,2,0.49227806333213486,0.16929949555307067
5,2,0.49227806333213486,0.12345475658718152
5,2,0.49227806333213486,0.12345475658718152
5,2,0.49227806333213486,0.16929949555307067
5,2,0.46119053609219307,0.16929949555307067
5,3,0.6166281722918994,0.9859205396895137
5,2,0.6166281722918994,0.031765278655402795
5,2,0.5855406450519585,0.031765278655402795
5,2,0.6166281722918994,0.031765278655402795
5,2,0.5855406450519585,0.07761001762129238
5,2,0.5855406450519585,0.031765278655402795
5,2,0.5855406450519585,0.031765278655402795
5,2,0.5855406450519585,0.07761001762129238
5,2,0.5544531178120167,0.07761001762129238
5,2,0.5855406450519585,0.07761001762129238
5,2,0.5544531178120167,0.12345475658718152
5,2,0.5544531178120167,0.07761001762129238
5,2,0.5544531178120167,0.07761001762129238
5,2,0.5544531178120167,0.12345475658718152
5,2,0.5233655905720758,0.12345475658718152
5,2,0.5544531178120167,0.12345475658718152
5,2,0.5233655905720758,0.16929949555307067
5,2,0.5233655905720758,0.12345475658718152
5,2,0.5233655905720758,0.12345475658718152
5,2,0.5233655905720758,0.16929949555307067
5,2,0.49227806333213486,0.16929949555307067
5,2,0.6166281722918994,0.031765278655402795
5,2,0.6166281722918994,0.07761001762129238
5,2,0.5855406450519585,0.07761001762129238
5,2,0.6166281722918994,0.07761001762129238
5,2,0.5855406450519585,0.12345475658718152
5,2,0.5855406450519585,0.07761001762129238
5,2,0.5855406450519585,0.07761001762129238
5,2,0.5855406450519585,0.12345475658718152
5,2,0.5544531178120167,0.12345475658718152
5,2,0.5855406450519585,0.12345475658718152
5,2,0.5544531178120167,0.16929949555307067
5,2,0.5544531178120167,0.12345475658718152
5,2,0.5544531178120167,0.12345475658718152
5,2,0.5544531178120167,0.16929949555307067
5,2,0.5233655905720758,0.16929949555307067
5,2,0.6166281722918994,0.07761001762129238
5,2,0.6166281722918994,0.12345475658718152
5,2,0.5855406450519585,0.12345475658718152
5,2,0.6166281722918994,0.12345475658718152
5,2,0.5855406450519585,0.16929949555307067
5,2,0.5855406450519585,0.12345475658718152
5,2,0.5855406450519585,0.12345475658718152
5,2,0.5855406450519585,0.16929949555307067
5,2,0.5544531178120167,0.16929949555307067
5,2,0.6166281722918994,0.12345475658718152
5,2,0.6166281722918994,0.16929949555307067
5,2,0.5855406450519585,0.16929949555307067
5,3,0.6166281722918994,0.9400758007236245
5,3,0.6477306814726793,0.9400758007236245
5,3,0.6477306814726793,0.9859205396895137
5,3,0.6477306814726793,0.9400758007236245
5,3,0.6788331906534584,0.9859205396895137
5,3,0.6477306814726793,0.9859205396895137
5,3,0.6477306814726793,0.9859205396895137
5,3,0.6788331906534584,0.9859205396895137
5,2,0.6788331906534584,0.031765278655402795
5,3,0.6788331906534584,0.9859205396895137
5,2,0.7099356998342383,0.031765278655402795
5,2,0.6788331906534584,0.031765278655402795
5,2,0.6788331906534584,0.031765278655402795
5,2,0.7099356998342383,0.031765278655402795
5,2,0.7099356998342383,0.07761001762129238
5,2,0.7099356998342383,0.031765278655402795
5,2,0.7410382090150183,0.07761001762129238
5,2,0.7099356998342383,0.07761001762129238
5,2,0.7099356998342383,0.07761001762129238
5,2,0.7410382090150183,0.07761001762129238
5,2,0.7410382090150183,0.12345475658718152
5,2,0.7410382090150183,0.07761001762129238
5,2,0.7721407181957982,0.12345475658718152
5,2,0.7410382090150183,0.12345475658718152
5,2,0.7410382090150183,0.12345475658718152
5,2,0.7721407181957982,0.12345475658718152
5,2,0.7721407181957982,0.16929949555307067
5,3,0.6477306814726793,0.9400758007236245
5,3,0.6788331906534584,0.9400758007236245
5,3,0.6788331906534584,0.9859205396895137
5,3,0.6788331906534584,0.9400758007236245
5,3,0.7099356998342383,0.9859205396895137
5,3,0.6788331906534584,0.9859205396895137
5,3,0.6788331906534584,0.9859205396895137
5,3,0.7099356998342383,0.9859205396895137
5,2,0.7099356998342383,0.031765278655402795
5,3,0.7099356998342383,0.9859205396895137
5,2,0.7410382090150183,0.031765278655402795
5,2,0.7099356998342383,0.031765278655402795
5,2,0.7099356998342383,0.031765278655402795
5,2,0.7410382090150183,0.031765278655402795
5,2,0.7410382090150183,0.07761001762129238
5,2,0.7410382090150183,0.031765278655402795
5,2,0.7721407181957982,0.07761001762129238
5,2,0.7410382090150183,0.07761001762129238
5,2,0.7410382090150183,0.07761001762129238
5,2,0.7721407181957982,0.07761001762129238
5,2,0.7721407181957982,0.12345475658718152
5,3,0.6788331906534584,0.9400758007236245
5,3,0.7099356998342383,0.9400758007236245
5,3,0.7099356998342383,0.9859205396895137
5,3,0.7099356998342383,0.9400758007236245
5,3,0.7410382090150183,0.9859205396895137
5,3,0.7099356998342383,0.9859205396895137
5,3,0.7099356998342383,0.9859205396895137
5,3,0.7410382090150183,0.9859205396895137
5,2,0.7410382090150183,0.031765278655402795
5,3,0.7410382090150183,0.9859205396895137
5,2,0.7721407181957982,0.031765278655402795
5,2,0.7410382090150183,0.031765278655402795
5,2,0.7410382090150183,0.031765278655402795
5,2,0.7721407181957982,0.031765278655402795
5,2,0.7721407181957982,0.07761001762129238
5,3,0.7099356998342383,0.9400758007236245
5,3,0.7410382090150183,0.9400758007236245
5,3,0.7410382090150183,0.9859205396895137
5,3,0.7410382090150183,0.9400758007236245
5,3,0.7721407181957982,0.9859205396895137
5,3,0.7410382090150183,0.9859205396895137
5,3,0.7410382090150183,0.9859205396895137
5,3,0.7721407181957982,0.9859205396895137
5,2,0.7721407181957982,0.031765278655402795
5,3,0.7410382090150183,0.9400758007236245
5,3,0.7721407181957982,0.9400758007236245
5,3,0.7721407181957982,0.9859205396895137
5,2,0.7721407181957982,0.16929949555307067
5,2,0.7410382090150183,0.16929949555307067
5,2,0.7410382090150183,0.12345475658718152
5,2,0.7410382090150183,0.16929949555307067
5,2,0.7099356998342383,0.12345475658718152
5,2,0.7410382090150183,0.12345475658718152
5,2,0.7410382090150183,0.12345475658718152
5,2,0.7099356998342383,0.12345475658718152
5,2,0.7099356998342383,0.07761001762129238
5,2,0.7099356998342383,0.12345475658718152
5,2,0.6788331906534584,0.07761001762129238
5,2,0.7099356998342383,0.07761001762129238
5,2,0.7099356998342383,0.07761001762129238
5,2,0.6788331906534584,0.07761001762129238
5,2,0.6788331906534584,0.031765278655402795
5,2,0.6788331906534584,0.07761001762129238
5,2,0.6477306814726793,0.031765278655402795
5,2,0.6788331906534584,0.031765278655402795
5,2,0.6788331906534584,0.031765278655402795
5,2,0.6477306814726793,0.031765278655402795
5,3,0.6477306814726793,0.9859205396895137
5,2,0.6477306814726793,0.031765278655402795
5,3,0.6166281722918994,0.9859205396895137
5,3,0.6477306814726793,0.9859205396895137
5,3,0.6477306814726793,0.9859205396895137
5,3,0.6166281722918994,0.9859205396895137
5,3,0.6166281722918994,0.9400758007236245
5,2,0.7410382090150183,0.16929949555307067
5,2,0.7099356998342383,0.16929949555307067
5,2,0.7099356998342383,0.12345475658718152
5,2,0.7099356998342383,0.16929949555307067
5,2,0.6788331906534584,0.12345475658718152
5,2,0.7099356998342383,0.12345475658718152
5,2,0.7099356998342383,0.12345475658718152
5,2,0.6788331906534584,0.12345475658718152
5,2,0.6788331906534584,0.07761001762129238
5,2,0.6788331906534584,0.12345475658718152
5,2,0.6477306814726793,0.07761001762129238
5,2,0.6788331906534584,0.07761001762129238
5,2,0.6788331906534584,0.07761001762129238
5,2,0.6477306814726793,0.07761001762129238
5,2,0.6477306814726793,0.031765278655402795
5,2,0.6477306814726793,0.07761001762129238
5,2,0.6166281722918994,0.031765278655402795
5,2,0.6477306814726793,0.031765278655402795
5,2,0.6477306814726793,0.031765278655402795
5,2,0.6166281722918994,0.031765278655402795
5,3,0.6166281722918994,0.9859205396895137
5,2,0.7099356998342383,0.16929949555307067
5,2,0.6788331906534584,0.16929949555307067
5,2,0.6788331906534584,0.12345475658718152
5,2,0.6788331906534584,0.16929949555307067
5,2,0.6477306814726793,0.12345475658718152
5,2,0.6788331906534584,0.12345475658718152
5,2,0.6788331906534584,0.12345475658718152
5,2,0.6477306814726793,0.12345475658718152
5,2,0.6477306814726793,0.07761001762129238
5,2,0.6477306814726793,0.12345475658718152
5,2,0.6166281722918994,0.07761001762129238
5,2,0.6477306814726793,0.07761001762129238
5,2,0.6477306814726793,0.07761001762129238
5,2,0.6166281722918994,0.07761001762129238
5,2,0.6166281722918994,0.031765278655402795
5,2,0.6788331906534584,0.16929949555307067
5,2,0.6477306814726793,0.16929949555307067
5,2,0.6477306814726793,0.12345475658718152
5,2,0.6477306814726793,0.16929949555307067
5,2,0.6166281722918994,0.12345475658718152
5,2,0.6477306814726793,0.12345475658718152
5,2,0.6477306814726793,0.12345475658718152
5,2,0.6166281722918994,0.12345475658718152
5,2,0.6166281722918994,0.07761001762129238
5,2,0.6477306814726793,0.16929949555307067
5,2,0.6166281722918994,0.16929949555307067
5,2,0.6166281722918994,0.12345475658718152
5,3,0.46119053609219307,0.7105524670774082
5,3,0.49227806333213486,0.7105524670774082
5,3,0.49227806333213486,0.7564571338066512
5,3,0.49227806333213486,0.7105524670774082
5,3,0.5233655905720758,0.7564571338066512
5,3,0.49227806333213486,0.7564571338066512
5,3,0.49227806333213486,0.7564571338066512
5,3,0.5233655905720758,0.7564571338066512
5,3,0.5233655905720758,0.8023618005358948
5,3,0.5233655905720758,0.7564571338066512
5,3,0.5544531178120167,0.8023618005358948
5,3,0.5233655905720758,0.8023618005358948
5,3,0.5233655905720758,0.8023618005358948
5,3,0.5544531178120167,0.8023618005358948
5,3,0.5544531178120167,0.8482664672651379
5,3,0.5544531178120167,0.8023618005358948
5,3,0.5855406450519585,0.8482664672651379
5,3,0.5544531178120167,0.8482664672651379
5,3,0.5544531178120167,0.8482664672651379
5,3,0.5855406450519585,0.8482664672651379
5,3,0.5855406450519585,0.8941711339943814
5,3,0.5855406450519585,0.8482664672651379
5,3,0.6166281722918994,0.8941711339943814
5,3,0.5855406450519585,0.8941711339943814
5,3,0.5855406450519585,0.8941711339943814
5,3,0.6166281722918994,0.8941711339943814
5,3,0.6166281722918994,0.9400758007236245
5,3,0.49227806333213486,0.7105524670774082
5,3,0.5233655905720758,0.7105524670774082
5,3,0.5233655905720758,0.7564571338066512
5,3,0.5233655905720758,0.7105524670774082
5,3,0.5544531178120167,0.7564571338066512
5,3,0.5233655905720758,0.7564571338066512
5,3,0.5233655905720758,0.7564571338066512
5,3,0.5544531178120167,0.7564571338066512
5,3,0.5544531178120167,0.8023618005358948
5,3,0.5544531178120167,0.7564571338066512
5,3,0.5855406450519585,0.8023618005358948
5,3,0.5544531178120167,0.8023618005358948
5,3,0.5544531178120167,0.8023618005358948
5,3,0.5855406450519585,0.8023618005358948
5,3,0.5855406450519585,0.8482664672651379
5,3,0.5855406450519585,0.8023618005358948
5,3,0.6166281722918994,0.8482664672651379
5,3,0.5855406450519585,0.8482664672651379
5,3,0.5855406450519585,0.8482664672651379
5,3,0.6166281722918994,0.8482664672651379
5,3,0.6166281722918994,0.8941711339943814
5,3,0.5233655905720758,0.7105524670774082
5,3,0.5544531178120167,0.7105524670774082
5,3,0.5544531178120167,0.7564571338066512
5,3,0.5544531178120167,0.7105524670774082
5,3,0.5855406450519585,0.7564571338066512
5,3,0.5544531178120167,0.7564571338066512
5,3,0.5544531178120167,0.7564571338066512
5,3,0.5855406450519585,0.7564571338066512
5,3,0.5855406450519585,0.8023618005358948
5,3,0.5855406450519585,0.7564571338066512
5,3,0.6166281722918994,0.8023618005358948
5,3,0.5855406450519585,0.8023618005358948
5,3,0.5855406450519585,0.8023618005358948
5,3,0.6166281722918994,0.8023618005358948
5,3,0.6166281722918994,0.8482664672651379
5,3,0.5544531178120167,0.7105524670774082
5,3,0.5855406450519585,0.7105524670774082
5,3,0.5855406450519585,0.7564571338066512
5,3,0.5855406450519585,0.7105524670774082
5,3,0.6166281722918994,0.7564571338066512
5,3,0.5855406450519585,0.7564571338066512
5,3,0.5855406450519585,0.7564571338066512
5,3,0.6166281722918994,0.7564571338066512
5,3,0.6166281722918994,0.8023618005358948
5,3,0.5855406450519585,0.7105524670774082
5,3,0.6166281722918994,0.7105524670774082
5,3,0.6166281722918994,0.7564571338066512
5,3,0.6166281722918994,0.9400758007236245
5,3,0.5855406450519585,0.9400758007236245
5,3,0.5855406450519585,0.8941711339943814
5,3,0.5855406450519585,0.9400758007236245
5,3,0.5544531178120167,0.8941711339943814
5,3,0.5855406450519585,0.8941711339943814
5,3,0.5855406450519585,0.8941711339943814
5,3,0.5544531178120167,0.8941711339943814
5,3,0.5544531178120167,0.8482664672651379
5,3,0.5544531178120167,0.8941711339943814
5,3,0.5233655905720758,0.8482664672651379
5,3,0.5544531178120167,0.8482664672651379
5,3,0.5544531178120167,0.8482664672651379
5,3,0.5233655905720758,0.8482664672651379
5,3,0.5233655905720758,0.8023618005358948
5,3,0.5233655905720758,0.8482664672651379
5,3,0.49227806333213486,0.8023618005358948
5,3,0.5233655905720758,0.8023618005358948
5,3,0.5233655905720758,0.8023618005358948
5,3,0.49227806333213486,0.8023618005358948
5,3,0.49227806333213486,0.7564571338066512
5,3,0.49227806333213486,0.8023618005358948
5,3,0.46119053609219307,0.7564571338066512
5,3,0.49227806333213486,0.7564571338066512
5,3,0.49227806333213486,0.7564571338066512
5,3,0.46119053609219307,0.7564571338066512
5,3,0.46119053609219307,0.7105524670774082
5,3,0.5855406450519585,0.9400758007236245
5,3,0.5544531178120167,0.9400758007236245
5,3,0.5544531178120167,0.8941711339943814
5,3,0.5544531178120167,0.9400758007236245
5,3,0.5233655905720758,0.8941711339943814
5,3,0.5544531178120167,0.8941711339943814
5,3,0.5544531178120167,0.8941711339943814
5,3,0.5233655905720758,0.8941711339943814
5,3,0.5233655905720758,0.8482664672651379
5,3,0.5233655905720758,0.8941711339943814
5,3,0.49227806333213486,0.8482664672651379
5,3,0.5233655905720758,0.8482664672651379
5,3,0.5233655905720758,0.8482664672651379
5,3,0.49227806333213486,0.8482664672651379
5,3,0.49227806333213486,0.8023618005358948
5,3,0.49227806333213486,0.8482664672651379
5,3,0.46119053609219307,0.8023618005358948
5,3,0.49227806333213486,0.8023618005358948
5,3,0.49227806333213486,0.8023618005358948
5,3,0.46119053609219307,0.8023618005358948
5,3,0.46119053609219307,0.7564571338066512
5,3,0.5544531178120167,0.9400758007236245
5,3,0.5233655905720758,0.9400758007236245
5,3,0.5233655905720758,0.8941711339943814
5,3,0.5233655905720758,0.9400758007236245
5,3,0.49227806333213486,0.8941711339943814
5,3,0.5233655905720758,0.8941711339943814
5,3,0.5233655905720758,0.8941711339943814
5,3,0.49227806333213486,0.8941711339943814
5,3,0.49227806333213486,0.8482664672651379
5,3,0.49227806333213486,0.8941711339943814
5,3,0.46119053609219307,0.8482664672651379
5,3,0.49227806333213486,0.8482664672651379
5,3,0.49227806333213486,0.8482664672651379
5,3,0.46119053609219307,0.8482664672651379
5,3,0.46119053609219307,0.8023618005358948
5,3,0.5233655905720758,0.9400758007236245
5,3,0.49227806333213486,0.9400758007236245
5,3,0.49227806333213486,0.8941711339943814
5,3,0.49227806333213486,0.9400758007236245
5,3,0.46119053609219307,0.8941711339943814
5,3,0.49227806333213486,0.8941711339943814
5,3,0.49227806333213486,0.8941711339943814
5,3,0.46119053609219307,0.8941711339943814
5,3,0.46119053609219307,0.8482664672651379
5,3,0.49227806333213486,0.9400758007236245
5,3,0.46119053609219307,0.9400758007236245
5,3,0.46119053609219307,0.8941711339943814
5,3,0.6166281722918994,0.9400758007236245
5,3,0.6166281722918994,0.8941711339943814
5,3,0.6477306814726793,0.8941711339943814
5,3,0.6166281722918994,0.8941711339943814
5,3,0.6477306814726793,0.8482664672651379
5,3,0.6477306814726793,0.8941711339943814
5,3,0.6477306814726793,0.8941711339943814
5,3,0.6477306814726793,0.8482664672651379
5,3,0.6788331906534584,0.8482664672651379
5,3,0.6477306814726793,0.8482664672651379
5,3,0.6788331906534584,0.8023618005358948
5,3,0.6788331906534584,0.8482664672651379
5,3,0.6788331906534584,0.8482664672651379
5,3,0.6788331906534584,0.8023618005358948
5,3,0.7099356998342383,0.8023618005358948
5,3,0.6788331906534584,0.8023618005358948
5,3,0.7099356998342383,0.7564571338066512
5,3,0.7099356998342383,0.8023618005358948
5,3,0.7099356998342383,0.8023618005358948
5,3,0.7099356998342383,0.7564571338066512
5,3,0.7410382090150183,0.7564571338066512
5,3,0.7099356998342383,0.7564571338066512
5,3,0.7410382090150183,0.7105524670774082
5,3,0.7410382090150183,0.7564571338066512
5,3,0.7410382090150183,0.7564571338066512
5,3,0.7410382090150183,0.7105524670774082
5,3,0.7721407181957982,0.7105524670774082
5,3,0.6166281722918994,0.8941711339943814
5,3,0.6166281722918994,0.8482664672651379
5,3,0.6477306814726793,0.8482664672651379
5,3,0.6166281722918994,0.8482664672651379
5,3,0.6477306814726793,0.8023618005358948
5,3,0.6477306814726793,0.8482664672651379
5,3,0.6477306814726793,0.8482664672651379
5,3,0.6477306814726793,0.8023618005358948
5,3,0.6788331906534584,0.8023618005358948
5,3,0.6477306814726793,0.8023618005358948
5,3,0.6788331906534584,0.7564571338066512
5,3,0.6788331906534584,0.8023618005358948
5,3,0.6788331906534584,0.8023618005358948
5,3,0.6788331906534584,0.7564571338066512
5,3,0.7099356998342383,0.7564571338066512
5,3,0.6788331906534584,0.7564571338066512
5,3,0.7099356998342383,0.7105524670774082
5,3,0.7099356998342383,0.7564571338066512
5,3,0.7099356998342383,0.7564571338066512
5,3,0.7099356998342383,0.7105524670774082
5,3,0.7410382090150183,0.7105524670774082
5,3,0.6166281722918994,0.8482664672651379
5,3,0.6166281722918994,0.8023618005358948
5,3,0.6477306814726793,0.8023618005358948
5,3,0.6166281722918994,0.8023618005358948
5,3,0.6477306814726793,0.7564571338066512
5,3,0.6477306814726793,0.8023618005358948
5,3,0.6477306814726793,0.8023618005358948
5,3,0.6477306814726793,0.7564571338066512
5,3,0.6788331906534584,0.7564571338066512
5,3,0.6477306814726793,0.7564571338066512
5,3,0.6788331906534584,0.7105524670774082
5,3,0.6788331906534584,0.7564571338066512
5,3,0.6788331906534584,0.7564571338066512
5,3,0.6788331906534584,0.7105524670774082
5,3,0.7099356998342383,0.7105524670774082
5,3,0.6166281722918994,0.8023618005358948
5,3,0.6166281722918994,0.7564571338066512
5,3,0.6477306814726793,0.7564571338066512
5,3,0.6166281722918994,0.7564571338066512
5,3,0.6477306814726793,0.7105524670774082
5,3,0.6477306814726793,0.7564571338066512
5,3,0.6477306814726793,0.7564571338066512
5,3,0.6477306814726793,0.7105524670774082
5,3,0.6788331906534584,0.7105524670774082
5,3,0.6166281722918994,0.7564571338066512
5,3,0.6166281722918994,0.7105524670774082
5,3,0.6477306814726793,0.7105524670774082
5,3,0.7721407181957982,0.7105524670774082
5,3,0.7721407181957982,0.7564571338066512
5,3,0.7410382090150183,0.7564571338066512
5,3,0.7721407181957982,0.7564571338066512
5,3,0.7410382090150183,0.8023618005358948
5,3,0.7410382090150183,0.7564571338066512
5,3,0.7410382090150183,0.7564571338066512
5,3,0.7410382090150183,0.8023618005358948
5,3,0.7099356998342383,0.8023618005358948
5,3,0.7410382090150183,0.8023618005358948
5,3,0.7099356998342383,0.8482664672651379
5,3,0.7099356998342383,0.8023618005358948
5,3,0.7099356998342383,0.8023618005358948
5,3,0.7099356998342383,0.8482664672651379
5,3,0.6788331906534584,0.8482664672651379
5,3,0.7099356998342383,0.8482664672651379
5,3,0.6788331906534584,0.8941711339943814
5,3,0.6788331906534584,0.8482664672651379
5,3,0.6788331906534584,0.8482664672651379
5,3,0.6788331906534584,0.8941711339943814
5,3,0.6477306814726793,0.8941711339943814
5,3,0.6788331906534584,0.8941711339943814
5,3,0.6477306814726793,0.9400758007236245
5,3,0.6477306814726793,0.8941711339943814
5,3,0.6477306814726793,0.8941711339943814
5,3,0.6477306814726793,0.9400758007236245
5,3,0.6166281722918994,0.9400758007236245
5,3,0.7721407181957982,0.7564571338066512
5,3,0.7721407181957982,0.8023618005358948
5,3,0.7410382090150183,0.8023618005358948
5,3,0.7721407181957982,0.8023618005358948
5,3,0.7410382090150183,0.8482664672651379
5,3,0.7410382090150183,0.8023618005358948
5,3,0.7410382090150183,0.8023618005358948
5,3,0.7410382090150183,0.8482664672651379
5,3,0.7099356998342383,0.8482664672651379
5,3,0.7410382090150183,0.8482664672651379
5,3,0.7099356998342383,0.8941711339943814
5,3,0.7099356998342383,0.8482664672651379
5,3,0.7099356998342383,0.8482664672651379
5,3,0.7099356998342383,0.8941711339943814
5,3,0.6788331906534584,0.8941711339943814
5,3,0.7099356998342383,0.8941711339943814
5,3,0.6788331906534584,0.9400758007236245
5,3,0.6788331906534584,0.8941711339943814
5,3,0.6788331906534584,0.8941711339943814
5,3,0.6788331906534584,0.9400758007236245
5,3,0.6477306814726793,0.9400758007236245
5,3,0.7721407181957982,0.8023618005358948
5,3,0.7721407181957982,0.8482664672651379
5,3,0.7410382090150183,0.8482664672651379
5,3,0.7721407181957982,0.8482664672651379
5,3,0.7410382090150183,0.8941711339943814
5,3,0.7410382090150183,0.8482664672651379
5,3,0.7410382090150183,0.8482664672651379
5,3,0.7410382090150183,0.8941711339943814
5,3,0.7099356998342383,0.8941711339943814
5,3,0.7410382090150183,0.8941711339943814
5,3,0.7099356998342383,0.9400758007236245
5,3,0.7099356998342383,0.8941711339943814
5,3,0.7099356998342383,0.8941711339943814
5,3,0.7099356998342383,0.9400758007236245
5,3,0.6788331906534584,0.9400758007236245
5,3,0.7721407181957982,0.8482664672651379
5,3,0.7721407181957982,0.8941711339943814
5,3,0.7410382090150183,0.8941711339943814
5,3,0.7721407181957982,0.8941711339943814
5,3,0.7410382090150183,0.9400758007236245
5,3,0.7410382090150183,0.8941711339943814
5,3,0.7410382090150183,0.8941711339943814
5,3,0.7410382090150183,0.9400758007236245
5,3,0.7099356998342383,0.9400758007236245
5,3,0.7721407181957982,0.8941711339943814
5,3,0.7721407181957982,0.9400758007236245
5,3,0.7410382090150183,0.9400758007236245
5,3,0.6399999999999997,0.5699999999999998
5,3,0.514751764226415,0.4546874907169811
5,3,0.514751764226415,0.6853125092830186
5,3,0.7652482357735844,0.4546874907169811
5,3,0.7652482357735844,0.6853125092830186
5,3,0.4284809684719679,0.46185281920545496
5,3,0.4718802916739344,0.46185281920545496
5,3,0.4718802916739344,0.4907857013400996
5,3,0.4718802916739344,0.46185281920545496
5,3,0.5152796148759009,0.4907857013400996
5,3,0.4718802916739344,0.4907857013400996
5,3,0.4718802916739344,0.4907857013400996
5,3,0.5152796148759009,0.4907857013400996
5,3,0.5152796148759009,0.5197185834747438
5,3,0.5152796148759009,0.4907857013400996
5,3,0.5586789380778683,0.5197185834747438
5,3,0.5152796148759009,0.5197185834747438
5,3,0.5152796148759009,0.5197185834747438
5,3,0.5586789380778683,0.5197185834747438
5,3,0.5586789380778674,0.5486514656093884
5,3,0.5586789380778683,0.5197185834747438
5,3,0.6020782612798348,0.5486514656093884
5,3,0.5586789380778674,0.5486514656093884
5,3,0.5586789380778674,0.5486514656093884
5,3,0.6020782612798348,0.5486514656093884
5,3,0.6020782612798348,0.577584347744033
5,3,0.6020782612798348,0.5486514656093884
5,3,0.6454775844818013,0.577584347744033
5,3,0.6020782612798348,0.577584347744033
5,3,0.6020782612798348,0.577584347744033
5,3,0.6454775844818013,0.577584347744033
5,3,0.6454775844818013,0.6065172298786772
5,3,0.4718802916739344,0.46185281920545496
5,3,0.5152796148759009,0.46185281920545496
5,3,0.5152796148759009,0.4907857013400996
5,3,0.5152796148759009,0.46185281920545496
5,3,0.5586789380778683,0.4907857013400996
5,3,0.5152796148759009,0.4907857013400996
5,3,0.5152796148759009,0.4907857013400996
5,3,0.5586789380778683,0.4907857013400996
5,3,0.5586789380778683,0.5197185834747438
5,3,0.5586789380778683,0.4907857013400996
5,3,0.6020782612798348,0.5197185834747438
5,3,0.5586789380778683,0.5197185834747438
5,3,0.5586789380778683,0.5197185834747438
5,3,0.6020782612798348,0.5197185834747438
5,3,0.6020782612798348,0.5486514656093884
5,3,0.6020782612798348,0.5197185834747438
5,3,0.6454775844818013,0.5486514656093884
5,3,0.6020782612798348,0.5486514656093884
5,3,0.6020782612798348,0.5486514656093884
5,3,0.6454775844818013,0.5486514656093884
5,3,0.6454775844818013,0.577584347744033
5,3,0.5152796148759009,0.46185281920545496
5,3,0.5586789380778674,0.46185281920545496
5,3,0.5586789380778683,0.4907857013400996
5,3,0.5586789380778674,0.46185281920545496
5,3,0.6020782612798348,0.4907857013400996
5,3,0.5586789380778683,0.4907857013400996
5,3,0.5586789380778683,0.4907857013400996
5,3,0.6020782612798348,0.4907857013400996
5,3,0.6020782612798348,0.5197185834747438
5,3,0.6020782612798348,0.4907857013400996
5,3,0.6454775844818013,0.5197185834747438
5,3,0.6020782612798348,0.5197185834747438
5,3,0.6020782612798348,0.5197185834747438
5,3,0.6454775844818013,0.5197185834747438
5,3,0.6454775844818013,0.5486514656093884
5,3,0.5586789380778674,0.46185281920545496
5,3,0.6020782612798348,0.46185281920545496
5,3,0.6020782612798348,0.4907857013400996
5,3,0.6020782612798348,0.46185281920545496
5,3,0.6454775844818013,0.4907857013400996
5,3,0.6020782612798348,0.4907857013400996
5,3,0.6020782612798348,0.4907857013400996
5,3,0.6454775844818013,0.4907857013400996
5,3,0.6454775844818013,0.5197185834747438
5,3,0.6020782612798348,0.46185281920545496
5,3,0.6454775844818013,0.46185281920545496
5,3,0.6454775844818013,0.4907857013400996
5,3,0.6454775844818013,0.6065172298786772
5,3,0.6020782612798348,0.6065172298786772
5,3,0.6020782612798348,0.577584347744033
5,3,0.6020782612798348,0.6065172298786772
5,3,0.5586789380778683,0.577584347744033
5,3,0.6020782612798348,0.577584347744033
5,3,0.6020782612798348,0.577584347744033
5,3,0.5586789380778683,0.577584347744033
5,3,0.5586789380778674,0.5486514656093884
5,3,0.5586789380778683,0.577584347744033
5,3,0.5152796148759009,0.5486514656093884
5,3,0.5586789380778674,0.5486514656093884
5,3,0.5586789380778674,0.5486514656093884
5,3,0.5152796148759009,0.5486514656093884
5,3,0.5152796148759009,0.5197185834747438
5,3,0.5152796148759009,0.5486514656093884
5,3,0.4718802916739344,0.5197185834747438
5,3,0.5152796148759009,0.5197185834747438
5,3,0.5152796148759009,0.5197185834747438
5,3,0.4718802916739344,0.5197185834747438
5,3,0.4718802916739344,0.4907857013400996
5,3,0.4718802916739344,0.5197185834747438
5,3,0.4284809684719679,0.4907857013400996
5,3,0.4718802916739344,0.4907857013400996
5,3,0.4718802916739344,0.4907857013400996
5,3,0.4284809684719679,0.4907857013400996
5,3,0.4284809684719679,0.46185281920545496
5,3,0.6020782612798348,0.6065172298786772
5,3,0.5586789380778674,0.6065172298786772
5,3,0.5586789380778683,0.577584347744033
5,3,0.5586789380778674,0.6065172298786772
5,3,0.5152796148759009,0.577584347744033
5,3,0.5586789380778683,0.577584347744033
5,3,0.5586789380778683,0.577584347744033
5,3,0.5152796148759009,0.577584347744033
5,3,0.5152796148759009,0.5486514656093884
5,3,0.5152796148759009,0.577584347744033
5,3,0.4718802916739344,0.5486514656093884
5,3,0.5152796148759009,0.5486514656093884
5,3,0.5152796148759009,0.5486514656093884
5,3,0.4718802916739344,0.5486514656093884
5,3,0.4718802916739344,0.5197185834747438
5,3,0.4718802916739344,0.5486514656093884
5,3,0.4284809684719679,0.5197185834747438
5,3,0.4718802916739344,0.5197185834747438
5,3,0.4718802916739344,0.5197185834747438
5,3,0.4284809684719679,0.5197185834747438
5,3,0.4284809684719679,0.4907857013400996
5,3,0.5586789380778674,0.6065172298786772
5,3,0.5152796148759009,0.6065172298786772
5,3,0.5152796148759009,0.577584347744033
5,3,0.5152796148759009,0.6065172298786772
5,3,0.4718802916739344,0.577584347744033
5,3,0.5152796148759009,0.577584347744033
5,3,0.5152796148759009,0.577584347744033
5,3,0.4718802916739344,0.577584347744033
5,3,0.4718802916739344,0.5486514656093884
5,3,0.4718802916739344,0.577584347744033
5,3,0.4284809684719679,0.5486514656093884
5,3,0.4718802916739344,0.5486514656093884
5,3,0.4718802916739344,0.5486514656093884
5,3,0.4284809684719679,0.5486514656093884
5,3,0.4284809684719679,0.5197185834747438
5,3,0.5152796148759009,0.6065172298786772
5,3,0.4718802916739344,0.6065172298786772
5,3,0.4718802916739344,0.577584347744033
5,3,0.4718802916739344,0.6065172298786772
5,3,0.4284809684719679,0.577584347744033
5,3,0.4718802916739344,0.577584347744033
5,3,0.4718802916739344,0.577584347744033
5,3,0.4284809684719679,0.577584347744033
5,3,0.4284809684719679,0.5486514656093884
5,3,0.4718802916739344,0.6065172298786772
5,3,0.4284809684719679,0.6065172298786772
5,3,0.4284809684719679,0.577584347744033
5,3,0.6454775844818013,0.6065172298786772
5,3,0.6454775844818013,0.6354501120133218
5,3,0.6020782612798348,0.6354501120133218
5,3,0.6454775844818013,0.6354501120133218
5,3,0.6020782612798348,0.6643829941479664
5,3,0.6020782612798348,0.6354501120133218
5,3,0.6020782612798348,0.6354501120133218
5,3,0.6020782612798348,0.6643829941479664
5,3,0.5586789380778674,0.6643829941479664
5,3,0.6020782612798348,0.6643829941479664
5,3,0.5586789380778683,0.693315876282611
5,3,0.5586789380778674,0.6643829941479664
5,3,0.5586789380778674,0.6643829941479664
5,3,0.5586789380778683,0.693315876282611
5,3,0.5152796148759009,0.693315876282611
5,3,0.5586789380778683,0.693315876282611
5,3,0.5152796148759009,0.7222487584172552
5,3,0.5152796148759009,0.693315876282611
5,3,0.5152796148759009,0.693315876282611
5,3,0.5152796148759009,0.7222487584172552
5,3,0.4718802916739344,0.7222487584172552
5,3,0.5152796148759009,0.7222487584172552
5,3,0.4718802916739344,0.7511816405518998
5,3,0.4718802916739344,0.7222487584172552
5,3,0.4718802916739344,0.7222487584172552
5,3,0.4718802916739344,0.7511816405518998
5,3,0.4284809684719679,0.7511816405518998
5,3,0.6454775844818013,0.6354501120133218
5,3,0.6454775844818013,0.6643829941479664
5,3,0.6020782612798348,0.6643829941479664
5,3,0.6454775844818013,0.6643829941479664
5,3,0.6020782612798348,0.693315876282611
5,3,0.6020782612798348,0.6643829941479664
5,3,0.6020782612798348,0.6643829941479664
5,3,0.6020782612798348,0.693315876282611
5,3,0.5586789380778683,0.693315876282611
5,3,0.6020782612798348,0.693315876282611
5,3,0.5586789380778683,0.7222487584172552
5,3,0.5586789380778683,0.693315876282611
5,3,0.5586789380778683,0.693315876282611
5,3,0.5586789380778683,0.7222487584172552
5,3,0.5152796148759009,0.7222487584172552
5,3,0.5586789380778683,0.7222487584172552
5,3,0.5152796148759009,0.7511816405518998
5,3,0.5152796148759009,0.7222487584172552
5,3,0.5152796148759009,0.7222487584172552
5,3,0.5152796148759009,0.7511816405518998
5,3,0.4718802916739344,0.7511816405518998
5,3,0.6454775844818013,0.6643829941479664
5,3,0.6454775844818013,0.693315876282611
5,3,0.6020782612798348,0.693315876282611
5,3,0.6454775844818013,0.693315876282611
5,3,0.6020782612798348,0.7222487584172552
5,3,0.6020782612798348,0.693315876282611
5,3,0.6020782612798348,0.693315876282611
5,3,0.6020782612798348,0.7222487584172552
5,3,0.5586789380778683,0.7222487584172552
5,3,0.6020782612798348,0.7222487584172552
5,3,0.5586789380778683,0.7511816405518998
5,3,0.5586789380778683,0.7222487584172552
5,3,0.5586789380778683,0.7222487584172552
5,3,0.5586789380778683,0.7511816405518998
5,3,0.5152796148759009,0.7511816405518998
5,3,0.6454775844818013,0.693315876282611
5,3,0.6454775844818013,0.7222487584172552
5,3,0.6020782612798348,0.7222487584172552
5,3,0.6454775844818013,0.7222487584172552
5,3,0.6020782612798348,0.7511816405518998
5,3,0.6020782612798348,0.7222487584172552
5,3,0.6020782612798348,0.7222487584172552
5,3,0.6020782612798348,0.7511816405518998
5,3,0.5586789380778683,0.7511816405518998
5,3,0.6454775844818013,0.7222487584172552
5,3,0.6454775844818013,0.7511816405518998
5,3,0.6020782612798348,0.7511816405518998
5,3,0.4284809684719679,0.7511816405518998
5,3,0.4284809684719679,0.7222487584172552
5,3,0.4718802916739344,0.7222487584172552
5,3,0.4284809684719679,0.7222487584172552
5,3,0.4718802916739344,0.693315876282611
5,3,0.4718802916739344,0.7222487584172552
5,3,0.4718802916739344,0.7222487584172552
5,3,0.4718802916739344,0.693315876282611
5,3,0.5152796148759009,0.693315876282611
5,3,0.4718802916739344,0.693315876282611
5,3,0.5152796148759009,0.6643829941479664
5,3,0.5152796148759009,0.693315876282611
5,3,0.5152796148759009,0.693315876282611
5,3,0.5152796148759009,0.6643829941479664
5,3,0.5586789380778674,0.6643829941479664
5,3,0.5152796148759009,0.6643829941479664
5,3,0.5586789380778674,0.6354501120133218
5,3,0.5586789380778674,0.6643829941479664
5,3,0.5586789380778674,0.6643829941479664
5,3,0.5586789380778674,0.6354501120133218
5,3,0.6020782612798348,0.6354501120133218
5,3,0.5586789380778674,0.6354501120133218
5,3,0.6020782612798348,0.6065172298786772
5,3,0.6020782612798348,0.6354501120133218
5,3,0.6020782612798348,0.6354501120133218
5,3,0.6020782612798348,0.6065172298786772
5,3,0.6454775844818013,0.6065172298786772
5,3,0.4284809684719679,0.7222487584172552
5,3,0.4284809684719679,0.693315876282611
5,3,0.4718802916739344,0.693315876282611
5,3,0.4284809684719679,0.693315876282611
5,3,0.4718802916739344,0.6643829941479664
5,3,0.4718802916739344,0.693315876282611
5,3,0.4718802916739344,0.693315876282611
5,3,0.4718802916739344,0.6643829941479664
5,3,0.5152796148759009,0.6643829941479664
5,3,0.4718802916739344,0.6643829941479664
5,3,0.5152796148759009,0.6354501120133218
5,3,0.5152796148759009,0.6643829941479664
5,3,0.5152796148759009,0.6643829941479664
5,3,0.5152796148759009,0.6354501120133218
5,3,0.5586789380778674,0.6354501120133218
5,3,0.5152796148759009,0.6354501120133218
5,3,0.5586789380778674,0.6065172298786772
5,3,0.5586789380778674,0.6354501120133218
5,3,0.5586789380778674,0.6354501120133218
5,3,0.5586789380778674,0.6065172298786772
5,3,0.6020782612798348,0.6065172298786772
5,3,0.4284809684719679,0.693315876282611
5,3,0.4284809684719679,0.6643829941479664
5,3,0.4718802916739344,0.6643829941479664
5,3,0.4284809684719679,0.6643829941479664
5,3,0.4718802916739344,0.6354501120133218
5,3,0.4718802916739344,0.6643829941479664
5,3,0.4718802916739344,0.6643829941479664
5,3,0.4718802916739344,0.6354501120133218
5,3,0.5152796148759009,0.6354501120133218
5,3,0.4718802916739344,0.6354501120133218
5,3,0.5152796148759009,0.6065172298786772
5,3,0.5152796148759009,0.6354501120133218
5,3,0.5152796148759009,0.6354501120133218
5,3,0.5152796148759009,0.6065172298786772
5,3,0.5586789380778674,0.6065172298786772
5,3,0.4284809684719679,0.6643829941479664
5,3,0.4284809684719679,0.6354501120133218
5,3,0.4718802916739344,0.6354501120133218
5,3,0.4284809684719679,0.6354501120133218
5,3,0.4718802916739344,0.6065172298786772
5,3,0.4718802916739344,0.6354501120133218
5,3,0.4718802916739344,0.6354501120133218
5,3,0.4718802916739344,0.6065172298786772
5,3,0.5152796148759009,0.6065172298786772
5,3,0.4284809684719679,0.6354501120133218
5,3,0.4284809684719679,0.6065172298786772
5,3,0.4718802916739344,0.6065172298786772
5,3,0.8625444259337094,0.46185281920545496
5,3,0.8625444259337094,0.4907857013400996
5,3,0.8191310576433279,0.4907857013400996
5,3,0.8625444259337094,0.4907857013400996
5,3,0.8191310576433279,0.5197185834747438
5,3,0.8191310576433279,0.4907857013400996
5,3,0.8191310576433279,0.4907857013400996
5,3,0.8191310576433279,0.5197185834747438
5,3,0.7757176893529465,0.5197185834747438
5,3,0.8191310576433279,0.5197185834747438
5,3,0.7757176893529465,0.5486514656093884
5,3,0.7757176893529465,0.5197185834747438
5,3,0.7757176893529465,0.5197185834747438
5,3,0.7757176893529465,0.5486514656093884
5,3,0.7323043210625642,0.5486514656093884
5,3,0.7757176893529465,0.5486514656093884
5,3,0.7323043210625642,0.577584347744033
5,3,0.7323043210625642,0.5486514656093884
5,3,0.7323043210625642,0.5486514656093884
5,3,0.7323043210625642,0.577584347744033
5,3,0.6888909527721827,0.577584347744033
5,3,0.7323043210625642,0.577584347744033
5,3,0.6888909527721827,0.6065172298786772
5,3,0.6888909527721827,0.577584347744033
5,3,0.6888909527721827,0.577584347744033
5,3,0.6888909527721827,0.6065172298786772
5,3,0.6454775844818013,0.6065172298786772
5,3,0.8625444259337094,0.4907857013400996
5,3,0.8625444259337094,0.5197185834747438
5,3,0.8191310576433279,0.5197185834747438
5,3,0.8625444259337094,0.5197185834747438
5,3,0.8191310576433279,0.5486514656093884
5,3,0.8191310576433279,0.5197185834747438
5,3,0.8191310576433279,0.5197185834747438
5,3,0.8191310576433279,0.5486514656093884
5,3,0.7757176893529465,0.5486514656093884
5,3,0.8191310576433279,0.5486514656093884
5,3,0.7757176893529465,0.577584347744033
5,3,0.7757176893529465,0.5486514656093884
5,3,0.7757176893529465,0.5486514656093884
5,3,0.7757176893529465,0.577584347744033
5,3,0.7323043210625642,0.577584347744033
5,3,0.7757176893529465,0.577584347744033
5,3,0.7323043210625642,0.6065172298786772
5,3,0.7323043210625642,0.577584347744033
5,3,0.7323043210625642,0.577584347744033
5,3,0.7323043210625642,0.6065172298786772
5,3,0.6888909527721827,0.6065172298786772
5,3,0.8625444259337094,0.5197185834747438
5,3,0.8625444259337094,0.5486514656093884
5,3,0.8191310576433279,0.5486514656093884
5,3,0.8625444259337094,0.5486514656093884
5,3,0.8191310576433279,0.577584347744033
5,3,0.8191310576433279,0.5486514656093884
5,3,0.8191310576433279,0.5486514656093884
5,3,0.8191310576433279,0.577584347744033
5,3,0.7757176893529465,0.577584347744033
5,3,0.8191310576433279,0.577584347744033
5,3,0.7757176893529465,0.6065172298786772
5,3,0.7757176893529465,0.577584347744033
5,3,0.7757176893529465,0.577584347744033
5,3,0.7757176893529465,0.6065172298786772
5,3,0.7323043210625642,0.6065172298786772
5,3,0.8625444259337094,0.5486514656093884
5,3,0.8625444259337094,0.577584347744033
5,3,0.8191310576433279,0.577584347744033
5,3,0.8625444259337094,0.577584347744033
5,3,0.8191310576433279,0.6065172298786772
5,3,0.8191310576433279,0.577584347744033
5,3,0.8191310576433279,0.577584347744033
5,3,0.8191310576433279,0.6065172298786772
5,3,0.7757176893529465,0.6065172298786772
5,3,0.8625444259337094,0.577584347744033
5,3,0.8625444259337094,0.6065172298786772
5,3,0.8191310576433279,0.6065172298786772
5,3,0.6454775844818013,0.6065172298786772
5,3,0.6454775844818013,0.577584347744033
5,3,0.6888909527721827,0.577584347744033
5,3,0.6454775844818013,0.577584347744033
5,3,0.6888909527721827,0.5486514656093884
5,3,0.6888909527721827,0.577584347744033
5,3,0.6888909527721827,0.577584347744033
5,3,0.6888909527721827,0.5486514656093884
5,3,0.7323043210625642,0.5486514656093884
5,3,0.6888909527721827,0.5486514656093884
5,3,0.7323043210625642,0.5197185834747438
5,3,0.7323043210625642,0.5486514656093884
5,3,0.7323043210625642,0.5486514656093884
5,3,0.7323043210625642,0.5197185834747438
5,3,0.7757176893529465,0.5197185834747438
5,3,0.7323043210625642,0.5197185834747438
5,3,0.7757176893529465,0.4907857013400996
5,3,0.7757176893529465,0.5197185834747438
5,3,0.7757176893529465,0.5197185834747438
5,3,0.7757176893529465,0.4907857013400996
5,3,0.8191310576433279,0.4907857013400996
5,3,0.7757176893529465,0.4907857013400996
5,3,0.8191310576433279,0.46185281920545496
5,3,0.8191310576433279,0.4907857013400996
5,3,0.8191310576433279,0.4907857013400996
5,3,0.8191310576433279,0.46185281920545496
5,3,0.8625444259337094,0.46185281920545496
5,3,0.6454775844818013,0.577584347744033
5,3,0.6454775844818013,0.5486514656093884
5,3,0.6888909527721827,0.5486514656093884
5,3,0.6454775844818013,0.5486514656093884
5,3,0.6888909527721827,0.5197185834747438
5,3,0.6888909527721827,0.5486514656093884
5,3,0.6888909527721827,0.5486514656093884
5,3,0.6888909527721827,0.5197185834747438
5,3,0.7323043210625642,0.5197185834747438
5,3,0.6888909527721827,0.5197185834747438
5,3,0.7323043210625642,0.4907857013400996
5,3,0.7323043210625642,0.5197185834747438
5,3,0.7323043210625642,0.5197185834747438
5,3,0.7323043210625642,0.4907857013400996
5,3,0.7757176893529465,0.4907857013400996
5,3,0.7323043210625642,0.4907857013400996
5,3,0.7757176893529465,0.46185281920545496
5,3,0.7757176893529465,0.4907857013400996
5,3,0.7757176893529465,0.4907857013400996
5,3,0.7757176893529465,0.46185281920545496
5,3,0.8191310576433279,0.46185281920545496
5,3,0.6454775844818013,0.5486514656093884
5,3,0.6454775844818013,0.5197185834747438
5,3,0.6888909527721827,0.5197185834747438
5,3,0.6454775844818013,0.5197185834747438
5,3,0.6888909527721827,0.4907857013400996
5,3,0.6888909527721827,0.5197185834747438
5,3,0.6888909527721827,0.5197185834747438
5,3,0.6888909527721827,0.4907857013400996
5,3,0.7323043210625642,0.4907857013400996
5,3,0.6888909527721827,0.4907857013400996
5,3,0.7323043210625642,0.46185281920545496
5,3,0.7323043210625642,0.4907857013400996
5,3,0.7323043210625642,0.4907857013400996
5,3,0.7323043210625642,0.46185281920545496
5,3,0.7757176893529465,0.46185281920545496
5,3,0.6454775844818013,0.5197185834747438
5,3,0.6454775844818013,0.4907857013400996
5,3,0.6888909527721827,0.4907857013400996
5,3,0.6454775844818013,0.4907857013400996
5,3,0.6888909527721827,0.46185281920545496
5,3,0.6888909527721827,0.4907857013400996
5,3,0.6888909527721827,0.4907857013400996
5,3,0.6888909527721827,0.46185281920545496
5,3,0.7323043210625642,0.46185281920545496
5,3,0.6454775844818013,0.4907857013400996
5,3,0.6454775844818013,0.46185281920545496
5,3,0.6888909527721827,0.46185281920545496
5,3,0.6454775844818013,0.6065172298786772
5,3,0.6888909527721827,0.6065172298786772
5,3,0.6888909527721827,0.6354501120133218
5,3,0.6888909527721827,0.6065172298786772
5,3,0.7323043210625642,0.6354501120133218
5,3,0.6888909527721827,0.6354501120133218
5,3,0.6888909527721827,0.6354501120133218
5,3,0.7323043210625642,0.6354501120133218
5,3,0.7323043210625642,0.6643829941479664
5,3,0.7323043210625642,0.6354501120133218
5,3,0.7757176893529465,0.6643829941479664
5,3,0.7323043210625642,0.6643829941479664
5,3,0.7323043210625642,0.6643829941479664
5,3,0.7757176893529465,0.6643829941479664
5,3,0.7757176893529465,0.693315876282611
5,3,0.7757176893529465,0.6643829941479664
5,3,0.8191310576433279,0.693315876282611
5,3,0.7757176893529465,0.693315876282611
5,3,0.7757176893529465,0.693315876282611
5,3,0.8191310576433279,0.693315876282611
5,3,0.8191310576433279,0.7222487584172552
5,3,0.8191310576433279,0.693315876282611
5,3,0.8625444259337094,0.7222487584172552
5,3,0.8191310576433279,0.7222487584172552
5,3,0.8191310576433279,0.7222487584172552
5,3,0.8625444259337094,0.7222487584172552
5,3,0.8625444259337094,0.7511816405518998
5,3,0.6888909527721827,0.6065172298786772
5,3,0.7323043210625642,0.6065172298786772
5,3,0.7323043210625642,0.6354501120133218
5,3,0.7323043210625642,0.6065172298786772
5,3,0.7757176893529465,0.6354501120133218
5,3,0.7323043210625642,0.6354501120133218
5,3,0.7323043210625642,0.6354501120133218
5,3,0.7757176893529465,0.6354501120133218
5,3,0.7757176893529465,0.6643829941479664
5,3,0.7757176893529465,0.6354501120133218
5,3,0.8191310576433279,0.6643829941479664
5,3,0.7757176893529465,0.6643829941479664
5,3,0.7757176893529465,0.6643829941479664
5,3,0.8191310576433279,0.6643829941479664
5,3,0.8191310576433279,0.693315876282611
5,3,0.8191310576433279,0.6643829941479664
5,3,0.8625444259337094,0.6933158762826106
5,3,0.8191310576433279,0.693315876282611
5,3,0.8191310576433279,0.693315876282611
5,3,0.8625444259337094,0.6933158762826106
5,3,0.8625444259337094,0.7222487584172552
5,3,0.7323043210625642,0.6065172298786772
5,3,0.7757176893529465,0.6065172298786772
5,3,0.7757176893529465,0.6354501120133218
5,3,0.7757176893529465,0.6065172298786772
5,3,0.8191310576433279,0.6354501120133218
5,3,0.7757176893529465,0.6354501120133218
5,3,0.7757176893529465,0.6354501120133218
5,3,0.8191310576433279,0.6354501120133218
5,3,0.8191310576433279,0.6643829941479664
5,3,0.8191310576433279,0.6354501120133218
5,3,0.8625444259337094,0.6643829941479664
5,3,0.8191310576433279,0.6643829941479664
5,3,0.8191310576433279,0.6643829941479664
5,3,0.8625444259337094,0.6643829941479664
5,3,0.8625444259337094,0.6933158762826106
5,3,0.7757176893529465,0.6065172298786772
5,3,0.8191310576433279,0.6065172298786772
5,3,0.8191310576433279,0.6354501120133218
5,3,0.8191310576433279,0.6065172298786772
5,3,0.8625444259337094,0.6354501120133218
5,3,0.8191310576433279,0.6354501120133218
5,3,0.8191310576433279,0.6354501120133218
5,3,0.8625444259337094,0.6354501120133218
5,3,0.8625444259337094,0.6643829941479664
5,3,0.8191310576433279,0.6065172298786772
5,3,0.8625444259337094,0.6065172298786772
5,3,0.8625444259337094,0.6354501120133218
5,3,0.8625444259337094,0.7511816405518998
5,3,0.8191310576433279,0.7511816405518998
5,3,0.8191310576433279,0.7222487584172552
5,3,0.8191310576433279,0.7511816405518998
5,3,0.7757176893529465,0.7222487584172552
5,3,0.8191310576433279,0.7222487584172552
5,3,0.8191310576433279,0.7222487584172552
5,3,0.7757176893529465,0.7222487584172552
5,3,0.7757176893529465,0.693315876282611
5,3,0.7757176893529465,0.7222487584172552
5,3,0.7323043210625642,0.693315876282611
5,3,0.7757176893529465,0.693315876282611
5,3,0.7757176893529465,0.693315876282611
5,3,0.7323043210625642,0.693315876282611
5,3,0.7323043210625642,0.6643829941479664
5,3,0.7323043210625642,0.693315876282611
5,3,0.6888909527721827,0.6643829941479664
5,3,0.7323043210625642,0.6643829941479664
5,3,0.7323043210625642,0.6643829941479664
5,3,0.6888909527721827,0.6643829941479664
5,3,0.6888909527721827,0.6354501120133218
5,3,0.6888909527721827,0.6643829941479664
5,3,0.6454775844818013,0.6354501120133218
5,3,0.6888909527721827,0.6354501120133218
5,3,0.6888909527721827,0.6354501120133218
5,3,0.6454775844818013,0.6354501120133218
5,3,0.6454775844818013,0.6065172298786772
5,3,0.8191310576433279,0.7511816405518998
5,3,0.7757176893529465,0.7511816405518998
5,3,0.7757176893529465,0.7222487584172552
5,3,0.7757176893529465,0.7511816405518998
5,3,0.7323043210625642,0.7222487584172552
5,3,0.7757176893529465,0.7222487584172552
5,3,0.7757176893529465,0.7222487584172552
5,3,0.7323043210625642,0.7222487584172552
5,3,0.7323043210625642,0.693315876282611
5,3,0.7323043210625642,0.7222487584172552
5,3,0.6888909527721827,0.693315876282611
5,3,0.7323043210625642,0.693315876282611
5,3,0.7323043210625642,0.693315876282611
5,3,0.6888909527721827,0.693315876282611
5,3,0.6888909527721827,0.6643829941479664
5,3,0.6888909527721827,0.693315876282611
5,3,0.6454775844818013,0.6643829941479664
5,3,0.6888909527721827,0.6643829941479664
5,3,0.6888909527721827,0.6643829941479664
5,3,0.6454775844818013,0.6643829941479664
5,3,0.6454775844818013,0.6354501120133218
5,3,0.7757176893529465,0.7511816405518998
5,3,0.7323043210625642,0.7511816405518998
5,3,0.7323043210625642,0.7222487584172552
5,3,0.7323043210625642,0.7511816405518998
5,3,0.6888909527721827,0.7222487584172552
5,3,0.7323043210625642,0.7222487584172552
5,3,0.7323043210625642,0.7222487584172552
5,3,0.6888909527721827,0.7222487584172552
5,3,0.6888909527721827,0.693315876282611
5,3,0.6888909527721827,0.7222487584172552
5,3,0.6454775844818013,0.693315876282611
5,3,0.6888909527721827,0.693315876282611
5,3,0.6888909527721827,0.693315876282611
5,3,0.6454775844818013,0.693315876282611
5,3,0.6454775844818013,0.6643829941479664
5,3,0.7323043210625642,0.7511816405518998
5,3,0.6888909527721827,0.7511816405518998
5,3,0.6888909527721827,0.7222487584172552
5,3,0.6888909527721827,0.7511816405518998
5,3,0.6454775844818013,0.7222487584172552
5,3,0.6888909527721827,0.7222487584172552
5,3,0.6888909527721827,0.7222487584172552
5,3,0.6454775844818013,0.7222487584172552
5,3,0.6454775844818013,0.693315876282611
5,3,0.6888909527721827,0.7511816405518998
5,3,0.6454775844818013,0.7511816405518998
5,3,0.6454775844818013,0.7222487584172552
5,3,0.4498295028625794,0.7121362947585448
5,3,0.4498295028625794,0.6673675754361277
5,3,0.4761640436404715,0.6673675754361277
5,3,0.4498295028625794,0.6673675754361277
5,3,0.4761640436404715,0.6225988561137106
5,3,0.4761640436404715,0.6673675754361277
5,3,0.4761640436404715,0.6673675754361277
5,3,0.4761640436404715,0.6225988561137106
5,3,0.5024985844183636,0.6225988561137101
5,3,0.4761640436404715,0.6225988561137106
5,3,0.5024985844183636,0.577830136791293
5,3,0.5024985844183636,0.6225988561137101
5,3,0.5024985844183636,0.6225988561137101
5,3,0.5024985844183636,0.577830136791293
5,3,0.5288331251962566,0.577830136791293
5,3,0.5024985844183636,0.577830136791293
5,3,0.5288331251962566,0.5330614174688759
5,3,0.5288331251962566,0.577830136791293
5,3,0.5288331251962566,0.577830136791293
5,3,0.5288331251962566,0.5330614174688759
5,3,0.5551676659741487,0.5330614174688759
5,3,0.4498295028625794,0.6673675754361277
5,3,0.4498295028625794,0.6225988561137106
5,3,0.4761640436404715,0.6225988561137106
5,3,0.4498295028625794,0.6225988561137106
5,3,0.4761640436404715,0.577830136791293
5,3,0.4761640436404715,0.6225988561137106
5,3,0.4761640436404715,0.6225988561137106
5,3,0.4761640436404715,0.577830136791293
5,3,0.5024985844183636,0.577830136791293
5,3,0.4761640436404715,0.577830136791293
5,3,0.5024985844183636,0.5330614174688759
5,3,0.5024985844183636,0.577830136791293
5,3,0.5024985844183636,0.577830136791293
5,3,0.5024985844183636,0.5330614174688759
5,3,0.5288331251962566,0.5330614174688759
5,3,0.4498295028625794,0.6225988561137106
5,3,0.4498295028625794,0.577830136791293
5,3,0.4761640436404715,0.577830136791293
5,3,0.4498295028625794,0.577830136791293
5,3,0.4761640436404715,0.5330614174688759
5,3,0.4761640436404715,0.577830136791293
5,3,0.4761640436404715,0.577830136791293
5,3,0.4761640436404715,0.5330614174688759
5,3,0.5024985844183636,0.5330614174688759
5,3,0.4498295028625794,0.577830136791293
5,3,0.4498295028625794,0.5330614174688759
5,3,0.4761640436404715,0.5330614174688759
5,3,0.5551676659741487,0.5330614174688759
5,3,0.5551676659741487,0.577830136791293
5,3,0.5288331251962566,0.577830136791293
5,3,0.5551676659741487,0.577830136791293
5,3,0.5288331251962566,0.6225988561137101
5,3,0.5288331251962566,0.577830136791293
5,3,0.5288331251962566,0.577830136791293
5,3,0.5288331251962566,0.6225988561137101
5,3,0.5024985844183636,0.6225988561137101
5,3,0.5288331251962566,0.6225988561137101
5,3,0.5024985844183636,0.6673675754361277
5,3,0.5024985844183636,0.6225988561137101
5,3,0.5024985844183636,0.6225988561137101
5,3,0.5024985844183636,0.6673675754361277
5,3,0.4761640436404715,0.6673675754361277
5,3,0.5024985844183636,0.6673675754361277
5,3,0.4761640436404715,0.7121362947585448
5,3,0.4761640436404715,0.6673675754361277
5,3,0.4761640436404715,0.6673675754361277
5,3,0.4761640436404715,0.7121362947585448
5,3,0.4498295028625794,0.7121362947585448
5,3,0.5551676659741487,0.577830136791293
5,3,0.5551676659741487,0.6225988561137101
5,3,0.5288331251962566,0.6225988561137101
5,3,0.5551676659741487,0.6225988561137101
5,3,0.5288331251962566,0.6673675754361277
5,3,0.5288331251962566,0.6225988561137101
5,3,0.5288331251962566,0.6225988561137101
5,3,0.5288331251962566,0.6673675754361277
5,3,0.5024985844183636,0.6673675754361277
5,3,0.5288331251962566,0.6673675754361277
5,3,0.5024985844183636,0.7121362947585448
5,3,0.5024985844183636,0.6673675754361277
5,3,0.5024985844183636,0.6673675754361277
5,3,0.5024985844183636,0.7121362947585448
5,3,0.4761640436404715,0.7121362947585448
5,3,0.5551676659741487,0.6225988561137101
5,3,0.5551676659741487,0.6673675754361277
5,3,0.5288331251962566,0.6673675754361277
5,3,0.5551676659741487,0.6673675754361277
5,3,0.5288331251962566,0.7121362947585448
5,3,0.5288331251962566,0.6673675754361277
5,3,0.5288331251962566,0.6673675754361277
5,3,0.5288331251962566,0.7121362947585448
5,3,0.5024985844183636,0.7121362947585448
5,3,0.5551676659741487,0.6673675754361277
5,3,0.5551676659741487,0.7121362947585448
5,3,0.5288331251962566,0.7121362947585448
5,3,0.5551676659741487,0.5330614174688759
5,3,0.5815373194730782,0.5330614174688759
5,3,0.5815373194730782,0.577830136791293
5,3,0.5815373194730782,0.5330614174688759
5,3,0.6079069729720077,0.577830136791293
5,3,0.5815373194730782,0.577830136791293
5,3,0.5815373194730782,0.577830136791293
5,3,0.6079069729720077,0.577830136791293
5,3,0.6079069729720077,0.6225988561137101
5,3,0.6079069729720077,0.577830136791293
5,3,0.6342766264709381,0.6225988561137101
5,3,0.6079069729720077,0.6225988561137101
5,3,0.6079069729720077,0.6225988561137101
5,3,0.6342766264709381,0.6225988561137101
5,3,0.6342766264709381,0.6673675754361277
5,3,0.6342766264709381,0.6225988561137101
5,3,0.6606462799698676,0.6673675754361277
5,3,0.6342766264709381,0.6673675754361277
5,3,0.6342766264709381,0.6673675754361277
5,3,0.6606462799698676,0.6673675754361277
5,3,0.6606462799698676,0.7121362947585448
5,3,0.5815373194730782,0.5330614174688759
5,3,0.6079069729720077,0.5330614174688759
5,3,0.6079069729720077,0.577830136791293
5,3,0.6079069729720077,0.5330614174688759
5,3,0.6342766264709381,0.577830136791293
5,3,0.6079069729720077,0.577830136791293
5,3,0.6079069729720077,0.577830136791293
5,3,0.6342766264709381,0.577830136791293
5,3,0.6342766264709381,0.6225988561137101
5,3,0.6342766264709381,0.577830136791293
5,3,0.6606462799698676,0.6225988561137101
5,3,0.6342766264709381,0.6225988561137101
5,3,0.6342766264709381,0.6225988561137101
5,3,0.6606462799698676,0.6225988561137101
5,3,0.6606462799698676,0.6673675754361277
5,3,0.6079069729720077,0.5330614174688759
5,3,0.6342766264709381,0.5330614174688759
5,3,0.6342766264709381,0.577830136791293
5,3,0.6342766264709381,0.5330614174688759
5,3,0.6606462799698676,0.577830136791293
5,3,0.6342766264709381,0.577830136791293
5,3,0.6342766264709381,0.577830136791293
5,3,0.6606462799698676,0.577830136791293
5,3,0.6606462799698676,0.6225988561137101
5,3,0.6342766264709381,0.5330614174688759
5,3,0.6606462799698676,0.5330614174688759
5,3,0.6606462799698676,0.577830136791293
5,3,0.6606462799698676,0.7121362947585448
5,3,0.6342766264709381,0.7121362947585448
5,3,0.6342766264709381,0.6673675754361277
5,3,0.6342766264709381,0.7121362947585448
5,3,0.6079069729720077,0.6673675754361277
5,3,0.6342766264709381,0.6673675754361277
5,3,0.6342766264709381,0.6673675754361277
5,3,0.6079069729720077,0.6673675754361277
5,3,0.6079069729720077,0.6225988561137101
5,3,0.6079069729720077,0.6673675754361277
5,3,0.5815373194730782,0.6225988561137101
5,3,0.6079069729720077,0.6225988561137101
5,3,0.6079069729720077,0.6225988561137101
5,3,0.5815373194730782,0.6225988561137101
5,3,0.5815373194730782,0.577830136791293
5,3,0.5815373194730782,0.6225988561137101
5,3,0.5551676659741487,0.577830136791293
5,3,0.5815373194730782,0.577830136791293
5,3,0.5815373194730782,0.577830136791293
5,3,0.5551676659741487,0.577830136791293
5,3,0.5551676659741487,0.5330614174688759
5,3,0.6342766264709381,0.7121362947585448
5,3,0.6079069729720077,0.7121362947585448
5,3,0.6079069729720077,0.6673675754361277
5,3,0.6079069729720077,0.7121362947585448
5,3,0.5815373194730782,0.6673675754361277
5,3,0.6079069729720077,0.6673675754361277
5,3,0.6079069729720077,0.6673675754361277
5,3,0.5815373194730782,0.6673675754361277
5,3,0.5815373194730782,0.6225988561137101
5,3,0.5815373194730782,0.6673675754361277
5,3,0.5551676659741487,0.6225988561137101
5,3,0.5815373194730782,0.6225988561137101
5,3,0.5815373194730782,0.6225988561137101
5,3,0.5551676659741487,0.6225988561137101
5,3,0.5551676659741487,0.577830136791293
5,3,0.6079069729720077,0.7121362947585448
5,3,0.5815373194730782,0.7121362947585448
5,3,0.5815373194730782,0.6673675754361277
5,3,0.5815373194730782,0.7121362947585448
5,3,0.5551676659741487,0.6673675754361277
5,3,0.5815373194730782,0.6673675754361277
5,3,0.5815373194730782,0.6673675754361277
5,3,0.5551676659741487,0.6673675754361277
5,3,0.5551676659741487,0.6225988561137101
5,3,0.5815373194730782,0.7121362947585448
5,3,0.5551676659741487,0.7121362947585448
5,3,0.5551676659741487,0.6673675754361277
5,3,0.4498295028625794,0.35409187834231926
5,3,0.4761640436404715,0.35409187834231926
5,3,0.4761640436404715,0.3988342631239581
5,3,0.4761640436404715,0.35409187834231926
5,3,0.5024985844183636,0.3988342631239581
5,3,0.4761640436404715,0.3988342631239581
5,3,0.4761640436404715,0.3988342631239581
5,3,0.5024985844183636,0.3988342631239581
5,3,0.5024985844183636,0.44357664790559737
5,3,0.5024985844183636,0.3988342631239581
5,3,0.5288331251962566,0.44357664790559737
5,3,0.5024985844183636,0.44357664790559737
5,3,0.5024985844183636,0.44357664790559737
5,3,0.5288331251962566,0.44357664790559737
5,3,0.5288331251962566,0.48831903268723664
5,3,0.5288331251962566,0.44357664790559737
5,3,0.5551676659741487,0.48831903268723664
5,3,0.5288331251962566,0.48831903268723664
5,3,0.5288331251962566,0.48831903268723664
5,3,0.5551676659741487,0.48831903268723664
5,3,0.5551676659741487,0.5330614174688759
5,3,0.4761640436404715,0.35409187834231926
5,3,0.5024985844183636,0.35409187834231926
5,3,0.5024985844183636,0.3988342631239581
5,3,0.5024985844183636,0.35409187834231926
5,3,0.5288331251962566,0.3988342631239581
5,3,0.5024985844183636,0.3988342631239581
5,3,0.5024985844183636,0.3988342631239581
5,3,0.5288331251962566,0.3988342631239581
5,3,0.5288331251962566,0.44357664790559737
5,3,0.5288331251962566,0.3988342631239581
5,3,0.5551676659741487,0.44357664790559737
5,3,0.5288331251962566,0.44357664790559737
5,3,0.5288331251962566,0.44357664790559737
5,3,0.5551676659741487,0.44357664790559737
5,3,0.5551676659741487,0.48831903268723664
5,3,0.5024985844183636,0.35409187834231926
5,3,0.5288331251962566,0.35409187834231926
5,3,0.5288331251962566,0.3988342631239581
5,3,0.5288331251962566,0.35409187834231926
5,3,0.5551676659741487,0.3988342631239581
5,3,0.5288331251962566,0.3988342631239581
5,3,0.5288331251962566,0.3988342631239581
5,3,0.5551676659741487,0.3988342631239581
5,3,0.5551676659741487,0.44357664790559737
5,3,0.5288331251962566,0.35409187834231926
5,3,0.5551676659741487,0.35409187834231926
5,3,0.5551676659741487,0.3988342631239581
5,3,0.5551676659741487,0.5330614174688759
5,3,0.5288331251962566,0.5330614174688759
5,3,0.5288331251962566,0.48831903268723664
5,3,0.5288331251962566,0.5330614174688759
5,3,0.5024985844183636,0.48831903268723664
5,3,0.5288331251962566,0.48831903268723664
5,3,0.5288331251962566,0.48831903268723664
5,3,0.5024985844183636,0.48831903268723664
5,3,0.5024985844183636,0.44357664790559737
5,3,0.5024985844183636,0.48831903268723664
5,3,0.4761640436404715,0.44357664790559737
5,3,0.5024985844183636,0.44357664790559737
5,3,0.5024985844183636,0.44357664790559737
5,3,0.4761640436404715,0.44357664790559737
5,3,0.4761640436404715,0.3988342631239581
5,3,0.4761640436404715,0.44357664790559737
5,3,0.4498295028625794,0.3988342631239581
5,3,0.4761640436404715,0.3988342631239581
5,3,0.4761640436404715,0.3988342631239581
5,3,0.4498295028625794,0.3988342631239581
5,3,0.4498295028625794,0.35409187834231926
5,3,0.5288331251962566,0.5330614174688759
5,3,0.5024985844183636,0.5330614174688759
5,3,0.5024985844183636,0.48831903268723664
5,3,0.5024985844183636,0.5330614174688759
5,3,0.4761640436404715,0.48831903268723664
5,3,0.5024985844183636,0.48831903268723664
5,3,0.5024985844183636,0.48831903268723664
5,3,0.4761640436404715,0.48831903268723664
5,3,0.4761640436404715,0.44357664790559737
5,3,0.4761640436404715,0.48831903268723664
5,3,0.4498295028625794,0.44357664790559737
5,3,0.4761640436404715,0.44357664790559737
5,3,0.4761640436404715,0.44357664790559737
5,3,0.4498295028625794,0.44357664790559737
5,3,0.4498295028625794,0.3988342631239581
5,3,0.5024985844183636,0.5330614174688759
5,3,0.4761640436404715,0.5330614174688759
5,3,0.4761640436404715,0.48831903268723664
5,3,0.4761640436404715,0.5330614174688759
5,3,0.4498295028625794,0.48831903268723664
5,3,0.4761640436404715,0.48831903268723664
5,3,0.4761640436404715,0.48831903268723664
5,3,0.4498295028625794,0.48831903268723664
5,3,0.4498295028625794,0.44357664790559737
5,3,0.4761640436404715,0.5330614174688759
5,3,0.4498295028625794,0.5330614174688759
5,3,0.4498295028625794,0.48831903268723664
5,3,0.5551676659741487,0.5330614174688759
5,3,0.5551676659741487,0.48831903268723664
5,3,0.5815373194730782,0.48831903268723664
5,3,0.5551676659741487,0.48831903268723664
5,3,0.5815373194730782,0.44357664790559737
5,3,0.5815373194730782,0.48831903268723664
5,3,0.5815373194730782,0.48831903268723664
5,3,0.5815373194730782,0.44357664790559737
5,3,0.6079069729720077,0.44357664790559737
5,3,0.5815373194730782,0.44357664790559737
5,3,0.6079069729720077,0.3988342631239581
5,3,0.6079069729720077,0.44357664790559737
5,3,0.6079069729720077,0.44357664790559737
5,3,0.6079069729720077,0.3988342631239581
5,3,0.6342766264709381,0.3988342631239581
5,3,0.6079069729720077,0.3988342631239581
5,3,0.6342766264709381,0.35409187834231926
5,3,0.6342766264709381,0.3988342631239581
5,3,0.6342766264709381,0.3988342631239581
5,3,0.6342766264709381,0.35409187834231926
5,3,0.6606462799698676,0.35409187834231926
5,3,0.5551676659741487,0.48831903268723664
5,3,0.5551676659741487,0.44357664790559737
5,3,0.5815373194730782,0.44357664790559737
5,3,0.5551676659741487,0.44357664790559737
5,3,0.5815373194730782,0.3988342631239581
5,3,0.5815373194730782,0.44357664790559737
5,3,0.5815373194730782,0.44357664790559737
5,3,0.5815373194730782,0.3988342631239581
5,3,0.6079069729720077,0.3988342631239581
5,3,0.5815373194730782,0.3988342631239581
5,3,0.6079069729720077,0.35409187834231926
5,3,0.6079069729720077,0.3988342631239581
5,3,0.6079069729720077,0.3988342631239581
5,3,0.6079069729720077,0.35409187834231926
5,3,0.6342766264709381,0.35409187834231926
5,3,0.5551676659741487,0.44357664790559737
5,3,0.5551676659741487,0.3988342631239581
5,3,0.5815373194730782,0.3988342631239581
5,3,0.5551676659741487,0.3988342631239581
5,3,0.5815373194730782,0.35409187834231926
5,3,0.5815373194730782,0.3988342631239581
5,3,0.5815373194730782,0.3988342631239581
5,3,0.5815373194730782,0.35409187834231926
5,3,0.6079069729720077,0.35409187834231926
5,3,0.5551676659741487,0.3988342631239581
5,3,0.5551676659741487,0.35409187834231926
5,3,0.5815373194730782,0.35409187834231926
5,3,0.6606462799698676,0.35409187834231926
5,3,0.6606462799698676,0.3988342631239581
5,3,0.6342766264709381,0.3988342631239581
5,3,0.6606462799698676,0.3988342631239581
5,3,0.6342766264709381,0.44357664790559737
5,3,0.6342766264709381,0.3988342631239581
5,3,0.6342766264709381,0.3988342631239581
5,3,0.6342766264709381,0.44357664790559737
5,3,0.6079069729720077,0.44357664790559737
5,3,0.6342766264709381,0.44357664790559737
5,3,0.6079069729720077,0.48831903268723664
5,3,0.6079069729720077,0.44357664790559737
5,3,0.6079069729720077,0.44357664790559737
5,3,0.6079069729720077,0.48831903268723664
5,3,0.5815373194730782,0.48831903268723664
5,3,0.6079069729720077,0.48831903268723664
5,3,0.5815373194730782,0.5330614174688759
5,3,0.5815373194730782,0.48831903268723664
5,3,0.5815373194730782,0.48831903268723664
5,3,0.5815373194730782,0.5330614174688759
5,3,0.5551676659741487,0.5330614174688759
5,3,0.6606462799698676,0.3988342631239581
5,3,0.6606462799698676,0.44357664790559737
5,3,0.6342766264709381,0.44357664790559737
5,3,0.6606462799698676,0.44357664790559737
5,3,0.6342766264709381,0.48831903268723664
5,3,0.6342766264709381,0.44357664790559737
5,3,0.6342766264709381,0.44357664790559737
5,3,0.6342766264709381,0.48831903268723664
5,3,0.6079069729720077,0.48831903268723664
5,3,0.6342766264709381,0.48831903268723664
5,3,0.6079069729720077,0.5330614174688759
5,3,0.6079069729720077,0.48831903268723664
5,3,0.6079069729720077,0.48831903268723664
5,3,0.6079069729720077,0.5330614174688759
5,3,0.5815373194730782,0.5330614174688759
5,3,0.6606462799698676,0.44357664790559737
5,3,0.6606462799698676,0.48831903268723664
5,3,0.6342766264709381,0.48831903268723664
5,3,0.6606462799698676,0.48831903268723664
5,3,0.6342766264709381,0.5330614174688759
5,3,0.6342766264709381,0.48831903268723664
5,3,0.6342766264709381,0.48831903268723664
5,3,0.6342766264709381,0.5330614174688759
5,3,0.6079069729720077,0.5330614174688759
5,3,0.6606462799698676,0.48831903268723664
5,3,0.6606462799698676,0.5330614174688759
5,3,0.6342766264709381,0.5330614174688759
