7,4,0.71,0.9900000000000002
7,4,0.6003285189325602,0.8849146470121196
7,3,0.6003285189325602,0.09508535298788034
7,4,0.8196714810674397,0.8849146470121196
7,3,0.8196714810674397,0.09508535298788034
7,4,0.5656494119017133,0.9687628642904169
7,4,0.5656494119017133,0.928507373159345
7,4,0.608410730738659,0.928507373159345
7,4,0.5656494119017133,0.928507373159345
7,4,0.608410730738659,0.8882518820282739
7,4,0.608410730738659,0.928507373159345
7,4,0.608410730738659,0.928507373159345
7,4,0.608410730738659,0.8882518820282739
7,4,0.6511720495756048,0.8882518820282739
7,4,0.608410730738659,0.8882518820282739
7,4,0.6511720495756048,0.8479963908972028
7,4,0.6511720495756048,0.8882518820282739
7,4,0.6511720495756048,0.8882518820282739
7,4,0.6511720495756048,0.8479963908972028
7,4,0.6939333684125515,0.8479963908972028
7,4,0.6511720495756048,0.8479963908972028
7,4,0.6939333684125515,0.8077408997661317
7,4,0.6939333684125515,0.8479963908972028
7,4,0.6939333684125515,0.8479963908972028
7,4,0.6939333684125515,0.8077408997661317
7,4,0.7366946872494973,0.8077408997661317
7,4,0.5656494119017133,0.928507373159345
7,4,0.5656494119017133,0.8882518820282739
7,4,0.608410730738659,0.8882518820282739
7,4,0.5656494119017133,0.8882518820282739
7,4,0.608410730738659,0.8479963908972028
7,4,0.608410730738659,0.8882518820282739
7,4,0.608410730738659,0.8882518820282739
7,4,0.608410730738659,0.8479963908972028
7,4,0.6511720495756048,0.8479963908972028
7,4,0.608410730738659,0.8479963908972028
7,4,0.6511720495756048,0.8077408997661317
7,4,0.6511720495756048,0.8479963908972028
7,4,0.6511720495756048,0.8479963908972028
7,4,0.6511720495756048,0.8077408997661317
7,4,0.6939333684125515,0.8077408997661317
7,4,0.5656494119017133,0.8882518820282739
7,4,0.5656494119017133,0.8479963908972028
7,4,0.608410730738659,0.8479963908972028
7,4,0.5656494119017133,0.8479963908972028
7,4,0.608410730738659,0.8077408997661317
7,4,0.608410730738659,0.8479963908972028
7,4,0.608410730738659,0.8479963908972028
7,4,0.608410730738659,0.8077408997661317
7,4,0.6511720495756048,0.8077408997661317
7,4,0.5656494119017133,0.8479963908972028
7,4,0.5656494119017133,0.8077408997661317
7,4,0.608410730738659,0.8077408997661317
7,4,0.7366946872494973,0.8077408997661317
7,4,0.7366946872494973,0.8479963908972028
7,4,0.6939333684125515,0.8479963908972028
7,4,0.7366946872494973,0.8479963908972028
7,4,0.6939333684125515,0.8882518820282739
7,4,0.6939333684125515,0.8479963908972028
7,4,0.6939333684125515,0.8479963908972028
7,4,0.6939333684125515,0.8882518820282739
7,4,0.6511720495756048,0.8882518820282739
7,4,0.6939333684125515,0.8882518820282739
7,4,0.6511720495756048,0.928507373159345
7,4,0.6511720495756048,0.8882518820282739
7,4,0.6511720495756048,0.8882518820282739
7,4,0.6511720495756048,0.928507373159345
7,4,0.608410730738659,0.928507373159345
7,4,0.6511720495756048,0.928507373159345
7,4,0.608410730738659,0.9687628642904169
7,4,0.608410730738659,0.928507373159345
7,4,0.608410730738659,0.928507373159345
7,4,0.608410730738659,0.9687628642904169
7,4,0.5656494119017133,0.9687628642904169
7,4,0.7366946872494973,0.8479963908972028
7,4,0.7366946872494973,0.8882518820282739
7,4,0.6939333684125515,0.8882518820282739
7,4,0.7366946872494973,0.8882518820282739
7,4,0.6939333684125515,0.928507373159345
7,4,0.6939333684125515,0.8882518820282739
7,4,0.6939333684125515,0.8882518820282739
7,4,0.6939333684125515,0.928507373159345
7,4,0.6511720495756048,0.928507373159345
7,4,0.6939333684125515,0.928507373159345
7,4,0.6511720495756057,0.9687628642904169
7,4,0.6511720495756048,0.928507373159345
7,4,0.6511720495756048,0.928507373159345
7,4,0.6511720495756057,0.9687628642904169
7,4,0.608410730738659,0.9687628642904169
7,4,0.7366946872494973,0.8882518820282739
7,4,0.7366946872494973,0.928507373159345
7,4,0.6939333684125515,0.928507373159345
7,4,0.7366946872494973,0.928507373159345
7,4,0.6939333684125515,0.9687628642904169
7,4,0.6939333684125515,0.928507373159345
7,4,0.6939333684125515,0.928507373159345
7,4,0.6939333684125515,0.9687628642904169
7,4,0.6511720495756057,0.9687628642904169
7,4,0.7366946872494973,0.928507373159345
7,4,0.7366946872494973,0.9687628642904169
7,4,0.6939333684125515,0.9687628642904169
7,4,0.7366946872494973,0.9687628642904169
7,4,0.7366946872494973,0.928507373159345
7,4,0.7794379785489918,0.928507373159345
7,4,0.7366946872494973,0.928507373159345
7,4,0.7794379785489918,0.8882518820282739
7,4,0.7794379785489918,0.928507373159345
7,4,0.7794379785489918,0.928507373159345
7,4,0.7794379785489918,0.8882518820282739
7,4,0.8221812698484854,0.8882518820282739
7,4,0.7794379785489918,0.8882518820282739
7,4,0.8221812698484854,0.8479963908972028
7,4,0.8221812698484854,0.8882518820282739
7,4,0.8221812698484854,0.8882518820282739
7,4,0.8221812698484854,0.8479963908972028
7,4,0.864924561147979,0.8479963908972028
7,4,0.8221812698484854,0.8479963908972028
7,4,0.864924561147979,0.8077408997661317
7,4,0.864924561147979,0.8479963908972028
7,4,0.864924561147979,0.8479963908972028
7,4,0.864924561147979,0.8077408997661317
7,4,0.9076678524474735,0.8077408997661317
7,4,0.7366946872494973,0.928507373159345
7,4,0.7366946872494973,0.8882518820282739
7,4,0.7794379785489918,0.8882518820282739
7,4,0.7366946872494973,0.8882518820282739
7,4,0.7794379785489918,0.8479963908972028
7,4,0.7794379785489918,0.8882518820282739
7,4,0.7794379785489918,0.8882518820282739
7,4,0.7794379785489918,0.8479963908972028
7,4,0.8221812698484854,0.8479963908972028
7,4,0.7794379785489918,0.8479963908972028
7,4,0.8221812698484854,0.8077408997661317
7,4,0.8221812698484854,0.8479963908972028
7,4,0.8221812698484854,0.8479963908972028
7,4,0.8221812698484854,0.8077408997661317
7,4,0.864924561147979,0.8077408997661317
7,4,0.7366946872494973,0.8882518820282739
7,4,0.7366946872494973,0.8479963908972028
7,4,0.7794379785489918,0.8479963908972028
7,4,0.7366946872494973,0.8479963908972028
7,4,0.7794379785489918,0.8077408997661317
7,4,0.7794379785489918,0.8479963908972028
7,4,0.7794379785489918,0.8479963908972028
7,4,0.7794379785489918,0.8077408997661317
7,4,0.8221812698484854,0.8077408997661317
7,4,0.7366946872494973,0.8479963908972028
7,4,0.7366946872494973,0.8077408997661317
7,4,0.7794379785489918,0.8077408997661317
7,4,0.9076678524474735,0.8077408997661317
7,4,0.9076678524474735,0.8479963908972028
7,4,0.864924561147979,0.8479963908972028
7,4,0.9076678524474735,0.8479963908972028
7,4,0.864924561147979,0.8882518820282739
7,4,0.864924561147979,0.8479963908972028
7,4,0.864924561147979,0.8479963908972028
7,4,0.864924561147979,0.8882518820282739
7,4,0.8221812698484854,0.8882518820282739
7,4,0.864924561147979,0.8882518820282739
7,4,0.8221812698484854,0.928507373159345
7,4,0.8221812698484854,0.8882518820282739
7,4,0.8221812698484854,0.8882518820282739
7,4,0.8221812698484854,0.928507373159345
7,4,0.7794379785489918,0.928507373159345
7,4,0.8221812698484854,0.928507373159345
7,4,0.7794379785489918,0.9687628642904169
7,4,0.7794379785489918,0.928507373159345
7,4,0.7794379785489918,0.928507373159345
7,4,0.7794379785489918,0.9687628642904169
7,4,0.7366946872494973,0.9687628642904169
7,4,0.9076678524474735,0.8479963908972028
7,4,0.9076678524474735,0.8882518820282739
7,4,0.864924561147979,0.8882518820282739
7,4,0.9076678524474735,0.8882518820282739
7,4,0.864924561147979,0.928507373159345
7,4,0.864924561147979,0.8882518820282739
7,4,0.864924561147979,0.8882518820282739
7,4,0.864924561147979,0.928507373159345
7,4,0.8221812698484854,0.928507373159345
7,4,0.864924561147979,0.928507373159345
7,4,0.8221812698484854,0.9687628642904169
7,4,0.8221812698484854,0.928507373159345
7,4,0.8221812698484854,0.928507373159345
7,4,0.8221812698484854,0.9687628642904169
7,4,0.7794379785489918,0.9687628642904169
7,4,0.9076678524474735,0.8882518820282739
7,4,0.9076678524474735,0.928507373159345
7,4,0.864924561147979,0.928507373159345
7,4,0.9076678524474735,0.928507373159345
7,4,0.864924561147979,0.9687628642904169
7,4,0.864924561147979,0.928507373159345
7,4,0.864924561147979,0.928507373159345
7,4,0.864924561147979,0.9687628642904169
7,4,0.8221812698484854,0.9687628642904169
7,4,0.9076678524474735,0.928507373159345
7,4,0.9076678524474735,0.9687628642904169
7,4,0.864924561147979,0.9687628642904169
7,4,0.5656494119017133,0.9687628642904169
7,4,0.608410730738659,0.9687628642904169
7,3,0.608410730738659,0.009036382958940159
7,4,0.608410730738659,0.9687628642904169
7,3,0.6511720495756048,0.009036382958940159
7,3,0.608410730738659,0.009036382958940159
7,3,0.608410730738659,0.009036382958940159
7,3,0.6511720495756048,0.009036382958940159
7,3,0.6511720495756057,0.049309901627463404
7,3,0.6511720495756048,0.009036382958940159
7,3,0.6939333684125515,0.049309901627463404
7,3,0.6511720495756057,0.049309901627463404
7,3,0.6511720495756057,0.049309901627463404
7,3,0.6939333684125515,0.049309901627463404
7,3,0.6939333684125515,0.08958342029598709
7,3,0.6939333684125515,0.049309901627463404
7,3,0.7366946872494973,0.08958342029598709
7,3,0.6939333684125515,0.08958342029598709
7,3,0.6939333684125515,0.08958342029598709
7,3,0.7366946872494973,0.08958342029598709
7,3,0.7366946872494973,0.12985693896451078
7,4,0.608410730738659,0.9687628642904169
7,4,0.6511720495756057,0.9687628642904169
7,3,0.6511720495756048,0.009036382958940159
7,4,0.6511720495756057,0.9687628642904169
7,3,0.6939333684125515,0.009036382958940159
7,3,0.6511720495756048,0.009036382958940159
7,3,0.6511720495756048,0.009036382958940159
7,3,0.6939333684125515,0.009036382958940159
7,3,0.6939333684125515,0.049309901627463404
7,3,0.6939333684125515,0.009036382958940159
7,3,0.7366946872494973,0.049309901627463404
7,3,0.6939333684125515,0.049309901627463404
7,3,0.6939333684125515,0.049309901627463404
7,3,0.7366946872494973,0.049309901627463404
7,3,0.7366946872494973,0.08958342029598709
7,4,0.6511720495756057,0.9687628642904169
7,4,0.6939333684125515,0.9687628642904169
7,3,0.6939333684125515,0.009036382958940159
7,4,0.6939333684125515,0.9687628642904169
7,3,0.7366946872494973,0.009036382958940159
7,3,0.6939333684125515,0.009036382958940159
7,3,0.6939333684125515,0.009036382958940159
7,3,0.7366946872494973,0.009036382958940159
7,3,0.7366946872494973,0.049309901627463404
7,4,0.6939333684125515,0.9687628642904169
7,4,0.7366946872494973,0.9687628642904169
7,3,0.7366946872494973,0.009036382958940159
7,3,0.7366946872494973,0.12985693896451078
7,3,0.6939333684125515,0.12985693896451078
7,3,0.6939333684125515,0.08958342029598709
7,3,0.6939333684125515,0.12985693896451078
7,3,0.6511720495756057,0.08958342029598709
7,3,0.6939333684125515,0.08958342029598709
7,3,0.6939333684125515,0.08958342029598709
7,3,0.6511720495756057,0.08958342029598709
7,3,0.6511720495756057,0.049309901627463404
7,3,0.6511720495756057,0.08958342029598709
7,3,0.608410730738659,0.049309901627463404
7,3,0.6511720495756057,0.049309901627463404
7,3,0.6511720495756057,0.049309901627463404
7,3,0.608410730738659,0.049309901627463404
7,3,0.608410730738659,0.009036382958940159
7,3,0.608410730738659,0.049309901627463404
7,3,0.5656494119017133,0.009036382958940159
7,3,0.608410730738659,0.009036382958940159
7,3,0.608410730738659,0.009036382958940159
7,3,0.5656494119017133,0.009036382958940159
7,4,0.5656494119017133,0.9687628642904169
7,3,0.6939333684125515,0.12985693896451078
7,3,0.6511720495756057,0.12985693896451078
7,3,0.6511720495756057,0.08958342029598709
7,3,0.6511720495756057,0.12985693896451078
7,3,0.608410730738659,0.08958342029598709
7,3,0.6511720495756057,0.08958342029598709
7,3,0.6511720495756057,0.08958342029598709
7,3,0.608410730738659,0.08958342029598709
7,3,0.608410730738659,0.049309901627463404
7,3,0.608410730738659,0.08958342029598709
7,3,0.5656494119017133,0.049309901627463404
7,3,0.608410730738659,0.049309901627463404
7,3,0.608410730738659,0.049309901627463404
7,3,0.5656494119017133,0.049309901627463404
7,3,0.5656494119017133,0.009036382958940159
7,3,0.6511720495756057,0.12985693896451078
7,3,0.608410730738659,0.12985693896451078
7,3,0.608410730738659,0.08958342029598709
7,3,0.608410730738659,0.12985693896451078
7,3,0.5656494119017133,0.08958342029598709
7,3,0.608410730738659,0.08958342029598709
7,3,0.608410730738659,0.08958342029598709
7,3,0.5656494119017133,0.08958342029598709
7,3,0.5656494119017133,0.049309901627463404
7,3,0.608410730738659,0.12985693896451078
7,3,0.5656494119017133,0.12985693896451078
7,3,0.5656494119017133,0.08958342029598709
7,4,0.7366946872494973,0.9687628642904169
7,4,0.7794379785489918,0.9687628642904169
7,3,0.7794379785489918,0.009036382958940159
7,4,0.7794379785489918,0.9687628642904169
7,3,0.8221812698484854,0.009036382958940159
7,3,0.7794379785489918,0.009036382958940159
7,3,0.7794379785489918,0.009036382958940159
7,3,0.8221812698484854,0.009036382958940159
7,3,0.8221812698484854,0.049309901627463404
7,3,0.8221812698484854,0.009036382958940159
7,3,0.864924561147979,0.049309901627463404
7,3,0.8221812698484854,0.049309901627463404
7,3,0.8221812698484854,0.049309901627463404
7,3,0.864924561147979,0.049309901627463404
7,3,0.864924561147979,0.08958342029598709
7,3,0.864924561147979,0.049309901627463404
7,3,0.9076678524474735,0.08958342029598709
7,3,0.864924561147979,0.08958342029598709
7,3,0.864924561147979,0.08958342029598709
7,3,0.9076678524474735,0.08958342029598709
7,3,0.9076678524474735,0.12985693896451078
7,4,0.7794379785489918,0.9687628642904169
7,4,0.8221812698484854,0.9687628642904169
7,3,0.8221812698484854,0.009036382958940159
7,4,0.8221812698484854,0.9687628642904169
7,3,0.864924561147979,0.009036382958940159
7,3,0.8221812698484854,0.009036382958940159
7,3,0.8221812698484854,0.009036382958940159
7,3,0.864924561147979,0.009036382958940159
7,3,0.864924561147979,0.049309901627463404
7,3,0.864924561147979,0.009036382958940159
7,3,0.9076678524474735,0.049309901627463404
7,3,0.864924561147979,0.049309901627463404
7,3,0.864924561147979,0.049309901627463404
7,3,0.9076678524474735,0.049309901627463404
7,3,0.9076678524474735,0.08958342029598709
7,4,0.8221812698484854,0.9687628642904169
7,4,0.864924561147979,0.9687628642904169
7,3,0.864924561147979,0.009036382958940159
7,4,0.864924561147979,0.9687628642904169
7,3,0.9076678524474735,0.009036382958940159
7,3,0.864924561147979,0.009036382958940159
7,3,0.864924561147979,0.009036382958940159
7,3,0.9076678524474735,0.009036382958940159
7,3,0.9076678524474735,0.049309901627463404
7,4,0.864924561147979,0.9687628642904169
7,4,0.9076678524474735,0.9687628642904169
7,3,0.9076678524474735,0.009036382958940159
7,3,0.9076678524474735,0.12985693896451078
7,3,0.864924561147979,0.12985693896451078
7,3,0.864924561147979,0.08958342029598709
7,3,0.864924561147979,0.12985693896451078
7,3,0.8221812698484854,0.08958342029598709
7,3,0.864924561147979,0.08958342029598709
7,3,0.864924561147979,0.08958342029598709
7,3,0.8221812698484854,0.08958342029598709
7,3,0.8221812698484854,0.049309901627463404
7,3,0.8221812698484854,0.08958342029598709
7,3,0.7794379785489918,0.049309901627463404
7,3,0.8221812698484854,0.049309901627463404
7,3,0.8221812698484854,0.049309901627463404
7,3,0.7794379785489918,0.049309901627463404
7,3,0.7794379785489918,0.009036382958940159
7,3,0.7794379785489918,0.049309901627463404
7,3,0.7366946872494973,0.009036382958940159
7,3,0.7794379785489918,0.009036382958940159
7,3,0.7794379785489918,0.009036382958940159
7,3,0.7366946872494973,0.009036382958940159
7,4,0.7366946872494973,0.9687628642904169
7,3,0.864924561147979,0.12985693896451078
7,3,0.8221812698484854,0.12985693896451078
7,3,0.8221812698484854,0.08958342029598709
7,3,0.8221812698484854,0.12985693896451078
7,3,0.7794379785489918,0.08958342029598709
7,3,0.8221812698484854,0.08958342029598709
7,3,0.8221812698484854,0.08958342029598709
7,3,0.7794379785489918,0.08958342029598709
7,3,0.7794379785489918,0.049309901627463404
7,3,0.7794379785489918,0.08958342029598709
7,3,0.7366946872494973,0.049309901627463404
7,3,0.7794379785489918,0.049309901627463404
7,3,0.7794379785489918,0.049309901627463404
7,3,0.7366946872494973,0.049309901627463404
7,3,0.7366946872494973,0.009036382958940159
7,3,0.8221812698484854,0.12985693896451078
7,3,0.7794379785489918,0.12985693896451078
7,3,0.7794379785489918,0.08958342029598709
7,3,0.7794379785489918,0.12985693896451078
7,3,0.7366946872494973,0.08958342029598709
7,3,0.7794379785489918,0.08958342029598709
7,3,0.7794379785489918,0.08958342029598709
7,3,0.7366946872494973,0.08958342029598709
7,3,0.7366946872494973,0.049309901627463404
7,3,0.7794379785489918,0.12985693896451078
7,3,0.7366946872494973,0.12985693896451078
7,3,0.7366946872494973,0.08958342029598709
7,4,0.689390428974562,0.8949220708856389
7,4,0.7323861057983887,0.8949220708856389
7,4,0.7323861057983887,0.9345465982058787
7,4,0.7323861057983887,0.8949220708856389
7,4,0.7753817826222154,0.9345465982058787
7,4,0.7323861057983887,0.9345465982058787
7,4,0.7323861057983887,0.9345465982058787
7,4,0.7753817826222154,0.9345465982058787
7,4,0.7753817826222154,0.9741711255261176
7,4,0.7753817826222154,0.9345465982058787
7,4,0.818377459446042,0.9741711255261176
7,4,0.7753817826222154,0.9741711255261176
7,4,0.7753817826222154,0.9741711255261176
7,4,0.818377459446042,0.9741711255261176
7,3,0.818377459446042,0.01379565284635742
7,4,0.818377459446042,0.9741711255261176
7,3,0.8613731362698687,0.01379565284635742
7,3,0.818377459446042,0.01379565284635742
7,3,0.818377459446042,0.01379565284635742
7,3,0.8613731362698687,0.01379565284635742
7,3,0.8613731362698687,0.053420180166596776
7,4,0.7323861057983887,0.8949220708856389
7,4,0.7753817826222154,0.8949220708856389
7,4,0.7753817826222154,0.9345465982058787
7,4,0.7753817826222154,0.8949220708856389
7,4,0.818377459446042,0.9345465982058787
7,4,0.7753817826222154,0.9345465982058787
7,4,0.7753817826222154,0.9345465982058787
7,4,0.818377459446042,0.9345465982058787
7,4,0.818377459446042,0.9741711255261176
7,4,0.818377459446042,0.9345465982058787
7,4,0.8613731362698687,0.9741711255261176
7,4,0.818377459446042,0.9741711255261176
7,4,0.818377459446042,0.9741711255261176
7,4,0.8613731362698687,0.9741711255261176
7,3,0.8613731362698687,0.01379565284635742
7,4,0.7753817826222154,0.8949220708856389
7,4,0.818377459446042,0.8949220708856389
7,4,0.818377459446042,0.9345465982058787
7,4,0.818377459446042,0.8949220708856389
7,4,0.8613731362698687,0.9345465982058787
7,4,0.818377459446042,0.9345465982058787
7,4,0.818377459446042,0.9345465982058787
7,4,0.8613731362698687,0.9345465982058787
7,4,0.8613731362698687,0.9741711255261176
7,4,0.818377459446042,0.8949220708856389
7,4,0.8613731362698687,0.8949220708856389
7,4,0.8613731362698687,0.9345465982058787
7,3,0.8613731362698687,0.053420180166596776
7,3,0.818377459446042,0.053420180166596776
7,3,0.818377459446042,0.01379565284635742
7,3,0.818377459446042,0.053420180166596776
7,3,0.7753817826222154,0.01379565284635742
7,3,0.818377459446042,0.01379565284635742
7,3,0.818377459446042,0.01379565284635742
7,3,0.7753817826222154,0.01379565284635742
7,4,0.7753817826222154,0.9741711255261176
7,3,0.7753817826222154,0.01379565284635742
7,4,0.7323861057983887,0.9741711255261176
7,4,0.7753817826222154,0.9741711255261176
7,4,0.7753817826222154,0.9741711255261176
7,4,0.7323861057983887,0.9741711255261176
7,4,0.7323861057983887,0.9345465982058787
7,4,0.7323861057983887,0.9741711255261176
7,4,0.689390428974562,0.9345465982058787
7,4,0.7323861057983887,0.9345465982058787
7,4,0.7323861057983887,0.9345465982058787
7,4,0.689390428974562,0.9345465982058787
7,4,0.689390428974562,0.8949220708856389
7,3,0.818377459446042,0.053420180166596776
7,3,0.7753817826222154,0.053420180166596776
7,3,0.7753817826222154,0.01379565284635742
7,3,0.7753817826222154,0.053420180166596776
7,3,0.7323861057983887,0.01379565284635742
7,3,0.7753817826222154,0.01379565284635742
7,3,0.7753817826222154,0.01379565284635742
7,3,0.7323861057983887,0.01379565284635742
7,4,0.7323861057983887,0.9741711255261176
7,3,0.7323861057983887,0.01379565284635742
7,4,0.689390428974562,0.9741711255261176
7,4,0.7323861057983887,0.9741711255261176
7,4,0.7323861057983887,0.9741711255261176
7,4,0.689390428974562,0.9741711255261176
7,4,0.689390428974562,0.9345465982058787
7,3,0.7753817826222154,0.053420180166596776
7,3,0.7323861057983887,0.053420180166596776
7,3,0.7323861057983887,0.01379565284635742
7,3,0.7323861057983887,0.053420180166596776
7,3,0.689390428974562,0.01379565284635742
7,3,0.7323861057983887,0.01379565284635742
7,3,0.7323861057983887,0.01379565284635742
7,3,0.689390428974562,0.01379565284635742
7,4,0.689390428974562,0.9741711255261176
7,3,0.7323861057983887,0.053420180166596776
7,3,0.689390428974562,0.053420180166596776
7,3,0.689390428974562,0.01379565284635742
7,3,0.689390428974562,0.053420180166596776
7,3,0.7323861057983887,0.053420180166596776
7,3,0.7323861057983887,0.09300865241193135
7,3,0.7323861057983887,0.053420180166596776
7,3,0.7753817826222154,0.09300865241193135
7,3,0.7323861057983887,0.09300865241193135
7,3,0.7323861057983887,0.09300865241193135
7,3,0.7753817826222154,0.09300865241193135
7,3,0.7753817826222154,0.13259712465726592
7,3,0.7753817826222154,0.09300865241193135
7,3,0.818377459446042,0.13259712465726592
7,3,0.7753817826222154,0.13259712465726592
7,3,0.7753817826222154,0.13259712465726592
7,3,0.818377459446042,0.13259712465726592
7,3,0.818377459446042,0.17218559690260093
7,3,0.818377459446042,0.13259712465726592
7,3,0.8613731362698687,0.17218559690260093
7,3,0.818377459446042,0.17218559690260093
7,3,0.818377459446042,0.17218559690260093
7,3,0.8613731362698687,0.17218559690260093
7,3,0.8613731362698687,0.2117740691479355
7,3,0.7323861057983887,0.053420180166596776
7,3,0.7753817826222154,0.053420180166596776
7,3,0.7753817826222154,0.09300865241193135
7,3,0.7753817826222154,0.053420180166596776
7,3,0.818377459446042,0.09300865241193135
7,3,0.7753817826222154,0.09300865241193135
7,3,0.7753817826222154,0.09300865241193135
7,3,0.818377459446042,0.09300865241193135
7,3,0.818377459446042,0.13259712465726592
7,3,0.818377459446042,0.09300865241193135
7,3,0.8613731362698687,0.13259712465726592
7,3,0.818377459446042,0.13259712465726592
7,3,0.818377459446042,0.13259712465726592
7,3,0.8613731362698687,0.13259712465726592
7,3,0.8613731362698687,0.17218559690260093
7,3,0.7753817826222154,0.053420180166596776
7,3,0.818377459446042,0.053420180166596776
7,3,0.818377459446042,0.09300865241193135
7,3,0.818377459446042,0.053420180166596776
7,3,0.8613731362698687,0.09300865241193135
7,3,0.818377459446042,0.09300865241193135
7,3,0.818377459446042,0.09300865241193135
7,3,0.8613731362698687,0.09300865241193135
7,3,0.8613731362698687,0.13259712465726592
7,3,0.818377459446042,0.053420180166596776
7,3,0.8613731362698687,0.053420180166596776
7,3,0.8613731362698687,0.09300865241193135
7,3,0.8613731362698687,0.2117740691479355
7,3,0.818377459446042,0.2117740691479355
7,3,0.818377459446042,0.17218559690260093
7,3,0.818377459446042,0.2117740691479355
7,3,0.7753817826222154,0.17218559690260093
7,3,0.818377459446042,0.17218559690260093
7,3,0.818377459446042,0.17218559690260093
7,3,0.7753817826222154,0.17218559690260093
7,3,0.7753817826222154,0.13259712465726592
7,3,0.7753817826222154,0.17218559690260093
7,3,0.7323861057983887,0.13259712465726592
7,3,0.7753817826222154,0.13259712465726592
7,3,0.7753817826222154,0.13259712465726592
7,3,0.7323861057983887,0.13259712465726592
7,3,0.7323861057983887,0.09300865241193135
7,3,0.7323861057983887,0.13259712465726592
7,3,0.689390428974562,0.09300865241193135
7,3,0.7323861057983887,0.09300865241193135
7,3,0.7323861057983887,0.09300865241193135
7,3,0.689390428974562,0.09300865241193135
7,3,0.689390428974562,0.053420180166596776
7,3,0.818377459446042,0.2117740691479355
7,3,0.7753817826222154,0.2117740691479355
7,3,0.7753817826222154,0.17218559690260093
7,3,0.7753817826222154,0.2117740691479355
7,3,0.7323861057983887,0.17218559690260093
7,3,0.7753817826222154,0.17218559690260093
7,3,0.7753817826222154,0.17218559690260093
7,3,0.7323861057983887,0.17218559690260093
7,3,0.7323861057983887,0.13259712465726592
7,3,0.7323861057983887,0.17218559690260093
7,3,0.689390428974562,0.13259712465726592
7,3,0.7323861057983887,0.13259712465726592
7,3,0.7323861057983887,0.13259712465726592
7,3,0.689390428974562,0.13259712465726592
7,3,0.689390428974562,0.09300865241193135
7,3,0.7753817826222154,0.2117740691479355
7,3,0.7323861057983887,0.2117740691479355
7,3,0.7323861057983887,0.17218559690260093
7,3,0.7323861057983887,0.2117740691479355
7,3,0.689390428974562,0.17218559690260093
7,3,0.7323861057983887,0.17218559690260093
7,3,0.7323861057983887,0.17218559690260093
7,3,0.689390428974562,0.17218559690260093
7,3,0.689390428974562,0.13259712465726592
7,3,0.7323861057983887,0.2117740691479355
7,3,0.689390428974562,0.2117740691479355
7,3,0.689390428974562,0.17218559690260093
7,4,0.689390428974562,0.8949220708856389
7,4,0.689390428974562,0.9345465982058787
7,4,0.6464127796881876,0.9345465982058787
7,4,0.689390428974562,0.9345465982058787
7,4,0.6464127796881876,0.9741711255261176
7,4,0.6464127796881876,0.9345465982058787
7,4,0.6464127796881876,0.9345465982058787
7,4,0.6464127796881876,0.9741711255261176
7,4,0.603435130401814,0.9741711255261176
7,4,0.6464127796881876,0.9741711255261176
7,3,0.603435130401814,0.01379565284635742
7,4,0.603435130401814,0.9741711255261176
7,4,0.603435130401814,0.9741711255261176
7,3,0.603435130401814,0.01379565284635742
7,3,0.5604574811154395,0.01379565284635742
7,3,0.603435130401814,0.01379565284635742
7,3,0.5604574811154395,0.053420180166596776
7,3,0.5604574811154395,0.01379565284635742
7,3,0.5604574811154395,0.01379565284635742
7,3,0.5604574811154395,0.053420180166596776
7,3,0.517479831829065,0.053420180166596776
7,4,0.689390428974562,0.9345465982058787
7,4,0.689390428974562,0.9741711255261176
7,4,0.6464127796881876,0.9741711255261176
7,4,0.689390428974562,0.9741711255261176
7,3,0.6464127796881876,0.01379565284635742
7,4,0.6464127796881876,0.9741711255261176
7,4,0.6464127796881876,0.9741711255261176
7,3,0.6464127796881876,0.01379565284635742
7,3,0.603435130401814,0.01379565284635742
7,3,0.6464127796881876,0.01379565284635742
7,3,0.603435130401814,0.053420180166596776
7,3,0.603435130401814,0.01379565284635742
7,3,0.603435130401814,0.01379565284635742
7,3,0.603435130401814,0.053420180166596776
7,3,0.5604574811154395,0.053420180166596776
7,4,0.689390428974562,0.9741711255261176
7,3,0.689390428974562,0.01379565284635742
7,3,0.6464127796881876,0.01379565284635742
7,3,0.689390428974562,0.01379565284635742
7,3,0.6464127796881876,0.053420180166596776
7,3,0.6464127796881876,0.01379565284635742
7,3,0.6464127796881876,0.01379565284635742
7,3,0.6464127796881876,0.053420180166596776
7,3,0.603435130401814,0.053420180166596776
7,3,0.689390428974562,0.01379565284635742
7,3,0.689390428974562,0.053420180166596776
7,3,0.6464127796881876,0.053420180166596776
7,3,0.517479831829065,0.053420180166596776
7,3,0.517479831829065,0.01379565284635742
7,3,0.5604574811154395,0.01379565284635742
7,3,0.517479831829065,0.01379565284635742
7,4,0.5604574811154395,0.9741711255261176
7,3,0.5604574811154395,0.01379565284635742
7,3,0.5604574811154395,0.01379565284635742
7,4,0.5604574811154395,0.9741711255261176
7,4,0.603435130401814,0.9741711255261176
7,4,0.5604574811154395,0.9741711255261176
7,4,0.603435130401814,0.9345465982058787
7,4,0.603435130401814,0.9741711255261176
7,4,0.603435130401814,0.9741711255261176
7,4,0.603435130401814,0.9345465982058787
7,4,0.6464127796881876,0.9345465982058787
7,4,0.603435130401814,0.9345465982058787
7,4,0.6464127796881876,0.8949220708856389
7,4,0.6464127796881876,0.9345465982058787
7,4,0.6464127796881876,0.9345465982058787
7,4,0.6464127796881876,0.8949220708856389
7,4,0.689390428974562,0.8949220708856389
7,3,0.517479831829065,0.01379565284635742
7,4,0.517479831829065,0.9741711255261176
7,4,0.5604574811154395,0.9741711255261176
7,4,0.517479831829065,0.9741711255261176
7,4,0.5604574811154395,0.9345465982058787
7,4,0.5604574811154395,0.9741711255261176
7,4,0.5604574811154395,0.9741711255261176
7,4,0.5604574811154395,0.9345465982058787
7,4,0.603435130401814,0.9345465982058787
7,4,0.5604574811154395,0.9345465982058787
7,4,0.603435130401814,0.8949220708856389
7,4,0.603435130401814,0.9345465982058787
7,4,0.603435130401814,0.9345465982058787
7,4,0.603435130401814,0.8949220708856389
7,4,0.6464127796881876,0.8949220708856389
7,4,0.517479831829065,0.9741711255261176
7,4,0.517479831829065,0.9345465982058787
7,4,0.5604574811154395,0.9345465982058787
7,4,0.517479831829065,0.9345465982058787
7,4,0.5604574811154395,0.8949220708856389
7,4,0.5604574811154395,0.9345465982058787
7,4,0.5604574811154395,0.9345465982058787
7,4,0.5604574811154395,0.8949220708856389
7,4,0.603435130401814,0.8949220708856389
7,4,0.517479831829065,0.9345465982058787
7,4,0.517479831829065,0.8949220708856389
7,4,0.5604574811154395,0.8949220708856389
7,3,0.689390428974562,0.053420180166596776
7,3,0.689390428974562,0.09300865241193135
7,3,0.6464127796881876,0.09300865241193135
7,3,0.689390428974562,0.09300865241193135
7,3,0.6464127796881876,0.13259712465726592
7,3,0.6464127796881876,0.09300865241193135
7,3,0.6464127796881876,0.09300865241193135
7,3,0.6464127796881876,0.13259712465726592
7,3,0.603435130401814,0.13259712465726592
7,3,0.6464127796881876,0.13259712465726592
7,3,0.603435130401814,0.17218559690260093
7,3,0.603435130401814,0.13259712465726592
7,3,0.603435130401814,0.13259712465726592
7,3,0.603435130401814,0.17218559690260093
7,3,0.5604574811154395,0.17218559690260093
7,3,0.603435130401814,0.17218559690260093
7,3,0.5604574811154395,0.2117740691479355
7,3,0.5604574811154395,0.17218559690260093
7,3,0.5604574811154395,0.17218559690260093
7,3,0.5604574811154395,0.2117740691479355
7,3,0.517479831829065,0.2117740691479355
7,3,0.689390428974562,0.09300865241193135
7,3,0.689390428974562,0.13259712465726592
7,3,0.6464127796881876,0.13259712465726592
7,3,0.689390428974562,0.13259712465726592
7,3,0.6464127796881876,0.17218559690260093
7,3,0.6464127796881876,0.13259712465726592
7,3,0.6464127796881876,0.13259712465726592
7,3,0.6464127796881876,0.17218559690260093
7,3,0.603435130401814,0.17218559690260093
7,3,0.6464127796881876,0.17218559690260093
7,3,0.603435130401814,0.2117740691479355
7,3,0.603435130401814,0.17218559690260093
7,3,0.603435130401814,0.17218559690260093
7,3,0.603435130401814,0.2117740691479355
7,3,0.5604574811154395,0.2117740691479355
7,3,0.689390428974562,0.13259712465726592
7,3,0.689390428974562,0.17218559690260093
7,3,0.6464127796881876,0.17218559690260093
7,3,0.689390428974562,0.17218559690260093
7,3,0.6464127796881876,0.2117740691479355
7,3,0.6464127796881876,0.17218559690260093
7,3,0.6464127796881876,0.17218559690260093
7,3,0.6464127796881876,0.2117740691479355
7,3,0.603435130401814,0.2117740691479355
7,3,0.689390428974562,0.17218559690260093
7,3,0.689390428974562,0.2117740691479355
7,3,0.6464127796881876,0.2117740691479355
7,3,0.517479831829065,0.2117740691479355
7,3,0.517479831829065,0.17218559690260093
7,3,0.5604574811154395,0.17218559690260093
7,3,0.517479831829065,0.17218559690260093
7,3,0.5604574811154395,0.13259712465726592
7,3,0.5604574811154395,0.17218559690260093
7,3,0.5604574811154395,0.17218559690260093
7,3,0.5604574811154395,0.13259712465726592
7,3,0.603435130401814,0.13259712465726592
7,3,0.5604574811154395,0.13259712465726592
7,3,0.603435130401814,0.09300865241193135
7,3,0.603435130401814,0.13259712465726592
7,3,0.603435130401814,0.13259712465726592
7,3,0.603435130401814,0.09300865241193135
7,3,0.6464127796881876,0.09300865241193135
7,3,0.603435130401814,0.09300865241193135
7,3,0.6464127796881876,0.053420180166596776
7,3,0.6464127796881876,0.09300865241193135
7,3,0.6464127796881876,0.09300865241193135
7,3,0.6464127796881876,0.053420180166596776
7,3,0.689390428974562,0.053420180166596776
7,3,0.517479831829065,0.17218559690260093
7,3,0.517479831829065,0.13259712465726592
7,3,0.5604574811154395,0.13259712465726592
7,3,0.517479831829065,0.13259712465726592
7,3,0.5604574811154395,0.09300865241193135
7,3,0.5604574811154395,0.13259712465726592
7,3,0.5604574811154395,0.13259712465726592
7,3,0.5604574811154395,0.09300865241193135
7,3,0.603435130401814,0.09300865241193135
7,3,0.5604574811154395,0.09300865241193135
7,3,0.603435130401814,0.053420180166596776
7,3,0.603435130401814,0.09300865241193135
7,3,0.603435130401814,0.09300865241193135
7,3,0.603435130401814,0.053420180166596776
7,3,0.6464127796881876,0.053420180166596776
7,3,0.517479831829065,0.13259712465726592
7,3,0.517479831829065,0.09300865241193135
7,3,0.5604574811154395,0.09300865241193135
7,3,0.517479831829065,0.09300865241193135
7,3,0.5604574811154395,0.053420180166596776
7,3,0.5604574811154395,0.09300865241193135
7,3,0.5604574811154395,0.09300865241193135
7,3,0.5604574811154395,0.053420180166596776
7,3,0.603435130401814,0.053420180166596776
7,3,0.517479831829065,0.09300865241193135
7,3,0.517479831829065,0.053420180166596776
7,3,0.5604574811154395,0.053420180166596776
7,4,0.6399999999999997,0.7800000000000002
7,4,0.5545637878039189,0.6971731459619237
7,4,0.5545637878039189,0.8628268540380768
7,4,0.7254362121960805,0.6971731459619237
7,4,0.7254362121960805,0.8628268540380768
7,4,0.47289522846843735,0.7785066247195029
7,4,0.47289522846843735,0.738265148511676
7,4,0.5156189437747152,0.738265148511676
7,4,0.47289522846843735,0.738265148511676
7,4,0.5156189437747152,0.6980236723038491
7,4,0.5156189437747152,0.738265148511676
7,4,0.5156189437747152,0.738265148511676
7,4,0.5156189437747152,0.6980236723038491
7,4,0.558342659080993,0.6980236723038491
7,4,0.5156189437747152,0.6980236723038491
7,4,0.558342659080993,0.6577821960960222
7,4,0.558342659080993,0.6980236723038491
7,4,0.558342659080993,0.6980236723038491
7,4,0.558342659080993,0.6577821960960222
7,4,0.6010663743872708,0.6577821960960222
7,4,0.558342659080993,0.6577821960960222
7,4,0.6010663743872708,0.6175407198881953
7,4,0.6010663743872708,0.6577821960960222
7,4,0.6010663743872708,0.6577821960960222
7,4,0.6010663743872708,0.6175407198881953
7,4,0.6437900896935487,0.6175407198881953
7,4,0.47289522846843735,0.738265148511676
7,4,0.47289522846843735,0.6980236723038491
7,4,0.5156189437747152,0.6980236723038491
7,4,0.47289522846843735,0.6980236723038491
7,4,0.5156189437747152,0.6577821960960222
7,4,0.5156189437747152,0.6980236723038491
7,4,0.5156189437747152,0.6980236723038491
7,4,0.5156189437747152,0.6577821960960222
7,4,0.558342659080993,0.6577821960960222
7,4,0.5156189437747152,0.6577821960960222
7,4,0.558342659080993,0.6175407198881953
7,4,0.558342659080993,0.6577821960960222
7,4,0.558342659080993,0.6577821960960222
7,4,0.558342659080993,0.6175407198881953
7,4,0.6010663743872708,0.6175407198881953
7,4,0.47289522846843735,0.6980236723038491
7,4,0.47289522846843735,0.6577821960960222
7,4,0.5156189437747152,0.6577821960960222
7,4,0.47289522846843735,0.6577821960960222
7,4,0.5156189437747152,0.6175407198881953
7,4,0.5156189437747152,0.6577821960960222
7,4,0.5156189437747152,0.6577821960960222
7,4,0.5156189437747152,0.6175407198881953
7,4,0.558342659080993,0.6175407198881953
7,4,0.47289522846843735,0.6577821960960222
7,4,0.47289522846843735,0.6175407198881953
7,4,0.5156189437747152,0.6175407198881953
7,4,0.6437900896935487,0.6175407198881953
7,4,0.6437900896935487,0.6577821960960222
7,4,0.6010663743872708,0.6577821960960222
7,4,0.6437900896935487,0.6577821960960222
7,4,0.6010663743872708,0.6980236723038491
7,4,0.6010663743872708,0.6577821960960222
7,4,0.6010663743872708,0.6577821960960222
7,4,0.6010663743872708,0.6980236723038491
7,4,0.558342659080993,0.6980236723038491
7,4,0.6010663743872708,0.6980236723038491
7,4,0.558342659080993,0.738265148511676
7,4,0.558342659080993,0.6980236723038491
7,4,0.558342659080993,0.6980236723038491
7,4,0.558342659080993,0.738265148511676
7,4,0.5156189437747152,0.738265148511676
7,4,0.558342659080993,0.738265148511676
7,4,0.5156189437747152,0.7785066247195029
7,4,0.5156189437747152,0.738265148511676
7,4,0.5156189437747152,0.738265148511676
7,4,0.5156189437747152,0.7785066247195029
7,4,0.47289522846843735,0.7785066247195029
7,4,0.6437900896935487,0.6577821960960222
7,4,0.6437900896935487,0.6980236723038491
7,4,0.6010663743872708,0.6980236723038491
7,4,0.6437900896935487,0.6980236723038491
7,4,0.6010663743872708,0.738265148511676
7,4,0.6010663743872708,0.6980236723038491
7,4,0.6010663743872708,0.6980236723038491
7,4,0.6010663743872708,0.738265148511676
7,4,0.558342659080993,0.738265148511676
7,4,0.6010663743872708,0.738265148511676
7,4,0.558342659080993,0.7785066247195029
7,4,0.558342659080993,0.738265148511676
7,4,0.558342659080993,0.738265148511676
7,4,0.558342659080993,0.7785066247195029
7,4,0.5156189437747152,0.7785066247195029
7,4,0.6437900896935487,0.6980236723038491
7,4,0.6437900896935487,0.738265148511676
7,4,0.6010663743872708,0.738265148511676
7,4,0.6437900896935487,0.738265148511676
7,4,0.6010663743872708,0.7785066247195029
7,4,0.6010663743872708,0.738265148511676
7,4,0.6010663743872708,0.738265148511676
7,4,0.6010663743872708,0.7785066247195029
7,4,0.558342659080993,0.7785066247195029
7,4,0.6437900896935487,0.738265148511676
7,4,0.6437900896935487,0.7785066247195029
7,4,0.6010663743872708,0.7785066247195029
7,4,0.6437900896935487,0.7785066247195029
7,4,0.6437900896935487,0.738265148511676
7,4,0.6865284064062882,0.738265148511676
7,4,0.6437900896935487,0.738265148511676
7,4,0.6865284064062882,0.6980236723038491
7,4,0.6865284064062882,0.738265148511676
7,4,0.6865284064062882,0.738265148511676
7,4,0.6865284064062882,0.6980236723038491
7,4,0.7292667231190277,0.6980236723038491
7,4,0.6865284064062882,0.6980236723038491
7,4,0.7292667231190277,0.6577821960960222
7,4,0.7292667231190277,0.6980236723038491
7,4,0.7292667231190277,0.6980236723038491
7,4,0.7292667231190277,0.6577821960960222
7,4,0.7720050398317664,0.6577821960960222
7,4,0.7292667231190277,0.6577821960960222
7,4,0.7720050398317664,0.6175407198881953
7,4,0.7720050398317664,0.6577821960960222
7,4,0.7720050398317664,0.6577821960960222
7,4,0.7720050398317664,0.6175407198881953
7,4,0.8147433565445059,0.6175407198881953
7,4,0.6437900896935487,0.738265148511676
7,4,0.6437900896935487,0.6980236723038491
7,4,0.6865284064062882,0.6980236723038491
7,4,0.6437900896935487,0.6980236723038491
7,4,0.6865284064062882,0.6577821960960222
7,4,0.6865284064062882,0.6980236723038491
7,4,0.6865284064062882,0.6980236723038491
7,4,0.6865284064062882,0.6577821960960222
7,4,0.7292667231190277,0.6577821960960222
7,4,0.6865284064062882,0.6577821960960222
7,4,0.7292667231190277,0.6175407198881953
7,4,0.7292667231190277,0.6577821960960222
7,4,0.7292667231190277,0.6577821960960222
7,4,0.7292667231190277,0.6175407198881953
7,4,0.7720050398317664,0.6175407198881953
7,4,0.6437900896935487,0.6980236723038491
7,4,0.6437900896935487,0.6577821960960222
7,4,0.6865284064062882,0.6577821960960222
7,4,0.6437900896935487,0.6577821960960222
7,4,0.6865284064062882,0.6175407198881953
7,4,0.6865284064062882,0.6577821960960222
7,4,0.6865284064062882,0.6577821960960222
7,4,0.6865284064062882,0.6175407198881953
7,4,0.7292667231190277,0.6175407198881953
7,4,0.6437900896935487,0.6577821960960222
7,4,0.6437900896935487,0.6175407198881953
7,4,0.6865284064062882,0.6175407198881953
7,4,0.8147433565445059,0.6175407198881953
7,4,0.8147433565445059,0.6577821960960222
7,4,0.7720050398317664,0.6577821960960222
7,4,0.8147433565445059,0.6577821960960222
7,4,0.7720050398317664,0.6980236723038491
7,4,0.7720050398317664,0.6577821960960222
7,4,0.7720050398317664,0.6577821960960222
7,4,0.7720050398317664,0.6980236723038491
7,4,0.7292667231190277,0.6980236723038491
7,4,0.7720050398317664,0.6980236723038491
7,4,0.7292667231190277,0.738265148511676
7,4,0.7292667231190277,0.6980236723038491
7,4,0.7292667231190277,0.6980236723038491
7,4,0.7292667231190277,0.738265148511676
7,4,0.6865284064062882,0.738265148511676
7,4,0.7292667231190277,0.738265148511676
7,4,0.6865284064062882,0.7785066247195029
7,4,0.6865284064062882,0.738265148511676
7,4,0.6865284064062882,0.738265148511676
7,4,0.6865284064062882,0.7785066247195029
7,4,0.6437900896935487,0.7785066247195029
7,4,0.8147433565445059,0.6577821960960222
7,4,0.8147433565445059,0.6980236723038491
7,4,0.7720050398317664,0.6980236723038491
7,4,0.8147433565445059,0.6980236723038491
7,4,0.7720050398317664,0.738265148511676
7,4,0.7720050398317664,0.6980236723038491
7,4,0.7720050398317664,0.6980236723038491
7,4,0.7720050398317664,0.738265148511676
7,4,0.7292667231190277,0.738265148511676
7,4,0.7720050398317664,0.738265148511676
7,4,0.7292667231190277,0.7785066247195029
7,4,0.7292667231190277,0.738265148511676
7,4,0.7292667231190277,0.738265148511676
7,4,0.7292667231190277,0.7785066247195029
7,4,0.6865284064062882,0.7785066247195029
7,4,0.8147433565445059,0.6980236723038491
7,4,0.8147433565445059,0.738265148511676
7,4,0.7720050398317664,0.738265148511676
7,4,0.8147433565445059,0.738265148511676
7,4,0.7720050398317664,0.7785066247195029
7,4,0.7720050398317664,0.738265148511676
7,4,0.7720050398317664,0.738265148511676
7,4,0.7720050398317664,0.7785066247195029
7,4,0.7292667231190277,0.7785066247195029
7,4,0.8147433565445059,0.738265148511676
7,4,0.8147433565445059,0.7785066247195029
7,4,0.7720050398317664,0.7785066247195029
7,4,0.47289522846843735,0.7785066247195029
7,4,0.5156189437747152,0.7785066247195029
7,4,0.5156189437747152,0.8187773037402533
7,4,0.5156189437747152,0.7785066247195029
7,4,0.558342659080993,0.8187773037402533
7,4,0.5156189437747152,0.8187773037402533
7,4,0.5156189437747152,0.8187773037402533
7,4,0.558342659080993,0.8187773037402533
7,4,0.558342659080993,0.8590479827610027
7,4,0.558342659080993,0.8187773037402533
7,4,0.6010663743872708,0.8590479827610027
7,4,0.558342659080993,0.8590479827610027
7,4,0.558342659080993,0.8590479827610027
7,4,0.6010663743872708,0.8590479827610027
7,4,0.6010663743872708,0.899318661781753
7,4,0.6010663743872708,0.8590479827610027
7,4,0.6437900896935487,0.899318661781753
7,4,0.6010663743872708,0.899318661781753
7,4,0.6010663743872708,0.899318661781753
7,4,0.6437900896935487,0.899318661781753
7,4,0.6437900896935487,0.9395893408025024
7,4,0.5156189437747152,0.7785066247195029
7,4,0.558342659080993,0.7785066247195029
7,4,0.558342659080993,0.8187773037402533
7,4,0.558342659080993,0.7785066247195029
7,4,0.6010663743872708,0.8187773037402533
7,4,0.558342659080993,0.8187773037402533
7,4,0.558342659080993,0.8187773037402533
7,4,0.6010663743872708,0.8187773037402533
7,4,0.6010663743872708,0.8590479827610027
7,4,0.6010663743872708,0.8187773037402533
7,4,0.6437900896935487,0.8590479827610027
7,4,0.6010663743872708,0.8590479827610027
7,4,0.6010663743872708,0.8590479827610027
7,4,0.6437900896935487,0.8590479827610027
7,4,0.6437900896935487,0.899318661781753
7,4,0.558342659080993,0.7785066247195029
7,4,0.6010663743872708,0.7785066247195029
7,4,0.6010663743872708,0.8187773037402533
7,4,0.6010663743872708,0.7785066247195029
7,4,0.6437900896935487,0.8187773037402533
7,4,0.6010663743872708,0.8187773037402533
7,4,0.6010663743872708,0.8187773037402533
7,4,0.6437900896935487,0.8187773037402533
7,4,0.6437900896935487,0.8590479827610027
7,4,0.6010663743872708,0.7785066247195029
7,4,0.6437900896935487,0.7785066247195029
7,4,0.6437900896935487,0.8187773037402533
7,4,0.6437900896935487,0.9395893408025024
7,4,0.6010663743872708,0.9395893408025024
7,4,0.6010663743872708,0.899318661781753
7,4,0.6010663743872708,0.9395893408025024
7,4,0.558342659080993,0.899318661781753
7,4,0.6010663743872708,0.899318661781753
7,4,0.6010663743872708,0.899318661781753
7,4,0.558342659080993,0.899318661781753
7,4,0.558342659080993,0.8590479827610027
7,4,0.558342659080993,0.899318661781753
7,4,0.5156189437747152,0.8590479827610027
7,4,0.558342659080993,0.8590479827610027
7,4,0.558342659080993,0.8590479827610027
7,4,0.5156189437747152,0.8590479827610027
7,4,0.5156189437747152,0.8187773037402533
7,4,0.5156189437747152,0.8590479827610027
7,4,0.47289522846843735,0.8187773037402533
7,4,0.5156189437747152,0.8187773037402533
7,4,0.5156189437747152,0.8187773037402533
7,4,0.47289522846843735,0.8187773037402533
7,4,0.47289522846843735,0.7785066247195029
7,4,0.6010663743872708,0.9395893408025024
7,4,0.558342659080993,0.9395893408025024
7,4,0.558342659080993,0.899318661781753
7,4,0.558342659080993,0.9395893408025024
7,4,0.5156189437747152,0.899318661781753
7,4,0.558342659080993,0.899318661781753
7,4,0.558342659080993,0.899318661781753
7,4,0.5156189437747152,0.899318661781753
7,4,0.5156189437747152,0.8590479827610027
7,4,0.5156189437747152,0.899318661781753
7,4,0.47289522846843735,0.8590479827610027
7,4,0.5156189437747152,0.8590479827610027
7,4,0.5156189437747152,0.8590479827610027
7,4,0.47289522846843735,0.8590479827610027
7,4,0.47289522846843735,0.8187773037402533
7,4,0.558342659080993,0.9395893408025024
7,4,0.5156189437747152,0.9395893408025024
7,4,0.5156189437747152,0.899318661781753
7,4,0.5156189437747152,0.9395893408025024
7,4,0.47289522846843735,0.899318661781753
7,4,0.5156189437747152,0.899318661781753
7,4,0.5156189437747152,0.899318661781753
7,4,0.47289522846843735,0.899318661781753
7,4,0.47289522846843735,0.8590479827610027
7,4,0.5156189437747152,0.9395893408025024
7,4,0.47289522846843735,0.9395893408025024
7,4,0.47289522846843735,0.899318661781753
7,4,0.6437900896935487,0.7785066247195029
7,4,0.6865284064062882,0.7785066247195029
7,4,0.6865284064062882,0.8187773037402533
7,4,0.6865284064062882,0.7785066247195029
7,4,0.7292667231190277,0.8187773037402533
7,4,0.6865284064062882,0.8187773037402533
7,4,0.6865284064062882,0.8187773037402533
7,4,0.7292667231190277,0.8187773037402533
7,4,0.7292667231190277,0.8590479827610027
7,4,0.7292667231190277,0.8187773037402533
7,4,0.7720050398317664,0.8590479827610027
7,4,0.7292667231190277,0.8590479827610027
7,4,0.7292667231190277,0.8590479827610027
7,4,0.7720050398317664,0.8590479827610027
7,4,0.7720050398317664,0.899318661781753
7,4,0.7720050398317664,0.8590479827610027
7,4,0.8147433565445059,0.899318661781753
7,4,0.7720050398317664,0.899318661781753
7,4,0.7720050398317664,0.899318661781753
7,4,0.8147433565445059,0.899318661781753
7,4,0.8147433565445059,0.9395893408025024
7,4,0.6865284064062882,0.7785066247195029
7,4,0.7292667231190277,0.7785066247195029
7,4,0.7292667231190277,0.8187773037402533
7,4,0.7292667231190277,0.7785066247195029
7,4,0.7720050398317664,0.8187773037402533
7,4,0.7292667231190277,0.8187773037402533
7,4,0.7292667231190277,0.8187773037402533
7,4,0.7720050398317664,0.8187773037402533
7,4,0.7720050398317664,0.8590479827610027
7,4,0.7720050398317664,0.8187773037402533
7,4,0.8147433565445059,0.8590479827610027
7,4,0.7720050398317664,0.8590479827610027
7,4,0.7720050398317664,0.8590479827610027
7,4,0.8147433565445059,0.8590479827610027
7,4,0.8147433565445059,0.899318661781753
7,4,0.7292667231190277,0.7785066247195029
7,4,0.7720050398317664,0.7785066247195029
7,4,0.7720050398317664,0.8187773037402533
7,4,0.7720050398317664,0.7785066247195029
7,4,0.8147433565445059,0.8187773037402533
7,4,0.7720050398317664,0.8187773037402533
7,4,0.7720050398317664,0.8187773037402533
7,4,0.8147433565445059,0.8187773037402533
7,4,0.8147433565445059,0.8590479827610027
7,4,0.7720050398317664,0.7785066247195029
7,4,0.8147433565445059,0.7785066247195029
7,4,0.8147433565445059,0.8187773037402533
7,4,0.8147433565445059,0.9395893408025024
7,4,0.7720050398317664,0.9395893408025024
7,4,0.7720050398317664,0.899318661781753
7,4,0.7720050398317664,0.9395893408025024
7,4,0.7292667231190277,0.899318661781753
7,4,0.7720050398317664,0.899318661781753
7,4,0.7720050398317664,0.899318661781753
7,4,0.7292667231190277,0.899318661781753
7,4,0.7292667231190277,0.8590479827610027
7,4,0.7292667231190277,0.899318661781753
7,4,0.6865284064062882,0.8590479827610027
7,4,0.7292667231190277,0.8590479827610027
7,4,0.7292667231190277,0.8590479827610027
7,4,0.6865284064062882,0.8590479827610027
7,4,0.6865284064062882,0.8187773037402533
7,4,0.6865284064062882,0.8590479827610027
7,4,0.6437900896935487,0.8187773037402533
7,4,0.6865284064062882,0.8187773037402533
7,4,0.6865284064062882,0.8187773037402533
7,4,0.6437900896935487,0.8187773037402533
7,4,0.6437900896935487,0.7785066247195029
7,4,0.7720050398317664,0.9395893408025024
7,4,0.7292667231190277,0.9395893408025024
7,4,0.7292667231190277,0.899318661781753
7,4,0.7292667231190277,0.9395893408025024
7,4,0.6865284064062882,0.899318661781753
7,4,0.7292667231190277,0.899318661781753
7,4,0.7292667231190277,0.899318661781753
7,4,0.6865284064062882,0.899318661781753
7,4,0.6865284064062882,0.8590479827610027
7,4,0.6865284064062882,0.899318661781753
7,4,0.6437900896935487,0.8590479827610027
7,4,0.6865284064062882,0.8590479827610027
7,4,0.6865284064062882,0.8590479827610027
7,4,0.6437900896935487,0.8590479827610027
7,4,0.6437900896935487,0.8187773037402533
7,4,0.7292667231190277,0.9395893408025024
7,4,0.6865284064062882,0.9395893408025024
7,4,0.6865284064062882,0.899318661781753
7,4,0.6865284064062882,0.9395893408025024
7,4,0.6437900896935487,0.899318661781753
7,4,0.6865284064062882,0.899318661781753
7,4,0.6865284064062882,0.899318661781753
7,4,0.6437900896935487,0.899318661781753
7,4,0.6437900896935487,0.8590479827610027
7,4,0.6865284064062882,0.9395893408025024
7,4,0.6437900896935487,0.9395893408025024
7,4,0.6437900896935487,0.899318661781753
7,4,0.29000000000000004,0.9199999999999999
7,4,0.18503324592022974,0.780676909382696
7,3,0.18503324592022974,0.05932309061730434
7,4,0.39496675407977033,0.780676909382696
7,3,0.39496675407977033,0.05932309061730434
7,3,0.3141141379275876,0.1412856681918364
7,3,0.2942033147477021,0.1412856681918364
7,3,0.2942033147477021,0.09047176032134496
7,3,0.2942033147477021,0.1412856681918364
7,3,0.27429249156781665,0.09047176032134496
7,3,0.2942033147477021,0.09047176032134496
7,3,0.2942033147477021,0.09047176032134496
7,3,0.27429249156781665,0.09047176032134496
7,3,0.27429249156781665,0.039657852450853515
7,3,0.27429249156781665,0.09047176032134496
7,3,0.2543816683879321,0.039657852450853515
7,3,0.27429249156781665,0.039657852450853515
7,3,0.27429249156781665,0.039657852450853515
7,3,0.2543816683879321,0.039657852450853515
7,4,0.2543816683879321,0.9888439445803625
7,3,0.2543816683879321,0.039657852450853515
7,4,0.23447084520804662,0.9888439445803625
7,4,0.2543816683879321,0.9888439445803625
7,4,0.2543816683879321,0.9888439445803625
7,4,0.23447084520804662,0.9888439445803625
7,4,0.23447084520804662,0.9380300367098711
7,4,0.23447084520804662,0.9888439445803625
7,4,0.21456002202816116,0.9380300367098711
7,4,0.23447084520804662,0.9380300367098711
7,4,0.23447084520804662,0.9380300367098711
7,4,0.21456002202816116,0.9380300367098711
7,4,0.21456002202816116,0.8872161288393796
7,4,0.21456002202816116,0.9380300367098711
7,4,0.1946491988482757,0.8872161288393796
7,4,0.21456002202816116,0.8872161288393796
7,4,0.21456002202816116,0.8872161288393796
7,4,0.1946491988482757,0.8872161288393796
7,4,0.1946491988482757,0.8364022209688882
7,4,0.1946491988482757,0.8872161288393796
7,4,0.17473837566839112,0.8364022209688882
7,4,0.1946491988482757,0.8364022209688882
7,4,0.1946491988482757,0.8364022209688882
7,4,0.17473837566839112,0.8364022209688882
7,4,0.17473837566839112,0.7855883130983967
7,4,0.17473837566839112,0.8364022209688882
7,4,0.15482755248850566,0.7855883130983967
7,4,0.17473837566839112,0.7855883130983967
7,4,0.17473837566839112,0.7855883130983967
7,4,0.15482755248850566,0.7855883130983967
7,4,0.15482755248850566,0.7347744052279053
7,4,0.15482755248850566,0.7855883130983967
7,4,0.1349167293086202,0.7347744052279053
7,4,0.15482755248850566,0.7347744052279053
7,4,0.15482755248850566,0.7347744052279053
7,4,0.1349167293086202,0.7347744052279053
7,4,0.1349167293086202,0.6839604973574138
7,3,0.2942033147477021,0.1412856681918364
7,3,0.27429249156781665,0.1412856681918364
7,3,0.27429249156781665,0.09047176032134496
7,3,0.27429249156781665,0.1412856681918364
7,3,0.2543816683879321,0.09047176032134496
7,3,0.27429249156781665,0.09047176032134496
7,3,0.27429249156781665,0.09047176032134496
7,3,0.2543816683879321,0.09047176032134496
7,3,0.2543816683879321,0.039657852450853515
7,3,0.2543816683879321,0.09047176032134496
7,3,0.23447084520804662,0.039657852450853515
7,3,0.2543816683879321,0.039657852450853515
7,3,0.2543816683879321,0.039657852450853515
7,3,0.23447084520804662,0.039657852450853515
7,4,0.23447084520804662,0.9888439445803625
7,3,0.23447084520804662,0.039657852450853515
7,4,0.21456002202816116,0.9888439445803625
7,4,0.23447084520804662,0.9888439445803625
7,4,0.23447084520804662,0.9888439445803625
7,4,0.21456002202816116,0.9888439445803625
7,4,0.21456002202816116,0.9380300367098711
7,4,0.21456002202816116,0.9888439445803625
7,4,0.1946491988482757,0.9380300367098711
7,4,0.21456002202816116,0.9380300367098711
7,4,0.21456002202816116,0.9380300367098711
7,4,0.1946491988482757,0.9380300367098711
7,4,0.1946491988482757,0.8872161288393796
7,4,0.1946491988482757,0.9380300367098711
7,4,0.17473837566839112,0.8872161288393796
7,4,0.1946491988482757,0.8872161288393796
7,4,0.1946491988482757,0.8872161288393796
7,4,0.17473837566839112,0.8872161288393796
7,4,0.17473837566839112,0.8364022209688882
7,4,0.17473837566839112,0.8872161288393796
7,4,0.15482755248850566,0.8364022209688882
7,4,0.17473837566839112,0.8364022209688882
7,4,0.17473837566839112,0.8364022209688882
7,4,0.15482755248850566,0.8364022209688882
7,4,0.15482755248850566,0.7855883130983967
7,4,0.15482755248850566,0.8364022209688882
7,4,0.1349167293086202,0.7855883130983967
7,4,0.15482755248850566,0.7855883130983967
7,4,0.15482755248850566,0.7855883130983967
7,4,0.1349167293086202,0.7855883130983967
7,4,0.1349167293086202,0.7347744052279053
7,3,0.27429249156781665,0.1412856681918364
7,3,0.2543816683879321,0.1412856681918364
7,3,0.2543816683879321,0.09047176032134496
7,3,0.2543816683879321,0.1412856681918364
7,3,0.23447084520804662,0.09047176032134496
7,3,0.2543816683879321,0.09047176032134496
7,3,0.2543816683879321,0.09047176032134496
7,3,0.23447084520804662,0.09047176032134496
7,3,0.23447084520804662,0.039657852450853515
7,3,0.23447084520804662,0.09047176032134496
7,3,0.21456002202816116,0.039657852450853515
7,3,0.23447084520804662,0.039657852450853515
7,3,0.23447084520804662,0.039657852450853515
7,3,0.21456002202816116,0.039657852450853515
7,4,0.21456002202816116,0.9888439445803625
7,3,0.21456002202816116,0.039657852450853515
7,4,0.1946491988482757,0.9888439445803625
7,4,0.21456002202816116,0.9888439445803625
7,4,0.21456002202816116,0.9888439445803625
7,4,0.1946491988482757,0.9888439445803625
7,4,0.1946491988482757,0.9380300367098711
7,4,0.1946491988482757,0.9888439445803625
7,4,0.17473837566839112,0.9380300367098711
7,4,0.1946491988482757,0.9380300367098711
7,4,0.1946491988482757,0.9380300367098711
7,4,0.17473837566839112,0.9380300367098711
7,4,0.17473837566839112,0.8872161288393796
7,4,0.17473837566839112,0.9380300367098711
7,4,0.15482755248850566,0.8872161288393796
7,4,0.17473837566839112,0.8872161288393796
7,4,0.17473837566839112,0.8872161288393796
7,4,0.15482755248850566,0.8872161288393796
7,4,0.15482755248850566,0.8364022209688882
7,4,0.15482755248850566,0.8872161288393796
7,4,0.1349167293086202,0.8364022209688882
7,4,0.15482755248850566,0.8364022209688882
7,4,0.15482755248850566,0.8364022209688882
7,4,0.1349167293086202,0.8364022209688882
7,4,0.1349167293086202,0.7855883130983967
7,3,0.2543816683879321,0.1412856681918364
7,3,0.23447084520804662,0.1412856681918364
7,3,0.23447084520804662,0.09047176032134496
7,3,0.23447084520804662,0.1412856681918364
7,3,0.21456002202816116,0.09047176032134496
7,3,0.23447084520804662,0.09047176032134496
7,3,0.23447084520804662,0.09047176032134496
7,3,0.21456002202816116,0.09047176032134496
7,3,0.21456002202816116,0.039657852450853515
7,3,0.21456002202816116,0.09047176032134496
7,3,0.1946491988482757,0.039657852450853515
7,3,0.21456002202816116,0.039657852450853515
7,3,0.21456002202816116,0.039657852450853515
7,3,0.1946491988482757,0.039657852450853515
7,4,0.1946491988482757,0.9888439445803625
7,3,0.1946491988482757,0.039657852450853515
7,4,0.17473837566839112,0.9888439445803625
7,4,0.1946491988482757,0.9888439445803625
7,4,0.1946491988482757,0.9888439445803625
7,4,0.17473837566839112,0.9888439445803625
7,4,0.17473837566839112,0.9380300367098711
7,4,0.17473837566839112,0.9888439445803625
7,4,0.15482755248850566,0.9380300367098711
7,4,0.17473837566839112,0.9380300367098711
7,4,0.17473837566839112,0.9380300367098711
7,4,0.15482755248850566,0.9380300367098711
7,4,0.15482755248850566,0.8872161288393796
7,4,0.15482755248850566,0.9380300367098711
7,4,0.1349167293086202,0.8872161288393796
7,4,0.15482755248850566,0.8872161288393796
7,4,0.15482755248850566,0.8872161288393796
7,4,0.1349167293086202,0.8872161288393796
7,4,0.1349167293086202,0.8364022209688882
7,3,0.23447084520804662,0.1412856681918364
7,3,0.21456002202816116,0.1412856681918364
7,3,0.21456002202816116,0.09047176032134496
7,3,0.21456002202816116,0.1412856681918364
7,3,0.1946491988482757,0.09047176032134496
7,3,0.21456002202816116,0.09047176032134496
7,3,0.21456002202816116,0.09047176032134496
7,3,0.1946491988482757,0.09047176032134496
7,3,0.1946491988482757,0.039657852450853515
7,3,0.1946491988482757,0.09047176032134496
7,3,0.17473837566839112,0.039657852450853515
7,3,0.1946491988482757,0.039657852450853515
7,3,0.1946491988482757,0.039657852450853515
7,3,0.17473837566839112,0.039657852450853515
7,4,0.17473837566839112,0.9888439445803625
7,3,0.17473837566839112,0.039657852450853515
7,4,0.15482755248850566,0.9888439445803625
7,4,0.17473837566839112,0.9888439445803625
7,4,0.17473837566839112,0.9888439445803625
7,4,0.15482755248850566,0.9888439445803625
7,4,0.15482755248850566,0.9380300367098711
7,4,0.15482755248850566,0.9888439445803625
7,4,0.1349167293086202,0.9380300367098711
7,4,0.15482755248850566,0.9380300367098711
7,4,0.15482755248850566,0.9380300367098711
7,4,0.1349167293086202,0.9380300367098711
7,4,0.1349167293086202,0.8872161288393796
7,3,0.21456002202816116,0.1412856681918364
7,3,0.1946491988482757,0.1412856681918364
7,3,0.1946491988482757,0.09047176032134496
7,3,0.1946491988482757,0.1412856681918364
7,3,0.17473837566839112,0.09047176032134496
7,3,0.1946491988482757,0.09047176032134496
7,3,0.1946491988482757,0.09047176032134496
7,3,0.17473837566839112,0.09047176032134496
7,3,0.17473837566839112,0.039657852450853515
7,3,0.17473837566839112,0.09047176032134496
7,3,0.15482755248850566,0.039657852450853515
7,3,0.17473837566839112,0.039657852450853515
7,3,0.17473837566839112,0.039657852450853515
7,3,0.15482755248850566,0.039657852450853515
7,4,0.15482755248850566,0.9888439445803625
7,3,0.15482755248850566,0.039657852450853515
7,4,0.1349167293086202,0.9888439445803625
7,4,0.15482755248850566,0.9888439445803625
7,4,0.15482755248850566,0.9888439445803625
7,4,0.1349167293086202,0.9888439445803625
7,4,0.1349167293086202,0.9380300367098711
7,3,0.1946491988482757,0.1412856681918364
7,3,0.17473837566839112,0.1412856681918364
7,3,0.17473837566839112,0.09047176032134496
7,3,0.17473837566839112,0.1412856681918364
7,3,0.15482755248850566,0.09047176032134496
7,3,0.17473837566839112,0.09047176032134496
7,3,0.17473837566839112,0.09047176032134496
7,3,0.15482755248850566,0.09047176032134496
7,3,0.15482755248850566,0.039657852450853515
7,3,0.15482755248850566,0.09047176032134496
7,3,0.1349167293086202,0.039657852450853515
7,3,0.15482755248850566,0.039657852450853515
7,3,0.15482755248850566,0.039657852450853515
7,3,0.1349167293086202,0.039657852450853515
7,4,0.1349167293086202,0.9888439445803625
7,3,0.17473837566839112,0.1412856681918364
7,3,0.15482755248850566,0.1412856681918364
7,3,0.15482755248850566,0.09047176032134496
7,3,0.15482755248850566,0.1412856681918364
7,3,0.1349167293086202,0.09047176032134496
7,3,0.15482755248850566,0.09047176032134496
7,3,0.15482755248850566,0.09047176032134496
7,3,0.1349167293086202,0.09047176032134496
7,3,0.1349167293086202,0.039657852450853515
7,3,0.15482755248850566,0.1412856681918364
7,3,0.1349167293086202,0.1412856681918364
7,3,0.1349167293086202,0.09047176032134496
7,4,0.1349167293086202,0.6839604973574138
7,4,0.15482755248850566,0.6839604973574138
7,4,0.15482755248850566,0.7347744052279053
7,4,0.15482755248850566,0.6839604973574138
7,4,0.17473837566839112,0.7347744052279053
7,4,0.15482755248850566,0.7347744052279053
7,4,0.15482755248850566,0.7347744052279053
7,4,0.17473837566839112,0.7347744052279053
7,4,0.17473837566839112,0.7855883130983967
7,4,0.17473837566839112,0.7347744052279053
7,4,0.1946491988482757,0.7855883130983967
7,4,0.17473837566839112,0.7855883130983967
7,4,0.17473837566839112,0.7855883130983967
7,4,0.1946491988482757,0.7855883130983967
7,4,0.1946491988482757,0.8364022209688882
7,4,0.1946491988482757,0.7855883130983967
7,4,0.21456002202816116,0.8364022209688882
7,4,0.1946491988482757,0.8364022209688882
7,4,0.1946491988482757,0.8364022209688882
7,4,0.21456002202816116,0.8364022209688882
7,4,0.21456002202816116,0.8872161288393796
7,4,0.21456002202816116,0.8364022209688882
7,4,0.23447084520804662,0.8872161288393796
7,4,0.21456002202816116,0.8872161288393796
7,4,0.21456002202816116,0.8872161288393796
7,4,0.23447084520804662,0.8872161288393796
7,4,0.23447084520804662,0.9380300367098711
7,4,0.23447084520804662,0.8872161288393796
7,4,0.2543816683879321,0.9380300367098711
7,4,0.23447084520804662,0.9380300367098711
7,4,0.23447084520804662,0.9380300367098711
7,4,0.2543816683879321,0.9380300367098711
7,4,0.2543816683879321,0.9888439445803625
7,4,0.2543816683879321,0.9380300367098711
7,4,0.27429249156781665,0.9888439445803625
7,4,0.2543816683879321,0.9888439445803625
7,4,0.2543816683879321,0.9888439445803625
7,4,0.27429249156781665,0.9888439445803625
7,3,0.27429249156781665,0.039657852450853515
7,4,0.27429249156781665,0.9888439445803625
7,3,0.2942033147477021,0.039657852450853515
7,3,0.27429249156781665,0.039657852450853515
7,3,0.27429249156781665,0.039657852450853515
7,3,0.2942033147477021,0.039657852450853515
7,3,0.2942033147477021,0.09047176032134496
7,3,0.2942033147477021,0.039657852450853515
7,3,0.3141141379275876,0.09047176032134496
7,3,0.2942033147477021,0.09047176032134496
7,3,0.2942033147477021,0.09047176032134496
7,3,0.3141141379275876,0.09047176032134496
7,3,0.3141141379275876,0.1412856681918364
7,4,0.15482755248850566,0.6839604973574138
7,4,0.17473837566839112,0.6839604973574138
7,4,0.17473837566839112,0.7347744052279053
7,4,0.17473837566839112,0.6839604973574138
7,4,0.1946491988482757,0.7347744052279053
7,4,0.17473837566839112,0.7347744052279053
7,4,0.17473837566839112,0.7347744052279053
7,4,0.1946491988482757,0.7347744052279053
7,4,0.1946491988482757,0.7855883130983967
7,4,0.1946491988482757,0.7347744052279053
7,4,0.21456002202816116,0.7855883130983967
7,4,0.1946491988482757,0.7855883130983967
7,4,0.1946491988482757,0.7855883130983967
7,4,0.21456002202816116,0.7855883130983967
7,4,0.21456002202816116,0.8364022209688882
7,4,0.21456002202816116,0.7855883130983967
7,4,0.23447084520804662,0.8364022209688882
7,4,0.21456002202816116,0.8364022209688882
7,4,0.21456002202816116,0.8364022209688882
7,4,0.23447084520804662,0.8364022209688882
7,4,0.23447084520804662,0.8872161288393796
7,4,0.23447084520804662,0.8364022209688882
7,4,0.2543816683879321,0.8872161288393796
7,4,0.23447084520804662,0.8872161288393796
7,4,0.23447084520804662,0.8872161288393796
7,4,0.2543816683879321,0.8872161288393796
7,4,0.2543816683879321,0.9380300367098711
7,4,0.2543816683879321,0.8872161288393796
7,4,0.27429249156781665,0.9380300367098711
7,4,0.2543816683879321,0.9380300367098711
7,4,0.2543816683879321,0.9380300367098711
7,4,0.27429249156781665,0.9380300367098711
7,4,0.27429249156781665,0.9888439445803625
7,4,0.27429249156781665,0.9380300367098711
7,4,0.2942033147477021,0.9888439445803625
7,4,0.27429249156781665,0.9888439445803625
7,4,0.27429249156781665,0.9888439445803625
7,4,0.2942033147477021,0.9888439445803625
7,3,0.2942033147477021,0.039657852450853515
7,4,0.2942033147477021,0.9888439445803625
7,3,0.3141141379275876,0.039657852450853515
7,3,0.2942033147477021,0.039657852450853515
7,3,0.2942033147477021,0.039657852450853515
7,3,0.3141141379275876,0.039657852450853515
7,3,0.3141141379275876,0.09047176032134496
7,4,0.17473837566839112,0.6839604973574138
7,4,0.1946491988482757,0.6839604973574138
7,4,0.1946491988482757,0.7347744052279053
7,4,0.1946491988482757,0.6839604973574138
7,4,0.21456002202816116,0.7347744052279053
7,4,0.1946491988482757,0.7347744052279053
7,4,0.1946491988482757,0.7347744052279053
7,4,0.21456002202816116,0.7347744052279053
7,4,0.21456002202816116,0.7855883130983967
7,4,0.21456002202816116,0.7347744052279053
7,4,0.23447084520804662,0.7855883130983967
7,4,0.21456002202816116,0.7855883130983967
7,4,0.21456002202816116,0.7855883130983967
7,4,0.23447084520804662,0.7855883130983967
7,4,0.23447084520804662,0.8364022209688882
7,4,0.23447084520804662,0.7855883130983967
7,4,0.2543816683879321,0.8364022209688882
7,4,0.23447084520804662,0.8364022209688882
7,4,0.23447084520804662,0.8364022209688882
7,4,0.2543816683879321,0.8364022209688882
7,4,0.2543816683879321,0.8872161288393796
7,4,0.2543816683879321,0.8364022209688882
7,4,0.27429249156781665,0.8872161288393796
7,4,0.2543816683879321,0.8872161288393796
7,4,0.2543816683879321,0.8872161288393796
7,4,0.27429249156781665,0.8872161288393796
7,4,0.27429249156781665,0.9380300367098711
7,4,0.27429249156781665,0.8872161288393796
7,4,0.2942033147477021,0.9380300367098711
7,4,0.27429249156781665,0.9380300367098711
7,4,0.27429249156781665,0.9380300367098711
7,4,0.2942033147477021,0.9380300367098711
7,4,0.2942033147477021,0.9888439445803625
7,4,0.2942033147477021,0.9380300367098711
7,4,0.3141141379275876,0.9888439445803625
7,4,0.2942033147477021,0.9888439445803625
7,4,0.2942033147477021,0.9888439445803625
7,4,0.3141141379275876,0.9888439445803625
7,3,0.3141141379275876,0.039657852450853515
7,4,0.1946491988482757,0.6839604973574138
7,4,0.21456002202816116,0.6839604973574138
7,4,0.21456002202816116,0.7347744052279053
7,4,0.21456002202816116,0.6839604973574138
7,4,0.23447084520804662,0.7347744052279053
7,4,0.21456002202816116,0.7347744052279053
7,4,0.21456002202816116,0.7347744052279053
7,4,0.23447084520804662,0.7347744052279053
7,4,0.23447084520804662,0.7855883130983967
7,4,0.23447084520804662,0.7347744052279053
7,4,0.2543816683879321,0.7855883130983967
7,4,0.23447084520804662,0.7855883130983967
7,4,0.23447084520804662,0.7855883130983967
7,4,0.2543816683879321,0.7855883130983967
7,4,0.2543816683879321,0.8364022209688882
7,4,0.2543816683879321,0.7855883130983967
7,4,0.27429249156781665,0.8364022209688882
7,4,0.2543816683879321,0.8364022209688882
7,4,0.2543816683879321,0.8364022209688882
7,4,0.27429249156781665,0.8364022209688882
7,4,0.27429249156781665,0.8872161288393796
7,4,0.27429249156781665,0.8364022209688882
7,4,0.2942033147477021,0.8872161288393796
7,4,0.27429249156781665,0.8872161288393796
7,4,0.27429249156781665,0.8872161288393796
7,4,0.2942033147477021,0.8872161288393796
7,4,0.2942033147477021,0.9380300367098711
7,4,0.2942033147477021,0.8872161288393796
7,4,0.3141141379275876,0.9380300367098711
7,4,0.2942033147477021,0.9380300367098711
7,4,0.2942033147477021,0.9380300367098711
7,4,0.3141141379275876,0.9380300367098711
7,4,0.3141141379275876,0.9888439445803625
7,4,0.21456002202816116,0.6839604973574138
7,4,0.23447084520804662,0.6839604973574138
7,4,0.23447084520804662,0.7347744052279053
7,4,0.23447084520804662,0.6839604973574138
7,4,0.2543816683879321,0.7347744052279053
7,4,0.23447084520804662,0.7347744052279053
7,4,0.23447084520804662,0.7347744052279053
7,4,0.2543816683879321,0.7347744052279053
7,4,0.2543816683879321,0.7855883130983967
7,4,0.2543816683879321,0.7347744052279053
7,4,0.27429249156781665,0.7855883130983967
7,4,0.2543816683879321,0.7855883130983967
7,4,0.2543816683879321,0.7855883130983967
7,4,0.27429249156781665,0.7855883130983967
7,4,0.27429249156781665,0.8364022209688882
7,4,0.27429249156781665,0.7855883130983967
7,4,0.2942033147477021,0.8364022209688882
7,4,0.27429249156781665,0.8364022209688882
7,4,0.27429249156781665,0.8364022209688882
7,4,0.2942033147477021,0.8364022209688882
7,4,0.2942033147477021,0.8872161288393796
7,4,0.2942033147477021,0.8364022209688882
7,4,0.3141141379275876,0.8872161288393796
7,4,0.2942033147477021,0.8872161288393796
7,4,0.2942033147477021,0.8872161288393796
7,4,0.3141141379275876,0.8872161288393796
7,4,0.3141141379275876,0.9380300367098711
7,4,0.23447084520804662,0.6839604973574138
7,4,0.2543816683879321,0.6839604973574138
7,4,0.2543816683879321,0.7347744052279053
7,4,0.2543816683879321,0.6839604973574138
7,4,0.27429249156781665,0.7347744052279053
7,4,0.2543816683879321,0.7347744052279053
7,4,0.2543816683879321,0.7347744052279053
7,4,0.27429249156781665,0.7347744052279053
7,4,0.27429249156781665,0.7855883130983967
7,4,0.27429249156781665,0.7347744052279053
7,4,0.2942033147477021,0.7855883130983967
7,4,0.27429249156781665,0.7855883130983967
7,4,0.27429249156781665,0.7855883130983967
7,4,0.2942033147477021,0.7855883130983967
7,4,0.2942033147477021,0.8364022209688882
7,4,0.2942033147477021,0.7855883130983967
7,4,0.3141141379275876,0.8364022209688882
7,4,0.2942033147477021,0.8364022209688882
7,4,0.2942033147477021,0.8364022209688882
7,4,0.3141141379275876,0.8364022209688882
7,4,0.3141141379275876,0.8872161288393796
7,4,0.2543816683879321,0.6839604973574138
7,4,0.27429249156781665,0.6839604973574138
7,4,0.27429249156781665,0.7347744052279053
7,4,0.27429249156781665,0.6839604973574138
7,4,0.2942033147477021,0.7347744052279053
7,4,0.27429249156781665,0.7347744052279053
7,4,0.27429249156781665,0.7347744052279053
7,4,0.2942033147477021,0.7347744052279053
7,4,0.2942033147477021,0.7855883130983967
7,4,0.2942033147477021,0.7347744052279053
7,4,0.3141141379275876,0.7855883130983967
7,4,0.2942033147477021,0.7855883130983967
7,4,0.2942033147477021,0.7855883130983967
7,4,0.3141141379275876,0.7855883130983967
7,4,0.3141141379275876,0.8364022209688882
7,4,0.27429249156781665,0.6839604973574138
7,4,0.2942033147477021,0.6839604973574138
7,4,0.2942033147477021,0.7347744052279053
7,4,0.2942033147477021,0.6839604973574138
7,4,0.3141141379275876,0.7347744052279053
7,4,0.2942033147477021,0.7347744052279053
7,4,0.2942033147477021,0.7347744052279053
7,4,0.3141141379275876,0.7347744052279053
7,4,0.3141141379275876,0.7855883130983967
7,4,0.2942033147477021,0.6839604973574138
7,4,0.3141141379275876,0.6839604973574138
7,4,0.3141141379275876,0.7347744052279053
7,3,0.3141141379275876,0.1412856681918364
7,3,0.3141141379275876,0.09047176032134496
7,3,0.33401669935511613,0.09047176032134496
7,3,0.3141141379275876,0.09047176032134496
7,3,0.33401669935511613,0.039657852450853515
7,3,0.33401669935511613,0.09047176032134496
7,3,0.33401669935511613,0.09047176032134496
7,3,0.33401669935511613,0.039657852450853515
7,3,0.3539192607826447,0.039657852450853515
7,3,0.33401669935511613,0.039657852450853515
7,4,0.3539192607826447,0.9888439445803625
7,3,0.3539192607826447,0.039657852450853515
7,3,0.3539192607826447,0.039657852450853515
7,4,0.3539192607826447,0.9888439445803625
7,4,0.37382182221017235,0.9888439445803625
7,4,0.3539192607826447,0.9888439445803625
7,4,0.37382182221017235,0.9380300367098711
7,4,0.37382182221017235,0.9888439445803625
7,4,0.37382182221017235,0.9888439445803625
7,4,0.37382182221017235,0.9380300367098711
7,4,0.3937243836377009,0.9380300367098711
7,4,0.37382182221017235,0.9380300367098711
7,4,0.3937243836377009,0.8872161288393796
7,4,0.3937243836377009,0.9380300367098711
7,4,0.3937243836377009,0.9380300367098711
7,4,0.3937243836377009,0.8872161288393796
7,4,0.41362694506522946,0.8872161288393796
7,4,0.3937243836377009,0.8872161288393796
7,4,0.41362694506522946,0.8364022209688882
7,4,0.41362694506522946,0.8872161288393796
7,4,0.41362694506522946,0.8872161288393796
7,4,0.41362694506522946,0.8364022209688882
7,4,0.433529506492758,0.8364022209688882
7,4,0.41362694506522946,0.8364022209688882
7,4,0.433529506492758,0.7855883130983967
7,4,0.433529506492758,0.8364022209688882
7,4,0.433529506492758,0.8364022209688882
7,4,0.433529506492758,0.7855883130983967
7,4,0.45343206792028656,0.7855883130983967
7,4,0.433529506492758,0.7855883130983967
7,4,0.45343206792028656,0.7347744052279053
7,4,0.45343206792028656,0.7855883130983967
7,4,0.45343206792028656,0.7855883130983967
7,4,0.45343206792028656,0.7347744052279053
7,4,0.4733346293478151,0.7347744052279053
7,4,0.45343206792028656,0.7347744052279053
7,4,0.4733346293478151,0.6839604973574138
7,4,0.4733346293478151,0.7347744052279053
7,4,0.4733346293478151,0.7347744052279053
7,4,0.4733346293478151,0.6839604973574138
7,4,0.49323719077534367,0.6839604973574138
7,3,0.3141141379275876,0.09047176032134496
7,3,0.3141141379275876,0.039657852450853515
7,3,0.33401669935511613,0.039657852450853515
7,3,0.3141141379275876,0.039657852450853515
7,4,0.33401669935511613,0.9888439445803625
7,3,0.33401669935511613,0.039657852450853515
7,3,0.33401669935511613,0.039657852450853515
7,4,0.33401669935511613,0.9888439445803625
7,4,0.3539192607826447,0.9888439445803625
7,4,0.33401669935511613,0.9888439445803625
7,4,0.3539192607826447,0.9380300367098711
7,4,0.3539192607826447,0.9888439445803625
7,4,0.3539192607826447,0.9888439445803625
7,4,0.3539192607826447,0.9380300367098711
7,4,0.37382182221017235,0.9380300367098711
7,4,0.3539192607826447,0.9380300367098711
7,4,0.37382182221017235,0.8872161288393796
7,4,0.37382182221017235,0.9380300367098711
7,4,0.37382182221017235,0.9380300367098711
7,4,0.37382182221017235,0.8872161288393796
7,4,0.3937243836377009,0.8872161288393796
7,4,0.37382182221017235,0.8872161288393796
7,4,0.3937243836377009,0.8364022209688882
7,4,0.3937243836377009,0.8872161288393796
7,4,0.3937243836377009,0.8872161288393796
7,4,0.3937243836377009,0.8364022209688882
7,4,0.41362694506522946,0.8364022209688882
7,4,0.3937243836377009,0.8364022209688882
7,4,0.41362694506522946,0.7855883130983967
7,4,0.41362694506522946,0.8364022209688882
7,4,0.41362694506522946,0.8364022209688882
7,4,0.41362694506522946,0.7855883130983967
7,4,0.433529506492758,0.7855883130983967
7,4,0.41362694506522946,0.7855883130983967
7,4,0.433529506492758,0.7347744052279053
7,4,0.433529506492758,0.7855883130983967
7,4,0.433529506492758,0.7855883130983967
7,4,0.433529506492758,0.7347744052279053
7,4,0.45343206792028656,0.7347744052279053
7,4,0.433529506492758,0.7347744052279053
7,4,0.45343206792028656,0.6839604973574138
7,4,0.45343206792028656,0.7347744052279053
7,4,0.45343206792028656,0.7347744052279053
7,4,0.45343206792028656,0.6839604973574138
7,4,0.4733346293478151,0.6839604973574138
7,3,0.3141141379275876,0.039657852450853515
7,4,0.3141141379275876,0.9888439445803625
7,4,0.33401669935511613,0.9888439445803625
7,4,0.3141141379275876,0.9888439445803625
7,4,0.33401669935511613,0.9380300367098711
7,4,0.33401669935511613,0.9888439445803625
7,4,0.33401669935511613,0.9888439445803625
7,4,0.33401669935511613,0.9380300367098711
7,4,0.3539192607826447,0.9380300367098711
7,4,0.33401669935511613,0.9380300367098711
7,4,0.3539192607826447,0.8872161288393796
7,4,0.3539192607826447,0.9380300367098711
7,4,0.3539192607826447,0.9380300367098711
7,4,0.3539192607826447,0.8872161288393796
7,4,0.37382182221017235,0.8872161288393796
7,4,0.3539192607826447,0.8872161288393796
7,4,0.37382182221017235,0.8364022209688882
7,4,0.37382182221017235,0.8872161288393796
7,4,0.37382182221017235,0.8872161288393796
7,4,0.37382182221017235,0.8364022209688882
7,4,0.3937243836377009,0.8364022209688882
7,4,0.37382182221017235,0.8364022209688882
7,4,0.3937243836377009,0.7855883130983967
7,4,0.3937243836377009,0.8364022209688882
7,4,0.3937243836377009,0.8364022209688882
7,4,0.3937243836377009,0.7855883130983967
7,4,0.41362694506522946,0.7855883130983967
7,4,0.3937243836377009,0.7855883130983967
7,4,0.41362694506522946,0.7347744052279053
7,4,0.41362694506522946,0.7855883130983967
7,4,0.41362694506522946,0.7855883130983967
7,4,0.41362694506522946,0.7347744052279053
7,4,0.433529506492758,0.7347744052279053
7,4,0.41362694506522946,0.7347744052279053
7,4,0.433529506492758,0.6839604973574138
7,4,0.433529506492758,0.7347744052279053
7,4,0.433529506492758,0.7347744052279053
7,4,0.433529506492758,0.6839604973574138
7,4,0.45343206792028656,0.6839604973574138
7,4,0.3141141379275876,0.9888439445803625
7,4,0.3141141379275876,0.9380300367098711
7,4,0.33401669935511613,0.9380300367098711
7,4,0.3141141379275876,0.9380300367098711
7,4,0.33401669935511613,0.8872161288393796
7,4,0.33401669935511613,0.9380300367098711
7,4,0.33401669935511613,0.9380300367098711
7,4,0.33401669935511613,0.8872161288393796
7,4,0.3539192607826447,0.8872161288393796
7,4,0.33401669935511613,0.8872161288393796
7,4,0.3539192607826447,0.8364022209688882
7,4,0.3539192607826447,0.8872161288393796
7,4,0.3539192607826447,0.8872161288393796
7,4,0.3539192607826447,0.8364022209688882
7,4,0.37382182221017235,0.8364022209688882
7,4,0.3539192607826447,0.8364022209688882
7,4,0.37382182221017235,0.7855883130983967
7,4,0.37382182221017235,0.8364022209688882
7,4,0.37382182221017235,0.8364022209688882
7,4,0.37382182221017235,0.7855883130983967
7,4,0.3937243836377009,0.7855883130983967
7,4,0.37382182221017235,0.7855883130983967
7,4,0.3937243836377009,0.7347744052279053
7,4,0.3937243836377009,0.7855883130983967
7,4,0.3937243836377009,0.7855883130983967
7,4,0.3937243836377009,0.7347744052279053
7,4,0.41362694506522946,0.7347744052279053
7,4,0.3937243836377009,0.7347744052279053
7,4,0.41362694506522946,0.6839604973574138
7,4,0.41362694506522946,0.7347744052279053
7,4,0.41362694506522946,0.7347744052279053
7,4,0.41362694506522946,0.6839604973574138
7,4,0.433529506492758,0.6839604973574138
7,4,0.3141141379275876,0.9380300367098711
7,4,0.3141141379275876,0.8872161288393796
7,4,0.33401669935511613,0.8872161288393796
7,4,0.3141141379275876,0.8872161288393796
7,4,0.33401669935511613,0.8364022209688882
7,4,0.33401669935511613,0.8872161288393796
7,4,0.33401669935511613,0.8872161288393796
7,4,0.33401669935511613,0.8364022209688882
7,4,0.3539192607826447,0.8364022209688882
7,4,0.33401669935511613,0.8364022209688882
7,4,0.3539192607826447,0.7855883130983967
7,4,0.3539192607826447,0.8364022209688882
7,4,0.3539192607826447,0.8364022209688882
7,4,0.3539192607826447,0.7855883130983967
7,4,0.37382182221017235,0.7855883130983967
7,4,0.3539192607826447,0.7855883130983967
7,4,0.37382182221017235,0.7347744052279053
7,4,0.37382182221017235,0.7855883130983967
7,4,0.37382182221017235,0.7855883130983967
7,4,0.37382182221017235,0.7347744052279053
7,4,0.3937243836377009,0.7347744052279053
7,4,0.37382182221017235,0.7347744052279053
7,4,0.3937243836377009,0.6839604973574138
7,4,0.3937243836377009,0.7347744052279053
7,4,0.3937243836377009,0.7347744052279053
7,4,0.3937243836377009,0.6839604973574138
7,4,0.41362694506522946,0.6839604973574138
7,4,0.3141141379275876,0.8872161288393796
7,4,0.3141141379275876,0.8364022209688882
7,4,0.33401669935511613,0.8364022209688882
7,4,0.3141141379275876,0.8364022209688882
7,4,0.33401669935511613,0.7855883130983967
7,4,0.33401669935511613,0.8364022209688882
7,4,0.33401669935511613,0.8364022209688882
7,4,0.33401669935511613,0.7855883130983967
7,4,0.3539192607826447,0.7855883130983967
7,4,0.33401669935511613,0.7855883130983967
7,4,0.3539192607826447,0.7347744052279053
7,4,0.3539192607826447,0.7855883130983967
7,4,0.3539192607826447,0.7855883130983967
7,4,0.3539192607826447,0.7347744052279053
7,4,0.37382182221017235,0.7347744052279053
7,4,0.3539192607826447,0.7347744052279053
7,4,0.37382182221017235,0.6839604973574138
7,4,0.37382182221017235,0.7347744052279053
7,4,0.37382182221017235,0.7347744052279053
7,4,0.37382182221017235,0.6839604973574138
7,4,0.3937243836377009,0.6839604973574138
7,4,0.3141141379275876,0.8364022209688882
7,4,0.3141141379275876,0.7855883130983967
7,4,0.33401669935511613,0.7855883130983967
7,4,0.3141141379275876,0.7855883130983967
7,4,0.33401669935511613,0.7347744052279053
7,4,0.33401669935511613,0.7855883130983967
7,4,0.33401669935511613,0.7855883130983967
7,4,0.33401669935511613,0.7347744052279053
7,4,0.3539192607826447,0.7347744052279053
7,4,0.33401669935511613,0.7347744052279053
7,4,0.3539192607826447,0.6839604973574138
7,4,0.3539192607826447,0.7347744052279053
7,4,0.3539192607826447,0.7347744052279053
7,4,0.3539192607826447,0.6839604973574138
7,4,0.37382182221017235,0.6839604973574138
7,4,0.3141141379275876,0.7855883130983967
7,4,0.3141141379275876,0.7347744052279053
7,4,0.33401669935511613,0.7347744052279053
7,4,0.3141141379275876,0.7347744052279053
7,4,0.33401669935511613,0.6839604973574138
7,4,0.33401669935511613,0.7347744052279053
7,4,0.33401669935511613,0.7347744052279053
7,4,0.33401669935511613,0.6839604973574138
7,4,0.3539192607826447,0.6839604973574138
7,4,0.3141141379275876,0.7347744052279053
7,4,0.3141141379275876,0.6839604973574138
7,4,0.33401669935511613,0.6839604973574138
7,4,0.49323719077534367,0.6839604973574138
7,4,0.49323719077534367,0.7347744052279053
7,4,0.4733346293478151,0.7347744052279053
7,4,0.49323719077534367,0.7347744052279053
7,4,0.4733346293478151,0.7855883130983967
7,4,0.4733346293478151,0.7347744052279053
7,4,0.4733346293478151,0.7347744052279053
7,4,0.4733346293478151,0.7855883130983967
7,4,0.45343206792028656,0.7855883130983967
7,4,0.4733346293478151,0.7855883130983967
7,4,0.45343206792028656,0.8364022209688882
7,4,0.45343206792028656,0.7855883130983967
7,4,0.45343206792028656,0.7855883130983967
7,4,0.45343206792028656,0.8364022209688882
7,4,0.433529506492758,0.8364022209688882
7,4,0.45343206792028656,0.8364022209688882
7,4,0.433529506492758,0.8872161288393796
7,4,0.433529506492758,0.8364022209688882
7,4,0.433529506492758,0.8364022209688882
7,4,0.433529506492758,0.8872161288393796
7,4,0.41362694506522946,0.8872161288393796
7,4,0.433529506492758,0.8872161288393796
7,4,0.41362694506522946,0.9380300367098711
7,4,0.41362694506522946,0.8872161288393796
7,4,0.41362694506522946,0.8872161288393796
7,4,0.41362694506522946,0.9380300367098711
7,4,0.3937243836377009,0.9380300367098711
7,4,0.41362694506522946,0.9380300367098711
7,4,0.3937243836377009,0.9888439445803625
7,4,0.3937243836377009,0.9380300367098711
7,4,0.3937243836377009,0.9380300367098711
7,4,0.3937243836377009,0.9888439445803625
7,4,0.37382182221017235,0.9888439445803625
7,4,0.3937243836377009,0.9888439445803625
7,3,0.37382182221017235,0.039657852450853515
7,4,0.37382182221017235,0.9888439445803625
7,4,0.37382182221017235,0.9888439445803625
7,3,0.37382182221017235,0.039657852450853515
7,3,0.3539192607826447,0.039657852450853515
7,3,0.37382182221017235,0.039657852450853515
7,3,0.3539192607826447,0.09047176032134496
7,3,0.3539192607826447,0.039657852450853515
7,3,0.3539192607826447,0.039657852450853515
7,3,0.3539192607826447,0.09047176032134496
7,3,0.33401669935511613,0.09047176032134496
7,3,0.3539192607826447,0.09047176032134496
7,3,0.33401669935511613,0.1412856681918364
7,3,0.33401669935511613,0.09047176032134496
7,3,0.33401669935511613,0.09047176032134496
7,3,0.33401669935511613,0.1412856681918364
7,3,0.3141141379275876,0.1412856681918364
7,4,0.49323719077534367,0.7347744052279053
7,4,0.49323719077534367,0.7855883130983967
7,4,0.4733346293478151,0.7855883130983967
7,4,0.49323719077534367,0.7855883130983967
7,4,0.4733346293478151,0.8364022209688882
7,4,0.4733346293478151,0.7855883130983967
7,4,0.4733346293478151,0.7855883130983967
7,4,0.4733346293478151,0.8364022209688882
7,4,0.45343206792028656,0.8364022209688882
7,4,0.4733346293478151,0.8364022209688882
7,4,0.45343206792028656,0.8872161288393796
7,4,0.45343206792028656,0.8364022209688882
7,4,0.45343206792028656,0.8364022209688882
7,4,0.45343206792028656,0.8872161288393796
7,4,0.433529506492758,0.8872161288393796
7,4,0.45343206792028656,0.8872161288393796
7,4,0.433529506492758,0.9380300367098711
7,4,0.433529506492758,0.8872161288393796
7,4,0.433529506492758,0.8872161288393796
7,4,0.433529506492758,0.9380300367098711
7,4,0.41362694506522946,0.9380300367098711
7,4,0.433529506492758,0.9380300367098711
7,4,0.41362694506522946,0.9888439445803625
7,4,0.41362694506522946,0.9380300367098711
7,4,0.41362694506522946,0.9380300367098711
7,4,0.41362694506522946,0.9888439445803625
7,4,0.3937243836377009,0.9888439445803625
7,4,0.41362694506522946,0.9888439445803625
7,3,0.3937243836377009,0.039657852450853515
7,4,0.3937243836377009,0.9888439445803625
7,4,0.3937243836377009,0.9888439445803625
7,3,0.3937243836377009,0.039657852450853515
7,3,0.37382182221017235,0.039657852450853515
7,3,0.3937243836377009,0.039657852450853515
7,3,0.37382182221017235,0.09047176032134496
7,3,0.37382182221017235,0.039657852450853515
7,3,0.37382182221017235,0.039657852450853515
7,3,0.37382182221017235,0.09047176032134496
7,3,0.3539192607826447,0.09047176032134496
7,3,0.37382182221017235,0.09047176032134496
7,3,0.3539192607826447,0.1412856681918364
7,3,0.3539192607826447,0.09047176032134496
7,3,0.3539192607826447,0.09047176032134496
7,3,0.3539192607826447,0.1412856681918364
7,3,0.33401669935511613,0.1412856681918364
7,4,0.49323719077534367,0.7855883130983967
7,4,0.49323719077534367,0.8364022209688882
7,4,0.4733346293478151,0.8364022209688882
7,4,0.49323719077534367,0.8364022209688882
7,4,0.4733346293478151,0.8872161288393796
7,4,0.4733346293478151,0.8364022209688882
7,4,0.4733346293478151,0.8364022209688882
7,4,0.4733346293478151,0.8872161288393796
7,4,0.45343206792028656,0.8872161288393796
7,4,0.4733346293478151,0.8872161288393796
7,4,0.45343206792028656,0.9380300367098711
7,4,0.45343206792028656,0.8872161288393796
7,4,0.45343206792028656,0.8872161288393796
7,4,0.45343206792028656,0.9380300367098711
7,4,0.433529506492758,0.9380300367098711
7,4,0.45343206792028656,0.9380300367098711
7,4,0.433529506492758,0.9888439445803625
7,4,0.433529506492758,0.9380300367098711
7,4,0.433529506492758,0.9380300367098711
7,4,0.433529506492758,0.9888439445803625
7,4,0.41362694506522946,0.9888439445803625
7,4,0.433529506492758,0.9888439445803625
7,3,0.41362694506522946,0.039657852450853515
7,4,0.41362694506522946,0.9888439445803625
7,4,0.41362694506522946,0.9888439445803625
7,3,0.41362694506522946,0.039657852450853515
7,3,0.3937243836377009,0.039657852450853515
7,3,0.41362694506522946,0.039657852450853515
7,3,0.3937243836377009,0.09047176032134496
7,3,0.3937243836377009,0.039657852450853515
7,3,0.3937243836377009,0.039657852450853515
7,3,0.3937243836377009,0.09047176032134496
7,3,0.37382182221017235,0.09047176032134496
7,3,0.3937243836377009,0.09047176032134496
7,3,0.37382182221017235,0.1412856681918364
7,3,0.37382182221017235,0.09047176032134496
7,3,0.37382182221017235,0.09047176032134496
7,3,0.37382182221017235,0.1412856681918364
7,3,0.3539192607826447,0.1412856681918364
7,4,0.49323719077534367,0.8364022209688882
7,4,0.49323719077534367,0.8872161288393796
7,4,0.4733346293478151,0.8872161288393796
7,4,0.49323719077534367,0.8872161288393796
7,4,0.4733346293478151,0.9380300367098711
7,4,0.4733346293478151,0.8872161288393796
7,4,0.4733346293478151,0.8872161288393796
7,4,0.4733346293478151,0.9380300367098711
7,4,0.45343206792028656,0.9380300367098711
7,4,0.4733346293478151,0.9380300367098711
7,4,0.45343206792028656,0.9888439445803625
7,4,0.45343206792028656,0.9380300367098711
7,4,0.45343206792028656,0.9380300367098711
7,4,0.45343206792028656,0.9888439445803625
7,4,0.433529506492758,0.9888439445803625
7,4,0.45343206792028656,0.9888439445803625
7,3,0.433529506492758,0.039657852450853515
7,4,0.433529506492758,0.9888439445803625
7,4,0.433529506492758,0.9888439445803625
7,3,0.433529506492758,0.039657852450853515
7,3,0.41362694506522946,0.039657852450853515
7,3,0.433529506492758,0.039657852450853515
7,3,0.41362694506522946,0.09047176032134496
7,3,0.41362694506522946,0.039657852450853515
7,3,0.41362694506522946,0.039657852450853515
7,3,0.41362694506522946,0.09047176032134496
7,3,0.3937243836377009,0.09047176032134496
7,3,0.41362694506522946,0.09047176032134496
7,3,0.3937243836377009,0.1412856681918364
7,3,0.3937243836377009,0.09047176032134496
7,3,0.3937243836377009,0.09047176032134496
7,3,0.3937243836377009,0.1412856681918364
7,3,0.37382182221017235,0.1412856681918364
7,4,0.49323719077534367,0.8872161288393796
7,4,0.49323719077534367,0.9380300367098711
7,4,0.4733346293478151,0.9380300367098711
7,4,0.49323719077534367,0.9380300367098711
7,4,0.4733346293478151,0.9888439445803625
7,4,0.4733346293478151,0.9380300367098711
7,4,0.4733346293478151,0.9380300367098711
7,4,0.4733346293478151,0.9888439445803625
7,4,0.45343206792028656,0.9888439445803625
7,4,0.4733346293478151,0.9888439445803625
7,3,0.45343206792028656,0.039657852450853515
7,4,0.45343206792028656,0.9888439445803625
7,4,0.45343206792028656,0.9888439445803625
7,3,0.45343206792028656,0.039657852450853515
7,3,0.433529506492758,0.039657852450853515
7,3,0.45343206792028656,0.039657852450853515
7,3,0.433529506492758,0.09047176032134496
7,3,0.433529506492758,0.039657852450853515
7,3,0.433529506492758,0.039657852450853515
7,3,0.433529506492758,0.09047176032134496
7,3,0.41362694506522946,0.09047176032134496
7,3,0.433529506492758,0.09047176032134496
7,3,0.41362694506522946,0.1412856681918364
7,3,0.41362694506522946,0.09047176032134496
7,3,0.41362694506522946,0.09047176032134496
7,3,0.41362694506522946,0.1412856681918364
7,3,0.3937243836377009,0.1412856681918364
7,4,0.49323719077534367,0.9380300367098711
7,4,0.49323719077534367,0.9888439445803625
7,4,0.4733346293478151,0.9888439445803625
7,4,0.49323719077534367,0.9888439445803625
7,3,0.4733346293478151,0.039657852450853515
7,4,0.4733346293478151,0.9888439445803625
7,4,0.4733346293478151,0.9888439445803625
7,3,0.4733346293478151,0.039657852450853515
7,3,0.45343206792028656,0.039657852450853515
7,3,0.4733346293478151,0.039657852450853515
7,3,0.45343206792028656,0.09047176032134496
7,3,0.45343206792028656,0.039657852450853515
7,3,0.45343206792028656,0.039657852450853515
7,3,0.45343206792028656,0.09047176032134496
7,3,0.433529506492758,0.09047176032134496
7,3,0.45343206792028656,0.09047176032134496
7,3,0.433529506492758,0.1412856681918364
7,3,0.433529506492758,0.09047176032134496
7,3,0.433529506492758,0.09047176032134496
7,3,0.433529506492758,0.1412856681918364
7,3,0.41362694506522946,0.1412856681918364
7,4,0.49323719077534367,0.9888439445803625
7,3,0.49323719077534367,0.039657852450853515
7,3,0.4733346293478151,0.039657852450853515
7,3,0.49323719077534367,0.039657852450853515
7,3,0.4733346293478151,0.09047176032134496
7,3,0.4733346293478151,0.039657852450853515
7,3,0.4733346293478151,0.039657852450853515
7,3,0.4733346293478151,0.09047176032134496
7,3,0.45343206792028656,0.09047176032134496
7,3,0.4733346293478151,0.09047176032134496
7,3,0.45343206792028656,0.1412856681918364
7,3,0.45343206792028656,0.09047176032134496
7,3,0.45343206792028656,0.09047176032134496
7,3,0.45343206792028656,0.1412856681918364
7,3,0.433529506492758,0.1412856681918364
7,3,0.49323719077534367,0.039657852450853515
7,3,0.49323719077534367,0.09047176032134496
7,3,0.4733346293478151,0.09047176032134496
7,3,0.49323719077534367,0.09047176032134496
7,3,0.4733346293478151,0.1412856681918364
7,3,0.4733346293478151,0.09047176032134496
7,3,0.4733346293478151,0.09047176032134496
7,3,0.4733346293478151,0.1412856681918364
7,3,0.45343206792028656,0.1412856681918364
7,3,0.49323719077534367,0.09047176032134496
7,3,0.49323719077534367,0.1412856681918364
7,3,0.4733346293478151,0.1412856681918364
7,4,0.07424242000028958,0.8913015653798162
7,4,0.07424242000028958,0.8540493240030109
7,4,0.1059477208447408,0.8540493240030109
7,4,0.07424242000028958,0.8540493240030109
7,4,0.1059477208447408,0.8167970826262048
7,4,0.1059477208447408,0.8540493240030109
7,4,0.1059477208447408,0.8540493240030109
7,4,0.1059477208447408,0.8167970826262048
7,4,0.13765302168919202,0.8167970826262048
7,4,0.1059477208447408,0.8167970826262048
7,4,0.13765302168919202,0.7795448412493986
7,4,0.13765302168919202,0.8167970826262048
7,4,0.13765302168919202,0.8167970826262048
7,4,0.13765302168919202,0.7795448412493986
7,4,0.16935832253364325,0.7795448412493986
7,4,0.13765302168919202,0.7795448412493986
7,4,0.16935832253364325,0.7422925998725924
7,4,0.16935832253364325,0.7795448412493986
7,4,0.16935832253364325,0.7795448412493986
7,4,0.16935832253364325,0.7422925998725924
7,4,0.20106362337809447,0.7422925998725924
7,4,0.16935832253364325,0.7422925998725924
7,4,0.20106362337809447,0.7050403584957863
7,4,0.20106362337809447,0.7422925998725924
7,4,0.20106362337809447,0.7422925998725924
7,4,0.20106362337809447,0.7050403584957863
7,4,0.2327689242225457,0.7050403584957863
7,4,0.07424242000028958,0.8540493240030109
7,4,0.07424242000028958,0.8167970826262048
7,4,0.1059477208447408,0.8167970826262048
7,4,0.07424242000028958,0.8167970826262048
7,4,0.1059477208447408,0.7795448412493986
7,4,0.1059477208447408,0.8167970826262048
7,4,0.1059477208447408,0.8167970826262048
7,4,0.1059477208447408,0.7795448412493986
7,4,0.13765302168919202,0.7795448412493986
7,4,0.1059477208447408,0.7795448412493986
7,4,0.13765302168919202,0.7422925998725924
7,4,0.13765302168919202,0.7795448412493986
7,4,0.13765302168919202,0.7795448412493986
7,4,0.13765302168919202,0.7422925998725924
7,4,0.16935832253364325,0.7422925998725924
7,4,0.13765302168919202,0.7422925998725924
7,4,0.16935832253364325,0.7050403584957863
7,4,0.16935832253364325,0.7422925998725924
7,4,0.16935832253364325,0.7422925998725924
7,4,0.16935832253364325,0.7050403584957863
7,4,0.20106362337809447,0.7050403584957863
7,4,0.07424242000028958,0.8167970826262048
7,4,0.07424242000028958,0.7795448412493986
7,4,0.1059477208447408,0.7795448412493986
7,4,0.07424242000028958,0.7795448412493986
7,4,0.1059477208447408,0.7422925998725924
7,4,0.1059477208447408,0.7795448412493986
7,4,0.1059477208447408,0.7795448412493986
7,4,0.1059477208447408,0.7422925998725924
7,4,0.13765302168919202,0.7422925998725924
7,4,0.1059477208447408,0.7422925998725924
7,4,0.13765302168919202,0.7050403584957863
7,4,0.13765302168919202,0.7422925998725924
7,4,0.13765302168919202,0.7422925998725924
7,4,0.13765302168919202,0.7050403584957863
7,4,0.16935832253364325,0.7050403584957863
7,4,0.07424242000028958,0.7795448412493986
7,4,0.07424242000028958,0.7422925998725924
7,4,0.1059477208447408,0.7422925998725924
7,4,0.07424242000028958,0.7422925998725924
7,4,0.1059477208447408,0.7050403584957863
7,4,0.1059477208447408,0.7422925998725924
7,4,0.1059477208447408,0.7422925998725924
7,4,0.1059477208447408,0.7050403584957863
7,4,0.13765302168919202,0.7050403584957863
7,4,0.07424242000028958,0.7422925998725924
7,4,0.07424242000028958,0.7050403584957863
7,4,0.1059477208447408,0.7050403584957863
7,4,0.2327689242225457,0.7050403584957863
7,4,0.2327689242225457,0.7422925998725924
7,4,0.20106362337809447,0.7422925998725924
7,4,0.2327689242225457,0.7422925998725924
7,4,0.20106362337809447,0.7795448412493986
7,4,0.20106362337809447,0.7422925998725924
7,4,0.20106362337809447,0.7422925998725924
7,4,0.20106362337809447,0.7795448412493986
7,4,0.16935832253364325,0.7795448412493986
7,4,0.20106362337809447,0.7795448412493986
7,4,0.16935832253364325,0.8167970826262048
7,4,0.16935832253364325,0.7795448412493986
7,4,0.16935832253364325,0.7795448412493986
7,4,0.16935832253364325,0.8167970826262048
7,4,0.13765302168919202,0.8167970826262048
7,4,0.16935832253364325,0.8167970826262048
7,4,0.13765302168919202,0.8540493240030109
7,4,0.13765302168919202,0.8167970826262048
7,4,0.13765302168919202,0.8167970826262048
7,4,0.13765302168919202,0.8540493240030109
7,4,0.1059477208447408,0.8540493240030109
7,4,0.13765302168919202,0.8540493240030109
7,4,0.1059477208447408,0.8913015653798162
7,4,0.1059477208447408,0.8540493240030109
7,4,0.1059477208447408,0.8540493240030109
7,4,0.1059477208447408,0.8913015653798162
7,4,0.07424242000028958,0.8913015653798162
7,4,0.2327689242225457,0.7422925998725924
7,4,0.2327689242225457,0.7795448412493986
7,4,0.20106362337809447,0.7795448412493986
7,4,0.2327689242225457,0.7795448412493986
7,4,0.20106362337809447,0.8167970826262048
7,4,0.20106362337809447,0.7795448412493986
7,4,0.20106362337809447,0.7795448412493986
7,4,0.20106362337809447,0.8167970826262048
7,4,0.16935832253364325,0.8167970826262048
7,4,0.20106362337809447,0.8167970826262048
7,4,0.16935832253364325,0.8540493240030109
7,4,0.16935832253364325,0.8167970826262048
7,4,0.16935832253364325,0.8167970826262048
7,4,0.16935832253364325,0.8540493240030109
7,4,0.13765302168919202,0.8540493240030109
7,4,0.16935832253364325,0.8540493240030109
7,4,0.13765302168919202,0.8913015653798162
7,4,0.13765302168919202,0.8540493240030109
7,4,0.13765302168919202,0.8540493240030109
7,4,0.13765302168919202,0.8913015653798162
7,4,0.1059477208447408,0.8913015653798162
7,4,0.2327689242225457,0.7795448412493986
7,4,0.2327689242225457,0.8167970826262048
7,4,0.20106362337809447,0.8167970826262048
7,4,0.2327689242225457,0.8167970826262048
7,4,0.20106362337809447,0.8540493240030109
7,4,0.20106362337809447,0.8167970826262048
7,4,0.20106362337809447,0.8167970826262048
7,4,0.20106362337809447,0.8540493240030109
7,4,0.16935832253364325,0.8540493240030109
7,4,0.20106362337809447,0.8540493240030109
7,4,0.16935832253364325,0.8913015653798162
7,4,0.16935832253364325,0.8540493240030109
7,4,0.16935832253364325,0.8540493240030109
7,4,0.16935832253364325,0.8913015653798162
7,4,0.13765302168919202,0.8913015653798162
7,4,0.2327689242225457,0.8167970826262048
7,4,0.2327689242225457,0.8540493240030109
7,4,0.20106362337809447,0.8540493240030109
7,4,0.2327689242225457,0.8540493240030109
7,4,0.20106362337809447,0.8913015653798162
7,4,0.20106362337809447,0.8540493240030109
7,4,0.20106362337809447,0.8540493240030109
7,4,0.20106362337809447,0.8913015653798162
7,4,0.16935832253364325,0.8913015653798162
7,4,0.2327689242225457,0.8540493240030109
7,4,0.2327689242225457,0.8913015653798162
7,4,0.20106362337809447,0.8913015653798162
7,4,0.2327689242225457,0.8913015653798162
7,4,0.2327689242225457,0.8540493240030109
7,4,0.2644444827585124,0.8540493240030109
7,4,0.2327689242225457,0.8540493240030109
7,4,0.2644444827585124,0.8167970826262048
7,4,0.2644444827585124,0.8540493240030109
7,4,0.2644444827585124,0.8540493240030109
7,4,0.2644444827585124,0.8167970826262048
7,4,0.2961200412944791,0.8167970826262048
7,4,0.2644444827585124,0.8167970826262048
7,4,0.2961200412944791,0.7795448412493986
7,4,0.2961200412944791,0.8167970826262048
7,4,0.2961200412944791,0.8167970826262048
7,4,0.2961200412944791,0.7795448412493986
7,4,0.3277955998304467,0.7795448412493986
7,4,0.2961200412944791,0.7795448412493986
7,4,0.3277955998304467,0.7422925998725924
7,4,0.3277955998304467,0.7795448412493986
7,4,0.3277955998304467,0.7795448412493986
7,4,0.3277955998304467,0.7422925998725924
7,4,0.3594711583664134,0.7422925998725924
7,4,0.3277955998304467,0.7422925998725924
7,4,0.3594711583664134,0.7050403584957863
7,4,0.3594711583664134,0.7422925998725924
7,4,0.3594711583664134,0.7422925998725924
7,4,0.3594711583664134,0.7050403584957863
7,4,0.3911467169023801,0.7050403584957863
7,4,0.2327689242225457,0.8540493240030109
7,4,0.2327689242225457,0.8167970826262048
7,4,0.2644444827585124,0.8167970826262048
7,4,0.2327689242225457,0.8167970826262048
7,4,0.2644444827585124,0.7795448412493986
7,4,0.2644444827585124,0.8167970826262048
7,4,0.2644444827585124,0.8167970826262048
7,4,0.2644444827585124,0.7795448412493986
7,4,0.2961200412944791,0.7795448412493986
7,4,0.2644444827585124,0.7795448412493986
7,4,0.2961200412944791,0.7422925998725924
7,4,0.2961200412944791,0.7795448412493986
7,4,0.2961200412944791,0.7795448412493986
7,4,0.2961200412944791,0.7422925998725924
7,4,0.3277955998304467,0.7422925998725924
7,4,0.2961200412944791,0.7422925998725924
7,4,0.3277955998304467,0.7050403584957863
7,4,0.3277955998304467,0.7422925998725924
7,4,0.3277955998304467,0.7422925998725924
7,4,0.3277955998304467,0.7050403584957863
7,4,0.3594711583664134,0.7050403584957863
7,4,0.2327689242225457,0.8167970826262048
7,4,0.2327689242225457,0.7795448412493986
7,4,0.2644444827585124,0.7795448412493986
7,4,0.2327689242225457,0.7795448412493986
7,4,0.2644444827585124,0.7422925998725924
7,4,0.2644444827585124,0.7795448412493986
7,4,0.2644444827585124,0.7795448412493986
7,4,0.2644444827585124,0.7422925998725924
7,4,0.2961200412944791,0.7422925998725924
7,4,0.2644444827585124,0.7422925998725924
7,4,0.2961200412944791,0.7050403584957863
7,4,0.2961200412944791,0.7422925998725924
7,4,0.2961200412944791,0.7422925998725924
7,4,0.2961200412944791,0.7050403584957863
7,4,0.3277955998304467,0.7050403584957863
7,4,0.2327689242225457,0.7795448412493986
7,4,0.2327689242225457,0.7422925998725924
7,4,0.2644444827585124,0.7422925998725924
7,4,0.2327689242225457,0.7422925998725924
7,4,0.2644444827585124,0.7050403584957863
7,4,0.2644444827585124,0.7422925998725924
7,4,0.2644444827585124,0.7422925998725924
7,4,0.2644444827585124,0.7050403584957863
7,4,0.2961200412944791,0.7050403584957863
7,4,0.2327689242225457,0.7422925998725924
7,4,0.2327689242225457,0.7050403584957863
7,4,0.2644444827585124,0.7050403584957863
7,4,0.3911467169023801,0.7050403584957863
7,4,0.3911467169023801,0.7422925998725924
7,4,0.3594711583664134,0.7422925998725924
7,4,0.3911467169023801,0.7422925998725924
7,4,0.3594711583664134,0.7795448412493986
7,4,0.3594711583664134,0.7422925998725924
7,4,0.3594711583664134,0.7422925998725924
7,4,0.3594711583664134,0.7795448412493986
7,4,0.3277955998304467,0.7795448412493986
7,4,0.3594711583664134,0.7795448412493986
7,4,0.3277955998304467,0.8167970826262048
7,4,0.3277955998304467,0.7795448412493986
7,4,0.3277955998304467,0.7795448412493986
7,4,0.3277955998304467,0.8167970826262048
7,4,0.2961200412944791,0.8167970826262048
7,4,0.3277955998304467,0.8167970826262048
7,4,0.2961200412944791,0.8540493240030109
7,4,0.2961200412944791,0.8167970826262048
7,4,0.2961200412944791,0.8167970826262048
7,4,0.2961200412944791,0.8540493240030109
7,4,0.2644444827585124,0.8540493240030109
7,4,0.2961200412944791,0.8540493240030109
7,4,0.2644444827585124,0.8913015653798162
7,4,0.2644444827585124,0.8540493240030109
7,4,0.2644444827585124,0.8540493240030109
7,4,0.2644444827585124,0.8913015653798162
7,4,0.2327689242225457,0.8913015653798162
7,4,0.3911467169023801,0.7422925998725924
7,4,0.3911467169023801,0.7795448412493986
7,4,0.3594711583664134,0.7795448412493986
7,4,0.3911467169023801,0.7795448412493986
7,4,0.3594711583664134,0.8167970826262048
7,4,0.3594711583664134,0.7795448412493986
7,4,0.3594711583664134,0.7795448412493986
7,4,0.3594711583664134,0.8167970826262048
7,4,0.3277955998304467,0.8167970826262048
7,4,0.3594711583664134,0.8167970826262048
7,4,0.3277955998304467,0.8540493240030109
7,4,0.3277955998304467,0.8167970826262048
7,4,0.3277955998304467,0.8167970826262048
7,4,0.3277955998304467,0.8540493240030109
7,4,0.2961200412944791,0.8540493240030109
7,4,0.3277955998304467,0.8540493240030109
7,4,0.2961200412944791,0.8913015653798162
7,4,0.2961200412944791,0.8540493240030109
7,4,0.2961200412944791,0.8540493240030109
7,4,0.2961200412944791,0.8913015653798162
7,4,0.2644444827585124,0.8913015653798162
7,4,0.3911467169023801,0.7795448412493986
7,4,0.3911467169023801,0.8167970826262048
7,4,0.3594711583664134,0.8167970826262048
7,4,0.3911467169023801,0.8167970826262048
7,4,0.3594711583664134,0.8540493240030109
7,4,0.3594711583664134,0.8167970826262048
7,4,0.3594711583664134,0.8167970826262048
7,4,0.3594711583664134,0.8540493240030109
7,4,0.3277955998304467,0.8540493240030109
7,4,0.3594711583664134,0.8540493240030109
7,4,0.3277955998304467,0.8913015653798162
7,4,0.3277955998304467,0.8540493240030109
7,4,0.3277955998304467,0.8540493240030109
7,4,0.3277955998304467,0.8913015653798162
7,4,0.2961200412944791,0.8913015653798162
7,4,0.3911467169023801,0.8167970826262048
7,4,0.3911467169023801,0.8540493240030109
7,4,0.3594711583664134,0.8540493240030109
7,4,0.3911467169023801,0.8540493240030109
7,4,0.3594711583664134,0.8913015653798162
7,4,0.3594711583664134,0.8540493240030109
7,4,0.3594711583664134,0.8540493240030109
7,4,0.3594711583664134,0.8913015653798162
7,4,0.3277955998304467,0.8913015653798162
7,4,0.3911467169023801,0.8540493240030109
7,4,0.3911467169023801,0.8913015653798162
7,4,0.3594711583664134,0.8913015653798162
7,4,0.07424242000028958,0.8913015653798162
7,4,0.1059477208447408,0.8913015653798162
7,4,0.1059477208447408,0.9285686779108646
7,4,0.1059477208447408,0.8913015653798162
7,4,0.13765302168919202,0.9285686779108646
7,4,0.1059477208447408,0.9285686779108646
7,4,0.1059477208447408,0.9285686779108646
7,4,0.13765302168919202,0.9285686779108646
7,4,0.13765302168919202,0.965835790441913
7,4,0.13765302168919202,0.9285686779108646
7,4,0.16935832253364325,0.965835790441913
7,4,0.13765302168919202,0.965835790441913
7,4,0.13765302168919202,0.965835790441913
7,4,0.16935832253364325,0.965835790441913
7,3,0.16935832253364325,0.003102902972961452
7,4,0.16935832253364325,0.965835790441913
7,3,0.20106362337809447,0.003102902972961452
7,3,0.16935832253364325,0.003102902972961452
7,3,0.16935832253364325,0.003102902972961452
7,3,0.20106362337809447,0.003102902972961452
7,3,0.20106362337809447,0.04037001550400987
7,3,0.20106362337809447,0.003102902972961452
7,3,0.2327689242225457,0.04037001550400987
7,3,0.20106362337809447,0.04037001550400987
7,3,0.20106362337809447,0.04037001550400987
7,3,0.2327689242225457,0.04037001550400987
7,3,0.2327689242225457,0.07763712803505785
7,4,0.1059477208447408,0.8913015653798162
7,4,0.13765302168919202,0.8913015653798162
7,4,0.13765302168919202,0.9285686779108646
7,4,0.13765302168919202,0.8913015653798162
7,4,0.16935832253364325,0.9285686779108646
7,4,0.13765302168919202,0.9285686779108646
7,4,0.13765302168919202,0.9285686779108646
7,4,0.16935832253364325,0.9285686779108646
7,4,0.16935832253364325,0.965835790441913
7,4,0.16935832253364325,0.9285686779108646
7,4,0.20106362337809447,0.965835790441913
7,4,0.16935832253364325,0.965835790441913
7,4,0.16935832253364325,0.965835790441913
7,4,0.20106362337809447,0.965835790441913
7,3,0.20106362337809447,0.003102902972961452
7,4,0.20106362337809447,0.965835790441913
7,3,0.2327689242225457,0.003102902972961452
7,3,0.20106362337809447,0.003102902972961452
7,3,0.20106362337809447,0.003102902972961452
7,3,0.2327689242225457,0.003102902972961452
7,3,0.2327689242225457,0.04037001550400987
7,4,0.13765302168919202,0.8913015653798162
7,4,0.16935832253364325,0.8913015653798162
7,4,0.16935832253364325,0.9285686779108646
7,4,0.16935832253364325,0.8913015653798162
7,4,0.20106362337809447,0.9285686779108646
7,4,0.16935832253364325,0.9285686779108646
7,4,0.16935832253364325,0.9285686779108646
7,4,0.20106362337809447,0.9285686779108646
7,4,0.20106362337809447,0.965835790441913
7,4,0.20106362337809447,0.9285686779108646
7,4,0.2327689242225457,0.965835790441913
7,4,0.20106362337809447,0.965835790441913
7,4,0.20106362337809447,0.965835790441913
7,4,0.2327689242225457,0.965835790441913
7,3,0.2327689242225457,0.003102902972961452
7,4,0.16935832253364325,0.8913015653798162
7,4,0.20106362337809447,0.8913015653798162
7,4,0.20106362337809447,0.9285686779108646
7,4,0.20106362337809447,0.8913015653798162
7,4,0.2327689242225457,0.9285686779108646
7,4,0.20106362337809447,0.9285686779108646
7,4,0.20106362337809447,0.9285686779108646
7,4,0.2327689242225457,0.9285686779108646
7,4,0.2327689242225457,0.965835790441913
7,4,0.20106362337809447,0.8913015653798162
7,4,0.2327689242225457,0.8913015653798162
7,4,0.2327689242225457,0.9285686779108646
7,3,0.2327689242225457,0.07763712803505785
7,3,0.20106362337809447,0.07763712803505785
7,3,0.20106362337809447,0.04037001550400987
7,3,0.20106362337809447,0.07763712803505785
7,3,0.16935832253364325,0.04037001550400987
7,3,0.20106362337809447,0.04037001550400987
7,3,0.20106362337809447,0.04037001550400987
7,3,0.16935832253364325,0.04037001550400987
7,3,0.16935832253364325,0.003102902972961452
7,3,0.16935832253364325,0.04037001550400987
7,3,0.13765302168919202,0.003102902972961452
7,3,0.16935832253364325,0.003102902972961452
7,3,0.16935832253364325,0.003102902972961452
7,3,0.13765302168919202,0.003102902972961452
7,4,0.13765302168919202,0.965835790441913
7,3,0.13765302168919202,0.003102902972961452
7,4,0.1059477208447408,0.965835790441913
7,4,0.13765302168919202,0.965835790441913
7,4,0.13765302168919202,0.965835790441913
7,4,0.1059477208447408,0.965835790441913
7,4,0.1059477208447408,0.9285686779108646
7,4,0.1059477208447408,0.965835790441913
7,4,0.07424242000028958,0.9285686779108646
7,4,0.1059477208447408,0.9285686779108646
7,4,0.1059477208447408,0.9285686779108646
7,4,0.07424242000028958,0.9285686779108646
7,4,0.07424242000028958,0.8913015653798162
7,3,0.20106362337809447,0.07763712803505785
7,3,0.16935832253364325,0.07763712803505785
7,3,0.16935832253364325,0.04037001550400987
7,3,0.16935832253364325,0.07763712803505785
7,3,0.13765302168919202,0.04037001550400987
7,3,0.16935832253364325,0.04037001550400987
7,3,0.16935832253364325,0.04037001550400987
7,3,0.13765302168919202,0.04037001550400987
7,3,0.13765302168919202,0.003102902972961452
7,3,0.13765302168919202,0.04037001550400987
7,3,0.1059477208447408,0.003102902972961452
7,3,0.13765302168919202,0.003102902972961452
7,3,0.13765302168919202,0.003102902972961452
7,3,0.1059477208447408,0.003102902972961452
7,4,0.1059477208447408,0.965835790441913
7,3,0.1059477208447408,0.003102902972961452
7,4,0.07424242000028958,0.965835790441913
7,4,0.1059477208447408,0.965835790441913
7,4,0.1059477208447408,0.965835790441913
7,4,0.07424242000028958,0.965835790441913
7,4,0.07424242000028958,0.9285686779108646
7,3,0.16935832253364325,0.07763712803505785
7,3,0.13765302168919202,0.07763712803505785
7,3,0.13765302168919202,0.04037001550400987
7,3,0.13765302168919202,0.07763712803505785
7,3,0.1059477208447408,0.04037001550400987
7,3,0.13765302168919202,0.04037001550400987
7,3,0.13765302168919202,0.04037001550400987
7,3,0.1059477208447408,0.04037001550400987
7,3,0.1059477208447408,0.003102902972961452
7,3,0.1059477208447408,0.04037001550400987
7,3,0.07424242000028958,0.003102902972961452
7,3,0.1059477208447408,0.003102902972961452
7,3,0.1059477208447408,0.003102902972961452
7,3,0.07424242000028958,0.003102902972961452
7,4,0.07424242000028958,0.965835790441913
7,3,0.13765302168919202,0.07763712803505785
7,3,0.1059477208447408,0.07763712803505785
7,3,0.1059477208447408,0.04037001550400987
7,3,0.1059477208447408,0.07763712803505785
7,3,0.07424242000028958,0.04037001550400987
7,3,0.1059477208447408,0.04037001550400987
7,3,0.1059477208447408,0.04037001550400987
7,3,0.07424242000028958,0.04037001550400987
7,3,0.07424242000028958,0.003102902972961452
7,3,0.1059477208447408,0.07763712803505785
7,3,0.07424242000028958,0.07763712803505785
7,3,0.07424242000028958,0.04037001550400987
7,4,0.2327689242225457,0.8913015653798162
7,4,0.2644444827585124,0.8913015653798162
7,4,0.2644444827585124,0.9285686779108646
7,4,0.2644444827585124,0.8913015653798162
7,4,0.2961200412944791,0.9285686779108646
7,4,0.2644444827585124,0.9285686779108646
7,4,0.2644444827585124,0.9285686779108646
7,4,0.2961200412944791,0.9285686779108646
7,4,0.2961200412944791,0.965835790441913
7,4,0.2961200412944791,0.9285686779108646
7,4,0.3277955998304467,0.965835790441913
7,4,0.2961200412944791,0.965835790441913
7,4,0.2961200412944791,0.965835790441913
7,4,0.3277955998304467,0.965835790441913
7,3,0.3277955998304467,0.003102902972961452
7,4,0.3277955998304467,0.965835790441913
7,3,0.3594711583664134,0.003102902972961452
7,3,0.3277955998304467,0.003102902972961452
7,3,0.3277955998304467,0.003102902972961452
7,3,0.3594711583664134,0.003102902972961452
7,3,0.3594711583664134,0.04037001550400987
7,3,0.3594711583664134,0.003102902972961452
7,3,0.3911467169023801,0.04037001550400987
7,3,0.3594711583664134,0.04037001550400987
7,3,0.3594711583664134,0.04037001550400987
7,3,0.3911467169023801,0.04037001550400987
7,3,0.3911467169023801,0.07763712803505785
7,4,0.2644444827585124,0.8913015653798162
7,4,0.2961200412944791,0.8913015653798162
7,4,0.2961200412944791,0.9285686779108646
7,4,0.2961200412944791,0.8913015653798162
7,4,0.3277955998304467,0.9285686779108646
7,4,0.2961200412944791,0.9285686779108646
7,4,0.2961200412944791,0.9285686779108646
7,4,0.3277955998304467,0.9285686779108646
7,4,0.3277955998304467,0.965835790441913
7,4,0.3277955998304467,0.9285686779108646
7,4,0.3594711583664134,0.965835790441913
7,4,0.3277955998304467,0.965835790441913
7,4,0.3277955998304467,0.965835790441913
7,4,0.3594711583664134,0.965835790441913
7,3,0.3594711583664134,0.003102902972961452
7,4,0.3594711583664134,0.965835790441913
7,3,0.3911467169023801,0.003102902972961452
7,3,0.3594711583664134,0.003102902972961452
7,3,0.3594711583664134,0.003102902972961452
7,3,0.3911467169023801,0.003102902972961452
7,3,0.3911467169023801,0.04037001550400987
7,4,0.2961200412944791,0.8913015653798162
7,4,0.3277955998304467,0.8913015653798162
7,4,0.3277955998304467,0.9285686779108646
7,4,0.3277955998304467,0.8913015653798162
7,4,0.3594711583664134,0.9285686779108646
7,4,0.3277955998304467,0.9285686779108646
7,4,0.3277955998304467,0.9285686779108646
7,4,0.3594711583664134,0.9285686779108646
7,4,0.3594711583664134,0.965835790441913
7,4,0.3594711583664134,0.9285686779108646
7,4,0.3911467169023801,0.965835790441913
7,4,0.3594711583664134,0.965835790441913
7,4,0.3594711583664134,0.965835790441913
7,4,0.3911467169023801,0.965835790441913
7,3,0.3911467169023801,0.003102902972961452
7,4,0.3277955998304467,0.8913015653798162
7,4,0.3594711583664134,0.8913015653798162
7,4,0.3594711583664134,0.9285686779108646
7,4,0.3594711583664134,0.8913015653798162
7,4,0.3911467169023801,0.9285686779108646
7,4,0.3594711583664134,0.9285686779108646
7,4,0.3594711583664134,0.9285686779108646
7,4,0.3911467169023801,0.9285686779108646
7,4,0.3911467169023801,0.965835790441913
7,4,0.3594711583664134,0.8913015653798162
7,4,0.3911467169023801,0.8913015653798162
7,4,0.3911467169023801,0.9285686779108646
7,3,0.3911467169023801,0.07763712803505785
7,3,0.3594711583664134,0.07763712803505785
7,3,0.3594711583664134,0.04037001550400987
7,3,0.3594711583664134,0.07763712803505785
7,3,0.3277955998304467,0.04037001550400987
7,3,0.3594711583664134,0.04037001550400987
7,3,0.3594711583664134,0.04037001550400987
7,3,0.3277955998304467,0.04037001550400987
7,3,0.3277955998304467,0.003102902972961452
7,3,0.3277955998304467,0.04037001550400987
7,3,0.2961200412944791,0.003102902972961452
7,3,0.3277955998304467,0.003102902972961452
7,3,0.3277955998304467,0.003102902972961452
7,3,0.2961200412944791,0.003102902972961452
7,4,0.2961200412944791,0.965835790441913
7,3,0.2961200412944791,0.003102902972961452
7,4,0.2644444827585124,0.965835790441913
7,4,0.2961200412944791,0.965835790441913
7,4,0.2961200412944791,0.965835790441913
7,4,0.2644444827585124,0.965835790441913
7,4,0.2644444827585124,0.9285686779108646
7,4,0.2644444827585124,0.965835790441913
7,4,0.2327689242225457,0.9285686779108646
7,4,0.2644444827585124,0.9285686779108646
7,4,0.2644444827585124,0.9285686779108646
7,4,0.2327689242225457,0.9285686779108646
7,4,0.2327689242225457,0.8913015653798162
7,3,0.3594711583664134,0.07763712803505785
7,3,0.3277955998304467,0.07763712803505785
7,3,0.3277955998304467,0.04037001550400987
7,3,0.3277955998304467,0.07763712803505785
7,3,0.2961200412944791,0.04037001550400987
7,3,0.3277955998304467,0.04037001550400987
7,3,0.3277955998304467,0.04037001550400987
7,3,0.2961200412944791,0.04037001550400987
7,3,0.2961200412944791,0.003102902972961452
7,3,0.2961200412944791,0.04037001550400987
7,3,0.2644444827585124,0.003102902972961452
7,3,0.2961200412944791,0.003102902972961452
7,3,0.2961200412944791,0.003102902972961452
7,3,0.2644444827585124,0.003102902972961452
7,4,0.2644444827585124,0.965835790441913
7,3,0.2644444827585124,0.003102902972961452
7,4,0.2327689242225457,0.965835790441913
7,4,0.2644444827585124,0.965835790441913
7,4,0.2644444827585124,0.965835790441913
7,4,0.2327689242225457,0.965835790441913
7,4,0.2327689242225457,0.9285686779108646
7,3,0.3277955998304467,0.07763712803505785
7,3,0.2961200412944791,0.07763712803505785
7,3,0.2961200412944791,0.04037001550400987
7,3,0.2961200412944791,0.07763712803505785
7,3,0.2644444827585124,0.04037001550400987
7,3,0.2961200412944791,0.04037001550400987
7,3,0.2961200412944791,0.04037001550400987
7,3,0.2644444827585124,0.04037001550400987
7,3,0.2644444827585124,0.003102902972961452
7,3,0.2644444827585124,0.04037001550400987
7,3,0.2327689242225457,0.003102902972961452
7,3,0.2644444827585124,0.003102902972961452
7,3,0.2644444827585124,0.003102902972961452
7,3,0.2327689242225457,0.003102902972961452
7,4,0.2327689242225457,0.965835790441913
7,3,0.2961200412944791,0.07763712803505785
7,3,0.2644444827585124,0.07763712803505785
7,3,0.2644444827585124,0.04037001550400987
7,3,0.2644444827585124,0.07763712803505785
7,3,0.2327689242225457,0.04037001550400987
7,3,0.2644444827585124,0.04037001550400987
7,3,0.2644444827585124,0.04037001550400987
7,3,0.2327689242225457,0.04037001550400987
7,3,0.2327689242225457,0.003102902972961452
7,3,0.2644444827585124,0.07763712803505785
7,3,0.2327689242225457,0.07763712803505785
7,3,0.2327689242225457,0.04037001550400987
7,4,0.9199999999999999,0.5
7,4,0.7575486243802247,0.409542776819114
7,4,0.7575486243802247,0.590457223180886
8,4,0.082451375619776,0.409542776819114
8,4,0.082451375619776,0.590457223180886
8,4,0.07236997723186889,0.49287350821211806
8,4,0.07236997723186889,0.5135655335525158
8,4,0.019494707180388815,0.5135655335525158
8,4,0.07236997723186889,0.5135655335525158
8,4,0.019494707180388815,0.5342575588929135
8,4,0.019494707180388815,0.5135655335525158
8,4,0.019494707180388815,0.5135655335525158
8,4,0.019494707180388815,0.5342575588929135
7,4,0.9666194371289087,0.5342575588929135
8,4,0.019494707180388815,0.5342575588929135
7,4,0.9666194371289087,0.5549495842333112
7,4,0.9666194371289087,0.5342575588929135
7,4,0.9666194371289087,0.5342575588929135
7,4,0.9666194371289087,0.5549495842333112
7,4,0.9137441670774287,0.5549495842333112
7,4,0.9666194371289087,0.5549495842333112
7,4,0.9137441670774287,0.5756416095737089
7,4,0.9137441670774287,0.5549495842333112
7,4,0.9137441670774287,0.5549495842333112
7,4,0.9137441670774287,0.5756416095737089
7,4,0.8608688970259495,0.5756416095737089
7,4,0.9137441670774287,0.5756416095737089
7,4,0.8608688970259495,0.5963336349141066
7,4,0.8608688970259495,0.5756416095737089
7,4,0.8608688970259495,0.5756416095737089
7,4,0.8608688970259495,0.5963336349141066
7,4,0.8079936269744694,0.5963336349141066
7,4,0.8608688970259495,0.5963336349141066
7,4,0.8079936269744694,0.6170256602545043
7,4,0.8079936269744694,0.5963336349141066
7,4,0.8079936269744694,0.5963336349141066
7,4,0.8079936269744694,0.6170256602545043
7,4,0.7551183569229893,0.6170256602545043
7,4,0.8079936269744694,0.6170256602545043
7,4,0.7551183569229893,0.637717685594902
7,4,0.7551183569229893,0.6170256602545043
7,4,0.7551183569229893,0.6170256602545043
7,4,0.7551183569229893,0.637717685594902
7,4,0.7022430868715093,0.637717685594902
7,4,0.7551183569229893,0.637717685594902
7,4,0.7022430868715093,0.6584097109352998
7,4,0.7022430868715093,0.637717685594902
7,4,0.7022430868715093,0.637717685594902
7,4,0.7022430868715093,0.6584097109352998
7,4,0.6493678168200301,0.6584097109352998
8,4,0.07236997723186889,0.5135655335525158
8,4,0.07236997723186889,0.5342575588929135
8,4,0.019494707180388815,0.5342575588929135
8,4,0.07236997723186889,0.5342575588929135
8,4,0.019494707180388815,0.5549495842333112
8,4,0.019494707180388815,0.5342575588929135
8,4,0.019494707180388815,0.5342575588929135
8,4,0.019494707180388815,0.5549495842333112
7,4,0.9666194371289087,0.5549495842333112
8,4,0.019494707180388815,0.5549495842333112
7,4,0.9666194371289087,0.5756416095737089
7,4,0.9666194371289087,0.5549495842333112
7,4,0.9666194371289087,0.5549495842333112
7,4,0.9666194371289087,0.5756416095737089
7,4,0.9137441670774287,0.5756416095737089
7,4,0.9666194371289087,0.5756416095737089
7,4,0.9137441670774287,0.5963336349141066
7,4,0.9137441670774287,0.5756416095737089
7,4,0.9137441670774287,0.5756416095737089
7,4,0.9137441670774287,0.5963336349141066
7,4,0.8608688970259495,0.5963336349141066
7,4,0.9137441670774287,0.5963336349141066
7,4,0.8608688970259495,0.6170256602545043
7,4,0.8608688970259495,0.5963336349141066
7,4,0.8608688970259495,0.5963336349141066
7,4,0.8608688970259495,0.6170256602545043
7,4,0.8079936269744694,0.6170256602545043
7,4,0.8608688970259495,0.6170256602545043
7,4,0.8079936269744694,0.637717685594902
7,4,0.8079936269744694,0.6170256602545043
7,4,0.8079936269744694,0.6170256602545043
7,4,0.8079936269744694,0.637717685594902
7,4,0.7551183569229893,0.637717685594902
7,4,0.8079936269744694,0.637717685594902
7,4,0.7551183569229893,0.6584097109352998
7,4,0.7551183569229893,0.637717685594902
7,4,0.7551183569229893,0.637717685594902
7,4,0.7551183569229893,0.6584097109352998
7,4,0.7022430868715093,0.6584097109352998
8,4,0.07236997723186889,0.5342575588929135
8,4,0.07236997723186889,0.5549495842333112
8,4,0.019494707180388815,0.5549495842333112
8,4,0.07236997723186889,0.5549495842333112
8,4,0.019494707180388815,0.5756416095737089
8,4,0.019494707180388815,0.5549495842333112
8,4,0.019494707180388815,0.5549495842333112
8,4,0.019494707180388815,0.5756416095737089
7,4,0.9666194371289087,0.5756416095737089
8,4,0.019494707180388815,0.5756416095737089
7,4,0.9666194371289087,0.5963336349141066
7,4,0.9666194371289087,0.5756416095737089
7,4,0.9666194371289087,0.5756416095737089
7,4,0.9666194371289087,0.5963336349141066
7,4,0.9137441670774287,0.5963336349141066
7,4,0.9666194371289087,0.5963336349141066
7,4,0.9137441670774287,0.6170256602545043
7,4,0.9137441670774287,0.5963336349141066
7,4,0.9137441670774287,0.5963336349141066
7,4,0.9137441670774287,0.6170256602545043
7,4,0.8608688970259495,0.6170256602545043
7,4,0.9137441670774287,0.6170256602545043
7,4,0.8608688970259495,0.637717685594902
7,4,0.8608688970259495,0.6170256602545043
7,4,0.8608688970259495,0.6170256602545043
7,4,0.8608688970259495,0.637717685594902
7,4,0.8079936269744694,0.637717685594902
7,4,0.8608688970259495,0.637717685594902
7,4,0.8079936269744694,0.6584097109352998
7,4,0.8079936269744694,0.637717685594902
7,4,0.8079936269744694,0.637717685594902
7,4,0.8079936269744694,0.6584097109352998
7,4,0.7551183569229893,0.6584097109352998
8,4,0.07236997723186889,0.5549495842333112
8,4,0.07236997723186889,0.5756416095737089
8,4,0.019494707180388815,0.5756416095737089
8,4,0.07236997723186889,0.5756416095737089
8,4,0.019494707180388815,0.5963336349141066
8,4,0.019494707180388815,0.5756416095737089
8,4,0.019494707180388815,0.5756416095737089
8,4,0.019494707180388815,0.5963336349141066
7,4,0.9666194371289087,0.5963336349141066
8,4,0.019494707180388815,0.5963336349141066
7,4,0.9666194371289087,0.6170256602545043
7,4,0.9666194371289087,0.5963336349141066
7,4,0.9666194371289087,0.5963336349141066
7,4,0.9666194371289087,0.6170256602545043
7,4,0.9137441670774287,0.6170256602545043
7,4,0.9666194371289087,0.6170256602545043
7,4,0.9137441670774287,0.637717685594902
7,4,0.9137441670774287,0.6170256602545043
7,4,0.9137441670774287,0.6170256602545043
7,4,0.9137441670774287,0.637717685594902
7,4,0.8608688970259495,0.637717685594902
7,4,0.9137441670774287,0.637717685594902
7,4,0.8608688970259495,0.6584097109352998
7,4,0.8608688970259495,0.637717685594902
7,4,0.8608688970259495,0.637717685594902
7,4,0.8608688970259495,0.6584097109352998
7,4,0.8079936269744694,0.6584097109352998
8,4,0.07236997723186889,0.5756416095737089
8,4,0.07236997723186889,0.5963336349141066
8,4,0.019494707180388815,0.5963336349141066
8,4,0.07236997723186889,0.5963336349141066
8,4,0.019494707180388815,0.6170256602545043
8,4,0.019494707180388815,0.5963336349141066
8,4,0.019494707180388815,0.5963336349141066
8,4,0.019494707180388815,0.6170256602545043
7,4,0.9666194371289087,0.6170256602545043
8,4,0.019494707180388815,0.6170256602545043
7,4,0.9666194371289087,0.637717685594902
7,4,0.9666194371289087,0.6170256602545043
7,4,0.9666194371289087,0.6170256602545043
7,4,0.9666194371289087,0.637717685594902
7,4,0.9137441670774287,0.637717685594902
7,4,0.9666194371289087,0.637717685594902
7,4,0.9137441670774287,0.6584097109352998
7,4,0.9137441670774287,0.637717685594902
7,4,0.9137441670774287,0.637717685594902
7,4,0.9137441670774287,0.6584097109352998
7,4,0.8608688970259495,0.6584097109352998
8,4,0.07236997723186889,0.5963336349141066
8,4,0.07236997723186889,0.6170256602545043
8,4,0.019494707180388815,0.6170256602545043
8,4,0.07236997723186889,0.6170256602545043
8,4,0.019494707180388815,0.637717685594902
8,4,0.019494707180388815,0.6170256602545043
8,4,0.019494707180388815,0.6170256602545043
8,4,0.019494707180388815,0.637717685594902
7,4,0.9666194371289087,0.637717685594902
8,4,0.019494707180388815,0.637717685594902
7,4,0.9666194371289087,0.6584097109352998
7,4,0.9666194371289087,0.637717685594902
7,4,0.9666194371289087,0.637717685594902
7,4,0.9666194371289087,0.6584097109352998
7,4,0.9137441670774287,0.6584097109352998
8,4,0.07236997723186889,0.6170256602545043
8,4,0.07236997723186889,0.637717685594902
8,4,0.019494707180388815,0.637717685594902
8,4,0.07236997723186889,0.637717685594902
8,4,0.019494707180388815,0.6584097109352998
8,4,0.019494707180388815,0.637717685594902
8,4,0.019494707180388815,0.637717685594902
8,4,0.019494707180388815,0.6584097109352998
7,4,0.9666194371289087,0.6584097109352998
8,4,0.07236997723186889,0.637717685594902
8,4,0.07236997723186889,0.6584097109352998
8,4,0.019494707180388815,0.6584097109352998
7,4,0.6493678168200301,0.6584097109352998
7,4,0.6493678168200301,0.637717685594902
7,4,0.7022430868715093,0.637717685594902
7,4,0.6493678168200301,0.637717685594902
7,4,0.7022430868715093,0.6170256602545043
7,4,0.7022430868715093,0.637717685594902
7,4,0.7022430868715093,0.637717685594902
7,4,0.7022430868715093,0.6170256602545043
7,4,0.7551183569229893,0.6170256602545043
7,4,0.7022430868715093,0.6170256602545043
7,4,0.7551183569229893,0.5963336349141066
7,4,0.7551183569229893,0.6170256602545043
7,4,0.7551183569229893,0.6170256602545043
7,4,0.7551183569229893,0.5963336349141066
7,4,0.8079936269744694,0.5963336349141066
7,4,0.7551183569229893,0.5963336349141066
7,4,0.8079936269744694,0.5756416095737089
7,4,0.8079936269744694,0.5963336349141066
7,4,0.8079936269744694,0.5963336349141066
7,4,0.8079936269744694,0.5756416095737089
7,4,0.8608688970259495,0.5756416095737089
7,4,0.8079936269744694,0.5756416095737089
7,4,0.8608688970259495,0.5549495842333112
7,4,0.8608688970259495,0.5756416095737089
7,4,0.8608688970259495,0.5756416095737089
7,4,0.8608688970259495,0.5549495842333112
7,4,0.9137441670774287,0.5549495842333112
7,4,0.8608688970259495,0.5549495842333112
7,4,0.9137441670774287,0.5342575588929135
7,4,0.9137441670774287,0.5549495842333112
7,4,0.9137441670774287,0.5549495842333112
7,4,0.9137441670774287,0.5342575588929135
7,4,0.9666194371289087,0.5342575588929135
7,4,0.9137441670774287,0.5342575588929135
7,4,0.9666194371289087,0.5135655335525158
7,4,0.9666194371289087,0.5342575588929135
7,4,0.9666194371289087,0.5342575588929135
7,4,0.9666194371289087,0.5135655335525158
8,4,0.019494707180388815,0.5135655335525158
7,4,0.9666194371289087,0.5135655335525158
8,4,0.019494707180388815,0.49287350821211806
8,4,0.019494707180388815,0.5135655335525158
8,4,0.019494707180388815,0.5135655335525158
8,4,0.019494707180388815,0.49287350821211806
8,4,0.07236997723186889,0.49287350821211806
7,4,0.6493678168200301,0.637717685594902
7,4,0.6493678168200301,0.6170256602545043
7,4,0.7022430868715093,0.6170256602545043
7,4,0.6493678168200301,0.6170256602545043
7,4,0.7022430868715093,0.5963336349141066
7,4,0.7022430868715093,0.6170256602545043
7,4,0.7022430868715093,0.6170256602545043
7,4,0.7022430868715093,0.5963336349141066
7,4,0.7551183569229893,0.5963336349141066
7,4,0.7022430868715093,0.5963336349141066
7,4,0.7551183569229893,0.5756416095737089
7,4,0.7551183569229893,0.5963336349141066
7,4,0.7551183569229893,0.5963336349141066
7,4,0.7551183569229893,0.5756416095737089
7,4,0.8079936269744694,0.5756416095737089
7,4,0.7551183569229893,0.5756416095737089
7,4,0.8079936269744694,0.5549495842333112
7,4,0.8079936269744694,0.5756416095737089
7,4,0.8079936269744694,0.5756416095737089
7,4,0.8079936269744694,0.5549495842333112
7,4,0.8608688970259495,0.5549495842333112
7,4,0.8079936269744694,0.5549495842333112
7,4,0.8608688970259495,0.5342575588929135
7,4,0.8608688970259495,0.5549495842333112
7,4,0.8608688970259495,0.5549495842333112
7,4,0.8608688970259495,0.5342575588929135
7,4,0.9137441670774287,0.5342575588929135
7,4,0.8608688970259495,0.5342575588929135
7,4,0.9137441670774287,0.5135655335525158
7,4,0.9137441670774287,0.5342575588929135
7,4,0.9137441670774287,0.5342575588929135
7,4,0.9137441670774287,0.5135655335525158
7,4,0.9666194371289087,0.5135655335525158
7,4,0.9137441670774287,0.5135655335525158
7,4,0.9666194371289087,0.49287350821211806
7,4,0.9666194371289087,0.5135655335525158
7,4,0.9666194371289087,0.5135655335525158
7,4,0.9666194371289087,0.49287350821211806
8,4,0.019494707180388815,0.49287350821211806
7,4,0.6493678168200301,0.6170256602545043
7,4,0.6493678168200301,0.5963336349141066
7,4,0.7022430868715093,0.5963336349141066
7,4,0.6493678168200301,0.5963336349141066
7,4,0.7022430868715093,0.5756416095737089
7,4,0.7022430868715093,0.5963336349141066
7,4,0.7022430868715093,0.5963336349141066
7,4,0.7022430868715093,0.5756416095737089
7,4,0.7551183569229893,0.5756416095737089
7,4,0.7022430868715093,0.5756416095737089
7,4,0.7551183569229893,0.5549495842333112
7,4,0.7551183569229893,0.5756416095737089
7,4,0.7551183569229893,0.5756416095737089
7,4,0.7551183569229893,0.5549495842333112
7,4,0.8079936269744694,0.5549495842333112
7,4,0.7551183569229893,0.5549495842333112
7,4,0.8079936269744694,0.5342575588929135
7,4,0.8079936269744694,0.5549495842333112
7,4,0.8079936269744694,0.5549495842333112
7,4,0.8079936269744694,0.5342575588929135
7,4,0.8608688970259495,0.5342575588929135
7,4,0.8079936269744694,0.5342575588929135
7,4,0.8608688970259495,0.5135655335525158
7,4,0.8608688970259495,0.5342575588929135
7,4,0.8608688970259495,0.5342575588929135
7,4,0.8608688970259495,0.5135655335525158
7,4,0.9137441670774287,0.5135655335525158
7,4,0.8608688970259495,0.5135655335525158
7,4,0.9137441670774287,0.49287350821211806
7,4,0.9137441670774287,0.5135655335525158
7,4,0.9137441670774287,0.5135655335525158
7,4,0.9137441670774287,0.49287350821211806
7,4,0.9666194371289087,0.49287350821211806
7,4,0.6493678168200301,0.5963336349141066
7,4,0.6493678168200301,0.5756416095737089
7,4,0.7022430868715093,0.5756416095737089
7,4,0.6493678168200301,0.5756416095737089
7,4,0.7022430868715093,0.5549495842333112
7,4,0.7022430868715093,0.5756416095737089
7,4,0.7022430868715093,0.5756416095737089
7,4,0.7022430868715093,0.5549495842333112
7,4,0.7551183569229893,0.5549495842333112
7,4,0.7022430868715093,0.5549495842333112
7,4,0.7551183569229893,0.5342575588929135
7,4,0.7551183569229893,0.5549495842333112
7,4,0.7551183569229893,0.5549495842333112
7,4,0.7551183569229893,0.5342575588929135
7,4,0.8079936269744694,0.5342575588929135
7,4,0.7551183569229893,0.5342575588929135
7,4,0.8079936269744694,0.5135655335525158
7,4,0.8079936269744694,0.5342575588929135
7,4,0.8079936269744694,0.5342575588929135
7,4,0.8079936269744694,0.5135655335525158
7,4,0.8608688970259495,0.5135655335525158
7,4,0.8079936269744694,0.5135655335525158
7,4,0.8608688970259495,0.49287350821211806
7,4,0.8608688970259495,0.5135655335525158
7,4,0.8608688970259495,0.5135655335525158
7,4,0.8608688970259495,0.49287350821211806
7,4,0.9137441670774287,0.49287350821211806
7,4,0.6493678168200301,0.5756416095737089
7,4,0.6493678168200301,0.5549495842333112
7,4,0.7022430868715093,0.5549495842333112
7,4,0.6493678168200301,0.5549495842333112
7,4,0.7022430868715093,0.5342575588929135
7,4,0.7022430868715093,0.5549495842333112
7,4,0.7022430868715093,0.5549495842333112
7,4,0.7022430868715093,0.5342575588929135
7,4,0.7551183569229893,0.5342575588929135
7,4,0.7022430868715093,0.5342575588929135
7,4,0.7551183569229893,0.5135655335525158
7,4,0.7551183569229893,0.5342575588929135
7,4,0.7551183569229893,0.5342575588929135
7,4,0.7551183569229893,0.5135655335525158
7,4,0.8079936269744694,0.5135655335525158
7,4,0.7551183569229893,0.5135655335525158
7,4,0.8079936269744694,0.49287350821211806
7,4,0.8079936269744694,0.5135655335525158
7,4,0.8079936269744694,0.5135655335525158
7,4,0.8079936269744694,0.49287350821211806
7,4,0.8608688970259495,0.49287350821211806
7,4,0.6493678168200301,0.5549495842333112
7,4,0.6493678168200301,0.5342575588929135
7,4,0.7022430868715093,0.5342575588929135
7,4,0.6493678168200301,0.5342575588929135
7,4,0.7022430868715093,0.5135655335525158
7,4,0.7022430868715093,0.5342575588929135
7,4,0.7022430868715093,0.5342575588929135
7,4,0.7022430868715093,0.5135655335525158
7,4,0.7551183569229893,0.5135655335525158
7,4,0.7022430868715093,0.5135655335525158
7,4,0.7551183569229893,0.49287350821211806
7,4,0.7551183569229893,0.5135655335525158
7,4,0.7551183569229893,0.5135655335525158
7,4,0.7551183569229893,0.49287350821211806
7,4,0.8079936269744694,0.49287350821211806
7,4,0.6493678168200301,0.5342575588929135
7,4,0.6493678168200301,0.5135655335525158
7,4,0.7022430868715093,0.5135655335525158
7,4,0.6493678168200301,0.5135655335525158
7,4,0.7022430868715093,0.49287350821211806
7,4,0.7022430868715093,0.5135655335525158
7,4,0.7022430868715093,0.5135655335525158
7,4,0.7022430868715093,0.49287350821211806
7,4,0.7551183569229893,0.49287350821211806
7,4,0.6493678168200301,0.5135655335525158
7,4,0.6493678168200301,0.49287350821211806
7,4,0.7022430868715093,0.49287350821211806
8,4,0.07236997723186889,0.49287350821211806
8,4,0.019494707180388815,0.49287350821211806
8,4,0.019494707180388815,0.4721521185973492
8,4,0.019494707180388815,0.49287350821211806
7,4,0.9666194371289087,0.4721521185973492
8,4,0.019494707180388815,0.4721521185973492
8,4,0.019494707180388815,0.4721521185973492
7,4,0.9666194371289087,0.4721521185973492
7,4,0.9666194371289087,0.4514307289825794
7,4,0.9666194371289087,0.4721521185973492
7,4,0.9137441670774287,0.4514307289825794
7,4,0.9666194371289087,0.4514307289825794
7,4,0.9666194371289087,0.4514307289825794
7,4,0.9137441670774287,0.4514307289825794
7,4,0.9137441670774287,0.43070933936781053
7,4,0.9137441670774287,0.4514307289825794
7,4,0.8608688970259495,0.43070933936781053
7,4,0.9137441670774287,0.43070933936781053
7,4,0.9137441670774287,0.43070933936781053
7,4,0.8608688970259495,0.43070933936781053
7,4,0.8608688970259495,0.40998794975304165
7,4,0.8608688970259495,0.43070933936781053
7,4,0.8079936269744694,0.40998794975304165
7,4,0.8608688970259495,0.40998794975304165
7,4,0.8608688970259495,0.40998794975304165
7,4,0.8079936269744694,0.40998794975304165
7,4,0.8079936269744694,0.38926656013827277
7,4,0.8079936269744694,0.40998794975304165
7,4,0.7551183569229893,0.38926656013827277
7,4,0.8079936269744694,0.38926656013827277
7,4,0.8079936269744694,0.38926656013827277
7,4,0.7551183569229893,0.38926656013827277
7,4,0.7551183569229893,0.368545170523503
7,4,0.7551183569229893,0.38926656013827277
7,4,0.7022430868715093,0.368545170523503
7,4,0.7551183569229893,0.368545170523503
7,4,0.7551183569229893,0.368545170523503
7,4,0.7022430868715093,0.368545170523503
7,4,0.7022430868715093,0.3478237809087341
7,4,0.7022430868715093,0.368545170523503
7,4,0.6493678168200301,0.3478237809087341
7,4,0.7022430868715093,0.3478237809087341
7,4,0.7022430868715093,0.3478237809087341
7,4,0.6493678168200301,0.3478237809087341
7,4,0.6493678168200301,0.32710239129396523
8,4,0.019494707180388815,0.49287350821211806
7,4,0.9666194371289087,0.49287350821211806
7,4,0.9666194371289087,0.4721521185973492
7,4,0.9666194371289087,0.49287350821211806
7,4,0.9137441670774287,0.4721521185973492
7,4,0.9666194371289087,0.4721521185973492
7,4,0.9666194371289087,0.4721521185973492
7,4,0.9137441670774287,0.4721521185973492
7,4,0.9137441670774287,0.4514307289825794
7,4,0.9137441670774287,0.4721521185973492
7,4,0.8608688970259495,0.4514307289825794
7,4,0.9137441670774287,0.4514307289825794
7,4,0.9137441670774287,0.4514307289825794
7,4,0.8608688970259495,0.4514307289825794
7,4,0.8608688970259495,0.43070933936781053
7,4,0.8608688970259495,0.4514307289825794
7,4,0.8079936269744694,0.43070933936781053
7,4,0.8608688970259495,0.43070933936781053
7,4,0.8608688970259495,0.43070933936781053
7,4,0.8079936269744694,0.43070933936781053
7,4,0.8079936269744694,0.40998794975304165
7,4,0.8079936269744694,0.43070933936781053
7,4,0.7551183569229893,0.40998794975304165
7,4,0.8079936269744694,0.40998794975304165
7,4,0.8079936269744694,0.40998794975304165
7,4,0.7551183569229893,0.40998794975304165
7,4,0.7551183569229893,0.38926656013827277
7,4,0.7551183569229893,0.40998794975304165
7,4,0.7022430868715093,0.38926656013827277
7,4,0.7551183569229893,0.38926656013827277
7,4,0.7551183569229893,0.38926656013827277
7,4,0.7022430868715093,0.38926656013827277
7,4,0.7022430868715093,0.368545170523503
7,4,0.7022430868715093,0.38926656013827277
7,4,0.6493678168200301,0.368545170523503
7,4,0.7022430868715093,0.368545170523503
7,4,0.7022430868715093,0.368545170523503
7,4,0.6493678168200301,0.368545170523503
7,4,0.6493678168200301,0.3478237809087341
7,4,0.9666194371289087,0.49287350821211806
7,4,0.9137441670774287,0.49287350821211806
7,4,0.9137441670774287,0.4721521185973492
7,4,0.9137441670774287,0.49287350821211806
7,4,0.8608688970259495,0.4721521185973492
7,4,0.9137441670774287,0.4721521185973492
7,4,0.9137441670774287,0.4721521185973492
7,4,0.8608688970259495,0.4721521185973492
7,4,0.8608688970259495,0.4514307289825794
7,4,0.8608688970259495,0.4721521185973492
7,4,0.8079936269744694,0.4514307289825794
7,4,0.8608688970259495,0.4514307289825794
7,4,0.8608688970259495,0.4514307289825794
7,4,0.8079936269744694,0.4514307289825794
7,4,0.8079936269744694,0.43070933936781053
7,4,0.8079936269744694,0.4514307289825794
7,4,0.7551183569229893,0.43070933936781053
7,4,0.8079936269744694,0.43070933936781053
7,4,0.8079936269744694,0.43070933936781053
7,4,0.7551183569229893,0.43070933936781053
7,4,0.7551183569229893,0.40998794975304165
7,4,0.7551183569229893,0.43070933936781053
7,4,0.7022430868715093,0.40998794975304165
7,4,0.7551183569229893,0.40998794975304165
7,4,0.7551183569229893,0.40998794975304165
7,4,0.7022430868715093,0.40998794975304165
7,4,0.7022430868715093,0.38926656013827277
7,4,0.7022430868715093,0.40998794975304165
7,4,0.6493678168200301,0.38926656013827277
7,4,0.7022430868715093,0.38926656013827277
7,4,0.7022430868715093,0.38926656013827277
7,4,0.6493678168200301,0.38926656013827277
7,4,0.6493678168200301,0.368545170523503
7,4,0.9137441670774287,0.49287350821211806
7,4,0.8608688970259495,0.49287350821211806
7,4,0.8608688970259495,0.4721521185973492
7,4,0.8608688970259495,0.49287350821211806
7,4,0.8079936269744694,0.4721521185973492
7,4,0.8608688970259495,0.4721521185973492
7,4,0.8608688970259495,0.4721521185973492
7,4,0.8079936269744694,0.4721521185973492
7,4,0.8079936269744694,0.4514307289825794
7,4,0.8079936269744694,0.4721521185973492
7,4,0.7551183569229893,0.4514307289825794
7,4,0.8079936269744694,0.4514307289825794
7,4,0.8079936269744694,0.4514307289825794
7,4,0.7551183569229893,0.4514307289825794
7,4,0.7551183569229893,0.43070933936781053
7,4,0.7551183569229893,0.4514307289825794
7,4,0.7022430868715093,0.43070933936781053
7,4,0.7551183569229893,0.43070933936781053
7,4,0.7551183569229893,0.43070933936781053
7,4,0.7022430868715093,0.43070933936781053
7,4,0.7022430868715093,0.40998794975304165
7,4,0.7022430868715093,0.43070933936781053
7,4,0.6493678168200301,0.40998794975304165
7,4,0.7022430868715093,0.40998794975304165
7,4,0.7022430868715093,0.40998794975304165
7,4,0.6493678168200301,0.40998794975304165
7,4,0.6493678168200301,0.38926656013827277
7,4,0.8608688970259495,0.49287350821211806
7,4,0.8079936269744694,0.49287350821211806
7,4,0.8079936269744694,0.4721521185973492
7,4,0.8079936269744694,0.49287350821211806
7,4,0.7551183569229893,0.4721521185973492
7,4,0.8079936269744694,0.4721521185973492
7,4,0.8079936269744694,0.4721521185973492
7,4,0.7551183569229893,0.4721521185973492
7,4,0.7551183569229893,0.4514307289825794
7,4,0.7551183569229893,0.4721521185973492
7,4,0.7022430868715093,0.4514307289825794
7,4,0.7551183569229893,0.4514307289825794
7,4,0.7551183569229893,0.4514307289825794
7,4,0.7022430868715093,0.4514307289825794
7,4,0.7022430868715093,0.43070933936781053
7,4,0.7022430868715093,0.4514307289825794
7,4,0.6493678168200301,0.43070933936781053
7,4,0.7022430868715093,0.43070933936781053
7,4,0.7022430868715093,0.43070933936781053
7,4,0.6493678168200301,0.43070933936781053
7,4,0.6493678168200301,0.40998794975304165
7,4,0.8079936269744694,0.49287350821211806
7,4,0.7551183569229893,0.49287350821211806
7,4,0.7551183569229893,0.4721521185973492
7,4,0.7551183569229893,0.49287350821211806
7,4,0.7022430868715093,0.4721521185973492
7,4,0.7551183569229893,0.4721521185973492
7,4,0.7551183569229893,0.4721521185973492
7,4,0.7022430868715093,0.4721521185973492
7,4,0.7022430868715093,0.4514307289825794
7,4,0.7022430868715093,0.4721521185973492
7,4,0.6493678168200301,0.4514307289825794
7,4,0.7022430868715093,0.4514307289825794
7,4,0.7022430868715093,0.4514307289825794
7,4,0.6493678168200301,0.4514307289825794
7,4,0.6493678168200301,0.43070933936781053
7,4,0.7551183569229893,0.49287350821211806
7,4,0.7022430868715093,0.49287350821211806
7,4,0.7022430868715093,0.4721521185973492
7,4,0.7022430868715093,0.49287350821211806
7,4,0.6493678168200301,0.4721521185973492
7,4,0.7022430868715093,0.4721521185973492
7,4,0.7022430868715093,0.4721521185973492
7,4,0.6493678168200301,0.4721521185973492
7,4,0.6493678168200301,0.4514307289825794
7,4,0.7022430868715093,0.49287350821211806
7,4,0.6493678168200301,0.49287350821211806
7,4,0.6493678168200301,0.4721521185973492
7,4,0.6493678168200301,0.32710239129396523
7,4,0.7022430868715093,0.32710239129396523
7,4,0.7022430868715093,0.3478237809087341
7,4,0.7022430868715093,0.32710239129396523
7,4,0.7551183569229893,0.3478237809087341
7,4,0.7022430868715093,0.3478237809087341
7,4,0.7022430868715093,0.3478237809087341
7,4,0.7551183569229893,0.3478237809087341
7,4,0.7551183569229893,0.368545170523503
7,4,0.7551183569229893,0.3478237809087341
7,4,0.8079936269744694,0.368545170523503
7,4,0.7551183569229893,0.368545170523503
7,4,0.7551183569229893,0.368545170523503
7,4,0.8079936269744694,0.368545170523503
7,4,0.8079936269744694,0.38926656013827277
7,4,0.8079936269744694,0.368545170523503
7,4,0.8608688970259495,0.38926656013827277
7,4,0.8079936269744694,0.38926656013827277
7,4,0.8079936269744694,0.38926656013827277
7,4,0.8608688970259495,0.38926656013827277
7,4,0.8608688970259495,0.40998794975304165
7,4,0.8608688970259495,0.38926656013827277
7,4,0.9137441670774287,0.40998794975304165
7,4,0.8608688970259495,0.40998794975304165
7,4,0.8608688970259495,0.40998794975304165
7,4,0.9137441670774287,0.40998794975304165
7,4,0.9137441670774287,0.43070933936781053
7,4,0.9137441670774287,0.40998794975304165
7,4,0.9666194371289087,0.43070933936781053
7,4,0.9137441670774287,0.43070933936781053
7,4,0.9137441670774287,0.43070933936781053
7,4,0.9666194371289087,0.43070933936781053
7,4,0.9666194371289087,0.4514307289825794
7,4,0.9666194371289087,0.43070933936781053
8,4,0.019494707180388815,0.4514307289825794
7,4,0.9666194371289087,0.4514307289825794
7,4,0.9666194371289087,0.4514307289825794
8,4,0.019494707180388815,0.4514307289825794
8,4,0.019494707180388815,0.4721521185973492
8,4,0.019494707180388815,0.4514307289825794
8,4,0.07236997723186889,0.4721521185973492
8,4,0.019494707180388815,0.4721521185973492
8,4,0.019494707180388815,0.4721521185973492
8,4,0.07236997723186889,0.4721521185973492
8,4,0.07236997723186889,0.49287350821211806
7,4,0.7022430868715093,0.32710239129396523
7,4,0.7551183569229893,0.32710239129396523
7,4,0.7551183569229893,0.3478237809087341
7,4,0.7551183569229893,0.32710239129396523
7,4,0.8079936269744694,0.3478237809087341
7,4,0.7551183569229893,0.3478237809087341
7,4,0.7551183569229893,0.3478237809087341
7,4,0.8079936269744694,0.3478237809087341
7,4,0.8079936269744694,0.368545170523503
7,4,0.8079936269744694,0.3478237809087341
7,4,0.8608688970259495,0.368545170523503
7,4,0.8079936269744694,0.368545170523503
7,4,0.8079936269744694,0.368545170523503
7,4,0.8608688970259495,0.368545170523503
7,4,0.8608688970259495,0.38926656013827277
7,4,0.8608688970259495,0.368545170523503
7,4,0.9137441670774287,0.38926656013827277
7,4,0.8608688970259495,0.38926656013827277
7,4,0.8608688970259495,0.38926656013827277
7,4,0.9137441670774287,0.38926656013827277
7,4,0.9137441670774287,0.40998794975304165
7,4,0.9137441670774287,0.38926656013827277
7,4,0.9666194371289087,0.40998794975304165
7,4,0.9137441670774287,0.40998794975304165
7,4,0.9137441670774287,0.40998794975304165
7,4,0.9666194371289087,0.40998794975304165
7,4,0.9666194371289087,0.43070933936781053
7,4,0.9666194371289087,0.40998794975304165
8,4,0.019494707180388815,0.43070933936781053
7,4,0.9666194371289087,0.43070933936781053
7,4,0.9666194371289087,0.43070933936781053
8,4,0.019494707180388815,0.43070933936781053
8,4,0.019494707180388815,0.4514307289825794
8,4,0.019494707180388815,0.43070933936781053
8,4,0.07236997723186889,0.4514307289825794
8,4,0.019494707180388815,0.4514307289825794
8,4,0.019494707180388815,0.4514307289825794
8,4,0.07236997723186889,0.4514307289825794
8,4,0.07236997723186889,0.4721521185973492
7,4,0.7551183569229893,0.32710239129396523
7,4,0.8079936269744694,0.32710239129396523
7,4,0.8079936269744694,0.3478237809087341
7,4,0.8079936269744694,0.32710239129396523
7,4,0.8608688970259495,0.3478237809087341
7,4,0.8079936269744694,0.3478237809087341
7,4,0.8079936269744694,0.3478237809087341
7,4,0.8608688970259495,0.3478237809087341
7,4,0.8608688970259495,0.368545170523503
7,4,0.8608688970259495,0.3478237809087341
7,4,0.9137441670774287,0.368545170523503
7,4,0.8608688970259495,0.368545170523503
7,4,0.8608688970259495,0.368545170523503
7,4,0.9137441670774287,0.368545170523503
7,4,0.9137441670774287,0.38926656013827277
7,4,0.9137441670774287,0.368545170523503
7,4,0.9666194371289087,0.38926656013827277
7,4,0.9137441670774287,0.38926656013827277
7,4,0.9137441670774287,0.38926656013827277
7,4,0.9666194371289087,0.38926656013827277
7,4,0.9666194371289087,0.40998794975304165
7,4,0.9666194371289087,0.38926656013827277
8,4,0.019494707180388815,0.40998794975304165
7,4,0.9666194371289087,0.40998794975304165
7,4,0.9666194371289087,0.40998794975304165
8,4,0.019494707180388815,0.40998794975304165
8,4,0.019494707180388815,0.43070933936781053
8,4,0.019494707180388815,0.40998794975304165
8,4,0.07236997723186889,0.43070933936781053
8,4,0.019494707180388815,0.43070933936781053
8,4,0.019494707180388815,0.43070933936781053
8,4,0.07236997723186889,0.43070933936781053
8,4,0.07236997723186889,0.4514307289825794
7,4,0.8079936269744694,0.32710239129396523
7,4,0.8608688970259495,0.32710239129396523
7,4,0.8608688970259495,0.3478237809087341
7,4,0.8608688970259495,0.32710239129396523
7,4,0.9137441670774287,0.3478237809087341
7,4,0.8608688970259495,0.3478237809087341
7,4,0.8608688970259495,0.3478237809087341
7,4,0.9137441670774287,0.3478237809087341
7,4,0.9137441670774287,0.368545170523503
7,4,0.9137441670774287,0.3478237809087341
7,4,0.9666194371289087,0.368545170523503
7,4,0.9137441670774287,0.368545170523503
7,4,0.9137441670774287,0.368545170523503
7,4,0.9666194371289087,0.368545170523503
7,4,0.9666194371289087,0.38926656013827277
7,4,0.9666194371289087,0.368545170523503
8,4,0.019494707180388815,0.38926656013827277
7,4,0.9666194371289087,0.38926656013827277
7,4,0.9666194371289087,0.38926656013827277
8,4,0.019494707180388815,0.38926656013827277
8,4,0.019494707180388815,0.40998794975304165
8,4,0.019494707180388815,0.38926656013827277
8,4,0.07236997723186889,0.40998794975304165
8,4,0.019494707180388815,0.40998794975304165
8,4,0.019494707180388815,0.40998794975304165
8,4,0.07236997723186889,0.40998794975304165
8,4,0.07236997723186889,0.43070933936781053
7,4,0.8608688970259495,0.32710239129396523
7,4,0.9137441670774287,0.32710239129396523
7,4,0.9137441670774287,0.3478237809087341
7,4,0.9137441670774287,0.32710239129396523
7,4,0.9666194371289087,0.3478237809087341
7,4,0.9137441670774287,0.3478237809087341
7,4,0.9137441670774287,0.3478237809087341
7,4,0.9666194371289087,0.3478237809087341
7,4,0.9666194371289087,0.368545170523503
7,4,0.9666194371289087,0.3478237809087341
8,4,0.019494707180388815,0.368545170523503
7,4,0.9666194371289087,0.368545170523503
7,4,0.9666194371289087,0.368545170523503
8,4,0.019494707180388815,0.368545170523503
8,4,0.019494707180388815,0.38926656013827277
8,4,0.019494707180388815,0.368545170523503
8,4,0.07236997723186889,0.38926656013827277
8,4,0.019494707180388815,0.38926656013827277
8,4,0.019494707180388815,0.38926656013827277
8,4,0.07236997723186889,0.38926656013827277
8,4,0.07236997723186889,0.40998794975304165
7,4,0.9137441670774287,0.32710239129396523
7,4,0.9666194371289087,0.32710239129396523
7,4,0.9666194371289087,0.3478237809087341
7,4,0.9666194371289087,0.32710239129396523
8,4,0.019494707180388815,0.3478237809087341
7,4,0.9666194371289087,0.3478237809087341
7,4,0.9666194371289087,0.3478237809087341
8,4,0.019494707180388815,0.3478237809087341
8,4,0.019494707180388815,0.368545170523503
8,4,0.019494707180388815,0.3478237809087341
8,4,0.07236997723186889,0.368545170523503
8,4,0.019494707180388815,0.368545170523503
8,4,0.019494707180388815,0.368545170523503
8,4,0.07236997723186889,0.368545170523503
8,4,0.07236997723186889,0.38926656013827277
7,4,0.9666194371289087,0.32710239129396523
8,4,0.019494707180388815,0.32710239129396523
8,4,0.019494707180388815,0.3478237809087341
8,4,0.019494707180388815,0.32710239129396523
8,4,0.07236997723186889,0.3478237809087341
8,4,0.019494707180388815,0.3478237809087341
8,4,0.019494707180388815,0.3478237809087341
8,4,0.07236997723186889,0.3478237809087341
8,4,0.07236997723186889,0.368545170523503
8,4,0.019494707180388815,0.32710239129396523
8,4,0.07236997723186889,0.32710239129396523
8,4,0.07236997723186889,0.3478237809087341
8,4,0.1726000337529996,0.47470681046766305
8,4,0.1726000337529996,0.4954379881738893
8,4,0.11971497561006217,0.4954379881738893
8,4,0.1726000337529996,0.4954379881738893
8,4,0.11971497561006217,0.5161691658801155
8,4,0.11971497561006217,0.4954379881738893
8,4,0.11971497561006217,0.4954379881738893
8,4,0.11971497561006217,0.5161691658801155
8,4,0.06682991746712652,0.5161691658801155
8,4,0.11971497561006217,0.5161691658801155
8,4,0.06682991746712652,0.5369003435863418
8,4,0.06682991746712652,0.5161691658801155
8,4,0.06682991746712652,0.5161691658801155
8,4,0.06682991746712652,0.5369003435863418
8,4,0.013944859324189096,0.5369003435863418
8,4,0.06682991746712652,0.5369003435863418
8,4,0.013944859324189096,0.557631521292568
8,4,0.013944859324189096,0.5369003435863418
8,4,0.013944859324189096,0.5369003435863418
8,4,0.013944859324189096,0.557631521292568
7,4,0.9610598011812526,0.557631521292568
8,4,0.013944859324189096,0.557631521292568
7,4,0.9610598011812526,0.5783626989987942
7,4,0.9610598011812526,0.557631521292568
7,4,0.9610598011812526,0.557631521292568
7,4,0.9610598011812526,0.5783626989987942
7,4,0.9081747430383151,0.5783626989987942
7,4,0.9610598011812526,0.5783626989987942
7,4,0.9081747430383151,0.5990938767050205
7,4,0.9081747430383151,0.5783626989987942
7,4,0.9081747430383151,0.5783626989987942
7,4,0.9081747430383151,0.5990938767050205
7,4,0.8552896848953786,0.5990938767050205
7,4,0.9081747430383151,0.5990938767050205
7,4,0.8552896848953786,0.6198250544112467
7,4,0.8552896848953786,0.5990938767050205
7,4,0.8552896848953786,0.5990938767050205
7,4,0.8552896848953786,0.6198250544112467
7,4,0.8024046267524412,0.6198250544112467
7,4,0.8552896848953786,0.6198250544112467
7,4,0.8024046267524412,0.6405562321174729
7,4,0.8024046267524412,0.6198250544112467
7,4,0.8024046267524412,0.6198250544112467
7,4,0.8024046267524412,0.6405562321174729
7,4,0.7495195686095046,0.6405562321174729
8,4,0.1726000337529996,0.4954379881738893
8,4,0.1726000337529996,0.5161691658801155
8,4,0.11971497561006217,0.5161691658801155
8,4,0.1726000337529996,0.5161691658801155
8,4,0.11971497561006217,0.5369003435863418
8,4,0.11971497561006217,0.5161691658801155
8,4,0.11971497561006217,0.5161691658801155
8,4,0.11971497561006217,0.5369003435863418
8,4,0.06682991746712652,0.5369003435863418
8,4,0.11971497561006217,0.5369003435863418
8,4,0.06682991746712652,0.557631521292568
8,4,0.06682991746712652,0.5369003435863418
8,4,0.06682991746712652,0.5369003435863418
8,4,0.06682991746712652,0.557631521292568
8,4,0.013944859324189096,0.557631521292568
8,4,0.06682991746712652,0.557631521292568
8,4,0.013944859324189096,0.5783626989987942
8,4,0.013944859324189096,0.557631521292568
8,4,0.013944859324189096,0.557631521292568
8,4,0.013944859324189096,0.5783626989987942
7,4,0.9610598011812526,0.5783626989987942
8,4,0.013944859324189096,0.5783626989987942
7,4,0.9610598011812526,0.5990938767050205
7,4,0.9610598011812526,0.5783626989987942
7,4,0.9610598011812526,0.5783626989987942
7,4,0.9610598011812526,0.5990938767050205
7,4,0.9081747430383151,0.5990938767050205
7,4,0.9610598011812526,0.5990938767050205
7,4,0.9081747430383151,0.6198250544112467
7,4,0.9081747430383151,0.5990938767050205
7,4,0.9081747430383151,0.5990938767050205
7,4,0.9081747430383151,0.6198250544112467
7,4,0.8552896848953786,0.6198250544112467
7,4,0.9081747430383151,0.6198250544112467
7,4,0.8552896848953786,0.6405562321174729
7,4,0.8552896848953786,0.6198250544112467
7,4,0.8552896848953786,0.6198250544112467
7,4,0.8552896848953786,0.6405562321174729
7,4,0.8024046267524412,0.6405562321174729
8,4,0.1726000337529996,0.5161691658801155
8,4,0.1726000337529996,0.5369003435863418
8,4,0.11971497561006217,0.5369003435863418
8,4,0.1726000337529996,0.5369003435863418
8,4,0.11971497561006217,0.557631521292568
8,4,0.11971497561006217,0.5369003435863418
8,4,0.11971497561006217,0.5369003435863418
8,4,0.11971497561006217,0.557631521292568
8,4,0.06682991746712652,0.557631521292568
8,4,0.11971497561006217,0.557631521292568
8,4,0.06682991746712652,0.5783626989987942
8,4,0.06682991746712652,0.557631521292568
8,4,0.06682991746712652,0.557631521292568
8,4,0.06682991746712652,0.5783626989987942
8,4,0.013944859324189096,0.5783626989987942
8,4,0.06682991746712652,0.5783626989987942
8,4,0.013944859324189096,0.5990938767050205
8,4,0.013944859324189096,0.5783626989987942
8,4,0.013944859324189096,0.5783626989987942
8,4,0.013944859324189096,0.5990938767050205
7,4,0.9610598011812526,0.5990938767050205
8,4,0.013944859324189096,0.5990938767050205
7,4,0.9610598011812526,0.6198250544112467
7,4,0.9610598011812526,0.5990938767050205
7,4,0.9610598011812526,0.5990938767050205
7,4,0.9610598011812526,0.6198250544112467
7,4,0.9081747430383151,0.6198250544112467
7,4,0.9610598011812526,0.6198250544112467
7,4,0.9081747430383151,0.6405562321174729
7,4,0.9081747430383151,0.6198250544112467
7,4,0.9081747430383151,0.6198250544112467
7,4,0.9081747430383151,0.6405562321174729
7,4,0.8552896848953786,0.6405562321174729
8,4,0.1726000337529996,0.5369003435863418
8,4,0.1726000337529996,0.557631521292568
8,4,0.11971497561006217,0.557631521292568
8,4,0.1726000337529996,0.557631521292568
8,4,0.11971497561006217,0.5783626989987942
8,4,0.11971497561006217,0.557631521292568
8,4,0.11971497561006217,0.557631521292568
8,4,0.11971497561006217,0.5783626989987942
8,4,0.06682991746712652,0.5783626989987942
8,4,0.11971497561006217,0.5783626989987942
8,4,0.06682991746712652,0.5990938767050205
8,4,0.06682991746712652,0.5783626989987942
8,4,0.06682991746712652,0.5783626989987942
8,4,0.06682991746712652,0.5990938767050205
8,4,0.013944859324189096,0.5990938767050205
8,4,0.06682991746712652,0.5990938767050205
8,4,0.013944859324189096,0.6198250544112467
8,4,0.013944859324189096,0.5990938767050205
8,4,0.013944859324189096,0.5990938767050205
8,4,0.013944859324189096,0.6198250544112467
7,4,0.9610598011812526,0.6198250544112467
8,4,0.013944859324189096,0.6198250544112467
7,4,0.9610598011812526,0.6405562321174729
7,4,0.9610598011812526,0.6198250544112467
7,4,0.9610598011812526,0.6198250544112467
7,4,0.9610598011812526,0.6405562321174729
7,4,0.9081747430383151,0.6405562321174729
8,4,0.1726000337529996,0.557631521292568
8,4,0.1726000337529996,0.5783626989987942
8,4,0.11971497561006217,0.5783626989987942
8,4,0.1726000337529996,0.5783626989987942
8,4,0.11971497561006217,0.5990938767050205
8,4,0.11971497561006217,0.5783626989987942
8,4,0.11971497561006217,0.5783626989987942
8,4,0.11971497561006217,0.5990938767050205
8,4,0.06682991746712652,0.5990938767050205
8,4,0.11971497561006217,0.5990938767050205
8,4,0.06682991746712652,0.6198250544112467
8,4,0.06682991746712652,0.5990938767050205
8,4,0.06682991746712652,0.5990938767050205
8,4,0.06682991746712652,0.6198250544112467
8,4,0.013944859324189096,0.6198250544112467
8,4,0.06682991746712652,0.6198250544112467
8,4,0.013944859324189096,0.6405562321174729
8,4,0.013944859324189096,0.6198250544112467
8,4,0.013944859324189096,0.6198250544112467
8,4,0.013944859324189096,0.6405562321174729
7,4,0.9610598011812526,0.6405562321174729
8,4,0.1726000337529996,0.5783626989987942
8,4,0.1726000337529996,0.5990938767050205
8,4,0.11971497561006217,0.5990938767050205
8,4,0.1726000337529996,0.5990938767050205
8,4,0.11971497561006217,0.6198250544112467
8,4,0.11971497561006217,0.5990938767050205
8,4,0.11971497561006217,0.5990938767050205
8,4,0.11971497561006217,0.6198250544112467
8,4,0.06682991746712652,0.6198250544112467
8,4,0.11971497561006217,0.6198250544112467
8,4,0.06682991746712652,0.6405562321174729
8,4,0.06682991746712652,0.6198250544112467
8,4,0.06682991746712652,0.6198250544112467
8,4,0.06682991746712652,0.6405562321174729
8,4,0.013944859324189096,0.6405562321174729
8,4,0.1726000337529996,0.5990938767050205
8,4,0.1726000337529996,0.6198250544112467
8,4,0.11971497561006217,0.6198250544112467
8,4,0.1726000337529996,0.6198250544112467
8,4,0.11971497561006217,0.6405562321174729
8,4,0.11971497561006217,0.6198250544112467
8,4,0.11971497561006217,0.6198250544112467
8,4,0.11971497561006217,0.6405562321174729
8,4,0.06682991746712652,0.6405562321174729
8,4,0.1726000337529996,0.6198250544112467
8,4,0.1726000337529996,0.6405562321174729
8,4,0.11971497561006217,0.6405562321174729
7,4,0.7495195686095046,0.6405562321174729
7,4,0.7495195686095046,0.6198250544112467
7,4,0.8024046267524412,0.6198250544112467
7,4,0.7495195686095046,0.6198250544112467
7,4,0.8024046267524412,0.5990938767050205
7,4,0.8024046267524412,0.6198250544112467
7,4,0.8024046267524412,0.6198250544112467
7,4,0.8024046267524412,0.5990938767050205
7,4,0.8552896848953786,0.5990938767050205
7,4,0.8024046267524412,0.5990938767050205
7,4,0.8552896848953786,0.5783626989987942
7,4,0.8552896848953786,0.5990938767050205
7,4,0.8552896848953786,0.5990938767050205
7,4,0.8552896848953786,0.5783626989987942
7,4,0.9081747430383151,0.5783626989987942
7,4,0.8552896848953786,0.5783626989987942
7,4,0.9081747430383151,0.557631521292568
7,4,0.9081747430383151,0.5783626989987942
7,4,0.9081747430383151,0.5783626989987942
7,4,0.9081747430383151,0.557631521292568
7,4,0.9610598011812526,0.557631521292568
7,4,0.9081747430383151,0.557631521292568
7,4,0.9610598011812526,0.5369003435863418
7,4,0.9610598011812526,0.557631521292568
7,4,0.9610598011812526,0.557631521292568
7,4,0.9610598011812526,0.5369003435863418
8,4,0.013944859324189096,0.5369003435863418
7,4,0.9610598011812526,0.5369003435863418
8,4,0.013944859324189096,0.5161691658801155
8,4,0.013944859324189096,0.5369003435863418
8,4,0.013944859324189096,0.5369003435863418
8,4,0.013944859324189096,0.5161691658801155
8,4,0.06682991746712652,0.5161691658801155
8,4,0.013944859324189096,0.5161691658801155
8,4,0.06682991746712652,0.4954379881738893
8,4,0.06682991746712652,0.5161691658801155
8,4,0.06682991746712652,0.5161691658801155
8,4,0.06682991746712652,0.4954379881738893
8,4,0.11971497561006217,0.4954379881738893
8,4,0.06682991746712652,0.4954379881738893
8,4,0.11971497561006217,0.47470681046766305
8,4,0.11971497561006217,0.4954379881738893
8,4,0.11971497561006217,0.4954379881738893
8,4,0.11971497561006217,0.47470681046766305
8,4,0.1726000337529996,0.47470681046766305
7,4,0.7495195686095046,0.6198250544112467
7,4,0.7495195686095046,0.5990938767050205
7,4,0.8024046267524412,0.5990938767050205
7,4,0.7495195686095046,0.5990938767050205
7,4,0.8024046267524412,0.5783626989987942
7,4,0.8024046267524412,0.5990938767050205
7,4,0.8024046267524412,0.5990938767050205
7,4,0.8024046267524412,0.5783626989987942
7,4,0.8552896848953786,0.5783626989987942
7,4,0.8024046267524412,0.5783626989987942
7,4,0.8552896848953786,0.557631521292568
7,4,0.8552896848953786,0.5783626989987942
7,4,0.8552896848953786,0.5783626989987942
7,4,0.8552896848953786,0.557631521292568
7,4,0.9081747430383151,0.557631521292568
7,4,0.8552896848953786,0.557631521292568
7,4,0.9081747430383151,0.5369003435863418
7,4,0.9081747430383151,0.557631521292568
7,4,0.9081747430383151,0.557631521292568
7,4,0.9081747430383151,0.5369003435863418
7,4,0.9610598011812526,0.5369003435863418
7,4,0.9081747430383151,0.5369003435863418
7,4,0.9610598011812526,0.5161691658801155
7,4,0.9610598011812526,0.5369003435863418
7,4,0.9610598011812526,0.5369003435863418
7,4,0.9610598011812526,0.5161691658801155
8,4,0.013944859324189096,0.5161691658801155
7,4,0.9610598011812526,0.5161691658801155
8,4,0.013944859324189096,0.4954379881738893
8,4,0.013944859324189096,0.5161691658801155
8,4,0.013944859324189096,0.5161691658801155
8,4,0.013944859324189096,0.4954379881738893
8,4,0.06682991746712652,0.4954379881738893
8,4,0.013944859324189096,0.4954379881738893
8,4,0.06682991746712652,0.47470681046766305
8,4,0.06682991746712652,0.4954379881738893
8,4,0.06682991746712652,0.4954379881738893
8,4,0.06682991746712652,0.47470681046766305
8,4,0.11971497561006217,0.47470681046766305
7,4,0.7495195686095046,0.5990938767050205
7,4,0.7495195686095046,0.5783626989987942
7,4,0.8024046267524412,0.5783626989987942
7,4,0.7495195686095046,0.5783626989987942
7,4,0.8024046267524412,0.557631521292568
7,4,0.8024046267524412,0.5783626989987942
7,4,0.8024046267524412,0.5783626989987942
7,4,0.8024046267524412,0.557631521292568
7,4,0.8552896848953786,0.557631521292568
7,4,0.8024046267524412,0.557631521292568
7,4,0.8552896848953786,0.5369003435863418
7,4,0.8552896848953786,0.557631521292568
7,4,0.8552896848953786,0.557631521292568
7,4,0.8552896848953786,0.5369003435863418
7,4,0.9081747430383151,0.5369003435863418
7,4,0.8552896848953786,0.5369003435863418
7,4,0.9081747430383151,0.5161691658801155
7,4,0.9081747430383151,0.5369003435863418
7,4,0.9081747430383151,0.5369003435863418
7,4,0.9081747430383151,0.5161691658801155
7,4,0.9610598011812526,0.5161691658801155
7,4,0.9081747430383151,0.5161691658801155
7,4,0.9610598011812526,0.4954379881738893
7,4,0.9610598011812526,0.5161691658801155
7,4,0.9610598011812526,0.5161691658801155
7,4,0.9610598011812526,0.4954379881738893
8,4,0.013944859324189096,0.4954379881738893
7,4,0.9610598011812526,0.4954379881738893
8,4,0.013944859324189096,0.47470681046766305
8,4,0.013944859324189096,0.4954379881738893
8,4,0.013944859324189096,0.4954379881738893
8,4,0.013944859324189096,0.47470681046766305
8,4,0.06682991746712652,0.47470681046766305
7,4,0.7495195686095046,0.5783626989987942
7,4,0.7495195686095046,0.557631521292568
7,4,0.8024046267524412,0.557631521292568
7,4,0.7495195686095046,0.557631521292568
7,4,0.8024046267524412,0.5369003435863418
7,4,0.8024046267524412,0.557631521292568
7,4,0.8024046267524412,0.557631521292568
7,4,0.8024046267524412,0.5369003435863418
7,4,0.8552896848953786,0.5369003435863418
7,4,0.8024046267524412,0.5369003435863418
7,4,0.8552896848953786,0.5161691658801155
7,4,0.8552896848953786,0.5369003435863418
7,4,0.8552896848953786,0.5369003435863418
7,4,0.8552896848953786,0.5161691658801155
7,4,0.9081747430383151,0.5161691658801155
7,4,0.8552896848953786,0.5161691658801155
7,4,0.9081747430383151,0.4954379881738893
7,4,0.9081747430383151,0.5161691658801155
7,4,0.9081747430383151,0.5161691658801155
7,4,0.9081747430383151,0.4954379881738893
7,4,0.9610598011812526,0.4954379881738893
7,4,0.9081747430383151,0.4954379881738893
7,4,0.9610598011812526,0.47470681046766305
7,4,0.9610598011812526,0.4954379881738893
7,4,0.9610598011812526,0.4954379881738893
7,4,0.9610598011812526,0.47470681046766305
8,4,0.013944859324189096,0.47470681046766305
7,4,0.7495195686095046,0.557631521292568
7,4,0.7495195686095046,0.5369003435863418
7,4,0.8024046267524412,0.5369003435863418
7,4,0.7495195686095046,0.5369003435863418
7,4,0.8024046267524412,0.5161691658801155
7,4,0.8024046267524412,0.5369003435863418
7,4,0.8024046267524412,0.5369003435863418
7,4,0.8024046267524412,0.5161691658801155
7,4,0.8552896848953786,0.5161691658801155
7,4,0.8024046267524412,0.5161691658801155
7,4,0.8552896848953786,0.4954379881738893
7,4,0.8552896848953786,0.5161691658801155
7,4,0.8552896848953786,0.5161691658801155
7,4,0.8552896848953786,0.4954379881738893
7,4,0.9081747430383151,0.4954379881738893
7,4,0.8552896848953786,0.4954379881738893
7,4,0.9081747430383151,0.47470681046766305
7,4,0.9081747430383151,0.4954379881738893
7,4,0.9081747430383151,0.4954379881738893
7,4,0.9081747430383151,0.47470681046766305
7,4,0.9610598011812526,0.47470681046766305
7,4,0.7495195686095046,0.5369003435863418
7,4,0.7495195686095046,0.5161691658801155
7,4,0.8024046267524412,0.5161691658801155
7,4,0.7495195686095046,0.5161691658801155
7,4,0.8024046267524412,0.4954379881738893
7,4,0.8024046267524412,0.5161691658801155
7,4,0.8024046267524412,0.5161691658801155
7,4,0.8024046267524412,0.4954379881738893
7,4,0.8552896848953786,0.4954379881738893
7,4,0.8024046267524412,0.4954379881738893
7,4,0.8552896848953786,0.47470681046766305
7,4,0.8552896848953786,0.4954379881738893
7,4,0.8552896848953786,0.4954379881738893
7,4,0.8552896848953786,0.47470681046766305
7,4,0.9081747430383151,0.47470681046766305
7,4,0.7495195686095046,0.5161691658801155
7,4,0.7495195686095046,0.4954379881738893
7,4,0.8024046267524412,0.4954379881738893
7,4,0.7495195686095046,0.4954379881738893
7,4,0.8024046267524412,0.47470681046766305
7,4,0.8024046267524412,0.4954379881738893
7,4,0.8024046267524412,0.4954379881738893
7,4,0.8024046267524412,0.47470681046766305
7,4,0.8552896848953786,0.47470681046766305
7,4,0.7495195686095046,0.4954379881738893
7,4,0.7495195686095046,0.47470681046766305
7,4,0.8024046267524412,0.47470681046766305
8,4,0.1726000337529996,0.47470681046766305
8,4,0.11971497561006217,0.47470681046766305
8,4,0.11971497561006217,0.45399520894435064
8,4,0.11971497561006217,0.47470681046766305
8,4,0.06682991746712652,0.45399520894435064
8,4,0.11971497561006217,0.45399520894435064
8,4,0.11971497561006217,0.45399520894435064
8,4,0.06682991746712652,0.45399520894435064
8,4,0.06682991746712652,0.4332836074210391
8,4,0.06682991746712652,0.45399520894435064
8,4,0.013944859324189096,0.4332836074210391
8,4,0.06682991746712652,0.4332836074210391
8,4,0.06682991746712652,0.4332836074210391
8,4,0.013944859324189096,0.4332836074210391
8,4,0.013944859324189096,0.4125720058977267
8,4,0.013944859324189096,0.4332836074210391
7,4,0.9610598011812526,0.4125720058977267
8,4,0.013944859324189096,0.4125720058977267
8,4,0.013944859324189096,0.4125720058977267
7,4,0.9610598011812526,0.4125720058977267
7,4,0.9610598011812526,0.39186040437441516
7,4,0.9610598011812526,0.4125720058977267
7,4,0.9081747430383151,0.39186040437441516
7,4,0.9610598011812526,0.39186040437441516
7,4,0.9610598011812526,0.39186040437441516
7,4,0.9081747430383151,0.39186040437441516
7,4,0.9081747430383151,0.37114880285110274
7,4,0.9081747430383151,0.39186040437441516
7,4,0.8552896848953786,0.37114880285110274
7,4,0.9081747430383151,0.37114880285110274
7,4,0.9081747430383151,0.37114880285110274
7,4,0.8552896848953786,0.37114880285110274
7,4,0.8552896848953786,0.3504372013277912
7,4,0.8552896848953786,0.37114880285110274
7,4,0.8024046267524412,0.3504372013277912
7,4,0.8552896848953786,0.3504372013277912
7,4,0.8552896848953786,0.3504372013277912
7,4,0.8024046267524412,0.3504372013277912
7,4,0.8024046267524412,0.3297255998044788
7,4,0.8024046267524412,0.3504372013277912
7,4,0.7495195686095046,0.3297255998044788
7,4,0.8024046267524412,0.3297255998044788
7,4,0.8024046267524412,0.3297255998044788
7,4,0.7495195686095046,0.3297255998044788
7,4,0.7495195686095046,0.30901399828116727
8,4,0.11971497561006217,0.47470681046766305
8,4,0.06682991746712652,0.47470681046766305
8,4,0.06682991746712652,0.45399520894435064
8,4,0.06682991746712652,0.47470681046766305
8,4,0.013944859324189096,0.45399520894435064
8,4,0.06682991746712652,0.45399520894435064
8,4,0.06682991746712652,0.45399520894435064
8,4,0.013944859324189096,0.45399520894435064
8,4,0.013944859324189096,0.4332836074210391
8,4,0.013944859324189096,0.45399520894435064
7,4,0.9610598011812526,0.4332836074210391
8,4,0.013944859324189096,0.4332836074210391
8,4,0.013944859324189096,0.4332836074210391
7,4,0.9610598011812526,0.4332836074210391
7,4,0.9610598011812526,0.4125720058977267
7,4,0.9610598011812526,0.4332836074210391
7,4,0.9081747430383151,0.4125720058977267
7,4,0.9610598011812526,0.4125720058977267
7,4,0.9610598011812526,0.4125720058977267
7,4,0.9081747430383151,0.4125720058977267
7,4,0.9081747430383151,0.39186040437441516
7,4,0.9081747430383151,0.4125720058977267
7,4,0.8552896848953786,0.39186040437441516
7,4,0.9081747430383151,0.39186040437441516
7,4,0.9081747430383151,0.39186040437441516
7,4,0.8552896848953786,0.39186040437441516
7,4,0.8552896848953786,0.37114880285110274
7,4,0.8552896848953786,0.39186040437441516
7,4,0.8024046267524412,0.37114880285110274
7,4,0.8552896848953786,0.37114880285110274
7,4,0.8552896848953786,0.37114880285110274
7,4,0.8024046267524412,0.37114880285110274
7,4,0.8024046267524412,0.3504372013277912
7,4,0.8024046267524412,0.37114880285110274
7,4,0.7495195686095046,0.3504372013277912
7,4,0.8024046267524412,0.3504372013277912
7,4,0.8024046267524412,0.3504372013277912
7,4,0.7495195686095046,0.3504372013277912
7,4,0.7495195686095046,0.3297255998044788
8,4,0.06682991746712652,0.47470681046766305
8,4,0.013944859324189096,0.47470681046766305
8,4,0.013944859324189096,0.45399520894435064
8,4,0.013944859324189096,0.47470681046766305
7,4,0.9610598011812526,0.45399520894435064
8,4,0.013944859324189096,0.45399520894435064
8,4,0.013944859324189096,0.45399520894435064
7,4,0.9610598011812526,0.45399520894435064
7,4,0.9610598011812526,0.4332836074210391
7,4,0.9610598011812526,0.45399520894435064
7,4,0.9081747430383151,0.4332836074210391
7,4,0.9610598011812526,0.4332836074210391
7,4,0.9610598011812526,0.4332836074210391
7,4,0.9081747430383151,0.4332836074210391
7,4,0.9081747430383151,0.4125720058977267
7,4,0.9081747430383151,0.4332836074210391
7,4,0.8552896848953786,0.4125720058977267
7,4,0.9081747430383151,0.4125720058977267
7,4,0.9081747430383151,0.4125720058977267
7,4,0.8552896848953786,0.4125720058977267
7,4,0.8552896848953786,0.39186040437441516
7,4,0.8552896848953786,0.4125720058977267
7,4,0.8024046267524412,0.39186040437441516
7,4,0.8552896848953786,0.39186040437441516
7,4,0.8552896848953786,0.39186040437441516
7,4,0.8024046267524412,0.39186040437441516
7,4,0.8024046267524412,0.37114880285110274
7,4,0.8024046267524412,0.39186040437441516
7,4,0.7495195686095046,0.37114880285110274
7,4,0.8024046267524412,0.37114880285110274
7,4,0.8024046267524412,0.37114880285110274
7,4,0.7495195686095046,0.37114880285110274
7,4,0.7495195686095046,0.3504372013277912
8,4,0.013944859324189096,0.47470681046766305
7,4,0.9610598011812526,0.47470681046766305
7,4,0.9610598011812526,0.45399520894435064
7,4,0.9610598011812526,0.47470681046766305
7,4,0.9081747430383151,0.45399520894435064
7,4,0.9610598011812526,0.45399520894435064
7,4,0.9610598011812526,0.45399520894435064
7,4,0.9081747430383151,0.45399520894435064
7,4,0.9081747430383151,0.4332836074210391
7,4,0.9081747430383151,0.45399520894435064
7,4,0.8552896848953786,0.4332836074210391
7,4,0.9081747430383151,0.4332836074210391
7,4,0.9081747430383151,0.4332836074210391
7,4,0.8552896848953786,0.4332836074210391
7,4,0.8552896848953786,0.4125720058977267
7,4,0.8552896848953786,0.4332836074210391
7,4,0.8024046267524412,0.4125720058977267
7,4,0.8552896848953786,0.4125720058977267
7,4,0.8552896848953786,0.4125720058977267
7,4,0.8024046267524412,0.4125720058977267
7,4,0.8024046267524412,0.39186040437441516
7,4,0.8024046267524412,0.4125720058977267
7,4,0.7495195686095046,0.39186040437441516
7,4,0.8024046267524412,0.39186040437441516
7,4,0.8024046267524412,0.39186040437441516
7,4,0.7495195686095046,0.39186040437441516
7,4,0.7495195686095046,0.37114880285110274
7,4,0.9610598011812526,0.47470681046766305
7,4,0.9081747430383151,0.47470681046766305
7,4,0.9081747430383151,0.45399520894435064
7,4,0.9081747430383151,0.47470681046766305
7,4,0.8552896848953786,0.45399520894435064
7,4,0.9081747430383151,0.45399520894435064
7,4,0.9081747430383151,0.45399520894435064
7,4,0.8552896848953786,0.45399520894435064
7,4,0.8552896848953786,0.4332836074210391
7,4,0.8552896848953786,0.45399520894435064
7,4,0.8024046267524412,0.4332836074210391
7,4,0.8552896848953786,0.4332836074210391
7,4,0.8552896848953786,0.4332836074210391
7,4,0.8024046267524412,0.4332836074210391
7,4,0.8024046267524412,0.4125720058977267
7,4,0.8024046267524412,0.4332836074210391
7,4,0.7495195686095046,0.4125720058977267
7,4,0.8024046267524412,0.4125720058977267
7,4,0.8024046267524412,0.4125720058977267
7,4,0.7495195686095046,0.4125720058977267
7,4,0.7495195686095046,0.39186040437441516
7,4,0.9081747430383151,0.47470681046766305
7,4,0.8552896848953786,0.47470681046766305
7,4,0.8552896848953786,0.45399520894435064
7,4,0.8552896848953786,0.47470681046766305
7,4,0.8024046267524412,0.45399520894435064
7,4,0.8552896848953786,0.45399520894435064
7,4,0.8552896848953786,0.45399520894435064
7,4,0.8024046267524412,0.45399520894435064
7,4,0.8024046267524412,0.4332836074210391
7,4,0.8024046267524412,0.45399520894435064
7,4,0.7495195686095046,0.4332836074210391
7,4,0.8024046267524412,0.4332836074210391
7,4,0.8024046267524412,0.4332836074210391
7,4,0.7495195686095046,0.4332836074210391
7,4,0.7495195686095046,0.4125720058977267
7,4,0.8552896848953786,0.47470681046766305
7,4,0.8024046267524412,0.47470681046766305
7,4,0.8024046267524412,0.45399520894435064
7,4,0.8024046267524412,0.47470681046766305
7,4,0.7495195686095046,0.45399520894435064
7,4,0.8024046267524412,0.45399520894435064
7,4,0.8024046267524412,0.45399520894435064
7,4,0.7495195686095046,0.45399520894435064
7,4,0.7495195686095046,0.4332836074210391
7,4,0.8024046267524412,0.47470681046766305
7,4,0.7495195686095046,0.47470681046766305
7,4,0.7495195686095046,0.45399520894435064
7,4,0.7495195686095046,0.30901399828116727
7,4,0.8024046267524412,0.30901399828116727
7,4,0.8024046267524412,0.3297255998044788
7,4,0.8024046267524412,0.30901399828116727
7,4,0.8552896848953786,0.3297255998044788
7,4,0.8024046267524412,0.3297255998044788
7,4,0.8024046267524412,0.3297255998044788
7,4,0.8552896848953786,0.3297255998044788
7,4,0.8552896848953786,0.3504372013277912
7,4,0.8552896848953786,0.3297255998044788
7,4,0.9081747430383151,0.3504372013277912
7,4,0.8552896848953786,0.3504372013277912
7,4,0.8552896848953786,0.3504372013277912
7,4,0.9081747430383151,0.3504372013277912
7,4,0.9081747430383151,0.37114880285110274
7,4,0.9081747430383151,0.3504372013277912
7,4,0.9610598011812526,0.37114880285110274
7,4,0.9081747430383151,0.37114880285110274
7,4,0.9081747430383151,0.37114880285110274
7,4,0.9610598011812526,0.37114880285110274
7,4,0.9610598011812526,0.39186040437441516
7,4,0.9610598011812526,0.37114880285110274
8,4,0.013944859324189096,0.39186040437441516
7,4,0.9610598011812526,0.39186040437441516
7,4,0.9610598011812526,0.39186040437441516
8,4,0.013944859324189096,0.39186040437441516
8,4,0.013944859324189096,0.4125720058977267
8,4,0.013944859324189096,0.39186040437441516
8,4,0.06682991746712652,0.4125720058977267
8,4,0.013944859324189096,0.4125720058977267
8,4,0.013944859324189096,0.4125720058977267
8,4,0.06682991746712652,0.4125720058977267
8,4,0.06682991746712652,0.4332836074210391
8,4,0.06682991746712652,0.4125720058977267
8,4,0.11971497561006217,0.4332836074210391
8,4,0.06682991746712652,0.4332836074210391
8,4,0.06682991746712652,0.4332836074210391
8,4,0.11971497561006217,0.4332836074210391
8,4,0.11971497561006217,0.45399520894435064
8,4,0.11971497561006217,0.4332836074210391
8,4,0.1726000337529996,0.45399520894435064
8,4,0.11971497561006217,0.45399520894435064
8,4,0.11971497561006217,0.45399520894435064
8,4,0.1726000337529996,0.45399520894435064
8,4,0.1726000337529996,0.47470681046766305
7,4,0.8024046267524412,0.30901399828116727
7,4,0.8552896848953786,0.30901399828116727
7,4,0.8552896848953786,0.3297255998044788
7,4,0.8552896848953786,0.30901399828116727
7,4,0.9081747430383151,0.3297255998044788
7,4,0.8552896848953786,0.3297255998044788
7,4,0.8552896848953786,0.3297255998044788
7,4,0.9081747430383151,0.3297255998044788
7,4,0.9081747430383151,0.3504372013277912
7,4,0.9081747430383151,0.3297255998044788
7,4,0.9610598011812526,0.3504372013277912
7,4,0.9081747430383151,0.3504372013277912
7,4,0.9081747430383151,0.3504372013277912
7,4,0.9610598011812526,0.3504372013277912
7,4,0.9610598011812526,0.37114880285110274
7,4,0.9610598011812526,0.3504372013277912
8,4,0.013944859324189096,0.37114880285110274
7,4,0.9610598011812526,0.37114880285110274
7,4,0.9610598011812526,0.37114880285110274
8,4,0.013944859324189096,0.37114880285110274
8,4,0.013944859324189096,0.39186040437441516
8,4,0.013944859324189096,0.37114880285110274
8,4,0.06682991746712652,0.39186040437441516
8,4,0.013944859324189096,0.39186040437441516
8,4,0.013944859324189096,0.39186040437441516
8,4,0.06682991746712652,0.39186040437441516
8,4,0.06682991746712652,0.4125720058977267
8,4,0.06682991746712652,0.39186040437441516
8,4,0.11971497561006217,0.4125720058977267
8,4,0.06682991746712652,0.4125720058977267
8,4,0.06682991746712652,0.4125720058977267
8,4,0.11971497561006217,0.4125720058977267
8,4,0.11971497561006217,0.4332836074210391
8,4,0.11971497561006217,0.4125720058977267
8,4,0.1726000337529996,0.4332836074210391
8,4,0.11971497561006217,0.4332836074210391
8,4,0.11971497561006217,0.4332836074210391
8,4,0.1726000337529996,0.4332836074210391
8,4,0.1726000337529996,0.45399520894435064
7,4,0.8552896848953786,0.30901399828116727
7,4,0.9081747430383151,0.30901399828116727
7,4,0.9081747430383151,0.3297255998044788
7,4,0.9081747430383151,0.30901399828116727
7,4,0.9610598011812526,0.3297255998044788
7,4,0.9081747430383151,0.3297255998044788
7,4,0.9081747430383151,0.3297255998044788
7,4,0.9610598011812526,0.3297255998044788
7,4,0.9610598011812526,0.3504372013277912
7,4,0.9610598011812526,0.3297255998044788
8,4,0.013944859324189096,0.3504372013277912
7,4,0.9610598011812526,0.3504372013277912
7,4,0.9610598011812526,0.3504372013277912
8,4,0.013944859324189096,0.3504372013277912
8,4,0.013944859324189096,0.37114880285110274
8,4,0.013944859324189096,0.3504372013277912
8,4,0.06682991746712652,0.37114880285110274
8,4,0.013944859324189096,0.37114880285110274
8,4,0.013944859324189096,0.37114880285110274
8,4,0.06682991746712652,0.37114880285110274
8,4,0.06682991746712652,0.39186040437441516
8,4,0.06682991746712652,0.37114880285110274
8,4,0.11971497561006217,0.39186040437441516
8,4,0.06682991746712652,0.39186040437441516
8,4,0.06682991746712652,0.39186040437441516
8,4,0.11971497561006217,0.39186040437441516
8,4,0.11971497561006217,0.4125720058977267
8,4,0.11971497561006217,0.39186040437441516
8,4,0.1726000337529996,0.4125720058977267
8,4,0.11971497561006217,0.4125720058977267
8,4,0.11971497561006217,0.4125720058977267
8,4,0.1726000337529996,0.4125720058977267
8,4,0.1726000337529996,0.4332836074210391
7,4,0.9081747430383151,0.30901399828116727
7,4,0.9610598011812526,0.30901399828116727
7,4,0.9610598011812526,0.3297255998044788
7,4,0.9610598011812526,0.30901399828116727
8,4,0.013944859324189096,0.3297255998044788
7,4,0.9610598011812526,0.3297255998044788
7,4,0.9610598011812526,0.3297255998044788
8,4,0.013944859324189096,0.3297255998044788
8,4,0.013944859324189096,0.3504372013277912
8,4,0.013944859324189096,0.3297255998044788
8,4,0.06682991746712652,0.3504372013277912
8,4,0.013944859324189096,0.3504372013277912
8,4,0.013944859324189096,0.3504372013277912
8,4,0.06682991746712652,0.3504372013277912
8,4,0.06682991746712652,0.37114880285110274
8,4,0.06682991746712652,0.3504372013277912
8,4,0.11971497561006217,0.37114880285110274
8,4,0.06682991746712652,0.37114880285110274
8,4,0.06682991746712652,0.37114880285110274
8,4,0.11971497561006217,0.37114880285110274
8,4,0.11971497561006217,0.39186040437441516
8,4,0.11971497561006217,0.37114880285110274
8,4,0.1726000337529996,0.39186040437441516
8,4,0.11971497561006217,0.39186040437441516
8,4,0.11971497561006217,0.39186040437441516
8,4,0.1726000337529996,0.39186040437441516
8,4,0.1726000337529996,0.4125720058977267
7,4,0.9610598011812526,0.30901399828116727
8,4,0.013944859324189096,0.30901399828116727
8,4,0.013944859324189096,0.3297255998044788
8,4,0.013944859324189096,0.30901399828116727
8,4,0.06682991746712652,0.3297255998044788
8,4,0.013944859324189096,0.3297255998044788
8,4,0.013944859324189096,0.3297255998044788
8,4,0.06682991746712652,0.3297255998044788
8,4,0.06682991746712652,0.3504372013277912
8,4,0.06682991746712652,0.3297255998044788
8,4,0.11971497561006217,0.3504372013277912
8,4,0.06682991746712652,0.3504372013277912
8,4,0.06682991746712652,0.3504372013277912
8,4,0.11971497561006217,0.3504372013277912
8,4,0.11971497561006217,0.37114880285110274
8,4,0.11971497561006217,0.3504372013277912
8,4,0.1726000337529996,0.37114880285110274
8,4,0.11971497561006217,0.37114880285110274
8,4,0.11971497561006217,0.37114880285110274
8,4,0.1726000337529996,0.37114880285110274
8,4,0.1726000337529996,0.39186040437441516
8,4,0.013944859324189096,0.30901399828116727
8,4,0.06682991746712652,0.30901399828116727
8,4,0.06682991746712652,0.3297255998044788
8,4,0.06682991746712652,0.30901399828116727
8,4,0.11971497561006217,0.3297255998044788
8,4,0.06682991746712652,0.3297255998044788
8,4,0.06682991746712652,0.3297255998044788
8,4,0.11971497561006217,0.3297255998044788
8,4,0.11971497561006217,0.3504372013277912
8,4,0.11971497561006217,0.3297255998044788
8,4,0.1726000337529996,0.3504372013277912
8,4,0.11971497561006217,0.3504372013277912
8,4,0.11971497561006217,0.3504372013277912
8,4,0.1726000337529996,0.3504372013277912
8,4,0.1726000337529996,0.37114880285110274
8,4,0.06682991746712652,0.30901399828116727
8,4,0.11971497561006217,0.30901399828116727
8,4,0.11971497561006217,0.3297255998044788
8,4,0.11971497561006217,0.30901399828116727
8,4,0.1726000337529996,0.3297255998044788
8,4,0.11971497561006217,0.3297255998044788
8,4,0.11971497561006217,0.3297255998044788
8,4,0.1726000337529996,0.3297255998044788
8,4,0.1726000337529996,0.3504372013277912
8,4,0.11971497561006217,0.30901399828116727
8,4,0.1726000337529996,0.30901399828116727
8,4,0.1726000337529996,0.3297255998044788
7,4,0.9199999999999999,0.71
7,4,0.7553741693696425,0.6172892558697924
7,4,0.7553741693696425,0.8027107441302075
8,4,0.08462583063035645,0.6172892558697924
8,4,0.08462583063035645,0.8027107441302075
7,4,0.6428280370000703,0.7178536471948425
7,4,0.6428280370000703,0.6748763814664516
7,4,0.6824583828295951,0.6748763814664516
7,4,0.6428280370000703,0.6748763814664516
7,4,0.6824583828295951,0.6318991157380607
7,4,0.6824583828295951,0.6748763814664516
7,4,0.6824583828295951,0.6748763814664516
7,4,0.6824583828295951,0.6318991157380607
7,4,0.7220887286591191,0.6318991157380607
7,4,0.6824583828295951,0.6318991157380607
7,4,0.7220887286591191,0.5889218500096698
7,4,0.7220887286591191,0.6318991157380607
7,4,0.7220887286591191,0.6318991157380607
7,4,0.7220887286591191,0.5889218500096698
7,4,0.7617190744886431,0.5889218500096698
7,4,0.7220887286591191,0.5889218500096698
7,4,0.7617190744886431,0.5459445842812789
7,4,0.7617190744886431,0.5889218500096698
7,4,0.7617190744886431,0.5889218500096698
7,4,0.7617190744886431,0.5459445842812789
7,4,0.8013494203181679,0.5459445842812789
7,4,0.6428280370000703,0.6748763814664516
7,4,0.6428280370000703,0.6318991157380607
7,4,0.6824583828295951,0.6318991157380607
7,4,0.6428280370000703,0.6318991157380607
7,4,0.6824583828295951,0.5889218500096698
7,4,0.6824583828295951,0.6318991157380607
7,4,0.6824583828295951,0.6318991157380607
7,4,0.6824583828295951,0.5889218500096698
7,4,0.7220887286591191,0.5889218500096698
7,4,0.6824583828295951,0.5889218500096698
7,4,0.7220887286591191,0.5459445842812789
7,4,0.7220887286591191,0.5889218500096698
7,4,0.7220887286591191,0.5889218500096698
7,4,0.7220887286591191,0.5459445842812789
7,4,0.7617190744886431,0.5459445842812789
7,4,0.6428280370000703,0.6318991157380607
7,4,0.6428280370000703,0.5889218500096698
7,4,0.6824583828295951,0.5889218500096698
7,4,0.6428280370000703,0.5889218500096698
7,4,0.6824583828295951,0.5459445842812789
7,4,0.6824583828295951,0.5889218500096698
7,4,0.6824583828295951,0.5889218500096698
7,4,0.6824583828295951,0.5459445842812789
7,4,0.7220887286591191,0.5459445842812789
7,4,0.6428280370000703,0.5889218500096698
7,4,0.6428280370000703,0.5459445842812789
7,4,0.6824583828295951,0.5459445842812789
7,4,0.8013494203181679,0.5459445842812789
7,4,0.8013494203181679,0.5889218500096698
7,4,0.7617190744886431,0.5889218500096698
7,4,0.8013494203181679,0.5889218500096698
7,4,0.7617190744886431,0.6318991157380607
7,4,0.7617190744886431,0.5889218500096698
7,4,0.7617190744886431,0.5889218500096698
7,4,0.7617190744886431,0.6318991157380607
7,4,0.7220887286591191,0.6318991157380607
7,4,0.7617190744886431,0.6318991157380607
7,4,0.7220887286591191,0.6748763814664516
7,4,0.7220887286591191,0.6318991157380607
7,4,0.7220887286591191,0.6318991157380607
7,4,0.7220887286591191,0.6748763814664516
7,4,0.6824583828295951,0.6748763814664516
7,4,0.7220887286591191,0.6748763814664516
7,4,0.6824583828295951,0.7178536471948425
7,4,0.6824583828295951,0.6748763814664516
7,4,0.6824583828295951,0.6748763814664516
7,4,0.6824583828295951,0.7178536471948425
7,4,0.6428280370000703,0.7178536471948425
7,4,0.8013494203181679,0.5889218500096698
7,4,0.8013494203181679,0.6318991157380607
7,4,0.7617190744886431,0.6318991157380607
7,4,0.8013494203181679,0.6318991157380607
7,4,0.7617190744886431,0.6748763814664516
7,4,0.7617190744886431,0.6318991157380607
7,4,0.7617190744886431,0.6318991157380607
7,4,0.7617190744886431,0.6748763814664516
7,4,0.7220887286591191,0.6748763814664516
7,4,0.7617190744886431,0.6748763814664516
7,4,0.7220887286591191,0.7178536471948425
7,4,0.7220887286591191,0.6748763814664516
7,4,0.7220887286591191,0.6748763814664516
7,4,0.7220887286591191,0.7178536471948425
7,4,0.6824583828295951,0.7178536471948425
7,4,0.8013494203181679,0.6318991157380607
7,4,0.8013494203181679,0.6748763814664516
7,4,0.7617190744886431,0.6748763814664516
7,4,0.8013494203181679,0.6748763814664516
7,4,0.7617190744886431,0.7178536471948425
7,4,0.7617190744886431,0.6748763814664516
7,4,0.7617190744886431,0.6748763814664516
7,4,0.7617190744886431,0.7178536471948425
7,4,0.7220887286591191,0.7178536471948425
7,4,0.8013494203181679,0.6748763814664516
7,4,0.8013494203181679,0.7178536471948425
7,4,0.7617190744886431,0.7178536471948425
7,4,0.8013494203181679,0.7178536471948425
7,4,0.8013494203181679,0.6748763814664516
7,4,0.8409496137161705,0.6748763814664516
7,4,0.8013494203181679,0.6748763814664516
7,4,0.8409496137161705,0.6318991157380607
7,4,0.8409496137161705,0.6748763814664516
7,4,0.8409496137161705,0.6748763814664516
7,4,0.8409496137161705,0.6318991157380607
7,4,0.8805498071141731,0.6318991157380607
7,4,0.8409496137161705,0.6318991157380607
7,4,0.8805498071141731,0.5889218500096698
7,4,0.8805498071141731,0.6318991157380607
7,4,0.8805498071141731,0.6318991157380607
7,4,0.8805498071141731,0.5889218500096698
7,4,0.9201500005121765,0.5889218500096698
7,4,0.8805498071141731,0.5889218500096698
7,4,0.9201500005121765,0.5459445842812789
7,4,0.9201500005121765,0.5889218500096698
7,4,0.9201500005121765,0.5889218500096698
7,4,0.9201500005121765,0.5459445842812789
7,4,0.9597501939101791,0.5459445842812789
7,4,0.8013494203181679,0.6748763814664516
7,4,0.8013494203181679,0.6318991157380607
7,4,0.8409496137161705,0.6318991157380607
7,4,0.8013494203181679,0.6318991157380607
7,4,0.8409496137161705,0.5889218500096698
7,4,0.8409496137161705,0.6318991157380607
7,4,0.8409496137161705,0.6318991157380607
7,4,0.8409496137161705,0.5889218500096698
7,4,0.8805498071141731,0.5889218500096698
7,4,0.8409496137161705,0.5889218500096698
7,4,0.8805498071141731,0.5459445842812789
7,4,0.8805498071141731,0.5889218500096698
7,4,0.8805498071141731,0.5889218500096698
7,4,0.8805498071141731,0.5459445842812789
7,4,0.9201500005121765,0.5459445842812789
7,4,0.8013494203181679,0.6318991157380607
7,4,0.8013494203181679,0.5889218500096698
7,4,0.8409496137161705,0.5889218500096698
7,4,0.8013494203181679,0.5889218500096698
7,4,0.8409496137161705,0.5459445842812789
7,4,0.8409496137161705,0.5889218500096698
7,4,0.8409496137161705,0.5889218500096698
7,4,0.8409496137161705,0.5459445842812789
7,4,0.8805498071141731,0.5459445842812789
7,4,0.8013494203181679,0.5889218500096698
7,4,0.8013494203181679,0.5459445842812789
7,4,0.8409496137161705,0.5459445842812789
7,4,0.9597501939101791,0.5459445842812789
7,4,0.9597501939101791,0.5889218500096698
7,4,0.9201500005121765,0.5889218500096698
7,4,0.9597501939101791,0.5889218500096698
7,4,0.9201500005121765,0.6318991157380607
7,4,0.9201500005121765,0.5889218500096698
7,4,0.9201500005121765,0.5889218500096698
7,4,0.9201500005121765,0.6318991157380607
7,4,0.8805498071141731,0.6318991157380607
7,4,0.9201500005121765,0.6318991157380607
7,4,0.8805498071141731,0.6748763814664516
7,4,0.8805498071141731,0.6318991157380607
7,4,0.8805498071141731,0.6318991157380607
7,4,0.8805498071141731,0.6748763814664516
7,4,0.8409496137161705,0.6748763814664516
7,4,0.8805498071141731,0.6748763814664516
7,4,0.8409496137161705,0.7178536471948425
7,4,0.8409496137161705,0.6748763814664516
7,4,0.8409496137161705,0.6748763814664516
7,4,0.8409496137161705,0.7178536471948425
7,4,0.8013494203181679,0.7178536471948425
7,4,0.9597501939101791,0.5889218500096698
7,4,0.9597501939101791,0.6318991157380607
7,4,0.9201500005121765,0.6318991157380607
7,4,0.9597501939101791,0.6318991157380607
7,4,0.9201500005121765,0.6748763814664516
7,4,0.9201500005121765,0.6318991157380607
7,4,0.9201500005121765,0.6318991157380607
7,4,0.9201500005121765,0.6748763814664516
7,4,0.8805498071141731,0.6748763814664516
7,4,0.9201500005121765,0.6748763814664516
7,4,0.8805498071141731,0.7178536471948425
7,4,0.8805498071141731,0.6748763814664516
7,4,0.8805498071141731,0.6748763814664516
7,4,0.8805498071141731,0.7178536471948425
7,4,0.8409496137161705,0.7178536471948425
7,4,0.9597501939101791,0.6318991157380607
7,4,0.9597501939101791,0.6748763814664516
7,4,0.9201500005121765,0.6748763814664516
7,4,0.9597501939101791,0.6748763814664516
7,4,0.9201500005121765,0.7178536471948425
7,4,0.9201500005121765,0.6748763814664516
7,4,0.9201500005121765,0.6748763814664516
7,4,0.9201500005121765,0.7178536471948425
7,4,0.8805498071141731,0.7178536471948425
7,4,0.9597501939101791,0.6748763814664516
7,4,0.9597501939101791,0.7178536471948425
7,4,0.9201500005121765,0.7178536471948425
7,4,0.6428280370000703,0.7178536471948425
7,4,0.6824583828295951,0.7178536471948425
7,4,0.6824583828295951,0.7607907096812054
7,4,0.6824583828295951,0.7178536471948425
7,4,0.7220887286591191,0.7607907096812054
7,4,0.6824583828295951,0.7607907096812054
7,4,0.6824583828295951,0.7607907096812054
7,4,0.7220887286591191,0.7607907096812054
7,4,0.7220887286591191,0.8037277721675675
7,4,0.7220887286591191,0.7607907096812054
7,4,0.7617190744886431,0.8037277721675675
7,4,0.7220887286591191,0.8037277721675675
7,4,0.7220887286591191,0.8037277721675675
7,4,0.7617190744886431,0.8037277721675675
7,4,0.7617190744886431,0.8466648346539305
7,4,0.7617190744886431,0.8037277721675675
7,4,0.8013494203181679,0.8466648346539305
7,4,0.7617190744886431,0.8466648346539305
7,4,0.7617190744886431,0.8466648346539305
7,4,0.8013494203181679,0.8466648346539305
7,4,0.8013494203181679,0.8896018971402926
7,4,0.6824583828295951,0.7178536471948425
7,4,0.7220887286591191,0.7178536471948425
7,4,0.7220887286591191,0.7607907096812054
7,4,0.7220887286591191,0.7178536471948425
7,4,0.7617190744886431,0.7607907096812054
7,4,0.7220887286591191,0.7607907096812054
7,4,0.7220887286591191,0.7607907096812054
7,4,0.7617190744886431,0.7607907096812054
7,4,0.7617190744886431,0.8037277721675675
7,4,0.7617190744886431,0.7607907096812054
7,4,0.8013494203181679,0.8037277721675675
7,4,0.7617190744886431,0.8037277721675675
7,4,0.7617190744886431,0.8037277721675675
7,4,0.8013494203181679,0.8037277721675675
7,4,0.8013494203181679,0.8466648346539305
7,4,0.7220887286591191,0.7178536471948425
7,4,0.7617190744886431,0.7178536471948425
7,4,0.7617190744886431,0.7607907096812054
7,4,0.7617190744886431,0.7178536471948425
7,4,0.8013494203181679,0.7607907096812054
7,4,0.7617190744886431,0.7607907096812054
7,4,0.7617190744886431,0.7607907096812054
7,4,0.8013494203181679,0.7607907096812054
7,4,0.8013494203181679,0.8037277721675675
7,4,0.7617190744886431,0.7178536471948425
7,4,0.8013494203181679,0.7178536471948425
7,4,0.8013494203181679,0.7607907096812054
7,4,0.8013494203181679,0.8896018971402926
7,4,0.7617190744886431,0.8896018971402926
7,4,0.7617190744886431,0.8466648346539305
7,4,0.7617190744886431,0.8896018971402926
7,4,0.7220887286591191,0.8466648346539305
7,4,0.7617190744886431,0.8466648346539305
7,4,0.7617190744886431,0.8466648346539305
7,4,0.7220887286591191,0.8466648346539305
7,4,0.7220887286591191,0.8037277721675675
7,4,0.7220887286591191,0.8466648346539305
7,4,0.6824583828295951,0.8037277721675675
7,4,0.7220887286591191,0.8037277721675675
7,4,0.7220887286591191,0.8037277721675675
7,4,0.6824583828295951,0.8037277721675675
7,4,0.6824583828295951,0.7607907096812054
7,4,0.6824583828295951,0.8037277721675675
7,4,0.6428280370000703,0.7607907096812054
7,4,0.6824583828295951,0.7607907096812054
7,4,0.6824583828295951,0.7607907096812054
7,4,0.6428280370000703,0.7607907096812054
7,4,0.6428280370000703,0.7178536471948425
7,4,0.7617190744886431,0.8896018971402926
7,4,0.7220887286591191,0.8896018971402926
7,4,0.7220887286591191,0.8466648346539305
7,4,0.7220887286591191,0.8896018971402926
7,4,0.6824583828295951,0.8466648346539305
7,4,0.7220887286591191,0.8466648346539305
7,4,0.7220887286591191,0.8466648346539305
7,4,0.6824583828295951,0.8466648346539305
7,4,0.6824583828295951,0.8037277721675675
7,4,0.6824583828295951,0.8466648346539305
7,4,0.6428280370000703,0.8037277721675675
7,4,0.6824583828295951,0.8037277721675675
7,4,0.6824583828295951,0.8037277721675675
7,4,0.6428280370000703,0.8037277721675675
7,4,0.6428280370000703,0.7607907096812054
7,4,0.7220887286591191,0.8896018971402926
7,4,0.6824583828295951,0.8896018971402926
7,4,0.6824583828295951,0.8466648346539305
7,4,0.6824583828295951,0.8896018971402926
7,4,0.6428280370000703,0.8466648346539305
7,4,0.6824583828295951,0.8466648346539305
7,4,0.6824583828295951,0.8466648346539305
7,4,0.6428280370000703,0.8466648346539305
7,4,0.6428280370000703,0.8037277721675675
7,4,0.6824583828295951,0.8896018971402926
7,4,0.6428280370000703,0.8896018971402926
7,4,0.6428280370000703,0.8466648346539305
7,4,0.8013494203181679,0.7178536471948425
7,4,0.8409496137161705,0.7178536471948425
7,4,0.8409496137161705,0.7607907096812054
7,4,0.8409496137161705,0.7178536471948425
7,4,0.8805498071141731,0.7607907096812054
7,4,0.8409496137161705,0.7607907096812054
7,4,0.8409496137161705,0.7607907096812054
7,4,0.8805498071141731,0.7607907096812054
7,4,0.8805498071141731,0.8037277721675675
7,4,0.8805498071141731,0.7607907096812054
7,4,0.9201500005121765,0.8037277721675675
7,4,0.8805498071141731,0.8037277721675675
7,4,0.8805498071141731,0.8037277721675675
7,4,0.9201500005121765,0.8037277721675675
7,4,0.9201500005121765,0.8466648346539305
7,4,0.9201500005121765,0.8037277721675675
7,4,0.9597501939101791,0.8466648346539305
7,4,0.9201500005121765,0.8466648346539305
7,4,0.9201500005121765,0.8466648346539305
7,4,0.9597501939101791,0.8466648346539305
7,4,0.9597501939101791,0.8896018971402926
7,4,0.8409496137161705,0.7178536471948425
7,4,0.8805498071141731,0.7178536471948425
7,4,0.8805498071141731,0.7607907096812054
7,4,0.8805498071141731,0.7178536471948425
7,4,0.9201500005121765,0.7607907096812054
7,4,0.8805498071141731,0.7607907096812054
7,4,0.8805498071141731,0.7607907096812054
7,4,0.9201500005121765,0.7607907096812054
7,4,0.9201500005121765,0.8037277721675675
7,4,0.9201500005121765,0.7607907096812054
7,4,0.9597501939101791,0.8037277721675675
7,4,0.9201500005121765,0.8037277721675675
7,4,0.9201500005121765,0.8037277721675675
7,4,0.9597501939101791,0.8037277721675675
7,4,0.9597501939101791,0.8466648346539305
7,4,0.8805498071141731,0.7178536471948425
7,4,0.9201500005121765,0.7178536471948425
7,4,0.9201500005121765,0.7607907096812054
7,4,0.9201500005121765,0.7178536471948425
7,4,0.9597501939101791,0.7607907096812054
7,4,0.9201500005121765,0.7607907096812054
7,4,0.9201500005121765,0.7607907096812054
7,4,0.9597501939101791,0.7607907096812054
7,4,0.9597501939101791,0.8037277721675675
7,4,0.9201500005121765,0.7178536471948425
7,4,0.9597501939101791,0.7178536471948425
7,4,0.9597501939101791,0.7607907096812054
7,4,0.9597501939101791,0.8896018971402926
7,4,0.9201500005121765,0.8896018971402926
7,4,0.9201500005121765,0.8466648346539305
7,4,0.9201500005121765,0.8896018971402926
7,4,0.8805498071141731,0.8466648346539305
7,4,0.9201500005121765,0.8466648346539305
7,4,0.9201500005121765,0.8466648346539305
7,4,0.8805498071141731,0.8466648346539305
7,4,0.8805498071141731,0.8037277721675675
7,4,0.8805498071141731,0.8466648346539305
7,4,0.8409496137161705,0.8037277721675675
7,4,0.8805498071141731,0.8037277721675675
7,4,0.8805498071141731,0.8037277721675675
7,4,0.8409496137161705,0.8037277721675675
7,4,0.8409496137161705,0.7607907096812054
7,4,0.8409496137161705,0.8037277721675675
7,4,0.8013494203181679,0.7607907096812054
7,4,0.8409496137161705,0.7607907096812054
7,4,0.8409496137161705,0.7607907096812054
7,4,0.8013494203181679,0.7607907096812054
7,4,0.8013494203181679,0.7178536471948425
7,4,0.9201500005121765,0.8896018971402926
7,4,0.8805498071141731,0.8896018971402926
7,4,0.8805498071141731,0.8466648346539305
7,4,0.8805498071141731,0.8896018971402926
7,4,0.8409496137161705,0.8466648346539305
7,4,0.8805498071141731,0.8466648346539305
7,4,0.8805498071141731,0.8466648346539305
7,4,0.8409496137161705,0.8466648346539305
7,4,0.8409496137161705,0.8037277721675675
7,4,0.8409496137161705,0.8466648346539305
7,4,0.8013494203181679,0.8037277721675675
7,4,0.8409496137161705,0.8037277721675675
7,4,0.8409496137161705,0.8037277721675675
7,4,0.8013494203181679,0.8037277721675675
7,4,0.8013494203181679,0.7607907096812054
7,4,0.8805498071141731,0.8896018971402926
7,4,0.8409496137161705,0.8896018971402926
7,4,0.8409496137161705,0.8466648346539305
7,4,0.8409496137161705,0.8896018971402926
7,4,0.8013494203181679,0.8466648346539305
7,4,0.8409496137161705,0.8466648346539305
7,4,0.8409496137161705,0.8466648346539305
7,4,0.8013494203181679,0.8466648346539305
7,4,0.8013494203181679,0.8037277721675675
7,4,0.8409496137161705,0.8896018971402926
7,4,0.8013494203181679,0.8896018971402926
7,4,0.8013494203181679,0.8466648346539305
8,4,0.17459631931010478,0.7072399912993372
8,4,0.17459631931010478,0.727145063130302
8,4,0.12378835543995415,0.727145063130302
8,4,0.17459631931010478,0.727145063130302
8,4,0.12378835543995415,0.7470501349612668
8,4,0.12378835543995415,0.727145063130302
8,4,0.12378835543995415,0.727145063130302
8,4,0.12378835543995415,0.7470501349612668
8,4,0.07298039156980352,0.7470501349612668
8,4,0.12378835543995415,0.7470501349612668
8,4,0.07298039156980352,0.7669552067922316
8,4,0.07298039156980352,0.7470501349612668
8,4,0.07298039156980352,0.7470501349612668
8,4,0.07298039156980352,0.7669552067922316
8,4,0.022172427699652886,0.7669552067922316
8,4,0.07298039156980352,0.7669552067922316
8,4,0.022172427699652886,0.7868602786231955
8,4,0.022172427699652886,0.7669552067922316
8,4,0.022172427699652886,0.7669552067922316
8,4,0.022172427699652886,0.7868602786231955
7,4,0.9713644638295031,0.7868602786231955
8,4,0.022172427699652886,0.7868602786231955
7,4,0.9713644638295031,0.8067653504541603
7,4,0.9713644638295031,0.7868602786231955
7,4,0.9713644638295031,0.7868602786231955
7,4,0.9713644638295031,0.8067653504541603
7,4,0.9205564999593525,0.8067653504541603
7,4,0.9713644638295031,0.8067653504541603
7,4,0.9205564999593525,0.8266704222851251
7,4,0.9205564999593525,0.8067653504541603
7,4,0.9205564999593525,0.8067653504541603
7,4,0.9205564999593525,0.8266704222851251
7,4,0.8697485360892019,0.8266704222851251
7,4,0.9205564999593525,0.8266704222851251
7,4,0.8697485360892019,0.8465754941160899
7,4,0.8697485360892019,0.8266704222851251
7,4,0.8697485360892019,0.8266704222851251
7,4,0.8697485360892019,0.8465754941160899
7,4,0.8189405722190513,0.8465754941160899
7,4,0.8697485360892019,0.8465754941160899
7,4,0.8189405722190513,0.8664805659470538
7,4,0.8189405722190513,0.8465754941160899
7,4,0.8189405722190513,0.8465754941160899
7,4,0.8189405722190513,0.8664805659470538
7,4,0.7681326083489006,0.8664805659470538
7,4,0.8189405722190513,0.8664805659470538
7,4,0.7681326083489006,0.8863856377780186
7,4,0.7681326083489006,0.8664805659470538
7,4,0.7681326083489006,0.8664805659470538
7,4,0.7681326083489006,0.8863856377780186
7,4,0.71732464447875,0.8863856377780186
8,4,0.17459631931010478,0.727145063130302
8,4,0.17459631931010478,0.7470501349612668
8,4,0.12378835543995415,0.7470501349612668
8,4,0.17459631931010478,0.7470501349612668
8,4,0.12378835543995415,0.7669552067922316
8,4,0.12378835543995415,0.7470501349612668
8,4,0.12378835543995415,0.7470501349612668
8,4,0.12378835543995415,0.7669552067922316
8,4,0.07298039156980352,0.7669552067922316
8,4,0.12378835543995415,0.7669552067922316
8,4,0.07298039156980352,0.7868602786231955
8,4,0.07298039156980352,0.7669552067922316
8,4,0.07298039156980352,0.7669552067922316
8,4,0.07298039156980352,0.7868602786231955
8,4,0.022172427699652886,0.7868602786231955
8,4,0.07298039156980352,0.7868602786231955
8,4,0.022172427699652886,0.8067653504541603
8,4,0.022172427699652886,0.7868602786231955
8,4,0.022172427699652886,0.7868602786231955
8,4,0.022172427699652886,0.8067653504541603
7,4,0.9713644638295031,0.8067653504541603
8,4,0.022172427699652886,0.8067653504541603
7,4,0.9713644638295031,0.8266704222851251
7,4,0.9713644638295031,0.8067653504541603
7,4,0.9713644638295031,0.8067653504541603
7,4,0.9713644638295031,0.8266704222851251
7,4,0.9205564999593525,0.8266704222851251
7,4,0.9713644638295031,0.8266704222851251
7,4,0.9205564999593525,0.8465754941160899
7,4,0.9205564999593525,0.8266704222851251
7,4,0.9205564999593525,0.8266704222851251
7,4,0.9205564999593525,0.8465754941160899
7,4,0.8697485360892019,0.8465754941160899
7,4,0.9205564999593525,0.8465754941160899
7,4,0.8697485360892019,0.8664805659470538
7,4,0.8697485360892019,0.8465754941160899
7,4,0.8697485360892019,0.8465754941160899
7,4,0.8697485360892019,0.8664805659470538
7,4,0.8189405722190513,0.8664805659470538
7,4,0.8697485360892019,0.8664805659470538
7,4,0.8189405722190513,0.8863856377780186
7,4,0.8189405722190513,0.8664805659470538
7,4,0.8189405722190513,0.8664805659470538
7,4,0.8189405722190513,0.8863856377780186
7,4,0.7681326083489006,0.8863856377780186
8,4,0.17459631931010478,0.7470501349612668
8,4,0.17459631931010478,0.7669552067922316
8,4,0.12378835543995415,0.7669552067922316
8,4,0.17459631931010478,0.7669552067922316
8,4,0.12378835543995415,0.7868602786231955
8,4,0.12378835543995415,0.7669552067922316
8,4,0.12378835543995415,0.7669552067922316
8,4,0.12378835543995415,0.7868602786231955
8,4,0.07298039156980352,0.7868602786231955
8,4,0.12378835543995415,0.7868602786231955
8,4,0.07298039156980352,0.8067653504541603
8,4,0.07298039156980352,0.7868602786231955
8,4,0.07298039156980352,0.7868602786231955
8,4,0.07298039156980352,0.8067653504541603
8,4,0.022172427699652886,0.8067653504541603
8,4,0.07298039156980352,0.8067653504541603
8,4,0.022172427699652886,0.8266704222851251
8,4,0.022172427699652886,0.8067653504541603
8,4,0.022172427699652886,0.8067653504541603
8,4,0.022172427699652886,0.8266704222851251
7,4,0.9713644638295031,0.8266704222851251
8,4,0.022172427699652886,0.8266704222851251
7,4,0.9713644638295031,0.8465754941160899
7,4,0.9713644638295031,0.8266704222851251
7,4,0.9713644638295031,0.8266704222851251
7,4,0.9713644638295031,0.8465754941160899
7,4,0.9205564999593525,0.8465754941160899
7,4,0.9713644638295031,0.8465754941160899
7,4,0.9205564999593525,0.8664805659470538
7,4,0.9205564999593525,0.8465754941160899
7,4,0.9205564999593525,0.8465754941160899
7,4,0.9205564999593525,0.8664805659470538
7,4,0.8697485360892019,0.8664805659470538
7,4,0.9205564999593525,0.8664805659470538
7,4,0.8697485360892019,0.8863856377780186
7,4,0.8697485360892019,0.8664805659470538
7,4,0.8697485360892019,0.8664805659470538
7,4,0.8697485360892019,0.8863856377780186
7,4,0.8189405722190513,0.8863856377780186
8,4,0.17459631931010478,0.7669552067922316
8,4,0.17459631931010478,0.7868602786231955
8,4,0.12378835543995415,0.7868602786231955
8,4,0.17459631931010478,0.7868602786231955
8,4,0.12378835543995415,0.8067653504541603
8,4,0.12378835543995415,0.7868602786231955
8,4,0.12378835543995415,0.7868602786231955
8,4,0.12378835543995415,0.8067653504541603
8,4,0.07298039156980352,0.8067653504541603
8,4,0.12378835543995415,0.8067653504541603
8,4,0.07298039156980352,0.8266704222851251
8,4,0.07298039156980352,0.8067653504541603
8,4,0.07298039156980352,0.8067653504541603
8,4,0.07298039156980352,0.8266704222851251
8,4,0.022172427699652886,0.8266704222851251
8,4,0.07298039156980352,0.8266704222851251
8,4,0.022172427699652886,0.8465754941160899
8,4,0.022172427699652886,0.8266704222851251
8,4,0.022172427699652886,0.8266704222851251
8,4,0.022172427699652886,0.8465754941160899
7,4,0.9713644638295031,0.8465754941160899
8,4,0.022172427699652886,0.8465754941160899
7,4,0.9713644638295031,0.8664805659470538
7,4,0.9713644638295031,0.8465754941160899
7,4,0.9713644638295031,0.8465754941160899
7,4,0.9713644638295031,0.8664805659470538
7,4,0.9205564999593525,0.8664805659470538
7,4,0.9713644638295031,0.8664805659470538
7,4,0.9205564999593525,0.8863856377780186
7,4,0.9205564999593525,0.8664805659470538
7,4,0.9205564999593525,0.8664805659470538
7,4,0.9205564999593525,0.8863856377780186
7,4,0.8697485360892019,0.8863856377780186
8,4,0.17459631931010478,0.7868602786231955
8,4,0.17459631931010478,0.8067653504541603
8,4,0.12378835543995415,0.8067653504541603
8,4,0.17459631931010478,0.8067653504541603
8,4,0.12378835543995415,0.8266704222851251
8,4,0.12378835543995415,0.8067653504541603
8,4,0.12378835543995415,0.8067653504541603
8,4,0.12378835543995415,0.8266704222851251
8,4,0.07298039156980352,0.8266704222851251
8,4,0.12378835543995415,0.8266704222851251
8,4,0.07298039156980352,0.8465754941160899
8,4,0.07298039156980352,0.8266704222851251
8,4,0.07298039156980352,0.8266704222851251
8,4,0.07298039156980352,0.8465754941160899
8,4,0.022172427699652886,0.8465754941160899
8,4,0.07298039156980352,0.8465754941160899
8,4,0.022172427699652886,0.8664805659470538
8,4,0.022172427699652886,0.8465754941160899
8,4,0.022172427699652886,0.8465754941160899
8,4,0.022172427699652886,0.8664805659470538
7,4,0.9713644638295031,0.8664805659470538
8,4,0.022172427699652886,0.8664805659470538
7,4,0.9713644638295031,0.8863856377780186
7,4,0.9713644638295031,0.8664805659470538
7,4,0.9713644638295031,0.8664805659470538
7,4,0.9713644638295031,0.8863856377780186
7,4,0.9205564999593525,0.8863856377780186
8,4,0.17459631931010478,0.8067653504541603
8,4,0.17459631931010478,0.8266704222851251
8,4,0.12378835543995415,0.8266704222851251
8,4,0.17459631931010478,0.8266704222851251
8,4,0.12378835543995415,0.8465754941160899
8,4,0.12378835543995415,0.8266704222851251
8,4,0.12378835543995415,0.8266704222851251
8,4,0.12378835543995415,0.8465754941160899
8,4,0.07298039156980352,0.8465754941160899
8,4,0.12378835543995415,0.8465754941160899
8,4,0.07298039156980352,0.8664805659470538
8,4,0.07298039156980352,0.8465754941160899
8,4,0.07298039156980352,0.8465754941160899
8,4,0.07298039156980352,0.8664805659470538
8,4,0.022172427699652886,0.8664805659470538
8,4,0.07298039156980352,0.8664805659470538
8,4,0.022172427699652886,0.8863856377780186
8,4,0.022172427699652886,0.8664805659470538
8,4,0.022172427699652886,0.8664805659470538
8,4,0.022172427699652886,0.8863856377780186
7,4,0.9713644638295031,0.8863856377780186
8,4,0.17459631931010478,0.8266704222851251
8,4,0.17459631931010478,0.8465754941160899
8,4,0.12378835543995415,0.8465754941160899
8,4,0.17459631931010478,0.8465754941160899
8,4,0.12378835543995415,0.8664805659470538
8,4,0.12378835543995415,0.8465754941160899
8,4,0.12378835543995415,0.8465754941160899
8,4,0.12378835543995415,0.8664805659470538
8,4,0.07298039156980352,0.8664805659470538
8,4,0.12378835543995415,0.8664805659470538
8,4,0.07298039156980352,0.8863856377780186
8,4,0.07298039156980352,0.8664805659470538
8,4,0.07298039156980352,0.8664805659470538
8,4,0.07298039156980352,0.8863856377780186
8,4,0.022172427699652886,0.8863856377780186
8,4,0.17459631931010478,0.8465754941160899
8,4,0.17459631931010478,0.8664805659470538
8,4,0.12378835543995415,0.8664805659470538
8,4,0.17459631931010478,0.8664805659470538
8,4,0.12378835543995415,0.8863856377780186
8,4,0.12378835543995415,0.8664805659470538
8,4,0.12378835543995415,0.8664805659470538
8,4,0.12378835543995415,0.8863856377780186
8,4,0.07298039156980352,0.8863856377780186
8,4,0.17459631931010478,0.8664805659470538
8,4,0.17459631931010478,0.8863856377780186
8,4,0.12378835543995415,0.8863856377780186
7,4,0.71732464447875,0.8863856377780186
7,4,0.71732464447875,0.8664805659470538
7,4,0.7681326083489006,0.8664805659470538
7,4,0.71732464447875,0.8664805659470538
7,4,0.7681326083489006,0.8465754941160899
7,4,0.7681326083489006,0.8664805659470538
7,4,0.7681326083489006,0.8664805659470538
7,4,0.7681326083489006,0.8465754941160899
7,4,0.8189405722190513,0.8465754941160899
7,4,0.7681326083489006,0.8465754941160899
7,4,0.8189405722190513,0.8266704222851251
7,4,0.8189405722190513,0.8465754941160899
7,4,0.8189405722190513,0.8465754941160899
7,4,0.8189405722190513,0.8266704222851251
7,4,0.8697485360892019,0.8266704222851251
7,4,0.8189405722190513,0.8266704222851251
7,4,0.8697485360892019,0.8067653504541603
7,4,0.8697485360892019,0.8266704222851251
7,4,0.8697485360892019,0.8266704222851251
7,4,0.8697485360892019,0.8067653504541603
7,4,0.9205564999593525,0.8067653504541603
7,4,0.8697485360892019,0.8067653504541603
7,4,0.9205564999593525,0.7868602786231955
7,4,0.9205564999593525,0.8067653504541603
7,4,0.9205564999593525,0.8067653504541603
7,4,0.9205564999593525,0.7868602786231955
7,4,0.9713644638295031,0.7868602786231955
7,4,0.9205564999593525,0.7868602786231955
7,4,0.9713644638295031,0.7669552067922316
7,4,0.9713644638295031,0.7868602786231955
7,4,0.9713644638295031,0.7868602786231955
7,4,0.9713644638295031,0.7669552067922316
8,4,0.022172427699652886,0.7669552067922316
7,4,0.9713644638295031,0.7669552067922316
8,4,0.022172427699652886,0.7470501349612668
8,4,0.022172427699652886,0.7669552067922316
8,4,0.022172427699652886,0.7669552067922316
8,4,0.022172427699652886,0.7470501349612668
8,4,0.07298039156980352,0.7470501349612668
8,4,0.022172427699652886,0.7470501349612668
8,4,0.07298039156980352,0.727145063130302
8,4,0.07298039156980352,0.7470501349612668
8,4,0.07298039156980352,0.7470501349612668
8,4,0.07298039156980352,0.727145063130302
8,4,0.12378835543995415,0.727145063130302
8,4,0.07298039156980352,0.727145063130302
8,4,0.12378835543995415,0.7072399912993372
8,4,0.12378835543995415,0.727145063130302
8,4,0.12378835543995415,0.727145063130302
8,4,0.12378835543995415,0.7072399912993372
8,4,0.17459631931010478,0.7072399912993372
7,4,0.71732464447875,0.8664805659470538
7,4,0.71732464447875,0.8465754941160899
7,4,0.7681326083489006,0.8465754941160899
7,4,0.71732464447875,0.8465754941160899
7,4,0.7681326083489006,0.8266704222851251
7,4,0.7681326083489006,0.8465754941160899
7,4,0.7681326083489006,0.8465754941160899
7,4,0.7681326083489006,0.8266704222851251
7,4,0.8189405722190513,0.8266704222851251
7,4,0.7681326083489006,0.8266704222851251
7,4,0.8189405722190513,0.8067653504541603
7,4,0.8189405722190513,0.8266704222851251
7,4,0.8189405722190513,0.8266704222851251
7,4,0.8189405722190513,0.8067653504541603
7,4,0.8697485360892019,0.8067653504541603
7,4,0.8189405722190513,0.8067653504541603
7,4,0.8697485360892019,0.7868602786231955
7,4,0.8697485360892019,0.8067653504541603
7,4,0.8697485360892019,0.8067653504541603
7,4,0.8697485360892019,0.7868602786231955
7,4,0.9205564999593525,0.7868602786231955
7,4,0.8697485360892019,0.7868602786231955
7,4,0.9205564999593525,0.7669552067922316
7,4,0.9205564999593525,0.7868602786231955
7,4,0.9205564999593525,0.7868602786231955
7,4,0.9205564999593525,0.7669552067922316
7,4,0.9713644638295031,0.7669552067922316
7,4,0.9205564999593525,0.7669552067922316
7,4,0.9713644638295031,0.7470501349612668
7,4,0.9713644638295031,0.7669552067922316
7,4,0.9713644638295031,0.7669552067922316
7,4,0.9713644638295031,0.7470501349612668
8,4,0.022172427699652886,0.7470501349612668
7,4,0.9713644638295031,0.7470501349612668
8,4,0.022172427699652886,0.727145063130302
8,4,0.022172427699652886,0.7470501349612668
8,4,0.022172427699652886,0.7470501349612668
8,4,0.022172427699652886,0.727145063130302
8,4,0.07298039156980352,0.727145063130302
8,4,0.022172427699652886,0.727145063130302
8,4,0.07298039156980352,0.7072399912993372
8,4,0.07298039156980352,0.727145063130302
8,4,0.07298039156980352,0.727145063130302
8,4,0.07298039156980352,0.7072399912993372
8,4,0.12378835543995415,0.7072399912993372
7,4,0.71732464447875,0.8465754941160899
7,4,0.71732464447875,0.8266704222851251
7,4,0.7681326083489006,0.8266704222851251
7,4,0.71732464447875,0.8266704222851251
7,4,0.7681326083489006,0.8067653504541603
7,4,0.7681326083489006,0.8266704222851251
7,4,0.7681326083489006,0.8266704222851251
7,4,0.7681326083489006,0.8067653504541603
7,4,0.8189405722190513,0.8067653504541603
7,4,0.7681326083489006,0.8067653504541603
7,4,0.8189405722190513,0.7868602786231955
7,4,0.8189405722190513,0.8067653504541603
7,4,0.8189405722190513,0.8067653504541603
7,4,0.8189405722190513,0.7868602786231955
7,4,0.8697485360892019,0.7868602786231955
7,4,0.8189405722190513,0.7868602786231955
7,4,0.8697485360892019,0.7669552067922316
7,4,0.8697485360892019,0.7868602786231955
7,4,0.8697485360892019,0.7868602786231955
7,4,0.8697485360892019,0.7669552067922316
7,4,0.9205564999593525,0.7669552067922316
7,4,0.8697485360892019,0.7669552067922316
7,4,0.9205564999593525,0.7470501349612668
7,4,0.9205564999593525,0.7669552067922316
7,4,0.9205564999593525,0.7669552067922316
7,4,0.9205564999593525,0.7470501349612668
7,4,0.9713644638295031,0.7470501349612668
7,4,0.9205564999593525,0.7470501349612668
7,4,0.9713644638295031,0.727145063130302
7,4,0.9713644638295031,0.7470501349612668
7,4,0.9713644638295031,0.7470501349612668
7,4,0.9713644638295031,0.727145063130302
8,4,0.022172427699652886,0.727145063130302
7,4,0.9713644638295031,0.727145063130302
8,4,0.022172427699652886,0.7072399912993372
8,4,0.022172427699652886,0.727145063130302
8,4,0.022172427699652886,0.727145063130302
8,4,0.022172427699652886,0.7072399912993372
8,4,0.07298039156980352,0.7072399912993372
7,4,0.71732464447875,0.8266704222851251
7,4,0.71732464447875,0.8067653504541603
7,4,0.7681326083489006,0.8067653504541603
7,4,0.71732464447875,0.8067653504541603
7,4,0.7681326083489006,0.7868602786231955
7,4,0.7681326083489006,0.8067653504541603
7,4,0.7681326083489006,0.8067653504541603
7,4,0.7681326083489006,0.7868602786231955
7,4,0.8189405722190513,0.7868602786231955
7,4,0.7681326083489006,0.7868602786231955
7,4,0.8189405722190513,0.7669552067922316
7,4,0.8189405722190513,0.7868602786231955
7,4,0.8189405722190513,0.7868602786231955
7,4,0.8189405722190513,0.7669552067922316
7,4,0.8697485360892019,0.7669552067922316
7,4,0.8189405722190513,0.7669552067922316
7,4,0.8697485360892019,0.7470501349612668
7,4,0.8697485360892019,0.7669552067922316
7,4,0.8697485360892019,0.7669552067922316
7,4,0.8697485360892019,0.7470501349612668
7,4,0.9205564999593525,0.7470501349612668
7,4,0.8697485360892019,0.7470501349612668
7,4,0.9205564999593525,0.727145063130302
7,4,0.9205564999593525,0.7470501349612668
7,4,0.9205564999593525,0.7470501349612668
7,4,0.9205564999593525,0.727145063130302
7,4,0.9713644638295031,0.727145063130302
7,4,0.9205564999593525,0.727145063130302
7,4,0.9713644638295031,0.7072399912993372
7,4,0.9713644638295031,0.727145063130302
7,4,0.9713644638295031,0.727145063130302
7,4,0.9713644638295031,0.7072399912993372
8,4,0.022172427699652886,0.7072399912993372
7,4,0.71732464447875,0.8067653504541603
7,4,0.71732464447875,0.7868602786231955
7,4,0.7681326083489006,0.7868602786231955
7,4,0.71732464447875,0.7868602786231955
7,4,0.7681326083489006,0.7669552067922316
7,4,0.7681326083489006,0.7868602786231955
7,4,0.7681326083489006,0.7868602786231955
7,4,0.7681326083489006,0.7669552067922316
7,4,0.8189405722190513,0.7669552067922316
7,4,0.7681326083489006,0.7669552067922316
7,4,0.8189405722190513,0.7470501349612668
7,4,0.8189405722190513,0.7669552067922316
7,4,0.8189405722190513,0.7669552067922316
7,4,0.8189405722190513,0.7470501349612668
7,4,0.8697485360892019,0.7470501349612668
7,4,0.8189405722190513,0.7470501349612668
7,4,0.8697485360892019,0.727145063130302
7,4,0.8697485360892019,0.7470501349612668
7,4,0.8697485360892019,0.7470501349612668
7,4,0.8697485360892019,0.727145063130302
7,4,0.9205564999593525,0.727145063130302
7,4,0.8697485360892019,0.727145063130302
7,4,0.9205564999593525,0.7072399912993372
7,4,0.9205564999593525,0.727145063130302
7,4,0.9205564999593525,0.727145063130302
7,4,0.9205564999593525,0.7072399912993372
7,4,0.9713644638295031,0.7072399912993372
7,4,0.71732464447875,0.7868602786231955
7,4,0.71732464447875,0.7669552067922316
7,4,0.7681326083489006,0.7669552067922316
7,4,0.71732464447875,0.7669552067922316
7,4,0.7681326083489006,0.7470501349612668
7,4,0.7681326083489006,0.7669552067922316
7,4,0.7681326083489006,0.7669552067922316
7,4,0.7681326083489006,0.7470501349612668
7,4,0.8189405722190513,0.7470501349612668
7,4,0.7681326083489006,0.7470501349612668
7,4,0.8189405722190513,0.727145063130302
7,4,0.8189405722190513,0.7470501349612668
7,4,0.8189405722190513,0.7470501349612668
7,4,0.8189405722190513,0.727145063130302
7,4,0.8697485360892019,0.727145063130302
7,4,0.8189405722190513,0.727145063130302
7,4,0.8697485360892019,0.7072399912993372
7,4,0.8697485360892019,0.727145063130302
7,4,0.8697485360892019,0.727145063130302
7,4,0.8697485360892019,0.7072399912993372
7,4,0.9205564999593525,0.7072399912993372
7,4,0.71732464447875,0.7669552067922316
7,4,0.71732464447875,0.7470501349612668
7,4,0.7681326083489006,0.7470501349612668
7,4,0.71732464447875,0.7470501349612668
7,4,0.7681326083489006,0.727145063130302
7,4,0.7681326083489006,0.7470501349612668
7,4,0.7681326083489006,0.7470501349612668
7,4,0.7681326083489006,0.727145063130302
7,4,0.8189405722190513,0.727145063130302
7,4,0.7681326083489006,0.727145063130302
7,4,0.8189405722190513,0.7072399912993372
7,4,0.8189405722190513,0.727145063130302
7,4,0.8189405722190513,0.727145063130302
7,4,0.8189405722190513,0.7072399912993372
7,4,0.8697485360892019,0.7072399912993372
7,4,0.71732464447875,0.7470501349612668
7,4,0.71732464447875,0.727145063130302
7,4,0.7681326083489006,0.727145063130302
7,4,0.71732464447875,0.727145063130302
7,4,0.7681326083489006,0.7072399912993372
7,4,0.7681326083489006,0.727145063130302
7,4,0.7681326083489006,0.727145063130302
7,4,0.7681326083489006,0.7072399912993372
7,4,0.8189405722190513,0.7072399912993372
7,4,0.71732464447875,0.727145063130302
7,4,0.71732464447875,0.7072399912993372
7,4,0.7681326083489006,0.7072399912993372
8,4,0.17459631931010478,0.7072399912993372
8,4,0.12378835543995415,0.7072399912993372
8,4,0.12378835543995415,0.6873259854145886
8,4,0.12378835543995415,0.7072399912993372
8,4,0.07298039156980352,0.6873259854145886
8,4,0.12378835543995415,0.6873259854145886
8,4,0.12378835543995415,0.6873259854145886
8,4,0.07298039156980352,0.6873259854145886
8,4,0.07298039156980352,0.6674119795298399
8,4,0.07298039156980352,0.6873259854145886
8,4,0.022172427699652886,0.6674119795298399
8,4,0.07298039156980352,0.6674119795298399
8,4,0.07298039156980352,0.6674119795298399
8,4,0.022172427699652886,0.6674119795298399
8,4,0.022172427699652886,0.6474979736450912
8,4,0.022172427699652886,0.6674119795298399
7,4,0.9713644638295031,0.6474979736450912
8,4,0.022172427699652886,0.6474979736450912
8,4,0.022172427699652886,0.6474979736450912
7,4,0.9713644638295031,0.6474979736450912
7,4,0.9713644638295031,0.6275839677603425
7,4,0.9713644638295031,0.6474979736450912
7,4,0.9205564999593525,0.6275839677603425
7,4,0.9713644638295031,0.6275839677603425
7,4,0.9713644638295031,0.6275839677603425
7,4,0.9205564999593525,0.6275839677603425
7,4,0.9205564999593525,0.6076699618755939
7,4,0.9205564999593525,0.6275839677603425
7,4,0.8697485360892019,0.6076699618755939
7,4,0.9205564999593525,0.6076699618755939
7,4,0.9205564999593525,0.6076699618755939
7,4,0.8697485360892019,0.6076699618755939
7,4,0.8697485360892019,0.5877559559908452
7,4,0.8697485360892019,0.6076699618755939
7,4,0.8189405722190513,0.5877559559908452
7,4,0.8697485360892019,0.5877559559908452
7,4,0.8697485360892019,0.5877559559908452
7,4,0.8189405722190513,0.5877559559908452
7,4,0.8189405722190513,0.5678419501060965
7,4,0.8189405722190513,0.5877559559908452
7,4,0.7681326083489006,0.5678419501060965
7,4,0.8189405722190513,0.5678419501060965
7,4,0.8189405722190513,0.5678419501060965
7,4,0.7681326083489006,0.5678419501060965
7,4,0.7681326083489006,0.5479279442213478
7,4,0.7681326083489006,0.5678419501060965
7,4,0.71732464447875,0.5479279442213478
7,4,0.7681326083489006,0.5479279442213478
7,4,0.7681326083489006,0.5479279442213478
7,4,0.71732464447875,0.5479279442213478
7,4,0.71732464447875,0.5280139383365992
8,4,0.12378835543995415,0.7072399912993372
8,4,0.07298039156980352,0.7072399912993372
8,4,0.07298039156980352,0.6873259854145886
8,4,0.07298039156980352,0.7072399912993372
8,4,0.022172427699652886,0.6873259854145886
8,4,0.07298039156980352,0.6873259854145886
8,4,0.07298039156980352,0.6873259854145886
8,4,0.022172427699652886,0.6873259854145886
8,4,0.022172427699652886,0.6674119795298399
8,4,0.022172427699652886,0.6873259854145886
7,4,0.9713644638295031,0.6674119795298399
8,4,0.022172427699652886,0.6674119795298399
8,4,0.022172427699652886,0.6674119795298399
7,4,0.9713644638295031,0.6674119795298399
7,4,0.9713644638295031,0.6474979736450912
7,4,0.9713644638295031,0.6674119795298399
7,4,0.9205564999593525,0.6474979736450912
7,4,0.9713644638295031,0.6474979736450912
7,4,0.9713644638295031,0.6474979736450912
7,4,0.9205564999593525,0.6474979736450912
7,4,0.9205564999593525,0.6275839677603425
7,4,0.9205564999593525,0.6474979736450912
7,4,0.8697485360892019,0.6275839677603425
7,4,0.9205564999593525,0.6275839677603425
7,4,0.9205564999593525,0.6275839677603425
7,4,0.8697485360892019,0.6275839677603425
7,4,0.8697485360892019,0.6076699618755939
7,4,0.8697485360892019,0.6275839677603425
7,4,0.8189405722190513,0.6076699618755939
7,4,0.8697485360892019,0.6076699618755939
7,4,0.8697485360892019,0.6076699618755939
7,4,0.8189405722190513,0.6076699618755939
7,4,0.8189405722190513,0.5877559559908452
7,4,0.8189405722190513,0.6076699618755939
7,4,0.7681326083489006,0.5877559559908452
7,4,0.8189405722190513,0.5877559559908452
7,4,0.8189405722190513,0.5877559559908452
7,4,0.7681326083489006,0.5877559559908452
7,4,0.7681326083489006,0.5678419501060965
7,4,0.7681326083489006,0.5877559559908452
7,4,0.71732464447875,0.5678419501060965
7,4,0.7681326083489006,0.5678419501060965
7,4,0.7681326083489006,0.5678419501060965
7,4,0.71732464447875,0.5678419501060965
7,4,0.71732464447875,0.5479279442213478
8,4,0.07298039156980352,0.7072399912993372
8,4,0.022172427699652886,0.7072399912993372
8,4,0.022172427699652886,0.6873259854145886
8,4,0.022172427699652886,0.7072399912993372
7,4,0.9713644638295031,0.6873259854145886
8,4,0.022172427699652886,0.6873259854145886
8,4,0.022172427699652886,0.6873259854145886
7,4,0.9713644638295031,0.6873259854145886
7,4,0.9713644638295031,0.6674119795298399
7,4,0.9713644638295031,0.6873259854145886
7,4,0.9205564999593525,0.6674119795298399
7,4,0.9713644638295031,0.6674119795298399
7,4,0.9713644638295031,0.6674119795298399
7,4,0.9205564999593525,0.6674119795298399
7,4,0.9205564999593525,0.6474979736450912
7,4,0.9205564999593525,0.6674119795298399
7,4,0.8697485360892019,0.6474979736450912
7,4,0.9205564999593525,0.6474979736450912
7,4,0.9205564999593525,0.6474979736450912
7,4,0.8697485360892019,0.6474979736450912
7,4,0.8697485360892019,0.6275839677603425
7,4,0.8697485360892019,0.6474979736450912
7,4,0.8189405722190513,0.6275839677603425
7,4,0.8697485360892019,0.6275839677603425
7,4,0.8697485360892019,0.6275839677603425
7,4,0.8189405722190513,0.6275839677603425
7,4,0.8189405722190513,0.6076699618755939
7,4,0.8189405722190513,0.6275839677603425
7,4,0.7681326083489006,0.6076699618755939
7,4,0.8189405722190513,0.6076699618755939
7,4,0.8189405722190513,0.6076699618755939
7,4,0.7681326083489006,0.6076699618755939
7,4,0.7681326083489006,0.5877559559908452
7,4,0.7681326083489006,0.6076699618755939
7,4,0.71732464447875,0.5877559559908452
7,4,0.7681326083489006,0.5877559559908452
7,4,0.7681326083489006,0.5877559559908452
7,4,0.71732464447875,0.5877559559908452
7,4,0.71732464447875,0.5678419501060965
8,4,0.022172427699652886,0.7072399912993372
7,4,0.9713644638295031,0.7072399912993372
7,4,0.9713644638295031,0.6873259854145886
7,4,0.9713644638295031,0.7072399912993372
7,4,0.9205564999593525,0.6873259854145886
7,4,0.9713644638295031,0.6873259854145886
7,4,0.9713644638295031,0.6873259854145886
7,4,0.9205564999593525,0.6873259854145886
7,4,0.9205564999593525,0.6674119795298399
7,4,0.9205564999593525,0.6873259854145886
7,4,0.8697485360892019,0.6674119795298399
7,4,0.9205564999593525,0.6674119795298399
7,4,0.9205564999593525,0.6674119795298399
7,4,0.8697485360892019,0.6674119795298399
7,4,0.8697485360892019,0.6474979736450912
7,4,0.8697485360892019,0.6674119795298399
7,4,0.8189405722190513,0.6474979736450912
7,4,0.8697485360892019,0.6474979736450912
7,4,0.8697485360892019,0.6474979736450912
7,4,0.8189405722190513,0.6474979736450912
7,4,0.8189405722190513,0.6275839677603425
7,4,0.8189405722190513,0.6474979736450912
7,4,0.7681326083489006,0.6275839677603425
7,4,0.8189405722190513,0.6275839677603425
7,4,0.8189405722190513,0.6275839677603425
7,4,0.7681326083489006,0.6275839677603425
7,4,0.7681326083489006,0.6076699618755939
7,4,0.7681326083489006,0.6275839677603425
7,4,0.71732464447875,0.6076699618755939
7,4,0.7681326083489006,0.6076699618755939
7,4,0.7681326083489006,0.6076699618755939
7,4,0.71732464447875,0.6076699618755939
7,4,0.71732464447875,0.5877559559908452
7,4,0.9713644638295031,0.7072399912993372
7,4,0.9205564999593525,0.7072399912993372
7,4,0.9205564999593525,0.6873259854145886
7,4,0.9205564999593525,0.7072399912993372
7,4,0.8697485360892019,0.6873259854145886
7,4,0.9205564999593525,0.6873259854145886
7,4,0.9205564999593525,0.6873259854145886
7,4,0.8697485360892019,0.6873259854145886
7,4,0.8697485360892019,0.6674119795298399
7,4,0.8697485360892019,0.6873259854145886
7,4,0.8189405722190513,0.6674119795298399
7,4,0.8697485360892019,0.6674119795298399
7,4,0.8697485360892019,0.6674119795298399
7,4,0.8189405722190513,0.6674119795298399
7,4,0.8189405722190513,0.6474979736450912
7,4,0.8189405722190513,0.6674119795298399
7,4,0.7681326083489006,0.6474979736450912
7,4,0.8189405722190513,0.6474979736450912
7,4,0.8189405722190513,0.6474979736450912
7,4,0.7681326083489006,0.6474979736450912
7,4,0.7681326083489006,0.6275839677603425
7,4,0.7681326083489006,0.6474979736450912
7,4,0.71732464447875,0.6275839677603425
7,4,0.7681326083489006,0.6275839677603425
7,4,0.7681326083489006,0.6275839677603425
7,4,0.71732464447875,0.6275839677603425
7,4,0.71732464447875,0.6076699618755939
7,4,0.9205564999593525,0.7072399912993372
7,4,0.8697485360892019,0.7072399912993372
7,4,0.8697485360892019,0.6873259854145886
7,4,0.8697485360892019,0.7072399912993372
7,4,0.8189405722190513,0.6873259854145886
7,4,0.8697485360892019,0.6873259854145886
7,4,0.8697485360892019,0.6873259854145886
7,4,0.8189405722190513,0.6873259854145886
7,4,0.8189405722190513,0.6674119795298399
7,4,0.8189405722190513,0.6873259854145886
7,4,0.7681326083489006,0.6674119795298399
7,4,0.8189405722190513,0.6674119795298399
7,4,0.8189405722190513,0.6674119795298399
7,4,0.7681326083489006,0.6674119795298399
7,4,0.7681326083489006,0.6474979736450912
7,4,0.7681326083489006,0.6674119795298399
7,4,0.71732464447875,0.6474979736450912
7,4,0.7681326083489006,0.6474979736450912
7,4,0.7681326083489006,0.6474979736450912
7,4,0.71732464447875,0.6474979736450912
7,4,0.71732464447875,0.6275839677603425
7,4,0.8697485360892019,0.7072399912993372
7,4,0.8189405722190513,0.7072399912993372
7,4,0.8189405722190513,0.6873259854145886
7,4,0.8189405722190513,0.7072399912993372
7,4,0.7681326083489006,0.6873259854145886
7,4,0.8189405722190513,0.6873259854145886
7,4,0.8189405722190513,0.6873259854145886
7,4,0.7681326083489006,0.6873259854145886
7,4,0.7681326083489006,0.6674119795298399
7,4,0.7681326083489006,0.6873259854145886
7,4,0.71732464447875,0.6674119795298399
7,4,0.7681326083489006,0.6674119795298399
7,4,0.7681326083489006,0.6674119795298399
7,4,0.71732464447875,0.6674119795298399
7,4,0.71732464447875,0.6474979736450912
7,4,0.8189405722190513,0.7072399912993372
7,4,0.7681326083489006,0.7072399912993372
7,4,0.7681326083489006,0.6873259854145886
7,4,0.7681326083489006,0.7072399912993372
7,4,0.71732464447875,0.6873259854145886
7,4,0.7681326083489006,0.6873259854145886
7,4,0.7681326083489006,0.6873259854145886
7,4,0.71732464447875,0.6873259854145886
7,4,0.71732464447875,0.6674119795298399
7,4,0.7681326083489006,0.7072399912993372
7,4,0.71732464447875,0.7072399912993372
7,4,0.71732464447875,0.6873259854145886
7,4,0.71732464447875,0.5280139383365992
7,4,0.7681326083489006,0.5280139383366
7,4,0.7681326083489006,0.5479279442213478
7,4,0.7681326083489006,0.5280139383366
7,4,0.8189405722190513,0.5479279442213478
7,4,0.7681326083489006,0.5479279442213478
7,4,0.7681326083489006,0.5479279442213478
7,4,0.8189405722190513,0.5479279442213478
7,4,0.8189405722190513,0.5678419501060965
7,4,0.8189405722190513,0.5479279442213478
7,4,0.8697485360892019,0.5678419501060965
7,4,0.8189405722190513,0.5678419501060965
7,4,0.8189405722190513,0.5678419501060965
7,4,0.8697485360892019,0.5678419501060965
7,4,0.8697485360892019,0.5877559559908452
7,4,0.8697485360892019,0.5678419501060965
7,4,0.9205564999593525,0.5877559559908452
7,4,0.8697485360892019,0.5877559559908452
7,4,0.8697485360892019,0.5877559559908452
7,4,0.9205564999593525,0.5877559559908452
7,4,0.9205564999593525,0.6076699618755939
7,4,0.9205564999593525,0.5877559559908452
7,4,0.9713644638295031,0.6076699618755939
7,4,0.9205564999593525,0.6076699618755939
7,4,0.9205564999593525,0.6076699618755939
7,4,0.9713644638295031,0.6076699618755939
7,4,0.9713644638295031,0.6275839677603425
7,4,0.9713644638295031,0.6076699618755939
8,4,0.022172427699652886,0.6275839677603425
7,4,0.9713644638295031,0.6275839677603425
7,4,0.9713644638295031,0.6275839677603425
8,4,0.022172427699652886,0.6275839677603425
8,4,0.022172427699652886,0.6474979736450912
8,4,0.022172427699652886,0.6275839677603425
8,4,0.07298039156980352,0.6474979736450912
8,4,0.022172427699652886,0.6474979736450912
8,4,0.022172427699652886,0.6474979736450912
8,4,0.07298039156980352,0.6474979736450912
8,4,0.07298039156980352,0.6674119795298399
8,4,0.07298039156980352,0.6474979736450912
8,4,0.12378835543995415,0.6674119795298399
8,4,0.07298039156980352,0.6674119795298399
8,4,0.07298039156980352,0.6674119795298399
8,4,0.12378835543995415,0.6674119795298399
8,4,0.12378835543995415,0.6873259854145886
8,4,0.12378835543995415,0.6674119795298399
8,4,0.17459631931010478,0.6873259854145886
8,4,0.12378835543995415,0.6873259854145886
8,4,0.12378835543995415,0.6873259854145886
8,4,0.17459631931010478,0.6873259854145886
8,4,0.17459631931010478,0.7072399912993372
7,4,0.7681326083489006,0.5280139383366
7,4,0.8189405722190513,0.5280139383365992
7,4,0.8189405722190513,0.5479279442213478
7,4,0.8189405722190513,0.5280139383365992
7,4,0.8697485360892019,0.5479279442213478
7,4,0.8189405722190513,0.5479279442213478
7,4,0.8189405722190513,0.5479279442213478
7,4,0.8697485360892019,0.5479279442213478
7,4,0.8697485360892019,0.5678419501060965
7,4,0.8697485360892019,0.5479279442213478
7,4,0.9205564999593525,0.5678419501060965
7,4,0.8697485360892019,0.5678419501060965
7,4,0.8697485360892019,0.5678419501060965
7,4,0.9205564999593525,0.5678419501060965
7,4,0.9205564999593525,0.5877559559908452
7,4,0.9205564999593525,0.5678419501060965
7,4,0.9713644638295031,0.5877559559908452
7,4,0.9205564999593525,0.5877559559908452
7,4,0.9205564999593525,0.5877559559908452
7,4,0.9713644638295031,0.5877559559908452
7,4,0.9713644638295031,0.6076699618755939
7,4,0.9713644638295031,0.5877559559908452
8,4,0.022172427699652886,0.6076699618755939
7,4,0.9713644638295031,0.6076699618755939
7,4,0.9713644638295031,0.6076699618755939
8,4,0.022172427699652886,0.6076699618755939
8,4,0.022172427699652886,0.6275839677603425
8,4,0.022172427699652886,0.6076699618755939
8,4,0.07298039156980352,0.6275839677603425
8,4,0.022172427699652886,0.6275839677603425
8,4,0.022172427699652886,0.6275839677603425
8,4,0.07298039156980352,0.6275839677603425
8,4,0.07298039156980352,0.6474979736450912
8,4,0.07298039156980352,0.6275839677603425
8,4,0.12378835543995415,0.6474979736450912
8,4,0.07298039156980352,0.6474979736450912
8,4,0.07298039156980352,0.6474979736450912
8,4,0.12378835543995415,0.6474979736450912
8,4,0.12378835543995415,0.6674119795298399
8,4,0.12378835543995415,0.6474979736450912
8,4,0.17459631931010478,0.6674119795298399
8,4,0.12378835543995415,0.6674119795298399
8,4,0.12378835543995415,0.6674119795298399
8,4,0.17459631931010478,0.6674119795298399
8,4,0.17459631931010478,0.6873259854145886
7,4,0.8189405722190513,0.5280139383365992
7,4,0.8697485360892019,0.5280139383365992
7,4,0.8697485360892019,0.5479279442213478
7,4,0.8697485360892019,0.5280139383365992
7,4,0.9205564999593525,0.5479279442213478
7,4,0.8697485360892019,0.5479279442213478
7,4,0.8697485360892019,0.5479279442213478
7,4,0.9205564999593525,0.5479279442213478
7,4,0.9205564999593525,0.5678419501060965
7,4,0.9205564999593525,0.5479279442213478
7,4,0.9713644638295031,0.5678419501060965
7,4,0.9205564999593525,0.5678419501060965
7,4,0.9205564999593525,0.5678419501060965
7,4,0.9713644638295031,0.5678419501060965
7,4,0.9713644638295031,0.5877559559908452
7,4,0.9713644638295031,0.5678419501060965
8,4,0.022172427699652886,0.5877559559908452
7,4,0.9713644638295031,0.5877559559908452
7,4,0.9713644638295031,0.5877559559908452
8,4,0.022172427699652886,0.5877559559908452
8,4,0.022172427699652886,0.6076699618755939
8,4,0.022172427699652886,0.5877559559908452
8,4,0.07298039156980352,0.6076699618755939
8,4,0.022172427699652886,0.6076699618755939
8,4,0.022172427699652886,0.6076699618755939
8,4,0.07298039156980352,0.6076699618755939
8,4,0.07298039156980352,0.6275839677603425
8,4,0.07298039156980352,0.6076699618755939
8,4,0.12378835543995415,0.6275839677603425
8,4,0.07298039156980352,0.6275839677603425
8,4,0.07298039156980352,0.6275839677603425
8,4,0.12378835543995415,0.6275839677603425
8,4,0.12378835543995415,0.6474979736450912
8,4,0.12378835543995415,0.6275839677603425
8,4,0.17459631931010478,0.6474979736450912
8,4,0.12378835543995415,0.6474979736450912
8,4,0.12378835543995415,0.6474979736450912
8,4,0.17459631931010478,0.6474979736450912
8,4,0.17459631931010478,0.6674119795298399
7,4,0.8697485360892019,0.5280139383365992
7,4,0.9205564999593525,0.5280139383365992
7,4,0.9205564999593525,0.5479279442213478
7,4,0.9205564999593525,0.5280139383365992
7,4,0.9713644638295031,0.5479279442213478
7,4,0.9205564999593525,0.5479279442213478
7,4,0.9205564999593525,0.5479279442213478
7,4,0.9713644638295031,0.5479279442213478
7,4,0.9713644638295031,0.5678419501060965
7,4,0.9713644638295031,0.5479279442213478
8,4,0.022172427699652886,0.5678419501060965
7,4,0.9713644638295031,0.5678419501060965
7,4,0.9713644638295031,0.5678419501060965
8,4,0.022172427699652886,0.5678419501060965
8,4,0.022172427699652886,0.5877559559908452
8,4,0.022172427699652886,0.5678419501060965
8,4,0.07298039156980352,0.5877559559908452
8,4,0.022172427699652886,0.5877559559908452
8,4,0.022172427699652886,0.5877559559908452
8,4,0.07298039156980352,0.5877559559908452
8,4,0.07298039156980352,0.6076699618755939
8,4,0.07298039156980352,0.5877559559908452
8,4,0.12378835543995415,0.6076699618755939
8,4,0.07298039156980352,0.6076699618755939
8,4,0.07298039156980352,0.6076699618755939
8,4,0.12378835543995415,0.6076699618755939
8,4,0.12378835543995415,0.6275839677603425
8,4,0.12378835543995415,0.6076699618755939
8,4,0.17459631931010478,0.6275839677603425
8,4,0.12378835543995415,0.6275839677603425
8,4,0.12378835543995415,0.6275839677603425
8,4,0.17459631931010478,0.6275839677603425
8,4,0.17459631931010478,0.6474979736450912
7,4,0.9205564999593525,0.5280139383365992
7,4,0.9713644638295031,0.5280139383365992
7,4,0.9713644638295031,0.5479279442213478
7,4,0.9713644638295031,0.5280139383365992
8,4,0.022172427699652886,0.5479279442213478
7,4,0.9713644638295031,0.5479279442213478
7,4,0.9713644638295031,0.5479279442213478
8,4,0.022172427699652886,0.5479279442213478
8,4,0.022172427699652886,0.5678419501060965
8,4,0.022172427699652886,0.5479279442213478
8,4,0.07298039156980352,0.5678419501060965
8,4,0.022172427699652886,0.5678419501060965
8,4,0.022172427699652886,0.5678419501060965
8,4,0.07298039156980352,0.5678419501060965
8,4,0.07298039156980352,0.5877559559908452
8,4,0.07298039156980352,0.5678419501060965
8,4,0.12378835543995415,0.5877559559908452
8,4,0.07298039156980352,0.5877559559908452
8,4,0.07298039156980352,0.5877559559908452
8,4,0.12378835543995415,0.5877559559908452
8,4,0.12378835543995415,0.6076699618755939
8,4,0.12378835543995415,0.5877559559908452
8,4,0.17459631931010478,0.6076699618755939
8,4,0.12378835543995415,0.6076699618755939
8,4,0.12378835543995415,0.6076699618755939
8,4,0.17459631931010478,0.6076699618755939
8,4,0.17459631931010478,0.6275839677603425
7,4,0.9713644638295031,0.5280139383365992
8,4,0.022172427699652886,0.5280139383365992
8,4,0.022172427699652886,0.5479279442213478
8,4,0.022172427699652886,0.5280139383365992
8,4,0.07298039156980352,0.5479279442213478
8,4,0.022172427699652886,0.5479279442213478
8,4,0.022172427699652886,0.5479279442213478
8,4,0.07298039156980352,0.5479279442213478
8,4,0.07298039156980352,0.5678419501060965
8,4,0.07298039156980352,0.5479279442213478
8,4,0.12378835543995415,0.5678419501060965
8,4,0.07298039156980352,0.5678419501060965
8,4,0.07298039156980352,0.5678419501060965
8,4,0.12378835543995415,0.5678419501060965
8,4,0.12378835543995415,0.5877559559908452
8,4,0.12378835543995415,0.5678419501060965
8,4,0.17459631931010478,0.5877559559908452
8,4,0.12378835543995415,0.5877559559908452
8,4,0.12378835543995415,0.5877559559908452
8,4,0.17459631931010478,0.5877559559908452
8,4,0.17459631931010478,0.6076699618755939
8,4,0.022172427699652886,0.5280139383365992
8,4,0.07298039156980352,0.5280139383365992
8,4,0.07298039156980352,0.5479279442213478
8,4,0.07298039156980352,0.5280139383365992
8,4,0.12378835543995415,0.5479279442213478
8,4,0.07298039156980352,0.5479279442213478
8,4,0.07298039156980352,0.5479279442213478
8,4,0.12378835543995415,0.5479279442213478
8,4,0.12378835543995415,0.5678419501060965
8,4,0.12378835543995415,0.5479279442213478
8,4,0.17459631931010478,0.5678419501060965
8,4,0.12378835543995415,0.5678419501060965
8,4,0.12378835543995415,0.5678419501060965
8,4,0.17459631931010478,0.5678419501060965
8,4,0.17459631931010478,0.5877559559908452
8,4,0.07298039156980352,0.5280139383365992
8,4,0.12378835543995415,0.5280139383365992
8,4,0.12378835543995415,0.5479279442213478
8,4,0.12378835543995415,0.5280139383365992
8,4,0.17459631931010478,0.5479279442213478
8,4,0.12378835543995415,0.5479279442213478
8,4,0.12378835543995415,0.5479279442213478
8,4,0.17459631931010478,0.5479279442213478
8,4,0.17459631931010478,0.5678419501060965
8,4,0.12378835543995415,0.5280139383365992
8,4,0.17459631931010478,0.5280139383365992
8,4,0.17459631931010478,0.5479279442213478
7,4,0.8499999999999996,0.21999999999999975
7,4,0.7061698674840517,0.061502184465511256
7,4,0.7061698674840517,0.37849781553448825
7,4,0.9938301325159475,0.061502184465511256
7,4,0.9938301325159475,0.37849781553448825
7,4,0.6531393164505914,0.34580953479337406
7,4,0.6531393164505914,0.3195276454030678
7,4,0.693799942746046,0.3195276454030678
7,4,0.6531393164505914,0.3195276454030678
7,4,0.693799942746046,0.2932457560127615
7,4,0.693799942746046,0.3195276454030678
7,4,0.693799942746046,0.3195276454030678
7,4,0.693799942746046,0.2932457560127615
7,4,0.7344605690415005,0.2932457560127606
7,4,0.693799942746046,0.2932457560127615
7,4,0.7344605690415005,0.2669638666224543
7,4,0.7344605690415005,0.2932457560127606
7,4,0.7344605690415005,0.2932457560127606
7,4,0.7344605690415005,0.2669638666224543
7,4,0.775121195336955,0.2669638666224543
7,4,0.7344605690415005,0.2669638666224543
7,4,0.775121195336955,0.24068197723214801
7,4,0.775121195336955,0.2669638666224543
7,4,0.775121195336955,0.2669638666224543
7,4,0.775121195336955,0.24068197723214801
7,4,0.8157818216324104,0.24068197723214801
7,4,0.775121195336955,0.24068197723214801
7,4,0.8157818216324104,0.21440008784184172
7,4,0.8157818216324104,0.24068197723214801
7,4,0.8157818216324104,0.24068197723214801
7,4,0.8157818216324104,0.21440008784184172
7,4,0.856442447927865,0.21440008784184172
7,4,0.6531393164505914,0.3195276454030678
7,4,0.6531393164505914,0.2932457560127606
7,4,0.693799942746046,0.2932457560127615
7,4,0.6531393164505914,0.2932457560127606
7,4,0.693799942746046,0.2669638666224543
7,4,0.693799942746046,0.2932457560127615
7,4,0.693799942746046,0.2932457560127615
7,4,0.693799942746046,0.2669638666224543
7,4,0.7344605690415005,0.2669638666224543
7,4,0.693799942746046,0.2669638666224543
7,4,0.7344605690415005,0.24068197723214801
7,4,0.7344605690415005,0.2669638666224543
7,4,0.7344605690415005,0.2669638666224543
7,4,0.7344605690415005,0.24068197723214801
7,4,0.775121195336955,0.24068197723214801
7,4,0.7344605690415005,0.24068197723214801
7,4,0.775121195336955,0.21440008784184172
7,4,0.775121195336955,0.24068197723214801
7,4,0.775121195336955,0.24068197723214801
7,4,0.775121195336955,0.21440008784184172
7,4,0.8157818216324104,0.21440008784184172
7,4,0.6531393164505914,0.2932457560127606
7,4,0.6531393164505914,0.2669638666224543
7,4,0.693799942746046,0.2669638666224543
7,4,0.6531393164505914,0.2669638666224543
7,4,0.693799942746046,0.24068197723214801
7,4,0.693799942746046,0.2669638666224543
7,4,0.693799942746046,0.2669638666224543
7,4,0.693799942746046,0.24068197723214801
7,4,0.7344605690415005,0.24068197723214801
7,4,0.693799942746046,0.24068197723214801
7,4,0.7344605690415005,0.21440008784184172
7,4,0.7344605690415005,0.24068197723214801
7,4,0.7344605690415005,0.24068197723214801
7,4,0.7344605690415005,0.21440008784184172
7,4,0.775121195336955,0.21440008784184172
7,4,0.6531393164505914,0.2669638666224543
7,4,0.6531393164505914,0.24068197723214801
7,4,0.693799942746046,0.24068197723214801
7,4,0.6531393164505914,0.24068197723214801
7,4,0.693799942746046,0.21440008784184172
7,4,0.693799942746046,0.24068197723214801
7,4,0.693799942746046,0.24068197723214801
7,4,0.693799942746046,0.21440008784184172
7,4,0.7344605690415005,0.21440008784184172
7,4,0.6531393164505914,0.24068197723214801
7,4,0.6531393164505914,0.21440008784184172
7,4,0.693799942746046,0.21440008784184172
7,4,0.856442447927865,0.21440008784184172
7,4,0.856442447927865,0.24068197723214801
7,4,0.8157818216324104,0.24068197723214801
7,4,0.856442447927865,0.24068197723214801
7,4,0.8157818216324104,0.2669638666224543
7,4,0.8157818216324104,0.24068197723214801
7,4,0.8157818216324104,0.24068197723214801
7,4,0.8157818216324104,0.2669638666224543
7,4,0.775121195336955,0.2669638666224543
7,4,0.8157818216324104,0.2669638666224543
7,4,0.775121195336955,0.2932457560127606
7,4,0.775121195336955,0.2669638666224543
7,4,0.775121195336955,0.2669638666224543
7,4,0.775121195336955,0.2932457560127606
7,4,0.7344605690415005,0.2932457560127606
7,4,0.775121195336955,0.2932457560127606
7,4,0.7344605690415005,0.3195276454030678
7,4,0.7344605690415005,0.2932457560127606
7,4,0.7344605690415005,0.2932457560127606
7,4,0.7344605690415005,0.3195276454030678
7,4,0.693799942746046,0.3195276454030678
7,4,0.7344605690415005,0.3195276454030678
7,4,0.693799942746046,0.34580953479337406
7,4,0.693799942746046,0.3195276454030678
7,4,0.693799942746046,0.3195276454030678
7,4,0.693799942746046,0.34580953479337406
7,4,0.6531393164505914,0.34580953479337406
7,4,0.856442447927865,0.24068197723214801
7,4,0.856442447927865,0.2669638666224543
7,4,0.8157818216324104,0.2669638666224543
7,4,0.856442447927865,0.2669638666224543
7,4,0.8157818216324104,0.2932457560127606
7,4,0.8157818216324104,0.2669638666224543
7,4,0.8157818216324104,0.2669638666224543
7,4,0.8157818216324104,0.2932457560127606
7,4,0.775121195336955,0.2932457560127606
7,4,0.8157818216324104,0.2932457560127606
7,4,0.775121195336955,0.3195276454030678
7,4,0.775121195336955,0.2932457560127606
7,4,0.775121195336955,0.2932457560127606
7,4,0.775121195336955,0.3195276454030678
7,4,0.7344605690415005,0.3195276454030678
7,4,0.775121195336955,0.3195276454030678
7,4,0.7344605690415005,0.34580953479337406
7,4,0.7344605690415005,0.3195276454030678
7,4,0.7344605690415005,0.3195276454030678
7,4,0.7344605690415005,0.34580953479337406
7,4,0.693799942746046,0.34580953479337406
7,4,0.856442447927865,0.2669638666224543
7,4,0.856442447927865,0.2932457560127606
7,4,0.8157818216324104,0.2932457560127606
7,4,0.856442447927865,0.2932457560127606
7,4,0.8157818216324104,0.3195276454030678
7,4,0.8157818216324104,0.2932457560127606
7,4,0.8157818216324104,0.2932457560127606
7,4,0.8157818216324104,0.3195276454030678
7,4,0.775121195336955,0.3195276454030678
7,4,0.8157818216324104,0.3195276454030678
7,4,0.775121195336955,0.34580953479337406
7,4,0.775121195336955,0.3195276454030678
7,4,0.775121195336955,0.3195276454030678
7,4,0.775121195336955,0.34580953479337406
7,4,0.7344605690415005,0.34580953479337406
7,4,0.856442447927865,0.2932457560127606
7,4,0.856442447927865,0.3195276454030678
7,4,0.8157818216324104,0.3195276454030678
7,4,0.856442447927865,0.3195276454030678
7,4,0.8157818216324104,0.34580953479337406
7,4,0.8157818216324104,0.3195276454030678
7,4,0.8157818216324104,0.3195276454030678
7,4,0.8157818216324104,0.34580953479337406
7,4,0.775121195336955,0.34580953479337406
7,4,0.856442447927865,0.3195276454030678
7,4,0.856442447927865,0.34580953479337406
7,4,0.8157818216324104,0.34580953479337406
7,4,0.856442447927865,0.34580953479337406
7,4,0.856442447927865,0.3195276454030678
7,4,0.8971030742233195,0.3195276454030678
7,4,0.856442447927865,0.3195276454030678
7,4,0.8971030742233195,0.2932457560127606
7,4,0.8971030742233195,0.3195276454030678
7,4,0.8971030742233195,0.3195276454030678
7,4,0.8971030742233195,0.2932457560127606
7,4,0.937763700518774,0.2932457560127606
7,4,0.8971030742233195,0.2932457560127606
7,4,0.937763700518774,0.2669638666224543
7,4,0.937763700518774,0.2932457560127606
7,4,0.937763700518774,0.2932457560127606
7,4,0.937763700518774,0.2669638666224543
7,4,0.9784243268142285,0.2669638666224543
7,4,0.937763700518774,0.2669638666224543
7,4,0.9784243268142285,0.24068197723214801
7,4,0.9784243268142285,0.2669638666224543
7,4,0.9784243268142285,0.2669638666224543
7,4,0.9784243268142285,0.24068197723214801
8,4,0.019084953109683056,0.24068197723214801
7,4,0.9784243268142285,0.24068197723214801
8,4,0.019084953109683056,0.21440008784184172
8,4,0.019084953109683056,0.24068197723214801
8,4,0.019084953109683056,0.24068197723214801
8,4,0.019084953109683056,0.21440008784184172
8,4,0.05974557940513847,0.21440008784184172
7,4,0.856442447927865,0.3195276454030678
7,4,0.856442447927865,0.2932457560127606
7,4,0.8971030742233195,0.2932457560127606
7,4,0.856442447927865,0.2932457560127606
7,4,0.8971030742233195,0.2669638666224543
7,4,0.8971030742233195,0.2932457560127606
7,4,0.8971030742233195,0.2932457560127606
7,4,0.8971030742233195,0.2669638666224543
7,4,0.937763700518774,0.2669638666224543
7,4,0.8971030742233195,0.2669638666224543
7,4,0.937763700518774,0.24068197723214801
7,4,0.937763700518774,0.2669638666224543
7,4,0.937763700518774,0.2669638666224543
7,4,0.937763700518774,0.24068197723214801
7,4,0.9784243268142285,0.24068197723214801
7,4,0.937763700518774,0.24068197723214801
7,4,0.9784243268142285,0.21440008784184172
7,4,0.9784243268142285,0.24068197723214801
7,4,0.9784243268142285,0.24068197723214801
7,4,0.9784243268142285,0.21440008784184172
8,4,0.019084953109683056,0.21440008784184172
7,4,0.856442447927865,0.2932457560127606
7,4,0.856442447927865,0.2669638666224543
7,4,0.8971030742233195,0.2669638666224543
7,4,0.856442447927865,0.2669638666224543
7,4,0.8971030742233195,0.24068197723214801
7,4,0.8971030742233195,0.2669638666224543
7,4,0.8971030742233195,0.2669638666224543
7,4,0.8971030742233195,0.24068197723214801
7,4,0.937763700518774,0.24068197723214801
7,4,0.8971030742233195,0.24068197723214801
7,4,0.937763700518774,0.21440008784184172
7,4,0.937763700518774,0.24068197723214801
7,4,0.937763700518774,0.24068197723214801
7,4,0.937763700518774,0.21440008784184172
7,4,0.9784243268142285,0.21440008784184172
7,4,0.856442447927865,0.2669638666224543
7,4,0.856442447927865,0.24068197723214801
7,4,0.8971030742233195,0.24068197723214801
7,4,0.856442447927865,0.24068197723214801
7,4,0.8971030742233195,0.21440008784184172
7,4,0.8971030742233195,0.24068197723214801
7,4,0.8971030742233195,0.24068197723214801
7,4,0.8971030742233195,0.21440008784184172
7,4,0.937763700518774,0.21440008784184172
7,4,0.856442447927865,0.24068197723214801
7,4,0.856442447927865,0.21440008784184172
7,4,0.8971030742233195,0.21440008784184172
8,4,0.05974557940513847,0.21440008784184172
8,4,0.05974557940513847,0.24068197723214801
8,4,0.019084953109683056,0.24068197723214801
8,4,0.05974557940513847,0.24068197723214801
8,4,0.019084953109683056,0.2669638666224543
8,4,0.019084953109683056,0.24068197723214801
8,4,0.019084953109683056,0.24068197723214801
8,4,0.019084953109683056,0.2669638666224543
7,4,0.9784243268142285,0.2669638666224543
8,4,0.019084953109683056,0.2669638666224543
7,4,0.9784243268142285,0.2932457560127606
7,4,0.9784243268142285,0.2669638666224543
7,4,0.9784243268142285,0.2669638666224543
7,4,0.9784243268142285,0.2932457560127606
7,4,0.937763700518774,0.2932457560127606
7,4,0.9784243268142285,0.2932457560127606
7,4,0.937763700518774,0.3195276454030678
7,4,0.937763700518774,0.2932457560127606
7,4,0.937763700518774,0.2932457560127606
7,4,0.937763700518774,0.3195276454030678
7,4,0.8971030742233195,0.3195276454030678
7,4,0.937763700518774,0.3195276454030678
7,4,0.8971030742233195,0.34580953479337406
7,4,0.8971030742233195,0.3195276454030678
7,4,0.8971030742233195,0.3195276454030678
7,4,0.8971030742233195,0.34580953479337406
7,4,0.856442447927865,0.34580953479337406
8,4,0.05974557940513847,0.24068197723214801
8,4,0.05974557940513847,0.2669638666224543
8,4,0.019084953109683056,0.2669638666224543
8,4,0.05974557940513847,0.2669638666224543
8,4,0.019084953109683056,0.2932457560127606
8,4,0.019084953109683056,0.2669638666224543
8,4,0.019084953109683056,0.2669638666224543
8,4,0.019084953109683056,0.2932457560127606
7,4,0.9784243268142285,0.2932457560127606
8,4,0.019084953109683056,0.2932457560127606
7,4,0.9784243268142285,0.3195276454030678
7,4,0.9784243268142285,0.2932457560127606
7,4,0.9784243268142285,0.2932457560127606
7,4,0.9784243268142285,0.3195276454030678
7,4,0.937763700518774,0.3195276454030678
7,4,0.9784243268142285,0.3195276454030678
7,4,0.937763700518774,0.34580953479337406
7,4,0.937763700518774,0.3195276454030678
7,4,0.937763700518774,0.3195276454030678
7,4,0.937763700518774,0.34580953479337406
7,4,0.8971030742233195,0.34580953479337406
8,4,0.05974557940513847,0.2669638666224543
8,4,0.05974557940513847,0.2932457560127606
8,4,0.019084953109683056,0.2932457560127606
8,4,0.05974557940513847,0.2932457560127606
8,4,0.019084953109683056,0.3195276454030678
8,4,0.019084953109683056,0.2932457560127606
8,4,0.019084953109683056,0.2932457560127606
8,4,0.019084953109683056,0.3195276454030678
7,4,0.9784243268142285,0.3195276454030678
8,4,0.019084953109683056,0.3195276454030678
7,4,0.9784243268142285,0.34580953479337406
7,4,0.9784243268142285,0.3195276454030678
7,4,0.9784243268142285,0.3195276454030678
7,4,0.9784243268142285,0.34580953479337406
7,4,0.937763700518774,0.34580953479337406
8,4,0.05974557940513847,0.2932457560127606
8,4,0.05974557940513847,0.3195276454030678
8,4,0.019084953109683056,0.3195276454030678
8,4,0.05974557940513847,0.3195276454030678
8,4,0.019084953109683056,0.34580953479337406
8,4,0.019084953109683056,0.3195276454030678
8,4,0.019084953109683056,0.3195276454030678
8,4,0.019084953109683056,0.34580953479337406
7,4,0.9784243268142285,0.34580953479337406
8,4,0.05974557940513847,0.3195276454030678
8,4,0.05974557940513847,0.34580953479337406
8,4,0.019084953109683056,0.34580953479337406
7,4,0.6531393164505914,0.34580953479337406
7,4,0.693799942746046,0.34580953479337406
7,4,0.693799942746046,0.3721253362990229
7,4,0.693799942746046,0.34580953479337406
7,4,0.7344605690415005,0.3721253362990229
7,4,0.693799942746046,0.3721253362990229
7,4,0.693799942746046,0.3721253362990229
7,4,0.7344605690415005,0.3721253362990229
7,4,0.7344605690415005,0.3984411378046717
7,4,0.7344605690415005,0.3721253362990229
7,4,0.775121195336955,0.3984411378046717
7,4,0.7344605690415005,0.3984411378046717
7,4,0.7344605690415005,0.3984411378046717
7,4,0.775121195336955,0.3984411378046717
7,4,0.775121195336955,0.42475693931031966
7,4,0.775121195336955,0.3984411378046717
7,4,0.8157818216324104,0.42475693931031966
7,4,0.775121195336955,0.42475693931031966
7,4,0.775121195336955,0.42475693931031966
7,4,0.8157818216324104,0.42475693931031966
7,4,0.8157818216324104,0.4510727408159685
7,4,0.8157818216324104,0.42475693931031966
7,4,0.856442447927865,0.4510727408159685
7,4,0.8157818216324104,0.4510727408159685
7,4,0.8157818216324104,0.4510727408159685
7,4,0.856442447927865,0.4510727408159685
7,4,0.856442447927865,0.4773885423216173
7,4,0.693799942746046,0.34580953479337406
7,4,0.7344605690415005,0.34580953479337406
7,4,0.7344605690415005,0.3721253362990229
7,4,0.7344605690415005,0.34580953479337406
7,4,0.775121195336955,0.3721253362990229
7,4,0.7344605690415005,0.3721253362990229
7,4,0.7344605690415005,0.3721253362990229
7,4,0.775121195336955,0.3721253362990229
7,4,0.775121195336955,0.3984411378046717
7,4,0.775121195336955,0.3721253362990229
7,4,0.8157818216324104,0.3984411378046717
7,4,0.775121195336955,0.3984411378046717
7,4,0.775121195336955,0.3984411378046717
7,4,0.8157818216324104,0.3984411378046717
7,4,0.8157818216324104,0.42475693931031966
7,4,0.8157818216324104,0.3984411378046717
7,4,0.856442447927865,0.42475693931031966
7,4,0.8157818216324104,0.42475693931031966
7,4,0.8157818216324104,0.42475693931031966
7,4,0.856442447927865,0.42475693931031966
7,4,0.856442447927865,0.4510727408159685
7,4,0.7344605690415005,0.34580953479337406
7,4,0.775121195336955,0.34580953479337406
7,4,0.775121195336955,0.3721253362990229
7,4,0.775121195336955,0.34580953479337406
7,4,0.8157818216324104,0.3721253362990229
7,4,0.775121195336955,0.3721253362990229
7,4,0.775121195336955,0.3721253362990229
7,4,0.8157818216324104,0.3721253362990229
7,4,0.8157818216324104,0.3984411378046717
7,4,0.8157818216324104,0.3721253362990229
7,4,0.856442447927865,0.3984411378046717
7,4,0.8157818216324104,0.3984411378046717
7,4,0.8157818216324104,0.3984411378046717
7,4,0.856442447927865,0.3984411378046717
7,4,0.856442447927865,0.42475693931031966
7,4,0.775121195336955,0.34580953479337406
7,4,0.8157818216324104,0.34580953479337406
7,4,0.8157818216324104,0.3721253362990229
7,4,0.8157818216324104,0.34580953479337406
7,4,0.856442447927865,0.3721253362990229
7,4,0.8157818216324104,0.3721253362990229
7,4,0.8157818216324104,0.3721253362990229
7,4,0.856442447927865,0.3721253362990229
7,4,0.856442447927865,0.3984411378046717
7,4,0.8157818216324104,0.34580953479337406
7,4,0.856442447927865,0.34580953479337406
7,4,0.856442447927865,0.3721253362990229
7,4,0.856442447927865,0.4773885423216173
7,4,0.8157818216324104,0.4773885423216173
7,4,0.8157818216324104,0.4510727408159685
7,4,0.8157818216324104,0.4773885423216173
7,4,0.775121195336955,0.4510727408159685
7,4,0.8157818216324104,0.4510727408159685
7,4,0.8157818216324104,0.4510727408159685
7,4,0.775121195336955,0.4510727408159685
7,4,0.775121195336955,0.42475693931031966
7,4,0.775121195336955,0.4510727408159685
7,4,0.7344605690415005,0.42475693931031966
7,4,0.775121195336955,0.42475693931031966
7,4,0.775121195336955,0.42475693931031966
7,4,0.7344605690415005,0.42475693931031966
7,4,0.7344605690415005,0.3984411378046717
7,4,0.7344605690415005,0.42475693931031966
7,4,0.693799942746046,0.39844113780467083
7,4,0.7344605690415005,0.3984411378046717
7,4,0.7344605690415005,0.3984411378046717
7,4,0.693799942746046,0.39844113780467083
7,4,0.693799942746046,0.3721253362990229
7,4,0.693799942746046,0.39844113780467083
7,4,0.6531393164505914,0.3721253362990229
7,4,0.693799942746046,0.3721253362990229
7,4,0.693799942746046,0.3721253362990229
7,4,0.6531393164505914,0.3721253362990229
7,4,0.6531393164505914,0.34580953479337406
7,4,0.8157818216324104,0.4773885423216173
7,4,0.775121195336955,0.4773885423216173
7,4,0.775121195336955,0.4510727408159685
7,4,0.775121195336955,0.4773885423216173
7,4,0.7344605690415005,0.4510727408159685
7,4,0.775121195336955,0.4510727408159685
7,4,0.775121195336955,0.4510727408159685
7,4,0.7344605690415005,0.4510727408159685
7,4,0.7344605690415005,0.42475693931031966
7,4,0.7344605690415005,0.4510727408159685
7,4,0.693799942746046,0.42475693931031966
7,4,0.7344605690415005,0.42475693931031966
7,4,0.7344605690415005,0.42475693931031966
7,4,0.693799942746046,0.42475693931031966
7,4,0.693799942746046,0.39844113780467083
7,4,0.693799942746046,0.42475693931031966
7,4,0.6531393164505914,0.3984411378046717
7,4,0.693799942746046,0.39844113780467083
7,4,0.693799942746046,0.39844113780467083
7,4,0.6531393164505914,0.3984411378046717
7,4,0.6531393164505914,0.3721253362990229
7,4,0.775121195336955,0.4773885423216173
7,4,0.7344605690415005,0.4773885423216173
7,4,0.7344605690415005,0.4510727408159685
7,4,0.7344605690415005,0.4773885423216173
7,4,0.693799942746046,0.4510727408159685
7,4,0.7344605690415005,0.4510727408159685
7,4,0.7344605690415005,0.4510727408159685
7,4,0.693799942746046,0.4510727408159685
7,4,0.693799942746046,0.42475693931031966
7,4,0.693799942746046,0.4510727408159685
7,4,0.6531393164505914,0.42475693931031966
7,4,0.693799942746046,0.42475693931031966
7,4,0.693799942746046,0.42475693931031966
7,4,0.6531393164505914,0.42475693931031966
7,4,0.6531393164505914,0.3984411378046717
7,4,0.7344605690415005,0.4773885423216173
7,4,0.693799942746046,0.4773885423216173
7,4,0.693799942746046,0.4510727408159685
7,4,0.693799942746046,0.4773885423216173
7,4,0.6531393164505914,0.4510727408159685
7,4,0.693799942746046,0.4510727408159685
7,4,0.693799942746046,0.4510727408159685
7,4,0.6531393164505914,0.4510727408159685
7,4,0.6531393164505914,0.42475693931031966
7,4,0.693799942746046,0.4773885423216173
7,4,0.6531393164505914,0.4773885423216173
7,4,0.6531393164505914,0.4510727408159685
7,4,0.856442447927865,0.34580953479337406
7,4,0.8971030742233195,0.34580953479337406
7,4,0.8971030742233195,0.3721253362990229
7,4,0.8971030742233195,0.34580953479337406
7,4,0.937763700518774,0.3721253362990229
7,4,0.8971030742233195,0.3721253362990229
7,4,0.8971030742233195,0.3721253362990229
7,4,0.937763700518774,0.3721253362990229
7,4,0.937763700518774,0.3984411378046717
7,4,0.937763700518774,0.3721253362990229
7,4,0.9784243268142285,0.3984411378046717
7,4,0.937763700518774,0.3984411378046717
7,4,0.937763700518774,0.3984411378046717
7,4,0.9784243268142285,0.3984411378046717
7,4,0.9784243268142285,0.42475693931031966
7,4,0.9784243268142285,0.3984411378046717
8,4,0.019084953109683056,0.42475693931031966
7,4,0.9784243268142285,0.42475693931031966
7,4,0.9784243268142285,0.42475693931031966
8,4,0.019084953109683056,0.42475693931031966
8,4,0.019084953109683056,0.4510727408159685
8,4,0.019084953109683056,0.42475693931031966
8,4,0.05974557940513847,0.4510727408159685
8,4,0.019084953109683056,0.4510727408159685
8,4,0.019084953109683056,0.4510727408159685
8,4,0.05974557940513847,0.4510727408159685
8,4,0.05974557940513847,0.4773885423216173
7,4,0.8971030742233195,0.34580953479337406
7,4,0.937763700518774,0.34580953479337406
7,4,0.937763700518774,0.3721253362990229
7,4,0.937763700518774,0.34580953479337406
7,4,0.9784243268142285,0.3721253362990229
7,4,0.937763700518774,0.3721253362990229
7,4,0.937763700518774,0.3721253362990229
7,4,0.9784243268142285,0.3721253362990229
7,4,0.9784243268142285,0.3984411378046717
7,4,0.9784243268142285,0.3721253362990229
8,4,0.019084953109683056,0.3984411378046717
7,4,0.9784243268142285,0.3984411378046717
7,4,0.9784243268142285,0.3984411378046717
8,4,0.019084953109683056,0.3984411378046717
8,4,0.019084953109683056,0.42475693931031966
8,4,0.019084953109683056,0.3984411378046717
8,4,0.05974557940513847,0.42475693931031966
8,4,0.019084953109683056,0.42475693931031966
8,4,0.019084953109683056,0.42475693931031966
8,4,0.05974557940513847,0.42475693931031966
8,4,0.05974557940513847,0.4510727408159685
7,4,0.937763700518774,0.34580953479337406
7,4,0.9784243268142285,0.34580953479337406
7,4,0.9784243268142285,0.3721253362990229
7,4,0.9784243268142285,0.34580953479337406
8,4,0.019084953109683056,0.3721253362990229
7,4,0.9784243268142285,0.3721253362990229
7,4,0.9784243268142285,0.3721253362990229
8,4,0.019084953109683056,0.3721253362990229
8,4,0.019084953109683056,0.3984411378046717
8,4,0.019084953109683056,0.3721253362990229
8,4,0.05974557940513847,0.3984411378046717
8,4,0.019084953109683056,0.3984411378046717
8,4,0.019084953109683056,0.3984411378046717
8,4,0.05974557940513847,0.3984411378046717
8,4,0.05974557940513847,0.42475693931031966
7,4,0.9784243268142285,0.34580953479337406
8,4,0.019084953109683056,0.34580953479337406
8,4,0.019084953109683056,0.3721253362990229
8,4,0.019084953109683056,0.34580953479337406
8,4,0.05974557940513847,0.3721253362990229
8,4,0.019084953109683056,0.3721253362990229
8,4,0.019084953109683056,0.3721253362990229
8,4,0.05974557940513847,0.3721253362990229
8,4,0.05974557940513847,0.3984411378046717
8,4,0.019084953109683056,0.34580953479337406
8,4,0.05974557940513847,0.34580953479337406
8,4,0.05974557940513847,0.3721253362990229
8,4,0.05974557940513847,0.4773885423216173
8,4,0.019084953109683056,0.4773885423216173
8,4,0.019084953109683056,0.4510727408159685
8,4,0.019084953109683056,0.4773885423216173
7,4,0.9784243268142285,0.4510727408159685
8,4,0.019084953109683056,0.4510727408159685
8,4,0.019084953109683056,0.4510727408159685
7,4,0.9784243268142285,0.4510727408159685
7,4,0.9784243268142285,0.42475693931031966
7,4,0.9784243268142285,0.4510727408159685
7,4,0.937763700518774,0.42475693931031966
7,4,0.9784243268142285,0.42475693931031966
7,4,0.9784243268142285,0.42475693931031966
7,4,0.937763700518774,0.42475693931031966
7,4,0.937763700518774,0.3984411378046717
7,4,0.937763700518774,0.42475693931031966
7,4,0.8971030742233195,0.39844113780467083
7,4,0.937763700518774,0.3984411378046717
7,4,0.937763700518774,0.3984411378046717
7,4,0.8971030742233195,0.39844113780467083
7,4,0.8971030742233195,0.3721253362990229
7,4,0.8971030742233195,0.39844113780467083
7,4,0.856442447927865,0.3721253362990229
7,4,0.8971030742233195,0.3721253362990229
7,4,0.8971030742233195,0.3721253362990229
7,4,0.856442447927865,0.3721253362990229
7,4,0.856442447927865,0.34580953479337406
8,4,0.019084953109683056,0.4773885423216173
7,4,0.9784243268142285,0.4773885423216173
7,4,0.9784243268142285,0.4510727408159685
7,4,0.9784243268142285,0.4773885423216173
7,4,0.937763700518774,0.4510727408159685
7,4,0.9784243268142285,0.4510727408159685
7,4,0.9784243268142285,0.4510727408159685
7,4,0.937763700518774,0.4510727408159685
7,4,0.937763700518774,0.42475693931031966
7,4,0.937763700518774,0.4510727408159685
7,4,0.8971030742233195,0.42475693931031966
7,4,0.937763700518774,0.42475693931031966
7,4,0.937763700518774,0.42475693931031966
7,4,0.8971030742233195,0.42475693931031966
7,4,0.8971030742233195,0.39844113780467083
7,4,0.8971030742233195,0.42475693931031966
7,4,0.856442447927865,0.3984411378046717
7,4,0.8971030742233195,0.39844113780467083
7,4,0.8971030742233195,0.39844113780467083
7,4,0.856442447927865,0.3984411378046717
7,4,0.856442447927865,0.3721253362990229
7,4,0.9784243268142285,0.4773885423216173
7,4,0.937763700518774,0.4773885423216173
7,4,0.937763700518774,0.4510727408159685
7,4,0.937763700518774,0.4773885423216173
7,4,0.8971030742233195,0.4510727408159685
7,4,0.937763700518774,0.4510727408159685
7,4,0.937763700518774,0.4510727408159685
7,4,0.8971030742233195,0.4510727408159685
7,4,0.8971030742233195,0.42475693931031966
7,4,0.8971030742233195,0.4510727408159685
7,4,0.856442447927865,0.42475693931031966
7,4,0.8971030742233195,0.42475693931031966
7,4,0.8971030742233195,0.42475693931031966
7,4,0.856442447927865,0.42475693931031966
7,4,0.856442447927865,0.3984411378046717
7,4,0.937763700518774,0.4773885423216173
7,4,0.8971030742233195,0.4773885423216173
7,4,0.8971030742233195,0.4510727408159685
7,4,0.8971030742233195,0.4773885423216173
7,4,0.856442447927865,0.4510727408159685
7,4,0.8971030742233195,0.4510727408159685
7,4,0.8971030742233195,0.4510727408159685
7,4,0.856442447927865,0.4510727408159685
7,4,0.856442447927865,0.42475693931031966
7,4,0.8971030742233195,0.4773885423216173
7,4,0.856442447927865,0.4773885423216173
7,4,0.856442447927865,0.4510727408159685
8,4,0.08127977264751785,0.24746440030061478
8,4,0.08127977264751785,0.269125763975528
8,4,0.026066609855785572,0.269125763975528
8,4,0.08127977264751785,0.269125763975528
8,4,0.026066609855785572,0.2907871276504421
8,4,0.026066609855785572,0.269125763975528
8,4,0.026066609855785572,0.269125763975528
8,4,0.026066609855785572,0.2907871276504421
7,4,0.9708534470640533,0.2907871276504421
8,4,0.026066609855785572,0.2907871276504421
7,4,0.9708534470640533,0.31244849132535624
7,4,0.9708534470640533,0.2907871276504421
7,4,0.9708534470640533,0.2907871276504421
7,4,0.9708534470640533,0.31244849132535624
7,4,0.915640284272321,0.31244849132535624
7,4,0.9708534470640533,0.31244849132535624
7,4,0.915640284272321,0.33410985500026946
7,4,0.915640284272321,0.31244849132535624
7,4,0.915640284272321,0.31244849132535624
7,4,0.915640284272321,0.33410985500026946
7,4,0.8604271214805888,0.33410985500026946
7,4,0.915640284272321,0.33410985500026946
7,4,0.8604271214805888,0.3557712186751836
7,4,0.8604271214805888,0.33410985500026946
7,4,0.8604271214805888,0.33410985500026946
7,4,0.8604271214805888,0.3557712186751836
7,4,0.8052139586888565,0.3557712186751836
7,4,0.8604271214805888,0.3557712186751836
7,4,0.8052139586888565,0.3774325823500977
7,4,0.8052139586888565,0.3557712186751836
7,4,0.8052139586888565,0.3557712186751836
7,4,0.8052139586888565,0.3774325823500977
7,4,0.7500007958971242,0.3774325823500977
7,4,0.8052139586888565,0.3774325823500977
7,4,0.7500007958971242,0.3990939460250109
7,4,0.7500007958971242,0.3774325823500977
7,4,0.7500007958971242,0.3774325823500977
7,4,0.7500007958971242,0.3990939460250109
7,4,0.694787633105391,0.3990939460250109
7,4,0.7500007958971242,0.3990939460250109
7,4,0.694787633105391,0.42075530969992503
7,4,0.694787633105391,0.3990939460250109
7,4,0.694787633105391,0.3990939460250109
7,4,0.694787633105391,0.42075530969992503
7,4,0.6395744703136588,0.42075530969992503
8,4,0.08127977264751785,0.269125763975528
8,4,0.08127977264751785,0.2907871276504421
8,4,0.026066609855785572,0.2907871276504421
8,4,0.08127977264751785,0.2907871276504421
8,4,0.026066609855785572,0.31244849132535624
8,4,0.026066609855785572,0.2907871276504421
8,4,0.026066609855785572,0.2907871276504421
8,4,0.026066609855785572,0.31244849132535624
7,4,0.9708534470640533,0.31244849132535624
8,4,0.026066609855785572,0.31244849132535624
7,4,0.9708534470640533,0.33410985500026946
7,4,0.9708534470640533,0.31244849132535624
7,4,0.9708534470640533,0.31244849132535624
7,4,0.9708534470640533,0.33410985500026946
7,4,0.915640284272321,0.33410985500026946
7,4,0.9708534470640533,0.33410985500026946
7,4,0.915640284272321,0.3557712186751836
7,4,0.915640284272321,0.33410985500026946
7,4,0.915640284272321,0.33410985500026946
7,4,0.915640284272321,0.3557712186751836
7,4,0.8604271214805888,0.3557712186751836
7,4,0.915640284272321,0.3557712186751836
7,4,0.8604271214805888,0.3774325823500977
7,4,0.8604271214805888,0.3557712186751836
7,4,0.8604271214805888,0.3557712186751836
7,4,0.8604271214805888,0.3774325823500977
7,4,0.8052139586888565,0.3774325823500977
7,4,0.8604271214805888,0.3774325823500977
7,4,0.8052139586888565,0.3990939460250109
7,4,0.8052139586888565,0.3774325823500977
7,4,0.8052139586888565,0.3774325823500977
7,4,0.8052139586888565,0.3990939460250109
7,4,0.7500007958971242,0.3990939460250109
7,4,0.8052139586888565,0.3990939460250109
7,4,0.7500007958971242,0.42075530969992503
7,4,0.7500007958971242,0.3990939460250109
7,4,0.7500007958971242,0.3990939460250109
7,4,0.7500007958971242,0.42075530969992503
7,4,0.694787633105391,0.42075530969992503
8,4,0.08127977264751785,0.2907871276504421
8,4,0.08127977264751785,0.31244849132535624
8,4,0.026066609855785572,0.31244849132535624
8,4,0.08127977264751785,0.31244849132535624
8,4,0.026066609855785572,0.33410985500026946
8,4,0.026066609855785572,0.31244849132535624
8,4,0.026066609855785572,0.31244849132535624
8,4,0.026066609855785572,0.33410985500026946
7,4,0.9708534470640533,0.33410985500026946
8,4,0.026066609855785572,0.33410985500026946
7,4,0.9708534470640533,0.3557712186751836
7,4,0.9708534470640533,0.33410985500026946
7,4,0.9708534470640533,0.33410985500026946
7,4,0.9708534470640533,0.3557712186751836
7,4,0.915640284272321,0.3557712186751836
7,4,0.9708534470640533,0.3557712186751836
7,4,0.915640284272321,0.3774325823500977
7,4,0.915640284272321,0.3557712186751836
7,4,0.915640284272321,0.3557712186751836
7,4,0.915640284272321,0.3774325823500977
7,4,0.8604271214805888,0.3774325823500977
7,4,0.915640284272321,0.3774325823500977
7,4,0.8604271214805888,0.3990939460250109
7,4,0.8604271214805888,0.3774325823500977
7,4,0.8604271214805888,0.3774325823500977
7,4,0.8604271214805888,0.3990939460250109
7,4,0.8052139586888565,0.3990939460250109
7,4,0.8604271214805888,0.3990939460250109
7,4,0.8052139586888565,0.42075530969992503
7,4,0.8052139586888565,0.3990939460250109
7,4,0.8052139586888565,0.3990939460250109
7,4,0.8052139586888565,0.42075530969992503
7,4,0.7500007958971242,0.42075530969992503
8,4,0.08127977264751785,0.31244849132535624
8,4,0.08127977264751785,0.33410985500026946
8,4,0.026066609855785572,0.33410985500026946
8,4,0.08127977264751785,0.33410985500026946
8,4,0.026066609855785572,0.3557712186751836
8,4,0.026066609855785572,0.33410985500026946
8,4,0.026066609855785572,0.33410985500026946
8,4,0.026066609855785572,0.3557712186751836
7,4,0.9708534470640533,0.3557712186751836
8,4,0.026066609855785572,0.3557712186751836
7,4,0.9708534470640533,0.3774325823500977
7,4,0.9708534470640533,0.3557712186751836
7,4,0.9708534470640533,0.3557712186751836
7,4,0.9708534470640533,0.3774325823500977
7,4,0.915640284272321,0.3774325823500977
7,4,0.9708534470640533,0.3774325823500977
7,4,0.915640284272321,0.3990939460250109
7,4,0.915640284272321,0.3774325823500977
7,4,0.915640284272321,0.3774325823500977
7,4,0.915640284272321,0.3990939460250109
7,4,0.8604271214805888,0.3990939460250109
7,4,0.915640284272321,0.3990939460250109
7,4,0.8604271214805888,0.42075530969992503
7,4,0.8604271214805888,0.3990939460250109
7,4,0.8604271214805888,0.3990939460250109
7,4,0.8604271214805888,0.42075530969992503
7,4,0.8052139586888565,0.42075530969992503
8,4,0.08127977264751785,0.33410985500026946
8,4,0.08127977264751785,0.3557712186751836
8,4,0.026066609855785572,0.3557712186751836
8,4,0.08127977264751785,0.3557712186751836
8,4,0.026066609855785572,0.3774325823500977
8,4,0.026066609855785572,0.3557712186751836
8,4,0.026066609855785572,0.3557712186751836
8,4,0.026066609855785572,0.3774325823500977
7,4,0.9708534470640533,0.3774325823500977
8,4,0.026066609855785572,0.3774325823500977
7,4,0.9708534470640533,0.3990939460250109
7,4,0.9708534470640533,0.3774325823500977
7,4,0.9708534470640533,0.3774325823500977
7,4,0.9708534470640533,0.3990939460250109
7,4,0.915640284272321,0.3990939460250109
7,4,0.9708534470640533,0.3990939460250109
7,4,0.915640284272321,0.42075530969992503
7,4,0.915640284272321,0.3990939460250109
7,4,0.915640284272321,0.3990939460250109
7,4,0.915640284272321,0.42075530969992503
7,4,0.8604271214805888,0.42075530969992503
8,4,0.08127977264751785,0.3557712186751836
8,4,0.08127977264751785,0.3774325823500977
8,4,0.026066609855785572,0.3774325823500977
8,4,0.08127977264751785,0.3774325823500977
8,4,0.026066609855785572,0.3990939460250109
8,4,0.026066609855785572,0.3774325823500977
8,4,0.026066609855785572,0.3774325823500977
8,4,0.026066609855785572,0.3990939460250109
7,4,0.9708534470640533,0.3990939460250109
8,4,0.026066609855785572,0.3990939460250109
7,4,0.9708534470640533,0.42075530969992503
7,4,0.9708534470640533,0.3990939460250109
7,4,0.9708534470640533,0.3990939460250109
7,4,0.9708534470640533,0.42075530969992503
7,4,0.915640284272321,0.42075530969992503
8,4,0.08127977264751785,0.3774325823500977
8,4,0.08127977264751785,0.3990939460250109
8,4,0.026066609855785572,0.3990939460250109
8,4,0.08127977264751785,0.3990939460250109
8,4,0.026066609855785572,0.42075530969992503
8,4,0.026066609855785572,0.3990939460250109
8,4,0.026066609855785572,0.3990939460250109
8,4,0.026066609855785572,0.42075530969992503
7,4,0.9708534470640533,0.42075530969992503
8,4,0.08127977264751785,0.3990939460250109
8,4,0.08127977264751785,0.42075530969992503
8,4,0.026066609855785572,0.42075530969992503
7,4,0.6395744703136588,0.42075530969992503
7,4,0.6395744703136588,0.3990939460250109
7,4,0.694787633105391,0.3990939460250109
7,4,0.6395744703136588,0.3990939460250109
7,4,0.694787633105391,0.3774325823500977
7,4,0.694787633105391,0.3990939460250109
7,4,0.694787633105391,0.3990939460250109
7,4,0.694787633105391,0.3774325823500977
7,4,0.7500007958971242,0.3774325823500977
7,4,0.694787633105391,0.3774325823500977
7,4,0.7500007958971242,0.3557712186751836
7,4,0.7500007958971242,0.3774325823500977
7,4,0.7500007958971242,0.3774325823500977
7,4,0.7500007958971242,0.3557712186751836
7,4,0.8052139586888565,0.3557712186751836
7,4,0.7500007958971242,0.3557712186751836
7,4,0.8052139586888565,0.33410985500026946
7,4,0.8052139586888565,0.3557712186751836
7,4,0.8052139586888565,0.3557712186751836
7,4,0.8052139586888565,0.33410985500026946
7,4,0.8604271214805888,0.33410985500026946
7,4,0.8052139586888565,0.33410985500026946
7,4,0.8604271214805888,0.31244849132535624
7,4,0.8604271214805888,0.33410985500026946
7,4,0.8604271214805888,0.33410985500026946
7,4,0.8604271214805888,0.31244849132535624
7,4,0.915640284272321,0.31244849132535624
7,4,0.8604271214805888,0.31244849132535624
7,4,0.915640284272321,0.2907871276504421
7,4,0.915640284272321,0.31244849132535624
7,4,0.915640284272321,0.31244849132535624
7,4,0.915640284272321,0.2907871276504421
7,4,0.9708534470640533,0.2907871276504421
7,4,0.915640284272321,0.2907871276504421
7,4,0.9708534470640533,0.269125763975528
7,4,0.9708534470640533,0.2907871276504421
7,4,0.9708534470640533,0.2907871276504421
7,4,0.9708534470640533,0.269125763975528
8,4,0.026066609855785572,0.269125763975528
7,4,0.9708534470640533,0.269125763975528
8,4,0.026066609855785572,0.24746440030061478
8,4,0.026066609855785572,0.269125763975528
8,4,0.026066609855785572,0.269125763975528
8,4,0.026066609855785572,0.24746440030061478
8,4,0.08127977264751785,0.24746440030061478
7,4,0.6395744703136588,0.3990939460250109
7,4,0.6395744703136588,0.3774325823500977
7,4,0.694787633105391,0.3774325823500977
7,4,0.6395744703136588,0.3774325823500977
7,4,0.694787633105391,0.3557712186751836
7,4,0.694787633105391,0.3774325823500977
7,4,0.694787633105391,0.3774325823500977
7,4,0.694787633105391,0.3557712186751836
7,4,0.7500007958971242,0.3557712186751836
7,4,0.694787633105391,0.3557712186751836
7,4,0.7500007958971242,0.33410985500026946
7,4,0.7500007958971242,0.3557712186751836
7,4,0.7500007958971242,0.3557712186751836
7,4,0.7500007958971242,0.33410985500026946
7,4,0.8052139586888565,0.33410985500026946
7,4,0.7500007958971242,0.33410985500026946
7,4,0.8052139586888565,0.31244849132535624
7,4,0.8052139586888565,0.33410985500026946
7,4,0.8052139586888565,0.33410985500026946
7,4,0.8052139586888565,0.31244849132535624
7,4,0.8604271214805888,0.31244849132535624
7,4,0.8052139586888565,0.31244849132535624
7,4,0.8604271214805888,0.2907871276504421
7,4,0.8604271214805888,0.31244849132535624
7,4,0.8604271214805888,0.31244849132535624
7,4,0.8604271214805888,0.2907871276504421
7,4,0.915640284272321,0.2907871276504421
7,4,0.8604271214805888,0.2907871276504421
7,4,0.915640284272321,0.269125763975528
7,4,0.915640284272321,0.2907871276504421
7,4,0.915640284272321,0.2907871276504421
7,4,0.915640284272321,0.269125763975528
7,4,0.9708534470640533,0.269125763975528
7,4,0.915640284272321,0.269125763975528
7,4,0.9708534470640533,0.24746440030061478
7,4,0.9708534470640533,0.269125763975528
7,4,0.9708534470640533,0.269125763975528
7,4,0.9708534470640533,0.24746440030061478
8,4,0.026066609855785572,0.24746440030061478
7,4,0.6395744703136588,0.3774325823500977
7,4,0.6395744703136588,0.3557712186751836
7,4,0.694787633105391,0.3557712186751836
7,4,0.6395744703136588,0.3557712186751836
7,4,0.694787633105391,0.33410985500026946
7,4,0.694787633105391,0.3557712186751836
7,4,0.694787633105391,0.3557712186751836
7,4,0.694787633105391,0.33410985500026946
7,4,0.7500007958971242,0.33410985500026946
7,4,0.694787633105391,0.33410985500026946
7,4,0.7500007958971242,0.31244849132535624
7,4,0.7500007958971242,0.33410985500026946
7,4,0.7500007958971242,0.33410985500026946
7,4,0.7500007958971242,0.31244849132535624
7,4,0.8052139586888565,0.31244849132535624
7,4,0.7500007958971242,0.31244849132535624
7,4,0.8052139586888565,0.2907871276504421
7,4,0.8052139586888565,0.31244849132535624
7,4,0.8052139586888565,0.31244849132535624
7,4,0.8052139586888565,0.2907871276504421
7,4,0.8604271214805888,0.2907871276504421
7,4,0.8052139586888565,0.2907871276504421
7,4,0.8604271214805888,0.269125763975528
7,4,0.8604271214805888,0.2907871276504421
7,4,0.8604271214805888,0.2907871276504421
7,4,0.8604271214805888,0.269125763975528
7,4,0.915640284272321,0.269125763975528
7,4,0.8604271214805888,0.269125763975528
7,4,0.915640284272321,0.24746440030061478
7,4,0.915640284272321,0.269125763975528
7,4,0.915640284272321,0.269125763975528
7,4,0.915640284272321,0.24746440030061478
7,4,0.9708534470640533,0.24746440030061478
7,4,0.6395744703136588,0.3557712186751836
7,4,0.6395744703136588,0.33410985500026946
7,4,0.694787633105391,0.33410985500026946
7,4,0.6395744703136588,0.33410985500026946
7,4,0.694787633105391,0.31244849132535624
7,4,0.694787633105391,0.33410985500026946
7,4,0.694787633105391,0.33410985500026946
7,4,0.694787633105391,0.31244849132535624
7,4,0.7500007958971242,0.31244849132535624
7,4,0.694787633105391,0.31244849132535624
7,4,0.7500007958971242,0.2907871276504421
7,4,0.7500007958971242,0.31244849132535624
7,4,0.7500007958971242,0.31244849132535624
7,4,0.7500007958971242,0.2907871276504421
7,4,0.8052139586888565,0.2907871276504421
7,4,0.7500007958971242,0.2907871276504421
7,4,0.8052139586888565,0.269125763975528
7,4,0.8052139586888565,0.2907871276504421
7,4,0.8052139586888565,0.2907871276504421
7,4,0.8052139586888565,0.269125763975528
7,4,0.8604271214805888,0.269125763975528
7,4,0.8052139586888565,0.269125763975528
7,4,0.8604271214805888,0.24746440030061478
7,4,0.8604271214805888,0.269125763975528
7,4,0.8604271214805888,0.269125763975528
7,4,0.8604271214805888,0.24746440030061478
7,4,0.915640284272321,0.24746440030061478
7,4,0.6395744703136588,0.33410985500026946
7,4,0.6395744703136588,0.31244849132535624
7,4,0.694787633105391,0.31244849132535624
7,4,0.6395744703136588,0.31244849132535624
7,4,0.694787633105391,0.2907871276504421
7,4,0.694787633105391,0.31244849132535624
7,4,0.694787633105391,0.31244849132535624
7,4,0.694787633105391,0.2907871276504421
7,4,0.7500007958971242,0.2907871276504421
7,4,0.694787633105391,0.2907871276504421
7,4,0.7500007958971242,0.269125763975528
7,4,0.7500007958971242,0.2907871276504421
7,4,0.7500007958971242,0.2907871276504421
7,4,0.7500007958971242,0.269125763975528
7,4,0.8052139586888565,0.269125763975528
7,4,0.7500007958971242,0.269125763975528
7,4,0.8052139586888565,0.24746440030061478
7,4,0.8052139586888565,0.269125763975528
7,4,0.8052139586888565,0.269125763975528
7,4,0.8052139586888565,0.24746440030061478
7,4,0.8604271214805888,0.24746440030061478
7,4,0.6395744703136588,0.31244849132535624
7,4,0.6395744703136588,0.2907871276504421
7,4,0.694787633105391,0.2907871276504421
7,4,0.6395744703136588,0.2907871276504421
7,4,0.694787633105391,0.269125763975528
7,4,0.694787633105391,0.2907871276504421
7,4,0.694787633105391,0.2907871276504421
7,4,0.694787633105391,0.269125763975528
7,4,0.7500007958971242,0.269125763975528
7,4,0.694787633105391,0.269125763975528
7,4,0.7500007958971242,0.24746440030061478
7,4,0.7500007958971242,0.269125763975528
7,4,0.7500007958971242,0.269125763975528
7,4,0.7500007958971242,0.24746440030061478
7,4,0.8052139586888565,0.24746440030061478
7,4,0.6395744703136588,0.2907871276504421
7,4,0.6395744703136588,0.269125763975528
7,4,0.694787633105391,0.269125763975528
7,4,0.6395744703136588,0.269125763975528
7,4,0.694787633105391,0.24746440030061478
7,4,0.694787633105391,0.269125763975528
7,4,0.694787633105391,0.269125763975528
7,4,0.694787633105391,0.24746440030061478
7,4,0.7500007958971242,0.24746440030061478
7,4,0.6395744703136588,0.269125763975528
7,4,0.6395744703136588,0.24746440030061478
7,4,0.694787633105391,0.24746440030061478
8,4,0.08127977264751785,0.24746440030061478
8,4,0.026066609855785572,0.24746440030061478
8,4,0.026066609855785572,0.22576064648152272
8,4,0.026066609855785572,0.24746440030061478
7,4,0.9708534470640533,0.22576064648152272
8,4,0.026066609855785572,0.22576064648152272
8,4,0.026066609855785572,0.22576064648152272
7,4,0.9708534470640533,0.22576064648152272
7,4,0.9708534470640533,0.20405689266243066
7,4,0.9708534470640533,0.22576064648152272
7,4,0.915640284272321,0.20405689266243066
7,4,0.9708534470640533,0.20405689266243066
7,4,0.9708534470640533,0.20405689266243066
7,4,0.915640284272321,0.20405689266243066
7,4,0.915640284272321,0.18235313884333948
7,4,0.915640284272321,0.20405689266243066
7,4,0.8604271214805888,0.18235313884333948
7,4,0.915640284272321,0.18235313884333948
7,4,0.915640284272321,0.18235313884333948
7,4,0.8604271214805888,0.18235313884333948
7,4,0.8604271214805888,0.16064938502424742
7,4,0.8604271214805888,0.18235313884333948
7,4,0.8052139586888565,0.16064938502424742
7,4,0.8604271214805888,0.16064938502424742
7,4,0.8604271214805888,0.16064938502424742
7,4,0.8052139586888565,0.16064938502424742
7,4,0.8052139586888565,0.13894563120515535
7,4,0.8052139586888565,0.16064938502424742
7,4,0.7500007958971242,0.13894563120515535
7,4,0.8052139586888565,0.13894563120515535
7,4,0.8052139586888565,0.13894563120515535
7,4,0.7500007958971242,0.13894563120515535
7,4,0.7500007958971242,0.11724187738606417
7,4,0.7500007958971242,0.13894563120515535
7,4,0.694787633105391,0.11724187738606417
7,4,0.7500007958971242,0.11724187738606417
7,4,0.7500007958971242,0.11724187738606417
7,4,0.694787633105391,0.11724187738606417
7,4,0.694787633105391,0.09553812356697211
7,4,0.694787633105391,0.11724187738606417
7,4,0.6395744703136588,0.09553812356697211
7,4,0.694787633105391,0.09553812356697211
7,4,0.694787633105391,0.09553812356697211
7,4,0.6395744703136588,0.09553812356697211
7,4,0.6395744703136588,0.07383436974788093
8,4,0.026066609855785572,0.24746440030061478
7,4,0.9708534470640533,0.24746440030061478
7,4,0.9708534470640533,0.22576064648152272
7,4,0.9708534470640533,0.24746440030061478
7,4,0.915640284272321,0.22576064648152272
7,4,0.9708534470640533,0.22576064648152272
7,4,0.9708534470640533,0.22576064648152272
7,4,0.915640284272321,0.22576064648152272
7,4,0.915640284272321,0.20405689266243066
7,4,0.915640284272321,0.22576064648152272
7,4,0.8604271214805888,0.20405689266243066
7,4,0.915640284272321,0.20405689266243066
7,4,0.915640284272321,0.20405689266243066
7,4,0.8604271214805888,0.20405689266243066
7,4,0.8604271214805888,0.18235313884333948
7,4,0.8604271214805888,0.20405689266243066
7,4,0.8052139586888565,0.18235313884333948
7,4,0.8604271214805888,0.18235313884333948
7,4,0.8604271214805888,0.18235313884333948
7,4,0.8052139586888565,0.18235313884333948
7,4,0.8052139586888565,0.16064938502424742
7,4,0.8052139586888565,0.18235313884333948
7,4,0.7500007958971242,0.16064938502424742
7,4,0.8052139586888565,0.16064938502424742
7,4,0.8052139586888565,0.16064938502424742
7,4,0.7500007958971242,0.16064938502424742
7,4,0.7500007958971242,0.13894563120515535
7,4,0.7500007958971242,0.16064938502424742
7,4,0.694787633105391,0.13894563120515535
7,4,0.7500007958971242,0.13894563120515535
7,4,0.7500007958971242,0.13894563120515535
7,4,0.694787633105391,0.13894563120515535
7,4,0.694787633105391,0.11724187738606417
7,4,0.694787633105391,0.13894563120515535
7,4,0.6395744703136588,0.11724187738606417
7,4,0.694787633105391,0.11724187738606417
7,4,0.694787633105391,0.11724187738606417
7,4,0.6395744703136588,0.11724187738606417
7,4,0.6395744703136588,0.09553812356697211
7,4,0.9708534470640533,0.24746440030061478
7,4,0.915640284272321,0.24746440030061478
7,4,0.915640284272321,0.22576064648152272
7,4,0.915640284272321,0.24746440030061478
7,4,0.8604271214805888,0.22576064648152272
7,4,0.915640284272321,0.22576064648152272
7,4,0.915640284272321,0.22576064648152272
7,4,0.8604271214805888,0.22576064648152272
7,4,0.8604271214805888,0.20405689266243066
7,4,0.8604271214805888,0.22576064648152272
7,4,0.8052139586888565,0.20405689266243066
7,4,0.8604271214805888,0.20405689266243066
7,4,0.8604271214805888,0.20405689266243066
7,4,0.8052139586888565,0.20405689266243066
7,4,0.8052139586888565,0.18235313884333948
7,4,0.8052139586888565,0.20405689266243066
7,4,0.7500007958971242,0.18235313884333948
7,4,0.8052139586888565,0.18235313884333948
7,4,0.8052139586888565,0.18235313884333948
7,4,0.7500007958971242,0.18235313884333948
7,4,0.7500007958971242,0.16064938502424742
7,4,0.7500007958971242,0.18235313884333948
7,4,0.694787633105391,0.16064938502424742
7,4,0.7500007958971242,0.16064938502424742
7,4,0.7500007958971242,0.16064938502424742
7,4,0.694787633105391,0.16064938502424742
7,4,0.694787633105391,0.13894563120515535
7,4,0.694787633105391,0.16064938502424742
7,4,0.6395744703136588,0.13894563120515535
7,4,0.694787633105391,0.13894563120515535
7,4,0.694787633105391,0.13894563120515535
7,4,0.6395744703136588,0.13894563120515535
7,4,0.6395744703136588,0.11724187738606417
7,4,0.915640284272321,0.24746440030061478
7,4,0.8604271214805888,0.24746440030061478
7,4,0.8604271214805888,0.22576064648152272
7,4,0.8604271214805888,0.24746440030061478
7,4,0.8052139586888565,0.22576064648152272
7,4,0.8604271214805888,0.22576064648152272
7,4,0.8604271214805888,0.22576064648152272
7,4,0.8052139586888565,0.22576064648152272
7,4,0.8052139586888565,0.20405689266243066
7,4,0.8052139586888565,0.22576064648152272
7,4,0.7500007958971242,0.20405689266243066
7,4,0.8052139586888565,0.20405689266243066
7,4,0.8052139586888565,0.20405689266243066
7,4,0.7500007958971242,0.20405689266243066
7,4,0.7500007958971242,0.18235313884333948
7,4,0.7500007958971242,0.20405689266243066
7,4,0.694787633105391,0.18235313884333948
7,4,0.7500007958971242,0.18235313884333948
7,4,0.7500007958971242,0.18235313884333948
7,4,0.694787633105391,0.18235313884333948
7,4,0.694787633105391,0.16064938502424742
7,4,0.694787633105391,0.18235313884333948
7,4,0.6395744703136588,0.16064938502424742
7,4,0.694787633105391,0.16064938502424742
7,4,0.694787633105391,0.16064938502424742
7,4,0.6395744703136588,0.16064938502424742
7,4,0.6395744703136588,0.13894563120515535
7,4,0.8604271214805888,0.24746440030061478
7,4,0.8052139586888565,0.24746440030061478
7,4,0.8052139586888565,0.22576064648152272
7,4,0.8052139586888565,0.24746440030061478
7,4,0.7500007958971242,0.22576064648152272
7,4,0.8052139586888565,0.22576064648152272
7,4,0.8052139586888565,0.22576064648152272
7,4,0.7500007958971242,0.22576064648152272
7,4,0.7500007958971242,0.20405689266243066
7,4,0.7500007958971242,0.22576064648152272
7,4,0.694787633105391,0.20405689266243066
7,4,0.7500007958971242,0.20405689266243066
7,4,0.7500007958971242,0.20405689266243066
7,4,0.694787633105391,0.20405689266243066
7,4,0.694787633105391,0.18235313884333948
7,4,0.694787633105391,0.20405689266243066
7,4,0.6395744703136588,0.18235313884333948
7,4,0.694787633105391,0.18235313884333948
7,4,0.694787633105391,0.18235313884333948
7,4,0.6395744703136588,0.18235313884333948
7,4,0.6395744703136588,0.16064938502424742
7,4,0.8052139586888565,0.24746440030061478
7,4,0.7500007958971242,0.24746440030061478
7,4,0.7500007958971242,0.22576064648152272
7,4,0.7500007958971242,0.24746440030061478
7,4,0.694787633105391,0.22576064648152272
7,4,0.7500007958971242,0.22576064648152272
7,4,0.7500007958971242,0.22576064648152272
7,4,0.694787633105391,0.22576064648152272
7,4,0.694787633105391,0.20405689266243066
7,4,0.694787633105391,0.22576064648152272
7,4,0.6395744703136588,0.20405689266243066
7,4,0.694787633105391,0.20405689266243066
7,4,0.694787633105391,0.20405689266243066
7,4,0.6395744703136588,0.20405689266243066
7,4,0.6395744703136588,0.18235313884333948
7,4,0.7500007958971242,0.24746440030061478
7,4,0.694787633105391,0.24746440030061478
7,4,0.694787633105391,0.22576064648152272
7,4,0.694787633105391,0.24746440030061478
7,4,0.6395744703136588,0.22576064648152272
7,4,0.694787633105391,0.22576064648152272
7,4,0.694787633105391,0.22576064648152272
7,4,0.6395744703136588,0.22576064648152272
7,4,0.6395744703136588,0.20405689266243066
7,4,0.694787633105391,0.24746440030061478
7,4,0.6395744703136588,0.24746440030061478
7,4,0.6395744703136588,0.22576064648152272
7,4,0.6395744703136588,0.07383436974788093
7,4,0.694787633105391,0.07383436974788093
7,4,0.694787633105391,0.09553812356697211
7,4,0.694787633105391,0.07383436974788093
7,4,0.7500007958971242,0.09553812356697211
7,4,0.694787633105391,0.09553812356697211
7,4,0.694787633105391,0.09553812356697211
7,4,0.7500007958971242,0.09553812356697211
7,4,0.7500007958971242,0.11724187738606417
7,4,0.7500007958971242,0.09553812356697211
7,4,0.8052139586888565,0.11724187738606417
7,4,0.7500007958971242,0.11724187738606417
7,4,0.7500007958971242,0.11724187738606417
7,4,0.8052139586888565,0.11724187738606417
7,4,0.8052139586888565,0.13894563120515535
7,4,0.8052139586888565,0.11724187738606417
7,4,0.8604271214805888,0.13894563120515535
7,4,0.8052139586888565,0.13894563120515535
7,4,0.8052139586888565,0.13894563120515535
7,4,0.8604271214805888,0.13894563120515535
7,4,0.8604271214805888,0.16064938502424742
7,4,0.8604271214805888,0.13894563120515535
7,4,0.915640284272321,0.16064938502424742
7,4,0.8604271214805888,0.16064938502424742
7,4,0.8604271214805888,0.16064938502424742
7,4,0.915640284272321,0.16064938502424742
7,4,0.915640284272321,0.18235313884333948
7,4,0.915640284272321,0.16064938502424742
7,4,0.9708534470640533,0.18235313884333948
7,4,0.915640284272321,0.18235313884333948
7,4,0.915640284272321,0.18235313884333948
7,4,0.9708534470640533,0.18235313884333948
7,4,0.9708534470640533,0.20405689266243066
7,4,0.9708534470640533,0.18235313884333948
8,4,0.026066609855785572,0.20405689266243066
7,4,0.9708534470640533,0.20405689266243066
7,4,0.9708534470640533,0.20405689266243066
8,4,0.026066609855785572,0.20405689266243066
8,4,0.026066609855785572,0.22576064648152272
8,4,0.026066609855785572,0.20405689266243066
8,4,0.08127977264751785,0.22576064648152272
8,4,0.026066609855785572,0.22576064648152272
8,4,0.026066609855785572,0.22576064648152272
8,4,0.08127977264751785,0.22576064648152272
8,4,0.08127977264751785,0.24746440030061478
7,4,0.694787633105391,0.07383436974788093
7,4,0.7500007958971242,0.07383436974788093
7,4,0.7500007958971242,0.09553812356697211
7,4,0.7500007958971242,0.07383436974788093
7,4,0.8052139586888565,0.09553812356697211
7,4,0.7500007958971242,0.09553812356697211
7,4,0.7500007958971242,0.09553812356697211
7,4,0.8052139586888565,0.09553812356697211
7,4,0.8052139586888565,0.11724187738606417
7,4,0.8052139586888565,0.09553812356697211
7,4,0.8604271214805888,0.11724187738606417
7,4,0.8052139586888565,0.11724187738606417
7,4,0.8052139586888565,0.11724187738606417
7,4,0.8604271214805888,0.11724187738606417
7,4,0.8604271214805888,0.13894563120515535
7,4,0.8604271214805888,0.11724187738606417
7,4,0.915640284272321,0.13894563120515535
7,4,0.8604271214805888,0.13894563120515535
7,4,0.8604271214805888,0.13894563120515535
7,4,0.915640284272321,0.13894563120515535
7,4,0.915640284272321,0.16064938502424742
7,4,0.915640284272321,0.13894563120515535
7,4,0.9708534470640533,0.16064938502424742
7,4,0.915640284272321,0.16064938502424742
7,4,0.915640284272321,0.16064938502424742
7,4,0.9708534470640533,0.16064938502424742
7,4,0.9708534470640533,0.18235313884333948
7,4,0.9708534470640533,0.16064938502424742
8,4,0.026066609855785572,0.18235313884333948
7,4,0.9708534470640533,0.18235313884333948
7,4,0.9708534470640533,0.18235313884333948
8,4,0.026066609855785572,0.18235313884333948
8,4,0.026066609855785572,0.20405689266243066
8,4,0.026066609855785572,0.18235313884333948
8,4,0.08127977264751785,0.20405689266243066
8,4,0.026066609855785572,0.20405689266243066
8,4,0.026066609855785572,0.20405689266243066
8,4,0.08127977264751785,0.20405689266243066
8,4,0.08127977264751785,0.22576064648152272
7,4,0.7500007958971242,0.07383436974788093
7,4,0.8052139586888565,0.07383436974788093
7,4,0.8052139586888565,0.09553812356697211
7,4,0.8052139586888565,0.07383436974788093
7,4,0.8604271214805888,0.09553812356697211
7,4,0.8052139586888565,0.09553812356697211
7,4,0.8052139586888565,0.09553812356697211
7,4,0.8604271214805888,0.09553812356697211
7,4,0.8604271214805888,0.11724187738606417
7,4,0.8604271214805888,0.09553812356697211
7,4,0.915640284272321,0.11724187738606417
7,4,0.8604271214805888,0.11724187738606417
7,4,0.8604271214805888,0.11724187738606417
7,4,0.915640284272321,0.11724187738606417
7,4,0.915640284272321,0.13894563120515535
7,4,0.915640284272321,0.11724187738606417
7,4,0.9708534470640533,0.13894563120515535
7,4,0.915640284272321,0.13894563120515535
7,4,0.915640284272321,0.13894563120515535
7,4,0.9708534470640533,0.13894563120515535
7,4,0.9708534470640533,0.16064938502424742
7,4,0.9708534470640533,0.13894563120515535
8,4,0.026066609855785572,0.16064938502424742
7,4,0.9708534470640533,0.16064938502424742
7,4,0.9708534470640533,0.16064938502424742
8,4,0.026066609855785572,0.16064938502424742
8,4,0.026066609855785572,0.18235313884333948
8,4,0.026066609855785572,0.16064938502424742
8,4,0.08127977264751785,0.18235313884333948
8,4,0.026066609855785572,0.18235313884333948
8,4,0.026066609855785572,0.18235313884333948
8,4,0.08127977264751785,0.18235313884333948
8,4,0.08127977264751785,0.20405689266243066
7,4,0.8052139586888565,0.07383436974788093
7,4,0.8604271214805888,0.07383436974788093
7,4,0.8604271214805888,0.09553812356697211
7,4,0.8604271214805888,0.07383436974788093
7,4,0.915640284272321,0.09553812356697211
7,4,0.8604271214805888,0.09553812356697211
7,4,0.8604271214805888,0.09553812356697211
7,4,0.915640284272321,0.09553812356697211
7,4,0.915640284272321,0.11724187738606417
7,4,0.915640284272321,0.09553812356697211
7,4,0.9708534470640533,0.11724187738606417
7,4,0.915640284272321,0.11724187738606417
7,4,0.915640284272321,0.11724187738606417
7,4,0.9708534470640533,0.11724187738606417
7,4,0.9708534470640533,0.13894563120515535
7,4,0.9708534470640533,0.11724187738606417
8,4,0.026066609855785572,0.13894563120515535
7,4,0.9708534470640533,0.13894563120515535
7,4,0.9708534470640533,0.13894563120515535
8,4,0.026066609855785572,0.13894563120515535
8,4,0.026066609855785572,0.16064938502424742
8,4,0.026066609855785572,0.13894563120515535
8,4,0.08127977264751785,0.16064938502424742
8,4,0.026066609855785572,0.16064938502424742
8,4,0.026066609855785572,0.16064938502424742
8,4,0.08127977264751785,0.16064938502424742
8,4,0.08127977264751785,0.18235313884333948
7,4,0.8604271214805888,0.07383436974788093
7,4,0.915640284272321,0.07383436974788093
7,4,0.915640284272321,0.09553812356697211
7,4,0.915640284272321,0.07383436974788093
7,4,0.9708534470640533,0.09553812356697211
7,4,0.915640284272321,0.09553812356697211
7,4,0.915640284272321,0.09553812356697211
7,4,0.9708534470640533,0.09553812356697211
7,4,0.9708534470640533,0.11724187738606417
7,4,0.9708534470640533,0.09553812356697211
8,4,0.026066609855785572,0.11724187738606417
7,4,0.9708534470640533,0.11724187738606417
7,4,0.9708534470640533,0.11724187738606417
8,4,0.026066609855785572,0.11724187738606417
8,4,0.026066609855785572,0.13894563120515535
8,4,0.026066609855785572,0.11724187738606417
8,4,0.08127977264751785,0.13894563120515535
8,4,0.026066609855785572,0.13894563120515535
8,4,0.026066609855785572,0.13894563120515535
8,4,0.08127977264751785,0.13894563120515535
8,4,0.08127977264751785,0.16064938502424742
7,4,0.915640284272321,0.07383436974788093
7,4,0.9708534470640533,0.07383436974788093
7,4,0.9708534470640533,0.09553812356697211
7,4,0.9708534470640533,0.07383436974788093
8,4,0.026066609855785572,0.09553812356697211
7,4,0.9708534470640533,0.09553812356697211
7,4,0.9708534470640533,0.09553812356697211
8,4,0.026066609855785572,0.09553812356697211
8,4,0.026066609855785572,0.11724187738606417
8,4,0.026066609855785572,0.09553812356697211
8,4,0.08127977264751785,0.11724187738606417
8,4,0.026066609855785572,0.11724187738606417
8,4,0.026066609855785572,0.11724187738606417
8,4,0.08127977264751785,0.11724187738606417
8,4,0.08127977264751785,0.13894563120515535
7,4,0.9708534470640533,0.07383436974788093
8,4,0.026066609855785572,0.07383436974788093
8,4,0.026066609855785572,0.09553812356697211
8,4,0.026066609855785572,0.07383436974788093
8,4,0.08127977264751785,0.09553812356697211
8,4,0.026066609855785572,0.09553812356697211
8,4,0.026066609855785572,0.09553812356697211
8,4,0.08127977264751785,0.09553812356697211
8,4,0.08127977264751785,0.11724187738606417
8,4,0.026066609855785572,0.07383436974788093
8,4,0.08127977264751785,0.07383436974788005
8,4,0.08127977264751785,0.09553812356697211
7,4,0.7993005335760373,0.4322854289163178
7,4,0.7789532643706387,0.4322854289163178
7,4,0.7789532643706387,0.3801172914813655
7,4,0.7789532643706387,0.4322854289163178
7,4,0.7586059951652402,0.3801172914813655
7,4,0.7789532643706387,0.3801172914813655
7,4,0.7789532643706387,0.3801172914813655
7,4,0.7586059951652402,0.3801172914813655
7,4,0.7586059951652402,0.3279491540464132
7,4,0.7586059951652402,0.3801172914813655
7,4,0.7382587259598417,0.3279491540464132
7,4,0.7586059951652402,0.3279491540464132
7,4,0.7586059951652402,0.3279491540464132
7,4,0.7382587259598417,0.3279491540464132
7,4,0.7382587259598417,0.2757810166114609
7,4,0.7382587259598417,0.3279491540464132
7,4,0.7179114567544431,0.2757810166114609
7,4,0.7382587259598417,0.2757810166114609
7,4,0.7382587259598417,0.2757810166114609
7,4,0.7179114567544431,0.2757810166114609
7,4,0.7179114567544431,0.22361287917650863
7,4,0.7179114567544431,0.2757810166114609
7,4,0.6975641875490446,0.22361287917650863
7,4,0.7179114567544431,0.22361287917650863
7,4,0.7179114567544431,0.22361287917650863
7,4,0.6975641875490446,0.22361287917650863
7,4,0.6975641875490446,0.17144474174155633
7,4,0.6975641875490446,0.22361287917650863
7,4,0.6772169183436461,0.17144474174155633
7,4,0.6975641875490446,0.17144474174155633
7,4,0.6975641875490446,0.17144474174155633
7,4,0.6772169183436461,0.17144474174155633
7,4,0.6772169183436461,0.11927660430660403
7,4,0.6772169183436461,0.17144474174155633
7,4,0.6568696491382475,0.11927660430660403
7,4,0.6772169183436461,0.11927660430660403
7,4,0.6772169183436461,0.11927660430660403
7,4,0.6568696491382475,0.11927660430660403
7,4,0.6568696491382475,0.06710846687165173
7,4,0.6568696491382475,0.11927660430660403
7,4,0.636522379932849,0.06710846687165173
7,4,0.6568696491382475,0.06710846687165173
7,4,0.6568696491382475,0.06710846687165173
7,4,0.636522379932849,0.06710846687165173
7,4,0.636522379932849,0.014940329436699429
7,4,0.636522379932849,0.06710846687165173
7,4,0.6161751107274505,0.014940329436699429
7,4,0.636522379932849,0.014940329436699429
7,4,0.636522379932849,0.014940329436699429
7,4,0.6161751107274505,0.014940329436699429
7,5,0.6161751107274505,0.9627721920017471
7,4,0.7789532643706387,0.4322854289163178
7,4,0.7586059951652402,0.4322854289163178
7,4,0.7586059951652402,0.3801172914813655
7,4,0.7586059951652402,0.4322854289163178
7,4,0.7382587259598417,0.3801172914813655
7,4,0.7586059951652402,0.3801172914813655
7,4,0.7586059951652402,0.3801172914813655
7,4,0.7382587259598417,0.3801172914813655
7,4,0.7382587259598417,0.3279491540464132
7,4,0.7382587259598417,0.3801172914813655
7,4,0.7179114567544431,0.3279491540464132
7,4,0.7382587259598417,0.3279491540464132
7,4,0.7382587259598417,0.3279491540464132
7,4,0.7179114567544431,0.3279491540464132
7,4,0.7179114567544431,0.2757810166114609
7,4,0.7179114567544431,0.3279491540464132
7,4,0.6975641875490446,0.2757810166114609
7,4,0.7179114567544431,0.2757810166114609
7,4,0.7179114567544431,0.2757810166114609
7,4,0.6975641875490446,0.2757810166114609
7,4,0.6975641875490446,0.22361287917650863
7,4,0.6975641875490446,0.2757810166114609
7,4,0.6772169183436461,0.22361287917650863
7,4,0.6975641875490446,0.22361287917650863
7,4,0.6975641875490446,0.22361287917650863
7,4,0.6772169183436461,0.22361287917650863
7,4,0.6772169183436461,0.17144474174155633
7,4,0.6772169183436461,0.22361287917650863
7,4,0.6568696491382475,0.17144474174155633
7,4,0.6772169183436461,0.17144474174155633
7,4,0.6772169183436461,0.17144474174155633
7,4,0.6568696491382475,0.17144474174155633
7,4,0.6568696491382475,0.11927660430660403
7,4,0.6568696491382475,0.17144474174155633
7,4,0.636522379932849,0.11927660430660403
7,4,0.6568696491382475,0.11927660430660403
7,4,0.6568696491382475,0.11927660430660403
7,4,0.636522379932849,0.11927660430660403
7,4,0.636522379932849,0.06710846687165173
7,4,0.636522379932849,0.11927660430660403
7,4,0.6161751107274505,0.06710846687165173
7,4,0.636522379932849,0.06710846687165173
7,4,0.636522379932849,0.06710846687165173
7,4,0.6161751107274505,0.06710846687165173
7,4,0.6161751107274505,0.014940329436699429
7,4,0.7586059951652402,0.4322854289163178
7,4,0.7382587259598417,0.4322854289163178
7,4,0.7382587259598417,0.3801172914813655
7,4,0.7382587259598417,0.4322854289163178
7,4,0.7179114567544431,0.3801172914813655
7,4,0.7382587259598417,0.3801172914813655
7,4,0.7382587259598417,0.3801172914813655
7,4,0.7179114567544431,0.3801172914813655
7,4,0.7179114567544431,0.3279491540464132
7,4,0.7179114567544431,0.3801172914813655
7,4,0.6975641875490446,0.3279491540464132
7,4,0.7179114567544431,0.3279491540464132
7,4,0.7179114567544431,0.3279491540464132
7,4,0.6975641875490446,0.3279491540464132
7,4,0.6975641875490446,0.2757810166114609
7,4,0.6975641875490446,0.3279491540464132
7,4,0.6772169183436461,0.2757810166114609
7,4,0.6975641875490446,0.2757810166114609
7,4,0.6975641875490446,0.2757810166114609
7,4,0.6772169183436461,0.2757810166114609
7,4,0.6772169183436461,0.22361287917650863
7,4,0.6772169183436461,0.2757810166114609
7,4,0.6568696491382475,0.22361287917650863
7,4,0.6772169183436461,0.22361287917650863
7,4,0.6772169183436461,0.22361287917650863
7,4,0.6568696491382475,0.22361287917650863
7,4,0.6568696491382475,0.17144474174155633
7,4,0.6568696491382475,0.22361287917650863
7,4,0.636522379932849,0.17144474174155633
7,4,0.6568696491382475,0.17144474174155633
7,4,0.6568696491382475,0.17144474174155633
7,4,0.636522379932849,0.17144474174155633
7,4,0.636522379932849,0.11927660430660403
7,4,0.636522379932849,0.17144474174155633
7,4,0.6161751107274505,0.11927660430660403
7,4,0.636522379932849,0.11927660430660403
7,4,0.636522379932849,0.11927660430660403
7,4,0.6161751107274505,0.11927660430660403
7,4,0.6161751107274505,0.06710846687165173
7,4,0.7382587259598417,0.4322854289163178
7,4,0.7179114567544431,0.4322854289163178
7,4,0.7179114567544431,0.3801172914813655
7,4,0.7179114567544431,0.4322854289163178
7,4,0.6975641875490446,0.3801172914813655
7,4,0.7179114567544431,0.3801172914813655
7,4,0.7179114567544431,0.3801172914813655
7,4,0.6975641875490446,0.3801172914813655
7,4,0.6975641875490446,0.3279491540464132
7,4,0.6975641875490446,0.3801172914813655
7,4,0.6772169183436461,0.3279491540464132
7,4,0.6975641875490446,0.3279491540464132
7,4,0.6975641875490446,0.3279491540464132
7,4,0.6772169183436461,0.3279491540464132
7,4,0.6772169183436461,0.2757810166114609
7,4,0.6772169183436461,0.3279491540464132
7,4,0.6568696491382475,0.2757810166114609
7,4,0.6772169183436461,0.2757810166114609
7,4,0.6772169183436461,0.2757810166114609
7,4,0.6568696491382475,0.2757810166114609
7,4,0.6568696491382475,0.22361287917650863
7,4,0.6568696491382475,0.2757810166114609
7,4,0.636522379932849,0.22361287917650863
7,4,0.6568696491382475,0.22361287917650863
7,4,0.6568696491382475,0.22361287917650863
7,4,0.636522379932849,0.22361287917650863
7,4,0.636522379932849,0.17144474174155633
7,4,0.636522379932849,0.22361287917650863
7,4,0.6161751107274505,0.17144474174155633
7,4,0.636522379932849,0.17144474174155633
7,4,0.636522379932849,0.17144474174155633
7,4,0.6161751107274505,0.17144474174155633
7,4,0.6161751107274505,0.11927660430660403
7,4,0.7179114567544431,0.4322854289163178
7,4,0.6975641875490446,0.4322854289163178
7,4,0.6975641875490446,0.3801172914813655
7,4,0.6975641875490446,0.4322854289163178
7,4,0.6772169183436461,0.3801172914813655
7,4,0.6975641875490446,0.3801172914813655
7,4,0.6975641875490446,0.3801172914813655
7,4,0.6772169183436461,0.3801172914813655
7,4,0.6772169183436461,0.3279491540464132
7,4,0.6772169183436461,0.3801172914813655
7,4,0.6568696491382475,0.3279491540464132
7,4,0.6772169183436461,0.3279491540464132
7,4,0.6772169183436461,0.3279491540464132
7,4,0.6568696491382475,0.3279491540464132
7,4,0.6568696491382475,0.2757810166114609
7,4,0.6568696491382475,0.3279491540464132
7,4,0.636522379932849,0.2757810166114609
7,4,0.6568696491382475,0.2757810166114609
7,4,0.6568696491382475,0.2757810166114609
7,4,0.636522379932849,0.2757810166114609
7,4,0.636522379932849,0.22361287917650863
7,4,0.636522379932849,0.2757810166114609
7,4,0.6161751107274505,0.22361287917650863
7,4,0.636522379932849,0.22361287917650863
7,4,0.636522379932849,0.22361287917650863
7,4,0.6161751107274505,0.22361287917650863
7,4,0.6161751107274505,0.17144474174155633
7,4,0.6975641875490446,0.4322854289163178
7,4,0.6772169183436461,0.4322854289163178
7,4,0.6772169183436461,0.3801172914813655
7,4,0.6772169183436461,0.4322854289163178
7,4,0.6568696491382475,0.3801172914813655
7,4,0.6772169183436461,0.3801172914813655
7,4,0.6772169183436461,0.3801172914813655
7,4,0.6568696491382475,0.3801172914813655
7,4,0.6568696491382475,0.3279491540464132
7,4,0.6568696491382475,0.3801172914813655
7,4,0.636522379932849,0.3279491540464132
7,4,0.6568696491382475,0.3279491540464132
7,4,0.6568696491382475,0.3279491540464132
7,4,0.636522379932849,0.3279491540464132
7,4,0.636522379932849,0.2757810166114609
7,4,0.636522379932849,0.3279491540464132
7,4,0.6161751107274505,0.2757810166114609
7,4,0.636522379932849,0.2757810166114609
7,4,0.636522379932849,0.2757810166114609
7,4,0.6161751107274505,0.2757810166114609
7,4,0.6161751107274505,0.22361287917650863
7,4,0.6772169183436461,0.4322854289163178
7,4,0.6568696491382475,0.4322854289163178
7,4,0.6568696491382475,0.3801172914813655
7,4,0.6568696491382475,0.4322854289163178
7,4,0.636522379932849,0.3801172914813655
7,4,0.6568696491382475,0.3801172914813655
7,4,0.6568696491382475,0.3801172914813655
7,4,0.636522379932849,0.3801172914813655
7,4,0.636522379932849,0.3279491540464132
7,4,0.636522379932849,0.3801172914813655
7,4,0.6161751107274505,0.3279491540464132
7,4,0.636522379932849,0.3279491540464132
7,4,0.636522379932849,0.3279491540464132
7,4,0.6161751107274505,0.3279491540464132
7,4,0.6161751107274505,0.2757810166114609
7,4,0.6568696491382475,0.4322854289163178
7,4,0.636522379932849,0.4322854289163178
7,4,0.636522379932849,0.3801172914813655
7,4,0.636522379932849,0.4322854289163178
7,4,0.6161751107274505,0.3801172914813655
7,4,0.636522379932849,0.3801172914813655
7,4,0.636522379932849,0.3801172914813655
7,4,0.6161751107274505,0.3801172914813655
7,4,0.6161751107274505,0.3279491540464132
7,4,0.636522379932849,0.4322854289163178
7,4,0.6161751107274505,0.4322854289163178
7,4,0.6161751107274505,0.3801172914813655
7,5,0.6161751107274505,0.9627721920017471
7,5,0.636522379932849,0.9627721920017471
7,4,0.636522379932849,0.014940329436699429
7,5,0.636522379932849,0.9627721920017471
7,4,0.6568696491382475,0.014940329436699429
7,4,0.636522379932849,0.014940329436699429
7,4,0.636522379932849,0.014940329436699429
7,4,0.6568696491382475,0.014940329436699429
7,4,0.6568696491382475,0.06710846687165173
7,4,0.6568696491382475,0.014940329436699429
7,4,0.6772169183436461,0.06710846687165173
7,4,0.6568696491382475,0.06710846687165173
7,4,0.6568696491382475,0.06710846687165173
7,4,0.6772169183436461,0.06710846687165173
7,4,0.6772169183436461,0.11927660430660403
7,4,0.6772169183436461,0.06710846687165173
7,4,0.6975641875490446,0.11927660430660403
7,4,0.6772169183436461,0.11927660430660403
7,4,0.6772169183436461,0.11927660430660403
7,4,0.6975641875490446,0.11927660430660403
7,4,0.6975641875490446,0.17144474174155633
7,4,0.6975641875490446,0.11927660430660403
7,4,0.7179114567544431,0.17144474174155633
7,4,0.6975641875490446,0.17144474174155633
7,4,0.6975641875490446,0.17144474174155633
7,4,0.7179114567544431,0.17144474174155633
7,4,0.7179114567544431,0.22361287917650863
7,4,0.7179114567544431,0.17144474174155633
7,4,0.7382587259598417,0.22361287917650863
7,4,0.7179114567544431,0.22361287917650863
7,4,0.7179114567544431,0.22361287917650863
7,4,0.7382587259598417,0.22361287917650863
7,4,0.7382587259598417,0.2757810166114609
7,4,0.7382587259598417,0.22361287917650863
7,4,0.7586059951652402,0.2757810166114609
7,4,0.7382587259598417,0.2757810166114609
7,4,0.7382587259598417,0.2757810166114609
7,4,0.7586059951652402,0.2757810166114609
7,4,0.7586059951652402,0.3279491540464132
7,4,0.7586059951652402,0.2757810166114609
7,4,0.7789532643706387,0.3279491540464132
7,4,0.7586059951652402,0.3279491540464132
7,4,0.7586059951652402,0.3279491540464132
7,4,0.7789532643706387,0.3279491540464132
7,4,0.7789532643706387,0.3801172914813655
7,4,0.7789532643706387,0.3279491540464132
7,4,0.7993005335760373,0.3801172914813655
7,4,0.7789532643706387,0.3801172914813655
7,4,0.7789532643706387,0.3801172914813655
7,4,0.7993005335760373,0.3801172914813655
7,4,0.7993005335760373,0.4322854289163178
7,5,0.636522379932849,0.9627721920017471
7,5,0.6568696491382475,0.9627721920017471
7,4,0.6568696491382475,0.014940329436699429
7,5,0.6568696491382475,0.9627721920017471
7,4,0.6772169183436461,0.014940329436699429
7,4,0.6568696491382475,0.014940329436699429
7,4,0.6568696491382475,0.014940329436699429
7,4,0.6772169183436461,0.014940329436699429
7,4,0.6772169183436461,0.06710846687165173
7,4,0.6772169183436461,0.014940329436699429
7,4,0.6975641875490446,0.06710846687165173
7,4,0.6772169183436461,0.06710846687165173
7,4,0.6772169183436461,0.06710846687165173
7,4,0.6975641875490446,0.06710846687165173
7,4,0.6975641875490446,0.11927660430660403
7,4,0.6975641875490446,0.06710846687165173
7,4,0.7179114567544431,0.11927660430660403
7,4,0.6975641875490446,0.11927660430660403
7,4,0.6975641875490446,0.11927660430660403
7,4,0.7179114567544431,0.11927660430660403
7,4,0.7179114567544431,0.17144474174155633
7,4,0.7179114567544431,0.11927660430660403
7,4,0.7382587259598417,0.17144474174155633
7,4,0.7179114567544431,0.17144474174155633
7,4,0.7179114567544431,0.17144474174155633
7,4,0.7382587259598417,0.17144474174155633
7,4,0.7382587259598417,0.22361287917650863
7,4,0.7382587259598417,0.17144474174155633
7,4,0.7586059951652402,0.22361287917650863
7,4,0.7382587259598417,0.22361287917650863
7,4,0.7382587259598417,0.22361287917650863
7,4,0.7586059951652402,0.22361287917650863
7,4,0.7586059951652402,0.2757810166114609
7,4,0.7586059951652402,0.22361287917650863
7,4,0.7789532643706387,0.2757810166114609
7,4,0.7586059951652402,0.2757810166114609
7,4,0.7586059951652402,0.2757810166114609
7,4,0.7789532643706387,0.2757810166114609
7,4,0.7789532643706387,0.3279491540464132
7,4,0.7789532643706387,0.2757810166114609
7,4,0.7993005335760373,0.3279491540464132
7,4,0.7789532643706387,0.3279491540464132
7,4,0.7789532643706387,0.3279491540464132
7,4,0.7993005335760373,0.3279491540464132
7,4,0.7993005335760373,0.3801172914813655
7,5,0.6568696491382475,0.9627721920017471
7,5,0.6772169183436461,0.9627721920017471
7,4,0.6772169183436461,0.014940329436699429
7,5,0.6772169183436461,0.9627721920017471
7,4,0.6975641875490446,0.014940329436699429
7,4,0.6772169183436461,0.014940329436699429
7,4,0.6772169183436461,0.014940329436699429
7,4,0.6975641875490446,0.014940329436699429
7,4,0.6975641875490446,0.06710846687165173
7,4,0.6975641875490446,0.014940329436699429
7,4,0.7179114567544431,0.06710846687165173
7,4,0.6975641875490446,0.06710846687165173
7,4,0.6975641875490446,0.06710846687165173
7,4,0.7179114567544431,0.06710846687165173
7,4,0.7179114567544431,0.11927660430660403
7,4,0.7179114567544431,0.06710846687165173
7,4,0.7382587259598417,0.11927660430660403
7,4,0.7179114567544431,0.11927660430660403
7,4,0.7179114567544431,0.11927660430660403
7,4,0.7382587259598417,0.11927660430660403
7,4,0.7382587259598417,0.17144474174155633
7,4,0.7382587259598417,0.11927660430660403
7,4,0.7586059951652402,0.17144474174155633
7,4,0.7382587259598417,0.17144474174155633
7,4,0.7382587259598417,0.17144474174155633
7,4,0.7586059951652402,0.17144474174155633
7,4,0.7586059951652402,0.22361287917650863
7,4,0.7586059951652402,0.17144474174155633
7,4,0.7789532643706387,0.22361287917650863
7,4,0.7586059951652402,0.22361287917650863
7,4,0.7586059951652402,0.22361287917650863
7,4,0.7789532643706387,0.22361287917650863
7,4,0.7789532643706387,0.2757810166114609
7,4,0.7789532643706387,0.22361287917650863
7,4,0.7993005335760373,0.2757810166114609
7,4,0.7789532643706387,0.2757810166114609
7,4,0.7789532643706387,0.2757810166114609
7,4,0.7993005335760373,0.2757810166114609
7,4,0.7993005335760373,0.3279491540464132
7,5,0.6772169183436461,0.9627721920017471
7,5,0.6975641875490446,0.9627721920017471
7,4,0.6975641875490446,0.014940329436699429
7,5,0.6975641875490446,0.9627721920017471
7,4,0.7179114567544431,0.014940329436699429
7,4,0.6975641875490446,0.014940329436699429
7,4,0.6975641875490446,0.014940329436699429
7,4,0.7179114567544431,0.014940329436699429
7,4,0.7179114567544431,0.06710846687165173
7,4,0.7179114567544431,0.014940329436699429
7,4,0.7382587259598417,0.06710846687165173
7,4,0.7179114567544431,0.06710846687165173
7,4,0.7179114567544431,0.06710846687165173
7,4,0.7382587259598417,0.06710846687165173
7,4,0.7382587259598417,0.11927660430660403
7,4,0.7382587259598417,0.06710846687165173
7,4,0.7586059951652402,0.11927660430660403
7,4,0.7382587259598417,0.11927660430660403
7,4,0.7382587259598417,0.11927660430660403
7,4,0.7586059951652402,0.11927660430660403
7,4,0.7586059951652402,0.17144474174155633
7,4,0.7586059951652402,0.11927660430660403
7,4,0.7789532643706387,0.17144474174155633
7,4,0.7586059951652402,0.17144474174155633
7,4,0.7586059951652402,0.17144474174155633
7,4,0.7789532643706387,0.17144474174155633
7,4,0.7789532643706387,0.22361287917650863
7,4,0.7789532643706387,0.17144474174155633
7,4,0.7993005335760373,0.22361287917650863
7,4,0.7789532643706387,0.22361287917650863
7,4,0.7789532643706387,0.22361287917650863
7,4,0.7993005335760373,0.22361287917650863
7,4,0.7993005335760373,0.2757810166114609
7,5,0.6975641875490446,0.9627721920017471
7,5,0.7179114567544431,0.9627721920017471
7,4,0.7179114567544431,0.014940329436699429
7,5,0.7179114567544431,0.9627721920017471
7,4,0.7382587259598417,0.014940329436699429
7,4,0.7179114567544431,0.014940329436699429
7,4,0.7179114567544431,0.014940329436699429
7,4,0.7382587259598417,0.014940329436699429
7,4,0.7382587259598417,0.06710846687165173
7,4,0.7382587259598417,0.014940329436699429
7,4,0.7586059951652402,0.06710846687165173
7,4,0.7382587259598417,0.06710846687165173
7,4,0.7382587259598417,0.06710846687165173
7,4,0.7586059951652402,0.06710846687165173
7,4,0.7586059951652402,0.11927660430660403
7,4,0.7586059951652402,0.06710846687165173
7,4,0.7789532643706387,0.11927660430660403
7,4,0.7586059951652402,0.11927660430660403
7,4,0.7586059951652402,0.11927660430660403
7,4,0.7789532643706387,0.11927660430660403
7,4,0.7789532643706387,0.17144474174155633
7,4,0.7789532643706387,0.11927660430660403
7,4,0.7993005335760373,0.17144474174155633
7,4,0.7789532643706387,0.17144474174155633
7,4,0.7789532643706387,0.17144474174155633
7,4,0.7993005335760373,0.17144474174155633
7,4,0.7993005335760373,0.22361287917650863
7,5,0.7179114567544431,0.9627721920017471
7,5,0.7382587259598417,0.9627721920017471
7,4,0.7382587259598417,0.014940329436699429
7,5,0.7382587259598417,0.9627721920017471
7,4,0.7586059951652402,0.014940329436699429
7,4,0.7382587259598417,0.014940329436699429
7,4,0.7382587259598417,0.014940329436699429
7,4,0.7586059951652402,0.014940329436699429
7,4,0.7586059951652402,0.06710846687165173
7,4,0.7586059951652402,0.014940329436699429
7,4,0.7789532643706387,0.06710846687165173
7,4,0.7586059951652402,0.06710846687165173
7,4,0.7586059951652402,0.06710846687165173
7,4,0.7789532643706387,0.06710846687165173
7,4,0.7789532643706387,0.11927660430660403
7,4,0.7789532643706387,0.06710846687165173
7,4,0.7993005335760373,0.11927660430660403
7,4,0.7789532643706387,0.11927660430660403
7,4,0.7789532643706387,0.11927660430660403
7,4,0.7993005335760373,0.11927660430660403
7,4,0.7993005335760373,0.17144474174155633
7,5,0.7382587259598417,0.9627721920017471
7,5,0.7586059951652402,0.9627721920017471
7,4,0.7586059951652402,0.014940329436699429
7,5,0.7586059951652402,0.9627721920017471
7,4,0.7789532643706387,0.014940329436699429
7,4,0.7586059951652402,0.014940329436699429
7,4,0.7586059951652402,0.014940329436699429
7,4,0.7789532643706387,0.014940329436699429
7,4,0.7789532643706387,0.06710846687165173
7,4,0.7789532643706387,0.014940329436699429
7,4,0.7993005335760373,0.06710846687165173
7,4,0.7789532643706387,0.06710846687165173
7,4,0.7789532643706387,0.06710846687165173
7,4,0.7993005335760373,0.06710846687165173
7,4,0.7993005335760373,0.11927660430660403
7,5,0.7586059951652402,0.9627721920017471
7,5,0.7789532643706387,0.9627721920017471
7,4,0.7789532643706387,0.014940329436699429
7,5,0.7789532643706387,0.9627721920017471
7,4,0.7993005335760373,0.014940329436699429
7,4,0.7789532643706387,0.014940329436699429
7,4,0.7789532643706387,0.014940329436699429
7,4,0.7993005335760373,0.014940329436699429
7,4,0.7993005335760373,0.06710846687165173
7,5,0.7789532643706387,0.9627721920017471
7,5,0.7993005335760373,0.9627721920017471
7,4,0.7993005335760373,0.014940329436699429
7,4,0.7993005335760373,0.4322854289163178
7,4,0.7993005335760373,0.3801172914813655
7,4,0.8196854829095939,0.3801172914813655
7,4,0.7993005335760373,0.3801172914813655
7,4,0.8196854829095939,0.3279491540464132
7,4,0.8196854829095939,0.3801172914813655
7,4,0.8196854829095939,0.3801172914813655
7,4,0.8196854829095939,0.3279491540464132
7,4,0.8400704322431505,0.3279491540464132
7,4,0.8196854829095939,0.3279491540464132
7,4,0.8400704322431505,0.2757810166114609
7,4,0.8400704322431505,0.3279491540464132
7,4,0.8400704322431505,0.3279491540464132
7,4,0.8400704322431505,0.2757810166114609
7,4,0.8604553815767071,0.2757810166114609
7,4,0.8400704322431505,0.2757810166114609
7,4,0.8604553815767071,0.22361287917650863
7,4,0.8604553815767071,0.2757810166114609
7,4,0.8604553815767071,0.2757810166114609
7,4,0.8604553815767071,0.22361287917650863
7,4,0.8808403309102637,0.22361287917650863
7,4,0.8604553815767071,0.22361287917650863
7,4,0.8808403309102637,0.17144474174155633
7,4,0.8808403309102637,0.22361287917650863
7,4,0.8808403309102637,0.22361287917650863
7,4,0.8808403309102637,0.17144474174155633
7,4,0.9012252802438203,0.17144474174155633
7,4,0.8808403309102637,0.17144474174155633
7,4,0.9012252802438203,0.11927660430660403
7,4,0.9012252802438203,0.17144474174155633
7,4,0.9012252802438203,0.17144474174155633
7,4,0.9012252802438203,0.11927660430660403
7,4,0.9216102295773769,0.11927660430660403
7,4,0.9012252802438203,0.11927660430660403
7,4,0.9216102295773769,0.06710846687165173
7,4,0.9216102295773769,0.11927660430660403
7,4,0.9216102295773769,0.11927660430660403
7,4,0.9216102295773769,0.06710846687165173
7,4,0.9419951789109335,0.06710846687165173
7,4,0.9216102295773769,0.06710846687165173
7,4,0.9419951789109335,0.014940329436699429
7,4,0.9419951789109335,0.06710846687165173
7,4,0.9419951789109335,0.06710846687165173
7,4,0.9419951789109335,0.014940329436699429
7,4,0.9623801282444902,0.014940329436699429
7,4,0.9419951789109335,0.014940329436699429
7,5,0.9623801282444902,0.9627721920017471
7,4,0.9623801282444902,0.014940329436699429
7,4,0.9623801282444902,0.014940329436699429
7,5,0.9623801282444902,0.9627721920017471
7,5,0.9827650775780468,0.9627721920017471
7,4,0.7993005335760373,0.3801172914813655
7,4,0.7993005335760373,0.3279491540464132
7,4,0.8196854829095939,0.3279491540464132
7,4,0.7993005335760373,0.3279491540464132
7,4,0.8196854829095939,0.2757810166114609
7,4,0.8196854829095939,0.3279491540464132
7,4,0.8196854829095939,0.3279491540464132
7,4,0.8196854829095939,0.2757810166114609
7,4,0.8400704322431505,0.2757810166114609
7,4,0.8196854829095939,0.2757810166114609
7,4,0.8400704322431505,0.22361287917650863
7,4,0.8400704322431505,0.2757810166114609
7,4,0.8400704322431505,0.2757810166114609
7,4,0.8400704322431505,0.22361287917650863
7,4,0.8604553815767071,0.22361287917650863
7,4,0.8400704322431505,0.22361287917650863
7,4,0.8604553815767071,0.17144474174155633
7,4,0.8604553815767071,0.22361287917650863
7,4,0.8604553815767071,0.22361287917650863
7,4,0.8604553815767071,0.17144474174155633
7,4,0.8808403309102637,0.17144474174155633
7,4,0.8604553815767071,0.17144474174155633
7,4,0.8808403309102637,0.11927660430660403
7,4,0.8808403309102637,0.17144474174155633
7,4,0.8808403309102637,0.17144474174155633
7,4,0.8808403309102637,0.11927660430660403
7,4,0.9012252802438203,0.11927660430660403
7,4,0.8808403309102637,0.11927660430660403
7,4,0.9012252802438203,0.06710846687165173
7,4,0.9012252802438203,0.11927660430660403
7,4,0.9012252802438203,0.11927660430660403
7,4,0.9012252802438203,0.06710846687165173
7,4,0.9216102295773769,0.06710846687165173
7,4,0.9012252802438203,0.06710846687165173
7,4,0.9216102295773769,0.014940329436699429
7,4,0.9216102295773769,0.06710846687165173
7,4,0.9216102295773769,0.06710846687165173
7,4,0.9216102295773769,0.014940329436699429
7,4,0.9419951789109335,0.014940329436699429
7,4,0.9216102295773769,0.014940329436699429
7,5,0.9419951789109335,0.9627721920017471
7,4,0.9419951789109335,0.014940329436699429
7,4,0.9419951789109335,0.014940329436699429
7,5,0.9419951789109335,0.9627721920017471
7,5,0.9623801282444902,0.9627721920017471
7,4,0.7993005335760373,0.3279491540464132
7,4,0.7993005335760373,0.2757810166114609
7,4,0.8196854829095939,0.2757810166114609
7,4,0.7993005335760373,0.2757810166114609
7,4,0.8196854829095939,0.22361287917650863
7,4,0.8196854829095939,0.2757810166114609
7,4,0.8196854829095939,0.2757810166114609
7,4,0.8196854829095939,0.22361287917650863
7,4,0.8400704322431505,0.22361287917650863
7,4,0.8196854829095939,0.22361287917650863
7,4,0.8400704322431505,0.17144474174155633
7,4,0.8400704322431505,0.22361287917650863
7,4,0.8400704322431505,0.22361287917650863
7,4,0.8400704322431505,0.17144474174155633
7,4,0.8604553815767071,0.17144474174155633
7,4,0.8400704322431505,0.17144474174155633
7,4,0.8604553815767071,0.11927660430660403
7,4,0.8604553815767071,0.17144474174155633
7,4,0.8604553815767071,0.17144474174155633
7,4,0.8604553815767071,0.11927660430660403
7,4,0.8808403309102637,0.11927660430660403
7,4,0.8604553815767071,0.11927660430660403
7,4,0.8808403309102637,0.06710846687165173
7,4,0.8808403309102637,0.11927660430660403
7,4,0.8808403309102637,0.11927660430660403
7,4,0.8808403309102637,0.06710846687165173
7,4,0.9012252802438203,0.06710846687165173
7,4,0.8808403309102637,0.06710846687165173
7,4,0.9012252802438203,0.014940329436699429
7,4,0.9012252802438203,0.06710846687165173
7,4,0.9012252802438203,0.06710846687165173
7,4,0.9012252802438203,0.014940329436699429
7,4,0.9216102295773769,0.014940329436699429
7,4,0.9012252802438203,0.014940329436699429
7,5,0.9216102295773769,0.9627721920017471
7,4,0.9216102295773769,0.014940329436699429
7,4,0.9216102295773769,0.014940329436699429
7,5,0.9216102295773769,0.9627721920017471
7,5,0.9419951789109335,0.9627721920017471
7,4,0.7993005335760373,0.2757810166114609
7,4,0.7993005335760373,0.22361287917650863
7,4,0.8196854829095939,0.22361287917650863
7,4,0.7993005335760373,0.22361287917650863
7,4,0.8196854829095939,0.17144474174155633
7,4,0.8196854829095939,0.22361287917650863
7,4,0.8196854829095939,0.22361287917650863
7,4,0.8196854829095939,0.17144474174155633
7,4,0.8400704322431505,0.17144474174155633
7,4,0.8196854829095939,0.17144474174155633
7,4,0.8400704322431505,0.11927660430660403
7,4,0.8400704322431505,0.17144474174155633
7,4,0.8400704322431505,0.17144474174155633
7,4,0.8400704322431505,0.11927660430660403
7,4,0.8604553815767071,0.11927660430660403
7,4,0.8400704322431505,0.11927660430660403
7,4,0.8604553815767071,0.06710846687165173
7,4,0.8604553815767071,0.11927660430660403
7,4,0.8604553815767071,0.11927660430660403
7,4,0.8604553815767071,0.06710846687165173
7,4,0.8808403309102637,0.06710846687165173
7,4,0.8604553815767071,0.06710846687165173
7,4,0.8808403309102637,0.014940329436699429
7,4,0.8808403309102637,0.06710846687165173
7,4,0.8808403309102637,0.06710846687165173
7,4,0.8808403309102637,0.014940329436699429
7,4,0.9012252802438203,0.014940329436699429
7,4,0.8808403309102637,0.014940329436699429
7,5,0.9012252802438203,0.9627721920017471
7,4,0.9012252802438203,0.014940329436699429
7,4,0.9012252802438203,0.014940329436699429
7,5,0.9012252802438203,0.9627721920017471
7,5,0.9216102295773769,0.9627721920017471
7,4,0.7993005335760373,0.22361287917650863
7,4,0.7993005335760373,0.17144474174155633
7,4,0.8196854829095939,0.17144474174155633
7,4,0.7993005335760373,0.17144474174155633
7,4,0.8196854829095939,0.11927660430660403
7,4,0.8196854829095939,0.17144474174155633
7,4,0.8196854829095939,0.17144474174155633
7,4,0.8196854829095939,0.11927660430660403
7,4,0.8400704322431505,0.11927660430660403
7,4,0.8196854829095939,0.11927660430660403
7,4,0.8400704322431505,0.06710846687165173
7,4,0.8400704322431505,0.11927660430660403
7,4,0.8400704322431505,0.11927660430660403
7,4,0.8400704322431505,0.06710846687165173
7,4,0.8604553815767071,0.06710846687165173
7,4,0.8400704322431505,0.06710846687165173
7,4,0.8604553815767071,0.014940329436699429
7,4,0.8604553815767071,0.06710846687165173
7,4,0.8604553815767071,0.06710846687165173
7,4,0.8604553815767071,0.014940329436699429
7,4,0.8808403309102637,0.014940329436699429
7,4,0.8604553815767071,0.014940329436699429
7,5,0.8808403309102637,0.9627721920017471
7,4,0.8808403309102637,0.014940329436699429
7,4,0.8808403309102637,0.014940329436699429
7,5,0.8808403309102637,0.9627721920017471
7,5,0.9012252802438203,0.9627721920017471
7,4,0.7993005335760373,0.17144474174155633
7,4,0.7993005335760373,0.11927660430660403
7,4,0.8196854829095939,0.11927660430660403
7,4,0.7993005335760373,0.11927660430660403
7,4,0.8196854829095939,0.06710846687165173
7,4,0.8196854829095939,0.11927660430660403
7,4,0.8196854829095939,0.11927660430660403
7,4,0.8196854829095939,0.06710846687165173
7,4,0.8400704322431505,0.06710846687165173
7,4,0.8196854829095939,0.06710846687165173
7,4,0.8400704322431505,0.014940329436699429
7,4,0.8400704322431505,0.06710846687165173
7,4,0.8400704322431505,0.06710846687165173
7,4,0.8400704322431505,0.014940329436699429
7,4,0.8604553815767071,0.014940329436699429
7,4,0.8400704322431505,0.014940329436699429
7,5,0.8604553815767071,0.9627721920017471
7,4,0.8604553815767071,0.014940329436699429
7,4,0.8604553815767071,0.014940329436699429
7,5,0.8604553815767071,0.9627721920017471
7,5,0.8808403309102637,0.9627721920017471
7,4,0.7993005335760373,0.11927660430660403
7,4,0.7993005335760373,0.06710846687165173
7,4,0.8196854829095939,0.06710846687165173
7,4,0.7993005335760373,0.06710846687165173
7,4,0.8196854829095939,0.014940329436699429
7,4,0.8196854829095939,0.06710846687165173
7,4,0.8196854829095939,0.06710846687165173
7,4,0.8196854829095939,0.014940329436699429
7,4,0.8400704322431505,0.014940329436699429
7,4,0.8196854829095939,0.014940329436699429
7,5,0.8400704322431505,0.9627721920017471
7,4,0.8400704322431505,0.014940329436699429
7,4,0.8400704322431505,0.014940329436699429
7,5,0.8400704322431505,0.9627721920017471
7,5,0.8604553815767071,0.9627721920017471
7,4,0.7993005335760373,0.06710846687165173
7,4,0.7993005335760373,0.014940329436699429
7,4,0.8196854829095939,0.014940329436699429
7,4,0.7993005335760373,0.014940329436699429
7,5,0.8196854829095939,0.9627721920017471
7,4,0.8196854829095939,0.014940329436699429
7,4,0.8196854829095939,0.014940329436699429
7,5,0.8196854829095939,0.9627721920017471
7,5,0.8400704322431505,0.9627721920017471
7,4,0.7993005335760373,0.014940329436699429
7,5,0.7993005335760373,0.9627721920017471
7,5,0.8196854829095939,0.9627721920017471
7,5,0.9827650775780468,0.9627721920017471
7,4,0.9827650775780468,0.014940329436699429
7,4,0.9623801282444902,0.014940329436699429
7,4,0.9827650775780468,0.014940329436699429
7,4,0.9623801282444902,0.06710846687165173
7,4,0.9623801282444902,0.014940329436699429
7,4,0.9623801282444902,0.014940329436699429
7,4,0.9623801282444902,0.06710846687165173
7,4,0.9419951789109335,0.06710846687165173
7,4,0.9623801282444902,0.06710846687165173
7,4,0.9419951789109335,0.11927660430660403
7,4,0.9419951789109335,0.06710846687165173
7,4,0.9419951789109335,0.06710846687165173
7,4,0.9419951789109335,0.11927660430660403
7,4,0.9216102295773769,0.11927660430660403
7,4,0.9419951789109335,0.11927660430660403
7,4,0.9216102295773769,0.17144474174155633
7,4,0.9216102295773769,0.11927660430660403
7,4,0.9216102295773769,0.11927660430660403
7,4,0.9216102295773769,0.17144474174155633
7,4,0.9012252802438203,0.17144474174155633
7,4,0.9216102295773769,0.17144474174155633
7,4,0.9012252802438203,0.22361287917650863
7,4,0.9012252802438203,0.17144474174155633
7,4,0.9012252802438203,0.17144474174155633
7,4,0.9012252802438203,0.22361287917650863
7,4,0.8808403309102637,0.22361287917650863
7,4,0.9012252802438203,0.22361287917650863
7,4,0.8808403309102637,0.2757810166114609
7,4,0.8808403309102637,0.22361287917650863
7,4,0.8808403309102637,0.22361287917650863
7,4,0.8808403309102637,0.2757810166114609
7,4,0.8604553815767071,0.2757810166114609
7,4,0.8808403309102637,0.2757810166114609
7,4,0.8604553815767071,0.3279491540464132
7,4,0.8604553815767071,0.2757810166114609
7,4,0.8604553815767071,0.2757810166114609
7,4,0.8604553815767071,0.3279491540464132
7,4,0.8400704322431505,0.3279491540464132
7,4,0.8604553815767071,0.3279491540464132
7,4,0.8400704322431505,0.3801172914813655
7,4,0.8400704322431505,0.3279491540464132
7,4,0.8400704322431505,0.3279491540464132
7,4,0.8400704322431505,0.3801172914813655
7,4,0.8196854829095939,0.3801172914813655
7,4,0.8400704322431505,0.3801172914813655
7,4,0.8196854829095939,0.4322854289163178
7,4,0.8196854829095939,0.3801172914813655
7,4,0.8196854829095939,0.3801172914813655
7,4,0.8196854829095939,0.4322854289163178
7,4,0.7993005335760373,0.4322854289163178
7,4,0.9827650775780468,0.014940329436699429
7,4,0.9827650775780468,0.06710846687165173
7,4,0.9623801282444902,0.06710846687165173
7,4,0.9827650775780468,0.06710846687165173
7,4,0.9623801282444902,0.11927660430660403
7,4,0.9623801282444902,0.06710846687165173
7,4,0.9623801282444902,0.06710846687165173
7,4,0.9623801282444902,0.11927660430660403
7,4,0.9419951789109335,0.11927660430660403
7,4,0.9623801282444902,0.11927660430660403
7,4,0.9419951789109335,0.17144474174155633
7,4,0.9419951789109335,0.11927660430660403
7,4,0.9419951789109335,0.11927660430660403
7,4,0.9419951789109335,0.17144474174155633
7,4,0.9216102295773769,0.17144474174155633
7,4,0.9419951789109335,0.17144474174155633
7,4,0.9216102295773769,0.22361287917650863
7,4,0.9216102295773769,0.17144474174155633
7,4,0.9216102295773769,0.17144474174155633
7,4,0.9216102295773769,0.22361287917650863
7,4,0.9012252802438203,0.22361287917650863
7,4,0.9216102295773769,0.22361287917650863
7,4,0.9012252802438203,0.2757810166114609
7,4,0.9012252802438203,0.22361287917650863
7,4,0.9012252802438203,0.22361287917650863
7,4,0.9012252802438203,0.2757810166114609
7,4,0.8808403309102637,0.2757810166114609
7,4,0.9012252802438203,0.2757810166114609
7,4,0.8808403309102637,0.3279491540464132
7,4,0.8808403309102637,0.2757810166114609
7,4,0.8808403309102637,0.2757810166114609
7,4,0.8808403309102637,0.3279491540464132
7,4,0.8604553815767071,0.3279491540464132
7,4,0.8808403309102637,0.3279491540464132
7,4,0.8604553815767071,0.3801172914813655
7,4,0.8604553815767071,0.3279491540464132
7,4,0.8604553815767071,0.3279491540464132
7,4,0.8604553815767071,0.3801172914813655
7,4,0.8400704322431505,0.3801172914813655
7,4,0.8604553815767071,0.3801172914813655
7,4,0.8400704322431505,0.4322854289163178
7,4,0.8400704322431505,0.3801172914813655
7,4,0.8400704322431505,0.3801172914813655
7,4,0.8400704322431505,0.4322854289163178
7,4,0.8196854829095939,0.4322854289163178
7,4,0.9827650775780468,0.06710846687165173
7,4,0.9827650775780468,0.11927660430660403
7,4,0.9623801282444902,0.11927660430660403
7,4,0.9827650775780468,0.11927660430660403
7,4,0.9623801282444902,0.17144474174155633
7,4,0.9623801282444902,0.11927660430660403
7,4,0.9623801282444902,0.11927660430660403
7,4,0.9623801282444902,0.17144474174155633
7,4,0.9419951789109335,0.17144474174155633
7,4,0.9623801282444902,0.17144474174155633
7,4,0.9419951789109335,0.22361287917650863
7,4,0.9419951789109335,0.17144474174155633
7,4,0.9419951789109335,0.17144474174155633
7,4,0.9419951789109335,0.22361287917650863
7,4,0.9216102295773769,0.22361287917650863
7,4,0.9419951789109335,0.22361287917650863
7,4,0.9216102295773769,0.2757810166114609
7,4,0.9216102295773769,0.22361287917650863
7,4,0.9216102295773769,0.22361287917650863
7,4,0.9216102295773769,0.2757810166114609
7,4,0.9012252802438203,0.2757810166114609
7,4,0.9216102295773769,0.2757810166114609
7,4,0.9012252802438203,0.3279491540464132
7,4,0.9012252802438203,0.2757810166114609
7,4,0.9012252802438203,0.2757810166114609
7,4,0.9012252802438203,0.3279491540464132
7,4,0.8808403309102637,0.3279491540464132
7,4,0.9012252802438203,0.3279491540464132
7,4,0.8808403309102637,0.3801172914813655
7,4,0.8808403309102637,0.3279491540464132
7,4,0.8808403309102637,0.3279491540464132
7,4,0.8808403309102637,0.3801172914813655
7,4,0.8604553815767071,0.3801172914813655
7,4,0.8808403309102637,0.3801172914813655
7,4,0.8604553815767071,0.4322854289163178
7,4,0.8604553815767071,0.3801172914813655
7,4,0.8604553815767071,0.3801172914813655
7,4,0.8604553815767071,0.4322854289163178
7,4,0.8400704322431505,0.4322854289163178
7,4,0.9827650775780468,0.11927660430660403
7,4,0.9827650775780468,0.17144474174155633
7,4,0.9623801282444902,0.17144474174155633
7,4,0.9827650775780468,0.17144474174155633
7,4,0.9623801282444902,0.22361287917650863
7,4,0.9623801282444902,0.17144474174155633
7,4,0.9623801282444902,0.17144474174155633
7,4,0.9623801282444902,0.22361287917650863
7,4,0.9419951789109335,0.22361287917650863
7,4,0.9623801282444902,0.22361287917650863
7,4,0.9419951789109335,0.2757810166114609
7,4,0.9419951789109335,0.22361287917650863
7,4,0.9419951789109335,0.22361287917650863
7,4,0.9419951789109335,0.2757810166114609
7,4,0.9216102295773769,0.2757810166114609
7,4,0.9419951789109335,0.2757810166114609
7,4,0.9216102295773769,0.3279491540464132
7,4,0.9216102295773769,0.2757810166114609
7,4,0.9216102295773769,0.2757810166114609
7,4,0.9216102295773769,0.3279491540464132
7,4,0.9012252802438203,0.3279491540464132
7,4,0.9216102295773769,0.3279491540464132
7,4,0.9012252802438203,0.3801172914813655
7,4,0.9012252802438203,0.3279491540464132
7,4,0.9012252802438203,0.3279491540464132
7,4,0.9012252802438203,0.3801172914813655
7,4,0.8808403309102637,0.3801172914813655
7,4,0.9012252802438203,0.3801172914813655
7,4,0.8808403309102637,0.4322854289163178
7,4,0.8808403309102637,0.3801172914813655
7,4,0.8808403309102637,0.3801172914813655
7,4,0.8808403309102637,0.4322854289163178
7,4,0.8604553815767071,0.4322854289163178
7,4,0.9827650775780468,0.17144474174155633
7,4,0.9827650775780468,0.22361287917650863
7,4,0.9623801282444902,0.22361287917650863
7,4,0.9827650775780468,0.22361287917650863
7,4,0.9623801282444902,0.2757810166114609
7,4,0.9623801282444902,0.22361287917650863
7,4,0.9623801282444902,0.22361287917650863
7,4,0.9623801282444902,0.2757810166114609
7,4,0.9419951789109335,0.2757810166114609
7,4,0.9623801282444902,0.2757810166114609
7,4,0.9419951789109335,0.3279491540464132
7,4,0.9419951789109335,0.2757810166114609
7,4,0.9419951789109335,0.2757810166114609
7,4,0.9419951789109335,0.3279491540464132
7,4,0.9216102295773769,0.3279491540464132
7,4,0.9419951789109335,0.3279491540464132
7,4,0.9216102295773769,0.3801172914813655
7,4,0.9216102295773769,0.3279491540464132
7,4,0.9216102295773769,0.3279491540464132
7,4,0.9216102295773769,0.3801172914813655
7,4,0.9012252802438203,0.3801172914813655
7,4,0.9216102295773769,0.3801172914813655
7,4,0.9012252802438203,0.4322854289163178
7,4,0.9012252802438203,0.3801172914813655
7,4,0.9012252802438203,0.3801172914813655
7,4,0.9012252802438203,0.4322854289163178
7,4,0.8808403309102637,0.4322854289163178
7,4,0.9827650775780468,0.22361287917650863
7,4,0.9827650775780468,0.2757810166114609
7,4,0.9623801282444902,0.2757810166114609
7,4,0.9827650775780468,0.2757810166114609
7,4,0.9623801282444902,0.3279491540464132
7,4,0.9623801282444902,0.2757810166114609
7,4,0.9623801282444902,0.2757810166114609
7,4,0.9623801282444902,0.3279491540464132
7,4,0.9419951789109335,0.3279491540464132
7,4,0.9623801282444902,0.3279491540464132
7,4,0.9419951789109335,0.3801172914813655
7,4,0.9419951789109335,0.3279491540464132
7,4,0.9419951789109335,0.3279491540464132
7,4,0.9419951789109335,0.3801172914813655
7,4,0.9216102295773769,0.3801172914813655
7,4,0.9419951789109335,0.3801172914813655
7,4,0.9216102295773769,0.4322854289163178
7,4,0.9216102295773769,0.3801172914813655
7,4,0.9216102295773769,0.3801172914813655
7,4,0.9216102295773769,0.4322854289163178
7,4,0.9012252802438203,0.4322854289163178
7,4,0.9827650775780468,0.2757810166114609
7,4,0.9827650775780468,0.3279491540464132
7,4,0.9623801282444902,0.3279491540464132
7,4,0.9827650775780468,0.3279491540464132
7,4,0.9623801282444902,0.3801172914813655
7,4,0.9623801282444902,0.3279491540464132
7,4,0.9623801282444902,0.3279491540464132
7,4,0.9623801282444902,0.3801172914813655
7,4,0.9419951789109335,0.3801172914813655
7,4,0.9623801282444902,0.3801172914813655
7,4,0.9419951789109335,0.4322854289163178
7,4,0.9419951789109335,0.3801172914813655
7,4,0.9419951789109335,0.3801172914813655
7,4,0.9419951789109335,0.4322854289163178
7,4,0.9216102295773769,0.4322854289163178
7,4,0.9827650775780468,0.3279491540464132
7,4,0.9827650775780468,0.3801172914813655
7,4,0.9623801282444902,0.3801172914813655
7,4,0.9827650775780468,0.3801172914813655
7,4,0.9623801282444902,0.4322854289163178
7,4,0.9623801282444902,0.3801172914813655
7,4,0.9623801282444902,0.3801172914813655
7,4,0.9623801282444902,0.4322854289163178
7,4,0.9419951789109335,0.4322854289163178
7,4,0.9827650775780468,0.3801172914813655
7,4,0.9827650775780468,0.4322854289163178
7,4,0.9623801282444902,0.4322854289163178
7,4,0.9900000000000002,0.9900000000000002
7,4,0.8506373764133262,0.8487396521883346
7,3,0.8506373764133262,0.1312603478116663
8,4,0.12936262358667427,0.8487396521883346
8,3,0.12936262358667427,0.1312603478116663
8,4,0.042401759525771965,0.7566857949996901
8,4,0.06405583849278429,0.7566857949996901
8,4,0.06405583849278429,0.8118671322547444
8,4,0.06405583849278429,0.7566857949996901
8,4,0.08570991745979484,0.8118671322547444
8,4,0.06405583849278429,0.8118671322547444
8,4,0.06405583849278429,0.8118671322547444
8,4,0.08570991745979484,0.8118671322547444
8,4,0.08570991745979484,0.8670484695097986
8,4,0.08570991745979484,0.8118671322547444
8,4,0.10736399642680716,0.8670484695097986
8,4,0.08570991745979484,0.8670484695097986
8,4,0.08570991745979484,0.8670484695097986
8,4,0.10736399642680716,0.8670484695097986
8,4,0.10736399642680716,0.9222298067648529
8,4,0.10736399642680716,0.8670484695097986
8,4,0.1290180753938195,0.9222298067648529
8,4,0.10736399642680716,0.9222298067648529
8,4,0.10736399642680716,0.9222298067648529
8,4,0.1290180753938195,0.9222298067648529
8,4,0.1290180753938195,0.9774111440199071
8,4,0.1290180753938195,0.9222298067648529
8,4,0.1506721543608318,0.9774111440199071
8,4,0.1290180753938195,0.9774111440199071
8,4,0.1290180753938195,0.9774111440199071
8,4,0.1506721543608318,0.9774111440199071
8,3,0.1506721543608318,0.03259248127496184
8,4,0.1506721543608318,0.9774111440199071
8,3,0.17232623332784414,0.03259248127496184
8,3,0.1506721543608318,0.03259248127496184
8,3,0.1506721543608318,0.03259248127496184
8,3,0.17232623332784414,0.03259248127496184
8,3,0.17232623332784414,0.08777381853001609
8,3,0.17232623332784414,0.03259248127496184
8,3,0.19398031229485468,0.08777381853001609
8,3,0.17232623332784414,0.08777381853001609
8,3,0.17232623332784414,0.08777381853001609
8,3,0.19398031229485468,0.08777381853001609
8,3,0.19398031229485468,0.1429551557850708
8,3,0.19398031229485468,0.08777381853001609
8,3,0.215634391261867,0.1429551557850708
8,3,0.19398031229485468,0.1429551557850708
8,3,0.19398031229485468,0.1429551557850708
8,3,0.215634391261867,0.1429551557850708
8,3,0.215634391261867,0.19813649304012504
8,4,0.06405583849278429,0.7566857949996901
8,4,0.08570991745979484,0.7566857949996901
8,4,0.08570991745979484,0.8118671322547444
8,4,0.08570991745979484,0.7566857949996901
8,4,0.10736399642680716,0.8118671322547444
8,4,0.08570991745979484,0.8118671322547444
8,4,0.08570991745979484,0.8118671322547444
8,4,0.10736399642680716,0.8118671322547444
8,4,0.10736399642680716,0.8670484695097986
8,4,0.10736399642680716,0.8118671322547444
8,4,0.1290180753938195,0.8670484695097986
8,4,0.10736399642680716,0.8670484695097986
8,4,0.10736399642680716,0.8670484695097986
8,4,0.1290180753938195,0.8670484695097986
8,4,0.1290180753938195,0.9222298067648529
8,4,0.1290180753938195,0.8670484695097986
8,4,0.1506721543608318,0.9222298067648529
8,4,0.1290180753938195,0.9222298067648529
8,4,0.1290180753938195,0.9222298067648529
8,4,0.1506721543608318,0.9222298067648529
8,4,0.1506721543608318,0.9774111440199071
8,4,0.1506721543608318,0.9222298067648529
8,4,0.17232623332784414,0.9774111440199071
8,4,0.1506721543608318,0.9774111440199071
8,4,0.1506721543608318,0.9774111440199071
8,4,0.17232623332784414,0.9774111440199071
8,3,0.17232623332784414,0.03259248127496184
8,4,0.17232623332784414,0.9774111440199071
8,3,0.19398031229485468,0.03259248127496184
8,3,0.17232623332784414,0.03259248127496184
8,3,0.17232623332784414,0.03259248127496184
8,3,0.19398031229485468,0.03259248127496184
8,3,0.19398031229485468,0.08777381853001609
8,3,0.19398031229485468,0.03259248127496184
8,3,0.215634391261867,0.08777381853001609
8,3,0.19398031229485468,0.08777381853001609
8,3,0.19398031229485468,0.08777381853001609
8,3,0.215634391261867,0.08777381853001609
8,3,0.215634391261867,0.1429551557850708
8,4,0.08570991745979484,0.7566857949996901
8,4,0.10736399642680716,0.7566857949996901
8,4,0.10736399642680716,0.8118671322547444
8,4,0.10736399642680716,0.7566857949996901
8,4,0.1290180753938195,0.8118671322547444
8,4,0.10736399642680716,0.8118671322547444
8,4,0.10736399642680716,0.8118671322547444
8,4,0.1290180753938195,0.8118671322547444
8,4,0.1290180753938195,0.8670484695097986
8,4,0.1290180753938195,0.8118671322547444
8,4,0.1506721543608318,0.8670484695097986
8,4,0.1290180753938195,0.8670484695097986
8,4,0.1290180753938195,0.8670484695097986
8,4,0.1506721543608318,0.8670484695097986
8,4,0.1506721543608318,0.9222298067648529
8,4,0.1506721543608318,0.8670484695097986
8,4,0.17232623332784414,0.9222298067648529
8,4,0.1506721543608318,0.9222298067648529
8,4,0.1506721543608318,0.9222298067648529
8,4,0.17232623332784414,0.9222298067648529
8,4,0.17232623332784414,0.9774111440199071
8,4,0.17232623332784414,0.9222298067648529
8,4,0.19398031229485468,0.9774111440199071
8,4,0.17232623332784414,0.9774111440199071
8,4,0.17232623332784414,0.9774111440199071
8,4,0.19398031229485468,0.9774111440199071
8,3,0.19398031229485468,0.03259248127496184
8,4,0.19398031229485468,0.9774111440199071
8,3,0.215634391261867,0.03259248127496184
8,3,0.19398031229485468,0.03259248127496184
8,3,0.19398031229485468,0.03259248127496184
8,3,0.215634391261867,0.03259248127496184
8,3,0.215634391261867,0.08777381853001609
8,4,0.10736399642680716,0.7566857949996901
8,4,0.1290180753938195,0.7566857949996901
8,4,0.1290180753938195,0.8118671322547444
8,4,0.1290180753938195,0.7566857949996901
8,4,0.1506721543608318,0.8118671322547444
8,4,0.1290180753938195,0.8118671322547444
8,4,0.1290180753938195,0.8118671322547444
8,4,0.1506721543608318,0.8118671322547444
8,4,0.1506721543608318,0.8670484695097986
8,4,0.1506721543608318,0.8118671322547444
8,4,0.17232623332784414,0.8670484695097986
8,4,0.1506721543608318,0.8670484695097986
8,4,0.1506721543608318,0.8670484695097986
8,4,0.17232623332784414,0.8670484695097986
8,4,0.17232623332784414,0.9222298067648529
8,4,0.17232623332784414,0.8670484695097986
8,4,0.19398031229485468,0.9222298067648529
8,4,0.17232623332784414,0.9222298067648529
8,4,0.17232623332784414,0.9222298067648529
8,4,0.19398031229485468,0.9222298067648529
8,4,0.19398031229485468,0.9774111440199071
8,4,0.19398031229485468,0.9222298067648529
8,4,0.215634391261867,0.9774111440199071
8,4,0.19398031229485468,0.9774111440199071
8,4,0.19398031229485468,0.9774111440199071
8,4,0.215634391261867,0.9774111440199071
8,3,0.215634391261867,0.03259248127496184
8,4,0.1290180753938195,0.7566857949996901
8,4,0.1506721543608318,0.7566857949996901
8,4,0.1506721543608318,0.8118671322547444
8,4,0.1506721543608318,0.7566857949996901
8,4,0.17232623332784414,0.8118671322547444
8,4,0.1506721543608318,0.8118671322547444
8,4,0.1506721543608318,0.8118671322547444
8,4,0.17232623332784414,0.8118671322547444
8,4,0.17232623332784414,0.8670484695097986
8,4,0.17232623332784414,0.8118671322547444
8,4,0.19398031229485468,0.8670484695097986
8,4,0.17232623332784414,0.8670484695097986
8,4,0.17232623332784414,0.8670484695097986
8,4,0.19398031229485468,0.8670484695097986
8,4,0.19398031229485468,0.9222298067648529
8,4,0.19398031229485468,0.8670484695097986
8,4,0.215634391261867,0.9222298067648529
8,4,0.19398031229485468,0.9222298067648529
8,4,0.19398031229485468,0.9222298067648529
8,4,0.215634391261867,0.9222298067648529
8,4,0.215634391261867,0.9774111440199071
8,4,0.1506721543608318,0.7566857949996901
8,4,0.17232623332784414,0.7566857949996901
8,4,0.17232623332784414,0.8118671322547444
8,4,0.17232623332784414,0.7566857949996901
8,4,0.19398031229485468,0.8118671322547444
8,4,0.17232623332784414,0.8118671322547444
8,4,0.17232623332784414,0.8118671322547444
8,4,0.19398031229485468,0.8118671322547444
8,4,0.19398031229485468,0.8670484695097986
8,4,0.19398031229485468,0.8118671322547444
8,4,0.215634391261867,0.8670484695097986
8,4,0.19398031229485468,0.8670484695097986
8,4,0.19398031229485468,0.8670484695097986
8,4,0.215634391261867,0.8670484695097986
8,4,0.215634391261867,0.9222298067648529
8,4,0.17232623332784414,0.7566857949996901
8,4,0.19398031229485468,0.7566857949996901
8,4,0.19398031229485468,0.8118671322547444
8,4,0.19398031229485468,0.7566857949996901
8,4,0.215634391261867,0.8118671322547444
8,4,0.19398031229485468,0.8118671322547444
8,4,0.19398031229485468,0.8118671322547444
8,4,0.215634391261867,0.8118671322547444
8,4,0.215634391261867,0.8670484695097986
8,4,0.19398031229485468,0.7566857949996901
8,4,0.215634391261867,0.7566857949996901
8,4,0.215634391261867,0.8118671322547444
8,3,0.215634391261867,0.19813649304012504
8,3,0.19398031229485468,0.19813649304012504
8,3,0.19398031229485468,0.1429551557850708
8,3,0.19398031229485468,0.19813649304012504
8,3,0.17232623332784414,0.1429551557850708
8,3,0.19398031229485468,0.1429551557850708
8,3,0.19398031229485468,0.1429551557850708
8,3,0.17232623332784414,0.1429551557850708
8,3,0.17232623332784414,0.08777381853001609
8,3,0.17232623332784414,0.1429551557850708
8,3,0.1506721543608318,0.08777381853001609
8,3,0.17232623332784414,0.08777381853001609
8,3,0.17232623332784414,0.08777381853001609
8,3,0.1506721543608318,0.08777381853001609
8,3,0.1506721543608318,0.03259248127496184
8,3,0.1506721543608318,0.08777381853001609
8,3,0.1290180753938195,0.03259248127496184
8,3,0.1506721543608318,0.03259248127496184
8,3,0.1506721543608318,0.03259248127496184
8,3,0.1290180753938195,0.03259248127496184
8,4,0.1290180753938195,0.9774111440199071
8,3,0.1290180753938195,0.03259248127496184
8,4,0.10736399642680716,0.9774111440199071
8,4,0.1290180753938195,0.9774111440199071
8,4,0.1290180753938195,0.9774111440199071
8,4,0.10736399642680716,0.9774111440199071
8,4,0.10736399642680716,0.9222298067648529
8,4,0.10736399642680716,0.9774111440199071
8,4,0.08570991745979484,0.9222298067648529
8,4,0.10736399642680716,0.9222298067648529
8,4,0.10736399642680716,0.9222298067648529
8,4,0.08570991745979484,0.9222298067648529
8,4,0.08570991745979484,0.8670484695097986
8,4,0.08570991745979484,0.9222298067648529
8,4,0.06405583849278429,0.8670484695097986
8,4,0.08570991745979484,0.8670484695097986
8,4,0.08570991745979484,0.8670484695097986
8,4,0.06405583849278429,0.8670484695097986
8,4,0.06405583849278429,0.8118671322547444
8,4,0.06405583849278429,0.8670484695097986
8,4,0.042401759525771965,0.8118671322547444
8,4,0.06405583849278429,0.8118671322547444
8,4,0.06405583849278429,0.8118671322547444
8,4,0.042401759525771965,0.8118671322547444
8,4,0.042401759525771965,0.7566857949996901
8,3,0.19398031229485468,0.19813649304012504
8,3,0.17232623332784414,0.19813649304012504
8,3,0.17232623332784414,0.1429551557850708
8,3,0.17232623332784414,0.19813649304012504
8,3,0.1506721543608318,0.1429551557850708
8,3,0.17232623332784414,0.1429551557850708
8,3,0.17232623332784414,0.1429551557850708
8,3,0.1506721543608318,0.1429551557850708
8,3,0.1506721543608318,0.08777381853001609
8,3,0.1506721543608318,0.1429551557850708
8,3,0.1290180753938195,0.08777381853001609
8,3,0.1506721543608318,0.08777381853001609
8,3,0.1506721543608318,0.08777381853001609
8,3,0.1290180753938195,0.08777381853001609
8,3,0.1290180753938195,0.03259248127496184
8,3,0.1290180753938195,0.08777381853001609
8,3,0.10736399642680716,0.03259248127496184
8,3,0.1290180753938195,0.03259248127496184
8,3,0.1290180753938195,0.03259248127496184
8,3,0.10736399642680716,0.03259248127496184
8,4,0.10736399642680716,0.9774111440199071
8,3,0.10736399642680716,0.03259248127496184
8,4,0.08570991745979484,0.9774111440199071
8,4,0.10736399642680716,0.9774111440199071
8,4,0.10736399642680716,0.9774111440199071
8,4,0.08570991745979484,0.9774111440199071
8,4,0.08570991745979484,0.9222298067648529
8,4,0.08570991745979484,0.9774111440199071
8,4,0.06405583849278429,0.9222298067648529
8,4,0.08570991745979484,0.9222298067648529
8,4,0.08570991745979484,0.9222298067648529
8,4,0.06405583849278429,0.9222298067648529
8,4,0.06405583849278429,0.8670484695097986
8,4,0.06405583849278429,0.9222298067648529
8,4,0.042401759525771965,0.8670484695097986
8,4,0.06405583849278429,0.8670484695097986
8,4,0.06405583849278429,0.8670484695097986
8,4,0.042401759525771965,0.8670484695097986
8,4,0.042401759525771965,0.8118671322547444
8,3,0.17232623332784414,0.19813649304012504
8,3,0.1506721543608318,0.19813649304012504
8,3,0.1506721543608318,0.1429551557850708
8,3,0.1506721543608318,0.19813649304012504
8,3,0.1290180753938195,0.1429551557850708
8,3,0.1506721543608318,0.1429551557850708
8,3,0.1506721543608318,0.1429551557850708
8,3,0.1290180753938195,0.1429551557850708
8,3,0.1290180753938195,0.08777381853001609
8,3,0.1290180753938195,0.1429551557850708
8,3,0.10736399642680716,0.08777381853001609
8,3,0.1290180753938195,0.08777381853001609
8,3,0.1290180753938195,0.08777381853001609
8,3,0.10736399642680716,0.08777381853001609
8,3,0.10736399642680716,0.03259248127496184
8,3,0.10736399642680716,0.08777381853001609
8,3,0.08570991745979484,0.03259248127496184
8,3,0.10736399642680716,0.03259248127496184
8,3,0.10736399642680716,0.03259248127496184
8,3,0.08570991745979484,0.03259248127496184
8,4,0.08570991745979484,0.9774111440199071
8,3,0.08570991745979484,0.03259248127496184
8,4,0.06405583849278429,0.9774111440199071
8,4,0.08570991745979484,0.9774111440199071
8,4,0.08570991745979484,0.9774111440199071
8,4,0.06405583849278429,0.9774111440199071
8,4,0.06405583849278429,0.9222298067648529
8,4,0.06405583849278429,0.9774111440199071
8,4,0.042401759525771965,0.9222298067648529
8,4,0.06405583849278429,0.9222298067648529
8,4,0.06405583849278429,0.9222298067648529
8,4,0.042401759525771965,0.9222298067648529
8,4,0.042401759525771965,0.8670484695097986
8,3,0.1506721543608318,0.19813649304012504
8,3,0.1290180753938195,0.19813649304012504
8,3,0.1290180753938195,0.1429551557850708
8,3,0.1290180753938195,0.19813649304012504
8,3,0.10736399642680716,0.1429551557850708
8,3,0.1290180753938195,0.1429551557850708
8,3,0.1290180753938195,0.1429551557850708
8,3,0.10736399642680716,0.1429551557850708
8,3,0.10736399642680716,0.08777381853001609
8,3,0.10736399642680716,0.1429551557850708
8,3,0.08570991745979484,0.08777381853001609
8,3,0.10736399642680716,0.08777381853001609
8,3,0.10736399642680716,0.08777381853001609
8,3,0.08570991745979484,0.08777381853001609
8,3,0.08570991745979484,0.03259248127496184
8,3,0.08570991745979484,0.08777381853001609
8,3,0.06405583849278429,0.03259248127496184
8,3,0.08570991745979484,0.03259248127496184
8,3,0.08570991745979484,0.03259248127496184
8,3,0.06405583849278429,0.03259248127496184
8,4,0.06405583849278429,0.9774111440199071
8,3,0.06405583849278429,0.03259248127496184
8,4,0.042401759525771965,0.9774111440199071
8,4,0.06405583849278429,0.9774111440199071
8,4,0.06405583849278429,0.9774111440199071
8,4,0.042401759525771965,0.9774111440199071
8,4,0.042401759525771965,0.9222298067648529
8,3,0.1290180753938195,0.19813649304012504
8,3,0.10736399642680716,0.19813649304012504
8,3,0.10736399642680716,0.1429551557850708
8,3,0.10736399642680716,0.19813649304012504
8,3,0.08570991745979484,0.1429551557850708
8,3,0.10736399642680716,0.1429551557850708
8,3,0.10736399642680716,0.1429551557850708
8,3,0.08570991745979484,0.1429551557850708
8,3,0.08570991745979484,0.08777381853001609
8,3,0.08570991745979484,0.1429551557850708
8,3,0.06405583849278429,0.08777381853001609
8,3,0.08570991745979484,0.08777381853001609
8,3,0.08570991745979484,0.08777381853001609
8,3,0.06405583849278429,0.08777381853001609
8,3,0.06405583849278429,0.03259248127496184
8,3,0.06405583849278429,0.08777381853001609
8,3,0.042401759525771965,0.03259248127496184
8,3,0.06405583849278429,0.03259248127496184
8,3,0.06405583849278429,0.03259248127496184
8,3,0.042401759525771965,0.03259248127496184
8,4,0.042401759525771965,0.9774111440199071
8,3,0.10736399642680716,0.19813649304012504
8,3,0.08570991745979484,0.19813649304012504
8,3,0.08570991745979484,0.1429551557850708
8,3,0.08570991745979484,0.19813649304012504
8,3,0.06405583849278429,0.1429551557850708
8,3,0.08570991745979484,0.1429551557850708
8,3,0.08570991745979484,0.1429551557850708
8,3,0.06405583849278429,0.1429551557850708
8,3,0.06405583849278429,0.08777381853001609
8,3,0.06405583849278429,0.1429551557850708
8,3,0.042401759525771965,0.08777381853001609
8,3,0.06405583849278429,0.08777381853001609
8,3,0.06405583849278429,0.08777381853001609
8,3,0.042401759525771965,0.08777381853001609
8,3,0.042401759525771965,0.03259248127496184
8,3,0.08570991745979484,0.19813649304012504
8,3,0.06405583849278429,0.19813649304012504
8,3,0.06405583849278429,0.1429551557850708
8,3,0.06405583849278429,0.19813649304012504
8,3,0.042401759525771965,0.1429551557850708
8,3,0.06405583849278429,0.1429551557850708
8,3,0.06405583849278429,0.1429551557850708
8,3,0.042401759525771965,0.1429551557850708
8,3,0.042401759525771965,0.08777381853001609
8,3,0.06405583849278429,0.19813649304012504
8,3,0.042401759525771965,0.19813649304012504
8,3,0.042401759525771965,0.1429551557850708
8,4,0.042401759525771965,0.7566857949996901
8,4,0.042401759525771965,0.8118671322547444
8,4,0.020686740374049606,0.8118671322547444
8,4,0.042401759525771965,0.8118671322547444
8,4,0.020686740374049606,0.8670484695097986
8,4,0.020686740374049606,0.8118671322547444
8,4,0.020686740374049606,0.8118671322547444
8,4,0.020686740374049606,0.8670484695097986
7,4,0.9989717212223272,0.8670484695097986
8,4,0.020686740374049606,0.8670484695097986
7,4,0.9989717212223272,0.9222298067648529
7,4,0.9989717212223272,0.8670484695097986
7,4,0.9989717212223272,0.8670484695097986
7,4,0.9989717212223272,0.9222298067648529
7,4,0.9772567020706049,0.9222298067648529
7,4,0.9989717212223272,0.9222298067648529
7,4,0.9772567020706049,0.9774111440199071
7,4,0.9772567020706049,0.9222298067648529
7,4,0.9772567020706049,0.9222298067648529
7,4,0.9772567020706049,0.9774111440199071
7,4,0.9555416829188834,0.9774111440199071
7,4,0.9772567020706049,0.9774111440199071
7,3,0.9555416829188834,0.03259248127496184
7,4,0.9555416829188834,0.9774111440199071
7,4,0.9555416829188834,0.9774111440199071
7,3,0.9555416829188834,0.03259248127496184
7,3,0.9338266637671611,0.03259248127496184
7,3,0.9555416829188834,0.03259248127496184
7,3,0.9338266637671611,0.08777381853001609
7,3,0.9338266637671611,0.03259248127496184
7,3,0.9338266637671611,0.03259248127496184
7,3,0.9338266637671611,0.08777381853001609
7,3,0.9121116446154387,0.08777381853001609
7,3,0.9338266637671611,0.08777381853001609
7,3,0.9121116446154387,0.1429551557850708
7,3,0.9121116446154387,0.08777381853001609
7,3,0.9121116446154387,0.08777381853001609
7,3,0.9121116446154387,0.1429551557850708
7,3,0.8903966254637163,0.1429551557850708
7,3,0.9121116446154387,0.1429551557850708
7,3,0.8903966254637163,0.19813649304012504
7,3,0.8903966254637163,0.1429551557850708
7,3,0.8903966254637163,0.1429551557850708
7,3,0.8903966254637163,0.19813649304012504
7,3,0.8686816063119949,0.19813649304012504
8,4,0.042401759525771965,0.8118671322547444
8,4,0.042401759525771965,0.8670484695097986
8,4,0.020686740374049606,0.8670484695097986
8,4,0.042401759525771965,0.8670484695097986
8,4,0.020686740374049606,0.9222298067648529
8,4,0.020686740374049606,0.8670484695097986
8,4,0.020686740374049606,0.8670484695097986
8,4,0.020686740374049606,0.9222298067648529
7,4,0.9989717212223272,0.9222298067648529
8,4,0.020686740374049606,0.9222298067648529
7,4,0.9989717212223272,0.9774111440199071
7,4,0.9989717212223272,0.9222298067648529
7,4,0.9989717212223272,0.9222298067648529
7,4,0.9989717212223272,0.9774111440199071
7,4,0.9772567020706049,0.9774111440199071
7,4,0.9989717212223272,0.9774111440199071
7,3,0.9772567020706049,0.03259248127496184
7,4,0.9772567020706049,0.9774111440199071
7,4,0.9772567020706049,0.9774111440199071
7,3,0.9772567020706049,0.03259248127496184
7,3,0.9555416829188834,0.03259248127496184
7,3,0.9772567020706049,0.03259248127496184
7,3,0.9555416829188834,0.08777381853001609
7,3,0.9555416829188834,0.03259248127496184
7,3,0.9555416829188834,0.03259248127496184
7,3,0.9555416829188834,0.08777381853001609
7,3,0.9338266637671611,0.08777381853001609
7,3,0.9555416829188834,0.08777381853001609
7,3,0.9338266637671611,0.1429551557850708
7,3,0.9338266637671611,0.08777381853001609
7,3,0.9338266637671611,0.08777381853001609
7,3,0.9338266637671611,0.1429551557850708
7,3,0.9121116446154387,0.1429551557850708
7,3,0.9338266637671611,0.1429551557850708
7,3,0.9121116446154387,0.19813649304012504
7,3,0.9121116446154387,0.1429551557850708
7,3,0.9121116446154387,0.1429551557850708
7,3,0.9121116446154387,0.19813649304012504
7,3,0.8903966254637163,0.19813649304012504
8,4,0.042401759525771965,0.8670484695097986
8,4,0.042401759525771965,0.9222298067648529
8,4,0.020686740374049606,0.9222298067648529
8,4,0.042401759525771965,0.9222298067648529
8,4,0.020686740374049606,0.9774111440199071
8,4,0.020686740374049606,0.9222298067648529
8,4,0.020686740374049606,0.9222298067648529
8,4,0.020686740374049606,0.9774111440199071
7,4,0.9989717212223272,0.9774111440199071
8,4,0.020686740374049606,0.9774111440199071
7,3,0.9989717212223272,0.03259248127496184
7,4,0.9989717212223272,0.9774111440199071
7,4,0.9989717212223272,0.9774111440199071
7,3,0.9989717212223272,0.03259248127496184
7,3,0.9772567020706049,0.03259248127496184
7,3,0.9989717212223272,0.03259248127496184
7,3,0.9772567020706049,0.08777381853001609
7,3,0.9772567020706049,0.03259248127496184
7,3,0.9772567020706049,0.03259248127496184
7,3,0.9772567020706049,0.08777381853001609
7,3,0.9555416829188834,0.08777381853001609
7,3,0.9772567020706049,0.08777381853001609
7,3,0.9555416829188834,0.1429551557850708
7,3,0.9555416829188834,0.08777381853001609
7,3,0.9555416829188834,0.08777381853001609
7,3,0.9555416829188834,0.1429551557850708
7,3,0.9338266637671611,0.1429551557850708
7,3,0.9555416829188834,0.1429551557850708
7,3,0.9338266637671611,0.19813649304012504
7,3,0.9338266637671611,0.1429551557850708
7,3,0.9338266637671611,0.1429551557850708
7,3,0.9338266637671611,0.19813649304012504
7,3,0.9121116446154387,0.19813649304012504
8,4,0.042401759525771965,0.9222298067648529
8,4,0.042401759525771965,0.9774111440199071
8,4,0.020686740374049606,0.9774111440199071
8,4,0.042401759525771965,0.9774111440199071
8,3,0.020686740374049606,0.03259248127496184
8,4,0.020686740374049606,0.9774111440199071
8,4,0.020686740374049606,0.9774111440199071
8,3,0.020686740374049606,0.03259248127496184
7,3,0.9989717212223272,0.03259248127496184
8,3,0.020686740374049606,0.03259248127496184
7,3,0.9989717212223272,0.08777381853001609
7,3,0.9989717212223272,0.03259248127496184
7,3,0.9989717212223272,0.03259248127496184
7,3,0.9989717212223272,0.08777381853001609
7,3,0.9772567020706049,0.08777381853001609
7,3,0.9989717212223272,0.08777381853001609
7,3,0.9772567020706049,0.1429551557850708
7,3,0.9772567020706049,0.08777381853001609
7,3,0.9772567020706049,0.08777381853001609
7,3,0.9772567020706049,0.1429551557850708
7,3,0.9555416829188834,0.1429551557850708
7,3,0.9772567020706049,0.1429551557850708
7,3,0.9555416829188834,0.19813649304012504
7,3,0.9555416829188834,0.1429551557850708
7,3,0.9555416829188834,0.1429551557850708
7,3,0.9555416829188834,0.19813649304012504
7,3,0.9338266637671611,0.19813649304012504
8,4,0.042401759525771965,0.9774111440199071
8,3,0.042401759525771965,0.03259248127496184
8,3,0.020686740374049606,0.03259248127496184
8,3,0.042401759525771965,0.03259248127496184
8,3,0.020686740374049606,0.08777381853001609
8,3,0.020686740374049606,0.03259248127496184
8,3,0.020686740374049606,0.03259248127496184
8,3,0.020686740374049606,0.08777381853001609
7,3,0.9989717212223272,0.08777381853001609
8,3,0.020686740374049606,0.08777381853001609
7,3,0.9989717212223272,0.1429551557850708
7,3,0.9989717212223272,0.08777381853001609
7,3,0.9989717212223272,0.08777381853001609
7,3,0.9989717212223272,0.1429551557850708
7,3,0.9772567020706049,0.1429551557850708
7,3,0.9989717212223272,0.1429551557850708
7,3,0.9772567020706049,0.19813649304012504
7,3,0.9772567020706049,0.1429551557850708
7,3,0.9772567020706049,0.1429551557850708
7,3,0.9772567020706049,0.19813649304012504
7,3,0.9555416829188834,0.19813649304012504
8,3,0.042401759525771965,0.03259248127496184
8,3,0.042401759525771965,0.08777381853001609
8,3,0.020686740374049606,0.08777381853001609
8,3,0.042401759525771965,0.08777381853001609
8,3,0.020686740374049606,0.1429551557850708
8,3,0.020686740374049606,0.08777381853001609
8,3,0.020686740374049606,0.08777381853001609
8,3,0.020686740374049606,0.1429551557850708
7,3,0.9989717212223272,0.1429551557850708
8,3,0.020686740374049606,0.1429551557850708
7,3,0.9989717212223272,0.19813649304012504
7,3,0.9989717212223272,0.1429551557850708
7,3,0.9989717212223272,0.1429551557850708
7,3,0.9989717212223272,0.19813649304012504
7,3,0.9772567020706049,0.19813649304012504
8,3,0.042401759525771965,0.08777381853001609
8,3,0.042401759525771965,0.1429551557850708
8,3,0.020686740374049606,0.1429551557850708
8,3,0.042401759525771965,0.1429551557850708
8,3,0.020686740374049606,0.19813649304012504
8,3,0.020686740374049606,0.1429551557850708
8,3,0.020686740374049606,0.1429551557850708
8,3,0.020686740374049606,0.19813649304012504
7,3,0.9989717212223272,0.19813649304012504
8,3,0.042401759525771965,0.1429551557850708
8,3,0.042401759525771965,0.19813649304012504
8,3,0.020686740374049606,0.19813649304012504
7,3,0.8686816063119949,0.19813649304012504
7,3,0.8686816063119949,0.1429551557850708
7,3,0.8903966254637163,0.1429551557850708
7,3,0.8686816063119949,0.1429551557850708
7,3,0.8903966254637163,0.08777381853001609
7,3,0.8903966254637163,0.1429551557850708
7,3,0.8903966254637163,0.1429551557850708
7,3,0.8903966254637163,0.08777381853001609
7,3,0.9121116446154387,0.08777381853001609
7,3,0.8903966254637163,0.08777381853001609
7,3,0.9121116446154387,0.03259248127496184
7,3,0.9121116446154387,0.08777381853001609
7,3,0.9121116446154387,0.08777381853001609
7,3,0.9121116446154387,0.03259248127496184
7,3,0.9338266637671611,0.03259248127496184
7,3,0.9121116446154387,0.03259248127496184
7,4,0.9338266637671611,0.9774111440199071
7,3,0.9338266637671611,0.03259248127496184
7,3,0.9338266637671611,0.03259248127496184
7,4,0.9338266637671611,0.9774111440199071
7,4,0.9555416829188834,0.9774111440199071
7,4,0.9338266637671611,0.9774111440199071
7,4,0.9555416829188834,0.9222298067648529
7,4,0.9555416829188834,0.9774111440199071
7,4,0.9555416829188834,0.9774111440199071
7,4,0.9555416829188834,0.9222298067648529
7,4,0.9772567020706049,0.9222298067648529
7,4,0.9555416829188834,0.9222298067648529
7,4,0.9772567020706049,0.8670484695097986
7,4,0.9772567020706049,0.9222298067648529
7,4,0.9772567020706049,0.9222298067648529
7,4,0.9772567020706049,0.8670484695097986
7,4,0.9989717212223272,0.8670484695097986
7,4,0.9772567020706049,0.8670484695097986
7,4,0.9989717212223272,0.8118671322547444
7,4,0.9989717212223272,0.8670484695097986
7,4,0.9989717212223272,0.8670484695097986
7,4,0.9989717212223272,0.8118671322547444
8,4,0.020686740374049606,0.8118671322547444
7,4,0.9989717212223272,0.8118671322547444
8,4,0.020686740374049606,0.7566857949996901
8,4,0.020686740374049606,0.8118671322547444
8,4,0.020686740374049606,0.8118671322547444
8,4,0.020686740374049606,0.7566857949996901
8,4,0.042401759525771965,0.7566857949996901
7,3,0.8686816063119949,0.1429551557850708
7,3,0.8686816063119949,0.08777381853001609
7,3,0.8903966254637163,0.08777381853001609
7,3,0.8686816063119949,0.08777381853001609
7,3,0.8903966254637163,0.03259248127496184
7,3,0.8903966254637163,0.08777381853001609
7,3,0.8903966254637163,0.08777381853001609
7,3,0.8903966254637163,0.03259248127496184
7,3,0.9121116446154387,0.03259248127496184
7,3,0.8903966254637163,0.03259248127496184
7,4,0.9121116446154387,0.9774111440199071
7,3,0.9121116446154387,0.03259248127496184
7,3,0.9121116446154387,0.03259248127496184
7,4,0.9121116446154387,0.9774111440199071
7,4,0.9338266637671611,0.9774111440199071
7,4,0.9121116446154387,0.9774111440199071
7,4,0.9338266637671611,0.9222298067648529
7,4,0.9338266637671611,0.9774111440199071
7,4,0.9338266637671611,0.9774111440199071
7,4,0.9338266637671611,0.9222298067648529
7,4,0.9555416829188834,0.9222298067648529
7,4,0.9338266637671611,0.9222298067648529
7,4,0.9555416829188834,0.8670484695097986
7,4,0.9555416829188834,0.9222298067648529
7,4,0.9555416829188834,0.9222298067648529
7,4,0.9555416829188834,0.8670484695097986
7,4,0.9772567020706049,0.8670484695097986
7,4,0.9555416829188834,0.8670484695097986
7,4,0.9772567020706049,0.8118671322547444
7,4,0.9772567020706049,0.8670484695097986
7,4,0.9772567020706049,0.8670484695097986
7,4,0.9772567020706049,0.8118671322547444
7,4,0.9989717212223272,0.8118671322547444
7,4,0.9772567020706049,0.8118671322547444
7,4,0.9989717212223272,0.7566857949996901
7,4,0.9989717212223272,0.8118671322547444
7,4,0.9989717212223272,0.8118671322547444
7,4,0.9989717212223272,0.7566857949996901
8,4,0.020686740374049606,0.7566857949996901
7,3,0.8686816063119949,0.08777381853001609
7,3,0.8686816063119949,0.03259248127496184
7,3,0.8903966254637163,0.03259248127496184
7,3,0.8686816063119949,0.03259248127496184
7,4,0.8903966254637163,0.9774111440199071
7,3,0.8903966254637163,0.03259248127496184
7,3,0.8903966254637163,0.03259248127496184
7,4,0.8903966254637163,0.9774111440199071
7,4,0.9121116446154387,0.9774111440199071
7,4,0.8903966254637163,0.9774111440199071
7,4,0.9121116446154387,0.9222298067648529
7,4,0.9121116446154387,0.9774111440199071
7,4,0.9121116446154387,0.9774111440199071
7,4,0.9121116446154387,0.9222298067648529
7,4,0.9338266637671611,0.9222298067648529
7,4,0.9121116446154387,0.9222298067648529
7,4,0.9338266637671611,0.8670484695097986
7,4,0.9338266637671611,0.9222298067648529
7,4,0.9338266637671611,0.9222298067648529
7,4,0.9338266637671611,0.8670484695097986
7,4,0.9555416829188834,0.8670484695097986
7,4,0.9338266637671611,0.8670484695097986
7,4,0.9555416829188834,0.8118671322547444
7,4,0.9555416829188834,0.8670484695097986
7,4,0.9555416829188834,0.8670484695097986
7,4,0.9555416829188834,0.8118671322547444
7,4,0.9772567020706049,0.8118671322547444
7,4,0.9555416829188834,0.8118671322547444
7,4,0.9772567020706049,0.7566857949996901
7,4,0.9772567020706049,0.8118671322547444
7,4,0.9772567020706049,0.8118671322547444
7,4,0.9772567020706049,0.7566857949996901
7,4,0.9989717212223272,0.7566857949996901
7,3,0.8686816063119949,0.03259248127496184
7,4,0.8686816063119949,0.9774111440199071
7,4,0.8903966254637163,0.9774111440199071
7,4,0.8686816063119949,0.9774111440199071
7,4,0.8903966254637163,0.9222298067648529
7,4,0.8903966254637163,0.9774111440199071
7,4,0.8903966254637163,0.9774111440199071
7,4,0.8903966254637163,0.9222298067648529
7,4,0.9121116446154387,0.9222298067648529
7,4,0.8903966254637163,0.9222298067648529
7,4,0.9121116446154387,0.8670484695097986
7,4,0.9121116446154387,0.9222298067648529
7,4,0.9121116446154387,0.9222298067648529
7,4,0.9121116446154387,0.8670484695097986
7,4,0.9338266637671611,0.8670484695097986
7,4,0.9121116446154387,0.8670484695097986
7,4,0.9338266637671611,0.8118671322547444
7,4,0.9338266637671611,0.8670484695097986
7,4,0.9338266637671611,0.8670484695097986
7,4,0.9338266637671611,0.8118671322547444
7,4,0.9555416829188834,0.8118671322547444
7,4,0.9338266637671611,0.8118671322547444
7,4,0.9555416829188834,0.7566857949996901
7,4,0.9555416829188834,0.8118671322547444
7,4,0.9555416829188834,0.8118671322547444
7,4,0.9555416829188834,0.7566857949996901
7,4,0.9772567020706049,0.7566857949996901
7,4,0.8686816063119949,0.9774111440199071
7,4,0.8686816063119949,0.9222298067648529
7,4,0.8903966254637163,0.9222298067648529
7,4,0.8686816063119949,0.9222298067648529
7,4,0.8903966254637163,0.8670484695097986
7,4,0.8903966254637163,0.9222298067648529
7,4,0.8903966254637163,0.9222298067648529
7,4,0.8903966254637163,0.8670484695097986
7,4,0.9121116446154387,0.8670484695097986
7,4,0.8903966254637163,0.8670484695097986
7,4,0.9121116446154387,0.8118671322547444
7,4,0.9121116446154387,0.8670484695097986
7,4,0.9121116446154387,0.8670484695097986
7,4,0.9121116446154387,0.8118671322547444
7,4,0.9338266637671611,0.8118671322547444
7,4,0.9121116446154387,0.8118671322547444
7,4,0.9338266637671611,0.7566857949996901
7,4,0.9338266637671611,0.8118671322547444
7,4,0.9338266637671611,0.8118671322547444
7,4,0.9338266637671611,0.7566857949996901
7,4,0.9555416829188834,0.7566857949996901
7,4,0.8686816063119949,0.9222298067648529
7,4,0.8686816063119949,0.8670484695097986
7,4,0.8903966254637163,0.8670484695097986
7,4,0.8686816063119949,0.8670484695097986
7,4,0.8903966254637163,0.8118671322547444
7,4,0.8903966254637163,0.8670484695097986
7,4,0.8903966254637163,0.8670484695097986
7,4,0.8903966254637163,0.8118671322547444
7,4,0.9121116446154387,0.8118671322547444
7,4,0.8903966254637163,0.8118671322547444
7,4,0.9121116446154387,0.7566857949996901
7,4,0.9121116446154387,0.8118671322547444
7,4,0.9121116446154387,0.8118671322547444
7,4,0.9121116446154387,0.7566857949996901
7,4,0.9338266637671611,0.7566857949996901
7,4,0.8686816063119949,0.8670484695097986
7,4,0.8686816063119949,0.8118671322547444
7,4,0.8903966254637163,0.8118671322547444
7,4,0.8686816063119949,0.8118671322547444
7,4,0.8903966254637163,0.7566857949996901
7,4,0.8903966254637163,0.8118671322547444
7,4,0.8903966254637163,0.8118671322547444
7,4,0.8903966254637163,0.7566857949996901
7,4,0.9121116446154387,0.7566857949996901
7,4,0.8686816063119949,0.8118671322547444
7,4,0.8686816063119949,0.7566857949996901
7,4,0.8903966254637163,0.7566857949996901
8,3,0.22733490672621848,0.038554462679106116
8,3,0.22733490672621848,0.05892202663557056
8,3,0.17514302408777915,0.05892202663557056
8,3,0.22733490672621848,0.05892202663557056
8,3,0.17514302408777915,0.07928959059203455
8,3,0.17514302408777915,0.05892202663557056
8,3,0.17514302408777915,0.05892202663557056
8,3,0.17514302408777915,0.07928959059203455
8,3,0.1229511414493416,0.07928959059203455
8,3,0.17514302408777915,0.07928959059203455
8,3,0.1229511414493416,0.09965715454849855
8,3,0.1229511414493416,0.07928959059203455
8,3,0.1229511414493416,0.07928959059203455
8,3,0.1229511414493416,0.09965715454849855
8,3,0.07075925881090228,0.09965715454849855
8,3,0.1229511414493416,0.09965715454849855
8,3,0.07075925881090228,0.12002471850496255
8,3,0.07075925881090228,0.09965715454849855
8,3,0.07075925881090228,0.09965715454849855
8,3,0.07075925881090228,0.12002471850496255
8,3,0.018567376172462957,0.12002471850496255
8,3,0.07075925881090228,0.12002471850496255
8,3,0.018567376172462957,0.14039228246142654
8,3,0.018567376172462957,0.12002471850496255
8,3,0.018567376172462957,0.12002471850496255
8,3,0.018567376172462957,0.14039228246142654
7,3,0.9663754935340236,0.14039228246142654
8,3,0.018567376172462957,0.14039228246142654
7,3,0.9663754935340236,0.16075984641789054
7,3,0.9663754935340236,0.14039228246142654
7,3,0.9663754935340236,0.14039228246142654
7,3,0.9663754935340236,0.16075984641789054
7,3,0.9141836108955843,0.16075984641789054
7,3,0.9663754935340236,0.16075984641789054
7,3,0.9141836108955843,0.18112741037435454
7,3,0.9141836108955843,0.16075984641789054
7,3,0.9141836108955843,0.16075984641789054
7,3,0.9141836108955843,0.18112741037435454
7,3,0.861991728257145,0.18112741037435454
7,3,0.9141836108955843,0.18112741037435454
7,3,0.861991728257145,0.20149497433081853
7,3,0.861991728257145,0.18112741037435454
7,3,0.861991728257145,0.18112741037435454
7,3,0.861991728257145,0.20149497433081853
7,3,0.8097998456187065,0.20149497433081853
7,3,0.861991728257145,0.20149497433081853
7,3,0.8097998456187065,0.22186253828728253
7,3,0.8097998456187065,0.20149497433081853
7,3,0.8097998456187065,0.20149497433081853
7,3,0.8097998456187065,0.22186253828728253
7,3,0.7576079629802672,0.22186253828728253
8,3,0.22733490672621848,0.05892202663557056
8,3,0.22733490672621848,0.07928959059203455
8,3,0.17514302408777915,0.07928959059203455
8,3,0.22733490672621848,0.07928959059203455
8,3,0.17514302408777915,0.09965715454849855
8,3,0.17514302408777915,0.07928959059203455
8,3,0.17514302408777915,0.07928959059203455
8,3,0.17514302408777915,0.09965715454849855
8,3,0.1229511414493416,0.09965715454849855
8,3,0.17514302408777915,0.09965715454849855
8,3,0.1229511414493416,0.12002471850496255
8,3,0.1229511414493416,0.09965715454849855
8,3,0.1229511414493416,0.09965715454849855
8,3,0.1229511414493416,0.12002471850496255
8,3,0.07075925881090228,0.12002471850496255
8,3,0.1229511414493416,0.12002471850496255
8,3,0.07075925881090228,0.14039228246142654
8,3,0.07075925881090228,0.12002471850496255
8,3,0.07075925881090228,0.12002471850496255
8,3,0.07075925881090228,0.14039228246142654
8,3,0.018567376172462957,0.14039228246142654
8,3,0.07075925881090228,0.14039228246142654
8,3,0.018567376172462957,0.16075984641789054
8,3,0.018567376172462957,0.14039228246142654
8,3,0.018567376172462957,0.14039228246142654
8,3,0.018567376172462957,0.16075984641789054
7,3,0.9663754935340236,0.16075984641789054
8,3,0.018567376172462957,0.16075984641789054
7,3,0.9663754935340236,0.18112741037435454
7,3,0.9663754935340236,0.16075984641789054
7,3,0.9663754935340236,0.16075984641789054
7,3,0.9663754935340236,0.18112741037435454
7,3,0.9141836108955843,0.18112741037435454
7,3,0.9663754935340236,0.18112741037435454
7,3,0.9141836108955843,0.20149497433081853
7,3,0.9141836108955843,0.18112741037435454
7,3,0.9141836108955843,0.18112741037435454
7,3,0.9141836108955843,0.20149497433081853
7,3,0.861991728257145,0.20149497433081853
7,3,0.9141836108955843,0.20149497433081853
7,3,0.861991728257145,0.22186253828728253
7,3,0.861991728257145,0.20149497433081853
7,3,0.861991728257145,0.20149497433081853
7,3,0.861991728257145,0.22186253828728253
7,3,0.8097998456187065,0.22186253828728253
8,3,0.22733490672621848,0.07928959059203455
8,3,0.22733490672621848,0.09965715454849855
8,3,0.17514302408777915,0.09965715454849855
8,3,0.22733490672621848,0.09965715454849855
8,3,0.17514302408777915,0.12002471850496255
8,3,0.17514302408777915,0.09965715454849855
8,3,0.17514302408777915,0.09965715454849855
8,3,0.17514302408777915,0.12002471850496255
8,3,0.1229511414493416,0.12002471850496255
8,3,0.17514302408777915,0.12002471850496255
8,3,0.1229511414493416,0.14039228246142654
8,3,0.1229511414493416,0.12002471850496255
8,3,0.1229511414493416,0.12002471850496255
8,3,0.1229511414493416,0.14039228246142654
8,3,0.07075925881090228,0.14039228246142654
8,3,0.1229511414493416,0.14039228246142654
8,3,0.07075925881090228,0.16075984641789054
8,3,0.07075925881090228,0.14039228246142654
8,3,0.07075925881090228,0.14039228246142654
8,3,0.07075925881090228,0.16075984641789054
8,3,0.018567376172462957,0.16075984641789054
8,3,0.07075925881090228,0.16075984641789054
8,3,0.018567376172462957,0.18112741037435454
8,3,0.018567376172462957,0.16075984641789054
8,3,0.018567376172462957,0.16075984641789054
8,3,0.018567376172462957,0.18112741037435454
7,3,0.9663754935340236,0.18112741037435454
8,3,0.018567376172462957,0.18112741037435454
7,3,0.9663754935340236,0.20149497433081853
7,3,0.9663754935340236,0.18112741037435454
7,3,0.9663754935340236,0.18112741037435454
7,3,0.9663754935340236,0.20149497433081853
7,3,0.9141836108955843,0.20149497433081853
7,3,0.9663754935340236,0.20149497433081853
7,3,0.9141836108955843,0.22186253828728253
7,3,0.9141836108955843,0.20149497433081853
7,3,0.9141836108955843,0.20149497433081853
7,3,0.9141836108955843,0.22186253828728253
7,3,0.861991728257145,0.22186253828728253
8,3,0.22733490672621848,0.09965715454849855
8,3,0.22733490672621848,0.12002471850496255
8,3,0.17514302408777915,0.12002471850496255
8,3,0.22733490672621848,0.12002471850496255
8,3,0.17514302408777915,0.14039228246142654
8,3,0.17514302408777915,0.12002471850496255
8,3,0.17514302408777915,0.12002471850496255
8,3,0.17514302408777915,0.14039228246142654
8,3,0.1229511414493416,0.14039228246142654
8,3,0.17514302408777915,0.14039228246142654
8,3,0.1229511414493416,0.16075984641789054
8,3,0.1229511414493416,0.14039228246142654
8,3,0.1229511414493416,0.14039228246142654
8,3,0.1229511414493416,0.16075984641789054
8,3,0.07075925881090228,0.16075984641789054
8,3,0.1229511414493416,0.16075984641789054
8,3,0.07075925881090228,0.18112741037435454
8,3,0.07075925881090228,0.16075984641789054
8,3,0.07075925881090228,0.16075984641789054
8,3,0.07075925881090228,0.18112741037435454
8,3,0.018567376172462957,0.18112741037435454
8,3,0.07075925881090228,0.18112741037435454
8,3,0.018567376172462957,0.20149497433081853
8,3,0.018567376172462957,0.18112741037435454
8,3,0.018567376172462957,0.18112741037435454
8,3,0.018567376172462957,0.20149497433081853
7,3,0.9663754935340236,0.20149497433081853
8,3,0.018567376172462957,0.20149497433081853
7,3,0.9663754935340236,0.22186253828728253
7,3,0.9663754935340236,0.20149497433081853
7,3,0.9663754935340236,0.20149497433081853
7,3,0.9663754935340236,0.22186253828728253
7,3,0.9141836108955843,0.22186253828728253
8,3,0.22733490672621848,0.12002471850496255
8,3,0.22733490672621848,0.14039228246142654
8,3,0.17514302408777915,0.14039228246142654
8,3,0.22733490672621848,0.14039228246142654
8,3,0.17514302408777915,0.16075984641789054
8,3,0.17514302408777915,0.14039228246142654
8,3,0.17514302408777915,0.14039228246142654
8,3,0.17514302408777915,0.16075984641789054
8,3,0.1229511414493416,0.16075984641789054
8,3,0.17514302408777915,0.16075984641789054
8,3,0.1229511414493416,0.18112741037435454
8,3,0.1229511414493416,0.16075984641789054
8,3,0.1229511414493416,0.16075984641789054
8,3,0.1229511414493416,0.18112741037435454
8,3,0.07075925881090228,0.18112741037435454
8,3,0.1229511414493416,0.18112741037435454
8,3,0.07075925881090228,0.20149497433081853
8,3,0.07075925881090228,0.18112741037435454
8,3,0.07075925881090228,0.18112741037435454
8,3,0.07075925881090228,0.20149497433081853
8,3,0.018567376172462957,0.20149497433081853
8,3,0.07075925881090228,0.20149497433081853
8,3,0.018567376172462957,0.22186253828728253
8,3,0.018567376172462957,0.20149497433081853
8,3,0.018567376172462957,0.20149497433081853
8,3,0.018567376172462957,0.22186253828728253
7,3,0.9663754935340236,0.22186253828728253
8,3,0.22733490672621848,0.14039228246142654
8,3,0.22733490672621848,0.16075984641789054
8,3,0.17514302408777915,0.16075984641789054
8,3,0.22733490672621848,0.16075984641789054
8,3,0.17514302408777915,0.18112741037435454
8,3,0.17514302408777915,0.16075984641789054
8,3,0.17514302408777915,0.16075984641789054
8,3,0.17514302408777915,0.18112741037435454
8,3,0.1229511414493416,0.18112741037435454
8,3,0.17514302408777915,0.18112741037435454
8,3,0.1229511414493416,0.20149497433081853
8,3,0.1229511414493416,0.18112741037435454
8,3,0.1229511414493416,0.18112741037435454
8,3,0.1229511414493416,0.20149497433081853
8,3,0.07075925881090228,0.20149497433081853
8,3,0.1229511414493416,0.20149497433081853
8,3,0.07075925881090228,0.22186253828728253
8,3,0.07075925881090228,0.20149497433081853
8,3,0.07075925881090228,0.20149497433081853
8,3,0.07075925881090228,0.22186253828728253
8,3,0.018567376172462957,0.22186253828728253
8,3,0.22733490672621848,0.16075984641789054
8,3,0.22733490672621848,0.18112741037435454
8,3,0.17514302408777915,0.18112741037435454
8,3,0.22733490672621848,0.18112741037435454
8,3,0.17514302408777915,0.20149497433081853
8,3,0.17514302408777915,0.18112741037435454
8,3,0.17514302408777915,0.18112741037435454
8,3,0.17514302408777915,0.20149497433081853
8,3,0.1229511414493416,0.20149497433081853
8,3,0.17514302408777915,0.20149497433081853
8,3,0.1229511414493416,0.22186253828728253
8,3,0.1229511414493416,0.20149497433081853
8,3,0.1229511414493416,0.20149497433081853
8,3,0.1229511414493416,0.22186253828728253
8,3,0.07075925881090228,0.22186253828728253
8,3,0.22733490672621848,0.18112741037435454
8,3,0.22733490672621848,0.20149497433081853
8,3,0.17514302408777915,0.20149497433081853
8,3,0.22733490672621848,0.20149497433081853
8,3,0.17514302408777915,0.22186253828728253
8,3,0.17514302408777915,0.20149497433081853
8,3,0.17514302408777915,0.20149497433081853
8,3,0.17514302408777915,0.22186253828728253
8,3,0.1229511414493416,0.22186253828728253
8,3,0.22733490672621848,0.20149497433081853
8,3,0.22733490672621848,0.22186253828728253
8,3,0.17514302408777915,0.22186253828728253
7,3,0.7576079629802672,0.22186253828728253
7,3,0.7576079629802672,0.20149497433081853
7,3,0.8097998456187065,0.20149497433081853
7,3,0.7576079629802672,0.20149497433081853
7,3,0.8097998456187065,0.18112741037435454
7,3,0.8097998456187065,0.20149497433081853
7,3,0.8097998456187065,0.20149497433081853
7,3,0.8097998456187065,0.18112741037435454
7,3,0.861991728257145,0.18112741037435454
7,3,0.8097998456187065,0.18112741037435454
7,3,0.861991728257145,0.16075984641789054
7,3,0.861991728257145,0.18112741037435454
7,3,0.861991728257145,0.18112741037435454
7,3,0.861991728257145,0.16075984641789054
7,3,0.9141836108955843,0.16075984641789054
7,3,0.861991728257145,0.16075984641789054
7,3,0.9141836108955843,0.14039228246142654
7,3,0.9141836108955843,0.16075984641789054
7,3,0.9141836108955843,0.16075984641789054
7,3,0.9141836108955843,0.14039228246142654
7,3,0.9663754935340236,0.14039228246142654
7,3,0.9141836108955843,0.14039228246142654
7,3,0.9663754935340236,0.12002471850496255
7,3,0.9663754935340236,0.14039228246142654
7,3,0.9663754935340236,0.14039228246142654
7,3,0.9663754935340236,0.12002471850496255
8,3,0.018567376172462957,0.12002471850496255
7,3,0.9663754935340236,0.12002471850496255
8,3,0.018567376172462957,0.09965715454849855
8,3,0.018567376172462957,0.12002471850496255
8,3,0.018567376172462957,0.12002471850496255
8,3,0.018567376172462957,0.09965715454849855
8,3,0.07075925881090228,0.09965715454849855
8,3,0.018567376172462957,0.09965715454849855
8,3,0.07075925881090228,0.07928959059203455
8,3,0.07075925881090228,0.09965715454849855
8,3,0.07075925881090228,0.09965715454849855
8,3,0.07075925881090228,0.07928959059203455
8,3,0.1229511414493416,0.07928959059203455
8,3,0.07075925881090228,0.07928959059203455
8,3,0.1229511414493416,0.05892202663557056
8,3,0.1229511414493416,0.07928959059203455
8,3,0.1229511414493416,0.07928959059203455
8,3,0.1229511414493416,0.05892202663557056
8,3,0.17514302408777915,0.05892202663557056
8,3,0.1229511414493416,0.05892202663557056
8,3,0.17514302408777915,0.038554462679106116
8,3,0.17514302408777915,0.05892202663557056
8,3,0.17514302408777915,0.05892202663557056
8,3,0.17514302408777915,0.038554462679106116
8,3,0.22733490672621848,0.038554462679106116
7,3,0.7576079629802672,0.20149497433081853
7,3,0.7576079629802672,0.18112741037435454
7,3,0.8097998456187065,0.18112741037435454
7,3,0.7576079629802672,0.18112741037435454
7,3,0.8097998456187065,0.16075984641789054
7,3,0.8097998456187065,0.18112741037435454
7,3,0.8097998456187065,0.18112741037435454
7,3,0.8097998456187065,0.16075984641789054
7,3,0.861991728257145,0.16075984641789054
7,3,0.8097998456187065,0.16075984641789054
7,3,0.861991728257145,0.14039228246142654
7,3,0.861991728257145,0.16075984641789054
7,3,0.861991728257145,0.16075984641789054
7,3,0.861991728257145,0.14039228246142654
7,3,0.9141836108955843,0.14039228246142654
7,3,0.861991728257145,0.14039228246142654
7,3,0.9141836108955843,0.12002471850496255
7,3,0.9141836108955843,0.14039228246142654
7,3,0.9141836108955843,0.14039228246142654
7,3,0.9141836108955843,0.12002471850496255
7,3,0.9663754935340236,0.12002471850496255
7,3,0.9141836108955843,0.12002471850496255
7,3,0.9663754935340236,0.09965715454849855
7,3,0.9663754935340236,0.12002471850496255
7,3,0.9663754935340236,0.12002471850496255
7,3,0.9663754935340236,0.09965715454849855
8,3,0.018567376172462957,0.09965715454849855
7,3,0.9663754935340236,0.09965715454849855
8,3,0.018567376172462957,0.07928959059203455
8,3,0.018567376172462957,0.09965715454849855
8,3,0.018567376172462957,0.09965715454849855
8,3,0.018567376172462957,0.07928959059203455
8,3,0.07075925881090228,0.07928959059203455
8,3,0.018567376172462957,0.07928959059203455
8,3,0.07075925881090228,0.05892202663557056
8,3,0.07075925881090228,0.07928959059203455
8,3,0.07075925881090228,0.07928959059203455
8,3,0.07075925881090228,0.05892202663557056
8,3,0.1229511414493416,0.05892202663557056
8,3,0.07075925881090228,0.05892202663557056
8,3,0.1229511414493416,0.038554462679106116
8,3,0.1229511414493416,0.05892202663557056
8,3,0.1229511414493416,0.05892202663557056
8,3,0.1229511414493416,0.038554462679106116
8,3,0.17514302408777915,0.038554462679106116
7,3,0.7576079629802672,0.18112741037435454
7,3,0.7576079629802672,0.16075984641789054
7,3,0.8097998456187065,0.16075984641789054
7,3,0.7576079629802672,0.16075984641789054
7,3,0.8097998456187065,0.14039228246142654
7,3,0.8097998456187065,0.16075984641789054
7,3,0.8097998456187065,0.16075984641789054
7,3,0.8097998456187065,0.14039228246142654
7,3,0.861991728257145,0.14039228246142654
7,3,0.8097998456187065,0.14039228246142654
7,3,0.861991728257145,0.12002471850496255
7,3,0.861991728257145,0.14039228246142654
7,3,0.861991728257145,0.14039228246142654
7,3,0.861991728257145,0.12002471850496255
7,3,0.9141836108955843,0.12002471850496255
7,3,0.861991728257145,0.12002471850496255
7,3,0.9141836108955843,0.09965715454849855
7,3,0.9141836108955843,0.12002471850496255
7,3,0.9141836108955843,0.12002471850496255
7,3,0.9141836108955843,0.09965715454849855
7,3,0.9663754935340236,0.09965715454849855
7,3,0.9141836108955843,0.09965715454849855
7,3,0.9663754935340236,0.07928959059203455
7,3,0.9663754935340236,0.09965715454849855
7,3,0.9663754935340236,0.09965715454849855
7,3,0.9663754935340236,0.07928959059203455
8,3,0.018567376172462957,0.07928959059203455
7,3,0.9663754935340236,0.07928959059203455
8,3,0.018567376172462957,0.05892202663557056
8,3,0.018567376172462957,0.07928959059203455
8,3,0.018567376172462957,0.07928959059203455
8,3,0.018567376172462957,0.05892202663557056
8,3,0.07075925881090228,0.05892202663557056
8,3,0.018567376172462957,0.05892202663557056
8,3,0.07075925881090228,0.038554462679106116
8,3,0.07075925881090228,0.05892202663557056
8,3,0.07075925881090228,0.05892202663557056
8,3,0.07075925881090228,0.038554462679106116
8,3,0.1229511414493416,0.038554462679106116
7,3,0.7576079629802672,0.16075984641789054
7,3,0.7576079629802672,0.14039228246142654
7,3,0.8097998456187065,0.14039228246142654
7,3,0.7576079629802672,0.14039228246142654
7,3,0.8097998456187065,0.12002471850496255
7,3,0.8097998456187065,0.14039228246142654
7,3,0.8097998456187065,0.14039228246142654
7,3,0.8097998456187065,0.12002471850496255
7,3,0.861991728257145,0.12002471850496255
7,3,0.8097998456187065,0.12002471850496255
7,3,0.861991728257145,0.09965715454849855
7,3,0.861991728257145,0.12002471850496255
7,3,0.861991728257145,0.12002471850496255
7,3,0.861991728257145,0.09965715454849855
7,3,0.9141836108955843,0.09965715454849855
7,3,0.861991728257145,0.09965715454849855
7,3,0.9141836108955843,0.07928959059203455
7,3,0.9141836108955843,0.09965715454849855
7,3,0.9141836108955843,0.09965715454849855
7,3,0.9141836108955843,0.07928959059203455
7,3,0.9663754935340236,0.07928959059203455
7,3,0.9141836108955843,0.07928959059203455
7,3,0.9663754935340236,0.05892202663557056
7,3,0.9663754935340236,0.07928959059203455
7,3,0.9663754935340236,0.07928959059203455
7,3,0.9663754935340236,0.05892202663557056
8,3,0.018567376172462957,0.05892202663557056
7,3,0.9663754935340236,0.05892202663557056
8,3,0.018567376172462957,0.038554462679106116
8,3,0.018567376172462957,0.05892202663557056
8,3,0.018567376172462957,0.05892202663557056
8,3,0.018567376172462957,0.038554462679106116
8,3,0.07075925881090228,0.038554462679106116
7,3,0.7576079629802672,0.14039228246142654
7,3,0.7576079629802672,0.12002471850496255
7,3,0.8097998456187065,0.12002471850496255
7,3,0.7576079629802672,0.12002471850496255
7,3,0.8097998456187065,0.09965715454849855
7,3,0.8097998456187065,0.12002471850496255
7,3,0.8097998456187065,0.12002471850496255
7,3,0.8097998456187065,0.09965715454849855
7,3,0.861991728257145,0.09965715454849855
7,3,0.8097998456187065,0.09965715454849855
7,3,0.861991728257145,0.07928959059203455
7,3,0.861991728257145,0.09965715454849855
7,3,0.861991728257145,0.09965715454849855
7,3,0.861991728257145,0.07928959059203455
7,3,0.9141836108955843,0.07928959059203455
7,3,0.861991728257145,0.07928959059203455
7,3,0.9141836108955843,0.05892202663557056
7,3,0.9141836108955843,0.07928959059203455
7,3,0.9141836108955843,0.07928959059203455
7,3,0.9141836108955843,0.05892202663557056
7,3,0.9663754935340236,0.05892202663557056
7,3,0.9141836108955843,0.05892202663557056
7,3,0.9663754935340236,0.038554462679106116
7,3,0.9663754935340236,0.05892202663557056
7,3,0.9663754935340236,0.05892202663557056
7,3,0.9663754935340236,0.038554462679106116
8,3,0.018567376172462957,0.038554462679106116
7,3,0.7576079629802672,0.12002471850496255
7,3,0.7576079629802672,0.09965715454849855
7,3,0.8097998456187065,0.09965715454849855
7,3,0.7576079629802672,0.09965715454849855
7,3,0.8097998456187065,0.07928959059203455
7,3,0.8097998456187065,0.09965715454849855
7,3,0.8097998456187065,0.09965715454849855
7,3,0.8097998456187065,0.07928959059203455
7,3,0.861991728257145,0.07928959059203455
7,3,0.8097998456187065,0.07928959059203455
7,3,0.861991728257145,0.05892202663557056
7,3,0.861991728257145,0.07928959059203455
7,3,0.861991728257145,0.07928959059203455
7,3,0.861991728257145,0.05892202663557056
7,3,0.9141836108955843,0.05892202663557056
7,3,0.861991728257145,0.05892202663557056
7,3,0.9141836108955843,0.038554462679106116
7,3,0.9141836108955843,0.05892202663557056
7,3,0.9141836108955843,0.05892202663557056
7,3,0.9141836108955843,0.038554462679106116
7,3,0.9663754935340236,0.038554462679106116
7,3,0.7576079629802672,0.09965715454849855
7,3,0.7576079629802672,0.07928959059203455
7,3,0.8097998456187065,0.07928959059203455
7,3,0.7576079629802672,0.07928959059203455
7,3,0.8097998456187065,0.05892202663557056
7,3,0.8097998456187065,0.07928959059203455
7,3,0.8097998456187065,0.07928959059203455
7,3,0.8097998456187065,0.05892202663557056
7,3,0.861991728257145,0.05892202663557056
7,3,0.8097998456187065,0.05892202663557056
7,3,0.861991728257145,0.038554462679106116
7,3,0.861991728257145,0.05892202663557056
7,3,0.861991728257145,0.05892202663557056
7,3,0.861991728257145,0.038554462679106116
7,3,0.9141836108955843,0.038554462679106116
7,3,0.7576079629802672,0.07928959059203455
7,3,0.7576079629802672,0.05892202663557056
7,3,0.8097998456187065,0.05892202663557056
7,3,0.7576079629802672,0.05892202663557056
7,3,0.8097998456187065,0.038554462679106116
7,3,0.8097998456187065,0.05892202663557056
7,3,0.8097998456187065,0.05892202663557056
7,3,0.8097998456187065,0.038554462679106116
7,3,0.861991728257145,0.038554462679106116
7,3,0.7576079629802672,0.05892202663557056
7,3,0.7576079629802672,0.038554462679106116
7,3,0.8097998456187065,0.038554462679106116
8,3,0.22733490672621848,0.038554462679106116
8,3,0.17514302408777915,0.038554462679106116
8,3,0.17514302408777915,0.01816884237161709
8,3,0.17514302408777915,0.038554462679106116
8,3,0.1229511414493416,0.01816884237161709
8,3,0.17514302408777915,0.01816884237161709
8,3,0.17514302408777915,0.01816884237161709
8,3,0.1229511414493416,0.01816884237161709
8,4,0.1229511414493416,0.9977832220641281
8,3,0.1229511414493416,0.01816884237161709
8,4,0.07075925881090228,0.9977832220641281
8,4,0.1229511414493416,0.9977832220641281
8,4,0.1229511414493416,0.9977832220641281
8,4,0.07075925881090228,0.9977832220641281
8,4,0.07075925881090228,0.9773976017566381
8,4,0.07075925881090228,0.9977832220641281
8,4,0.018567376172462957,0.9773976017566381
8,4,0.07075925881090228,0.9773976017566381
8,4,0.07075925881090228,0.9773976017566381
8,4,0.018567376172462957,0.9773976017566381
8,4,0.018567376172462957,0.9570119814491491
8,4,0.018567376172462957,0.9773976017566381
7,4,0.9663754935340236,0.9570119814491491
8,4,0.018567376172462957,0.9570119814491491
8,4,0.018567376172462957,0.9570119814491491
7,4,0.9663754935340236,0.9570119814491491
7,4,0.9663754935340236,0.9366263611416601
7,4,0.9663754935340236,0.9570119814491491
7,4,0.9141836108955843,0.9366263611416601
7,4,0.9663754935340236,0.9366263611416601
7,4,0.9663754935340236,0.9366263611416601
7,4,0.9141836108955843,0.9366263611416601
7,4,0.9141836108955843,0.9162407408341711
7,4,0.9141836108955843,0.9366263611416601
7,4,0.861991728257145,0.9162407408341711
7,4,0.9141836108955843,0.9162407408341711
7,4,0.9141836108955843,0.9162407408341711
7,4,0.861991728257145,0.9162407408341711
7,4,0.861991728257145,0.8958551205266811
7,4,0.861991728257145,0.9162407408341711
7,4,0.8097998456187065,0.8958551205266811
7,4,0.861991728257145,0.8958551205266811
7,4,0.861991728257145,0.8958551205266811
7,4,0.8097998456187065,0.8958551205266811
7,4,0.8097998456187065,0.8754695002191921
7,4,0.8097998456187065,0.8958551205266811
7,4,0.7576079629802672,0.8754695002191921
7,4,0.8097998456187065,0.8754695002191921
7,4,0.8097998456187065,0.8754695002191921
7,4,0.7576079629802672,0.8754695002191921
7,4,0.7576079629802672,0.8550838799117031
8,3,0.17514302408777915,0.038554462679106116
8,3,0.1229511414493416,0.038554462679106116
8,3,0.1229511414493416,0.01816884237161709
8,3,0.1229511414493416,0.038554462679106116
8,3,0.07075925881090228,0.01816884237161709
8,3,0.1229511414493416,0.01816884237161709
8,3,0.1229511414493416,0.01816884237161709
8,3,0.07075925881090228,0.01816884237161709
8,4,0.07075925881090228,0.9977832220641281
8,3,0.07075925881090228,0.01816884237161709
8,4,0.018567376172462957,0.9977832220641281
8,4,0.07075925881090228,0.9977832220641281
8,4,0.07075925881090228,0.9977832220641281
8,4,0.018567376172462957,0.9977832220641281
8,4,0.018567376172462957,0.9773976017566381
8,4,0.018567376172462957,0.9977832220641281
7,4,0.9663754935340236,0.9773976017566381
8,4,0.018567376172462957,0.9773976017566381
8,4,0.018567376172462957,0.9773976017566381
7,4,0.9663754935340236,0.9773976017566381
7,4,0.9663754935340236,0.9570119814491491
7,4,0.9663754935340236,0.9773976017566381
7,4,0.9141836108955843,0.9570119814491491
7,4,0.9663754935340236,0.9570119814491491
7,4,0.9663754935340236,0.9570119814491491
7,4,0.9141836108955843,0.9570119814491491
7,4,0.9141836108955843,0.9366263611416601
7,4,0.9141836108955843,0.9570119814491491
7,4,0.861991728257145,0.9366263611416601
7,4,0.9141836108955843,0.9366263611416601
7,4,0.9141836108955843,0.9366263611416601
7,4,0.861991728257145,0.9366263611416601
7,4,0.861991728257145,0.9162407408341711
7,4,0.861991728257145,0.9366263611416601
7,4,0.8097998456187065,0.9162407408341711
7,4,0.861991728257145,0.9162407408341711
7,4,0.861991728257145,0.9162407408341711
7,4,0.8097998456187065,0.9162407408341711
7,4,0.8097998456187065,0.8958551205266811
7,4,0.8097998456187065,0.9162407408341711
7,4,0.7576079629802672,0.8958551205266811
7,4,0.8097998456187065,0.8958551205266811
7,4,0.8097998456187065,0.8958551205266811
7,4,0.7576079629802672,0.8958551205266811
7,4,0.7576079629802672,0.8754695002191921
8,3,0.1229511414493416,0.038554462679106116
8,3,0.07075925881090228,0.038554462679106116
8,3,0.07075925881090228,0.01816884237161709
8,3,0.07075925881090228,0.038554462679106116
8,3,0.018567376172462957,0.01816884237161709
8,3,0.07075925881090228,0.01816884237161709
8,3,0.07075925881090228,0.01816884237161709
8,3,0.018567376172462957,0.01816884237161709
8,4,0.018567376172462957,0.9977832220641281
8,3,0.018567376172462957,0.01816884237161709
7,4,0.9663754935340236,0.9977832220641281
8,4,0.018567376172462957,0.9977832220641281
8,4,0.018567376172462957,0.9977832220641281
7,4,0.9663754935340236,0.9977832220641281
7,4,0.9663754935340236,0.9773976017566381
7,4,0.9663754935340236,0.9977832220641281
7,4,0.9141836108955843,0.9773976017566381
7,4,0.9663754935340236,0.9773976017566381
7,4,0.9663754935340236,0.9773976017566381
7,4,0.9141836108955843,0.9773976017566381
7,4,0.9141836108955843,0.9570119814491491
7,4,0.9141836108955843,0.9773976017566381
7,4,0.861991728257145,0.9570119814491491
7,4,0.9141836108955843,0.9570119814491491
7,4,0.9141836108955843,0.9570119814491491
7,4,0.861991728257145,0.9570119814491491
7,4,0.861991728257145,0.9366263611416601
7,4,0.861991728257145,0.9570119814491491
7,4,0.8097998456187065,0.9366263611416601
7,4,0.861991728257145,0.9366263611416601
7,4,0.861991728257145,0.9366263611416601
7,4,0.8097998456187065,0.9366263611416601
7,4,0.8097998456187065,0.9162407408341711
7,4,0.8097998456187065,0.9366263611416601
7,4,0.7576079629802672,0.9162407408341711
7,4,0.8097998456187065,0.9162407408341711
7,4,0.8097998456187065,0.9162407408341711
7,4,0.7576079629802672,0.9162407408341711
7,4,0.7576079629802672,0.8958551205266811
8,3,0.07075925881090228,0.038554462679106116
8,3,0.018567376172462957,0.038554462679106116
8,3,0.018567376172462957,0.01816884237161709
8,3,0.018567376172462957,0.038554462679106116
7,3,0.9663754935340236,0.01816884237161709
8,3,0.018567376172462957,0.01816884237161709
8,3,0.018567376172462957,0.01816884237161709
7,3,0.9663754935340236,0.01816884237161709
7,4,0.9663754935340236,0.9977832220641281
7,3,0.9663754935340236,0.01816884237161709
7,4,0.9141836108955843,0.9977832220641281
7,4,0.9663754935340236,0.9977832220641281
7,4,0.9663754935340236,0.9977832220641281
7,4,0.9141836108955843,0.9977832220641281
7,4,0.9141836108955843,0.9773976017566381
7,4,0.9141836108955843,0.9977832220641281
7,4,0.861991728257145,0.9773976017566381
7,4,0.9141836108955843,0.9773976017566381
7,4,0.9141836108955843,0.9773976017566381
7,4,0.861991728257145,0.9773976017566381
7,4,0.861991728257145,0.9570119814491491
7,4,0.861991728257145,0.9773976017566381
7,4,0.8097998456187065,0.9570119814491491
7,4,0.861991728257145,0.9570119814491491
7,4,0.861991728257145,0.9570119814491491
7,4,0.8097998456187065,0.9570119814491491
7,4,0.8097998456187065,0.9366263611416601
7,4,0.8097998456187065,0.9570119814491491
7,4,0.7576079629802672,0.9366263611416601
7,4,0.8097998456187065,0.9366263611416601
7,4,0.8097998456187065,0.9366263611416601
7,4,0.7576079629802672,0.9366263611416601
7,4,0.7576079629802672,0.9162407408341711
8,3,0.018567376172462957,0.038554462679106116
7,3,0.9663754935340236,0.038554462679106116
7,3,0.9663754935340236,0.01816884237161709
7,3,0.9663754935340236,0.038554462679106116
7,3,0.9141836108955843,0.01816884237161709
7,3,0.9663754935340236,0.01816884237161709
7,3,0.9663754935340236,0.01816884237161709
7,3,0.9141836108955843,0.01816884237161709
7,4,0.9141836108955843,0.9977832220641281
7,3,0.9141836108955843,0.01816884237161709
7,4,0.861991728257145,0.9977832220641281
7,4,0.9141836108955843,0.9977832220641281
7,4,0.9141836108955843,0.9977832220641281
7,4,0.861991728257145,0.9977832220641281
7,4,0.861991728257145,0.9773976017566381
7,4,0.861991728257145,0.9977832220641281
7,4,0.8097998456187065,0.9773976017566381
7,4,0.861991728257145,0.9773976017566381
7,4,0.861991728257145,0.9773976017566381
7,4,0.8097998456187065,0.9773976017566381
7,4,0.8097998456187065,0.9570119814491491
7,4,0.8097998456187065,0.9773976017566381
7,4,0.7576079629802672,0.9570119814491491
7,4,0.8097998456187065,0.9570119814491491
7,4,0.8097998456187065,0.9570119814491491
7,4,0.7576079629802672,0.9570119814491491
7,4,0.7576079629802672,0.9366263611416601
7,3,0.9663754935340236,0.038554462679106116
7,3,0.9141836108955843,0.038554462679106116
7,3,0.9141836108955843,0.01816884237161709
7,3,0.9141836108955843,0.038554462679106116
7,3,0.861991728257145,0.01816884237161709
7,3,0.9141836108955843,0.01816884237161709
7,3,0.9141836108955843,0.01816884237161709
7,3,0.861991728257145,0.01816884237161709
7,4,0.861991728257145,0.9977832220641281
7,3,0.861991728257145,0.01816884237161709
7,4,0.8097998456187065,0.9977832220641281
7,4,0.861991728257145,0.9977832220641281
7,4,0.861991728257145,0.9977832220641281
7,4,0.8097998456187065,0.9977832220641281
7,4,0.8097998456187065,0.9773976017566381
7,4,0.8097998456187065,0.9977832220641281
7,4,0.7576079629802672,0.9773976017566381
7,4,0.8097998456187065,0.9773976017566381
7,4,0.8097998456187065,0.9773976017566381
7,4,0.7576079629802672,0.9773976017566381
7,4,0.7576079629802672,0.9570119814491491
7,3,0.9141836108955843,0.038554462679106116
7,3,0.861991728257145,0.038554462679106116
7,3,0.861991728257145,0.01816884237161709
7,3,0.861991728257145,0.038554462679106116
7,3,0.8097998456187065,0.01816884237161709
7,3,0.861991728257145,0.01816884237161709
7,3,0.861991728257145,0.01816884237161709
7,3,0.8097998456187065,0.01816884237161709
7,4,0.8097998456187065,0.9977832220641281
7,3,0.8097998456187065,0.01816884237161709
7,4,0.7576079629802672,0.9977832220641281
7,4,0.8097998456187065,0.9977832220641281
7,4,0.8097998456187065,0.9977832220641281
7,4,0.7576079629802672,0.9977832220641281
7,4,0.7576079629802672,0.9773976017566381
7,3,0.861991728257145,0.038554462679106116
7,3,0.8097998456187065,0.038554462679106116
7,3,0.8097998456187065,0.01816884237161709
7,3,0.8097998456187065,0.038554462679106116
7,3,0.7576079629802672,0.01816884237161709
7,3,0.8097998456187065,0.01816884237161709
7,3,0.8097998456187065,0.01816884237161709
7,3,0.7576079629802672,0.01816884237161709
7,4,0.7576079629802672,0.9977832220641281
7,3,0.8097998456187065,0.038554462679106116
7,3,0.7576079629802672,0.038554462679106116
7,3,0.7576079629802672,0.01816884237161709
7,4,0.7576079629802672,0.8550838799117031
7,4,0.8097998456187065,0.8550838799117031
7,4,0.8097998456187065,0.8754695002191921
7,4,0.8097998456187065,0.8550838799117031
7,4,0.861991728257145,0.8754695002191921
7,4,0.8097998456187065,0.8754695002191921
7,4,0.8097998456187065,0.8754695002191921
7,4,0.861991728257145,0.8754695002191921
7,4,0.861991728257145,0.8958551205266811
7,4,0.861991728257145,0.8754695002191921
7,4,0.9141836108955843,0.8958551205266811
7,4,0.861991728257145,0.8958551205266811
7,4,0.861991728257145,0.8958551205266811
7,4,0.9141836108955843,0.8958551205266811
7,4,0.9141836108955843,0.9162407408341711
7,4,0.9141836108955843,0.8958551205266811
7,4,0.9663754935340236,0.9162407408341711
7,4,0.9141836108955843,0.9162407408341711
7,4,0.9141836108955843,0.9162407408341711
7,4,0.9663754935340236,0.9162407408341711
7,4,0.9663754935340236,0.9366263611416601
7,4,0.9663754935340236,0.9162407408341711
8,4,0.018567376172462957,0.9366263611416601
7,4,0.9663754935340236,0.9366263611416601
7,4,0.9663754935340236,0.9366263611416601
8,4,0.018567376172462957,0.9366263611416601
8,4,0.018567376172462957,0.9570119814491491
8,4,0.018567376172462957,0.9366263611416601
8,4,0.07075925881090228,0.9570119814491491
8,4,0.018567376172462957,0.9570119814491491
8,4,0.018567376172462957,0.9570119814491491
8,4,0.07075925881090228,0.9570119814491491
8,4,0.07075925881090228,0.9773976017566381
8,4,0.07075925881090228,0.9570119814491491
8,4,0.1229511414493416,0.9773976017566381
8,4,0.07075925881090228,0.9773976017566381
8,4,0.07075925881090228,0.9773976017566381
8,4,0.1229511414493416,0.9773976017566381
8,4,0.1229511414493416,0.9977832220641281
8,4,0.1229511414493416,0.9773976017566381
8,4,0.17514302408777915,0.9977832220641281
8,4,0.1229511414493416,0.9977832220641281
8,4,0.1229511414493416,0.9977832220641281
8,4,0.17514302408777915,0.9977832220641281
8,3,0.17514302408777915,0.01816884237161709
8,4,0.17514302408777915,0.9977832220641281
8,3,0.22733490672621848,0.01816884237161709
8,3,0.17514302408777915,0.01816884237161709
8,3,0.17514302408777915,0.01816884237161709
8,3,0.22733490672621848,0.01816884237161709
8,3,0.22733490672621848,0.038554462679106116
7,4,0.8097998456187065,0.8550838799117031
7,4,0.861991728257145,0.8550838799117031
7,4,0.861991728257145,0.8754695002191921
7,4,0.861991728257145,0.8550838799117031
7,4,0.9141836108955843,0.8754695002191921
7,4,0.861991728257145,0.8754695002191921
7,4,0.861991728257145,0.8754695002191921
7,4,0.9141836108955843,0.8754695002191921
7,4,0.9141836108955843,0.8958551205266811
7,4,0.9141836108955843,0.8754695002191921
7,4,0.9663754935340236,0.8958551205266811
7,4,0.9141836108955843,0.8958551205266811
7,4,0.9141836108955843,0.8958551205266811
7,4,0.9663754935340236,0.8958551205266811
7,4,0.9663754935340236,0.9162407408341711
7,4,0.9663754935340236,0.8958551205266811
8,4,0.018567376172462957,0.9162407408341711
7,4,0.9663754935340236,0.9162407408341711
7,4,0.9663754935340236,0.9162407408341711
8,4,0.018567376172462957,0.9162407408341711
8,4,0.018567376172462957,0.9366263611416601
8,4,0.018567376172462957,0.9162407408341711
8,4,0.07075925881090228,0.9366263611416601
8,4,0.018567376172462957,0.9366263611416601
8,4,0.018567376172462957,0.9366263611416601
8,4,0.07075925881090228,0.9366263611416601
8,4,0.07075925881090228,0.9570119814491491
8,4,0.07075925881090228,0.9366263611416601
8,4,0.1229511414493416,0.9570119814491491
8,4,0.07075925881090228,0.9570119814491491
8,4,0.07075925881090228,0.9570119814491491
8,4,0.1229511414493416,0.9570119814491491
8,4,0.1229511414493416,0.9773976017566381
8,4,0.1229511414493416,0.9570119814491491
8,4,0.17514302408777915,0.9773976017566381
8,4,0.1229511414493416,0.9773976017566381
8,4,0.1229511414493416,0.9773976017566381
8,4,0.17514302408777915,0.9773976017566381
8,4,0.17514302408777915,0.9977832220641281
8,4,0.17514302408777915,0.9773976017566381
8,4,0.22733490672621848,0.9977832220641281
8,4,0.17514302408777915,0.9977832220641281
8,4,0.17514302408777915,0.9977832220641281
8,4,0.22733490672621848,0.9977832220641281
8,3,0.22733490672621848,0.01816884237161709
7,4,0.861991728257145,0.8550838799117031
7,4,0.9141836108955843,0.8550838799117031
7,4,0.9141836108955843,0.8754695002191921
7,4,0.9141836108955843,0.8550838799117031
7,4,0.9663754935340236,0.8754695002191921
7,4,0.9141836108955843,0.8754695002191921
7,4,0.9141836108955843,0.8754695002191921
7,4,0.9663754935340236,0.8754695002191921
7,4,0.9663754935340236,0.8958551205266811
7,4,0.9663754935340236,0.8754695002191921
8,4,0.018567376172462957,0.8958551205266811
7,4,0.9663754935340236,0.8958551205266811
7,4,0.9663754935340236,0.8958551205266811
8,4,0.018567376172462957,0.8958551205266811
8,4,0.018567376172462957,0.9162407408341711
8,4,0.018567376172462957,0.8958551205266811
8,4,0.07075925881090228,0.9162407408341711
8,4,0.018567376172462957,0.9162407408341711
8,4,0.018567376172462957,0.9162407408341711
8,4,0.07075925881090228,0.9162407408341711
8,4,0.07075925881090228,0.9366263611416601
8,4,0.07075925881090228,0.9162407408341711
8,4,0.1229511414493416,0.9366263611416601
8,4,0.07075925881090228,0.9366263611416601
8,4,0.07075925881090228,0.9366263611416601
8,4,0.1229511414493416,0.9366263611416601
8,4,0.1229511414493416,0.9570119814491491
8,4,0.1229511414493416,0.9366263611416601
8,4,0.17514302408777915,0.9570119814491491
8,4,0.1229511414493416,0.9570119814491491
8,4,0.1229511414493416,0.9570119814491491
8,4,0.17514302408777915,0.9570119814491491
8,4,0.17514302408777915,0.9773976017566381
8,4,0.17514302408777915,0.9570119814491491
8,4,0.22733490672621848,0.9773976017566381
8,4,0.17514302408777915,0.9773976017566381
8,4,0.17514302408777915,0.9773976017566381
8,4,0.22733490672621848,0.9773976017566381
8,4,0.22733490672621848,0.9977832220641281
7,4,0.9141836108955843,0.8550838799117031
7,4,0.9663754935340236,0.8550838799117031
7,4,0.9663754935340236,0.8754695002191921
7,4,0.9663754935340236,0.8550838799117031
8,4,0.018567376172462957,0.8754695002191921
7,4,0.9663754935340236,0.8754695002191921
7,4,0.9663754935340236,0.8754695002191921
8,4,0.018567376172462957,0.8754695002191921
8,4,0.018567376172462957,0.8958551205266811
8,4,0.018567376172462957,0.8754695002191921
8,4,0.07075925881090228,0.8958551205266811
8,4,0.018567376172462957,0.8958551205266811
8,4,0.018567376172462957,0.8958551205266811
8,4,0.07075925881090228,0.8958551205266811
8,4,0.07075925881090228,0.9162407408341711
8,4,0.07075925881090228,0.8958551205266811
8,4,0.1229511414493416,0.9162407408341711
8,4,0.07075925881090228,0.9162407408341711
8,4,0.07075925881090228,0.9162407408341711
8,4,0.1229511414493416,0.9162407408341711
8,4,0.1229511414493416,0.9366263611416601
8,4,0.1229511414493416,0.9162407408341711
8,4,0.17514302408777915,0.9366263611416601
8,4,0.1229511414493416,0.9366263611416601
8,4,0.1229511414493416,0.9366263611416601
8,4,0.17514302408777915,0.9366263611416601
8,4,0.17514302408777915,0.9570119814491491
8,4,0.17514302408777915,0.9366263611416601
8,4,0.22733490672621848,0.9570119814491491
8,4,0.17514302408777915,0.9570119814491491
8,4,0.17514302408777915,0.9570119814491491
8,4,0.22733490672621848,0.9570119814491491
8,4,0.22733490672621848,0.9773976017566381
7,4,0.9663754935340236,0.8550838799117031
8,4,0.018567376172462957,0.8550838799117031
8,4,0.018567376172462957,0.8754695002191921
8,4,0.018567376172462957,0.8550838799117031
8,4,0.07075925881090228,0.8754695002191921
8,4,0.018567376172462957,0.8754695002191921
8,4,0.018567376172462957,0.8754695002191921
8,4,0.07075925881090228,0.8754695002191921
8,4,0.07075925881090228,0.8958551205266811
8,4,0.07075925881090228,0.8754695002191921
8,4,0.1229511414493416,0.8958551205266811
8,4,0.07075925881090228,0.8958551205266811
8,4,0.07075925881090228,0.8958551205266811
8,4,0.1229511414493416,0.8958551205266811
8,4,0.1229511414493416,0.9162407408341711
8,4,0.1229511414493416,0.8958551205266811
8,4,0.17514302408777915,0.9162407408341711
8,4,0.1229511414493416,0.9162407408341711
8,4,0.1229511414493416,0.9162407408341711
8,4,0.17514302408777915,0.9162407408341711
8,4,0.17514302408777915,0.9366263611416601
8,4,0.17514302408777915,0.9162407408341711
8,4,0.22733490672621848,0.9366263611416601
8,4,0.17514302408777915,0.9366263611416601
8,4,0.17514302408777915,0.9366263611416601
8,4,0.22733490672621848,0.9366263611416601
8,4,0.22733490672621848,0.9570119814491491
8,4,0.018567376172462957,0.8550838799117031
8,4,0.07075925881090228,0.8550838799117031
8,4,0.07075925881090228,0.8754695002191921
8,4,0.07075925881090228,0.8550838799117031
8,4,0.1229511414493416,0.8754695002191921
8,4,0.07075925881090228,0.8754695002191921
8,4,0.07075925881090228,0.8754695002191921
8,4,0.1229511414493416,0.8754695002191921
8,4,0.1229511414493416,0.8958551205266811
8,4,0.1229511414493416,0.8754695002191921
8,4,0.17514302408777915,0.8958551205266811
8,4,0.1229511414493416,0.8958551205266811
8,4,0.1229511414493416,0.8958551205266811
8,4,0.17514302408777915,0.8958551205266811
8,4,0.17514302408777915,0.9162407408341711
8,4,0.17514302408777915,0.8958551205266811
8,4,0.22733490672621848,0.9162407408341711
8,4,0.17514302408777915,0.9162407408341711
8,4,0.17514302408777915,0.9162407408341711
8,4,0.22733490672621848,0.9162407408341711
8,4,0.22733490672621848,0.9366263611416601
8,4,0.07075925881090228,0.8550838799117031
8,4,0.1229511414493416,0.8550838799117031
8,4,0.1229511414493416,0.8754695002191921
8,4,0.1229511414493416,0.8550838799117031
8,4,0.17514302408777915,0.8754695002191921
8,4,0.1229511414493416,0.8754695002191921
8,4,0.1229511414493416,0.8754695002191921
8,4,0.17514302408777915,0.8754695002191921
8,4,0.17514302408777915,0.8958551205266811
8,4,0.17514302408777915,0.8754695002191921
8,4,0.22733490672621848,0.8958551205266811
8,4,0.17514302408777915,0.8958551205266811
8,4,0.17514302408777915,0.8958551205266811
8,4,0.22733490672621848,0.8958551205266811
8,4,0.22733490672621848,0.9162407408341711
8,4,0.1229511414493416,0.8550838799117031
8,4,0.17514302408777915,0.8550838799117031
8,4,0.17514302408777915,0.8754695002191921
8,4,0.17514302408777915,0.8550838799117031
8,4,0.22733490672621848,0.8754695002191921
8,4,0.17514302408777915,0.8754695002191921
8,4,0.17514302408777915,0.8754695002191921
8,4,0.22733490672621848,0.8754695002191921
8,4,0.22733490672621848,0.8958551205266811
8,4,0.17514302408777915,0.8550838799117031
8,4,0.22733490672621848,0.8550838799117031
8,4,0.22733490672621848,0.8754695002191921
7,4,0.5,0.9900000000000002
7,4,0.4125474849129942,0.8910821748351836
7,3,0.4125474849129942,0.08891782516481683
7,4,0.5874525150870058,0.8910821748351836
7,3,0.5874525150870058,0.08891782516481683
7,3,0.3261307719670681,0.006225962251296124
7,4,0.3261307719670681,0.9659672496547431
7,4,0.36888126170419877,0.9659672496547431
7,4,0.3261307719670681,0.9659672496547431
7,4,0.36888126170419877,0.9257085370581892
7,4,0.36888126170419877,0.9659672496547431
7,4,0.36888126170419877,0.9659672496547431
7,4,0.36888126170419877,0.9257085370581892
7,4,0.4116317514413286,0.9257085370581892
7,4,0.36888126170419877,0.9257085370581892
7,4,0.4116317514413286,0.8854498244616362
7,4,0.4116317514413286,0.9257085370581892
7,4,0.4116317514413286,0.9257085370581892
7,4,0.4116317514413286,0.8854498244616362
7,4,0.45438224117845927,0.8854498244616362
7,4,0.4116317514413286,0.8854498244616362
7,4,0.45438224117845927,0.8451911118650823
7,4,0.45438224117845927,0.8854498244616362
7,4,0.45438224117845927,0.8854498244616362
7,4,0.45438224117845927,0.8451911118650823
7,4,0.49713273091558996,0.8451911118650823
7,4,0.3261307719670681,0.9659672496547431
7,4,0.3261307719670681,0.9257085370581892
7,4,0.36888126170419877,0.9257085370581892
7,4,0.3261307719670681,0.9257085370581892
7,4,0.36888126170419877,0.8854498244616362
7,4,0.36888126170419877,0.9257085370581892
7,4,0.36888126170419877,0.9257085370581892
7,4,0.36888126170419877,0.8854498244616362
7,4,0.4116317514413286,0.8854498244616362
7,4,0.36888126170419877,0.8854498244616362
7,4,0.4116317514413286,0.8451911118650823
7,4,0.4116317514413286,0.8854498244616362
7,4,0.4116317514413286,0.8854498244616362
7,4,0.4116317514413286,0.8451911118650823
7,4,0.45438224117845927,0.8451911118650823
7,4,0.3261307719670681,0.9257085370581892
7,4,0.3261307719670681,0.8854498244616362
7,4,0.36888126170419877,0.8854498244616362
7,4,0.3261307719670681,0.8854498244616362
7,4,0.36888126170419877,0.8451911118650823
7,4,0.36888126170419877,0.8854498244616362
7,4,0.36888126170419877,0.8854498244616362
7,4,0.36888126170419877,0.8451911118650823
7,4,0.4116317514413286,0.8451911118650823
7,4,0.3261307719670681,0.8854498244616362
7,4,0.3261307719670681,0.8451911118650823
7,4,0.36888126170419877,0.8451911118650823
7,4,0.49713273091558996,0.8451911118650823
7,4,0.49713273091558996,0.8854498244616362
7,4,0.45438224117845927,0.8854498244616362
7,4,0.49713273091558996,0.8854498244616362
7,4,0.45438224117845927,0.9257085370581892
7,4,0.45438224117845927,0.8854498244616362
7,4,0.45438224117845927,0.8854498244616362
7,4,0.45438224117845927,0.9257085370581892
7,4,0.4116317514413286,0.9257085370581892
7,4,0.45438224117845927,0.9257085370581892
7,4,0.4116317514413286,0.9659672496547431
7,4,0.4116317514413286,0.9257085370581892
7,4,0.4116317514413286,0.9257085370581892
7,4,0.4116317514413286,0.9659672496547431
7,4,0.36888126170419877,0.9659672496547431
7,4,0.4116317514413286,0.9659672496547431
7,3,0.36888126170419877,0.006225962251296124
7,4,0.36888126170419877,0.9659672496547431
7,4,0.36888126170419877,0.9659672496547431
7,3,0.36888126170419877,0.006225962251296124
7,3,0.3261307719670681,0.006225962251296124
7,4,0.49713273091558996,0.8854498244616362
7,4,0.49713273091558996,0.9257085370581892
7,4,0.45438224117845927,0.9257085370581892
7,4,0.49713273091558996,0.9257085370581892
7,4,0.45438224117845927,0.9659672496547431
7,4,0.45438224117845927,0.9257085370581892
7,4,0.45438224117845927,0.9257085370581892
7,4,0.45438224117845927,0.9659672496547431
7,4,0.4116317514413286,0.9659672496547431
7,4,0.45438224117845927,0.9659672496547431
7,3,0.4116317514413286,0.006225962251296124
7,4,0.4116317514413286,0.9659672496547431
7,4,0.4116317514413286,0.9659672496547431
7,3,0.4116317514413286,0.006225962251296124
7,3,0.36888126170419877,0.006225962251296124
7,4,0.49713273091558996,0.9257085370581892
7,4,0.49713273091558996,0.9659672496547422
7,4,0.45438224117845927,0.9659672496547431
7,4,0.49713273091558996,0.9659672496547422
7,3,0.45438224117845927,0.006225962251296124
7,4,0.45438224117845927,0.9659672496547431
7,4,0.45438224117845927,0.9659672496547431
7,3,0.45438224117845927,0.006225962251296124
7,3,0.4116317514413286,0.006225962251296124
7,4,0.49713273091558996,0.9659672496547422
7,3,0.49713273091558996,0.006225962251296124
7,3,0.45438224117845927,0.006225962251296124
7,3,0.49713273091558996,0.006225962251296124
7,4,0.49713273091558996,0.9659672496547422
7,4,0.5398531992413877,0.9659672496547422
7,4,0.49713273091558996,0.9659672496547422
7,4,0.5398531992413877,0.9257085370581892
7,4,0.5398531992413877,0.9659672496547422
7,4,0.5398531992413877,0.9659672496547422
7,4,0.5398531992413877,0.9257085370581892
7,4,0.5825736675671864,0.9257085370581892
7,4,0.5398531992413877,0.9257085370581892
7,4,0.5825736675671864,0.8854498244616362
7,4,0.5825736675671864,0.9257085370581892
7,4,0.5825736675671864,0.9257085370581892
7,4,0.5825736675671864,0.8854498244616362
7,4,0.6252941358929842,0.8854498244616362
7,4,0.5825736675671864,0.8854498244616362
7,4,0.6252941358929842,0.8451911118650823
7,4,0.6252941358929842,0.8854498244616362
7,4,0.6252941358929842,0.8854498244616362
7,4,0.6252941358929842,0.8451911118650823
7,4,0.6680146042187829,0.8451911118650823
7,4,0.49713273091558996,0.9659672496547422
7,4,0.49713273091558996,0.9257085370581892
7,4,0.5398531992413877,0.9257085370581892
7,4,0.49713273091558996,0.9257085370581892
7,4,0.5398531992413877,0.8854498244616362
7,4,0.5398531992413877,0.9257085370581892
7,4,0.5398531992413877,0.9257085370581892
7,4,0.5398531992413877,0.8854498244616362
7,4,0.5825736675671864,0.8854498244616362
7,4,0.5398531992413877,0.8854498244616362
7,4,0.5825736675671864,0.8451911118650823
7,4,0.5825736675671864,0.8854498244616362
7,4,0.5825736675671864,0.8854498244616362
7,4,0.5825736675671864,0.8451911118650823
7,4,0.6252941358929842,0.8451911118650823
7,4,0.49713273091558996,0.9257085370581892
7,4,0.49713273091558996,0.8854498244616362
7,4,0.5398531992413877,0.8854498244616362
7,4,0.49713273091558996,0.8854498244616362
7,4,0.5398531992413877,0.8451911118650823
7,4,0.5398531992413877,0.8854498244616362
7,4,0.5398531992413877,0.8854498244616362
7,4,0.5398531992413877,0.8451911118650823
7,4,0.5825736675671864,0.8451911118650823
7,4,0.49713273091558996,0.8854498244616362
7,4,0.49713273091558996,0.8451911118650823
7,4,0.5398531992413877,0.8451911118650823
7,4,0.6680146042187829,0.8451911118650823
7,4,0.6680146042187829,0.8854498244616362
7,4,0.6252941358929842,0.8854498244616362
7,4,0.6680146042187829,0.8854498244616362
7,4,0.6252941358929842,0.9257085370581892
7,4,0.6252941358929842,0.8854498244616362
7,4,0.6252941358929842,0.8854498244616362
7,4,0.6252941358929842,0.9257085370581892
7,4,0.5825736675671864,0.9257085370581892
7,4,0.6252941358929842,0.9257085370581892
7,4,0.5825736675671864,0.9659672496547422
7,4,0.5825736675671864,0.9257085370581892
7,4,0.5825736675671864,0.9257085370581892
7,4,0.5825736675671864,0.9659672496547422
7,4,0.5398531992413877,0.9659672496547422
7,4,0.5825736675671864,0.9659672496547422
7,3,0.5398531992413877,0.006225962251296124
7,4,0.5398531992413877,0.9659672496547422
7,4,0.5398531992413877,0.9659672496547422
7,3,0.5398531992413877,0.006225962251296124
7,3,0.49713273091558996,0.006225962251296124
7,4,0.6680146042187829,0.8854498244616362
7,4,0.6680146042187829,0.9257085370581892
7,4,0.6252941358929842,0.9257085370581892
7,4,0.6680146042187829,0.9257085370581892
7,4,0.6252941358929842,0.9659672496547422
7,4,0.6252941358929842,0.9257085370581892
7,4,0.6252941358929842,0.9257085370581892
7,4,0.6252941358929842,0.9659672496547422
7,4,0.5825736675671864,0.9659672496547422
7,4,0.6252941358929842,0.9659672496547422
7,3,0.5825736675671864,0.006225962251296124
7,4,0.5825736675671864,0.9659672496547422
7,4,0.5825736675671864,0.9659672496547422
7,3,0.5825736675671864,0.006225962251296124
7,3,0.5398531992413877,0.006225962251296124
7,4,0.6680146042187829,0.9257085370581892
7,4,0.6680146042187829,0.9659672496547422
7,4,0.6252941358929842,0.9659672496547422
7,4,0.6680146042187829,0.9659672496547422
7,3,0.6252941358929842,0.006225962251296124
7,4,0.6252941358929842,0.9659672496547422
7,4,0.6252941358929842,0.9659672496547422
7,3,0.6252941358929842,0.006225962251296124
7,3,0.5825736675671864,0.006225962251296124
7,4,0.6680146042187829,0.9659672496547422
7,3,0.6680146042187829,0.006225962251296124
7,3,0.6252941358929842,0.006225962251296124
7,3,0.3261307719670681,0.006225962251296124
7,3,0.36888126170419877,0.006225962251296124
7,3,0.36888126170419877,0.04645465343651711
7,3,0.36888126170419877,0.006225962251296124
7,3,0.4116317514413286,0.04645465343651711
7,3,0.36888126170419877,0.04645465343651711
7,3,0.36888126170419877,0.04645465343651711
7,3,0.4116317514413286,0.04645465343651711
7,3,0.4116317514413286,0.0866833446217381
7,3,0.4116317514413286,0.04645465343651711
7,3,0.45438224117845927,0.0866833446217381
7,3,0.4116317514413286,0.0866833446217381
7,3,0.4116317514413286,0.0866833446217381
7,3,0.45438224117845927,0.0866833446217381
7,3,0.45438224117845927,0.12691203580695953
7,3,0.45438224117845927,0.0866833446217381
7,3,0.49713273091558996,0.12691203580695953
7,3,0.45438224117845927,0.12691203580695953
7,3,0.45438224117845927,0.12691203580695953
7,3,0.49713273091558996,0.12691203580695953
7,3,0.49713273091558996,0.16714072699218052
7,3,0.36888126170419877,0.006225962251296124
7,3,0.4116317514413286,0.006225962251296124
7,3,0.4116317514413286,0.04645465343651711
7,3,0.4116317514413286,0.006225962251296124
7,3,0.45438224117845927,0.04645465343651711
7,3,0.4116317514413286,0.04645465343651711
7,3,0.4116317514413286,0.04645465343651711
7,3,0.45438224117845927,0.04645465343651711
7,3,0.45438224117845927,0.0866833446217381
7,3,0.45438224117845927,0.04645465343651711
7,3,0.49713273091558996,0.0866833446217381
7,3,0.45438224117845927,0.0866833446217381
7,3,0.45438224117845927,0.0866833446217381
7,3,0.49713273091558996,0.0866833446217381
7,3,0.49713273091558996,0.12691203580695953
7,3,0.4116317514413286,0.006225962251296124
7,3,0.45438224117845927,0.006225962251296124
7,3,0.45438224117845927,0.04645465343651711
7,3,0.45438224117845927,0.006225962251296124
7,3,0.49713273091558996,0.04645465343651711
7,3,0.45438224117845927,0.04645465343651711
7,3,0.45438224117845927,0.04645465343651711
7,3,0.49713273091558996,0.04645465343651711
7,3,0.49713273091558996,0.0866833446217381
7,3,0.45438224117845927,0.006225962251296124
7,3,0.49713273091558996,0.006225962251296124
7,3,0.49713273091558996,0.04645465343651711
7,3,0.49713273091558996,0.16714072699218052
7,3,0.45438224117845927,0.16714072699218052
7,3,0.45438224117845927,0.12691203580695953
7,3,0.45438224117845927,0.16714072699218052
7,3,0.4116317514413286,0.12691203580695953
7,3,0.45438224117845927,0.12691203580695953
7,3,0.45438224117845927,0.12691203580695953
7,3,0.4116317514413286,0.12691203580695953
7,3,0.4116317514413286,0.0866833446217381
7,3,0.4116317514413286,0.12691203580695953
7,3,0.36888126170419877,0.0866833446217381
7,3,0.4116317514413286,0.0866833446217381
7,3,0.4116317514413286,0.0866833446217381
7,3,0.36888126170419877,0.0866833446217381
7,3,0.36888126170419877,0.04645465343651711
7,3,0.36888126170419877,0.0866833446217381
7,3,0.3261307719670681,0.04645465343651711
7,3,0.36888126170419877,0.04645465343651711
7,3,0.36888126170419877,0.04645465343651711
7,3,0.3261307719670681,0.04645465343651711
7,3,0.3261307719670681,0.006225962251296124
7,3,0.45438224117845927,0.16714072699218052
7,3,0.4116317514413286,0.16714072699218052
7,3,0.4116317514413286,0.12691203580695953
7,3,0.4116317514413286,0.16714072699218052
7,3,0.36888126170419877,0.12691203580695953
7,3,0.4116317514413286,0.12691203580695953
7,3,0.4116317514413286,0.12691203580695953
7,3,0.36888126170419877,0.12691203580695953
7,3,0.36888126170419877,0.0866833446217381
7,3,0.36888126170419877,0.12691203580695953
7,3,0.3261307719670681,0.0866833446217381
7,3,0.36888126170419877,0.0866833446217381
7,3,0.36888126170419877,0.0866833446217381
7,3,0.3261307719670681,0.0866833446217381
7,3,0.3261307719670681,0.04645465343651711
7,3,0.4116317514413286,0.16714072699218052
7,3,0.36888126170419877,0.16714072699218052
7,3,0.36888126170419877,0.12691203580695953
7,3,0.36888126170419877,0.16714072699218052
7,3,0.3261307719670681,0.12691203580695953
7,3,0.36888126170419877,0.12691203580695953
7,3,0.36888126170419877,0.12691203580695953
7,3,0.3261307719670681,0.12691203580695953
7,3,0.3261307719670681,0.0866833446217381
7,3,0.36888126170419877,0.16714072699218052
7,3,0.3261307719670681,0.16714072699218052
7,3,0.3261307719670681,0.12691203580695953
7,3,0.49713273091558996,0.006225962251296124
7,3,0.5398531992413877,0.006225962251296124
7,3,0.5398531992413877,0.04645465343651711
7,3,0.5398531992413877,0.006225962251296124
7,3,0.5825736675671864,0.04645465343651711
7,3,0.5398531992413877,0.04645465343651711
7,3,0.5398531992413877,0.04645465343651711
7,3,0.5825736675671864,0.04645465343651711
7,3,0.5825736675671864,0.0866833446217381
7,3,0.5825736675671864,0.04645465343651711
7,3,0.6252941358929842,0.0866833446217381
7,3,0.5825736675671864,0.0866833446217381
7,3,0.5825736675671864,0.0866833446217381
7,3,0.6252941358929842,0.0866833446217381
7,3,0.6252941358929842,0.12691203580695953
7,3,0.6252941358929842,0.0866833446217381
7,3,0.6680146042187829,0.12691203580695953
7,3,0.6252941358929842,0.12691203580695953
7,3,0.6252941358929842,0.12691203580695953
7,3,0.6680146042187829,0.12691203580695953
7,3,0.6680146042187829,0.16714072699218052
7,3,0.5398531992413877,0.006225962251296124
7,3,0.5825736675671864,0.006225962251296124
7,3,0.5825736675671864,0.04645465343651711
7,3,0.5825736675671864,0.006225962251296124
7,3,0.6252941358929842,0.04645465343651711
7,3,0.5825736675671864,0.04645465343651711
7,3,0.5825736675671864,0.04645465343651711
7,3,0.6252941358929842,0.04645465343651711
7,3,0.6252941358929842,0.0866833446217381
7,3,0.6252941358929842,0.04645465343651711
7,3,0.6680146042187829,0.0866833446217381
7,3,0.6252941358929842,0.0866833446217381
7,3,0.6252941358929842,0.0866833446217381
7,3,0.6680146042187829,0.0866833446217381
7,3,0.6680146042187829,0.12691203580695953
7,3,0.5825736675671864,0.006225962251296124
7,3,0.6252941358929842,0.006225962251296124
7,3,0.6252941358929842,0.04645465343651711
7,3,0.6252941358929842,0.006225962251296124
7,3,0.6680146042187829,0.04645465343651711
7,3,0.6252941358929842,0.04645465343651711
7,3,0.6252941358929842,0.04645465343651711
7,3,0.6680146042187829,0.04645465343651711
7,3,0.6680146042187829,0.0866833446217381
7,3,0.6252941358929842,0.006225962251296124
7,3,0.6680146042187829,0.006225962251296124
7,3,0.6680146042187829,0.04645465343651711
7,3,0.6680146042187829,0.16714072699218052
7,3,0.6252941358929842,0.16714072699218052
7,3,0.6252941358929842,0.12691203580695953
7,3,0.6252941358929842,0.16714072699218052
7,3,0.5825736675671864,0.12691203580695953
7,3,0.6252941358929842,0.12691203580695953
7,3,0.6252941358929842,0.12691203580695953
7,3,0.5825736675671864,0.12691203580695953
7,3,0.5825736675671864,0.0866833446217381
7,3,0.5825736675671864,0.12691203580695953
7,3,0.5398531992413877,0.0866833446217381
7,3,0.5825736675671864,0.0866833446217381
7,3,0.5825736675671864,0.0866833446217381
7,3,0.5398531992413877,0.0866833446217381
7,3,0.5398531992413877,0.04645465343651711
7,3,0.5398531992413877,0.0866833446217381
7,3,0.49713273091558996,0.04645465343651711
7,3,0.5398531992413877,0.04645465343651711
7,3,0.5398531992413877,0.04645465343651711
7,3,0.49713273091558996,0.04645465343651711
7,3,0.49713273091558996,0.006225962251296124
7,3,0.6252941358929842,0.16714072699218052
7,3,0.5825736675671864,0.16714072699218052
7,3,0.5825736675671864,0.12691203580695953
7,3,0.5825736675671864,0.16714072699218052
7,3,0.5398531992413877,0.12691203580695953
7,3,0.5825736675671864,0.12691203580695953
7,3,0.5825736675671864,0.12691203580695953
7,3,0.5398531992413877,0.12691203580695953
7,3,0.5398531992413877,0.0866833446217381
7,3,0.5398531992413877,0.12691203580695953
7,3,0.49713273091558996,0.0866833446217381
7,3,0.5398531992413877,0.0866833446217381
7,3,0.5398531992413877,0.0866833446217381
7,3,0.49713273091558996,0.0866833446217381
7,3,0.49713273091558996,0.04645465343651711
7,3,0.5825736675671864,0.16714072699218052
7,3,0.5398531992413877,0.16714072699218052
7,3,0.5398531992413877,0.12691203580695953
7,3,0.5398531992413877,0.16714072699218052
7,3,0.49713273091558996,0.12691203580695953
7,3,0.5398531992413877,0.12691203580695953
7,3,0.5398531992413877,0.12691203580695953
7,3,0.49713273091558996,0.12691203580695953
7,3,0.49713273091558996,0.0866833446217381
7,3,0.5398531992413877,0.16714072699218052
7,3,0.49713273091558996,0.16714072699218052
7,3,0.49713273091558996,0.12691203580695953
7,5,0.4299999999999997,0.8700000000000001
7,5,0.342547464670818,0.7705286727796512
7,5,0.342547464670818,0.969471327220349
7,5,0.5174525353291815,0.7705286727796512
7,5,0.5174525353291815,0.969471327220349
7,5,0.2509008607267509,0.8660063171906192
7,5,0.2509008607267509,0.8257611892464389
7,5,0.29363813076257195,0.8257611892464389
7,5,0.2509008607267509,0.8257611892464389
7,5,0.29363813076257195,0.7855160613022578
7,5,0.29363813076257195,0.8257611892464389
7,5,0.29363813076257195,0.8257611892464389
7,5,0.29363813076257195,0.7855160613022578
7,5,0.3363754007983939,0.7855160613022587
7,5,0.29363813076257195,0.7855160613022578
7,5,0.3363754007983939,0.7452709333580776
7,5,0.3363754007983939,0.7855160613022587
7,5,0.3363754007983939,0.7855160613022587
7,5,0.3363754007983939,0.7452709333580776
7,5,0.37911267083421496,0.7452709333580776
7,5,0.3363754007983939,0.7452709333580776
7,5,0.37911267083421496,0.7050258054138974
7,5,0.37911267083421496,0.7452709333580776
7,5,0.37911267083421496,0.7452709333580776
7,5,0.37911267083421496,0.7050258054138974
7,5,0.421849940870036,0.7050258054138974
7,5,0.2509008607267509,0.8257611892464389
7,5,0.2509008607267509,0.7855160613022587
7,5,0.29363813076257195,0.7855160613022578
7,5,0.2509008607267509,0.7855160613022587
7,5,0.29363813076257195,0.7452709333580776
7,5,0.29363813076257195,0.7855160613022578
7,5,0.29363813076257195,0.7855160613022578
7,5,0.29363813076257195,0.7452709333580776
7,5,0.3363754007983939,0.7452709333580776
7,5,0.29363813076257195,0.7452709333580776
7,5,0.3363754007983939,0.7050258054138974
7,5,0.3363754007983939,0.7452709333580776
7,5,0.3363754007983939,0.7452709333580776
7,5,0.3363754007983939,0.7050258054138974
7,5,0.37911267083421496,0.7050258054138974
7,5,0.2509008607267509,0.7855160613022587
7,5,0.2509008607267509,0.7452709333580776
7,5,0.29363813076257195,0.7452709333580776
7,5,0.2509008607267509,0.7452709333580776
7,5,0.29363813076257195,0.7050258054138974
7,5,0.29363813076257195,0.7452709333580776
7,5,0.29363813076257195,0.7452709333580776
7,5,0.29363813076257195,0.7050258054138974
7,5,0.3363754007983939,0.7050258054138974
7,5,0.2509008607267509,0.7452709333580776
7,5,0.2509008607267509,0.7050258054138974
7,5,0.29363813076257195,0.7050258054138974
7,5,0.421849940870036,0.7050258054138974
7,5,0.421849940870036,0.7452709333580776
7,5,0.37911267083421496,0.7452709333580776
7,5,0.421849940870036,0.7452709333580776
7,5,0.37911267083421496,0.7855160613022578
7,5,0.37911267083421496,0.7452709333580776
7,5,0.37911267083421496,0.7452709333580776
7,5,0.37911267083421496,0.7855160613022578
7,5,0.3363754007983939,0.7855160613022587
7,5,0.37911267083421496,0.7855160613022578
7,5,0.3363754007983939,0.8257611892464389
7,5,0.3363754007983939,0.7855160613022587
7,5,0.3363754007983939,0.7855160613022587
7,5,0.3363754007983939,0.8257611892464389
7,5,0.29363813076257195,0.8257611892464389
7,5,0.3363754007983939,0.8257611892464389
7,5,0.29363813076257195,0.8660063171906192
7,5,0.29363813076257195,0.8257611892464389
7,5,0.29363813076257195,0.8257611892464389
7,5,0.29363813076257195,0.8660063171906192
7,5,0.2509008607267509,0.8660063171906192
7,5,0.421849940870036,0.7452709333580776
7,5,0.421849940870036,0.7855160613022587
7,5,0.37911267083421496,0.7855160613022578
7,5,0.421849940870036,0.7855160613022587
7,5,0.37911267083421496,0.8257611892464389
7,5,0.37911267083421496,0.7855160613022578
7,5,0.37911267083421496,0.7855160613022578
7,5,0.37911267083421496,0.8257611892464389
7,5,0.3363754007983939,0.8257611892464389
7,5,0.37911267083421496,0.8257611892464389
7,5,0.3363754007983939,0.8660063171906192
7,5,0.3363754007983939,0.8257611892464389
7,5,0.3363754007983939,0.8257611892464389
7,5,0.3363754007983939,0.8660063171906192
7,5,0.29363813076257195,0.8660063171906192
7,5,0.421849940870036,0.7855160613022587
7,5,0.421849940870036,0.8257611892464389
7,5,0.37911267083421496,0.8257611892464389
7,5,0.421849940870036,0.8257611892464389
7,5,0.37911267083421496,0.8660063171906192
7,5,0.37911267083421496,0.8257611892464389
7,5,0.37911267083421496,0.8257611892464389
7,5,0.37911267083421496,0.8660063171906192
7,5,0.3363754007983939,0.8660063171906192
7,5,0.421849940870036,0.8257611892464389
7,5,0.421849940870036,0.8660063171906192
7,5,0.37911267083421496,0.8660063171906192
7,5,0.421849940870036,0.8660063171906192
7,5,0.421849940870036,0.8257611892464389
7,5,0.4645723767267409,0.8257611892464389
7,5,0.421849940870036,0.8257611892464389
7,5,0.4645723767267409,0.7855160613022578
7,5,0.4645723767267409,0.8257611892464389
7,5,0.4645723767267409,0.8257611892464389
7,5,0.4645723767267409,0.7855160613022578
7,5,0.5072948125834458,0.7855160613022587
7,5,0.4645723767267409,0.7855160613022578
7,5,0.5072948125834458,0.7452709333580776
7,5,0.5072948125834458,0.7855160613022587
7,5,0.5072948125834458,0.7855160613022587
7,5,0.5072948125834458,0.7452709333580776
7,5,0.5500172484401498,0.7452709333580776
7,5,0.5072948125834458,0.7452709333580776
7,5,0.5500172484401498,0.7050258054138974
7,5,0.5500172484401498,0.7452709333580776
7,5,0.5500172484401498,0.7452709333580776
7,5,0.5500172484401498,0.7050258054138974
7,5,0.5927396842968546,0.7050258054138974
7,5,0.421849940870036,0.8257611892464389
7,5,0.421849940870036,0.7855160613022587
7,5,0.4645723767267409,0.7855160613022578
7,5,0.421849940870036,0.7855160613022587
7,5,0.4645723767267409,0.7452709333580776
7,5,0.4645723767267409,0.7855160613022578
7,5,0.4645723767267409,0.7855160613022578
7,5,0.4645723767267409,0.7452709333580776
7,5,0.5072948125834458,0.7452709333580776
7,5,0.4645723767267409,0.7452709333580776
7,5,0.5072948125834458,0.7050258054138974
7,5,0.5072948125834458,0.7452709333580776
7,5,0.5072948125834458,0.7452709333580776
7,5,0.5072948125834458,0.7050258054138974
7,5,0.5500172484401498,0.7050258054138974
7,5,0.421849940870036,0.7855160613022587
7,5,0.421849940870036,0.7452709333580776
7,5,0.4645723767267409,0.7452709333580776
7,5,0.421849940870036,0.7452709333580776
7,5,0.4645723767267409,0.7050258054138974
7,5,0.4645723767267409,0.7452709333580776
7,5,0.4645723767267409,0.7452709333580776
7,5,0.4645723767267409,0.7050258054138974
7,5,0.5072948125834458,0.7050258054138974
7,5,0.421849940870036,0.7452709333580776
7,5,0.421849940870036,0.7050258054138974
7,5,0.4645723767267409,0.7050258054138974
7,5,0.5927396842968546,0.7050258054138974
7,5,0.5927396842968546,0.7452709333580776
7,5,0.5500172484401498,0.7452709333580776
7,5,0.5927396842968546,0.7452709333580776
7,5,0.5500172484401498,0.7855160613022578
7,5,0.5500172484401498,0.7452709333580776
7,5,0.5500172484401498,0.7452709333580776
7,5,0.5500172484401498,0.7855160613022578
7,5,0.5072948125834458,0.7855160613022587
7,5,0.5500172484401498,0.7855160613022578
7,5,0.5072948125834458,0.8257611892464389
7,5,0.5072948125834458,0.7855160613022587
7,5,0.5072948125834458,0.7855160613022587
7,5,0.5072948125834458,0.8257611892464389
7,5,0.4645723767267409,0.8257611892464389
7,5,0.5072948125834458,0.8257611892464389
7,5,0.4645723767267409,0.8660063171906192
7,5,0.4645723767267409,0.8257611892464389
7,5,0.4645723767267409,0.8257611892464389
7,5,0.4645723767267409,0.8660063171906192
7,5,0.421849940870036,0.8660063171906192
7,5,0.5927396842968546,0.7452709333580776
7,5,0.5927396842968546,0.7855160613022587
7,5,0.5500172484401498,0.7855160613022578
7,5,0.5927396842968546,0.7855160613022587
7,5,0.5500172484401498,0.8257611892464389
7,5,0.5500172484401498,0.7855160613022578
7,5,0.5500172484401498,0.7855160613022578
7,5,0.5500172484401498,0.8257611892464389
7,5,0.5072948125834458,0.8257611892464389
7,5,0.5500172484401498,0.8257611892464389
7,5,0.5072948125834458,0.8660063171906192
7,5,0.5072948125834458,0.8257611892464389
7,5,0.5072948125834458,0.8257611892464389
7,5,0.5072948125834458,0.8660063171906192
7,5,0.4645723767267409,0.8660063171906192
7,5,0.5927396842968546,0.7855160613022587
7,5,0.5927396842968546,0.8257611892464389
7,5,0.5500172484401498,0.8257611892464389
7,5,0.5927396842968546,0.8257611892464389
7,5,0.5500172484401498,0.8660063171906192
7,5,0.5500172484401498,0.8257611892464389
7,5,0.5500172484401498,0.8257611892464389
7,5,0.5500172484401498,0.8660063171906192
7,5,0.5072948125834458,0.8660063171906192
7,5,0.5927396842968546,0.8257611892464389
7,5,0.5927396842968546,0.8660063171906192
7,5,0.5500172484401498,0.8660063171906192
7,5,0.2509008607267509,0.8660063171906192
7,5,0.29363813076257195,0.8660063171906192
7,5,0.29363813076257195,0.9062662793139156
7,5,0.29363813076257195,0.8660063171906192
7,5,0.3363754007983939,0.9062662793139156
7,5,0.29363813076257195,0.9062662793139156
7,5,0.29363813076257195,0.9062662793139156
7,5,0.3363754007983939,0.9062662793139156
7,5,0.3363754007983939,0.9465262414372129
7,5,0.3363754007983939,0.9062662793139156
7,5,0.37911267083421496,0.9465262414372129
7,5,0.3363754007983939,0.9465262414372129
7,5,0.3363754007983939,0.9465262414372129
7,5,0.37911267083421496,0.9465262414372129
7,5,0.37911267083421496,0.9867862035605102
7,5,0.37911267083421496,0.9465262414372129
7,5,0.421849940870036,0.9867862035605102
7,5,0.37911267083421496,0.9867862035605102
7,5,0.37911267083421496,0.9867862035605102
7,5,0.421849940870036,0.9867862035605102
7,4,0.421849940870036,0.027046165683807466
7,5,0.29363813076257195,0.8660063171906192
7,5,0.3363754007983939,0.8660063171906192
7,5,0.3363754007983939,0.9062662793139156
7,5,0.3363754007983939,0.8660063171906192
7,5,0.37911267083421496,0.9062662793139156
7,5,0.3363754007983939,0.9062662793139156
7,5,0.3363754007983939,0.9062662793139156
7,5,0.37911267083421496,0.9062662793139156
7,5,0.37911267083421496,0.9465262414372129
7,5,0.37911267083421496,0.9062662793139156
7,5,0.421849940870036,0.9465262414372129
7,5,0.37911267083421496,0.9465262414372129
7,5,0.37911267083421496,0.9465262414372129
7,5,0.421849940870036,0.9465262414372129
7,5,0.421849940870036,0.9867862035605102
7,5,0.3363754007983939,0.8660063171906192
7,5,0.37911267083421496,0.8660063171906192
7,5,0.37911267083421496,0.9062662793139156
7,5,0.37911267083421496,0.8660063171906192
7,5,0.421849940870036,0.9062662793139156
7,5,0.37911267083421496,0.9062662793139156
7,5,0.37911267083421496,0.9062662793139156
7,5,0.421849940870036,0.9062662793139156
7,5,0.421849940870036,0.9465262414372129
7,5,0.37911267083421496,0.8660063171906192
7,5,0.421849940870036,0.8660063171906192
7,5,0.421849940870036,0.9062662793139156
7,4,0.421849940870036,0.027046165683807466
7,4,0.37911267083421496,0.027046165683807466
7,5,0.37911267083421496,0.9867862035605102
7,4,0.37911267083421496,0.027046165683807466
7,5,0.3363754007983939,0.9867862035605102
7,5,0.37911267083421496,0.9867862035605102
7,5,0.37911267083421496,0.9867862035605102
7,5,0.3363754007983939,0.9867862035605102
7,5,0.3363754007983939,0.9465262414372129
7,5,0.3363754007983939,0.9867862035605102
7,5,0.29363813076257195,0.9465262414372129
7,5,0.3363754007983939,0.9465262414372129
7,5,0.3363754007983939,0.9465262414372129
7,5,0.29363813076257195,0.9465262414372129
7,5,0.29363813076257195,0.9062662793139156
7,5,0.29363813076257195,0.9465262414372129
7,5,0.2509008607267509,0.9062662793139156
7,5,0.29363813076257195,0.9062662793139156
7,5,0.29363813076257195,0.9062662793139156
7,5,0.2509008607267509,0.9062662793139156
7,5,0.2509008607267509,0.8660063171906192
7,4,0.37911267083421496,0.027046165683807466
7,4,0.3363754007983939,0.027046165683807466
7,5,0.3363754007983939,0.9867862035605102
7,4,0.3363754007983939,0.027046165683807466
7,5,0.29363813076257195,0.9867862035605102
7,5,0.3363754007983939,0.9867862035605102
7,5,0.3363754007983939,0.9867862035605102
7,5,0.29363813076257195,0.9867862035605102
7,5,0.29363813076257195,0.9465262414372129
7,5,0.29363813076257195,0.9867862035605102
7,5,0.2509008607267509,0.9465262414372129
7,5,0.29363813076257195,0.9465262414372129
7,5,0.29363813076257195,0.9465262414372129
7,5,0.2509008607267509,0.9465262414372129
7,5,0.2509008607267509,0.9062662793139156
7,4,0.3363754007983939,0.027046165683807466
7,4,0.29363813076257195,0.027046165683807466
7,5,0.29363813076257195,0.9867862035605102
7,4,0.29363813076257195,0.027046165683807466
7,5,0.2509008607267509,0.9867862035605102
7,5,0.29363813076257195,0.9867862035605102
7,5,0.29363813076257195,0.9867862035605102
7,5,0.2509008607267509,0.9867862035605102
7,5,0.2509008607267509,0.9465262414372129
7,4,0.29363813076257195,0.027046165683807466
7,4,0.2509008607267509,0.027046165683807466
7,5,0.2509008607267509,0.9867862035605102
7,5,0.421849940870036,0.8660063171906192
7,5,0.4645723767267409,0.8660063171906192
7,5,0.4645723767267409,0.9062662793139156
7,5,0.4645723767267409,0.8660063171906192
7,5,0.5072948125834458,0.9062662793139156
7,5,0.4645723767267409,0.9062662793139156
7,5,0.4645723767267409,0.9062662793139156
7,5,0.5072948125834458,0.9062662793139156
7,5,0.5072948125834458,0.9465262414372129
7,5,0.5072948125834458,0.9062662793139156
7,5,0.5500172484401498,0.9465262414372129
7,5,0.5072948125834458,0.9465262414372129
7,5,0.5072948125834458,0.9465262414372129
7,5,0.5500172484401498,0.9465262414372129
7,5,0.5500172484401498,0.9867862035605102
7,5,0.5500172484401498,0.9465262414372129
7,5,0.5927396842968546,0.9867862035605102
7,5,0.5500172484401498,0.9867862035605102
7,5,0.5500172484401498,0.9867862035605102
7,5,0.5927396842968546,0.9867862035605102
7,4,0.5927396842968546,0.027046165683807466
7,5,0.4645723767267409,0.8660063171906192
7,5,0.5072948125834458,0.8660063171906192
7,5,0.5072948125834458,0.9062662793139156
7,5,0.5072948125834458,0.8660063171906192
7,5,0.5500172484401498,0.9062662793139156
7,5,0.5072948125834458,0.9062662793139156
7,5,0.5072948125834458,0.9062662793139156
7,5,0.5500172484401498,0.9062662793139156
7,5,0.5500172484401498,0.9465262414372129
7,5,0.5500172484401498,0.9062662793139156
7,5,0.5927396842968546,0.9465262414372129
7,5,0.5500172484401498,0.9465262414372129
7,5,0.5500172484401498,0.9465262414372129
7,5,0.5927396842968546,0.9465262414372129
7,5,0.5927396842968546,0.9867862035605102
7,5,0.5072948125834458,0.8660063171906192
7,5,0.5500172484401498,0.8660063171906192
7,5,0.5500172484401498,0.9062662793139156
7,5,0.5500172484401498,0.8660063171906192
7,5,0.5927396842968546,0.9062662793139156
7,5,0.5500172484401498,0.9062662793139156
7,5,0.5500172484401498,0.9062662793139156
7,5,0.5927396842968546,0.9062662793139156
7,5,0.5927396842968546,0.9465262414372129
7,5,0.5500172484401498,0.8660063171906192
7,5,0.5927396842968546,0.8660063171906192
7,5,0.5927396842968546,0.9062662793139156
7,4,0.5927396842968546,0.027046165683807466
7,4,0.5500172484401498,0.027046165683807466
7,5,0.5500172484401498,0.9867862035605102
7,4,0.5500172484401498,0.027046165683807466
7,5,0.5072948125834458,0.9867862035605102
7,5,0.5500172484401498,0.9867862035605102
7,5,0.5500172484401498,0.9867862035605102
7,5,0.5072948125834458,0.9867862035605102
7,5,0.5072948125834458,0.9465262414372129
7,5,0.5072948125834458,0.9867862035605102
7,5,0.4645723767267409,0.9465262414372129
7,5,0.5072948125834458,0.9465262414372129
7,5,0.5072948125834458,0.9465262414372129
7,5,0.4645723767267409,0.9465262414372129
7,5,0.4645723767267409,0.9062662793139156
7,5,0.4645723767267409,0.9465262414372129
7,5,0.421849940870036,0.9062662793139156
7,5,0.4645723767267409,0.9062662793139156
7,5,0.4645723767267409,0.9062662793139156
7,5,0.421849940870036,0.9062662793139156
7,5,0.421849940870036,0.8660063171906192
7,4,0.5500172484401498,0.027046165683807466
7,4,0.5072948125834458,0.027046165683807466
7,5,0.5072948125834458,0.9867862035605102
7,4,0.5072948125834458,0.027046165683807466
7,5,0.4645723767267409,0.9867862035605102
7,5,0.5072948125834458,0.9867862035605102
7,5,0.5072948125834458,0.9867862035605102
7,5,0.4645723767267409,0.9867862035605102
7,5,0.4645723767267409,0.9465262414372129
7,5,0.4645723767267409,0.9867862035605102
7,5,0.421849940870036,0.9465262414372129
7,5,0.4645723767267409,0.9465262414372129
7,5,0.4645723767267409,0.9465262414372129
7,5,0.421849940870036,0.9465262414372129
7,5,0.421849940870036,0.9062662793139156
7,4,0.5072948125834458,0.027046165683807466
7,4,0.4645723767267409,0.027046165683807466
7,5,0.4645723767267409,0.9867862035605102
7,4,0.4645723767267409,0.027046165683807466
7,5,0.421849940870036,0.9867862035605102
7,5,0.4645723767267409,0.9867862035605102
7,5,0.4645723767267409,0.9867862035605102
7,5,0.421849940870036,0.9867862035605102
7,5,0.421849940870036,0.9465262414372129
7,4,0.4645723767267409,0.027046165683807466
7,4,0.421849940870036,0.027046165683807466
7,5,0.421849940870036,0.9867862035605102
8,4,0.1999999999999993,0.5700000000000003
8,4,0.11794406922790124,0.4281466171634323
8,4,0.11794406922790124,0.7118533828365683
8,4,0.28205593077209734,0.4281466171634323
8,4,0.28205593077209734,0.7118533828365683
8,4,0.20445415761469476,0.7862079834650384
8,4,0.18294640654617744,0.7862079834650384
8,4,0.18294640654617744,0.7318786862011395
8,4,0.18294640654617744,0.7862079834650384
8,4,0.16143865547765834,0.7318786862011395
8,4,0.18294640654617744,0.7318786862011395
8,4,0.18294640654617744,0.7318786862011395
8,4,0.16143865547765834,0.7318786862011395
8,4,0.16143865547765834,0.6775493889372406
8,4,0.16143865547765834,0.7318786862011395
8,4,0.13993090440913925,0.6775493889372406
8,4,0.16143865547765834,0.6775493889372406
8,4,0.16143865547765834,0.6775493889372406
8,4,0.13993090440913925,0.6775493889372406
8,4,0.13993090440913925,0.6232200916733417
8,4,0.13993090440913925,0.6775493889372406
8,4,0.11842315334062192,0.6232200916733417
8,4,0.13993090440913925,0.6232200916733417
8,4,0.13993090440913925,0.6232200916733417
8,4,0.11842315334062192,0.6232200916733417
8,4,0.11842315334062192,0.5688907944094428
8,4,0.11842315334062192,0.6232200916733417
8,4,0.09691540227210282,0.5688907944094428
8,4,0.11842315334062192,0.5688907944094428
8,4,0.11842315334062192,0.5688907944094428
8,4,0.09691540227210282,0.5688907944094428
8,4,0.09691540227210282,0.5145614971455448
8,4,0.09691540227210282,0.5688907944094428
8,4,0.07540765120358373,0.5145614971455448
8,4,0.09691540227210282,0.5145614971455448
8,4,0.09691540227210282,0.5145614971455448
8,4,0.07540765120358373,0.5145614971455448
8,4,0.07540765120358373,0.4602321998816459
8,4,0.07540765120358373,0.5145614971455448
8,4,0.0538999001350664,0.4602321998816459
8,4,0.07540765120358373,0.4602321998816459
8,4,0.07540765120358373,0.4602321998816459
8,4,0.0538999001350664,0.4602321998816459
8,4,0.0538999001350664,0.405902902617747
8,4,0.0538999001350664,0.4602321998816459
8,4,0.032392149066547304,0.405902902617747
8,4,0.0538999001350664,0.405902902617747
8,4,0.0538999001350664,0.405902902617747
8,4,0.032392149066547304,0.405902902617747
8,4,0.032392149066547304,0.3515736053538481
8,4,0.18294640654617744,0.7862079834650384
8,4,0.16143865547765834,0.7862079834650384
8,4,0.16143865547765834,0.7318786862011395
8,4,0.16143865547765834,0.7862079834650384
8,4,0.13993090440913925,0.7318786862011395
8,4,0.16143865547765834,0.7318786862011395
8,4,0.16143865547765834,0.7318786862011395
8,4,0.13993090440913925,0.7318786862011395
8,4,0.13993090440913925,0.6775493889372406
8,4,0.13993090440913925,0.7318786862011395
8,4,0.11842315334062192,0.6775493889372406
8,4,0.13993090440913925,0.6775493889372406
8,4,0.13993090440913925,0.6775493889372406
8,4,0.11842315334062192,0.6775493889372406
8,4,0.11842315334062192,0.6232200916733417
8,4,0.11842315334062192,0.6775493889372406
8,4,0.09691540227210282,0.6232200916733417
8,4,0.11842315334062192,0.6232200916733417
8,4,0.11842315334062192,0.6232200916733417
8,4,0.09691540227210282,0.6232200916733417
8,4,0.09691540227210282,0.5688907944094428
8,4,0.09691540227210282,0.6232200916733417
8,4,0.07540765120358373,0.5688907944094428
8,4,0.09691540227210282,0.5688907944094428
8,4,0.09691540227210282,0.5688907944094428
8,4,0.07540765120358373,0.5688907944094428
8,4,0.07540765120358373,0.5145614971455448
8,4,0.07540765120358373,0.5688907944094428
8,4,0.0538999001350664,0.5145614971455448
8,4,0.07540765120358373,0.5145614971455448
8,4,0.07540765120358373,0.5145614971455448
8,4,0.0538999001350664,0.5145614971455448
8,4,0.0538999001350664,0.4602321998816459
8,4,0.0538999001350664,0.5145614971455448
8,4,0.032392149066547304,0.4602321998816459
8,4,0.0538999001350664,0.4602321998816459
8,4,0.0538999001350664,0.4602321998816459
8,4,0.032392149066547304,0.4602321998816459
8,4,0.032392149066547304,0.405902902617747
8,4,0.16143865547765834,0.7862079834650384
8,4,0.13993090440913925,0.7862079834650384
8,4,0.13993090440913925,0.7318786862011395
8,4,0.13993090440913925,0.7862079834650384
8,4,0.11842315334062192,0.7318786862011395
8,4,0.13993090440913925,0.7318786862011395
8,4,0.13993090440913925,0.7318786862011395
8,4,0.11842315334062192,0.7318786862011395
8,4,0.11842315334062192,0.6775493889372406
8,4,0.11842315334062192,0.7318786862011395
8,4,0.09691540227210282,0.6775493889372406
8,4,0.11842315334062192,0.6775493889372406
8,4,0.11842315334062192,0.6775493889372406
8,4,0.09691540227210282,0.6775493889372406
8,4,0.09691540227210282,0.6232200916733417
8,4,0.09691540227210282,0.6775493889372406
8,4,0.07540765120358373,0.6232200916733417
8,4,0.09691540227210282,0.6232200916733417
8,4,0.09691540227210282,0.6232200916733417
8,4,0.07540765120358373,0.6232200916733417
8,4,0.07540765120358373,0.5688907944094428
8,4,0.07540765120358373,0.6232200916733417
8,4,0.0538999001350664,0.5688907944094428
8,4,0.07540765120358373,0.5688907944094428
8,4,0.07540765120358373,0.5688907944094428
8,4,0.0538999001350664,0.5688907944094428
8,4,0.0538999001350664,0.5145614971455448
8,4,0.0538999001350664,0.5688907944094428
8,4,0.032392149066547304,0.5145614971455448
8,4,0.0538999001350664,0.5145614971455448
8,4,0.0538999001350664,0.5145614971455448
8,4,0.032392149066547304,0.5145614971455448
8,4,0.032392149066547304,0.4602321998816459
8,4,0.13993090440913925,0.7862079834650384
8,4,0.11842315334062192,0.7862079834650384
8,4,0.11842315334062192,0.7318786862011395
8,4,0.11842315334062192,0.7862079834650384
8,4,0.09691540227210282,0.7318786862011395
8,4,0.11842315334062192,0.7318786862011395
8,4,0.11842315334062192,0.7318786862011395
8,4,0.09691540227210282,0.7318786862011395
8,4,0.09691540227210282,0.6775493889372406
8,4,0.09691540227210282,0.7318786862011395
8,4,0.07540765120358373,0.6775493889372406
8,4,0.09691540227210282,0.6775493889372406
8,4,0.09691540227210282,0.6775493889372406
8,4,0.07540765120358373,0.6775493889372406
8,4,0.07540765120358373,0.6232200916733417
8,4,0.07540765120358373,0.6775493889372406
8,4,0.0538999001350664,0.6232200916733417
8,4,0.07540765120358373,0.6232200916733417
8,4,0.07540765120358373,0.6232200916733417
8,4,0.0538999001350664,0.6232200916733417
8,4,0.0538999001350664,0.5688907944094428
8,4,0.0538999001350664,0.6232200916733417
8,4,0.032392149066547304,0.5688907944094428
8,4,0.0538999001350664,0.5688907944094428
8,4,0.0538999001350664,0.5688907944094428
8,4,0.032392149066547304,0.5688907944094428
8,4,0.032392149066547304,0.5145614971455448
8,4,0.11842315334062192,0.7862079834650384
8,4,0.09691540227210282,0.7862079834650384
8,4,0.09691540227210282,0.7318786862011395
8,4,0.09691540227210282,0.7862079834650384
8,4,0.07540765120358373,0.7318786862011395
8,4,0.09691540227210282,0.7318786862011395
8,4,0.09691540227210282,0.7318786862011395
8,4,0.07540765120358373,0.7318786862011395
8,4,0.07540765120358373,0.6775493889372406
8,4,0.07540765120358373,0.7318786862011395
8,4,0.0538999001350664,0.6775493889372406
8,4,0.07540765120358373,0.6775493889372406
8,4,0.07540765120358373,0.6775493889372406
8,4,0.0538999001350664,0.6775493889372406
8,4,0.0538999001350664,0.6232200916733417
8,4,0.0538999001350664,0.6775493889372406
8,4,0.032392149066547304,0.6232200916733417
8,4,0.0538999001350664,0.6232200916733417
8,4,0.0538999001350664,0.6232200916733417
8,4,0.032392149066547304,0.6232200916733417
8,4,0.032392149066547304,0.5688907944094428
8,4,0.09691540227210282,0.7862079834650384
8,4,0.07540765120358373,0.7862079834650384
8,4,0.07540765120358373,0.7318786862011395
8,4,0.07540765120358373,0.7862079834650384
8,4,0.0538999001350664,0.7318786862011395
8,4,0.07540765120358373,0.7318786862011395
8,4,0.07540765120358373,0.7318786862011395
8,4,0.0538999001350664,0.7318786862011395
8,4,0.0538999001350664,0.6775493889372406
8,4,0.0538999001350664,0.7318786862011395
8,4,0.032392149066547304,0.6775493889372406
8,4,0.0538999001350664,0.6775493889372406
8,4,0.0538999001350664,0.6775493889372406
8,4,0.032392149066547304,0.6775493889372406
8,4,0.032392149066547304,0.6232200916733417
8,4,0.07540765120358373,0.7862079834650384
8,4,0.0538999001350664,0.7862079834650384
8,4,0.0538999001350664,0.7318786862011395
8,4,0.0538999001350664,0.7862079834650384
8,4,0.032392149066547304,0.7318786862011395
8,4,0.0538999001350664,0.7318786862011395
8,4,0.0538999001350664,0.7318786862011395
8,4,0.032392149066547304,0.7318786862011395
8,4,0.032392149066547304,0.6775493889372406
8,4,0.0538999001350664,0.7862079834650384
8,4,0.032392149066547304,0.7862079834650384
8,4,0.032392149066547304,0.7318786862011395
8,4,0.032392149066547304,0.3515736053538481
8,4,0.0538999001350664,0.3515736053538481
8,4,0.0538999001350664,0.405902902617747
8,4,0.0538999001350664,0.3515736053538481
8,4,0.07540765120358373,0.405902902617747
8,4,0.0538999001350664,0.405902902617747
8,4,0.0538999001350664,0.405902902617747
8,4,0.07540765120358373,0.405902902617747
8,4,0.07540765120358373,0.4602321998816459
8,4,0.07540765120358373,0.405902902617747
8,4,0.09691540227210282,0.4602321998816459
8,4,0.07540765120358373,0.4602321998816459
8,4,0.07540765120358373,0.4602321998816459
8,4,0.09691540227210282,0.4602321998816459
8,4,0.09691540227210282,0.5145614971455448
8,4,0.09691540227210282,0.4602321998816459
8,4,0.11842315334062192,0.5145614971455448
8,4,0.09691540227210282,0.5145614971455448
8,4,0.09691540227210282,0.5145614971455448
8,4,0.11842315334062192,0.5145614971455448
8,4,0.11842315334062192,0.5688907944094428
8,4,0.11842315334062192,0.5145614971455448
8,4,0.13993090440913925,0.5688907944094428
8,4,0.11842315334062192,0.5688907944094428
8,4,0.11842315334062192,0.5688907944094428
8,4,0.13993090440913925,0.5688907944094428
8,4,0.13993090440913925,0.6232200916733417
8,4,0.13993090440913925,0.5688907944094428
8,4,0.16143865547765834,0.6232200916733417
8,4,0.13993090440913925,0.6232200916733417
8,4,0.13993090440913925,0.6232200916733417
8,4,0.16143865547765834,0.6232200916733417
8,4,0.16143865547765834,0.6775493889372406
8,4,0.16143865547765834,0.6232200916733417
8,4,0.18294640654617744,0.6775493889372406
8,4,0.16143865547765834,0.6775493889372406
8,4,0.16143865547765834,0.6775493889372406
8,4,0.18294640654617744,0.6775493889372406
8,4,0.18294640654617744,0.7318786862011395
8,4,0.18294640654617744,0.6775493889372406
8,4,0.20445415761469476,0.7318786862011395
8,4,0.18294640654617744,0.7318786862011395
8,4,0.18294640654617744,0.7318786862011395
8,4,0.20445415761469476,0.7318786862011395
8,4,0.20445415761469476,0.7862079834650384
8,4,0.0538999001350664,0.3515736053538481
8,4,0.07540765120358373,0.3515736053538481
8,4,0.07540765120358373,0.405902902617747
8,4,0.07540765120358373,0.3515736053538481
8,4,0.09691540227210282,0.405902902617747
8,4,0.07540765120358373,0.405902902617747
8,4,0.07540765120358373,0.405902902617747
8,4,0.09691540227210282,0.405902902617747
8,4,0.09691540227210282,0.4602321998816459
8,4,0.09691540227210282,0.405902902617747
8,4,0.11842315334062192,0.4602321998816459
8,4,0.09691540227210282,0.4602321998816459
8,4,0.09691540227210282,0.4602321998816459
8,4,0.11842315334062192,0.4602321998816459
8,4,0.11842315334062192,0.5145614971455448
8,4,0.11842315334062192,0.4602321998816459
8,4,0.13993090440913925,0.5145614971455448
8,4,0.11842315334062192,0.5145614971455448
8,4,0.11842315334062192,0.5145614971455448
8,4,0.13993090440913925,0.5145614971455448
8,4,0.13993090440913925,0.5688907944094428
8,4,0.13993090440913925,0.5145614971455448
8,4,0.16143865547765834,0.5688907944094428
8,4,0.13993090440913925,0.5688907944094428
8,4,0.13993090440913925,0.5688907944094428
8,4,0.16143865547765834,0.5688907944094428
8,4,0.16143865547765834,0.6232200916733417
8,4,0.16143865547765834,0.5688907944094428
8,4,0.18294640654617744,0.6232200916733417
8,4,0.16143865547765834,0.6232200916733417
8,4,0.16143865547765834,0.6232200916733417
8,4,0.18294640654617744,0.6232200916733417
8,4,0.18294640654617744,0.6775493889372406
8,4,0.18294640654617744,0.6232200916733417
8,4,0.20445415761469476,0.6775493889372406
8,4,0.18294640654617744,0.6775493889372406
8,4,0.18294640654617744,0.6775493889372406
8,4,0.20445415761469476,0.6775493889372406
8,4,0.20445415761469476,0.7318786862011395
8,4,0.07540765120358373,0.3515736053538481
8,4,0.09691540227210282,0.3515736053538481
8,4,0.09691540227210282,0.405902902617747
8,4,0.09691540227210282,0.3515736053538481
8,4,0.11842315334062192,0.405902902617747
8,4,0.09691540227210282,0.405902902617747
8,4,0.09691540227210282,0.405902902617747
8,4,0.11842315334062192,0.405902902617747
8,4,0.11842315334062192,0.4602321998816459
8,4,0.11842315334062192,0.405902902617747
8,4,0.13993090440913925,0.4602321998816459
8,4,0.11842315334062192,0.4602321998816459
8,4,0.11842315334062192,0.4602321998816459
8,4,0.13993090440913925,0.4602321998816459
8,4,0.13993090440913925,0.5145614971455448
8,4,0.13993090440913925,0.4602321998816459
8,4,0.16143865547765834,0.5145614971455448
8,4,0.13993090440913925,0.5145614971455448
8,4,0.13993090440913925,0.5145614971455448
8,4,0.16143865547765834,0.5145614971455448
8,4,0.16143865547765834,0.5688907944094428
8,4,0.16143865547765834,0.5145614971455448
8,4,0.18294640654617744,0.5688907944094428
8,4,0.16143865547765834,0.5688907944094428
8,4,0.16143865547765834,0.5688907944094428
8,4,0.18294640654617744,0.5688907944094428
8,4,0.18294640654617744,0.6232200916733417
8,4,0.18294640654617744,0.5688907944094428
8,4,0.20445415761469476,0.6232200916733417
8,4,0.18294640654617744,0.6232200916733417
8,4,0.18294640654617744,0.6232200916733417
8,4,0.20445415761469476,0.6232200916733417
8,4,0.20445415761469476,0.6775493889372406
8,4,0.09691540227210282,0.3515736053538481
8,4,0.11842315334062192,0.3515736053538481
8,4,0.11842315334062192,0.405902902617747
8,4,0.11842315334062192,0.3515736053538481
8,4,0.13993090440913925,0.405902902617747
8,4,0.11842315334062192,0.405902902617747
8,4,0.11842315334062192,0.405902902617747
8,4,0.13993090440913925,0.405902902617747
8,4,0.13993090440913925,0.4602321998816459
8,4,0.13993090440913925,0.405902902617747
8,4,0.16143865547765834,0.4602321998816459
8,4,0.13993090440913925,0.4602321998816459
8,4,0.13993090440913925,0.4602321998816459
8,4,0.16143865547765834,0.4602321998816459
8,4,0.16143865547765834,0.5145614971455448
8,4,0.16143865547765834,0.4602321998816459
8,4,0.18294640654617744,0.5145614971455448
8,4,0.16143865547765834,0.5145614971455448
8,4,0.16143865547765834,0.5145614971455448
8,4,0.18294640654617744,0.5145614971455448
8,4,0.18294640654617744,0.5688907944094428
8,4,0.18294640654617744,0.5145614971455448
8,4,0.20445415761469476,0.5688907944094428
8,4,0.18294640654617744,0.5688907944094428
8,4,0.18294640654617744,0.5688907944094428
8,4,0.20445415761469476,0.5688907944094428
8,4,0.20445415761469476,0.6232200916733417
8,4,0.11842315334062192,0.3515736053538481
8,4,0.13993090440913925,0.3515736053538481
8,4,0.13993090440913925,0.405902902617747
8,4,0.13993090440913925,0.3515736053538481
8,4,0.16143865547765834,0.405902902617747
8,4,0.13993090440913925,0.405902902617747
8,4,0.13993090440913925,0.405902902617747
8,4,0.16143865547765834,0.405902902617747
8,4,0.16143865547765834,0.4602321998816459
8,4,0.16143865547765834,0.405902902617747
8,4,0.18294640654617744,0.4602321998816459
8,4,0.16143865547765834,0.4602321998816459
8,4,0.16143865547765834,0.4602321998816459
8,4,0.18294640654617744,0.4602321998816459
8,4,0.18294640654617744,0.5145614971455448
8,4,0.18294640654617744,0.4602321998816459
8,4,0.20445415761469476,0.5145614971455448
8,4,0.18294640654617744,0.5145614971455448
8,4,0.18294640654617744,0.5145614971455448
8,4,0.20445415761469476,0.5145614971455448
8,4,0.20445415761469476,0.5688907944094428
8,4,0.13993090440913925,0.3515736053538481
8,4,0.16143865547765834,0.3515736053538481
8,4,0.16143865547765834,0.405902902617747
8,4,0.16143865547765834,0.3515736053538481
8,4,0.18294640654617744,0.405902902617747
8,4,0.16143865547765834,0.405902902617747
8,4,0.16143865547765834,0.405902902617747
8,4,0.18294640654617744,0.405902902617747
8,4,0.18294640654617744,0.4602321998816459
8,4,0.18294640654617744,0.405902902617747
8,4,0.20445415761469476,0.4602321998816459
8,4,0.18294640654617744,0.4602321998816459
8,4,0.18294640654617744,0.4602321998816459
8,4,0.20445415761469476,0.4602321998816459
8,4,0.20445415761469476,0.5145614971455448
8,4,0.16143865547765834,0.3515736053538481
8,4,0.18294640654617744,0.3515736053538481
8,4,0.18294640654617744,0.405902902617747
8,4,0.18294640654617744,0.3515736053538481
8,4,0.20445415761469476,0.405902902617747
8,4,0.18294640654617744,0.405902902617747
8,4,0.18294640654617744,0.405902902617747
8,4,0.20445415761469476,0.405902902617747
8,4,0.20445415761469476,0.4602321998816459
8,4,0.18294640654617744,0.3515736053538481
8,4,0.20445415761469476,0.3515736053538481
8,4,0.20445415761469476,0.405902902617747
8,4,0.20445415761469476,0.7862079834650384
8,4,0.20445415761469476,0.7318786862011395
8,4,0.22596190868321386,0.7318786862011395
8,4,0.20445415761469476,0.7318786862011395
8,4,0.22596190868321386,0.6775493889372406
8,4,0.22596190868321386,0.7318786862011395
8,4,0.22596190868321386,0.7318786862011395
8,4,0.22596190868321386,0.6775493889372406
8,4,0.24746965975173296,0.6775493889372406
8,4,0.22596190868321386,0.6775493889372406
8,4,0.24746965975173296,0.6232200916733417
8,4,0.24746965975173296,0.6775493889372406
8,4,0.24746965975173296,0.6775493889372406
8,4,0.24746965975173296,0.6232200916733417
8,4,0.2689774108202503,0.6232200916733417
8,4,0.24746965975173296,0.6232200916733417
8,4,0.2689774108202503,0.5688907944094428
8,4,0.2689774108202503,0.6232200916733417
8,4,0.2689774108202503,0.6232200916733417
8,4,0.2689774108202503,0.5688907944094428
8,4,0.2904851618887694,0.5688907944094428
8,4,0.2689774108202503,0.5688907944094428
8,4,0.2904851618887694,0.5145614971455448
8,4,0.2904851618887694,0.5688907944094428
8,4,0.2904851618887694,0.5688907944094428
8,4,0.2904851618887694,0.5145614971455448
8,4,0.3119929129572885,0.5145614971455439
8,4,0.2904851618887694,0.5145614971455448
8,4,0.3119929129572885,0.4602321998816459
8,4,0.3119929129572885,0.5145614971455439
8,4,0.3119929129572885,0.5145614971455439
8,4,0.3119929129572885,0.4602321998816459
8,4,0.3335006640258058,0.4602321998816459
8,4,0.3119929129572885,0.4602321998816459
8,4,0.3335006640258058,0.405902902617747
8,4,0.3335006640258058,0.4602321998816459
8,4,0.3335006640258058,0.4602321998816459
8,4,0.3335006640258058,0.405902902617747
8,4,0.3550084150943249,0.405902902617747
8,4,0.3335006640258058,0.405902902617747
8,4,0.3550084150943249,0.3515736053538481
8,4,0.3550084150943249,0.405902902617747
8,4,0.3550084150943249,0.405902902617747
8,4,0.3550084150943249,0.3515736053538481
8,4,0.376516166162844,0.3515736053538481
8,4,0.20445415761469476,0.7318786862011395
8,4,0.20445415761469476,0.6775493889372406
8,4,0.22596190868321386,0.6775493889372406
8,4,0.20445415761469476,0.6775493889372406
8,4,0.22596190868321386,0.6232200916733417
8,4,0.22596190868321386,0.6775493889372406
8,4,0.22596190868321386,0.6775493889372406
8,4,0.22596190868321386,0.6232200916733417
8,4,0.24746965975173296,0.6232200916733417
8,4,0.22596190868321386,0.6232200916733417
8,4,0.24746965975173296,0.5688907944094428
8,4,0.24746965975173296,0.6232200916733417
8,4,0.24746965975173296,0.6232200916733417
8,4,0.24746965975173296,0.5688907944094428
8,4,0.2689774108202503,0.5688907944094428
8,4,0.24746965975173296,0.5688907944094428
8,4,0.2689774108202503,0.5145614971455448
8,4,0.2689774108202503,0.5688907944094428
8,4,0.2689774108202503,0.5688907944094428
8,4,0.2689774108202503,0.5145614971455448
8,4,0.2904851618887694,0.5145614971455448
8,4,0.2689774108202503,0.5145614971455448
8,4,0.2904851618887694,0.4602321998816459
8,4,0.2904851618887694,0.5145614971455448
8,4,0.2904851618887694,0.5145614971455448
8,4,0.2904851618887694,0.4602321998816459
8,4,0.3119929129572885,0.4602321998816459
8,4,0.2904851618887694,0.4602321998816459
8,4,0.3119929129572885,0.405902902617747
8,4,0.3119929129572885,0.4602321998816459
8,4,0.3119929129572885,0.4602321998816459
8,4,0.3119929129572885,0.405902902617747
8,4,0.3335006640258058,0.405902902617747
8,4,0.3119929129572885,0.405902902617747
8,4,0.3335006640258058,0.3515736053538481
8,4,0.3335006640258058,0.405902902617747
8,4,0.3335006640258058,0.405902902617747
8,4,0.3335006640258058,0.3515736053538481
8,4,0.3550084150943249,0.3515736053538481
8,4,0.20445415761469476,0.6775493889372406
8,4,0.20445415761469476,0.6232200916733417
8,4,0.22596190868321386,0.6232200916733417
8,4,0.20445415761469476,0.6232200916733417
8,4,0.22596190868321386,0.5688907944094428
8,4,0.22596190868321386,0.6232200916733417
8,4,0.22596190868321386,0.6232200916733417
8,4,0.22596190868321386,0.5688907944094428
8,4,0.24746965975173296,0.5688907944094428
8,4,0.22596190868321386,0.5688907944094428
8,4,0.24746965975173296,0.5145614971455448
8,4,0.24746965975173296,0.5688907944094428
8,4,0.24746965975173296,0.5688907944094428
8,4,0.24746965975173296,0.5145614971455448
8,4,0.2689774108202503,0.5145614971455448
8,4,0.24746965975173296,0.5145614971455448
8,4,0.2689774108202503,0.4602321998816459
8,4,0.2689774108202503,0.5145614971455448
8,4,0.2689774108202503,0.5145614971455448
8,4,0.2689774108202503,0.4602321998816459
8,4,0.2904851618887694,0.4602321998816459
8,4,0.2689774108202503,0.4602321998816459
8,4,0.2904851618887694,0.405902902617747
8,4,0.2904851618887694,0.4602321998816459
8,4,0.2904851618887694,0.4602321998816459
8,4,0.2904851618887694,0.405902902617747
8,4,0.3119929129572885,0.405902902617747
8,4,0.2904851618887694,0.405902902617747
8,4,0.3119929129572885,0.3515736053538481
8,4,0.3119929129572885,0.405902902617747
8,4,0.3119929129572885,0.405902902617747
8,4,0.3119929129572885,0.3515736053538481
8,4,0.3335006640258058,0.3515736053538481
8,4,0.20445415761469476,0.6232200916733417
8,4,0.20445415761469476,0.5688907944094428
8,4,0.22596190868321386,0.5688907944094428
8,4,0.20445415761469476,0.5688907944094428
8,4,0.22596190868321386,0.5145614971455448
8,4,0.22596190868321386,0.5688907944094428
8,4,0.22596190868321386,0.5688907944094428
8,4,0.22596190868321386,0.5145614971455448
8,4,0.24746965975173296,0.5145614971455448
8,4,0.22596190868321386,0.5145614971455448
8,4,0.24746965975173296,0.4602321998816459
8,4,0.24746965975173296,0.5145614971455448
8,4,0.24746965975173296,0.5145614971455448
8,4,0.24746965975173296,0.4602321998816459
8,4,0.2689774108202503,0.4602321998816459
8,4,0.24746965975173296,0.4602321998816459
8,4,0.2689774108202503,0.405902902617747
8,4,0.2689774108202503,0.4602321998816459
8,4,0.2689774108202503,0.4602321998816459
8,4,0.2689774108202503,0.405902902617747
8,4,0.2904851618887694,0.405902902617747
8,4,0.2689774108202503,0.405902902617747
8,4,0.2904851618887694,0.3515736053538481
8,4,0.2904851618887694,0.405902902617747
8,4,0.2904851618887694,0.405902902617747
8,4,0.2904851618887694,0.3515736053538481
8,4,0.3119929129572885,0.3515736053538481
8,4,0.20445415761469476,0.5688907944094428
8,4,0.20445415761469476,0.5145614971455448
8,4,0.22596190868321386,0.5145614971455448
8,4,0.20445415761469476,0.5145614971455448
8,4,0.22596190868321386,0.4602321998816459
8,4,0.22596190868321386,0.5145614971455448
8,4,0.22596190868321386,0.5145614971455448
8,4,0.22596190868321386,0.4602321998816459
8,4,0.24746965975173296,0.4602321998816459
8,4,0.22596190868321386,0.4602321998816459
8,4,0.24746965975173296,0.405902902617747
8,4,0.24746965975173296,0.4602321998816459
8,4,0.24746965975173296,0.4602321998816459
8,4,0.24746965975173296,0.405902902617747
8,4,0.2689774108202503,0.405902902617747
8,4,0.24746965975173296,0.405902902617747
8,4,0.2689774108202503,0.3515736053538481
8,4,0.2689774108202503,0.405902902617747
8,4,0.2689774108202503,0.405902902617747
8,4,0.2689774108202503,0.3515736053538481
8,4,0.2904851618887694,0.3515736053538481
8,4,0.20445415761469476,0.5145614971455448
8,4,0.20445415761469476,0.4602321998816459
8,4,0.22596190868321386,0.4602321998816459
8,4,0.20445415761469476,0.4602321998816459
8,4,0.22596190868321386,0.405902902617747
8,4,0.22596190868321386,0.4602321998816459
8,4,0.22596190868321386,0.4602321998816459
8,4,0.22596190868321386,0.405902902617747
8,4,0.24746965975173296,0.405902902617747
8,4,0.22596190868321386,0.405902902617747
8,4,0.24746965975173296,0.3515736053538481
8,4,0.24746965975173296,0.405902902617747
8,4,0.24746965975173296,0.405902902617747
8,4,0.24746965975173296,0.3515736053538481
8,4,0.2689774108202503,0.3515736053538481
8,4,0.20445415761469476,0.4602321998816459
8,4,0.20445415761469476,0.405902902617747
8,4,0.22596190868321386,0.405902902617747
8,4,0.20445415761469476,0.405902902617747
8,4,0.22596190868321386,0.3515736053538481
8,4,0.22596190868321386,0.405902902617747
8,4,0.22596190868321386,0.405902902617747
8,4,0.22596190868321386,0.3515736053538481
8,4,0.24746965975173296,0.3515736053538481
8,4,0.20445415761469476,0.405902902617747
8,4,0.20445415761469476,0.3515736053538481
8,4,0.22596190868321386,0.3515736053538481
8,4,0.376516166162844,0.3515736053538481
8,4,0.376516166162844,0.405902902617747
8,4,0.3550084150943249,0.405902902617747
8,4,0.376516166162844,0.405902902617747
8,4,0.3550084150943249,0.4602321998816459
8,4,0.3550084150943249,0.405902902617747
8,4,0.3550084150943249,0.405902902617747
8,4,0.3550084150943249,0.4602321998816459
8,4,0.3335006640258058,0.4602321998816459
8,4,0.3550084150943249,0.4602321998816459
8,4,0.3335006640258058,0.5145614971455448
8,4,0.3335006640258058,0.4602321998816459
8,4,0.3335006640258058,0.4602321998816459
8,4,0.3335006640258058,0.5145614971455448
8,4,0.3119929129572885,0.5145614971455439
8,4,0.3335006640258058,0.5145614971455448
8,4,0.3119929129572885,0.5688907944094428
8,4,0.3119929129572885,0.5145614971455439
8,4,0.3119929129572885,0.5145614971455439
8,4,0.3119929129572885,0.5688907944094428
8,4,0.2904851618887694,0.5688907944094428
8,4,0.3119929129572885,0.5688907944094428
8,4,0.2904851618887694,0.6232200916733417
8,4,0.2904851618887694,0.5688907944094428
8,4,0.2904851618887694,0.5688907944094428
8,4,0.2904851618887694,0.6232200916733417
8,4,0.2689774108202503,0.6232200916733417
8,4,0.2904851618887694,0.6232200916733417
8,4,0.2689774108202503,0.6775493889372406
8,4,0.2689774108202503,0.6232200916733417
8,4,0.2689774108202503,0.6232200916733417
8,4,0.2689774108202503,0.6775493889372406
8,4,0.24746965975173296,0.6775493889372406
8,4,0.2689774108202503,0.6775493889372406
8,4,0.24746965975173296,0.7318786862011395
8,4,0.24746965975173296,0.6775493889372406
8,4,0.24746965975173296,0.6775493889372406
8,4,0.24746965975173296,0.7318786862011395
8,4,0.22596190868321386,0.7318786862011395
8,4,0.24746965975173296,0.7318786862011395
8,4,0.22596190868321386,0.7862079834650384
8,4,0.22596190868321386,0.7318786862011395
8,4,0.22596190868321386,0.7318786862011395
8,4,0.22596190868321386,0.7862079834650384
8,4,0.20445415761469476,0.7862079834650384
8,4,0.376516166162844,0.405902902617747
8,4,0.376516166162844,0.4602321998816459
8,4,0.3550084150943249,0.4602321998816459
8,4,0.376516166162844,0.4602321998816459
8,4,0.3550084150943249,0.5145614971455448
8,4,0.3550084150943249,0.4602321998816459
8,4,0.3550084150943249,0.4602321998816459
8,4,0.3550084150943249,0.5145614971455448
8,4,0.3335006640258058,0.5145614971455448
8,4,0.3550084150943249,0.5145614971455448
8,4,0.3335006640258058,0.5688907944094428
8,4,0.3335006640258058,0.5145614971455448
8,4,0.3335006640258058,0.5145614971455448
8,4,0.3335006640258058,0.5688907944094428
8,4,0.3119929129572885,0.5688907944094428
8,4,0.3335006640258058,0.5688907944094428
8,4,0.3119929129572885,0.6232200916733417
8,4,0.3119929129572885,0.5688907944094428
8,4,0.3119929129572885,0.5688907944094428
8,4,0.3119929129572885,0.6232200916733417
8,4,0.2904851618887694,0.6232200916733417
8,4,0.3119929129572885,0.6232200916733417
8,4,0.2904851618887694,0.6775493889372406
8,4,0.2904851618887694,0.6232200916733417
8,4,0.2904851618887694,0.6232200916733417
8,4,0.2904851618887694,0.6775493889372406
8,4,0.2689774108202503,0.6775493889372406
8,4,0.2904851618887694,0.6775493889372406
8,4,0.2689774108202503,0.7318786862011395
8,4,0.2689774108202503,0.6775493889372406
8,4,0.2689774108202503,0.6775493889372406
8,4,0.2689774108202503,0.7318786862011395
8,4,0.24746965975173296,0.7318786862011395
8,4,0.2689774108202503,0.7318786862011395
8,4,0.24746965975173296,0.7862079834650384
8,4,0.24746965975173296,0.7318786862011395
8,4,0.24746965975173296,0.7318786862011395
8,4,0.24746965975173296,0.7862079834650384
8,4,0.22596190868321386,0.7862079834650384
8,4,0.376516166162844,0.4602321998816459
8,4,0.376516166162844,0.5145614971455439
8,4,0.3550084150943249,0.5145614971455448
8,4,0.376516166162844,0.5145614971455439
8,4,0.3550084150943249,0.5688907944094428
8,4,0.3550084150943249,0.5145614971455448
8,4,0.3550084150943249,0.5145614971455448
8,4,0.3550084150943249,0.5688907944094428
8,4,0.3335006640258058,0.5688907944094428
8,4,0.3550084150943249,0.5688907944094428
8,4,0.3335006640258058,0.6232200916733417
8,4,0.3335006640258058,0.5688907944094428
8,4,0.3335006640258058,0.5688907944094428
8,4,0.3335006640258058,0.6232200916733417
8,4,0.3119929129572885,0.6232200916733417
8,4,0.3335006640258058,0.6232200916733417
8,4,0.3119929129572885,0.6775493889372406
8,4,0.3119929129572885,0.6232200916733417
8,4,0.3119929129572885,0.6232200916733417
8,4,0.3119929129572885,0.6775493889372406
8,4,0.2904851618887694,0.6775493889372406
8,4,0.3119929129572885,0.6775493889372406
8,4,0.2904851618887694,0.7318786862011395
8,4,0.2904851618887694,0.6775493889372406
8,4,0.2904851618887694,0.6775493889372406
8,4,0.2904851618887694,0.7318786862011395
8,4,0.2689774108202503,0.7318786862011395
8,4,0.2904851618887694,0.7318786862011395
8,4,0.2689774108202503,0.7862079834650384
8,4,0.2689774108202503,0.7318786862011395
8,4,0.2689774108202503,0.7318786862011395
8,4,0.2689774108202503,0.7862079834650384
8,4,0.24746965975173296,0.7862079834650384
8,4,0.376516166162844,0.5145614971455439
8,4,0.376516166162844,0.5688907944094428
8,4,0.3550084150943249,0.5688907944094428
8,4,0.376516166162844,0.5688907944094428
8,4,0.3550084150943249,0.6232200916733417
8,4,0.3550084150943249,0.5688907944094428
8,4,0.3550084150943249,0.5688907944094428
8,4,0.3550084150943249,0.6232200916733417
8,4,0.3335006640258058,0.6232200916733417
8,4,0.3550084150943249,0.6232200916733417
8,4,0.3335006640258058,0.6775493889372406
8,4,0.3335006640258058,0.6232200916733417
8,4,0.3335006640258058,0.6232200916733417
8,4,0.3335006640258058,0.6775493889372406
8,4,0.3119929129572885,0.6775493889372406
8,4,0.3335006640258058,0.6775493889372406
8,4,0.3119929129572885,0.7318786862011395
8,4,0.3119929129572885,0.6775493889372406
8,4,0.3119929129572885,0.6775493889372406
8,4,0.3119929129572885,0.7318786862011395
8,4,0.2904851618887694,0.7318786862011395
8,4,0.3119929129572885,0.7318786862011395
8,4,0.2904851618887694,0.7862079834650384
8,4,0.2904851618887694,0.7318786862011395
8,4,0.2904851618887694,0.7318786862011395
8,4,0.2904851618887694,0.7862079834650384
8,4,0.2689774108202503,0.7862079834650384
8,4,0.376516166162844,0.5688907944094428
8,4,0.376516166162844,0.6232200916733417
8,4,0.3550084150943249,0.6232200916733417
8,4,0.376516166162844,0.6232200916733417
8,4,0.3550084150943249,0.6775493889372406
8,4,0.3550084150943249,0.6232200916733417
8,4,0.3550084150943249,0.6232200916733417
8,4,0.3550084150943249,0.6775493889372406
8,4,0.3335006640258058,0.6775493889372406
8,4,0.3550084150943249,0.6775493889372406
8,4,0.3335006640258058,0.7318786862011395
8,4,0.3335006640258058,0.6775493889372406
8,4,0.3335006640258058,0.6775493889372406
8,4,0.3335006640258058,0.7318786862011395
8,4,0.3119929129572885,0.7318786862011395
8,4,0.3335006640258058,0.7318786862011395
8,4,0.3119929129572885,0.7862079834650384
8,4,0.3119929129572885,0.7318786862011395
8,4,0.3119929129572885,0.7318786862011395
8,4,0.3119929129572885,0.7862079834650384
8,4,0.2904851618887694,0.7862079834650384
8,4,0.376516166162844,0.6232200916733417
8,4,0.376516166162844,0.6775493889372406
8,4,0.3550084150943249,0.6775493889372406
8,4,0.376516166162844,0.6775493889372406
8,4,0.3550084150943249,0.7318786862011395
8,4,0.3550084150943249,0.6775493889372406
8,4,0.3550084150943249,0.6775493889372406
8,4,0.3550084150943249,0.7318786862011395
8,4,0.3335006640258058,0.7318786862011395
8,4,0.3550084150943249,0.7318786862011395
8,4,0.3335006640258058,0.7862079834650384
8,4,0.3335006640258058,0.7318786862011395
8,4,0.3335006640258058,0.7318786862011395
8,4,0.3335006640258058,0.7862079834650384
8,4,0.3119929129572885,0.7862079834650384
8,4,0.376516166162844,0.6775493889372406
8,4,0.376516166162844,0.7318786862011395
8,4,0.3550084150943249,0.7318786862011395
8,4,0.376516166162844,0.7318786862011395
8,4,0.3550084150943249,0.7862079834650384
8,4,0.3550084150943249,0.7318786862011395
8,4,0.3550084150943249,0.7318786862011395
8,4,0.3550084150943249,0.7862079834650384
8,4,0.3335006640258058,0.7862079834650384
8,4,0.376516166162844,0.7318786862011395
8,4,0.376516166162844,0.7862079834650384
8,4,0.3550084150943249,0.7862079834650384
8,5,0.1999999999999993,0.9399999999999995
8,5,0.11658009069484443,0.853852153870907
8,4,0.11658009069484443,0.026147846129092045
8,5,0.28341990930515415,0.853852153870907
8,4,0.28341990930515415,0.026147846129092045
8,4,0.20451727000277842,0.10936556329790648
8,4,0.16425284429019804,0.10936556329790648
8,4,0.16425284429019804,0.06662646210769108
8,4,0.16425284429019804,0.10936556329790648
8,4,0.12398841857761767,0.06662646210769108
8,4,0.16425284429019804,0.06662646210769108
8,4,0.16425284429019804,0.06662646210769108
8,4,0.12398841857761767,0.06662646210769108
8,4,0.12398841857761767,0.023887360917475675
8,4,0.12398841857761767,0.06662646210769108
8,4,0.08372399286503729,0.023887360917475675
8,4,0.12398841857761767,0.023887360917475675
8,4,0.12398841857761767,0.023887360917475675
8,4,0.08372399286503729,0.023887360917475675
8,5,0.08372399286503729,0.9811482597272603
8,4,0.08372399286503729,0.023887360917475675
8,5,0.04345956715245691,0.9811482597272603
8,5,0.08372399286503729,0.9811482597272603
8,5,0.08372399286503729,0.9811482597272603
8,5,0.04345956715245691,0.9811482597272603
8,5,0.04345956715245691,0.9384091585370449
8,4,0.16425284429019804,0.10936556329790648
8,4,0.12398841857761767,0.10936556329790648
8,4,0.12398841857761767,0.06662646210769108
8,4,0.12398841857761767,0.10936556329790648
8,4,0.08372399286503729,0.06662646210769108
8,4,0.12398841857761767,0.06662646210769108
8,4,0.12398841857761767,0.06662646210769108
8,4,0.08372399286503729,0.06662646210769108
8,4,0.08372399286503729,0.023887360917475675
8,4,0.08372399286503729,0.06662646210769108
8,4,0.04345956715245691,0.023887360917475675
8,4,0.08372399286503729,0.023887360917475675
8,4,0.08372399286503729,0.023887360917475675
8,4,0.04345956715245691,0.023887360917475675
8,5,0.04345956715245691,0.9811482597272603
8,4,0.12398841857761767,0.10936556329790648
8,4,0.08372399286503729,0.10936556329790648
8,4,0.08372399286503729,0.06662646210769108
8,4,0.08372399286503729,0.10936556329790648
8,4,0.04345956715245691,0.06662646210769108
8,4,0.08372399286503729,0.06662646210769108
8,4,0.08372399286503729,0.06662646210769108
8,4,0.04345956715245691,0.06662646210769108
8,4,0.04345956715245691,0.023887360917475675
8,4,0.08372399286503729,0.10936556329790648
8,4,0.04345956715245691,0.10936556329790648
8,4,0.04345956715245691,0.06662646210769108
8,5,0.04345956715245691,0.9384091585370449
8,5,0.08372399286503729,0.9384091585370449
8,5,0.08372399286503729,0.9811482597272603
8,5,0.08372399286503729,0.9384091585370449
8,5,0.12398841857761767,0.9811482597272603
8,5,0.08372399286503729,0.9811482597272603
8,5,0.08372399286503729,0.9811482597272603
8,5,0.12398841857761767,0.9811482597272603
8,4,0.12398841857761767,0.023887360917475675
8,5,0.12398841857761767,0.9811482597272603
8,4,0.16425284429019804,0.023887360917475675
8,4,0.12398841857761767,0.023887360917475675
8,4,0.12398841857761767,0.023887360917475675
8,4,0.16425284429019804,0.023887360917475675
8,4,0.16425284429019804,0.06662646210769108
8,4,0.16425284429019804,0.023887360917475675
8,4,0.20451727000277842,0.06662646210769108
8,4,0.16425284429019804,0.06662646210769108
8,4,0.16425284429019804,0.06662646210769108
8,4,0.20451727000277842,0.06662646210769108
8,4,0.20451727000277842,0.10936556329790648
8,5,0.08372399286503729,0.9384091585370449
8,5,0.12398841857761767,0.9384091585370449
8,5,0.12398841857761767,0.9811482597272603
8,5,0.12398841857761767,0.9384091585370449
8,5,0.16425284429019804,0.9811482597272603
8,5,0.12398841857761767,0.9811482597272603
8,5,0.12398841857761767,0.9811482597272603
8,5,0.16425284429019804,0.9811482597272603
8,4,0.16425284429019804,0.023887360917475675
8,5,0.16425284429019804,0.9811482597272603
8,4,0.20451727000277842,0.023887360917475675
8,4,0.16425284429019804,0.023887360917475675
8,4,0.16425284429019804,0.023887360917475675
8,4,0.20451727000277842,0.023887360917475675
8,4,0.20451727000277842,0.06662646210769108
8,5,0.12398841857761767,0.9384091585370449
8,5,0.16425284429019804,0.9384091585370449
8,5,0.16425284429019804,0.9811482597272603
8,5,0.16425284429019804,0.9384091585370449
8,5,0.20451727000277842,0.9811482597272603
8,5,0.16425284429019804,0.9811482597272603
8,5,0.16425284429019804,0.9811482597272603
8,5,0.20451727000277842,0.9811482597272603
8,4,0.20451727000277842,0.023887360917475675
8,5,0.16425284429019804,0.9384091585370449
8,5,0.20451727000277842,0.9384091585370449
8,5,0.20451727000277842,0.9811482597272603
8,5,0.20451727000277842,0.9384091585370449
8,5,0.16425284429019804,0.9384091585370449
8,5,0.16425284429019804,0.8956846142614046
8,5,0.16425284429019804,0.9384091585370449
8,5,0.12398841857761767,0.8956846142614046
8,5,0.16425284429019804,0.8956846142614046
8,5,0.16425284429019804,0.8956846142614046
8,5,0.12398841857761767,0.8956846142614046
8,5,0.12398841857761767,0.8529600699857633
8,5,0.12398841857761767,0.8956846142614046
8,5,0.08372399286503729,0.8529600699857633
8,5,0.12398841857761767,0.8529600699857633
8,5,0.12398841857761767,0.8529600699857633
8,5,0.08372399286503729,0.8529600699857633
8,5,0.08372399286503729,0.8102355257101221
8,5,0.08372399286503729,0.8529600699857633
8,5,0.04345956715245691,0.8102355257101221
8,5,0.08372399286503729,0.8102355257101221
8,5,0.08372399286503729,0.8102355257101221
8,5,0.04345956715245691,0.8102355257101221
8,5,0.04345956715245691,0.7675109814344809
8,5,0.16425284429019804,0.9384091585370449
8,5,0.12398841857761767,0.9384091585370449
8,5,0.12398841857761767,0.8956846142614046
8,5,0.12398841857761767,0.9384091585370449
8,5,0.08372399286503729,0.8956846142614046
8,5,0.12398841857761767,0.8956846142614046
8,5,0.12398841857761767,0.8956846142614046
8,5,0.08372399286503729,0.8956846142614046
8,5,0.08372399286503729,0.8529600699857633
8,5,0.08372399286503729,0.8956846142614046
8,5,0.04345956715245691,0.8529600699857633
8,5,0.08372399286503729,0.8529600699857633
8,5,0.08372399286503729,0.8529600699857633
8,5,0.04345956715245691,0.8529600699857633
8,5,0.04345956715245691,0.8102355257101221
8,5,0.12398841857761767,0.9384091585370449
8,5,0.08372399286503729,0.9384091585370449
8,5,0.08372399286503729,0.8956846142614046
8,5,0.08372399286503729,0.9384091585370449
8,5,0.04345956715245691,0.8956846142614046
8,5,0.08372399286503729,0.8956846142614046
8,5,0.08372399286503729,0.8956846142614046
8,5,0.04345956715245691,0.8956846142614046
8,5,0.04345956715245691,0.8529600699857633
8,5,0.08372399286503729,0.9384091585370449
8,5,0.04345956715245691,0.9384091585370449
8,5,0.04345956715245691,0.8956846142614046
8,5,0.04345956715245691,0.7675109814344809
8,5,0.08372399286503729,0.7675109814344809
8,5,0.08372399286503729,0.8102355257101221
8,5,0.08372399286503729,0.7675109814344809
8,5,0.12398841857761767,0.8102355257101221
8,5,0.08372399286503729,0.8102355257101221
8,5,0.08372399286503729,0.8102355257101221
8,5,0.12398841857761767,0.8102355257101221
8,5,0.12398841857761767,0.8529600699857633
8,5,0.12398841857761767,0.8102355257101221
8,5,0.16425284429019804,0.8529600699857633
8,5,0.12398841857761767,0.8529600699857633
8,5,0.12398841857761767,0.8529600699857633
8,5,0.16425284429019804,0.8529600699857633
8,5,0.16425284429019804,0.8956846142614046
8,5,0.16425284429019804,0.8529600699857633
8,5,0.20451727000277842,0.8956846142614046
8,5,0.16425284429019804,0.8956846142614046
8,5,0.16425284429019804,0.8956846142614046
8,5,0.20451727000277842,0.8956846142614046
8,5,0.20451727000277842,0.9384091585370449
8,5,0.08372399286503729,0.7675109814344809
8,5,0.12398841857761767,0.7675109814344809
8,5,0.12398841857761767,0.8102355257101221
8,5,0.12398841857761767,0.7675109814344809
8,5,0.16425284429019804,0.8102355257101221
8,5,0.12398841857761767,0.8102355257101221
8,5,0.12398841857761767,0.8102355257101221
8,5,0.16425284429019804,0.8102355257101221
8,5,0.16425284429019804,0.8529600699857633
8,5,0.16425284429019804,0.8102355257101221
8,5,0.20451727000277842,0.8529600699857633
8,5,0.16425284429019804,0.8529600699857633
8,5,0.16425284429019804,0.8529600699857633
8,5,0.20451727000277842,0.8529600699857633
8,5,0.20451727000277842,0.8956846142614046
8,5,0.12398841857761767,0.7675109814344809
8,5,0.16425284429019804,0.7675109814344809
8,5,0.16425284429019804,0.8102355257101221
8,5,0.16425284429019804,0.7675109814344809
8,5,0.20451727000277842,0.8102355257101221
8,5,0.16425284429019804,0.8102355257101221
8,5,0.16425284429019804,0.8102355257101221
8,5,0.20451727000277842,0.8102355257101221
8,5,0.20451727000277842,0.8529600699857633
8,5,0.16425284429019804,0.7675109814344809
8,5,0.20451727000277842,0.7675109814344809
8,5,0.20451727000277842,0.8102355257101221
8,4,0.20451727000277842,0.10936556329790648
8,4,0.20451727000277842,0.06662646210769108
8,4,0.2447525818862104,0.06662646210769108
8,4,0.20451727000277842,0.06662646210769108
8,4,0.2447525818862104,0.023887360917475675
8,4,0.2447525818862104,0.06662646210769108
8,4,0.2447525818862104,0.06662646210769108
8,4,0.2447525818862104,0.023887360917475675
8,4,0.2849878937696406,0.023887360917475675
8,4,0.2447525818862104,0.023887360917475675
8,5,0.2849878937696406,0.9811482597272603
8,4,0.2849878937696406,0.023887360917475675
8,4,0.2849878937696406,0.023887360917475675
8,5,0.2849878937696406,0.9811482597272603
8,5,0.3252232056530726,0.9811482597272603
8,5,0.2849878937696406,0.9811482597272603
8,5,0.3252232056530726,0.9384091585370449
8,5,0.3252232056530726,0.9811482597272603
8,5,0.3252232056530726,0.9811482597272603
8,5,0.3252232056530726,0.9384091585370449
8,5,0.3654585175365046,0.9384091585370449
8,4,0.20451727000277842,0.06662646210769108
8,4,0.20451727000277842,0.023887360917475675
8,4,0.2447525818862104,0.023887360917475675
8,4,0.20451727000277842,0.023887360917475675
8,5,0.2447525818862104,0.9811482597272603
8,4,0.2447525818862104,0.023887360917475675
8,4,0.2447525818862104,0.023887360917475675
8,5,0.2447525818862104,0.9811482597272603
8,5,0.2849878937696406,0.9811482597272603
8,5,0.2447525818862104,0.9811482597272603
8,5,0.2849878937696406,0.9384091585370449
8,5,0.2849878937696406,0.9811482597272603
8,5,0.2849878937696406,0.9811482597272603
8,5,0.2849878937696406,0.9384091585370449
8,5,0.3252232056530726,0.9384091585370449
8,4,0.20451727000277842,0.023887360917475675
8,5,0.20451727000277842,0.9811482597272603
8,5,0.2447525818862104,0.9811482597272603
8,5,0.20451727000277842,0.9811482597272603
8,5,0.2447525818862104,0.9384091585370449
8,5,0.2447525818862104,0.9811482597272603
8,5,0.2447525818862104,0.9811482597272603
8,5,0.2447525818862104,0.9384091585370449
8,5,0.2849878937696406,0.9384091585370449
8,5,0.20451727000277842,0.9811482597272603
8,5,0.20451727000277842,0.9384091585370449
8,5,0.2447525818862104,0.9384091585370449
8,5,0.3654585175365046,0.9384091585370449
8,5,0.3654585175365046,0.9811482597272603
8,5,0.3252232056530726,0.9811482597272603
8,5,0.3654585175365046,0.9811482597272603
8,4,0.3252232056530726,0.023887360917475675
8,5,0.3252232056530726,0.9811482597272603
8,5,0.3252232056530726,0.9811482597272603
8,4,0.3252232056530726,0.023887360917475675
8,4,0.2849878937696406,0.023887360917475675
8,4,0.3252232056530726,0.023887360917475675
8,4,0.2849878937696406,0.06662646210769108
8,4,0.2849878937696406,0.023887360917475675
8,4,0.2849878937696406,0.023887360917475675
8,4,0.2849878937696406,0.06662646210769108
8,4,0.2447525818862104,0.06662646210769108
8,4,0.2849878937696406,0.06662646210769108
8,4,0.2447525818862104,0.10936556329790648
8,4,0.2447525818862104,0.06662646210769108
8,4,0.2447525818862104,0.06662646210769108
8,4,0.2447525818862104,0.10936556329790648
8,4,0.20451727000277842,0.10936556329790648
8,5,0.3654585175365046,0.9811482597272603
8,4,0.3654585175365046,0.023887360917475675
8,4,0.3252232056530726,0.023887360917475675
8,4,0.3654585175365046,0.023887360917475675
8,4,0.3252232056530726,0.06662646210769108
8,4,0.3252232056530726,0.023887360917475675
8,4,0.3252232056530726,0.023887360917475675
8,4,0.3252232056530726,0.06662646210769108
8,4,0.2849878937696406,0.06662646210769108
8,4,0.3252232056530726,0.06662646210769108
8,4,0.2849878937696406,0.10936556329790648
8,4,0.2849878937696406,0.06662646210769108
8,4,0.2849878937696406,0.06662646210769108
8,4,0.2849878937696406,0.10936556329790648
8,4,0.2447525818862104,0.10936556329790648
8,4,0.3654585175365046,0.023887360917475675
8,4,0.3654585175365046,0.06662646210769108
8,4,0.3252232056530726,0.06662646210769108
8,4,0.3654585175365046,0.06662646210769108
8,4,0.3252232056530726,0.10936556329790648
8,4,0.3252232056530726,0.06662646210769108
8,4,0.3252232056530726,0.06662646210769108
8,4,0.3252232056530726,0.10936556329790648
8,4,0.2849878937696406,0.10936556329790648
8,4,0.3654585175365046,0.06662646210769108
8,4,0.3654585175365046,0.10936556329790648
8,4,0.3252232056530726,0.10936556329790648
8,5,0.20451727000277842,0.9384091585370449
8,5,0.20451727000277842,0.8956846142614046
8,5,0.2447525818862104,0.8956846142614046
8,5,0.20451727000277842,0.8956846142614046
8,5,0.2447525818862104,0.8529600699857633
8,5,0.2447525818862104,0.8956846142614046
8,5,0.2447525818862104,0.8956846142614046
8,5,0.2447525818862104,0.8529600699857633
8,5,0.2849878937696406,0.8529600699857633
8,5,0.2447525818862104,0.8529600699857633
8,5,0.2849878937696406,0.8102355257101221
8,5,0.2849878937696406,0.8529600699857633
8,5,0.2849878937696406,0.8529600699857633
8,5,0.2849878937696406,0.8102355257101221
8,5,0.3252232056530726,0.8102355257101221
8,5,0.2849878937696406,0.8102355257101221
8,5,0.3252232056530726,0.7675109814344809
8,5,0.3252232056530726,0.8102355257101221
8,5,0.3252232056530726,0.8102355257101221
8,5,0.3252232056530726,0.7675109814344809
8,5,0.3654585175365046,0.7675109814344809
8,5,0.20451727000277842,0.8956846142614046
8,5,0.20451727000277842,0.8529600699857633
8,5,0.2447525818862104,0.8529600699857633
8,5,0.20451727000277842,0.8529600699857633
8,5,0.2447525818862104,0.8102355257101221
8,5,0.2447525818862104,0.8529600699857633
8,5,0.2447525818862104,0.8529600699857633
8,5,0.2447525818862104,0.8102355257101221
8,5,0.2849878937696406,0.8102355257101221
8,5,0.2447525818862104,0.8102355257101221
8,5,0.2849878937696406,0.7675109814344809
8,5,0.2849878937696406,0.8102355257101221
8,5,0.2849878937696406,0.8102355257101221
8,5,0.2849878937696406,0.7675109814344809
8,5,0.3252232056530726,0.7675109814344809
8,5,0.20451727000277842,0.8529600699857633
8,5,0.20451727000277842,0.8102355257101221
8,5,0.2447525818862104,0.8102355257101221
8,5,0.20451727000277842,0.8102355257101221
8,5,0.2447525818862104,0.7675109814344809
8,5,0.2447525818862104,0.8102355257101221
8,5,0.2447525818862104,0.8102355257101221
8,5,0.2447525818862104,0.7675109814344809
8,5,0.2849878937696406,0.7675109814344809
8,5,0.20451727000277842,0.8102355257101221
8,5,0.20451727000277842,0.7675109814344809
8,5,0.2447525818862104,0.7675109814344809
8,5,0.3654585175365046,0.7675109814344809
8,5,0.3654585175365046,0.8102355257101221
8,5,0.3252232056530726,0.8102355257101221
8,5,0.3654585175365046,0.8102355257101221
8,5,0.3252232056530726,0.8529600699857633
8,5,0.3252232056530726,0.8102355257101221
8,5,0.3252232056530726,0.8102355257101221
8,5,0.3252232056530726,0.8529600699857633
8,5,0.2849878937696406,0.8529600699857633
8,5,0.3252232056530726,0.8529600699857633
8,5,0.2849878937696406,0.8956846142614046
8,5,0.2849878937696406,0.8529600699857633
8,5,0.2849878937696406,0.8529600699857633
8,5,0.2849878937696406,0.8956846142614046
8,5,0.2447525818862104,0.8956846142614046
8,5,0.2849878937696406,0.8956846142614046
8,5,0.2447525818862104,0.9384091585370449
8,5,0.2447525818862104,0.8956846142614046
8,5,0.2447525818862104,0.8956846142614046
8,5,0.2447525818862104,0.9384091585370449
8,5,0.20451727000277842,0.9384091585370449
8,5,0.3654585175365046,0.8102355257101221
8,5,0.3654585175365046,0.8529600699857633
8,5,0.3252232056530726,0.8529600699857633
8,5,0.3654585175365046,0.8529600699857633
8,5,0.3252232056530726,0.8956846142614046
8,5,0.3252232056530726,0.8529600699857633
8,5,0.3252232056530726,0.8529600699857633
8,5,0.3252232056530726,0.8956846142614046
8,5,0.2849878937696406,0.8956846142614046
8,5,0.3252232056530726,0.8956846142614046
8,5,0.2849878937696406,0.9384091585370449
8,5,0.2849878937696406,0.8956846142614046
8,5,0.2849878937696406,0.8956846142614046
8,5,0.2849878937696406,0.9384091585370449
8,5,0.2447525818862104,0.9384091585370449
8,5,0.3654585175365046,0.8529600699857633
8,5,0.3654585175365046,0.8956846142614046
8,5,0.3252232056530726,0.8956846142614046
8,5,0.3654585175365046,0.8956846142614046
8,5,0.3252232056530726,0.9384091585370449
8,5,0.3252232056530726,0.8956846142614046
8,5,0.3252232056530726,0.8956846142614046
8,5,0.3252232056530726,0.9384091585370449
8,5,0.2849878937696406,0.9384091585370449
8,5,0.3654585175365046,0.8956846142614046
8,5,0.3654585175365046,0.9384091585370449
8,5,0.3252232056530726,0.9384091585370449
7,5,0.21999999999999975,0.8700000000000001
7,5,0.11918449109454343,0.7825474849129943
7,5,0.11918449109454343,0.9574525150870059
7,5,0.32081550890545607,0.7825474849129943
7,5,0.32081550890545607,0.9574525150870059
7,5,0.2199859729548841,0.6859185640021508
7,5,0.26021922806206366,0.6859185640021508
7,5,0.26021922806206366,0.7286570217949757
7,5,0.26021922806206366,0.6859185640021508
7,5,0.3004524831692432,0.7286570217949757
7,5,0.26021922806206366,0.7286570217949757
7,5,0.26021922806206366,0.7286570217949757
7,5,0.3004524831692432,0.7286570217949757
7,5,0.3004524831692432,0.7713954795877997
7,5,0.3004524831692432,0.7286570217949757
7,5,0.3406857382764228,0.7713954795877997
7,5,0.3004524831692432,0.7713954795877997
7,5,0.3004524831692432,0.7713954795877997
7,5,0.3406857382764228,0.7713954795877997
7,5,0.3406857382764228,0.8141339373806238
7,5,0.3406857382764228,0.7713954795877997
7,5,0.38091899338360236,0.8141339373806238
7,5,0.3406857382764228,0.8141339373806238
7,5,0.3406857382764228,0.8141339373806238
7,5,0.38091899338360236,0.8141339373806238
7,5,0.38091899338360236,0.8568723951734487
7,5,0.26021922806206366,0.6859185640021508
7,5,0.3004524831692432,0.6859185640021508
7,5,0.3004524831692432,0.7286570217949757
7,5,0.3004524831692432,0.6859185640021508
7,5,0.3406857382764228,0.7286570217949757
7,5,0.3004524831692432,0.7286570217949757
7,5,0.3004524831692432,0.7286570217949757
7,5,0.3406857382764228,0.7286570217949757
7,5,0.3406857382764228,0.7713954795877997
7,5,0.3406857382764228,0.7286570217949757
7,5,0.38091899338360236,0.7713954795877997
7,5,0.3406857382764228,0.7713954795877997
7,5,0.3406857382764228,0.7713954795877997
7,5,0.38091899338360236,0.7713954795877997
7,5,0.38091899338360236,0.8141339373806238
7,5,0.3004524831692432,0.6859185640021508
7,5,0.3406857382764228,0.6859185640021508
7,5,0.3406857382764228,0.7286570217949757
7,5,0.3406857382764228,0.6859185640021508
7,5,0.38091899338360236,0.7286570217949757
7,5,0.3406857382764228,0.7286570217949757
7,5,0.3406857382764228,0.7286570217949757
7,5,0.38091899338360236,0.7286570217949757
7,5,0.38091899338360236,0.7713954795877997
7,5,0.3406857382764228,0.6859185640021508
7,5,0.38091899338360236,0.6859185640021508
7,5,0.38091899338360236,0.7286570217949757
7,5,0.38091899338360236,0.8568723951734487
7,5,0.3406857382764228,0.8568723951734487
7,5,0.3406857382764228,0.8141339373806238
7,5,0.3406857382764228,0.8568723951734487
7,5,0.3004524831692432,0.8141339373806238
7,5,0.3406857382764228,0.8141339373806238
7,5,0.3406857382764228,0.8141339373806238
7,5,0.3004524831692432,0.8141339373806238
7,5,0.3004524831692432,0.7713954795877997
7,5,0.3004524831692432,0.8141339373806238
7,5,0.26021922806206366,0.7713954795877997
7,5,0.3004524831692432,0.7713954795877997
7,5,0.3004524831692432,0.7713954795877997
7,5,0.26021922806206366,0.7713954795877997
7,5,0.26021922806206366,0.7286570217949757
7,5,0.26021922806206366,0.7713954795877997
7,5,0.2199859729548841,0.7286570217949757
7,5,0.26021922806206366,0.7286570217949757
7,5,0.26021922806206366,0.7286570217949757
7,5,0.2199859729548841,0.7286570217949757
7,5,0.2199859729548841,0.6859185640021508
7,5,0.3406857382764228,0.8568723951734487
7,5,0.3004524831692432,0.8568723951734487
7,5,0.3004524831692432,0.8141339373806238
7,5,0.3004524831692432,0.8568723951734487
7,5,0.26021922806206366,0.8141339373806238
7,5,0.3004524831692432,0.8141339373806238
7,5,0.3004524831692432,0.8141339373806238
7,5,0.26021922806206366,0.8141339373806238
7,5,0.26021922806206366,0.7713954795877997
7,5,0.26021922806206366,0.8141339373806238
7,5,0.2199859729548841,0.7713954795877997
7,5,0.26021922806206366,0.7713954795877997
7,5,0.26021922806206366,0.7713954795877997
7,5,0.2199859729548841,0.7713954795877997
7,5,0.2199859729548841,0.7286570217949757
7,5,0.3004524831692432,0.8568723951734487
7,5,0.26021922806206366,0.8568723951734487
7,5,0.26021922806206366,0.8141339373806238
7,5,0.26021922806206366,0.8568723951734487
7,5,0.2199859729548841,0.8141339373806238
7,5,0.26021922806206366,0.8141339373806238
7,5,0.26021922806206366,0.8141339373806238
7,5,0.2199859729548841,0.8141339373806238
7,5,0.2199859729548841,0.7713954795877997
7,5,0.26021922806206366,0.8568723951734487
7,5,0.2199859729548841,0.8568723951734487
7,5,0.2199859729548841,0.8141339373806238
7,5,0.2199859729548841,0.8568723951734487
7,5,0.26021922806206366,0.8568723951734487
7,5,0.26021922806206366,0.8995958517525864
7,5,0.26021922806206366,0.8568723951734487
7,5,0.3004524831692432,0.8995958517525864
7,5,0.26021922806206366,0.8995958517525864
7,5,0.26021922806206366,0.8995958517525864
7,5,0.3004524831692432,0.8995958517525864
7,5,0.3004524831692432,0.9423193083317241
7,5,0.3004524831692432,0.8995958517525864
7,5,0.3406857382764228,0.9423193083317241
7,5,0.3004524831692432,0.9423193083317241
7,5,0.3004524831692432,0.9423193083317241
7,5,0.3406857382764228,0.9423193083317241
7,5,0.3406857382764228,0.9850427649108617
7,5,0.3406857382764228,0.9423193083317241
7,5,0.38091899338360236,0.9850427649108617
7,5,0.3406857382764228,0.9850427649108617
7,5,0.3406857382764228,0.9850427649108617
7,5,0.38091899338360236,0.9850427649108617
7,4,0.38091899338360236,0.02776622148999941
7,5,0.26021922806206366,0.8568723951734487
7,5,0.3004524831692432,0.8568723951734487
7,5,0.3004524831692432,0.8995958517525864
7,5,0.3004524831692432,0.8568723951734487
7,5,0.3406857382764228,0.8995958517525864
7,5,0.3004524831692432,0.8995958517525864
7,5,0.3004524831692432,0.8995958517525864
7,5,0.3406857382764228,0.8995958517525864
7,5,0.3406857382764228,0.9423193083317241
7,5,0.3406857382764228,0.8995958517525864
7,5,0.38091899338360236,0.9423193083317241
7,5,0.3406857382764228,0.9423193083317241
7,5,0.3406857382764228,0.9423193083317241
7,5,0.38091899338360236,0.9423193083317241
7,5,0.38091899338360236,0.9850427649108617
7,5,0.3004524831692432,0.8568723951734487
7,5,0.3406857382764228,0.8568723951734487
7,5,0.3406857382764228,0.8995958517525864
7,5,0.3406857382764228,0.8568723951734487
7,5,0.38091899338360236,0.8995958517525864
7,5,0.3406857382764228,0.8995958517525864
7,5,0.3406857382764228,0.8995958517525864
7,5,0.38091899338360236,0.8995958517525864
7,5,0.38091899338360236,0.9423193083317241
7,5,0.3406857382764228,0.8568723951734487
7,5,0.38091899338360236,0.8568723951734487
7,5,0.38091899338360236,0.8995958517525864
7,4,0.38091899338360236,0.02776622148999941
7,4,0.3406857382764228,0.02776622148999941
7,5,0.3406857382764228,0.9850427649108617
7,4,0.3406857382764228,0.02776622148999941
7,5,0.3004524831692432,0.9850427649108617
7,5,0.3406857382764228,0.9850427649108617
7,5,0.3406857382764228,0.9850427649108617
7,5,0.3004524831692432,0.9850427649108617
7,5,0.3004524831692432,0.9423193083317241
7,5,0.3004524831692432,0.9850427649108617
7,5,0.26021922806206366,0.9423193083317241
7,5,0.3004524831692432,0.9423193083317241
7,5,0.3004524831692432,0.9423193083317241
7,5,0.26021922806206366,0.9423193083317241
7,5,0.26021922806206366,0.8995958517525864
7,5,0.26021922806206366,0.9423193083317241
7,5,0.2199859729548841,0.8995958517525864
7,5,0.26021922806206366,0.8995958517525864
7,5,0.26021922806206366,0.8995958517525864
7,5,0.2199859729548841,0.8995958517525864
7,5,0.2199859729548841,0.8568723951734487
7,4,0.3406857382764228,0.02776622148999941
7,4,0.3004524831692432,0.02776622148999941
7,5,0.3004524831692432,0.9850427649108617
7,4,0.3004524831692432,0.02776622148999941
7,5,0.26021922806206366,0.9850427649108617
7,5,0.3004524831692432,0.9850427649108617
7,5,0.3004524831692432,0.9850427649108617
7,5,0.26021922806206366,0.9850427649108617
7,5,0.26021922806206366,0.9423193083317241
7,5,0.26021922806206366,0.9850427649108617
7,5,0.2199859729548841,0.9423193083317241
7,5,0.26021922806206366,0.9423193083317241
7,5,0.26021922806206366,0.9423193083317241
7,5,0.2199859729548841,0.9423193083317241
7,5,0.2199859729548841,0.8995958517525864
7,4,0.3004524831692432,0.02776622148999941
7,4,0.26021922806206366,0.02776622148999941
7,5,0.26021922806206366,0.9850427649108617
7,4,0.26021922806206366,0.02776622148999941
7,5,0.2199859729548841,0.9850427649108617
7,5,0.26021922806206366,0.9850427649108617
7,5,0.26021922806206366,0.9850427649108617
7,5,0.2199859729548841,0.9850427649108617
7,5,0.2199859729548841,0.9423193083317241
7,4,0.26021922806206366,0.02776622148999941
7,4,0.2199859729548841,0.02776622148999941
7,5,0.2199859729548841,0.9850427649108617
7,5,0.2199859729548841,0.6859185640021508
7,5,0.2199859729548841,0.7286570217949757
7,5,0.17972271542033091,0.7286570217949757
7,5,0.2199859729548841,0.7286570217949757
7,5,0.17972271542033091,0.7713954795877997
7,5,0.17972271542033091,0.7286570217949757
7,5,0.17972271542033091,0.7286570217949757
7,5,0.17972271542033091,0.7713954795877997
7,5,0.13945945788577863,0.7713954795877997
7,5,0.17972271542033091,0.7713954795877997
7,5,0.13945945788577863,0.8141339373806238
7,5,0.13945945788577863,0.7713954795877997
7,5,0.13945945788577863,0.7713954795877997
7,5,0.13945945788577863,0.8141339373806238
7,5,0.09919620035122634,0.8141339373806238
7,5,0.13945945788577863,0.8141339373806238
7,5,0.09919620035122634,0.8568723951734487
7,5,0.09919620035122634,0.8141339373806238
7,5,0.09919620035122634,0.8141339373806238
7,5,0.09919620035122634,0.8568723951734487
7,5,0.05893294281667316,0.8568723951734487
7,5,0.2199859729548841,0.7286570217949757
7,5,0.2199859729548841,0.7713954795877997
7,5,0.17972271542033091,0.7713954795877997
7,5,0.2199859729548841,0.7713954795877997
7,5,0.17972271542033091,0.8141339373806238
7,5,0.17972271542033091,0.7713954795877997
7,5,0.17972271542033091,0.7713954795877997
7,5,0.17972271542033091,0.8141339373806238
7,5,0.13945945788577863,0.8141339373806238
7,5,0.17972271542033091,0.8141339373806238
7,5,0.13945945788577863,0.8568723951734487
7,5,0.13945945788577863,0.8141339373806238
7,5,0.13945945788577863,0.8141339373806238
7,5,0.13945945788577863,0.8568723951734487
7,5,0.09919620035122634,0.8568723951734487
7,5,0.2199859729548841,0.7713954795877997
7,5,0.2199859729548841,0.8141339373806238
7,5,0.17972271542033091,0.8141339373806238
7,5,0.2199859729548841,0.8141339373806238
7,5,0.17972271542033091,0.8568723951734487
7,5,0.17972271542033091,0.8141339373806238
7,5,0.17972271542033091,0.8141339373806238
7,5,0.17972271542033091,0.8568723951734487
7,5,0.13945945788577863,0.8568723951734487
7,5,0.2199859729548841,0.8141339373806238
7,5,0.2199859729548841,0.8568723951734487
7,5,0.17972271542033091,0.8568723951734487
7,5,0.05893294281667316,0.8568723951734487
7,5,0.05893294281667316,0.8141339373806238
7,5,0.09919620035122634,0.8141339373806238
7,5,0.05893294281667316,0.8141339373806238
7,5,0.09919620035122634,0.7713954795877997
7,5,0.09919620035122634,0.8141339373806238
7,5,0.09919620035122634,0.8141339373806238
7,5,0.09919620035122634,0.7713954795877997
7,5,0.13945945788577863,0.7713954795877997
7,5,0.09919620035122634,0.7713954795877997
7,5,0.13945945788577863,0.7286570217949757
7,5,0.13945945788577863,0.7713954795877997
7,5,0.13945945788577863,0.7713954795877997
7,5,0.13945945788577863,0.7286570217949757
7,5,0.17972271542033091,0.7286570217949757
7,5,0.13945945788577863,0.7286570217949757
7,5,0.17972271542033091,0.6859185640021508
7,5,0.17972271542033091,0.7286570217949757
7,5,0.17972271542033091,0.7286570217949757
7,5,0.17972271542033091,0.6859185640021508
7,5,0.2199859729548841,0.6859185640021508
7,5,0.05893294281667316,0.8141339373806238
7,5,0.05893294281667316,0.7713954795877997
7,5,0.09919620035122634,0.7713954795877997
7,5,0.05893294281667316,0.7713954795877997
7,5,0.09919620035122634,0.7286570217949757
7,5,0.09919620035122634,0.7713954795877997
7,5,0.09919620035122634,0.7713954795877997
7,5,0.09919620035122634,0.7286570217949757
7,5,0.13945945788577863,0.7286570217949757
7,5,0.09919620035122634,0.7286570217949757
7,5,0.13945945788577863,0.6859185640021508
7,5,0.13945945788577863,0.7286570217949757
7,5,0.13945945788577863,0.7286570217949757
7,5,0.13945945788577863,0.6859185640021508
7,5,0.17972271542033091,0.6859185640021508
7,5,0.05893294281667316,0.7713954795877997
7,5,0.05893294281667316,0.7286570217949757
7,5,0.09919620035122634,0.7286570217949757
7,5,0.05893294281667316,0.7286570217949757
7,5,0.09919620035122634,0.6859185640021508
7,5,0.09919620035122634,0.7286570217949757
7,5,0.09919620035122634,0.7286570217949757
7,5,0.09919620035122634,0.6859185640021508
7,5,0.13945945788577863,0.6859185640021508
7,5,0.05893294281667316,0.7286570217949757
7,5,0.05893294281667316,0.6859185640021508
7,5,0.09919620035122634,0.6859185640021508
7,5,0.2199859729548841,0.8568723951734487
7,5,0.2199859729548841,0.8995958517525864
7,5,0.17972271542033091,0.8995958517525864
7,5,0.2199859729548841,0.8995958517525864
7,5,0.17972271542033091,0.9423193083317241
7,5,0.17972271542033091,0.8995958517525864
7,5,0.17972271542033091,0.8995958517525864
7,5,0.17972271542033091,0.9423193083317241
7,5,0.13945945788577863,0.9423193083317241
7,5,0.17972271542033091,0.9423193083317241
7,5,0.13945945788577863,0.9850427649108617
7,5,0.13945945788577863,0.9423193083317241
7,5,0.13945945788577863,0.9423193083317241
7,5,0.13945945788577863,0.9850427649108617
7,5,0.09919620035122634,0.9850427649108617
7,5,0.13945945788577863,0.9850427649108617
7,4,0.09919620035122634,0.02776622148999941
7,5,0.09919620035122634,0.9850427649108617
7,5,0.09919620035122634,0.9850427649108617
7,4,0.09919620035122634,0.02776622148999941
7,4,0.05893294281667316,0.02776622148999941
7,5,0.2199859729548841,0.8995958517525864
7,5,0.2199859729548841,0.9423193083317241
7,5,0.17972271542033091,0.9423193083317241
7,5,0.2199859729548841,0.9423193083317241
7,5,0.17972271542033091,0.9850427649108617
7,5,0.17972271542033091,0.9423193083317241
7,5,0.17972271542033091,0.9423193083317241
7,5,0.17972271542033091,0.9850427649108617
7,5,0.13945945788577863,0.9850427649108617
7,5,0.17972271542033091,0.9850427649108617
7,4,0.13945945788577863,0.02776622148999941
7,5,0.13945945788577863,0.9850427649108617
7,5,0.13945945788577863,0.9850427649108617
7,4,0.13945945788577863,0.02776622148999941
7,4,0.09919620035122634,0.02776622148999941
7,5,0.2199859729548841,0.9423193083317241
7,5,0.2199859729548841,0.9850427649108617
7,5,0.17972271542033091,0.9850427649108617
7,5,0.2199859729548841,0.9850427649108617
7,4,0.17972271542033091,0.02776622148999941
7,5,0.17972271542033091,0.9850427649108617
7,5,0.17972271542033091,0.9850427649108617
7,4,0.17972271542033091,0.02776622148999941
7,4,0.13945945788577863,0.02776622148999941
7,5,0.2199859729548841,0.9850427649108617
7,4,0.2199859729548841,0.02776622148999941
7,4,0.17972271542033091,0.02776622148999941
7,4,0.05893294281667316,0.02776622148999941
7,5,0.05893294281667316,0.9850427649108617
7,5,0.09919620035122634,0.9850427649108617
7,5,0.05893294281667316,0.9850427649108617
7,5,0.09919620035122634,0.9423193083317241
7,5,0.09919620035122634,0.9850427649108617
7,5,0.09919620035122634,0.9850427649108617
7,5,0.09919620035122634,0.9423193083317241
7,5,0.13945945788577863,0.9423193083317241
7,5,0.09919620035122634,0.9423193083317241
7,5,0.13945945788577863,0.8995958517525864
7,5,0.13945945788577863,0.9423193083317241
7,5,0.13945945788577863,0.9423193083317241
7,5,0.13945945788577863,0.8995958517525864
7,5,0.17972271542033091,0.8995958517525864
7,5,0.13945945788577863,0.8995958517525864
7,5,0.17972271542033091,0.8568723951734487
7,5,0.17972271542033091,0.8995958517525864
7,5,0.17972271542033091,0.8995958517525864
7,5,0.17972271542033091,0.8568723951734487
7,5,0.2199859729548841,0.8568723951734487
7,5,0.05893294281667316,0.9850427649108617
7,5,0.05893294281667316,0.9423193083317241
7,5,0.09919620035122634,0.9423193083317241
7,5,0.05893294281667316,0.9423193083317241
7,5,0.09919620035122634,0.8995958517525864
7,5,0.09919620035122634,0.9423193083317241
7,5,0.09919620035122634,0.9423193083317241
7,5,0.09919620035122634,0.8995958517525864
7,5,0.13945945788577863,0.8995958517525864
7,5,0.09919620035122634,0.8995958517525864
7,5,0.13945945788577863,0.8568723951734487
7,5,0.13945945788577863,0.8995958517525864
7,5,0.13945945788577863,0.8995958517525864
7,5,0.13945945788577863,0.8568723951734487
7,5,0.17972271542033091,0.8568723951734487
7,5,0.05893294281667316,0.9423193083317241
7,5,0.05893294281667316,0.8995958517525864
7,5,0.09919620035122634,0.8995958517525864
7,5,0.05893294281667316,0.8995958517525864
7,5,0.09919620035122634,0.8568723951734487
7,5,0.09919620035122634,0.8995958517525864
7,5,0.09919620035122634,0.8995958517525864
7,5,0.09919620035122634,0.8568723951734487
7,5,0.13945945788577863,0.8568723951734487
7,5,0.05893294281667316,0.8995958517525864
7,5,0.05893294281667316,0.8568723951734487
7,5,0.09919620035122634,0.8568723951734487
7,5,0.6399999999999997,0.8700000000000001
7,5,0.53032851893256,0.7649146470121195
7,5,0.53032851893256,0.9750853529878807
7,5,0.7496714810674394,0.7649146470121195
7,5,0.7496714810674394,0.9750853529878807
7,5,0.49564941190171297,0.8487628642904168
7,5,0.49564941190171297,0.8085073731593448
7,5,0.5384107307386587,0.8085073731593448
7,5,0.49564941190171297,0.8085073731593448
7,5,0.5384107307386587,0.7682518820282738
7,5,0.5384107307386587,0.8085073731593448
7,5,0.5384107307386587,0.8085073731593448
7,5,0.5384107307386587,0.7682518820282738
7,5,0.5811720495756045,0.7682518820282738
7,5,0.5384107307386587,0.7682518820282738
7,5,0.5811720495756045,0.7279963908972027
7,5,0.5811720495756045,0.7682518820282738
7,5,0.5811720495756045,0.7682518820282738
7,5,0.5811720495756045,0.7279963908972027
7,5,0.6239333684125512,0.7279963908972027
7,5,0.5811720495756045,0.7279963908972027
7,5,0.6239333684125512,0.6877408997661316
7,5,0.6239333684125512,0.7279963908972027
7,5,0.6239333684125512,0.7279963908972027
7,5,0.6239333684125512,0.6877408997661316
7,5,0.666694687249497,0.6877408997661316
7,5,0.49564941190171297,0.8085073731593448
7,5,0.49564941190171297,0.7682518820282738
7,5,0.5384107307386587,0.7682518820282738
7,5,0.49564941190171297,0.7682518820282738
7,5,0.5384107307386587,0.7279963908972027
7,5,0.5384107307386587,0.7682518820282738
7,5,0.5384107307386587,0.7682518820282738
7,5,0.5384107307386587,0.7279963908972027
7,5,0.5811720495756045,0.7279963908972027
7,5,0.5384107307386587,0.7279963908972027
7,5,0.5811720495756045,0.6877408997661316
7,5,0.5811720495756045,0.7279963908972027
7,5,0.5811720495756045,0.7279963908972027
7,5,0.5811720495756045,0.6877408997661316
7,5,0.6239333684125512,0.6877408997661316
7,5,0.49564941190171297,0.7682518820282738
7,5,0.49564941190171297,0.7279963908972027
7,5,0.5384107307386587,0.7279963908972027
7,5,0.49564941190171297,0.7279963908972027
7,5,0.5384107307386587,0.6877408997661316
7,5,0.5384107307386587,0.7279963908972027
7,5,0.5384107307386587,0.7279963908972027
7,5,0.5384107307386587,0.6877408997661316
7,5,0.5811720495756045,0.6877408997661316
7,5,0.49564941190171297,0.7279963908972027
7,5,0.49564941190171297,0.6877408997661316
7,5,0.5384107307386587,0.6877408997661316
7,5,0.666694687249497,0.6877408997661316
7,5,0.666694687249497,0.7279963908972027
7,5,0.6239333684125512,0.7279963908972027
7,5,0.666694687249497,0.7279963908972027
7,5,0.6239333684125512,0.7682518820282738
7,5,0.6239333684125512,0.7279963908972027
7,5,0.6239333684125512,0.7279963908972027
7,5,0.6239333684125512,0.7682518820282738
7,5,0.5811720495756045,0.7682518820282738
7,5,0.6239333684125512,0.7682518820282738
7,5,0.5811720495756045,0.8085073731593448
7,5,0.5811720495756045,0.7682518820282738
7,5,0.5811720495756045,0.7682518820282738
7,5,0.5811720495756045,0.8085073731593448
7,5,0.5384107307386587,0.8085073731593448
7,5,0.5811720495756045,0.8085073731593448
7,5,0.5384107307386587,0.8487628642904168
7,5,0.5384107307386587,0.8085073731593448
7,5,0.5384107307386587,0.8085073731593448
7,5,0.5384107307386587,0.8487628642904168
7,5,0.49564941190171297,0.8487628642904168
7,5,0.666694687249497,0.7279963908972027
7,5,0.666694687249497,0.7682518820282738
7,5,0.6239333684125512,0.7682518820282738
7,5,0.666694687249497,0.7682518820282738
7,5,0.6239333684125512,0.8085073731593448
7,5,0.6239333684125512,0.7682518820282738
7,5,0.6239333684125512,0.7682518820282738
7,5,0.6239333684125512,0.8085073731593448
7,5,0.5811720495756045,0.8085073731593448
7,5,0.6239333684125512,0.8085073731593448
7,5,0.5811720495756054,0.8487628642904168
7,5,0.5811720495756045,0.8085073731593448
7,5,0.5811720495756045,0.8085073731593448
7,5,0.5811720495756054,0.8487628642904168
7,5,0.5384107307386587,0.8487628642904168
7,5,0.666694687249497,0.7682518820282738
7,5,0.666694687249497,0.8085073731593448
7,5,0.6239333684125512,0.8085073731593448
7,5,0.666694687249497,0.8085073731593448
7,5,0.6239333684125512,0.8487628642904168
7,5,0.6239333684125512,0.8085073731593448
7,5,0.6239333684125512,0.8085073731593448
7,5,0.6239333684125512,0.8487628642904168
7,5,0.5811720495756054,0.8487628642904168
7,5,0.666694687249497,0.8085073731593448
7,5,0.666694687249497,0.8487628642904168
7,5,0.6239333684125512,0.8487628642904168
7,5,0.666694687249497,0.8487628642904168
7,5,0.666694687249497,0.8085073731593448
7,5,0.7094379785489915,0.8085073731593448
7,5,0.666694687249497,0.8085073731593448
7,5,0.7094379785489915,0.7682518820282738
7,5,0.7094379785489915,0.8085073731593448
7,5,0.7094379785489915,0.8085073731593448
7,5,0.7094379785489915,0.7682518820282738
7,5,0.7521812698484851,0.7682518820282738
7,5,0.7094379785489915,0.7682518820282738
7,5,0.7521812698484851,0.7279963908972027
7,5,0.7521812698484851,0.7682518820282738
7,5,0.7521812698484851,0.7682518820282738
7,5,0.7521812698484851,0.7279963908972027
7,5,0.7949245611479787,0.7279963908972027
7,5,0.7521812698484851,0.7279963908972027
7,5,0.7949245611479787,0.6877408997661316
7,5,0.7949245611479787,0.7279963908972027
7,5,0.7949245611479787,0.7279963908972027
7,5,0.7949245611479787,0.6877408997661316
7,5,0.8376678524474732,0.6877408997661316
7,5,0.666694687249497,0.8085073731593448
7,5,0.666694687249497,0.7682518820282738
7,5,0.7094379785489915,0.7682518820282738
7,5,0.666694687249497,0.7682518820282738
7,5,0.7094379785489915,0.7279963908972027
7,5,0.7094379785489915,0.7682518820282738
7,5,0.7094379785489915,0.7682518820282738
7,5,0.7094379785489915,0.7279963908972027
7,5,0.7521812698484851,0.7279963908972027
7,5,0.7094379785489915,0.7279963908972027
7,5,0.7521812698484851,0.6877408997661316
7,5,0.7521812698484851,0.7279963908972027
7,5,0.7521812698484851,0.7279963908972027
7,5,0.7521812698484851,0.6877408997661316
7,5,0.7949245611479787,0.6877408997661316
7,5,0.666694687249497,0.7682518820282738
7,5,0.666694687249497,0.7279963908972027
7,5,0.7094379785489915,0.7279963908972027
7,5,0.666694687249497,0.7279963908972027
7,5,0.7094379785489915,0.6877408997661316
7,5,0.7094379785489915,0.7279963908972027
7,5,0.7094379785489915,0.7279963908972027
7,5,0.7094379785489915,0.6877408997661316
7,5,0.7521812698484851,0.6877408997661316
7,5,0.666694687249497,0.7279963908972027
7,5,0.666694687249497,0.6877408997661316
7,5,0.7094379785489915,0.6877408997661316
7,5,0.8376678524474732,0.6877408997661316
7,5,0.8376678524474732,0.7279963908972027
7,5,0.7949245611479787,0.7279963908972027
7,5,0.8376678524474732,0.7279963908972027
7,5,0.7949245611479787,0.7682518820282738
7,5,0.7949245611479787,0.7279963908972027
7,5,0.7949245611479787,0.7279963908972027
7,5,0.7949245611479787,0.7682518820282738
7,5,0.7521812698484851,0.7682518820282738
7,5,0.7949245611479787,0.7682518820282738
7,5,0.7521812698484851,0.8085073731593448
7,5,0.7521812698484851,0.7682518820282738
7,5,0.7521812698484851,0.7682518820282738
7,5,0.7521812698484851,0.8085073731593448
7,5,0.7094379785489915,0.8085073731593448
7,5,0.7521812698484851,0.8085073731593448
7,5,0.7094379785489915,0.8487628642904168
7,5,0.7094379785489915,0.8085073731593448
7,5,0.7094379785489915,0.8085073731593448
7,5,0.7094379785489915,0.8487628642904168
7,5,0.666694687249497,0.8487628642904168
7,5,0.8376678524474732,0.7279963908972027
7,5,0.8376678524474732,0.7682518820282738
7,5,0.7949245611479787,0.7682518820282738
7,5,0.8376678524474732,0.7682518820282738
7,5,0.7949245611479787,0.8085073731593448
7,5,0.7949245611479787,0.7682518820282738
7,5,0.7949245611479787,0.7682518820282738
7,5,0.7949245611479787,0.8085073731593448
7,5,0.7521812698484851,0.8085073731593448
7,5,0.7949245611479787,0.8085073731593448
7,5,0.7521812698484851,0.8487628642904168
7,5,0.7521812698484851,0.8085073731593448
7,5,0.7521812698484851,0.8085073731593448
7,5,0.7521812698484851,0.8487628642904168
7,5,0.7094379785489915,0.8487628642904168
7,5,0.8376678524474732,0.7682518820282738
7,5,0.8376678524474732,0.8085073731593448
7,5,0.7949245611479787,0.8085073731593448
7,5,0.8376678524474732,0.8085073731593448
7,5,0.7949245611479787,0.8487628642904168
7,5,0.7949245611479787,0.8085073731593448
7,5,0.7949245611479787,0.8085073731593448
7,5,0.7949245611479787,0.8487628642904168
7,5,0.7521812698484851,0.8487628642904168
7,5,0.8376678524474732,0.8085073731593448
7,5,0.8376678524474732,0.8487628642904168
7,5,0.7949245611479787,0.8487628642904168
7,5,0.49564941190171297,0.8487628642904168
7,5,0.5384107307386587,0.8487628642904168
7,5,0.5384107307386587,0.88903638295894
7,5,0.5384107307386587,0.8487628642904168
7,5,0.5811720495756045,0.88903638295894
7,5,0.5384107307386587,0.88903638295894
7,5,0.5384107307386587,0.88903638295894
7,5,0.5811720495756045,0.88903638295894
7,5,0.5811720495756054,0.9293099016274633
7,5,0.5811720495756045,0.88903638295894
7,5,0.6239333684125512,0.9293099016274633
7,5,0.5811720495756054,0.9293099016274633
7,5,0.5811720495756054,0.9293099016274633
7,5,0.6239333684125512,0.9293099016274633
7,5,0.6239333684125512,0.9695834202959874
7,5,0.6239333684125512,0.9293099016274633
7,5,0.666694687249497,0.9695834202959874
7,5,0.6239333684125512,0.9695834202959874
7,5,0.6239333684125512,0.9695834202959874
7,5,0.666694687249497,0.9695834202959874
7,4,0.666694687249497,0.009856938964510675
7,5,0.5384107307386587,0.8487628642904168
7,5,0.5811720495756054,0.8487628642904168
7,5,0.5811720495756045,0.88903638295894
7,5,0.5811720495756054,0.8487628642904168
7,5,0.6239333684125512,0.88903638295894
7,5,0.5811720495756045,0.88903638295894
7,5,0.5811720495756045,0.88903638295894
7,5,0.6239333684125512,0.88903638295894
7,5,0.6239333684125512,0.9293099016274633
7,5,0.6239333684125512,0.88903638295894
7,5,0.666694687249497,0.9293099016274633
7,5,0.6239333684125512,0.9293099016274633
7,5,0.6239333684125512,0.9293099016274633
7,5,0.666694687249497,0.9293099016274633
7,5,0.666694687249497,0.9695834202959874
7,5,0.5811720495756054,0.8487628642904168
7,5,0.6239333684125512,0.8487628642904168
7,5,0.6239333684125512,0.88903638295894
7,5,0.6239333684125512,0.8487628642904168
7,5,0.666694687249497,0.88903638295894
7,5,0.6239333684125512,0.88903638295894
7,5,0.6239333684125512,0.88903638295894
7,5,0.666694687249497,0.88903638295894
7,5,0.666694687249497,0.9293099016274633
7,5,0.6239333684125512,0.8487628642904168
7,5,0.666694687249497,0.8487628642904168
7,5,0.666694687249497,0.88903638295894
7,4,0.666694687249497,0.009856938964510675
7,4,0.6239333684125512,0.009856938964510675
7,5,0.6239333684125512,0.9695834202959874
7,4,0.6239333684125512,0.009856938964510675
7,5,0.5811720495756054,0.9695834202959874
7,5,0.6239333684125512,0.9695834202959874
7,5,0.6239333684125512,0.9695834202959874
7,5,0.5811720495756054,0.9695834202959874
7,5,0.5811720495756054,0.9293099016274633
7,5,0.5811720495756054,0.9695834202959874
7,5,0.5384107307386587,0.9293099016274633
7,5,0.5811720495756054,0.9293099016274633
7,5,0.5811720495756054,0.9293099016274633
7,5,0.5384107307386587,0.9293099016274633
7,5,0.5384107307386587,0.88903638295894
7,5,0.5384107307386587,0.9293099016274633
7,5,0.49564941190171297,0.88903638295894
7,5,0.5384107307386587,0.88903638295894
7,5,0.5384107307386587,0.88903638295894
7,5,0.49564941190171297,0.88903638295894
7,5,0.49564941190171297,0.8487628642904168
7,4,0.6239333684125512,0.009856938964510675
7,4,0.5811720495756054,0.009856938964510675
7,5,0.5811720495756054,0.9695834202959874
7,4,0.5811720495756054,0.009856938964510675
7,5,0.5384107307386587,0.9695834202959874
7,5,0.5811720495756054,0.9695834202959874
7,5,0.5811720495756054,0.9695834202959874
7,5,0.5384107307386587,0.9695834202959874
7,5,0.5384107307386587,0.9293099016274633
7,5,0.5384107307386587,0.9695834202959874
7,5,0.49564941190171297,0.9293099016274633
7,5,0.5384107307386587,0.9293099016274633
7,5,0.5384107307386587,0.9293099016274633
7,5,0.49564941190171297,0.9293099016274633
7,5,0.49564941190171297,0.88903638295894
7,4,0.5811720495756054,0.009856938964510675
7,4,0.5384107307386587,0.009856938964510675
7,5,0.5384107307386587,0.9695834202959874
7,4,0.5384107307386587,0.009856938964510675
7,5,0.49564941190171297,0.9695834202959874
7,5,0.5384107307386587,0.9695834202959874
7,5,0.5384107307386587,0.9695834202959874
7,5,0.49564941190171297,0.9695834202959874
7,5,0.49564941190171297,0.9293099016274633
7,4,0.5384107307386587,0.009856938964510675
7,4,0.49564941190171297,0.009856938964510675
7,5,0.49564941190171297,0.9695834202959874
7,5,0.666694687249497,0.8487628642904168
7,5,0.7094379785489915,0.8487628642904168
7,5,0.7094379785489915,0.88903638295894
7,5,0.7094379785489915,0.8487628642904168
7,5,0.7521812698484851,0.88903638295894
7,5,0.7094379785489915,0.88903638295894
7,5,0.7094379785489915,0.88903638295894
7,5,0.7521812698484851,0.88903638295894
7,5,0.7521812698484851,0.9293099016274633
7,5,0.7521812698484851,0.88903638295894
7,5,0.7949245611479787,0.9293099016274633
7,5,0.7521812698484851,0.9293099016274633
7,5,0.7521812698484851,0.9293099016274633
7,5,0.7949245611479787,0.9293099016274633
7,5,0.7949245611479787,0.9695834202959874
7,5,0.7949245611479787,0.9293099016274633
7,5,0.8376678524474732,0.9695834202959874
7,5,0.7949245611479787,0.9695834202959874
7,5,0.7949245611479787,0.9695834202959874
7,5,0.8376678524474732,0.9695834202959874
7,4,0.8376678524474732,0.009856938964510675
7,5,0.7094379785489915,0.8487628642904168
7,5,0.7521812698484851,0.8487628642904168
7,5,0.7521812698484851,0.88903638295894
7,5,0.7521812698484851,0.8487628642904168
7,5,0.7949245611479787,0.88903638295894
7,5,0.7521812698484851,0.88903638295894
7,5,0.7521812698484851,0.88903638295894
7,5,0.7949245611479787,0.88903638295894
7,5,0.7949245611479787,0.9293099016274633
7,5,0.7949245611479787,0.88903638295894
7,5,0.8376678524474732,0.9293099016274633
7,5,0.7949245611479787,0.9293099016274633
7,5,0.7949245611479787,0.9293099016274633
7,5,0.8376678524474732,0.9293099016274633
7,5,0.8376678524474732,0.9695834202959874
7,5,0.7521812698484851,0.8487628642904168
7,5,0.7949245611479787,0.8487628642904168
7,5,0.7949245611479787,0.88903638295894
7,5,0.7949245611479787,0.8487628642904168
7,5,0.8376678524474732,0.88903638295894
7,5,0.7949245611479787,0.88903638295894
7,5,0.7949245611479787,0.88903638295894
7,5,0.8376678524474732,0.88903638295894
7,5,0.8376678524474732,0.9293099016274633
7,5,0.7949245611479787,0.8487628642904168
7,5,0.8376678524474732,0.8487628642904168
7,5,0.8376678524474732,0.88903638295894
7,4,0.8376678524474732,0.009856938964510675
7,4,0.7949245611479787,0.009856938964510675
7,5,0.7949245611479787,0.9695834202959874
7,4,0.7949245611479787,0.009856938964510675
7,5,0.7521812698484851,0.9695834202959874
7,5,0.7949245611479787,0.9695834202959874
7,5,0.7949245611479787,0.9695834202959874
7,5,0.7521812698484851,0.9695834202959874
7,5,0.7521812698484851,0.9293099016274633
7,5,0.7521812698484851,0.9695834202959874
7,5,0.7094379785489915,0.9293099016274633
7,5,0.7521812698484851,0.9293099016274633
7,5,0.7521812698484851,0.9293099016274633
7,5,0.7094379785489915,0.9293099016274633
7,5,0.7094379785489915,0.88903638295894
7,5,0.7094379785489915,0.9293099016274633
7,5,0.666694687249497,0.88903638295894
7,5,0.7094379785489915,0.88903638295894
7,5,0.7094379785489915,0.88903638295894
7,5,0.666694687249497,0.88903638295894
7,5,0.666694687249497,0.8487628642904168
7,4,0.7949245611479787,0.009856938964510675
7,4,0.7521812698484851,0.009856938964510675
7,5,0.7521812698484851,0.9695834202959874
7,4,0.7521812698484851,0.009856938964510675
7,5,0.7094379785489915,0.9695834202959874
7,5,0.7521812698484851,0.9695834202959874
7,5,0.7521812698484851,0.9695834202959874
7,5,0.7094379785489915,0.9695834202959874
7,5,0.7094379785489915,0.9293099016274633
7,5,0.7094379785489915,0.9695834202959874
7,5,0.666694687249497,0.9293099016274633
7,5,0.7094379785489915,0.9293099016274633
7,5,0.7094379785489915,0.9293099016274633
7,5,0.666694687249497,0.9293099016274633
7,5,0.666694687249497,0.88903638295894
7,4,0.7521812698484851,0.009856938964510675
7,4,0.7094379785489915,0.009856938964510675
7,5,0.7094379785489915,0.9695834202959874
7,4,0.7094379785489915,0.009856938964510675
7,5,0.666694687249497,0.9695834202959874
7,5,0.7094379785489915,0.9695834202959874
7,5,0.7094379785489915,0.9695834202959874
7,5,0.666694687249497,0.9695834202959874
7,5,0.666694687249497,0.9293099016274633
7,4,0.7094379785489915,0.009856938964510675
7,4,0.666694687249497,0.009856938964510675
7,5,0.666694687249497,0.9695834202959874
7,5,0.6193904289745618,0.7749220708856388
7,5,0.6623861057983884,0.7749220708856388
7,5,0.6623861057983884,0.8145465982058786
7,5,0.6623861057983884,0.7749220708856388
7,5,0.7053817826222151,0.8145465982058786
7,5,0.6623861057983884,0.8145465982058786
7,5,0.6623861057983884,0.8145465982058786
7,5,0.7053817826222151,0.8145465982058786
7,5,0.7053817826222151,0.8541711255261175
7,5,0.7053817826222151,0.8145465982058786
7,5,0.7483774594460417,0.8541711255261175
7,5,0.7053817826222151,0.8541711255261175
7,5,0.7053817826222151,0.8541711255261175
7,5,0.7483774594460417,0.8541711255261175
7,5,0.7483774594460417,0.8937956528463573
7,5,0.7483774594460417,0.8541711255261175
7,5,0.7913731362698684,0.8937956528463573
7,5,0.7483774594460417,0.8937956528463573
7,5,0.7483774594460417,0.8937956528463573
7,5,0.7913731362698684,0.8937956528463573
7,5,0.7913731362698684,0.9334201801665962
7,5,0.6623861057983884,0.7749220708856388
7,5,0.7053817826222151,0.7749220708856388
7,5,0.7053817826222151,0.8145465982058786
7,5,0.7053817826222151,0.7749220708856388
7,5,0.7483774594460417,0.8145465982058786
7,5,0.7053817826222151,0.8145465982058786
7,5,0.7053817826222151,0.8145465982058786
7,5,0.7483774594460417,0.8145465982058786
7,5,0.7483774594460417,0.8541711255261175
7,5,0.7483774594460417,0.8145465982058786
7,5,0.7913731362698684,0.8541711255261175
7,5,0.7483774594460417,0.8541711255261175
7,5,0.7483774594460417,0.8541711255261175
7,5,0.7913731362698684,0.8541711255261175
7,5,0.7913731362698684,0.8937956528463573
7,5,0.7053817826222151,0.7749220708856388
7,5,0.7483774594460417,0.7749220708856388
7,5,0.7483774594460417,0.8145465982058786
7,5,0.7483774594460417,0.7749220708856388
7,5,0.7913731362698684,0.8145465982058786
7,5,0.7483774594460417,0.8145465982058786
7,5,0.7483774594460417,0.8145465982058786
7,5,0.7913731362698684,0.8145465982058786
7,5,0.7913731362698684,0.8541711255261175
7,5,0.7483774594460417,0.7749220708856388
7,5,0.7913731362698684,0.7749220708856388
7,5,0.7913731362698684,0.8145465982058786
7,5,0.7913731362698684,0.9334201801665962
7,5,0.7483774594460417,0.9334201801665962
7,5,0.7483774594460417,0.8937956528463573
7,5,0.7483774594460417,0.9334201801665962
7,5,0.7053817826222151,0.8937956528463573
7,5,0.7483774594460417,0.8937956528463573
7,5,0.7483774594460417,0.8937956528463573
7,5,0.7053817826222151,0.8937956528463573
7,5,0.7053817826222151,0.8541711255261175
7,5,0.7053817826222151,0.8937956528463573
7,5,0.6623861057983884,0.8541711255261175
7,5,0.7053817826222151,0.8541711255261175
7,5,0.7053817826222151,0.8541711255261175
7,5,0.6623861057983884,0.8541711255261175
7,5,0.6623861057983884,0.8145465982058786
7,5,0.6623861057983884,0.8541711255261175
7,5,0.6193904289745618,0.8145465982058786
7,5,0.6623861057983884,0.8145465982058786
7,5,0.6623861057983884,0.8145465982058786
7,5,0.6193904289745618,0.8145465982058786
7,5,0.6193904289745618,0.7749220708856388
7,5,0.7483774594460417,0.9334201801665962
7,5,0.7053817826222151,0.9334201801665962
7,5,0.7053817826222151,0.8937956528463573
7,5,0.7053817826222151,0.9334201801665962
7,5,0.6623861057983884,0.8937956528463573
7,5,0.7053817826222151,0.8937956528463573
7,5,0.7053817826222151,0.8937956528463573
7,5,0.6623861057983884,0.8937956528463573
7,5,0.6623861057983884,0.8541711255261175
7,5,0.6623861057983884,0.8937956528463573
7,5,0.6193904289745618,0.8541711255261175
7,5,0.6623861057983884,0.8541711255261175
7,5,0.6623861057983884,0.8541711255261175
7,5,0.6193904289745618,0.8541711255261175
7,5,0.6193904289745618,0.8145465982058786
7,5,0.7053817826222151,0.9334201801665962
7,5,0.6623861057983884,0.9334201801665962
7,5,0.6623861057983884,0.8937956528463573
7,5,0.6623861057983884,0.9334201801665962
7,5,0.6193904289745618,0.8937956528463573
7,5,0.6623861057983884,0.8937956528463573
7,5,0.6623861057983884,0.8937956528463573
7,5,0.6193904289745618,0.8937956528463573
7,5,0.6193904289745618,0.8541711255261175
7,5,0.6623861057983884,0.9334201801665962
7,5,0.6193904289745618,0.9334201801665962
7,5,0.6193904289745618,0.8937956528463573
7,5,0.6193904289745618,0.9334201801665962
7,5,0.6623861057983884,0.9334201801665962
7,5,0.6623861057983884,0.9730086524119317
7,5,0.6623861057983884,0.9334201801665962
7,5,0.7053817826222151,0.9730086524119317
7,5,0.6623861057983884,0.9730086524119317
7,5,0.6623861057983884,0.9730086524119317
7,5,0.7053817826222151,0.9730086524119317
7,4,0.7053817826222151,0.012597124657266257
7,5,0.7053817826222151,0.9730086524119317
7,4,0.7483774594460417,0.012597124657266257
7,4,0.7053817826222151,0.012597124657266257
7,4,0.7053817826222151,0.012597124657266257
7,4,0.7483774594460417,0.012597124657266257
7,4,0.7483774594460417,0.05218559690260083
7,4,0.7483774594460417,0.012597124657266257
7,4,0.7913731362698684,0.05218559690260083
7,4,0.7483774594460417,0.05218559690260083
7,4,0.7483774594460417,0.05218559690260083
7,4,0.7913731362698684,0.05218559690260083
7,4,0.7913731362698684,0.0917740691479354
7,5,0.6623861057983884,0.9334201801665962
7,5,0.7053817826222151,0.9334201801665962
7,5,0.7053817826222151,0.9730086524119317
7,5,0.7053817826222151,0.9334201801665962
7,5,0.7483774594460417,0.9730086524119317
7,5,0.7053817826222151,0.9730086524119317
7,5,0.7053817826222151,0.9730086524119317
7,5,0.7483774594460417,0.9730086524119317
7,4,0.7483774594460417,0.012597124657266257
7,5,0.7483774594460417,0.9730086524119317
7,4,0.7913731362698684,0.012597124657266257
7,4,0.7483774594460417,0.012597124657266257
7,4,0.7483774594460417,0.012597124657266257
7,4,0.7913731362698684,0.012597124657266257
7,4,0.7913731362698684,0.05218559690260083
7,5,0.7053817826222151,0.9334201801665962
7,5,0.7483774594460417,0.9334201801665962
7,5,0.7483774594460417,0.9730086524119317
7,5,0.7483774594460417,0.9334201801665962
7,5,0.7913731362698684,0.9730086524119317
7,5,0.7483774594460417,0.9730086524119317
7,5,0.7483774594460417,0.9730086524119317
7,5,0.7913731362698684,0.9730086524119317
7,4,0.7913731362698684,0.012597124657266257
7,5,0.7483774594460417,0.9334201801665962
7,5,0.7913731362698684,0.9334201801665962
7,5,0.7913731362698684,0.9730086524119317
7,4,0.7913731362698684,0.0917740691479354
7,4,0.7483774594460417,0.0917740691479354
7,4,0.7483774594460417,0.05218559690260083
7,4,0.7483774594460417,0.0917740691479354
7,4,0.7053817826222151,0.05218559690260083
7,4,0.7483774594460417,0.05218559690260083
7,4,0.7483774594460417,0.05218559690260083
7,4,0.7053817826222151,0.05218559690260083
7,4,0.7053817826222151,0.012597124657266257
7,4,0.7053817826222151,0.05218559690260083
7,4,0.6623861057983884,0.012597124657266257
7,4,0.7053817826222151,0.012597124657266257
7,4,0.7053817826222151,0.012597124657266257
7,4,0.6623861057983884,0.012597124657266257
7,5,0.6623861057983884,0.9730086524119317
7,4,0.6623861057983884,0.012597124657266257
7,5,0.6193904289745618,0.9730086524119317
7,5,0.6623861057983884,0.9730086524119317
7,5,0.6623861057983884,0.9730086524119317
7,5,0.6193904289745618,0.9730086524119317
7,5,0.6193904289745618,0.9334201801665962
7,4,0.7483774594460417,0.0917740691479354
7,4,0.7053817826222151,0.0917740691479354
7,4,0.7053817826222151,0.05218559690260083
7,4,0.7053817826222151,0.0917740691479354
7,4,0.6623861057983884,0.05218559690260083
7,4,0.7053817826222151,0.05218559690260083
7,4,0.7053817826222151,0.05218559690260083
7,4,0.6623861057983884,0.05218559690260083
7,4,0.6623861057983884,0.012597124657266257
7,4,0.6623861057983884,0.05218559690260083
7,4,0.6193904289745618,0.012597124657266257
7,4,0.6623861057983884,0.012597124657266257
7,4,0.6623861057983884,0.012597124657266257
7,4,0.6193904289745618,0.012597124657266257
7,5,0.6193904289745618,0.9730086524119317
7,4,0.7053817826222151,0.0917740691479354
7,4,0.6623861057983884,0.0917740691479354
7,4,0.6623861057983884,0.05218559690260083
7,4,0.6623861057983884,0.0917740691479354
7,4,0.6193904289745618,0.05218559690260083
7,4,0.6623861057983884,0.05218559690260083
7,4,0.6623861057983884,0.05218559690260083
7,4,0.6193904289745618,0.05218559690260083
7,4,0.6193904289745618,0.012597124657266257
7,4,0.6623861057983884,0.0917740691479354
7,4,0.6193904289745618,0.0917740691479354
7,4,0.6193904289745618,0.05218559690260083
7,5,0.6193904289745618,0.7749220708856388
7,5,0.6193904289745618,0.8145465982058786
7,5,0.5764127796881873,0.8145465982058786
7,5,0.6193904289745618,0.8145465982058786
7,5,0.5764127796881873,0.8541711255261175
7,5,0.5764127796881873,0.8145465982058786
7,5,0.5764127796881873,0.8145465982058786
7,5,0.5764127796881873,0.8541711255261175
7,5,0.5334351304018137,0.8541711255261175
7,5,0.5764127796881873,0.8541711255261175
7,5,0.5334351304018137,0.8937956528463573
7,5,0.5334351304018137,0.8541711255261175
7,5,0.5334351304018137,0.8541711255261175
7,5,0.5334351304018137,0.8937956528463573
7,5,0.4904574811154392,0.8937956528463573
7,5,0.5334351304018137,0.8937956528463573
7,5,0.4904574811154392,0.9334201801665962
7,5,0.4904574811154392,0.8937956528463573
7,5,0.4904574811154392,0.8937956528463573
7,5,0.4904574811154392,0.9334201801665962
7,5,0.4474798318290647,0.9334201801665962
7,5,0.6193904289745618,0.8145465982058786
7,5,0.6193904289745618,0.8541711255261175
7,5,0.5764127796881873,0.8541711255261175
7,5,0.6193904289745618,0.8541711255261175
7,5,0.5764127796881873,0.8937956528463573
7,5,0.5764127796881873,0.8541711255261175
7,5,0.5764127796881873,0.8541711255261175
7,5,0.5764127796881873,0.8937956528463573
7,5,0.5334351304018137,0.8937956528463573
7,5,0.5764127796881873,0.8937956528463573
7,5,0.5334351304018137,0.9334201801665962
7,5,0.5334351304018137,0.8937956528463573
7,5,0.5334351304018137,0.8937956528463573
7,5,0.5334351304018137,0.9334201801665962
7,5,0.4904574811154392,0.9334201801665962
7,5,0.6193904289745618,0.8541711255261175
7,5,0.6193904289745618,0.8937956528463573
7,5,0.5764127796881873,0.8937956528463573
7,5,0.6193904289745618,0.8937956528463573
7,5,0.5764127796881873,0.9334201801665962
7,5,0.5764127796881873,0.8937956528463573
7,5,0.5764127796881873,0.8937956528463573
7,5,0.5764127796881873,0.9334201801665962
7,5,0.5334351304018137,0.9334201801665962
7,5,0.6193904289745618,0.8937956528463573
7,5,0.6193904289745618,0.9334201801665962
7,5,0.5764127796881873,0.9334201801665962
7,5,0.4474798318290647,0.9334201801665962
7,5,0.4474798318290647,0.8937956528463573
7,5,0.4904574811154392,0.8937956528463573
7,5,0.4474798318290647,0.8937956528463573
7,5,0.4904574811154392,0.8541711255261175
7,5,0.4904574811154392,0.8937956528463573
7,5,0.4904574811154392,0.8937956528463573
7,5,0.4904574811154392,0.8541711255261175
7,5,0.5334351304018137,0.8541711255261175
7,5,0.4904574811154392,0.8541711255261175
7,5,0.5334351304018137,0.8145465982058786
7,5,0.5334351304018137,0.8541711255261175
7,5,0.5334351304018137,0.8541711255261175
7,5,0.5334351304018137,0.8145465982058786
7,5,0.5764127796881873,0.8145465982058786
7,5,0.5334351304018137,0.8145465982058786
7,5,0.5764127796881873,0.7749220708856388
7,5,0.5764127796881873,0.8145465982058786
7,5,0.5764127796881873,0.8145465982058786
7,5,0.5764127796881873,0.7749220708856388
7,5,0.6193904289745618,0.7749220708856388
7,5,0.4474798318290647,0.8937956528463573
7,5,0.4474798318290647,0.8541711255261175
7,5,0.4904574811154392,0.8541711255261175
7,5,0.4474798318290647,0.8541711255261175
7,5,0.4904574811154392,0.8145465982058786
7,5,0.4904574811154392,0.8541711255261175
7,5,0.4904574811154392,0.8541711255261175
7,5,0.4904574811154392,0.8145465982058786
7,5,0.5334351304018137,0.8145465982058786
7,5,0.4904574811154392,0.8145465982058786
7,5,0.5334351304018137,0.7749220708856388
7,5,0.5334351304018137,0.8145465982058786
7,5,0.5334351304018137,0.8145465982058786
7,5,0.5334351304018137,0.7749220708856388
7,5,0.5764127796881873,0.7749220708856388
7,5,0.4474798318290647,0.8541711255261175
7,5,0.4474798318290647,0.8145465982058786
7,5,0.4904574811154392,0.8145465982058786
7,5,0.4474798318290647,0.8145465982058786
7,5,0.4904574811154392,0.7749220708856388
7,5,0.4904574811154392,0.8145465982058786
7,5,0.4904574811154392,0.8145465982058786
7,5,0.4904574811154392,0.7749220708856388
7,5,0.5334351304018137,0.7749220708856388
7,5,0.4474798318290647,0.8145465982058786
7,5,0.4474798318290647,0.7749220708856388
7,5,0.4904574811154392,0.7749220708856388
7,5,0.6193904289745618,0.9334201801665962
7,5,0.6193904289745618,0.9730086524119317
7,5,0.5764127796881873,0.9730086524119317
7,5,0.6193904289745618,0.9730086524119317
7,4,0.5764127796881873,0.012597124657266257
7,5,0.5764127796881873,0.9730086524119317
7,5,0.5764127796881873,0.9730086524119317
7,4,0.5764127796881873,0.012597124657266257
7,4,0.5334351304018137,0.012597124657266257
7,4,0.5764127796881873,0.012597124657266257
7,4,0.5334351304018137,0.05218559690260083
7,4,0.5334351304018137,0.012597124657266257
7,4,0.5334351304018137,0.012597124657266257
7,4,0.5334351304018137,0.05218559690260083
7,4,0.4904574811154392,0.05218559690260083
7,4,0.5334351304018137,0.05218559690260083
7,4,0.4904574811154392,0.0917740691479354
7,4,0.4904574811154392,0.05218559690260083
7,4,0.4904574811154392,0.05218559690260083
7,4,0.4904574811154392,0.0917740691479354
7,4,0.4474798318290647,0.0917740691479354
7,5,0.6193904289745618,0.9730086524119317
7,4,0.6193904289745618,0.012597124657266257
7,4,0.5764127796881873,0.012597124657266257
7,4,0.6193904289745618,0.012597124657266257
7,4,0.5764127796881873,0.05218559690260083
7,4,0.5764127796881873,0.012597124657266257
7,4,0.5764127796881873,0.012597124657266257
7,4,0.5764127796881873,0.05218559690260083
7,4,0.5334351304018137,0.05218559690260083
7,4,0.5764127796881873,0.05218559690260083
7,4,0.5334351304018137,0.0917740691479354
7,4,0.5334351304018137,0.05218559690260083
7,4,0.5334351304018137,0.05218559690260083
7,4,0.5334351304018137,0.0917740691479354
7,4,0.4904574811154392,0.0917740691479354
7,4,0.6193904289745618,0.012597124657266257
7,4,0.6193904289745618,0.05218559690260083
7,4,0.5764127796881873,0.05218559690260083
7,4,0.6193904289745618,0.05218559690260083
7,4,0.5764127796881873,0.0917740691479354
7,4,0.5764127796881873,0.05218559690260083
7,4,0.5764127796881873,0.05218559690260083
7,4,0.5764127796881873,0.0917740691479354
7,4,0.5334351304018137,0.0917740691479354
7,4,0.6193904289745618,0.05218559690260083
7,4,0.6193904289745618,0.0917740691479354
7,4,0.5764127796881873,0.0917740691479354
7,4,0.4474798318290647,0.0917740691479354
7,4,0.4474798318290647,0.05218559690260083
7,4,0.4904574811154392,0.05218559690260083
7,4,0.4474798318290647,0.05218559690260083
7,4,0.4904574811154392,0.012597124657266257
7,4,0.4904574811154392,0.05218559690260083
7,4,0.4904574811154392,0.05218559690260083
7,4,0.4904574811154392,0.012597124657266257
7,4,0.5334351304018137,0.012597124657266257
7,4,0.4904574811154392,0.012597124657266257
7,5,0.5334351304018137,0.9730086524119317
7,4,0.5334351304018137,0.012597124657266257
7,4,0.5334351304018137,0.012597124657266257
7,5,0.5334351304018137,0.9730086524119317
7,5,0.5764127796881873,0.9730086524119317
7,5,0.5334351304018137,0.9730086524119317
7,5,0.5764127796881873,0.9334201801665962
7,5,0.5764127796881873,0.9730086524119317
7,5,0.5764127796881873,0.9730086524119317
7,5,0.5764127796881873,0.9334201801665962
7,5,0.6193904289745618,0.9334201801665962
7,4,0.4474798318290647,0.05218559690260083
7,4,0.4474798318290647,0.012597124657266257
7,4,0.4904574811154392,0.012597124657266257
7,4,0.4474798318290647,0.012597124657266257
7,5,0.4904574811154392,0.9730086524119317
7,4,0.4904574811154392,0.012597124657266257
7,4,0.4904574811154392,0.012597124657266257
7,5,0.4904574811154392,0.9730086524119317
7,5,0.5334351304018137,0.9730086524119317
7,5,0.4904574811154392,0.9730086524119317
7,5,0.5334351304018137,0.9334201801665962
7,5,0.5334351304018137,0.9730086524119317
7,5,0.5334351304018137,0.9730086524119317
7,5,0.5334351304018137,0.9334201801665962
7,5,0.5764127796881873,0.9334201801665962
7,4,0.4474798318290647,0.012597124657266257
7,5,0.4474798318290647,0.9730086524119317
7,5,0.4904574811154392,0.9730086524119317
7,5,0.4474798318290647,0.9730086524119317
7,5,0.4904574811154392,0.9334201801665962
7,5,0.4904574811154392,0.9730086524119317
7,5,0.4904574811154392,0.9730086524119317
7,5,0.4904574811154392,0.9334201801665962
7,5,0.5334351304018137,0.9334201801665962
7,5,0.4474798318290647,0.9730086524119317
7,5,0.4474798318290647,0.9334201801665962
7,5,0.4904574811154392,0.9334201801665962
7,5,0.009999999999999787,0.8700000000000001
6,5,0.9271731459619232,0.7845637878039193
6,5,0.9271731459619232,0.9554362121960809
7,5,0.09282685403807633,0.7845637878039193
7,5,0.09282685403807633,0.9554362121960809
7,4,0.008506624719502476,0.03710477153156244
6,4,0.9682651485116756,0.03710477153156244
6,5,0.9682651485116756,0.9943810562252846
6,4,0.9682651485116756,0.03710477153156244
6,5,0.9280236723038486,0.9943810562252846
6,5,0.9682651485116756,0.9943810562252846
6,5,0.9682651485116756,0.9943810562252846
6,5,0.9280236723038486,0.9943810562252846
6,5,0.9280236723038486,0.9516573409190068
6,5,0.9280236723038486,0.9943810562252846
6,5,0.8877821960960217,0.9516573409190068
6,5,0.9280236723038486,0.9516573409190068
6,5,0.9280236723038486,0.9516573409190068
6,5,0.8877821960960217,0.9516573409190068
6,5,0.8877821960960217,0.908933625612729
6,5,0.8877821960960217,0.9516573409190068
6,5,0.8475407198881948,0.908933625612729
6,5,0.8877821960960217,0.908933625612729
6,5,0.8877821960960217,0.908933625612729
6,5,0.8475407198881948,0.908933625612729
6,5,0.8475407198881948,0.8662099103064511
6,4,0.9682651485116756,0.03710477153156244
6,4,0.9280236723038486,0.03710477153156244
6,5,0.9280236723038486,0.9943810562252846
6,4,0.9280236723038486,0.03710477153156244
6,5,0.8877821960960217,0.9943810562252846
6,5,0.9280236723038486,0.9943810562252846
6,5,0.9280236723038486,0.9943810562252846
6,5,0.8877821960960217,0.9943810562252846
6,5,0.8877821960960217,0.9516573409190068
6,5,0.8877821960960217,0.9943810562252846
6,5,0.8475407198881948,0.9516573409190068
6,5,0.8877821960960217,0.9516573409190068
6,5,0.8877821960960217,0.9516573409190068
6,5,0.8475407198881948,0.9516573409190068
6,5,0.8475407198881948,0.908933625612729
6,4,0.9280236723038486,0.03710477153156244
6,4,0.8877821960960217,0.03710477153156244
6,5,0.8877821960960217,0.9943810562252846
6,4,0.8877821960960217,0.03710477153156244
6,5,0.8475407198881948,0.9943810562252846
6,5,0.8877821960960217,0.9943810562252846
6,5,0.8877821960960217,0.9943810562252846
6,5,0.8475407198881948,0.9943810562252846
6,5,0.8475407198881948,0.9516573409190068
6,4,0.8877821960960217,0.03710477153156244
6,4,0.8475407198881948,0.03710477153156244
6,5,0.8475407198881948,0.9943810562252846
6,5,0.8475407198881948,0.8662099103064511
6,5,0.8877821960960217,0.8662099103064511
6,5,0.8877821960960217,0.908933625612729
6,5,0.8877821960960217,0.8662099103064511
6,5,0.9280236723038486,0.908933625612729
6,5,0.8877821960960217,0.908933625612729
6,5,0.8877821960960217,0.908933625612729
6,5,0.9280236723038486,0.908933625612729
6,5,0.9280236723038486,0.9516573409190068
6,5,0.9280236723038486,0.908933625612729
6,5,0.9682651485116756,0.9516573409190068
6,5,0.9280236723038486,0.9516573409190068
6,5,0.9280236723038486,0.9516573409190068
6,5,0.9682651485116756,0.9516573409190068
6,5,0.9682651485116756,0.9943810562252846
6,5,0.9682651485116756,0.9516573409190068
7,5,0.008506624719502476,0.9943810562252846
6,5,0.9682651485116756,0.9943810562252846
6,5,0.9682651485116756,0.9943810562252846
7,5,0.008506624719502476,0.9943810562252846
7,4,0.008506624719502476,0.03710477153156244
6,5,0.8877821960960217,0.8662099103064511
6,5,0.9280236723038486,0.8662099103064511
6,5,0.9280236723038486,0.908933625612729
6,5,0.9280236723038486,0.8662099103064511
6,5,0.9682651485116756,0.908933625612729
6,5,0.9280236723038486,0.908933625612729
6,5,0.9280236723038486,0.908933625612729
6,5,0.9682651485116756,0.908933625612729
6,5,0.9682651485116756,0.9516573409190068
6,5,0.9682651485116756,0.908933625612729
7,5,0.008506624719502476,0.9516573409190068
6,5,0.9682651485116756,0.9516573409190068
6,5,0.9682651485116756,0.9516573409190068
7,5,0.008506624719502476,0.9516573409190068
7,5,0.008506624719502476,0.9943810562252846
6,5,0.9280236723038486,0.8662099103064511
6,5,0.9682651485116756,0.8662099103064511
6,5,0.9682651485116756,0.908933625612729
6,5,0.9682651485116756,0.8662099103064511
7,5,0.008506624719502476,0.908933625612729
6,5,0.9682651485116756,0.908933625612729
6,5,0.9682651485116756,0.908933625612729
7,5,0.008506624719502476,0.908933625612729
7,5,0.008506624719502476,0.9516573409190068
6,5,0.9682651485116756,0.8662099103064511
7,5,0.008506624719502476,0.8662099103064511
7,5,0.008506624719502476,0.908933625612729
7,5,0.008506624719502476,0.8662099103064511
6,5,0.9682651485116756,0.8662099103064511
6,5,0.9682651485116756,0.8234715935937116
6,5,0.9682651485116756,0.8662099103064511
6,5,0.9280236723038486,0.8234715935937116
6,5,0.9682651485116756,0.8234715935937116
6,5,0.9682651485116756,0.8234715935937116
6,5,0.9280236723038486,0.8234715935937116
6,5,0.9280236723038486,0.780733276880972
6,5,0.9280236723038486,0.8234715935937116
6,5,0.8877821960960217,0.780733276880972
6,5,0.9280236723038486,0.780733276880972
6,5,0.9280236723038486,0.780733276880972
6,5,0.8877821960960217,0.780733276880972
6,5,0.8877821960960217,0.7379949601682334
6,5,0.8877821960960217,0.780733276880972
6,5,0.8475407198881948,0.7379949601682334
6,5,0.8877821960960217,0.7379949601682334
6,5,0.8877821960960217,0.7379949601682334
6,5,0.8475407198881948,0.7379949601682334
6,5,0.8475407198881948,0.6952566434554939
6,5,0.9682651485116756,0.8662099103064511
6,5,0.9280236723038486,0.8662099103064511
6,5,0.9280236723038486,0.8234715935937116
6,5,0.9280236723038486,0.8662099103064511
6,5,0.8877821960960217,0.8234715935937116
6,5,0.9280236723038486,0.8234715935937116
6,5,0.9280236723038486,0.8234715935937116
6,5,0.8877821960960217,0.8234715935937116
6,5,0.8877821960960217,0.780733276880972
6,5,0.8877821960960217,0.8234715935937116
6,5,0.8475407198881948,0.780733276880972
6,5,0.8877821960960217,0.780733276880972
6,5,0.8877821960960217,0.780733276880972
6,5,0.8475407198881948,0.780733276880972
6,5,0.8475407198881948,0.7379949601682334
6,5,0.9280236723038486,0.8662099103064511
6,5,0.8877821960960217,0.8662099103064511
6,5,0.8877821960960217,0.8234715935937116
6,5,0.8877821960960217,0.8662099103064511
6,5,0.8475407198881948,0.8234715935937116
6,5,0.8877821960960217,0.8234715935937116
6,5,0.8877821960960217,0.8234715935937116
6,5,0.8475407198881948,0.8234715935937116
6,5,0.8475407198881948,0.780733276880972
6,5,0.8877821960960217,0.8662099103064511
6,5,0.8475407198881948,0.8662099103064511
6,5,0.8475407198881948,0.8234715935937116
6,5,0.8475407198881948,0.6952566434554939
6,5,0.8877821960960217,0.6952566434554939
6,5,0.8877821960960217,0.7379949601682334
6,5,0.8877821960960217,0.6952566434554939
6,5,0.9280236723038486,0.7379949601682334
6,5,0.8877821960960217,0.7379949601682334
6,5,0.8877821960960217,0.7379949601682334
6,5,0.9280236723038486,0.7379949601682334
6,5,0.9280236723038486,0.780733276880972
6,5,0.9280236723038486,0.7379949601682334
6,5,0.9682651485116756,0.780733276880972
6,5,0.9280236723038486,0.780733276880972
6,5,0.9280236723038486,0.780733276880972
6,5,0.9682651485116756,0.780733276880972
6,5,0.9682651485116756,0.8234715935937116
6,5,0.9682651485116756,0.780733276880972
7,5,0.008506624719502476,0.8234715935937116
6,5,0.9682651485116756,0.8234715935937116
6,5,0.9682651485116756,0.8234715935937116
7,5,0.008506624719502476,0.8234715935937116
7,5,0.008506624719502476,0.8662099103064511
6,5,0.8877821960960217,0.6952566434554939
6,5,0.9280236723038486,0.6952566434554939
6,5,0.9280236723038486,0.7379949601682334
6,5,0.9280236723038486,0.6952566434554939
6,5,0.9682651485116756,0.7379949601682334
6,5,0.9280236723038486,0.7379949601682334
6,5,0.9280236723038486,0.7379949601682334
6,5,0.9682651485116756,0.7379949601682334
6,5,0.9682651485116756,0.780733276880972
6,5,0.9682651485116756,0.7379949601682334
7,5,0.008506624719502476,0.780733276880972
6,5,0.9682651485116756,0.780733276880972
6,5,0.9682651485116756,0.780733276880972
7,5,0.008506624719502476,0.780733276880972
7,5,0.008506624719502476,0.8234715935937116
6,5,0.9280236723038486,0.6952566434554939
6,5,0.9682651485116756,0.6952566434554939
6,5,0.9682651485116756,0.7379949601682334
6,5,0.9682651485116756,0.6952566434554939
7,5,0.008506624719502476,0.7379949601682334
6,5,0.9682651485116756,0.7379949601682334
6,5,0.9682651485116756,0.7379949601682334
7,5,0.008506624719502476,0.7379949601682334
7,5,0.008506624719502476,0.780733276880972
6,5,0.9682651485116756,0.6952566434554939
7,5,0.008506624719502476,0.6952566434554939
7,5,0.008506624719502476,0.7379949601682334
7,4,0.008506624719502476,0.03710477153156244
7,5,0.008506624719502476,0.9943810562252846
7,5,0.0487773037402528,0.9943810562252846
7,5,0.008506624719502476,0.9943810562252846
7,5,0.0487773037402528,0.9516573409190068
7,5,0.0487773037402528,0.9943810562252846
7,5,0.0487773037402528,0.9943810562252846
7,5,0.0487773037402528,0.9516573409190068
7,5,0.08904798276100223,0.9516573409190068
7,5,0.0487773037402528,0.9516573409190068
7,5,0.08904798276100223,0.908933625612729
7,5,0.08904798276100223,0.9516573409190068
7,5,0.08904798276100223,0.9516573409190068
7,5,0.08904798276100223,0.908933625612729
7,5,0.12931866178175255,0.908933625612729
7,5,0.08904798276100223,0.908933625612729
7,5,0.12931866178175255,0.8662099103064511
7,5,0.12931866178175255,0.908933625612729
7,5,0.12931866178175255,0.908933625612729
7,5,0.12931866178175255,0.8662099103064511
7,5,0.169589340802502,0.8662099103064511
7,5,0.008506624719502476,0.9943810562252846
7,5,0.008506624719502476,0.9516573409190068
7,5,0.0487773037402528,0.9516573409190068
7,5,0.008506624719502476,0.9516573409190068
7,5,0.0487773037402528,0.908933625612729
7,5,0.0487773037402528,0.9516573409190068
7,5,0.0487773037402528,0.9516573409190068
7,5,0.0487773037402528,0.908933625612729
7,5,0.08904798276100223,0.908933625612729
7,5,0.0487773037402528,0.908933625612729
7,5,0.08904798276100223,0.8662099103064511
7,5,0.08904798276100223,0.908933625612729
7,5,0.08904798276100223,0.908933625612729
7,5,0.08904798276100223,0.8662099103064511
7,5,0.12931866178175255,0.8662099103064511
7,5,0.008506624719502476,0.9516573409190068
7,5,0.008506624719502476,0.908933625612729
7,5,0.0487773037402528,0.908933625612729
7,5,0.008506624719502476,0.908933625612729
7,5,0.0487773037402528,0.8662099103064511
7,5,0.0487773037402528,0.908933625612729
7,5,0.0487773037402528,0.908933625612729
7,5,0.0487773037402528,0.8662099103064511
7,5,0.08904798276100223,0.8662099103064511
7,5,0.008506624719502476,0.908933625612729
7,5,0.008506624719502476,0.8662099103064511
7,5,0.0487773037402528,0.8662099103064511
7,5,0.169589340802502,0.8662099103064511
7,5,0.169589340802502,0.908933625612729
7,5,0.12931866178175255,0.908933625612729
7,5,0.169589340802502,0.908933625612729
7,5,0.12931866178175255,0.9516573409190068
7,5,0.12931866178175255,0.908933625612729
7,5,0.12931866178175255,0.908933625612729
7,5,0.12931866178175255,0.9516573409190068
7,5,0.08904798276100223,0.9516573409190068
7,5,0.12931866178175255,0.9516573409190068
7,5,0.08904798276100223,0.9943810562252846
7,5,0.08904798276100223,0.9516573409190068
7,5,0.08904798276100223,0.9516573409190068
7,5,0.08904798276100223,0.9943810562252846
7,5,0.0487773037402528,0.9943810562252846
7,5,0.08904798276100223,0.9943810562252846
7,4,0.0487773037402528,0.03710477153156244
7,5,0.0487773037402528,0.9943810562252846
7,5,0.0487773037402528,0.9943810562252846
7,4,0.0487773037402528,0.03710477153156244
7,4,0.008506624719502476,0.03710477153156244
7,5,0.169589340802502,0.908933625612729
7,5,0.169589340802502,0.9516573409190068
7,5,0.12931866178175255,0.9516573409190068
7,5,0.169589340802502,0.9516573409190068
7,5,0.12931866178175255,0.9943810562252846
7,5,0.12931866178175255,0.9516573409190068
7,5,0.12931866178175255,0.9516573409190068
7,5,0.12931866178175255,0.9943810562252846
7,5,0.08904798276100223,0.9943810562252846
7,5,0.12931866178175255,0.9943810562252846
7,4,0.08904798276100223,0.03710477153156244
7,5,0.08904798276100223,0.9943810562252846
7,5,0.08904798276100223,0.9943810562252846
7,4,0.08904798276100223,0.03710477153156244
7,4,0.0487773037402528,0.03710477153156244
7,5,0.169589340802502,0.9516573409190068
7,5,0.169589340802502,0.9943810562252846
7,5,0.12931866178175255,0.9943810562252846
7,5,0.169589340802502,0.9943810562252846
7,4,0.12931866178175255,0.03710477153156244
7,5,0.12931866178175255,0.9943810562252846
7,5,0.12931866178175255,0.9943810562252846
7,4,0.12931866178175255,0.03710477153156244
7,4,0.08904798276100223,0.03710477153156244
7,5,0.169589340802502,0.9943810562252846
7,4,0.169589340802502,0.03710477153156244
7,4,0.12931866178175255,0.03710477153156244
7,5,0.008506624719502476,0.8662099103064511
7,5,0.008506624719502476,0.8234715935937116
7,5,0.0487773037402528,0.8234715935937116
7,5,0.008506624719502476,0.8234715935937116
7,5,0.0487773037402528,0.780733276880972
7,5,0.0487773037402528,0.8234715935937116
7,5,0.0487773037402528,0.8234715935937116
7,5,0.0487773037402528,0.780733276880972
7,5,0.08904798276100223,0.780733276880972
7,5,0.0487773037402528,0.780733276880972
7,5,0.08904798276100223,0.7379949601682334
7,5,0.08904798276100223,0.780733276880972
7,5,0.08904798276100223,0.780733276880972
7,5,0.08904798276100223,0.7379949601682334
7,5,0.12931866178175255,0.7379949601682334
7,5,0.08904798276100223,0.7379949601682334
7,5,0.12931866178175255,0.6952566434554939
7,5,0.12931866178175255,0.7379949601682334
7,5,0.12931866178175255,0.7379949601682334
7,5,0.12931866178175255,0.6952566434554939
7,5,0.169589340802502,0.6952566434554939
7,5,0.008506624719502476,0.8234715935937116
7,5,0.008506624719502476,0.780733276880972
7,5,0.0487773037402528,0.780733276880972
7,5,0.008506624719502476,0.780733276880972
7,5,0.0487773037402528,0.7379949601682334
7,5,0.0487773037402528,0.780733276880972
7,5,0.0487773037402528,0.780733276880972
7,5,0.0487773037402528,0.7379949601682334
7,5,0.08904798276100223,0.7379949601682334
7,5,0.0487773037402528,0.7379949601682334
7,5,0.08904798276100223,0.6952566434554939
7,5,0.08904798276100223,0.7379949601682334
7,5,0.08904798276100223,0.7379949601682334
7,5,0.08904798276100223,0.6952566434554939
7,5,0.12931866178175255,0.6952566434554939
7,5,0.008506624719502476,0.780733276880972
7,5,0.008506624719502476,0.7379949601682334
7,5,0.0487773037402528,0.7379949601682334
7,5,0.008506624719502476,0.7379949601682334
7,5,0.0487773037402528,0.6952566434554939
7,5,0.0487773037402528,0.7379949601682334
7,5,0.0487773037402528,0.7379949601682334
7,5,0.0487773037402528,0.6952566434554939
7,5,0.08904798276100223,0.6952566434554939
7,5,0.008506624719502476,0.7379949601682334
7,5,0.008506624719502476,0.6952566434554939
7,5,0.0487773037402528,0.6952566434554939
7,5,0.169589340802502,0.6952566434554939
7,5,0.169589340802502,0.7379949601682334
7,5,0.12931866178175255,0.7379949601682334
7,5,0.169589340802502,0.7379949601682334
7,5,0.12931866178175255,0.780733276880972
7,5,0.12931866178175255,0.7379949601682334
7,5,0.12931866178175255,0.7379949601682334
7,5,0.12931866178175255,0.780733276880972
7,5,0.08904798276100223,0.780733276880972
7,5,0.12931866178175255,0.780733276880972
7,5,0.08904798276100223,0.8234715935937116
7,5,0.08904798276100223,0.780733276880972
7,5,0.08904798276100223,0.780733276880972
7,5,0.08904798276100223,0.8234715935937116
7,5,0.0487773037402528,0.8234715935937116
7,5,0.08904798276100223,0.8234715935937116
7,5,0.0487773037402528,0.8662099103064511
7,5,0.0487773037402528,0.8234715935937116
7,5,0.0487773037402528,0.8234715935937116
7,5,0.0487773037402528,0.8662099103064511
7,5,0.008506624719502476,0.8662099103064511
7,5,0.169589340802502,0.7379949601682334
7,5,0.169589340802502,0.780733276880972
7,5,0.12931866178175255,0.780733276880972
7,5,0.169589340802502,0.780733276880972
7,5,0.12931866178175255,0.8234715935937116
7,5,0.12931866178175255,0.780733276880972
7,5,0.12931866178175255,0.780733276880972
7,5,0.12931866178175255,0.8234715935937116
7,5,0.08904798276100223,0.8234715935937116
7,5,0.12931866178175255,0.8234715935937116
7,5,0.08904798276100223,0.8662099103064511
7,5,0.08904798276100223,0.8234715935937116
7,5,0.08904798276100223,0.8234715935937116
7,5,0.08904798276100223,0.8662099103064511
7,5,0.0487773037402528,0.8662099103064511
7,5,0.169589340802502,0.780733276880972
7,5,0.169589340802502,0.8234715935937116
7,5,0.12931866178175255,0.8234715935937116
7,5,0.169589340802502,0.8234715935937116
7,5,0.12931866178175255,0.8662099103064511
7,5,0.12931866178175255,0.8234715935937116
7,5,0.12931866178175255,0.8234715935937116
7,5,0.12931866178175255,0.8662099103064511
7,5,0.08904798276100223,0.8662099103064511
7,5,0.169589340802502,0.8234715935937116
7,5,0.169589340802502,0.8662099103064511
7,5,0.12931866178175255,0.8662099103064511
7,5,0.9199999999999999,0.9399999999999995
7,5,0.780676909382696,0.8350332459202292
7,4,0.780676909382696,0.0449667540797698
8,5,0.059323090617304786,0.8350332459202292
8,4,0.059323090617304786,0.0449667540797698
8,5,0.14128566819183597,0.915885862072412
8,5,0.14128566819183597,0.9357966852522974
8,5,0.09047176032134452,0.9357966852522974
8,5,0.14128566819183597,0.9357966852522974
8,5,0.09047176032134452,0.9557075084321829
8,5,0.09047176032134452,0.9357966852522974
8,5,0.09047176032134452,0.9357966852522974
8,5,0.09047176032134452,0.9557075084321829
8,5,0.03965785245085307,0.9557075084321829
8,5,0.09047176032134452,0.9557075084321829
8,5,0.03965785245085307,0.9756183316120675
8,5,0.03965785245085307,0.9557075084321829
8,5,0.03965785245085307,0.9557075084321829
8,5,0.03965785245085307,0.9756183316120675
7,5,0.9888439445803625,0.9756183316120675
8,5,0.03965785245085307,0.9756183316120675
7,5,0.9888439445803625,0.9955291547919529
7,5,0.9888439445803625,0.9756183316120675
7,5,0.9888439445803625,0.9756183316120675
7,5,0.9888439445803625,0.9955291547919529
7,5,0.9380300367098711,0.9955291547919529
7,5,0.9888439445803625,0.9955291547919529
7,4,0.9380300367098711,0.015439977971838381
7,5,0.9380300367098711,0.9955291547919529
7,5,0.9380300367098711,0.9955291547919529
7,4,0.9380300367098711,0.015439977971838381
7,4,0.8872161288393796,0.015439977971838381
7,4,0.9380300367098711,0.015439977971838381
7,4,0.8872161288393796,0.03535080115172384
7,4,0.8872161288393796,0.015439977971838381
7,4,0.8872161288393796,0.015439977971838381
7,4,0.8872161288393796,0.03535080115172384
7,4,0.8364022209688882,0.03535080115172384
7,4,0.8872161288393796,0.03535080115172384
7,4,0.8364022209688882,0.05526162433160842
7,4,0.8364022209688882,0.03535080115172384
7,4,0.8364022209688882,0.03535080115172384
7,4,0.8364022209688882,0.05526162433160842
7,4,0.7855883130983967,0.05526162433160842
7,4,0.8364022209688882,0.05526162433160842
7,4,0.7855883130983967,0.07517244751149388
7,4,0.7855883130983967,0.05526162433160842
7,4,0.7855883130983967,0.05526162433160842
7,4,0.7855883130983967,0.07517244751149388
7,4,0.7347744052279053,0.07517244751149388
7,4,0.7855883130983967,0.07517244751149388
7,4,0.7347744052279053,0.09508327069137934
7,4,0.7347744052279053,0.07517244751149388
7,4,0.7347744052279053,0.07517244751149388
7,4,0.7347744052279053,0.09508327069137934
7,4,0.6839604973574138,0.09508327069137934
8,5,0.14128566819183597,0.9357966852522974
8,5,0.14128566819183597,0.9557075084321829
8,5,0.09047176032134452,0.9557075084321829
8,5,0.14128566819183597,0.9557075084321829
8,5,0.09047176032134452,0.9756183316120675
8,5,0.09047176032134452,0.9557075084321829
8,5,0.09047176032134452,0.9557075084321829
8,5,0.09047176032134452,0.9756183316120675
8,5,0.03965785245085307,0.9756183316120675
8,5,0.09047176032134452,0.9756183316120675
8,5,0.03965785245085307,0.9955291547919529
8,5,0.03965785245085307,0.9756183316120675
8,5,0.03965785245085307,0.9756183316120675
8,5,0.03965785245085307,0.9955291547919529
7,5,0.9888439445803625,0.9955291547919529
8,5,0.03965785245085307,0.9955291547919529
7,4,0.9888439445803625,0.015439977971838381
7,5,0.9888439445803625,0.9955291547919529
7,5,0.9888439445803625,0.9955291547919529
7,4,0.9888439445803625,0.015439977971838381
7,4,0.9380300367098711,0.015439977971838381
7,4,0.9888439445803625,0.015439977971838381
7,4,0.9380300367098711,0.03535080115172384
7,4,0.9380300367098711,0.015439977971838381
7,4,0.9380300367098711,0.015439977971838381
7,4,0.9380300367098711,0.03535080115172384
7,4,0.8872161288393796,0.03535080115172384
7,4,0.9380300367098711,0.03535080115172384
7,4,0.8872161288393796,0.05526162433160842
7,4,0.8872161288393796,0.03535080115172384
7,4,0.8872161288393796,0.03535080115172384
7,4,0.8872161288393796,0.05526162433160842
7,4,0.8364022209688882,0.05526162433160842
7,4,0.8872161288393796,0.05526162433160842
7,4,0.8364022209688882,0.07517244751149388
7,4,0.8364022209688882,0.05526162433160842
7,4,0.8364022209688882,0.05526162433160842
7,4,0.8364022209688882,0.07517244751149388
7,4,0.7855883130983967,0.07517244751149388
7,4,0.8364022209688882,0.07517244751149388
7,4,0.7855883130983967,0.09508327069137934
7,4,0.7855883130983967,0.07517244751149388
7,4,0.7855883130983967,0.07517244751149388
7,4,0.7855883130983967,0.09508327069137934
7,4,0.7347744052279053,0.09508327069137934
8,5,0.14128566819183597,0.9557075084321829
8,5,0.14128566819183597,0.9756183316120675
8,5,0.09047176032134452,0.9756183316120675
8,5,0.14128566819183597,0.9756183316120675
8,5,0.09047176032134452,0.9955291547919529
8,5,0.09047176032134452,0.9756183316120675
8,5,0.09047176032134452,0.9756183316120675
8,5,0.09047176032134452,0.9955291547919529
8,5,0.03965785245085307,0.9955291547919529
8,5,0.09047176032134452,0.9955291547919529
8,4,0.03965785245085307,0.015439977971838381
8,5,0.03965785245085307,0.9955291547919529
8,5,0.03965785245085307,0.9955291547919529
8,4,0.03965785245085307,0.015439977971838381
7,4,0.9888439445803625,0.015439977971838381
8,4,0.03965785245085307,0.015439977971838381
7,4,0.9888439445803625,0.03535080115172384
7,4,0.9888439445803625,0.015439977971838381
7,4,0.9888439445803625,0.015439977971838381
7,4,0.9888439445803625,0.03535080115172384
7,4,0.9380300367098711,0.03535080115172384
7,4,0.9888439445803625,0.03535080115172384
7,4,0.9380300367098711,0.05526162433160842
7,4,0.9380300367098711,0.03535080115172384
7,4,0.9380300367098711,0.03535080115172384
7,4,0.9380300367098711,0.05526162433160842
7,4,0.8872161288393796,0.05526162433160842
7,4,0.9380300367098711,0.05526162433160842
7,4,0.8872161288393796,0.07517244751149388
7,4,0.8872161288393796,0.05526162433160842
7,4,0.8872161288393796,0.05526162433160842
7,4,0.8872161288393796,0.07517244751149388
7,4,0.8364022209688882,0.07517244751149388
7,4,0.8872161288393796,0.07517244751149388
7,4,0.8364022209688882,0.09508327069137934
7,4,0.8364022209688882,0.07517244751149388
7,4,0.8364022209688882,0.07517244751149388
7,4,0.8364022209688882,0.09508327069137934
7,4,0.7855883130983967,0.09508327069137934
8,5,0.14128566819183597,0.9756183316120675
8,5,0.14128566819183597,0.9955291547919529
8,5,0.09047176032134452,0.9955291547919529
8,5,0.14128566819183597,0.9955291547919529
8,4,0.09047176032134452,0.015439977971838381
8,5,0.09047176032134452,0.9955291547919529
8,5,0.09047176032134452,0.9955291547919529
8,4,0.09047176032134452,0.015439977971838381
8,4,0.03965785245085307,0.015439977971838381
8,4,0.09047176032134452,0.015439977971838381
8,4,0.03965785245085307,0.03535080115172384
8,4,0.03965785245085307,0.015439977971838381
8,4,0.03965785245085307,0.015439977971838381
8,4,0.03965785245085307,0.03535080115172384
7,4,0.9888439445803625,0.03535080115172384
8,4,0.03965785245085307,0.03535080115172384
7,4,0.9888439445803625,0.05526162433160842
7,4,0.9888439445803625,0.03535080115172384
7,4,0.9888439445803625,0.03535080115172384
7,4,0.9888439445803625,0.05526162433160842
7,4,0.9380300367098711,0.05526162433160842
7,4,0.9888439445803625,0.05526162433160842
7,4,0.9380300367098711,0.07517244751149388
7,4,0.9380300367098711,0.05526162433160842
7,4,0.9380300367098711,0.05526162433160842
7,4,0.9380300367098711,0.07517244751149388
7,4,0.8872161288393796,0.07517244751149388
7,4,0.9380300367098711,0.07517244751149388
7,4,0.8872161288393796,0.09508327069137934
7,4,0.8872161288393796,0.07517244751149388
7,4,0.8872161288393796,0.07517244751149388
7,4,0.8872161288393796,0.09508327069137934
7,4,0.8364022209688882,0.09508327069137934
8,5,0.14128566819183597,0.9955291547919529
8,4,0.14128566819183597,0.015439977971838381
8,4,0.09047176032134452,0.015439977971838381
8,4,0.14128566819183597,0.015439977971838381
8,4,0.09047176032134452,0.03535080115172384
8,4,0.09047176032134452,0.015439977971838381
8,4,0.09047176032134452,0.015439977971838381
8,4,0.09047176032134452,0.03535080115172384
8,4,0.03965785245085307,0.03535080115172384
8,4,0.09047176032134452,0.03535080115172384
8,4,0.03965785245085307,0.05526162433160842
8,4,0.03965785245085307,0.03535080115172384
8,4,0.03965785245085307,0.03535080115172384
8,4,0.03965785245085307,0.05526162433160842
7,4,0.9888439445803625,0.05526162433160842
8,4,0.03965785245085307,0.05526162433160842
7,4,0.9888439445803625,0.07517244751149388
7,4,0.9888439445803625,0.05526162433160842
7,4,0.9888439445803625,0.05526162433160842
7,4,0.9888439445803625,0.07517244751149388
7,4,0.9380300367098711,0.07517244751149388
7,4,0.9888439445803625,0.07517244751149388
7,4,0.9380300367098711,0.09508327069137934
7,4,0.9380300367098711,0.07517244751149388
7,4,0.9380300367098711,0.07517244751149388
7,4,0.9380300367098711,0.09508327069137934
7,4,0.8872161288393796,0.09508327069137934
8,4,0.14128566819183597,0.015439977971838381
8,4,0.14128566819183597,0.03535080115172384
8,4,0.09047176032134452,0.03535080115172384
8,4,0.14128566819183597,0.03535080115172384
8,4,0.09047176032134452,0.05526162433160842
8,4,0.09047176032134452,0.03535080115172384
8,4,0.09047176032134452,0.03535080115172384
8,4,0.09047176032134452,0.05526162433160842
8,4,0.03965785245085307,0.05526162433160842
8,4,0.09047176032134452,0.05526162433160842
8,4,0.03965785245085307,0.07517244751149388
8,4,0.03965785245085307,0.05526162433160842
8,4,0.03965785245085307,0.05526162433160842
8,4,0.03965785245085307,0.07517244751149388
7,4,0.9888439445803625,0.07517244751149388
8,4,0.03965785245085307,0.07517244751149388
7,4,0.9888439445803625,0.09508327069137934
7,4,0.9888439445803625,0.07517244751149388
7,4,0.9888439445803625,0.07517244751149388
7,4,0.9888439445803625,0.09508327069137934
7,4,0.9380300367098711,0.09508327069137934
8,4,0.14128566819183597,0.03535080115172384
8,4,0.14128566819183597,0.05526162433160842
8,4,0.09047176032134452,0.05526162433160842
8,4,0.14128566819183597,0.05526162433160842
8,4,0.09047176032134452,0.07517244751149388
8,4,0.09047176032134452,0.05526162433160842
8,4,0.09047176032134452,0.05526162433160842
8,4,0.09047176032134452,0.07517244751149388
8,4,0.03965785245085307,0.07517244751149388
8,4,0.09047176032134452,0.07517244751149388
8,4,0.03965785245085307,0.09508327069137934
8,4,0.03965785245085307,0.07517244751149388
8,4,0.03965785245085307,0.07517244751149388
8,4,0.03965785245085307,0.09508327069137934
7,4,0.9888439445803625,0.09508327069137934
8,4,0.14128566819183597,0.05526162433160842
8,4,0.14128566819183597,0.07517244751149388
8,4,0.09047176032134452,0.07517244751149388
8,4,0.14128566819183597,0.07517244751149388
8,4,0.09047176032134452,0.09508327069137934
8,4,0.09047176032134452,0.07517244751149388
8,4,0.09047176032134452,0.07517244751149388
8,4,0.09047176032134452,0.09508327069137934
8,4,0.03965785245085307,0.09508327069137934
8,4,0.14128566819183597,0.07517244751149388
8,4,0.14128566819183597,0.09508327069137934
8,4,0.09047176032134452,0.09508327069137934
7,4,0.6839604973574138,0.09508327069137934
7,4,0.6839604973574138,0.07517244751149388
7,4,0.7347744052279053,0.07517244751149388
7,4,0.6839604973574138,0.07517244751149388
7,4,0.7347744052279053,0.05526162433160842
7,4,0.7347744052279053,0.07517244751149388
7,4,0.7347744052279053,0.07517244751149388
7,4,0.7347744052279053,0.05526162433160842
7,4,0.7855883130983967,0.05526162433160842
7,4,0.7347744052279053,0.05526162433160842
7,4,0.7855883130983967,0.03535080115172384
7,4,0.7855883130983967,0.05526162433160842
7,4,0.7855883130983967,0.05526162433160842
7,4,0.7855883130983967,0.03535080115172384
7,4,0.8364022209688882,0.03535080115172384
7,4,0.7855883130983967,0.03535080115172384
7,4,0.8364022209688882,0.015439977971838381
7,4,0.8364022209688882,0.03535080115172384
7,4,0.8364022209688882,0.03535080115172384
7,4,0.8364022209688882,0.015439977971838381
7,4,0.8872161288393796,0.015439977971838381
7,4,0.8364022209688882,0.015439977971838381
7,5,0.8872161288393796,0.9955291547919529
7,4,0.8872161288393796,0.015439977971838381
7,4,0.8872161288393796,0.015439977971838381
7,5,0.8872161288393796,0.9955291547919529
7,5,0.9380300367098711,0.9955291547919529
7,5,0.8872161288393796,0.9955291547919529
7,5,0.9380300367098711,0.9756183316120675
7,5,0.9380300367098711,0.9955291547919529
7,5,0.9380300367098711,0.9955291547919529
7,5,0.9380300367098711,0.9756183316120675
7,5,0.9888439445803625,0.9756183316120675
7,5,0.9380300367098711,0.9756183316120675
7,5,0.9888439445803625,0.9557075084321829
7,5,0.9888439445803625,0.9756183316120675
7,5,0.9888439445803625,0.9756183316120675
7,5,0.9888439445803625,0.9557075084321829
8,5,0.03965785245085307,0.9557075084321829
7,5,0.9888439445803625,0.9557075084321829
8,5,0.03965785245085307,0.9357966852522974
8,5,0.03965785245085307,0.9557075084321829
8,5,0.03965785245085307,0.9557075084321829
8,5,0.03965785245085307,0.9357966852522974
8,5,0.09047176032134452,0.9357966852522974
8,5,0.03965785245085307,0.9357966852522974
8,5,0.09047176032134452,0.915885862072412
8,5,0.09047176032134452,0.9357966852522974
8,5,0.09047176032134452,0.9357966852522974
8,5,0.09047176032134452,0.915885862072412
8,5,0.14128566819183597,0.915885862072412
7,4,0.6839604973574138,0.07517244751149388
7,4,0.6839604973574138,0.05526162433160842
7,4,0.7347744052279053,0.05526162433160842
7,4,0.6839604973574138,0.05526162433160842
7,4,0.7347744052279053,0.03535080115172384
7,4,0.7347744052279053,0.05526162433160842
7,4,0.7347744052279053,0.05526162433160842
7,4,0.7347744052279053,0.03535080115172384
7,4,0.7855883130983967,0.03535080115172384
7,4,0.7347744052279053,0.03535080115172384
7,4,0.7855883130983967,0.015439977971838381
7,4,0.7855883130983967,0.03535080115172384
7,4,0.7855883130983967,0.03535080115172384
7,4,0.7855883130983967,0.015439977971838381
7,4,0.8364022209688882,0.015439977971838381
7,4,0.7855883130983967,0.015439977971838381
7,5,0.8364022209688882,0.9955291547919529
7,4,0.8364022209688882,0.015439977971838381
7,4,0.8364022209688882,0.015439977971838381
7,5,0.8364022209688882,0.9955291547919529
7,5,0.8872161288393796,0.9955291547919529
7,5,0.8364022209688882,0.9955291547919529
7,5,0.8872161288393796,0.9756183316120675
7,5,0.8872161288393796,0.9955291547919529
7,5,0.8872161288393796,0.9955291547919529
7,5,0.8872161288393796,0.9756183316120675
7,5,0.9380300367098711,0.9756183316120675
7,5,0.8872161288393796,0.9756183316120675
7,5,0.9380300367098711,0.9557075084321829
7,5,0.9380300367098711,0.9756183316120675
7,5,0.9380300367098711,0.9756183316120675
7,5,0.9380300367098711,0.9557075084321829
7,5,0.9888439445803625,0.9557075084321829
7,5,0.9380300367098711,0.9557075084321829
7,5,0.9888439445803625,0.9357966852522974
7,5,0.9888439445803625,0.9557075084321829
7,5,0.9888439445803625,0.9557075084321829
7,5,0.9888439445803625,0.9357966852522974
8,5,0.03965785245085307,0.9357966852522974
7,5,0.9888439445803625,0.9357966852522974
8,5,0.03965785245085307,0.915885862072412
8,5,0.03965785245085307,0.9357966852522974
8,5,0.03965785245085307,0.9357966852522974
8,5,0.03965785245085307,0.915885862072412
8,5,0.09047176032134452,0.915885862072412
7,4,0.6839604973574138,0.05526162433160842
7,4,0.6839604973574138,0.03535080115172384
7,4,0.7347744052279053,0.03535080115172384
7,4,0.6839604973574138,0.03535080115172384
7,4,0.7347744052279053,0.015439977971838381
7,4,0.7347744052279053,0.03535080115172384
7,4,0.7347744052279053,0.03535080115172384
7,4,0.7347744052279053,0.015439977971838381
7,4,0.7855883130983967,0.015439977971838381
7,4,0.7347744052279053,0.015439977971838381
7,5,0.7855883130983967,0.9955291547919529
7,4,0.7855883130983967,0.015439977971838381
7,4,0.7855883130983967,0.015439977971838381
7,5,0.7855883130983967,0.9955291547919529
7,5,0.8364022209688882,0.9955291547919529
7,5,0.7855883130983967,0.9955291547919529
7,5,0.8364022209688882,0.9756183316120675
7,5,0.8364022209688882,0.9955291547919529
7,5,0.8364022209688882,0.9955291547919529
7,5,0.8364022209688882,0.9756183316120675
7,5,0.8872161288393796,0.9756183316120675
7,5,0.8364022209688882,0.9756183316120675
7,5,0.8872161288393796,0.9557075084321829
7,5,0.8872161288393796,0.9756183316120675
7,5,0.8872161288393796,0.9756183316120675
7,5,0.8872161288393796,0.9557075084321829
7,5,0.9380300367098711,0.9557075084321829
7,5,0.8872161288393796,0.9557075084321829
7,5,0.9380300367098711,0.9357966852522974
7,5,0.9380300367098711,0.9557075084321829
7,5,0.9380300367098711,0.9557075084321829
7,5,0.9380300367098711,0.9357966852522974
7,5,0.9888439445803625,0.9357966852522974
7,5,0.9380300367098711,0.9357966852522974
7,5,0.9888439445803625,0.915885862072412
7,5,0.9888439445803625,0.9357966852522974
7,5,0.9888439445803625,0.9357966852522974
7,5,0.9888439445803625,0.915885862072412
8,5,0.03965785245085307,0.915885862072412
7,4,0.6839604973574138,0.03535080115172384
7,4,0.6839604973574138,0.015439977971838381
7,4,0.7347744052279053,0.015439977971838381
7,4,0.6839604973574138,0.015439977971838381
7,5,0.7347744052279053,0.9955291547919529
7,4,0.7347744052279053,0.015439977971838381
7,4,0.7347744052279053,0.015439977971838381
7,5,0.7347744052279053,0.9955291547919529
7,5,0.7855883130983967,0.9955291547919529
7,5,0.7347744052279053,0.9955291547919529
7,5,0.7855883130983967,0.9756183316120675
7,5,0.7855883130983967,0.9955291547919529
7,5,0.7855883130983967,0.9955291547919529
7,5,0.7855883130983967,0.9756183316120675
7,5,0.8364022209688882,0.9756183316120675
7,5,0.7855883130983967,0.9756183316120675
7,5,0.8364022209688882,0.9557075084321829
7,5,0.8364022209688882,0.9756183316120675
7,5,0.8364022209688882,0.9756183316120675
7,5,0.8364022209688882,0.9557075084321829
7,5,0.8872161288393796,0.9557075084321829
7,5,0.8364022209688882,0.9557075084321829
7,5,0.8872161288393796,0.9357966852522974
7,5,0.8872161288393796,0.9557075084321829
7,5,0.8872161288393796,0.9557075084321829
7,5,0.8872161288393796,0.9357966852522974
7,5,0.9380300367098711,0.9357966852522974
7,5,0.8872161288393796,0.9357966852522974
7,5,0.9380300367098711,0.915885862072412
7,5,0.9380300367098711,0.9357966852522974
7,5,0.9380300367098711,0.9357966852522974
7,5,0.9380300367098711,0.915885862072412
7,5,0.9888439445803625,0.915885862072412
7,4,0.6839604973574138,0.015439977971838381
7,5,0.6839604973574138,0.9955291547919529
7,5,0.7347744052279053,0.9955291547919529
7,5,0.6839604973574138,0.9955291547919529
7,5,0.7347744052279053,0.9756183316120675
7,5,0.7347744052279053,0.9955291547919529
7,5,0.7347744052279053,0.9955291547919529
7,5,0.7347744052279053,0.9756183316120675
7,5,0.7855883130983967,0.9756183316120675
7,5,0.7347744052279053,0.9756183316120675
7,5,0.7855883130983967,0.9557075084321829
7,5,0.7855883130983967,0.9756183316120675
7,5,0.7855883130983967,0.9756183316120675
7,5,0.7855883130983967,0.9557075084321829
7,5,0.8364022209688882,0.9557075084321829
7,5,0.7855883130983967,0.9557075084321829
7,5,0.8364022209688882,0.9357966852522974
7,5,0.8364022209688882,0.9557075084321829
7,5,0.8364022209688882,0.9557075084321829
7,5,0.8364022209688882,0.9357966852522974
7,5,0.8872161288393796,0.9357966852522974
7,5,0.8364022209688882,0.9357966852522974
7,5,0.8872161288393796,0.915885862072412
7,5,0.8872161288393796,0.9357966852522974
7,5,0.8872161288393796,0.9357966852522974
7,5,0.8872161288393796,0.915885862072412
7,5,0.9380300367098711,0.915885862072412
7,5,0.6839604973574138,0.9955291547919529
7,5,0.6839604973574138,0.9756183316120675
7,5,0.7347744052279053,0.9756183316120675
7,5,0.6839604973574138,0.9756183316120675
7,5,0.7347744052279053,0.9557075084321829
7,5,0.7347744052279053,0.9756183316120675
7,5,0.7347744052279053,0.9756183316120675
7,5,0.7347744052279053,0.9557075084321829
7,5,0.7855883130983967,0.9557075084321829
7,5,0.7347744052279053,0.9557075084321829
7,5,0.7855883130983967,0.9357966852522974
7,5,0.7855883130983967,0.9557075084321829
7,5,0.7855883130983967,0.9557075084321829
7,5,0.7855883130983967,0.9357966852522974
7,5,0.8364022209688882,0.9357966852522974
7,5,0.7855883130983967,0.9357966852522974
7,5,0.8364022209688882,0.915885862072412
7,5,0.8364022209688882,0.9357966852522974
7,5,0.8364022209688882,0.9357966852522974
7,5,0.8364022209688882,0.915885862072412
7,5,0.8872161288393796,0.915885862072412
7,5,0.6839604973574138,0.9756183316120675
7,5,0.6839604973574138,0.9557075084321829
7,5,0.7347744052279053,0.9557075084321829
7,5,0.6839604973574138,0.9557075084321829
7,5,0.7347744052279053,0.9357966852522974
7,5,0.7347744052279053,0.9557075084321829
7,5,0.7347744052279053,0.9557075084321829
7,5,0.7347744052279053,0.9357966852522974
7,5,0.7855883130983967,0.9357966852522974
7,5,0.7347744052279053,0.9357966852522974
7,5,0.7855883130983967,0.915885862072412
7,5,0.7855883130983967,0.9357966852522974
7,5,0.7855883130983967,0.9357966852522974
7,5,0.7855883130983967,0.915885862072412
7,5,0.8364022209688882,0.915885862072412
7,5,0.6839604973574138,0.9557075084321829
7,5,0.6839604973574138,0.9357966852522974
7,5,0.7347744052279053,0.9357966852522974
7,5,0.6839604973574138,0.9357966852522974
7,5,0.7347744052279053,0.915885862072412
7,5,0.7347744052279053,0.9357966852522974
7,5,0.7347744052279053,0.9357966852522974
7,5,0.7347744052279053,0.915885862072412
7,5,0.7855883130983967,0.915885862072412
7,5,0.6839604973574138,0.9357966852522974
7,5,0.6839604973574138,0.915885862072412
7,5,0.7347744052279053,0.915885862072412
8,5,0.14128566819183597,0.915885862072412
8,5,0.09047176032134452,0.915885862072412
8,5,0.09047176032134452,0.8959833006448834
8,5,0.09047176032134452,0.915885862072412
8,5,0.03965785245085307,0.8959833006448834
8,5,0.09047176032134452,0.8959833006448834
8,5,0.09047176032134452,0.8959833006448834
8,5,0.03965785245085307,0.8959833006448834
8,5,0.03965785245085307,0.8760807392173549
8,5,0.03965785245085307,0.8959833006448834
7,5,0.9888439445803625,0.8760807392173549
8,5,0.03965785245085307,0.8760807392173549
8,5,0.03965785245085307,0.8760807392173549
7,5,0.9888439445803625,0.8760807392173549
7,5,0.9888439445803625,0.8561781777898272
7,5,0.9888439445803625,0.8760807392173549
7,5,0.9380300367098711,0.8561781777898272
7,5,0.9888439445803625,0.8561781777898272
7,5,0.9888439445803625,0.8561781777898272
7,5,0.9380300367098711,0.8561781777898272
7,5,0.9380300367098711,0.8362756163622986
7,5,0.9380300367098711,0.8561781777898272
7,5,0.8872161288393796,0.8362756163622986
7,5,0.9380300367098711,0.8362756163622986
7,5,0.9380300367098711,0.8362756163622986
7,5,0.8872161288393796,0.8362756163622986
7,5,0.8872161288393796,0.8163730549347701
7,5,0.8872161288393796,0.8362756163622986
7,5,0.8364022209688882,0.8163730549347701
7,5,0.8872161288393796,0.8163730549347701
7,5,0.8872161288393796,0.8163730549347701
7,5,0.8364022209688882,0.8163730549347701
7,5,0.8364022209688882,0.7964704935072415
7,5,0.8364022209688882,0.8163730549347701
7,5,0.7855883130983967,0.7964704935072415
7,5,0.8364022209688882,0.7964704935072415
7,5,0.8364022209688882,0.7964704935072415
7,5,0.7855883130983967,0.7964704935072415
7,5,0.7855883130983967,0.776567932079713
7,5,0.7855883130983967,0.7964704935072415
7,5,0.7347744052279053,0.776567932079713
7,5,0.7855883130983967,0.776567932079713
7,5,0.7855883130983967,0.776567932079713
7,5,0.7347744052279053,0.776567932079713
7,5,0.7347744052279053,0.7566653706521844
7,5,0.7347744052279053,0.776567932079713
7,5,0.6839604973574138,0.7566653706521844
7,5,0.7347744052279053,0.7566653706521844
7,5,0.7347744052279053,0.7566653706521844
7,5,0.6839604973574138,0.7566653706521844
7,5,0.6839604973574138,0.7367628092246559
8,5,0.09047176032134452,0.915885862072412
8,5,0.03965785245085307,0.915885862072412
8,5,0.03965785245085307,0.8959833006448834
8,5,0.03965785245085307,0.915885862072412
7,5,0.9888439445803625,0.8959833006448834
8,5,0.03965785245085307,0.8959833006448834
8,5,0.03965785245085307,0.8959833006448834
7,5,0.9888439445803625,0.8959833006448834
7,5,0.9888439445803625,0.8760807392173549
7,5,0.9888439445803625,0.8959833006448834
7,5,0.9380300367098711,0.8760807392173549
7,5,0.9888439445803625,0.8760807392173549
7,5,0.9888439445803625,0.8760807392173549
7,5,0.9380300367098711,0.8760807392173549
7,5,0.9380300367098711,0.8561781777898272
7,5,0.9380300367098711,0.8760807392173549
7,5,0.8872161288393796,0.8561781777898272
7,5,0.9380300367098711,0.8561781777898272
7,5,0.9380300367098711,0.8561781777898272
7,5,0.8872161288393796,0.8561781777898272
7,5,0.8872161288393796,0.8362756163622986
7,5,0.8872161288393796,0.8561781777898272
7,5,0.8364022209688882,0.8362756163622986
7,5,0.8872161288393796,0.8362756163622986
7,5,0.8872161288393796,0.8362756163622986
7,5,0.8364022209688882,0.8362756163622986
7,5,0.8364022209688882,0.8163730549347701
7,5,0.8364022209688882,0.8362756163622986
7,5,0.7855883130983967,0.8163730549347701
7,5,0.8364022209688882,0.8163730549347701
7,5,0.8364022209688882,0.8163730549347701
7,5,0.7855883130983967,0.8163730549347701
7,5,0.7855883130983967,0.7964704935072415
7,5,0.7855883130983967,0.8163730549347701
7,5,0.7347744052279053,0.7964704935072415
7,5,0.7855883130983967,0.7964704935072415
7,5,0.7855883130983967,0.7964704935072415
7,5,0.7347744052279053,0.7964704935072415
7,5,0.7347744052279053,0.776567932079713
7,5,0.7347744052279053,0.7964704935072415
7,5,0.6839604973574138,0.776567932079713
7,5,0.7347744052279053,0.776567932079713
7,5,0.7347744052279053,0.776567932079713
7,5,0.6839604973574138,0.776567932079713
7,5,0.6839604973574138,0.7566653706521844
8,5,0.03965785245085307,0.915885862072412
7,5,0.9888439445803625,0.915885862072412
7,5,0.9888439445803625,0.8959833006448834
7,5,0.9888439445803625,0.915885862072412
7,5,0.9380300367098711,0.8959833006448834
7,5,0.9888439445803625,0.8959833006448834
7,5,0.9888439445803625,0.8959833006448834
7,5,0.9380300367098711,0.8959833006448834
7,5,0.9380300367098711,0.8760807392173549
7,5,0.9380300367098711,0.8959833006448834
7,5,0.8872161288393796,0.8760807392173549
7,5,0.9380300367098711,0.8760807392173549
7,5,0.9380300367098711,0.8760807392173549
7,5,0.8872161288393796,0.8760807392173549
7,5,0.8872161288393796,0.8561781777898272
7,5,0.8872161288393796,0.8760807392173549
7,5,0.8364022209688882,0.8561781777898272
7,5,0.8872161288393796,0.8561781777898272
7,5,0.8872161288393796,0.8561781777898272
7,5,0.8364022209688882,0.8561781777898272
7,5,0.8364022209688882,0.8362756163622986
7,5,0.8364022209688882,0.8561781777898272
7,5,0.7855883130983967,0.8362756163622986
7,5,0.8364022209688882,0.8362756163622986
7,5,0.8364022209688882,0.8362756163622986
7,5,0.7855883130983967,0.8362756163622986
7,5,0.7855883130983967,0.8163730549347701
7,5,0.7855883130983967,0.8362756163622986
7,5,0.7347744052279053,0.8163730549347701
7,5,0.7855883130983967,0.8163730549347701
7,5,0.7855883130983967,0.8163730549347701
7,5,0.7347744052279053,0.8163730549347701
7,5,0.7347744052279053,0.7964704935072415
7,5,0.7347744052279053,0.8163730549347701
7,5,0.6839604973574138,0.7964704935072415
7,5,0.7347744052279053,0.7964704935072415
7,5,0.7347744052279053,0.7964704935072415
7,5,0.6839604973574138,0.7964704935072415
7,5,0.6839604973574138,0.776567932079713
7,5,0.9888439445803625,0.915885862072412
7,5,0.9380300367098711,0.915885862072412
7,5,0.9380300367098711,0.8959833006448834
7,5,0.9380300367098711,0.915885862072412
7,5,0.8872161288393796,0.8959833006448834
7,5,0.9380300367098711,0.8959833006448834
7,5,0.9380300367098711,0.8959833006448834
7,5,0.8872161288393796,0.8959833006448834
7,5,0.8872161288393796,0.8760807392173549
7,5,0.8872161288393796,0.8959833006448834
7,5,0.8364022209688882,0.8760807392173549
7,5,0.8872161288393796,0.8760807392173549
7,5,0.8872161288393796,0.8760807392173549
7,5,0.8364022209688882,0.8760807392173549
7,5,0.8364022209688882,0.8561781777898272
7,5,0.8364022209688882,0.8760807392173549
7,5,0.7855883130983967,0.8561781777898272
7,5,0.8364022209688882,0.8561781777898272
7,5,0.8364022209688882,0.8561781777898272
7,5,0.7855883130983967,0.8561781777898272
7,5,0.7855883130983967,0.8362756163622986
7,5,0.7855883130983967,0.8561781777898272
7,5,0.7347744052279053,0.8362756163622986
7,5,0.7855883130983967,0.8362756163622986
7,5,0.7855883130983967,0.8362756163622986
7,5,0.7347744052279053,0.8362756163622986
7,5,0.7347744052279053,0.8163730549347701
7,5,0.7347744052279053,0.8362756163622986
7,5,0.6839604973574138,0.8163730549347701
7,5,0.7347744052279053,0.8163730549347701
7,5,0.7347744052279053,0.8163730549347701
7,5,0.6839604973574138,0.8163730549347701
7,5,0.6839604973574138,0.7964704935072415
7,5,0.9380300367098711,0.915885862072412
7,5,0.8872161288393796,0.915885862072412
7,5,0.8872161288393796,0.8959833006448834
7,5,0.8872161288393796,0.915885862072412
7,5,0.8364022209688882,0.8959833006448834
7,5,0.8872161288393796,0.8959833006448834
7,5,0.8872161288393796,0.8959833006448834
7,5,0.8364022209688882,0.8959833006448834
7,5,0.8364022209688882,0.8760807392173549
7,5,0.8364022209688882,0.8959833006448834
7,5,0.7855883130983967,0.8760807392173549
7,5,0.8364022209688882,0.8760807392173549
7,5,0.8364022209688882,0.8760807392173549
7,5,0.7855883130983967,0.8760807392173549
7,5,0.7855883130983967,0.8561781777898272
7,5,0.7855883130983967,0.8760807392173549
7,5,0.7347744052279053,0.8561781777898272
7,5,0.7855883130983967,0.8561781777898272
7,5,0.7855883130983967,0.8561781777898272
7,5,0.7347744052279053,0.8561781777898272
7,5,0.7347744052279053,0.8362756163622986
7,5,0.7347744052279053,0.8561781777898272
7,5,0.6839604973574138,0.8362756163622986
7,5,0.7347744052279053,0.8362756163622986
7,5,0.7347744052279053,0.8362756163622986
7,5,0.6839604973574138,0.8362756163622986
7,5,0.6839604973574138,0.8163730549347701
7,5,0.8872161288393796,0.915885862072412
7,5,0.8364022209688882,0.915885862072412
7,5,0.8364022209688882,0.8959833006448834
7,5,0.8364022209688882,0.915885862072412
7,5,0.7855883130983967,0.8959833006448834
7,5,0.8364022209688882,0.8959833006448834
7,5,0.8364022209688882,0.8959833006448834
7,5,0.7855883130983967,0.8959833006448834
7,5,0.7855883130983967,0.8760807392173549
7,5,0.7855883130983967,0.8959833006448834
7,5,0.7347744052279053,0.8760807392173549
7,5,0.7855883130983967,0.8760807392173549
7,5,0.7855883130983967,0.8760807392173549
7,5,0.7347744052279053,0.8760807392173549
7,5,0.7347744052279053,0.8561781777898272
7,5,0.7347744052279053,0.8760807392173549
7,5,0.6839604973574138,0.8561781777898272
7,5,0.7347744052279053,0.8561781777898272
7,5,0.7347744052279053,0.8561781777898272
7,5,0.6839604973574138,0.8561781777898272
7,5,0.6839604973574138,0.8362756163622986
7,5,0.8364022209688882,0.915885862072412
7,5,0.7855883130983967,0.915885862072412
7,5,0.7855883130983967,0.8959833006448834
7,5,0.7855883130983967,0.915885862072412
7,5,0.7347744052279053,0.8959833006448834
7,5,0.7855883130983967,0.8959833006448834
7,5,0.7855883130983967,0.8959833006448834
7,5,0.7347744052279053,0.8959833006448834
7,5,0.7347744052279053,0.8760807392173549
7,5,0.7347744052279053,0.8959833006448834
7,5,0.6839604973574138,0.8760807392173549
7,5,0.7347744052279053,0.8760807392173549
7,5,0.7347744052279053,0.8760807392173549
7,5,0.6839604973574138,0.8760807392173549
7,5,0.6839604973574138,0.8561781777898272
7,5,0.7855883130983967,0.915885862072412
7,5,0.7347744052279053,0.915885862072412
7,5,0.7347744052279053,0.8959833006448834
7,5,0.7347744052279053,0.915885862072412
7,5,0.6839604973574138,0.8959833006448834
7,5,0.7347744052279053,0.8959833006448834
7,5,0.7347744052279053,0.8959833006448834
7,5,0.6839604973574138,0.8959833006448834
7,5,0.6839604973574138,0.8760807392173549
7,5,0.7347744052279053,0.915885862072412
7,5,0.6839604973574138,0.915885862072412
7,5,0.6839604973574138,0.8959833006448834
7,5,0.6839604973574138,0.7367628092246559
7,5,0.7347744052279053,0.7367628092246559
7,5,0.7347744052279053,0.7566653706521844
7,5,0.7347744052279053,0.7367628092246559
7,5,0.7855883130983967,0.7566653706521844
7,5,0.7347744052279053,0.7566653706521844
7,5,0.7347744052279053,0.7566653706521844
7,5,0.7855883130983967,0.7566653706521844
7,5,0.7855883130983967,0.776567932079713
7,5,0.7855883130983967,0.7566653706521844
7,5,0.8364022209688882,0.776567932079713
7,5,0.7855883130983967,0.776567932079713
7,5,0.7855883130983967,0.776567932079713
7,5,0.8364022209688882,0.776567932079713
7,5,0.8364022209688882,0.7964704935072415
7,5,0.8364022209688882,0.776567932079713
7,5,0.8872161288393796,0.7964704935072415
7,5,0.8364022209688882,0.7964704935072415
7,5,0.8364022209688882,0.7964704935072415
7,5,0.8872161288393796,0.7964704935072415
7,5,0.8872161288393796,0.8163730549347701
7,5,0.8872161288393796,0.7964704935072415
7,5,0.9380300367098711,0.8163730549347701
7,5,0.8872161288393796,0.8163730549347701
7,5,0.8872161288393796,0.8163730549347701
7,5,0.9380300367098711,0.8163730549347701
7,5,0.9380300367098711,0.8362756163622986
7,5,0.9380300367098711,0.8163730549347701
7,5,0.9888439445803625,0.8362756163622986
7,5,0.9380300367098711,0.8362756163622986
7,5,0.9380300367098711,0.8362756163622986
7,5,0.9888439445803625,0.8362756163622986
7,5,0.9888439445803625,0.8561781777898272
7,5,0.9888439445803625,0.8362756163622986
8,5,0.03965785245085307,0.8561781777898272
7,5,0.9888439445803625,0.8561781777898272
7,5,0.9888439445803625,0.8561781777898272
8,5,0.03965785245085307,0.8561781777898272
8,5,0.03965785245085307,0.8760807392173549
8,5,0.03965785245085307,0.8561781777898272
8,5,0.09047176032134452,0.8760807392173549
8,5,0.03965785245085307,0.8760807392173549
8,5,0.03965785245085307,0.8760807392173549
8,5,0.09047176032134452,0.8760807392173549
8,5,0.09047176032134452,0.8959833006448834
8,5,0.09047176032134452,0.8760807392173549
8,5,0.14128566819183597,0.8959833006448834
8,5,0.09047176032134452,0.8959833006448834
8,5,0.09047176032134452,0.8959833006448834
8,5,0.14128566819183597,0.8959833006448834
8,5,0.14128566819183597,0.915885862072412
7,5,0.7347744052279053,0.7367628092246559
7,5,0.7855883130983967,0.7367628092246559
7,5,0.7855883130983967,0.7566653706521844
7,5,0.7855883130983967,0.7367628092246559
7,5,0.8364022209688882,0.7566653706521844
7,5,0.7855883130983967,0.7566653706521844
7,5,0.7855883130983967,0.7566653706521844
7,5,0.8364022209688882,0.7566653706521844
7,5,0.8364022209688882,0.776567932079713
7,5,0.8364022209688882,0.7566653706521844
7,5,0.8872161288393796,0.776567932079713
7,5,0.8364022209688882,0.776567932079713
7,5,0.8364022209688882,0.776567932079713
7,5,0.8872161288393796,0.776567932079713
7,5,0.8872161288393796,0.7964704935072415
7,5,0.8872161288393796,0.776567932079713
7,5,0.9380300367098711,0.7964704935072415
7,5,0.8872161288393796,0.7964704935072415
7,5,0.8872161288393796,0.7964704935072415
7,5,0.9380300367098711,0.7964704935072415
7,5,0.9380300367098711,0.8163730549347701
7,5,0.9380300367098711,0.7964704935072415
7,5,0.9888439445803625,0.8163730549347701
7,5,0.9380300367098711,0.8163730549347701
7,5,0.9380300367098711,0.8163730549347701
7,5,0.9888439445803625,0.8163730549347701
7,5,0.9888439445803625,0.8362756163622986
7,5,0.9888439445803625,0.8163730549347701
8,5,0.03965785245085307,0.8362756163622986
7,5,0.9888439445803625,0.8362756163622986
7,5,0.9888439445803625,0.8362756163622986
8,5,0.03965785245085307,0.8362756163622986
8,5,0.03965785245085307,0.8561781777898272
8,5,0.03965785245085307,0.8362756163622986
8,5,0.09047176032134452,0.8561781777898272
8,5,0.03965785245085307,0.8561781777898272
8,5,0.03965785245085307,0.8561781777898272
8,5,0.09047176032134452,0.8561781777898272
8,5,0.09047176032134452,0.8760807392173549
8,5,0.09047176032134452,0.8561781777898272
8,5,0.14128566819183597,0.8760807392173549
8,5,0.09047176032134452,0.8760807392173549
8,5,0.09047176032134452,0.8760807392173549
8,5,0.14128566819183597,0.8760807392173549
8,5,0.14128566819183597,0.8959833006448834
7,5,0.7855883130983967,0.7367628092246559
7,5,0.8364022209688882,0.7367628092246559
7,5,0.8364022209688882,0.7566653706521844
7,5,0.8364022209688882,0.7367628092246559
7,5,0.8872161288393796,0.7566653706521844
7,5,0.8364022209688882,0.7566653706521844
7,5,0.8364022209688882,0.7566653706521844
7,5,0.8872161288393796,0.7566653706521844
7,5,0.8872161288393796,0.776567932079713
7,5,0.8872161288393796,0.7566653706521844
7,5,0.9380300367098711,0.776567932079713
7,5,0.8872161288393796,0.776567932079713
7,5,0.8872161288393796,0.776567932079713
7,5,0.9380300367098711,0.776567932079713
7,5,0.9380300367098711,0.7964704935072415
7,5,0.9380300367098711,0.776567932079713
7,5,0.9888439445803625,0.7964704935072415
7,5,0.9380300367098711,0.7964704935072415
7,5,0.9380300367098711,0.7964704935072415
7,5,0.9888439445803625,0.7964704935072415
7,5,0.9888439445803625,0.8163730549347701
7,5,0.9888439445803625,0.7964704935072415
8,5,0.03965785245085307,0.8163730549347701
7,5,0.9888439445803625,0.8163730549347701
7,5,0.9888439445803625,0.8163730549347701
8,5,0.03965785245085307,0.8163730549347701
8,5,0.03965785245085307,0.8362756163622986
8,5,0.03965785245085307,0.8163730549347701
8,5,0.09047176032134452,0.8362756163622986
8,5,0.03965785245085307,0.8362756163622986
8,5,0.03965785245085307,0.8362756163622986
8,5,0.09047176032134452,0.8362756163622986
8,5,0.09047176032134452,0.8561781777898272
8,5,0.09047176032134452,0.8362756163622986
8,5,0.14128566819183597,0.8561781777898272
8,5,0.09047176032134452,0.8561781777898272
8,5,0.09047176032134452,0.8561781777898272
8,5,0.14128566819183597,0.8561781777898272
8,5,0.14128566819183597,0.8760807392173549
7,5,0.8364022209688882,0.7367628092246559
7,5,0.8872161288393796,0.7367628092246559
7,5,0.8872161288393796,0.7566653706521844
7,5,0.8872161288393796,0.7367628092246559
7,5,0.9380300367098711,0.7566653706521844
7,5,0.8872161288393796,0.7566653706521844
7,5,0.8872161288393796,0.7566653706521844
7,5,0.9380300367098711,0.7566653706521844
7,5,0.9380300367098711,0.776567932079713
7,5,0.9380300367098711,0.7566653706521844
7,5,0.9888439445803625,0.776567932079713
7,5,0.9380300367098711,0.776567932079713
7,5,0.9380300367098711,0.776567932079713
7,5,0.9888439445803625,0.776567932079713
7,5,0.9888439445803625,0.7964704935072415
7,5,0.9888439445803625,0.776567932079713
8,5,0.03965785245085307,0.7964704935072415
7,5,0.9888439445803625,0.7964704935072415
7,5,0.9888439445803625,0.7964704935072415
8,5,0.03965785245085307,0.7964704935072415
8,5,0.03965785245085307,0.8163730549347701
8,5,0.03965785245085307,0.7964704935072415
8,5,0.09047176032134452,0.8163730549347701
8,5,0.03965785245085307,0.8163730549347701
8,5,0.03965785245085307,0.8163730549347701
8,5,0.09047176032134452,0.8163730549347701
8,5,0.09047176032134452,0.8362756163622986
8,5,0.09047176032134452,0.8163730549347701
8,5,0.14128566819183597,0.8362756163622986
8,5,0.09047176032134452,0.8362756163622986
8,5,0.09047176032134452,0.8362756163622986
8,5,0.14128566819183597,0.8362756163622986
8,5,0.14128566819183597,0.8561781777898272
7,5,0.8872161288393796,0.7367628092246559
7,5,0.9380300367098711,0.7367628092246559
7,5,0.9380300367098711,0.7566653706521844
7,5,0.9380300367098711,0.7367628092246559
7,5,0.9888439445803625,0.7566653706521844
7,5,0.9380300367098711,0.7566653706521844
7,5,0.9380300367098711,0.7566653706521844
7,5,0.9888439445803625,0.7566653706521844
7,5,0.9888439445803625,0.776567932079713
7,5,0.9888439445803625,0.7566653706521844
8,5,0.03965785245085307,0.776567932079713
7,5,0.9888439445803625,0.776567932079713
7,5,0.9888439445803625,0.776567932079713
8,5,0.03965785245085307,0.776567932079713
8,5,0.03965785245085307,0.7964704935072415
8,5,0.03965785245085307,0.776567932079713
8,5,0.09047176032134452,0.7964704935072415
8,5,0.03965785245085307,0.7964704935072415
8,5,0.03965785245085307,0.7964704935072415
8,5,0.09047176032134452,0.7964704935072415
8,5,0.09047176032134452,0.8163730549347701
8,5,0.09047176032134452,0.7964704935072415
8,5,0.14128566819183597,0.8163730549347701
8,5,0.09047176032134452,0.8163730549347701
8,5,0.09047176032134452,0.8163730549347701
8,5,0.14128566819183597,0.8163730549347701
8,5,0.14128566819183597,0.8362756163622986
7,5,0.9380300367098711,0.7367628092246559
7,5,0.9888439445803625,0.7367628092246559
7,5,0.9888439445803625,0.7566653706521844
7,5,0.9888439445803625,0.7367628092246559
8,5,0.03965785245085307,0.7566653706521844
7,5,0.9888439445803625,0.7566653706521844
7,5,0.9888439445803625,0.7566653706521844
8,5,0.03965785245085307,0.7566653706521844
8,5,0.03965785245085307,0.776567932079713
8,5,0.03965785245085307,0.7566653706521844
8,5,0.09047176032134452,0.776567932079713
8,5,0.03965785245085307,0.776567932079713
8,5,0.03965785245085307,0.776567932079713
8,5,0.09047176032134452,0.776567932079713
8,5,0.09047176032134452,0.7964704935072415
8,5,0.09047176032134452,0.776567932079713
8,5,0.14128566819183597,0.7964704935072415
8,5,0.09047176032134452,0.7964704935072415
8,5,0.09047176032134452,0.7964704935072415
8,5,0.14128566819183597,0.7964704935072415
8,5,0.14128566819183597,0.8163730549347701
7,5,0.9888439445803625,0.7367628092246559
8,5,0.03965785245085307,0.7367628092246559
8,5,0.03965785245085307,0.7566653706521844
8,5,0.03965785245085307,0.7367628092246559
8,5,0.09047176032134452,0.7566653706521844
8,5,0.03965785245085307,0.7566653706521844
8,5,0.03965785245085307,0.7566653706521844
8,5,0.09047176032134452,0.7566653706521844
8,5,0.09047176032134452,0.776567932079713
8,5,0.09047176032134452,0.7566653706521844
8,5,0.14128566819183597,0.776567932079713
8,5,0.09047176032134452,0.776567932079713
8,5,0.09047176032134452,0.776567932079713
8,5,0.14128566819183597,0.776567932079713
8,5,0.14128566819183597,0.7964704935072415
8,5,0.03965785245085307,0.7367628092246559
8,5,0.09047176032134452,0.7367628092246559
8,5,0.09047176032134452,0.7566653706521844
8,5,0.09047176032134452,0.7367628092246559
8,5,0.14128566819183597,0.7566653706521844
8,5,0.09047176032134452,0.7566653706521844
8,5,0.09047176032134452,0.7566653706521844
8,5,0.14128566819183597,0.7566653706521844
8,5,0.14128566819183597,0.776567932079713
8,5,0.09047176032134452,0.7367628092246559
8,5,0.14128566819183597,0.7367628092246559
8,5,0.14128566819183597,0.7566653706521844
7,4,0.8913015653798162,0.15575757999970996
7,4,0.8540493240030109,0.15575757999970996
7,4,0.8540493240030109,0.12405227915525874
7,4,0.8540493240030109,0.15575757999970996
7,4,0.8167970826262048,0.12405227915525874
7,4,0.8540493240030109,0.12405227915525874
7,4,0.8540493240030109,0.12405227915525874
7,4,0.8167970826262048,0.12405227915525874
7,4,0.8167970826262048,0.09234697831080751
7,4,0.8167970826262048,0.12405227915525874
7,4,0.7795448412493986,0.09234697831080751
7,4,0.8167970826262048,0.09234697831080751
7,4,0.8167970826262048,0.09234697831080751
7,4,0.7795448412493986,0.09234697831080751
7,4,0.7795448412493986,0.06064167746635629
7,4,0.7795448412493986,0.09234697831080751
7,4,0.7422925998725924,0.06064167746635629
7,4,0.7795448412493986,0.06064167746635629
7,4,0.7795448412493986,0.06064167746635629
7,4,0.7422925998725924,0.06064167746635629
7,4,0.7422925998725924,0.02893637662190507
7,4,0.7422925998725924,0.06064167746635629
7,4,0.7050403584957863,0.02893637662190507
7,4,0.7422925998725924,0.02893637662190507
7,4,0.7422925998725924,0.02893637662190507
7,4,0.7050403584957863,0.02893637662190507
7,5,0.7050403584957863,0.9972310757774538
7,4,0.8540493240030109,0.15575757999970996
7,4,0.8167970826262048,0.15575757999970996
7,4,0.8167970826262048,0.12405227915525874
7,4,0.8167970826262048,0.15575757999970996
7,4,0.7795448412493986,0.12405227915525874
7,4,0.8167970826262048,0.12405227915525874
7,4,0.8167970826262048,0.12405227915525874
7,4,0.7795448412493986,0.12405227915525874
7,4,0.7795448412493986,0.09234697831080751
7,4,0.7795448412493986,0.12405227915525874
7,4,0.7422925998725924,0.09234697831080751
7,4,0.7795448412493986,0.09234697831080751
7,4,0.7795448412493986,0.09234697831080751
7,4,0.7422925998725924,0.09234697831080751
7,4,0.7422925998725924,0.06064167746635629
7,4,0.7422925998725924,0.09234697831080751
7,4,0.7050403584957863,0.06064167746635629
7,4,0.7422925998725924,0.06064167746635629
7,4,0.7422925998725924,0.06064167746635629
7,4,0.7050403584957863,0.06064167746635629
7,4,0.7050403584957863,0.02893637662190507
7,4,0.8167970826262048,0.15575757999970996
7,4,0.7795448412493986,0.15575757999970996
7,4,0.7795448412493986,0.12405227915525874
7,4,0.7795448412493986,0.15575757999970996
7,4,0.7422925998725924,0.12405227915525874
7,4,0.7795448412493986,0.12405227915525874
7,4,0.7795448412493986,0.12405227915525874
7,4,0.7422925998725924,0.12405227915525874
7,4,0.7422925998725924,0.09234697831080751
7,4,0.7422925998725924,0.12405227915525874
7,4,0.7050403584957863,0.09234697831080751
7,4,0.7422925998725924,0.09234697831080751
7,4,0.7422925998725924,0.09234697831080751
7,4,0.7050403584957863,0.09234697831080751
7,4,0.7050403584957863,0.06064167746635629
7,4,0.7795448412493986,0.15575757999970996
7,4,0.7422925998725924,0.15575757999970996
7,4,0.7422925998725924,0.12405227915525874
7,4,0.7422925998725924,0.15575757999970996
7,4,0.7050403584957863,0.12405227915525874
7,4,0.7422925998725924,0.12405227915525874
7,4,0.7422925998725924,0.12405227915525874
7,4,0.7050403584957863,0.12405227915525874
7,4,0.7050403584957863,0.09234697831080751
7,4,0.7422925998725924,0.15575757999970996
7,4,0.7050403584957863,0.15575757999970996
7,4,0.7050403584957863,0.12405227915525874
7,5,0.7050403584957863,0.9972310757774538
7,5,0.7422925998725924,0.9972310757774538
7,4,0.7422925998725924,0.02893637662190507
7,5,0.7422925998725924,0.9972310757774538
7,4,0.7795448412493986,0.02893637662190507
7,4,0.7422925998725924,0.02893637662190507
7,4,0.7422925998725924,0.02893637662190507
7,4,0.7795448412493986,0.02893637662190507
7,4,0.7795448412493986,0.06064167746635629
7,4,0.7795448412493986,0.02893637662190507
7,4,0.8167970826262048,0.06064167746635629
7,4,0.7795448412493986,0.06064167746635629
7,4,0.7795448412493986,0.06064167746635629
7,4,0.8167970826262048,0.06064167746635629
7,4,0.8167970826262048,0.09234697831080751
7,4,0.8167970826262048,0.06064167746635629
7,4,0.8540493240030109,0.09234697831080751
7,4,0.8167970826262048,0.09234697831080751
7,4,0.8167970826262048,0.09234697831080751
7,4,0.8540493240030109,0.09234697831080751
7,4,0.8540493240030109,0.12405227915525874
7,4,0.8540493240030109,0.09234697831080751
7,4,0.8913015653798162,0.12405227915525874
7,4,0.8540493240030109,0.12405227915525874
7,4,0.8540493240030109,0.12405227915525874
7,4,0.8913015653798162,0.12405227915525874
7,4,0.8913015653798162,0.15575757999970996
7,5,0.7422925998725924,0.9972310757774538
7,5,0.7795448412493986,0.9972310757774538
7,4,0.7795448412493986,0.02893637662190507
7,5,0.7795448412493986,0.9972310757774538
7,4,0.8167970826262048,0.02893637662190507
7,4,0.7795448412493986,0.02893637662190507
7,4,0.7795448412493986,0.02893637662190507
7,4,0.8167970826262048,0.02893637662190507
7,4,0.8167970826262048,0.06064167746635629
7,4,0.8167970826262048,0.02893637662190507
7,4,0.8540493240030109,0.06064167746635629
7,4,0.8167970826262048,0.06064167746635629
7,4,0.8167970826262048,0.06064167746635629
7,4,0.8540493240030109,0.06064167746635629
7,4,0.8540493240030109,0.09234697831080751
7,4,0.8540493240030109,0.06064167746635629
7,4,0.8913015653798162,0.09234697831080751
7,4,0.8540493240030109,0.09234697831080751
7,4,0.8540493240030109,0.09234697831080751
7,4,0.8913015653798162,0.09234697831080751
7,4,0.8913015653798162,0.12405227915525874
7,5,0.7795448412493986,0.9972310757774538
7,5,0.8167970826262048,0.9972310757774538
7,4,0.8167970826262048,0.02893637662190507
7,5,0.8167970826262048,0.9972310757774538
7,4,0.8540493240030109,0.02893637662190507
7,4,0.8167970826262048,0.02893637662190507
7,4,0.8167970826262048,0.02893637662190507
7,4,0.8540493240030109,0.02893637662190507
7,4,0.8540493240030109,0.06064167746635629
7,4,0.8540493240030109,0.02893637662190507
7,4,0.8913015653798162,0.06064167746635629
7,4,0.8540493240030109,0.06064167746635629
7,4,0.8540493240030109,0.06064167746635629
7,4,0.8913015653798162,0.06064167746635629
7,4,0.8913015653798162,0.09234697831080751
7,5,0.8167970826262048,0.9972310757774538
7,5,0.8540493240030109,0.9972310757774538
7,4,0.8540493240030109,0.02893637662190507
7,5,0.8540493240030109,0.9972310757774538
7,4,0.8913015653798162,0.02893637662190507
7,4,0.8540493240030109,0.02893637662190507
7,4,0.8540493240030109,0.02893637662190507
7,4,0.8913015653798162,0.02893637662190507
7,4,0.8913015653798162,0.06064167746635629
7,5,0.8540493240030109,0.9972310757774538
7,5,0.8913015653798162,0.9972310757774538
7,4,0.8913015653798162,0.02893637662190507
7,5,0.8913015653798162,0.9972310757774538
7,5,0.8540493240030109,0.9972310757774538
7,5,0.8540493240030109,0.9655555172414871
7,5,0.8540493240030109,0.9972310757774538
7,5,0.8167970826262048,0.9655555172414871
7,5,0.8540493240030109,0.9655555172414871
7,5,0.8540493240030109,0.9655555172414871
7,5,0.8167970826262048,0.9655555172414871
7,5,0.8167970826262048,0.9338799587055204
7,5,0.8167970826262048,0.9655555172414871
7,5,0.7795448412493986,0.9338799587055204
7,5,0.8167970826262048,0.9338799587055204
7,5,0.8167970826262048,0.9338799587055204
7,5,0.7795448412493986,0.9338799587055204
7,5,0.7795448412493986,0.9022044001695528
7,5,0.7795448412493986,0.9338799587055204
7,5,0.7422925998725924,0.9022044001695528
7,5,0.7795448412493986,0.9022044001695528
7,5,0.7795448412493986,0.9022044001695528
7,5,0.7422925998725924,0.9022044001695528
7,5,0.7422925998725924,0.8705288416335861
7,5,0.7422925998725924,0.9022044001695528
7,5,0.7050403584957863,0.8705288416335861
7,5,0.7422925998725924,0.8705288416335861
7,5,0.7422925998725924,0.8705288416335861
7,5,0.7050403584957863,0.8705288416335861
7,5,0.7050403584957863,0.8388532830976194
7,5,0.8540493240030109,0.9972310757774538
7,5,0.8167970826262048,0.9972310757774538
7,5,0.8167970826262048,0.9655555172414871
7,5,0.8167970826262048,0.9972310757774538
7,5,0.7795448412493986,0.9655555172414871
7,5,0.8167970826262048,0.9655555172414871
7,5,0.8167970826262048,0.9655555172414871
7,5,0.7795448412493986,0.9655555172414871
7,5,0.7795448412493986,0.9338799587055204
7,5,0.7795448412493986,0.9655555172414871
7,5,0.7422925998725924,0.9338799587055204
7,5,0.7795448412493986,0.9338799587055204
7,5,0.7795448412493986,0.9338799587055204
7,5,0.7422925998725924,0.9338799587055204
7,5,0.7422925998725924,0.9022044001695528
7,5,0.7422925998725924,0.9338799587055204
7,5,0.7050403584957863,0.9022044001695528
7,5,0.7422925998725924,0.9022044001695528
7,5,0.7422925998725924,0.9022044001695528
7,5,0.7050403584957863,0.9022044001695528
7,5,0.7050403584957863,0.8705288416335861
7,5,0.8167970826262048,0.9972310757774538
7,5,0.7795448412493986,0.9972310757774538
7,5,0.7795448412493986,0.9655555172414871
7,5,0.7795448412493986,0.9972310757774538
7,5,0.7422925998725924,0.9655555172414871
7,5,0.7795448412493986,0.9655555172414871
7,5,0.7795448412493986,0.9655555172414871
7,5,0.7422925998725924,0.9655555172414871
7,5,0.7422925998725924,0.9338799587055204
7,5,0.7422925998725924,0.9655555172414871
7,5,0.7050403584957863,0.9338799587055204
7,5,0.7422925998725924,0.9338799587055204
7,5,0.7422925998725924,0.9338799587055204
7,5,0.7050403584957863,0.9338799587055204
7,5,0.7050403584957863,0.9022044001695528
7,5,0.7795448412493986,0.9972310757774538
7,5,0.7422925998725924,0.9972310757774538
7,5,0.7422925998725924,0.9655555172414871
7,5,0.7422925998725924,0.9972310757774538
7,5,0.7050403584957863,0.9655555172414871
7,5,0.7422925998725924,0.9655555172414871
7,5,0.7422925998725924,0.9655555172414871
7,5,0.7050403584957863,0.9655555172414871
7,5,0.7050403584957863,0.9338799587055204
7,5,0.7422925998725924,0.9972310757774538
7,5,0.7050403584957863,0.9972310757774538
7,5,0.7050403584957863,0.9655555172414871
7,5,0.7050403584957863,0.8388532830976194
7,5,0.7422925998725924,0.8388532830976194
7,5,0.7422925998725924,0.8705288416335861
7,5,0.7422925998725924,0.8388532830976194
7,5,0.7795448412493986,0.8705288416335861
7,5,0.7422925998725924,0.8705288416335861
7,5,0.7422925998725924,0.8705288416335861
7,5,0.7795448412493986,0.8705288416335861
7,5,0.7795448412493986,0.9022044001695528
7,5,0.7795448412493986,0.8705288416335861
7,5,0.8167970826262048,0.9022044001695528
7,5,0.7795448412493986,0.9022044001695528
7,5,0.7795448412493986,0.9022044001695528
7,5,0.8167970826262048,0.9022044001695528
7,5,0.8167970826262048,0.9338799587055204
7,5,0.8167970826262048,0.9022044001695528
7,5,0.8540493240030109,0.9338799587055204
7,5,0.8167970826262048,0.9338799587055204
7,5,0.8167970826262048,0.9338799587055204
7,5,0.8540493240030109,0.9338799587055204
7,5,0.8540493240030109,0.9655555172414871
7,5,0.8540493240030109,0.9338799587055204
7,5,0.8913015653798162,0.9655555172414871
7,5,0.8540493240030109,0.9655555172414871
7,5,0.8540493240030109,0.9655555172414871
7,5,0.8913015653798162,0.9655555172414871
7,5,0.8913015653798162,0.9972310757774538
7,5,0.7422925998725924,0.8388532830976194
7,5,0.7795448412493986,0.8388532830976194
7,5,0.7795448412493986,0.8705288416335861
7,5,0.7795448412493986,0.8388532830976194
7,5,0.8167970826262048,0.8705288416335861
7,5,0.7795448412493986,0.8705288416335861
7,5,0.7795448412493986,0.8705288416335861
7,5,0.8167970826262048,0.8705288416335861
7,5,0.8167970826262048,0.9022044001695528
7,5,0.8167970826262048,0.8705288416335861
7,5,0.8540493240030109,0.9022044001695528
7,5,0.8167970826262048,0.9022044001695528
7,5,0.8167970826262048,0.9022044001695528
7,5,0.8540493240030109,0.9022044001695528
7,5,0.8540493240030109,0.9338799587055204
7,5,0.8540493240030109,0.9022044001695528
7,5,0.8913015653798162,0.9338799587055204
7,5,0.8540493240030109,0.9338799587055204
7,5,0.8540493240030109,0.9338799587055204
7,5,0.8913015653798162,0.9338799587055204
7,5,0.8913015653798162,0.9655555172414871
7,5,0.7795448412493986,0.8388532830976194
7,5,0.8167970826262048,0.8388532830976194
7,5,0.8167970826262048,0.8705288416335861
7,5,0.8167970826262048,0.8388532830976194
7,5,0.8540493240030109,0.8705288416335861
7,5,0.8167970826262048,0.8705288416335861
7,5,0.8167970826262048,0.8705288416335861
7,5,0.8540493240030109,0.8705288416335861
7,5,0.8540493240030109,0.9022044001695528
7,5,0.8540493240030109,0.8705288416335861
7,5,0.8913015653798162,0.9022044001695528
7,5,0.8540493240030109,0.9022044001695528
7,5,0.8540493240030109,0.9022044001695528
7,5,0.8913015653798162,0.9022044001695528
7,5,0.8913015653798162,0.9338799587055204
7,5,0.8167970826262048,0.8388532830976194
7,5,0.8540493240030109,0.8388532830976194
7,5,0.8540493240030109,0.8705288416335861
7,5,0.8540493240030109,0.8388532830976194
7,5,0.8913015653798162,0.8705288416335861
7,5,0.8540493240030109,0.8705288416335861
7,5,0.8540493240030109,0.8705288416335861
7,5,0.8913015653798162,0.8705288416335861
7,5,0.8913015653798162,0.9022044001695528
7,5,0.8540493240030109,0.8388532830976194
7,5,0.8913015653798162,0.8388532830976194
7,5,0.8913015653798162,0.8705288416335861
7,4,0.8913015653798162,0.15575757999970996
7,4,0.8913015653798162,0.12405227915525874
7,4,0.9285686779108646,0.12405227915525874
7,4,0.8913015653798162,0.12405227915525874
7,4,0.9285686779108646,0.09234697831080751
7,4,0.9285686779108646,0.12405227915525874
7,4,0.9285686779108646,0.12405227915525874
7,4,0.9285686779108646,0.09234697831080751
7,4,0.965835790441913,0.09234697831080751
7,4,0.9285686779108646,0.09234697831080751
7,4,0.965835790441913,0.06064167746635629
7,4,0.965835790441913,0.09234697831080751
7,4,0.965835790441913,0.09234697831080751
7,4,0.965835790441913,0.06064167746635629
8,4,0.003102902972960564,0.06064167746635629
7,4,0.965835790441913,0.06064167746635629
8,4,0.003102902972960564,0.02893637662190507
8,4,0.003102902972960564,0.06064167746635629
8,4,0.003102902972960564,0.06064167746635629
8,4,0.003102902972960564,0.02893637662190507
8,4,0.04037001550400987,0.02893637662190507
8,4,0.003102902972960564,0.02893637662190507
8,5,0.04037001550400987,0.9972310757774538
8,4,0.04037001550400987,0.02893637662190507
8,4,0.04037001550400987,0.02893637662190507
8,5,0.04037001550400987,0.9972310757774538
8,5,0.0776371280350574,0.9972310757774538
7,4,0.8913015653798162,0.12405227915525874
7,4,0.8913015653798162,0.09234697831080751
7,4,0.9285686779108646,0.09234697831080751
7,4,0.8913015653798162,0.09234697831080751
7,4,0.9285686779108646,0.06064167746635629
7,4,0.9285686779108646,0.09234697831080751
7,4,0.9285686779108646,0.09234697831080751
7,4,0.9285686779108646,0.06064167746635629
7,4,0.965835790441913,0.06064167746635629
7,4,0.9285686779108646,0.06064167746635629
7,4,0.965835790441913,0.02893637662190507
7,4,0.965835790441913,0.06064167746635629
7,4,0.965835790441913,0.06064167746635629
7,4,0.965835790441913,0.02893637662190507
8,4,0.003102902972960564,0.02893637662190507
7,4,0.965835790441913,0.02893637662190507
8,5,0.003102902972960564,0.9972310757774538
8,4,0.003102902972960564,0.02893637662190507
8,4,0.003102902972960564,0.02893637662190507
8,5,0.003102902972960564,0.9972310757774538
8,5,0.04037001550400987,0.9972310757774538
7,4,0.8913015653798162,0.09234697831080751
7,4,0.8913015653798162,0.06064167746635629
7,4,0.9285686779108646,0.06064167746635629
7,4,0.8913015653798162,0.06064167746635629
7,4,0.9285686779108646,0.02893637662190507
7,4,0.9285686779108646,0.06064167746635629
7,4,0.9285686779108646,0.06064167746635629
7,4,0.9285686779108646,0.02893637662190507
7,4,0.965835790441913,0.02893637662190507
7,4,0.9285686779108646,0.02893637662190507
7,5,0.965835790441913,0.9972310757774538
7,4,0.965835790441913,0.02893637662190507
7,4,0.965835790441913,0.02893637662190507
7,5,0.965835790441913,0.9972310757774538
8,5,0.003102902972960564,0.9972310757774538
7,4,0.8913015653798162,0.06064167746635629
7,4,0.8913015653798162,0.02893637662190507
7,4,0.9285686779108646,0.02893637662190507
7,4,0.8913015653798162,0.02893637662190507
7,5,0.9285686779108646,0.9972310757774538
7,4,0.9285686779108646,0.02893637662190507
7,4,0.9285686779108646,0.02893637662190507
7,5,0.9285686779108646,0.9972310757774538
7,5,0.965835790441913,0.9972310757774538
7,4,0.8913015653798162,0.02893637662190507
7,5,0.8913015653798162,0.9972310757774538
7,5,0.9285686779108646,0.9972310757774538
8,5,0.0776371280350574,0.9972310757774538
8,4,0.0776371280350574,0.02893637662190507
8,4,0.04037001550400987,0.02893637662190507
8,4,0.0776371280350574,0.02893637662190507
8,4,0.04037001550400987,0.06064167746635629
8,4,0.04037001550400987,0.02893637662190507
8,4,0.04037001550400987,0.02893637662190507
8,4,0.04037001550400987,0.06064167746635629
8,4,0.003102902972960564,0.06064167746635629
8,4,0.04037001550400987,0.06064167746635629
8,4,0.003102902972960564,0.09234697831080751
8,4,0.003102902972960564,0.06064167746635629
8,4,0.003102902972960564,0.06064167746635629
8,4,0.003102902972960564,0.09234697831080751
7,4,0.965835790441913,0.09234697831080751
8,4,0.003102902972960564,0.09234697831080751
7,4,0.965835790441913,0.12405227915525874
7,4,0.965835790441913,0.09234697831080751
7,4,0.965835790441913,0.09234697831080751
7,4,0.965835790441913,0.12405227915525874
7,4,0.9285686779108646,0.12405227915525874
7,4,0.965835790441913,0.12405227915525874
7,4,0.9285686779108646,0.15575757999970996
7,4,0.9285686779108646,0.12405227915525874
7,4,0.9285686779108646,0.12405227915525874
7,4,0.9285686779108646,0.15575757999970996
7,4,0.8913015653798162,0.15575757999970996
8,4,0.0776371280350574,0.02893637662190507
8,4,0.0776371280350574,0.06064167746635629
8,4,0.04037001550400987,0.06064167746635629
8,4,0.0776371280350574,0.06064167746635629
8,4,0.04037001550400987,0.09234697831080751
8,4,0.04037001550400987,0.06064167746635629
8,4,0.04037001550400987,0.06064167746635629
8,4,0.04037001550400987,0.09234697831080751
8,4,0.003102902972960564,0.09234697831080751
8,4,0.04037001550400987,0.09234697831080751
8,4,0.003102902972960564,0.12405227915525874
8,4,0.003102902972960564,0.09234697831080751
8,4,0.003102902972960564,0.09234697831080751
8,4,0.003102902972960564,0.12405227915525874
7,4,0.965835790441913,0.12405227915525874
8,4,0.003102902972960564,0.12405227915525874
7,4,0.965835790441913,0.15575757999970996
7,4,0.965835790441913,0.12405227915525874
7,4,0.965835790441913,0.12405227915525874
7,4,0.965835790441913,0.15575757999970996
7,4,0.9285686779108646,0.15575757999970996
8,4,0.0776371280350574,0.06064167746635629
8,4,0.0776371280350574,0.09234697831080751
8,4,0.04037001550400987,0.09234697831080751
8,4,0.0776371280350574,0.09234697831080751
8,4,0.04037001550400987,0.12405227915525874
8,4,0.04037001550400987,0.09234697831080751
8,4,0.04037001550400987,0.09234697831080751
8,4,0.04037001550400987,0.12405227915525874
8,4,0.003102902972960564,0.12405227915525874
8,4,0.04037001550400987,0.12405227915525874
8,4,0.003102902972960564,0.15575757999970996
8,4,0.003102902972960564,0.12405227915525874
8,4,0.003102902972960564,0.12405227915525874
8,4,0.003102902972960564,0.15575757999970996
7,4,0.965835790441913,0.15575757999970996
8,4,0.0776371280350574,0.09234697831080751
8,4,0.0776371280350574,0.12405227915525874
8,4,0.04037001550400987,0.12405227915525874
8,4,0.0776371280350574,0.12405227915525874
8,4,0.04037001550400987,0.15575757999970996
8,4,0.04037001550400987,0.12405227915525874
8,4,0.04037001550400987,0.12405227915525874
8,4,0.04037001550400987,0.15575757999970996
8,4,0.003102902972960564,0.15575757999970996
8,4,0.0776371280350574,0.12405227915525874
8,4,0.0776371280350574,0.15575757999970996
8,4,0.04037001550400987,0.15575757999970996
7,5,0.8913015653798162,0.9972310757774538
7,5,0.8913015653798162,0.9655555172414871
7,5,0.9285686779108646,0.9655555172414871
7,5,0.8913015653798162,0.9655555172414871
7,5,0.9285686779108646,0.9338799587055204
7,5,0.9285686779108646,0.9655555172414871
7,5,0.9285686779108646,0.9655555172414871
7,5,0.9285686779108646,0.9338799587055204
7,5,0.965835790441913,0.9338799587055204
7,5,0.9285686779108646,0.9338799587055204
7,5,0.965835790441913,0.9022044001695528
7,5,0.965835790441913,0.9338799587055204
7,5,0.965835790441913,0.9338799587055204
7,5,0.965835790441913,0.9022044001695528
8,5,0.003102902972960564,0.9022044001695528
7,5,0.965835790441913,0.9022044001695528
8,5,0.003102902972960564,0.8705288416335861
8,5,0.003102902972960564,0.9022044001695528
8,5,0.003102902972960564,0.9022044001695528
8,5,0.003102902972960564,0.8705288416335861
8,5,0.04037001550400987,0.8705288416335861
8,5,0.003102902972960564,0.8705288416335861
8,5,0.04037001550400987,0.8388532830976194
8,5,0.04037001550400987,0.8705288416335861
8,5,0.04037001550400987,0.8705288416335861
8,5,0.04037001550400987,0.8388532830976194
8,5,0.0776371280350574,0.8388532830976194
7,5,0.8913015653798162,0.9655555172414871
7,5,0.8913015653798162,0.9338799587055204
7,5,0.9285686779108646,0.9338799587055204
7,5,0.8913015653798162,0.9338799587055204
7,5,0.9285686779108646,0.9022044001695528
7,5,0.9285686779108646,0.9338799587055204
7,5,0.9285686779108646,0.9338799587055204
7,5,0.9285686779108646,0.9022044001695528
7,5,0.965835790441913,0.9022044001695528
7,5,0.9285686779108646,0.9022044001695528
7,5,0.965835790441913,0.8705288416335861
7,5,0.965835790441913,0.9022044001695528
7,5,0.965835790441913,0.9022044001695528
7,5,0.965835790441913,0.8705288416335861
8,5,0.003102902972960564,0.8705288416335861
7,5,0.965835790441913,0.8705288416335861
8,5,0.003102902972960564,0.8388532830976194
8,5,0.003102902972960564,0.8705288416335861
8,5,0.003102902972960564,0.8705288416335861
8,5,0.003102902972960564,0.8388532830976194
8,5,0.04037001550400987,0.8388532830976194
7,5,0.8913015653798162,0.9338799587055204
7,5,0.8913015653798162,0.9022044001695528
7,5,0.9285686779108646,0.9022044001695528
7,5,0.8913015653798162,0.9022044001695528
7,5,0.9285686779108646,0.8705288416335861
7,5,0.9285686779108646,0.9022044001695528
7,5,0.9285686779108646,0.9022044001695528
7,5,0.9285686779108646,0.8705288416335861
7,5,0.965835790441913,0.8705288416335861
7,5,0.9285686779108646,0.8705288416335861
7,5,0.965835790441913,0.8388532830976194
7,5,0.965835790441913,0.8705288416335861
7,5,0.965835790441913,0.8705288416335861
7,5,0.965835790441913,0.8388532830976194
8,5,0.003102902972960564,0.8388532830976194
7,5,0.8913015653798162,0.9022044001695528
7,5,0.8913015653798162,0.8705288416335861
7,5,0.9285686779108646,0.8705288416335861
7,5,0.8913015653798162,0.8705288416335861
7,5,0.9285686779108646,0.8388532830976194
7,5,0.9285686779108646,0.8705288416335861
7,5,0.9285686779108646,0.8705288416335861
7,5,0.9285686779108646,0.8388532830976194
7,5,0.965835790441913,0.8388532830976194
7,5,0.8913015653798162,0.8705288416335861
7,5,0.8913015653798162,0.8388532830976194
7,5,0.9285686779108646,0.8388532830976194
8,5,0.0776371280350574,0.8388532830976194
8,5,0.0776371280350574,0.8705288416335861
8,5,0.04037001550400987,0.8705288416335861
8,5,0.0776371280350574,0.8705288416335861
8,5,0.04037001550400987,0.9022044001695528
8,5,0.04037001550400987,0.8705288416335861
8,5,0.04037001550400987,0.8705288416335861
8,5,0.04037001550400987,0.9022044001695528
8,5,0.003102902972960564,0.9022044001695528
8,5,0.04037001550400987,0.9022044001695528
8,5,0.003102902972960564,0.9338799587055204
8,5,0.003102902972960564,0.9022044001695528
8,5,0.003102902972960564,0.9022044001695528
8,5,0.003102902972960564,0.9338799587055204
7,5,0.965835790441913,0.9338799587055204
8,5,0.003102902972960564,0.9338799587055204
7,5,0.965835790441913,0.9655555172414871
7,5,0.965835790441913,0.9338799587055204
7,5,0.965835790441913,0.9338799587055204
7,5,0.965835790441913,0.9655555172414871
7,5,0.9285686779108646,0.9655555172414871
7,5,0.965835790441913,0.9655555172414871
7,5,0.9285686779108646,0.9972310757774538
7,5,0.9285686779108646,0.9655555172414871
7,5,0.9285686779108646,0.9655555172414871
7,5,0.9285686779108646,0.9972310757774538
7,5,0.8913015653798162,0.9972310757774538
8,5,0.0776371280350574,0.8705288416335861
8,5,0.0776371280350574,0.9022044001695528
8,5,0.04037001550400987,0.9022044001695528
8,5,0.0776371280350574,0.9022044001695528
8,5,0.04037001550400987,0.9338799587055204
8,5,0.04037001550400987,0.9022044001695528
8,5,0.04037001550400987,0.9022044001695528
8,5,0.04037001550400987,0.9338799587055204
8,5,0.003102902972960564,0.9338799587055204
8,5,0.04037001550400987,0.9338799587055204
8,5,0.003102902972960564,0.9655555172414871
8,5,0.003102902972960564,0.9338799587055204
8,5,0.003102902972960564,0.9338799587055204
8,5,0.003102902972960564,0.9655555172414871
7,5,0.965835790441913,0.9655555172414871
8,5,0.003102902972960564,0.9655555172414871
7,5,0.965835790441913,0.9972310757774538
7,5,0.965835790441913,0.9655555172414871
7,5,0.965835790441913,0.9655555172414871
7,5,0.965835790441913,0.9972310757774538
7,5,0.9285686779108646,0.9972310757774538
8,5,0.0776371280350574,0.9022044001695528
8,5,0.0776371280350574,0.9338799587055204
8,5,0.04037001550400987,0.9338799587055204
8,5,0.0776371280350574,0.9338799587055204
8,5,0.04037001550400987,0.9655555172414871
8,5,0.04037001550400987,0.9338799587055204
8,5,0.04037001550400987,0.9338799587055204
8,5,0.04037001550400987,0.9655555172414871
8,5,0.003102902972960564,0.9655555172414871
8,5,0.04037001550400987,0.9655555172414871
8,5,0.003102902972960564,0.9972310757774538
8,5,0.003102902972960564,0.9655555172414871
8,5,0.003102902972960564,0.9655555172414871
8,5,0.003102902972960564,0.9972310757774538
7,5,0.965835790441913,0.9972310757774538
8,5,0.0776371280350574,0.9338799587055204
8,5,0.0776371280350574,0.9655555172414871
8,5,0.04037001550400987,0.9655555172414871
8,5,0.0776371280350574,0.9655555172414871
8,5,0.04037001550400987,0.9972310757774538
8,5,0.04037001550400987,0.9655555172414871
8,5,0.04037001550400987,0.9655555172414871
8,5,0.04037001550400987,0.9972310757774538
8,5,0.003102902972960564,0.9972310757774538
8,5,0.0776371280350574,0.9655555172414871
8,5,0.0776371280350574,0.9972310757774538
8,5,0.04037001550400987,0.9972310757774538
8,4,0.13000000000000078,0.21999999999999975
8,4,0.03954277681911478,0.05754862438022457
8,4,0.03954277681911478,0.38245137561977494
8,4,0.22045722318088679,0.05754862438022457
8,4,0.22045722318088679,0.38245137561977494
8,4,0.1371264917878836,0.3723699772318678
8,4,0.11643446644748501,0.3723699772318678
8,4,0.11643446644748501,0.31949470718038864
8,4,0.11643446644748501,0.3723699772318678
8,4,0.09574244110708818,0.31949470718038864
8,4,0.11643446644748501,0.31949470718038864
8,4,0.11643446644748501,0.31949470718038864
8,4,0.09574244110708818,0.31949470718038864
8,4,0.09574244110708818,0.26661943712890857
8,4,0.09574244110708818,0.31949470718038864
8,4,0.07505041576668958,0.26661943712890857
8,4,0.09574244110708818,0.26661943712890857
8,4,0.09574244110708818,0.26661943712890857
8,4,0.07505041576668958,0.26661943712890857
8,4,0.07505041576668958,0.2137441670774285
8,4,0.07505041576668958,0.26661943712890857
8,4,0.05435839042629276,0.2137441670774285
8,4,0.07505041576668958,0.2137441670774285
8,4,0.07505041576668958,0.2137441670774285
8,4,0.05435839042629276,0.2137441670774285
8,4,0.05435839042629276,0.1608688970259493
8,4,0.05435839042629276,0.2137441670774285
8,4,0.03366636508589416,0.1608688970259493
8,4,0.05435839042629276,0.1608688970259493
8,4,0.05435839042629276,0.1608688970259493
8,4,0.03366636508589416,0.1608688970259493
8,4,0.03366636508589416,0.10799362697446924
8,4,0.03366636508589416,0.1608688970259493
8,4,0.012974339745497332,0.10799362697446924
8,4,0.03366636508589416,0.10799362697446924
8,4,0.03366636508589416,0.10799362697446924
8,4,0.012974339745497332,0.10799362697446924
8,4,0.012974339745497332,0.055118356922989165
8,4,0.012974339745497332,0.10799362697446924
7,4,0.9922823144050987,0.055118356922989165
8,4,0.012974339745497332,0.055118356922989165
8,4,0.012974339745497332,0.055118356922989165
7,4,0.9922823144050987,0.055118356922989165
7,4,0.9922823144050987,0.0022430868715090924
7,4,0.9922823144050987,0.055118356922989165
7,4,0.971590289064701,0.0022430868715090924
7,4,0.9922823144050987,0.0022430868715090924
7,4,0.9922823144050987,0.0022430868715090924
7,4,0.971590289064701,0.0022430868715090924
7,5,0.971590289064701,0.9493678168200299
8,4,0.11643446644748501,0.3723699772318678
8,4,0.09574244110708818,0.3723699772318678
8,4,0.09574244110708818,0.31949470718038864
8,4,0.09574244110708818,0.3723699772318678
8,4,0.07505041576668958,0.31949470718038864
8,4,0.09574244110708818,0.31949470718038864
8,4,0.09574244110708818,0.31949470718038864
8,4,0.07505041576668958,0.31949470718038864
8,4,0.07505041576668958,0.26661943712890857
8,4,0.07505041576668958,0.31949470718038864
8,4,0.05435839042629276,0.26661943712890857
8,4,0.07505041576668958,0.26661943712890857
8,4,0.07505041576668958,0.26661943712890857
8,4,0.05435839042629276,0.26661943712890857
8,4,0.05435839042629276,0.2137441670774285
8,4,0.05435839042629276,0.26661943712890857
8,4,0.03366636508589416,0.2137441670774285
8,4,0.05435839042629276,0.2137441670774285
8,4,0.05435839042629276,0.2137441670774285
8,4,0.03366636508589416,0.2137441670774285
8,4,0.03366636508589416,0.1608688970259493
8,4,0.03366636508589416,0.2137441670774285
8,4,0.012974339745497332,0.1608688970259493
8,4,0.03366636508589416,0.1608688970259493
8,4,0.03366636508589416,0.1608688970259493
8,4,0.012974339745497332,0.1608688970259493
8,4,0.012974339745497332,0.10799362697446924
8,4,0.012974339745497332,0.1608688970259493
7,4,0.9922823144050987,0.10799362697446924
8,4,0.012974339745497332,0.10799362697446924
8,4,0.012974339745497332,0.10799362697446924
7,4,0.9922823144050987,0.10799362697446924
7,4,0.9922823144050987,0.055118356922989165
7,4,0.9922823144050987,0.10799362697446924
7,4,0.971590289064701,0.055118356922989165
7,4,0.9922823144050987,0.055118356922989165
7,4,0.9922823144050987,0.055118356922989165
7,4,0.971590289064701,0.055118356922989165
7,4,0.971590289064701,0.0022430868715090924
8,4,0.09574244110708818,0.3723699772318678
8,4,0.07505041576668958,0.3723699772318678
8,4,0.07505041576668958,0.31949470718038864
8,4,0.07505041576668958,0.3723699772318678
8,4,0.05435839042629276,0.31949470718038864
8,4,0.07505041576668958,0.31949470718038864
8,4,0.07505041576668958,0.31949470718038864
8,4,0.05435839042629276,0.31949470718038864
8,4,0.05435839042629276,0.26661943712890857
8,4,0.05435839042629276,0.31949470718038864
8,4,0.03366636508589416,0.26661943712890857
8,4,0.05435839042629276,0.26661943712890857
8,4,0.05435839042629276,0.26661943712890857
8,4,0.03366636508589416,0.26661943712890857
8,4,0.03366636508589416,0.2137441670774285
8,4,0.03366636508589416,0.26661943712890857
8,4,0.012974339745497332,0.2137441670774285
8,4,0.03366636508589416,0.2137441670774285
8,4,0.03366636508589416,0.2137441670774285
8,4,0.012974339745497332,0.2137441670774285
8,4,0.012974339745497332,0.1608688970259493
8,4,0.012974339745497332,0.2137441670774285
7,4,0.9922823144050987,0.1608688970259493
8,4,0.012974339745497332,0.1608688970259493
8,4,0.012974339745497332,0.1608688970259493
7,4,0.9922823144050987,0.1608688970259493
7,4,0.9922823144050987,0.10799362697446924
7,4,0.9922823144050987,0.1608688970259493
7,4,0.971590289064701,0.10799362697446924
7,4,0.9922823144050987,0.10799362697446924
7,4,0.9922823144050987,0.10799362697446924
7,4,0.971590289064701,0.10799362697446924
7,4,0.971590289064701,0.055118356922989165
8,4,0.07505041576668958,0.3723699772318678
8,4,0.05435839042629276,0.3723699772318678
8,4,0.05435839042629276,0.31949470718038864
8,4,0.05435839042629276,0.3723699772318678
8,4,0.03366636508589416,0.31949470718038864
8,4,0.05435839042629276,0.31949470718038864
8,4,0.05435839042629276,0.31949470718038864
8,4,0.03366636508589416,0.31949470718038864
8,4,0.03366636508589416,0.26661943712890857
8,4,0.03366636508589416,0.31949470718038864
8,4,0.012974339745497332,0.26661943712890857
8,4,0.03366636508589416,0.26661943712890857
8,4,0.03366636508589416,0.26661943712890857
8,4,0.012974339745497332,0.26661943712890857
8,4,0.012974339745497332,0.2137441670774285
8,4,0.012974339745497332,0.26661943712890857
7,4,0.9922823144050987,0.2137441670774285
8,4,0.012974339745497332,0.2137441670774285
8,4,0.012974339745497332,0.2137441670774285
7,4,0.9922823144050987,0.2137441670774285
7,4,0.9922823144050987,0.1608688970259493
7,4,0.9922823144050987,0.2137441670774285
7,4,0.971590289064701,0.1608688970259493
7,4,0.9922823144050987,0.1608688970259493
7,4,0.9922823144050987,0.1608688970259493
7,4,0.971590289064701,0.1608688970259493
7,4,0.971590289064701,0.10799362697446924
8,4,0.05435839042629276,0.3723699772318678
8,4,0.03366636508589416,0.3723699772318678
8,4,0.03366636508589416,0.31949470718038864
8,4,0.03366636508589416,0.3723699772318678
8,4,0.012974339745497332,0.31949470718038864
8,4,0.03366636508589416,0.31949470718038864
8,4,0.03366636508589416,0.31949470718038864
8,4,0.012974339745497332,0.31949470718038864
8,4,0.012974339745497332,0.26661943712890857
8,4,0.012974339745497332,0.31949470718038864
7,4,0.9922823144050987,0.26661943712890857
8,4,0.012974339745497332,0.26661943712890857
8,4,0.012974339745497332,0.26661943712890857
7,4,0.9922823144050987,0.26661943712890857
7,4,0.9922823144050987,0.2137441670774285
7,4,0.9922823144050987,0.26661943712890857
7,4,0.971590289064701,0.2137441670774285
7,4,0.9922823144050987,0.2137441670774285
7,4,0.9922823144050987,0.2137441670774285
7,4,0.971590289064701,0.2137441670774285
7,4,0.971590289064701,0.1608688970259493
8,4,0.03366636508589416,0.3723699772318678
8,4,0.012974339745497332,0.3723699772318678
8,4,0.012974339745497332,0.31949470718038864
8,4,0.012974339745497332,0.3723699772318678
7,4,0.9922823144050987,0.31949470718038864
8,4,0.012974339745497332,0.31949470718038864
8,4,0.012974339745497332,0.31949470718038864
7,4,0.9922823144050987,0.31949470718038864
7,4,0.9922823144050987,0.26661943712890857
7,4,0.9922823144050987,0.31949470718038864
7,4,0.971590289064701,0.26661943712890857
7,4,0.9922823144050987,0.26661943712890857
7,4,0.9922823144050987,0.26661943712890857
7,4,0.971590289064701,0.26661943712890857
7,4,0.971590289064701,0.2137441670774285
8,4,0.012974339745497332,0.3723699772318678
7,4,0.9922823144050987,0.3723699772318678
7,4,0.9922823144050987,0.31949470718038864
7,4,0.9922823144050987,0.3723699772318678
7,4,0.971590289064701,0.31949470718038864
7,4,0.9922823144050987,0.31949470718038864
7,4,0.9922823144050987,0.31949470718038864
7,4,0.971590289064701,0.31949470718038864
7,4,0.971590289064701,0.26661943712890857
7,4,0.9922823144050987,0.3723699772318678
7,4,0.971590289064701,0.3723699772318678
7,4,0.971590289064701,0.31949470718038864
7,5,0.971590289064701,0.9493678168200299
7,5,0.9922823144050987,0.9493678168200299
7,4,0.9922823144050987,0.0022430868715090924
7,5,0.9922823144050987,0.9493678168200299
8,4,0.012974339745497332,0.0022430868715090924
7,4,0.9922823144050987,0.0022430868715090924
7,4,0.9922823144050987,0.0022430868715090924
8,4,0.012974339745497332,0.0022430868715090924
8,4,0.012974339745497332,0.055118356922989165
8,4,0.012974339745497332,0.0022430868715090924
8,4,0.03366636508589416,0.055118356922989165
8,4,0.012974339745497332,0.055118356922989165
8,4,0.012974339745497332,0.055118356922989165
8,4,0.03366636508589416,0.055118356922989165
8,4,0.03366636508589416,0.10799362697446924
8,4,0.03366636508589416,0.055118356922989165
8,4,0.05435839042629276,0.10799362697446924
8,4,0.03366636508589416,0.10799362697446924
8,4,0.03366636508589416,0.10799362697446924
8,4,0.05435839042629276,0.10799362697446924
8,4,0.05435839042629276,0.1608688970259493
8,4,0.05435839042629276,0.10799362697446924
8,4,0.07505041576668958,0.1608688970259493
8,4,0.05435839042629276,0.1608688970259493
8,4,0.05435839042629276,0.1608688970259493
8,4,0.07505041576668958,0.1608688970259493
8,4,0.07505041576668958,0.2137441670774285
8,4,0.07505041576668958,0.1608688970259493
8,4,0.09574244110708818,0.2137441670774285
8,4,0.07505041576668958,0.2137441670774285
8,4,0.07505041576668958,0.2137441670774285
8,4,0.09574244110708818,0.2137441670774285
8,4,0.09574244110708818,0.26661943712890857
8,4,0.09574244110708818,0.2137441670774285
8,4,0.11643446644748501,0.26661943712890857
8,4,0.09574244110708818,0.26661943712890857
8,4,0.09574244110708818,0.26661943712890857
8,4,0.11643446644748501,0.26661943712890857
8,4,0.11643446644748501,0.31949470718038864
8,4,0.11643446644748501,0.26661943712890857
8,4,0.1371264917878836,0.31949470718038864
8,4,0.11643446644748501,0.31949470718038864
8,4,0.11643446644748501,0.31949470718038864
8,4,0.1371264917878836,0.31949470718038864
8,4,0.1371264917878836,0.3723699772318678
7,5,0.9922823144050987,0.9493678168200299
8,5,0.012974339745497332,0.9493678168200299
8,4,0.012974339745497332,0.0022430868715090924
8,5,0.012974339745497332,0.9493678168200299
8,4,0.03366636508589416,0.0022430868715090924
8,4,0.012974339745497332,0.0022430868715090924
8,4,0.012974339745497332,0.0022430868715090924
8,4,0.03366636508589416,0.0022430868715090924
8,4,0.03366636508589416,0.055118356922989165
8,4,0.03366636508589416,0.0022430868715090924
8,4,0.05435839042629276,0.055118356922989165
8,4,0.03366636508589416,0.055118356922989165
8,4,0.03366636508589416,0.055118356922989165
8,4,0.05435839042629276,0.055118356922989165
8,4,0.05435839042629276,0.10799362697446924
8,4,0.05435839042629276,0.055118356922989165
8,4,0.07505041576668958,0.10799362697446924
8,4,0.05435839042629276,0.10799362697446924
8,4,0.05435839042629276,0.10799362697446924
8,4,0.07505041576668958,0.10799362697446924
8,4,0.07505041576668958,0.1608688970259493
8,4,0.07505041576668958,0.10799362697446924
8,4,0.09574244110708818,0.1608688970259493
8,4,0.07505041576668958,0.1608688970259493
8,4,0.07505041576668958,0.1608688970259493
8,4,0.09574244110708818,0.1608688970259493
8,4,0.09574244110708818,0.2137441670774285
8,4,0.09574244110708818,0.1608688970259493
8,4,0.11643446644748501,0.2137441670774285
8,4,0.09574244110708818,0.2137441670774285
8,4,0.09574244110708818,0.2137441670774285
8,4,0.11643446644748501,0.2137441670774285
8,4,0.11643446644748501,0.26661943712890857
8,4,0.11643446644748501,0.2137441670774285
8,4,0.1371264917878836,0.26661943712890857
8,4,0.11643446644748501,0.26661943712890857
8,4,0.11643446644748501,0.26661943712890857
8,4,0.1371264917878836,0.26661943712890857
8,4,0.1371264917878836,0.31949470718038864
8,5,0.012974339745497332,0.9493678168200299
8,5,0.03366636508589416,0.9493678168200299
8,4,0.03366636508589416,0.0022430868715090924
8,5,0.03366636508589416,0.9493678168200299
8,4,0.05435839042629276,0.0022430868715090924
8,4,0.03366636508589416,0.0022430868715090924
8,4,0.03366636508589416,0.0022430868715090924
8,4,0.05435839042629276,0.0022430868715090924
8,4,0.05435839042629276,0.055118356922989165
8,4,0.05435839042629276,0.0022430868715090924
8,4,0.07505041576668958,0.055118356922989165
8,4,0.05435839042629276,0.055118356922989165
8,4,0.05435839042629276,0.055118356922989165
8,4,0.07505041576668958,0.055118356922989165
8,4,0.07505041576668958,0.10799362697446924
8,4,0.07505041576668958,0.055118356922989165
8,4,0.09574244110708818,0.10799362697446924
8,4,0.07505041576668958,0.10799362697446924
8,4,0.07505041576668958,0.10799362697446924
8,4,0.09574244110708818,0.10799362697446924
8,4,0.09574244110708818,0.1608688970259493
8,4,0.09574244110708818,0.10799362697446924
8,4,0.11643446644748501,0.1608688970259493
8,4,0.09574244110708818,0.1608688970259493
8,4,0.09574244110708818,0.1608688970259493
8,4,0.11643446644748501,0.1608688970259493
8,4,0.11643446644748501,0.2137441670774285
8,4,0.11643446644748501,0.1608688970259493
8,4,0.1371264917878836,0.2137441670774285
8,4,0.11643446644748501,0.2137441670774285
8,4,0.11643446644748501,0.2137441670774285
8,4,0.1371264917878836,0.2137441670774285
8,4,0.1371264917878836,0.26661943712890857
8,5,0.03366636508589416,0.9493678168200299
8,5,0.05435839042629276,0.9493678168200299
8,4,0.05435839042629276,0.0022430868715090924
8,5,0.05435839042629276,0.9493678168200299
8,4,0.07505041576668958,0.0022430868715090924
8,4,0.05435839042629276,0.0022430868715090924
8,4,0.05435839042629276,0.0022430868715090924
8,4,0.07505041576668958,0.0022430868715090924
8,4,0.07505041576668958,0.055118356922989165
8,4,0.07505041576668958,0.0022430868715090924
8,4,0.09574244110708818,0.055118356922989165
8,4,0.07505041576668958,0.055118356922989165
8,4,0.07505041576668958,0.055118356922989165
8,4,0.09574244110708818,0.055118356922989165
8,4,0.09574244110708818,0.10799362697446924
8,4,0.09574244110708818,0.055118356922989165
8,4,0.11643446644748501,0.10799362697446924
8,4,0.09574244110708818,0.10799362697446924
8,4,0.09574244110708818,0.10799362697446924
8,4,0.11643446644748501,0.10799362697446924
8,4,0.11643446644748501,0.1608688970259493
8,4,0.11643446644748501,0.10799362697446924
8,4,0.1371264917878836,0.1608688970259493
8,4,0.11643446644748501,0.1608688970259493
8,4,0.11643446644748501,0.1608688970259493
8,4,0.1371264917878836,0.1608688970259493
8,4,0.1371264917878836,0.2137441670774285
8,5,0.05435839042629276,0.9493678168200299
8,5,0.07505041576668958,0.9493678168200299
8,4,0.07505041576668958,0.0022430868715090924
8,5,0.07505041576668958,0.9493678168200299
8,4,0.09574244110708818,0.0022430868715090924
8,4,0.07505041576668958,0.0022430868715090924
8,4,0.07505041576668958,0.0022430868715090924
8,4,0.09574244110708818,0.0022430868715090924
8,4,0.09574244110708818,0.055118356922989165
8,4,0.09574244110708818,0.0022430868715090924
8,4,0.11643446644748501,0.055118356922989165
8,4,0.09574244110708818,0.055118356922989165
8,4,0.09574244110708818,0.055118356922989165
8,4,0.11643446644748501,0.055118356922989165
8,4,0.11643446644748501,0.10799362697446924
8,4,0.11643446644748501,0.055118356922989165
8,4,0.1371264917878836,0.10799362697446924
8,4,0.11643446644748501,0.10799362697446924
8,4,0.11643446644748501,0.10799362697446924
8,4,0.1371264917878836,0.10799362697446924
8,4,0.1371264917878836,0.1608688970259493
8,5,0.07505041576668958,0.9493678168200299
8,5,0.09574244110708818,0.9493678168200299
8,4,0.09574244110708818,0.0022430868715090924
8,5,0.09574244110708818,0.9493678168200299
8,4,0.11643446644748501,0.0022430868715090924
8,4,0.09574244110708818,0.0022430868715090924
8,4,0.09574244110708818,0.0022430868715090924
8,4,0.11643446644748501,0.0022430868715090924
8,4,0.11643446644748501,0.055118356922989165
8,4,0.11643446644748501,0.0022430868715090924
8,4,0.1371264917878836,0.055118356922989165
8,4,0.11643446644748501,0.055118356922989165
8,4,0.11643446644748501,0.055118356922989165
8,4,0.1371264917878836,0.055118356922989165
8,4,0.1371264917878836,0.10799362697446924
8,5,0.09574244110708818,0.9493678168200299
8,5,0.11643446644748501,0.9493678168200299
8,4,0.11643446644748501,0.0022430868715090924
8,5,0.11643446644748501,0.9493678168200299
8,4,0.1371264917878836,0.0022430868715090924
8,4,0.11643446644748501,0.0022430868715090924
8,4,0.11643446644748501,0.0022430868715090924
8,4,0.1371264917878836,0.0022430868715090924
8,4,0.1371264917878836,0.055118356922989165
8,5,0.11643446644748501,0.9493678168200299
8,5,0.1371264917878836,0.9493678168200299
8,4,0.1371264917878836,0.0022430868715090924
8,4,0.1371264917878836,0.3723699772318678
8,4,0.1371264917878836,0.31949470718038864
8,4,0.1578478814026525,0.31949470718038864
8,4,0.1371264917878836,0.31949470718038864
8,4,0.1578478814026525,0.26661943712890857
8,4,0.1578478814026525,0.31949470718038864
8,4,0.1578478814026525,0.31949470718038864
8,4,0.1578478814026525,0.26661943712890857
8,4,0.17856927101742137,0.26661943712890857
8,4,0.1578478814026525,0.26661943712890857
8,4,0.17856927101742137,0.2137441670774285
8,4,0.17856927101742137,0.26661943712890857
8,4,0.17856927101742137,0.26661943712890857
8,4,0.17856927101742137,0.2137441670774285
8,4,0.19929066063219025,0.2137441670774285
8,4,0.17856927101742137,0.2137441670774285
8,4,0.19929066063219025,0.1608688970259493
8,4,0.19929066063219025,0.2137441670774285
8,4,0.19929066063219025,0.2137441670774285
8,4,0.19929066063219025,0.1608688970259493
8,4,0.22001205024695913,0.1608688970259493
8,4,0.19929066063219025,0.1608688970259493
8,4,0.22001205024695913,0.10799362697446924
8,4,0.22001205024695913,0.1608688970259493
8,4,0.22001205024695913,0.1608688970259493
8,4,0.22001205024695913,0.10799362697446924
8,4,0.24073343986172802,0.10799362697446924
8,4,0.22001205024695913,0.10799362697446924
8,4,0.24073343986172802,0.055118356922989165
8,4,0.24073343986172802,0.10799362697446924
8,4,0.24073343986172802,0.10799362697446924
8,4,0.24073343986172802,0.055118356922989165
8,4,0.2614548294764969,0.055118356922989165
8,4,0.24073343986172802,0.055118356922989165
8,4,0.2614548294764969,0.0022430868715090924
8,4,0.2614548294764969,0.055118356922989165
8,4,0.2614548294764969,0.055118356922989165
8,4,0.2614548294764969,0.0022430868715090924
8,4,0.2821762190912658,0.0022430868715090924
8,4,0.2614548294764969,0.0022430868715090924
8,5,0.2821762190912658,0.9493678168200299
8,4,0.2821762190912658,0.0022430868715090924
8,4,0.2821762190912658,0.0022430868715090924
8,5,0.2821762190912658,0.9493678168200299
8,5,0.30289760870603644,0.9493678168200299
8,4,0.1371264917878836,0.31949470718038864
8,4,0.1371264917878836,0.26661943712890857
8,4,0.1578478814026525,0.26661943712890857
8,4,0.1371264917878836,0.26661943712890857
8,4,0.1578478814026525,0.2137441670774285
8,4,0.1578478814026525,0.26661943712890857
8,4,0.1578478814026525,0.26661943712890857
8,4,0.1578478814026525,0.2137441670774285
8,4,0.17856927101742137,0.2137441670774285
8,4,0.1578478814026525,0.2137441670774285
8,4,0.17856927101742137,0.1608688970259493
8,4,0.17856927101742137,0.2137441670774285
8,4,0.17856927101742137,0.2137441670774285
8,4,0.17856927101742137,0.1608688970259493
8,4,0.19929066063219025,0.1608688970259493
8,4,0.17856927101742137,0.1608688970259493
8,4,0.19929066063219025,0.10799362697446924
8,4,0.19929066063219025,0.1608688970259493
8,4,0.19929066063219025,0.1608688970259493
8,4,0.19929066063219025,0.10799362697446924
8,4,0.22001205024695913,0.10799362697446924
8,4,0.19929066063219025,0.10799362697446924
8,4,0.22001205024695913,0.055118356922989165
8,4,0.22001205024695913,0.10799362697446924
8,4,0.22001205024695913,0.10799362697446924
8,4,0.22001205024695913,0.055118356922989165
8,4,0.24073343986172802,0.055118356922989165
8,4,0.22001205024695913,0.055118356922989165
8,4,0.24073343986172802,0.0022430868715090924
8,4,0.24073343986172802,0.055118356922989165
8,4,0.24073343986172802,0.055118356922989165
8,4,0.24073343986172802,0.0022430868715090924
8,4,0.2614548294764969,0.0022430868715090924
8,4,0.24073343986172802,0.0022430868715090924
8,5,0.2614548294764969,0.9493678168200299
8,4,0.2614548294764969,0.0022430868715090924
8,4,0.2614548294764969,0.0022430868715090924
8,5,0.2614548294764969,0.9493678168200299
8,5,0.2821762190912658,0.9493678168200299
8,4,0.1371264917878836,0.26661943712890857
8,4,0.1371264917878836,0.2137441670774285
8,4,0.1578478814026525,0.2137441670774285
8,4,0.1371264917878836,0.2137441670774285
8,4,0.1578478814026525,0.1608688970259493
8,4,0.1578478814026525,0.2137441670774285
8,4,0.1578478814026525,0.2137441670774285
8,4,0.1578478814026525,0.1608688970259493
8,4,0.17856927101742137,0.1608688970259493
8,4,0.1578478814026525,0.1608688970259493
8,4,0.17856927101742137,0.10799362697446924
8,4,0.17856927101742137,0.1608688970259493
8,4,0.17856927101742137,0.1608688970259493
8,4,0.17856927101742137,0.10799362697446924
8,4,0.19929066063219025,0.10799362697446924
8,4,0.17856927101742137,0.10799362697446924
8,4,0.19929066063219025,0.055118356922989165
8,4,0.19929066063219025,0.10799362697446924
8,4,0.19929066063219025,0.10799362697446924
8,4,0.19929066063219025,0.055118356922989165
8,4,0.22001205024695913,0.055118356922989165
8,4,0.19929066063219025,0.055118356922989165
8,4,0.22001205024695913,0.0022430868715090924
8,4,0.22001205024695913,0.055118356922989165
8,4,0.22001205024695913,0.055118356922989165
8,4,0.22001205024695913,0.0022430868715090924
8,4,0.24073343986172802,0.0022430868715090924
8,4,0.22001205024695913,0.0022430868715090924
8,5,0.24073343986172802,0.9493678168200299
8,4,0.24073343986172802,0.0022430868715090924
8,4,0.24073343986172802,0.0022430868715090924
8,5,0.24073343986172802,0.9493678168200299
8,5,0.2614548294764969,0.9493678168200299
8,4,0.1371264917878836,0.2137441670774285
8,4,0.1371264917878836,0.1608688970259493
8,4,0.1578478814026525,0.1608688970259493
8,4,0.1371264917878836,0.1608688970259493
8,4,0.1578478814026525,0.10799362697446924
8,4,0.1578478814026525,0.1608688970259493
8,4,0.1578478814026525,0.1608688970259493
8,4,0.1578478814026525,0.10799362697446924
8,4,0.17856927101742137,0.10799362697446924
8,4,0.1578478814026525,0.10799362697446924
8,4,0.17856927101742137,0.055118356922989165
8,4,0.17856927101742137,0.10799362697446924
8,4,0.17856927101742137,0.10799362697446924
8,4,0.17856927101742137,0.055118356922989165
8,4,0.19929066063219025,0.055118356922989165
8,4,0.17856927101742137,0.055118356922989165
8,4,0.19929066063219025,0.0022430868715090924
8,4,0.19929066063219025,0.055118356922989165
8,4,0.19929066063219025,0.055118356922989165
8,4,0.19929066063219025,0.0022430868715090924
8,4,0.22001205024695913,0.0022430868715090924
8,4,0.19929066063219025,0.0022430868715090924
8,5,0.22001205024695913,0.9493678168200299
8,4,0.22001205024695913,0.0022430868715090924
8,4,0.22001205024695913,0.0022430868715090924
8,5,0.22001205024695913,0.9493678168200299
8,5,0.24073343986172802,0.9493678168200299
8,4,0.1371264917878836,0.1608688970259493
8,4,0.1371264917878836,0.10799362697446924
8,4,0.1578478814026525,0.10799362697446924
8,4,0.1371264917878836,0.10799362697446924
8,4,0.1578478814026525,0.055118356922989165
8,4,0.1578478814026525,0.10799362697446924
8,4,0.1578478814026525,0.10799362697446924
8,4,0.1578478814026525,0.055118356922989165
8,4,0.17856927101742137,0.055118356922989165
8,4,0.1578478814026525,0.055118356922989165
8,4,0.17856927101742137,0.0022430868715090924
8,4,0.17856927101742137,0.055118356922989165
8,4,0.17856927101742137,0.055118356922989165
8,4,0.17856927101742137,0.0022430868715090924
8,4,0.19929066063219025,0.0022430868715090924
8,4,0.17856927101742137,0.0022430868715090924
8,5,0.19929066063219025,0.9493678168200299
8,4,0.19929066063219025,0.0022430868715090924
8,4,0.19929066063219025,0.0022430868715090924
8,5,0.19929066063219025,0.9493678168200299
8,5,0.22001205024695913,0.9493678168200299
8,4,0.1371264917878836,0.10799362697446924
8,4,0.1371264917878836,0.055118356922989165
8,4,0.1578478814026525,0.055118356922989165
8,4,0.1371264917878836,0.055118356922989165
8,4,0.1578478814026525,0.0022430868715090924
8,4,0.1578478814026525,0.055118356922989165
8,4,0.1578478814026525,0.055118356922989165
8,4,0.1578478814026525,0.0022430868715090924
8,4,0.17856927101742137,0.0022430868715090924
8,4,0.1578478814026525,0.0022430868715090924
8,5,0.17856927101742137,0.9493678168200299
8,4,0.17856927101742137,0.0022430868715090924
8,4,0.17856927101742137,0.0022430868715090924
8,5,0.17856927101742137,0.9493678168200299
8,5,0.19929066063219025,0.9493678168200299
8,4,0.1371264917878836,0.055118356922989165
8,4,0.1371264917878836,0.0022430868715090924
8,4,0.1578478814026525,0.0022430868715090924
8,4,0.1371264917878836,0.0022430868715090924
8,5,0.1578478814026525,0.9493678168200299
8,4,0.1578478814026525,0.0022430868715090924
8,4,0.1578478814026525,0.0022430868715090924
8,5,0.1578478814026525,0.9493678168200299
8,5,0.17856927101742137,0.9493678168200299
8,4,0.1371264917878836,0.0022430868715090924
8,5,0.1371264917878836,0.9493678168200299
8,5,0.1578478814026525,0.9493678168200299
8,5,0.30289760870603644,0.9493678168200299
8,4,0.30289760870603644,0.0022430868715090924
8,4,0.2821762190912658,0.0022430868715090924
8,4,0.30289760870603644,0.0022430868715090924
8,4,0.2821762190912658,0.055118356922989165
8,4,0.2821762190912658,0.0022430868715090924
8,4,0.2821762190912658,0.0022430868715090924
8,4,0.2821762190912658,0.055118356922989165
8,4,0.2614548294764969,0.055118356922989165
8,4,0.2821762190912658,0.055118356922989165
8,4,0.2614548294764969,0.10799362697446924
8,4,0.2614548294764969,0.055118356922989165
8,4,0.2614548294764969,0.055118356922989165
8,4,0.2614548294764969,0.10799362697446924
8,4,0.24073343986172802,0.10799362697446924
8,4,0.2614548294764969,0.10799362697446924
8,4,0.24073343986172802,0.1608688970259493
8,4,0.24073343986172802,0.10799362697446924
8,4,0.24073343986172802,0.10799362697446924
8,4,0.24073343986172802,0.1608688970259493
8,4,0.22001205024695913,0.1608688970259493
8,4,0.24073343986172802,0.1608688970259493
8,4,0.22001205024695913,0.2137441670774285
8,4,0.22001205024695913,0.1608688970259493
8,4,0.22001205024695913,0.1608688970259493
8,4,0.22001205024695913,0.2137441670774285
8,4,0.19929066063219025,0.2137441670774285
8,4,0.22001205024695913,0.2137441670774285
8,4,0.19929066063219025,0.26661943712890857
8,4,0.19929066063219025,0.2137441670774285
8,4,0.19929066063219025,0.2137441670774285
8,4,0.19929066063219025,0.26661943712890857
8,4,0.17856927101742137,0.26661943712890857
8,4,0.19929066063219025,0.26661943712890857
8,4,0.17856927101742137,0.31949470718038864
8,4,0.17856927101742137,0.26661943712890857
8,4,0.17856927101742137,0.26661943712890857
8,4,0.17856927101742137,0.31949470718038864
8,4,0.1578478814026525,0.31949470718038864
8,4,0.17856927101742137,0.31949470718038864
8,4,0.1578478814026525,0.3723699772318678
8,4,0.1578478814026525,0.31949470718038864
8,4,0.1578478814026525,0.31949470718038864
8,4,0.1578478814026525,0.3723699772318678
8,4,0.1371264917878836,0.3723699772318678
8,4,0.30289760870603644,0.0022430868715090924
8,4,0.30289760870603644,0.055118356922989165
8,4,0.2821762190912658,0.055118356922989165
8,4,0.30289760870603644,0.055118356922989165
8,4,0.2821762190912658,0.10799362697446924
8,4,0.2821762190912658,0.055118356922989165
8,4,0.2821762190912658,0.055118356922989165
8,4,0.2821762190912658,0.10799362697446924
8,4,0.2614548294764969,0.10799362697446924
8,4,0.2821762190912658,0.10799362697446924
8,4,0.2614548294764969,0.1608688970259493
8,4,0.2614548294764969,0.10799362697446924
8,4,0.2614548294764969,0.10799362697446924
8,4,0.2614548294764969,0.1608688970259493
8,4,0.24073343986172802,0.1608688970259493
8,4,0.2614548294764969,0.1608688970259493
8,4,0.24073343986172802,0.2137441670774285
8,4,0.24073343986172802,0.1608688970259493
8,4,0.24073343986172802,0.1608688970259493
8,4,0.24073343986172802,0.2137441670774285
8,4,0.22001205024695913,0.2137441670774285
8,4,0.24073343986172802,0.2137441670774285
8,4,0.22001205024695913,0.26661943712890857
8,4,0.22001205024695913,0.2137441670774285
8,4,0.22001205024695913,0.2137441670774285
8,4,0.22001205024695913,0.26661943712890857
8,4,0.19929066063219025,0.26661943712890857
8,4,0.22001205024695913,0.26661943712890857
8,4,0.19929066063219025,0.31949470718038864
8,4,0.19929066063219025,0.26661943712890857
8,4,0.19929066063219025,0.26661943712890857
8,4,0.19929066063219025,0.31949470718038864
8,4,0.17856927101742137,0.31949470718038864
8,4,0.19929066063219025,0.31949470718038864
8,4,0.17856927101742137,0.3723699772318678
8,4,0.17856927101742137,0.31949470718038864
8,4,0.17856927101742137,0.31949470718038864
8,4,0.17856927101742137,0.3723699772318678
8,4,0.1578478814026525,0.3723699772318678
8,4,0.30289760870603644,0.055118356922989165
8,4,0.30289760870603644,0.10799362697446924
8,4,0.2821762190912658,0.10799362697446924
8,4,0.30289760870603644,0.10799362697446924
8,4,0.2821762190912658,0.1608688970259493
8,4,0.2821762190912658,0.10799362697446924
8,4,0.2821762190912658,0.10799362697446924
8,4,0.2821762190912658,0.1608688970259493
8,4,0.2614548294764969,0.1608688970259493
8,4,0.2821762190912658,0.1608688970259493
8,4,0.2614548294764969,0.2137441670774285
8,4,0.2614548294764969,0.1608688970259493
8,4,0.2614548294764969,0.1608688970259493
8,4,0.2614548294764969,0.2137441670774285
8,4,0.24073343986172802,0.2137441670774285
8,4,0.2614548294764969,0.2137441670774285
8,4,0.24073343986172802,0.26661943712890857
8,4,0.24073343986172802,0.2137441670774285
8,4,0.24073343986172802,0.2137441670774285
8,4,0.24073343986172802,0.26661943712890857
8,4,0.22001205024695913,0.26661943712890857
8,4,0.24073343986172802,0.26661943712890857
8,4,0.22001205024695913,0.31949470718038864
8,4,0.22001205024695913,0.26661943712890857
8,4,0.22001205024695913,0.26661943712890857
8,4,0.22001205024695913,0.31949470718038864
8,4,0.19929066063219025,0.31949470718038864
8,4,0.22001205024695913,0.31949470718038864
8,4,0.19929066063219025,0.3723699772318678
8,4,0.19929066063219025,0.31949470718038864
8,4,0.19929066063219025,0.31949470718038864
8,4,0.19929066063219025,0.3723699772318678
8,4,0.17856927101742137,0.3723699772318678
8,4,0.30289760870603644,0.10799362697446924
8,4,0.30289760870603644,0.1608688970259493
8,4,0.2821762190912658,0.1608688970259493
8,4,0.30289760870603644,0.1608688970259493
8,4,0.2821762190912658,0.2137441670774285
8,4,0.2821762190912658,0.1608688970259493
8,4,0.2821762190912658,0.1608688970259493
8,4,0.2821762190912658,0.2137441670774285
8,4,0.2614548294764969,0.2137441670774285
8,4,0.2821762190912658,0.2137441670774285
8,4,0.2614548294764969,0.26661943712890857
8,4,0.2614548294764969,0.2137441670774285
8,4,0.2614548294764969,0.2137441670774285
8,4,0.2614548294764969,0.26661943712890857
8,4,0.24073343986172802,0.26661943712890857
8,4,0.2614548294764969,0.26661943712890857
8,4,0.24073343986172802,0.31949470718038864
8,4,0.24073343986172802,0.26661943712890857
8,4,0.24073343986172802,0.26661943712890857
8,4,0.24073343986172802,0.31949470718038864
8,4,0.22001205024695913,0.31949470718038864
8,4,0.24073343986172802,0.31949470718038864
8,4,0.22001205024695913,0.3723699772318678
8,4,0.22001205024695913,0.31949470718038864
8,4,0.22001205024695913,0.31949470718038864
8,4,0.22001205024695913,0.3723699772318678
8,4,0.19929066063219025,0.3723699772318678
8,4,0.30289760870603644,0.1608688970259493
8,4,0.30289760870603644,0.2137441670774285
8,4,0.2821762190912658,0.2137441670774285
8,4,0.30289760870603644,0.2137441670774285
8,4,0.2821762190912658,0.26661943712890857
8,4,0.2821762190912658,0.2137441670774285
8,4,0.2821762190912658,0.2137441670774285
8,4,0.2821762190912658,0.26661943712890857
8,4,0.2614548294764969,0.26661943712890857
8,4,0.2821762190912658,0.26661943712890857
8,4,0.2614548294764969,0.31949470718038864
8,4,0.2614548294764969,0.26661943712890857
8,4,0.2614548294764969,0.26661943712890857
8,4,0.2614548294764969,0.31949470718038864
8,4,0.24073343986172802,0.31949470718038864
8,4,0.2614548294764969,0.31949470718038864
8,4,0.24073343986172802,0.3723699772318678
8,4,0.24073343986172802,0.31949470718038864
8,4,0.24073343986172802,0.31949470718038864
8,4,0.24073343986172802,0.3723699772318678
8,4,0.22001205024695913,0.3723699772318678
8,4,0.30289760870603644,0.2137441670774285
8,4,0.30289760870603644,0.26661943712890857
8,4,0.2821762190912658,0.26661943712890857
8,4,0.30289760870603644,0.26661943712890857
8,4,0.2821762190912658,0.31949470718038864
8,4,0.2821762190912658,0.26661943712890857
8,4,0.2821762190912658,0.26661943712890857
8,4,0.2821762190912658,0.31949470718038864
8,4,0.2614548294764969,0.31949470718038864
8,4,0.2821762190912658,0.31949470718038864
8,4,0.2614548294764969,0.3723699772318678
8,4,0.2614548294764969,0.31949470718038864
8,4,0.2614548294764969,0.31949470718038864
8,4,0.2614548294764969,0.3723699772318678
8,4,0.24073343986172802,0.3723699772318678
8,4,0.30289760870603644,0.26661943712890857
8,4,0.30289760870603644,0.31949470718038864
8,4,0.2821762190912658,0.31949470718038864
8,4,0.30289760870603644,0.31949470718038864
8,4,0.2821762190912658,0.3723699772318678
8,4,0.2821762190912658,0.31949470718038864
8,4,0.2821762190912658,0.31949470718038864
8,4,0.2821762190912658,0.3723699772318678
8,4,0.2614548294764969,0.3723699772318678
8,4,0.30289760870603644,0.31949470718038864
8,4,0.30289760870603644,0.3723699772318678
8,4,0.2821762190912658,0.3723699772318678
8,4,0.15529318953233862,0.4726000337529994
8,4,0.13456201182611238,0.4726000337529994
8,4,0.13456201182611238,0.4197149756100629
8,4,0.13456201182611238,0.4726000337529994
8,4,0.11383083411988615,0.4197149756100629
8,4,0.13456201182611238,0.4197149756100629
8,4,0.13456201182611238,0.4197149756100629
8,4,0.11383083411988615,0.4197149756100629
8,4,0.11383083411988615,0.36682991746712545
8,4,0.11383083411988615,0.4197149756100629
8,4,0.09309965641365991,0.36682991746712545
8,4,0.11383083411988615,0.36682991746712545
8,4,0.11383083411988615,0.36682991746712545
8,4,0.09309965641365991,0.36682991746712545
8,4,0.09309965641365991,0.3139448593241889
8,4,0.09309965641365991,0.36682991746712545
8,4,0.07236847870743368,0.3139448593241889
8,4,0.09309965641365991,0.3139448593241889
8,4,0.09309965641365991,0.3139448593241889
8,4,0.07236847870743368,0.3139448593241889
8,4,0.07236847870743368,0.2610598011812524
8,4,0.07236847870743368,0.3139448593241889
8,4,0.05163730100120745,0.2610598011812524
8,4,0.07236847870743368,0.2610598011812524
8,4,0.07236847870743368,0.2610598011812524
8,4,0.05163730100120745,0.2610598011812524
8,4,0.05163730100120745,0.20817474303831496
8,4,0.05163730100120745,0.2610598011812524
8,4,0.030906123294981214,0.20817474303831496
8,4,0.05163730100120745,0.20817474303831496
8,4,0.05163730100120745,0.20817474303831496
8,4,0.030906123294981214,0.20817474303831496
8,4,0.030906123294981214,0.15528968489537842
8,4,0.030906123294981214,0.20817474303831496
8,4,0.01017494558875498,0.15528968489537842
8,4,0.030906123294981214,0.15528968489537842
8,4,0.030906123294981214,0.15528968489537842
8,4,0.01017494558875498,0.15528968489537842
8,4,0.01017494558875498,0.102404626752441
8,4,0.01017494558875498,0.15528968489537842
7,4,0.9894437678825279,0.102404626752441
8,4,0.01017494558875498,0.102404626752441
8,4,0.01017494558875498,0.102404626752441
7,4,0.9894437678825279,0.102404626752441
7,4,0.9894437678825279,0.04951956860950446
8,4,0.13456201182611238,0.4726000337529994
8,4,0.11383083411988615,0.4726000337529994
8,4,0.11383083411988615,0.4197149756100629
8,4,0.11383083411988615,0.4726000337529994
8,4,0.09309965641365991,0.4197149756100629
8,4,0.11383083411988615,0.4197149756100629
8,4,0.11383083411988615,0.4197149756100629
8,4,0.09309965641365991,0.4197149756100629
8,4,0.09309965641365991,0.36682991746712545
8,4,0.09309965641365991,0.4197149756100629
8,4,0.07236847870743368,0.36682991746712545
8,4,0.09309965641365991,0.36682991746712545
8,4,0.09309965641365991,0.36682991746712545
8,4,0.07236847870743368,0.36682991746712545
8,4,0.07236847870743368,0.3139448593241889
8,4,0.07236847870743368,0.36682991746712545
8,4,0.05163730100120745,0.3139448593241889
8,4,0.07236847870743368,0.3139448593241889
8,4,0.07236847870743368,0.3139448593241889
8,4,0.05163730100120745,0.3139448593241889
8,4,0.05163730100120745,0.2610598011812524
8,4,0.05163730100120745,0.3139448593241889
8,4,0.030906123294981214,0.2610598011812524
8,4,0.05163730100120745,0.2610598011812524
8,4,0.05163730100120745,0.2610598011812524
8,4,0.030906123294981214,0.2610598011812524
8,4,0.030906123294981214,0.20817474303831496
8,4,0.030906123294981214,0.2610598011812524
8,4,0.01017494558875498,0.20817474303831496
8,4,0.030906123294981214,0.20817474303831496
8,4,0.030906123294981214,0.20817474303831496
8,4,0.01017494558875498,0.20817474303831496
8,4,0.01017494558875498,0.15528968489537842
8,4,0.01017494558875498,0.20817474303831496
7,4,0.9894437678825279,0.15528968489537842
8,4,0.01017494558875498,0.15528968489537842
8,4,0.01017494558875498,0.15528968489537842
7,4,0.9894437678825279,0.15528968489537842
7,4,0.9894437678825279,0.102404626752441
8,4,0.11383083411988615,0.4726000337529994
8,4,0.09309965641365991,0.4726000337529994
8,4,0.09309965641365991,0.4197149756100629
8,4,0.09309965641365991,0.4726000337529994
8,4,0.07236847870743368,0.4197149756100629
8,4,0.09309965641365991,0.4197149756100629
8,4,0.09309965641365991,0.4197149756100629
8,4,0.07236847870743368,0.4197149756100629
8,4,0.07236847870743368,0.36682991746712545
8,4,0.07236847870743368,0.4197149756100629
8,4,0.05163730100120745,0.36682991746712545
8,4,0.07236847870743368,0.36682991746712545
8,4,0.07236847870743368,0.36682991746712545
8,4,0.05163730100120745,0.36682991746712545
8,4,0.05163730100120745,0.3139448593241889
8,4,0.05163730100120745,0.36682991746712545
8,4,0.030906123294981214,0.3139448593241889
8,4,0.05163730100120745,0.3139448593241889
8,4,0.05163730100120745,0.3139448593241889
8,4,0.030906123294981214,0.3139448593241889
8,4,0.030906123294981214,0.2610598011812524
8,4,0.030906123294981214,0.3139448593241889
8,4,0.01017494558875498,0.2610598011812524
8,4,0.030906123294981214,0.2610598011812524
8,4,0.030906123294981214,0.2610598011812524
8,4,0.01017494558875498,0.2610598011812524
8,4,0.01017494558875498,0.20817474303831496
8,4,0.01017494558875498,0.2610598011812524
7,4,0.9894437678825279,0.20817474303831496
8,4,0.01017494558875498,0.20817474303831496
8,4,0.01017494558875498,0.20817474303831496
7,4,0.9894437678825279,0.20817474303831496
7,4,0.9894437678825279,0.15528968489537842
8,4,0.09309965641365991,0.4726000337529994
8,4,0.07236847870743368,0.4726000337529994
8,4,0.07236847870743368,0.4197149756100629
8,4,0.07236847870743368,0.4726000337529994
8,4,0.05163730100120745,0.4197149756100629
8,4,0.07236847870743368,0.4197149756100629
8,4,0.07236847870743368,0.4197149756100629
8,4,0.05163730100120745,0.4197149756100629
8,4,0.05163730100120745,0.36682991746712545
8,4,0.05163730100120745,0.4197149756100629
8,4,0.030906123294981214,0.36682991746712545
8,4,0.05163730100120745,0.36682991746712545
8,4,0.05163730100120745,0.36682991746712545
8,4,0.030906123294981214,0.36682991746712545
8,4,0.030906123294981214,0.3139448593241889
8,4,0.030906123294981214,0.36682991746712545
8,4,0.01017494558875498,0.3139448593241889
8,4,0.030906123294981214,0.3139448593241889
8,4,0.030906123294981214,0.3139448593241889
8,4,0.01017494558875498,0.3139448593241889
8,4,0.01017494558875498,0.2610598011812524
8,4,0.01017494558875498,0.3139448593241889
7,4,0.9894437678825279,0.2610598011812524
8,4,0.01017494558875498,0.2610598011812524
8,4,0.01017494558875498,0.2610598011812524
7,4,0.9894437678825279,0.2610598011812524
7,4,0.9894437678825279,0.20817474303831496
8,4,0.07236847870743368,0.4726000337529994
8,4,0.05163730100120745,0.4726000337529994
8,4,0.05163730100120745,0.4197149756100629
8,4,0.05163730100120745,0.4726000337529994
8,4,0.030906123294981214,0.4197149756100629
8,4,0.05163730100120745,0.4197149756100629
8,4,0.05163730100120745,0.4197149756100629
8,4,0.030906123294981214,0.4197149756100629
8,4,0.030906123294981214,0.36682991746712545
8,4,0.030906123294981214,0.4197149756100629
8,4,0.01017494558875498,0.36682991746712545
8,4,0.030906123294981214,0.36682991746712545
8,4,0.030906123294981214,0.36682991746712545
8,4,0.01017494558875498,0.36682991746712545
8,4,0.01017494558875498,0.3139448593241889
8,4,0.01017494558875498,0.36682991746712545
7,4,0.9894437678825279,0.3139448593241889
8,4,0.01017494558875498,0.3139448593241889
8,4,0.01017494558875498,0.3139448593241889
7,4,0.9894437678825279,0.3139448593241889
7,4,0.9894437678825279,0.2610598011812524
8,4,0.05163730100120745,0.4726000337529994
8,4,0.030906123294981214,0.4726000337529994
8,4,0.030906123294981214,0.4197149756100629
8,4,0.030906123294981214,0.4726000337529994
8,4,0.01017494558875498,0.4197149756100629
8,4,0.030906123294981214,0.4197149756100629
8,4,0.030906123294981214,0.4197149756100629
8,4,0.01017494558875498,0.4197149756100629
8,4,0.01017494558875498,0.36682991746712545
8,4,0.01017494558875498,0.4197149756100629
7,4,0.9894437678825279,0.36682991746712545
8,4,0.01017494558875498,0.36682991746712545
8,4,0.01017494558875498,0.36682991746712545
7,4,0.9894437678825279,0.36682991746712545
7,4,0.9894437678825279,0.3139448593241889
8,4,0.030906123294981214,0.4726000337529994
8,4,0.01017494558875498,0.4726000337529994
8,4,0.01017494558875498,0.4197149756100629
8,4,0.01017494558875498,0.4726000337529994
7,4,0.9894437678825279,0.4197149756100629
8,4,0.01017494558875498,0.4197149756100629
8,4,0.01017494558875498,0.4197149756100629
7,4,0.9894437678825279,0.4197149756100629
7,4,0.9894437678825279,0.36682991746712545
8,4,0.01017494558875498,0.4726000337529994
7,4,0.9894437678825279,0.4726000337529994
7,4,0.9894437678825279,0.4197149756100629
7,4,0.9894437678825279,0.04951956860950446
8,4,0.01017494558875498,0.04951956860950446
8,4,0.01017494558875498,0.102404626752441
8,4,0.01017494558875498,0.04951956860950446
8,4,0.030906123294981214,0.102404626752441
8,4,0.01017494558875498,0.102404626752441
8,4,0.01017494558875498,0.102404626752441
8,4,0.030906123294981214,0.102404626752441
8,4,0.030906123294981214,0.15528968489537842
8,4,0.030906123294981214,0.102404626752441
8,4,0.05163730100120745,0.15528968489537842
8,4,0.030906123294981214,0.15528968489537842
8,4,0.030906123294981214,0.15528968489537842
8,4,0.05163730100120745,0.15528968489537842
8,4,0.05163730100120745,0.20817474303831496
8,4,0.05163730100120745,0.15528968489537842
8,4,0.07236847870743368,0.20817474303831496
8,4,0.05163730100120745,0.20817474303831496
8,4,0.05163730100120745,0.20817474303831496
8,4,0.07236847870743368,0.20817474303831496
8,4,0.07236847870743368,0.2610598011812524
8,4,0.07236847870743368,0.20817474303831496
8,4,0.09309965641365991,0.2610598011812524
8,4,0.07236847870743368,0.2610598011812524
8,4,0.07236847870743368,0.2610598011812524
8,4,0.09309965641365991,0.2610598011812524
8,4,0.09309965641365991,0.3139448593241889
8,4,0.09309965641365991,0.2610598011812524
8,4,0.11383083411988615,0.3139448593241889
8,4,0.09309965641365991,0.3139448593241889
8,4,0.09309965641365991,0.3139448593241889
8,4,0.11383083411988615,0.3139448593241889
8,4,0.11383083411988615,0.36682991746712545
8,4,0.11383083411988615,0.3139448593241889
8,4,0.13456201182611238,0.36682991746712545
8,4,0.11383083411988615,0.36682991746712545
8,4,0.11383083411988615,0.36682991746712545
8,4,0.13456201182611238,0.36682991746712545
8,4,0.13456201182611238,0.4197149756100629
8,4,0.13456201182611238,0.36682991746712545
8,4,0.15529318953233862,0.4197149756100629
8,4,0.13456201182611238,0.4197149756100629
8,4,0.13456201182611238,0.4197149756100629
8,4,0.15529318953233862,0.4197149756100629
8,4,0.15529318953233862,0.4726000337529994
8,4,0.01017494558875498,0.04951956860950446
8,4,0.030906123294981214,0.04951956860950446
8,4,0.030906123294981214,0.102404626752441
8,4,0.030906123294981214,0.04951956860950446
8,4,0.05163730100120745,0.102404626752441
8,4,0.030906123294981214,0.102404626752441
8,4,0.030906123294981214,0.102404626752441
8,4,0.05163730100120745,0.102404626752441
8,4,0.05163730100120745,0.15528968489537842
8,4,0.05163730100120745,0.102404626752441
8,4,0.07236847870743368,0.15528968489537842
8,4,0.05163730100120745,0.15528968489537842
8,4,0.05163730100120745,0.15528968489537842
8,4,0.07236847870743368,0.15528968489537842
8,4,0.07236847870743368,0.20817474303831496
8,4,0.07236847870743368,0.15528968489537842
8,4,0.09309965641365991,0.20817474303831496
8,4,0.07236847870743368,0.20817474303831496
8,4,0.07236847870743368,0.20817474303831496
8,4,0.09309965641365991,0.20817474303831496
8,4,0.09309965641365991,0.2610598011812524
8,4,0.09309965641365991,0.20817474303831496
8,4,0.11383083411988615,0.2610598011812524
8,4,0.09309965641365991,0.2610598011812524
8,4,0.09309965641365991,0.2610598011812524
8,4,0.11383083411988615,0.2610598011812524
8,4,0.11383083411988615,0.3139448593241889
8,4,0.11383083411988615,0.2610598011812524
8,4,0.13456201182611238,0.3139448593241889
8,4,0.11383083411988615,0.3139448593241889
8,4,0.11383083411988615,0.3139448593241889
8,4,0.13456201182611238,0.3139448593241889
8,4,0.13456201182611238,0.36682991746712545
8,4,0.13456201182611238,0.3139448593241889
8,4,0.15529318953233862,0.36682991746712545
8,4,0.13456201182611238,0.36682991746712545
8,4,0.13456201182611238,0.36682991746712545
8,4,0.15529318953233862,0.36682991746712545
8,4,0.15529318953233862,0.4197149756100629
8,4,0.030906123294981214,0.04951956860950446
8,4,0.05163730100120745,0.04951956860950446
8,4,0.05163730100120745,0.102404626752441
8,4,0.05163730100120745,0.04951956860950446
8,4,0.07236847870743368,0.102404626752441
8,4,0.05163730100120745,0.102404626752441
8,4,0.05163730100120745,0.102404626752441
8,4,0.07236847870743368,0.102404626752441
8,4,0.07236847870743368,0.15528968489537842
8,4,0.07236847870743368,0.102404626752441
8,4,0.09309965641365991,0.15528968489537842
8,4,0.07236847870743368,0.15528968489537842
8,4,0.07236847870743368,0.15528968489537842
8,4,0.09309965641365991,0.15528968489537842
8,4,0.09309965641365991,0.20817474303831496
8,4,0.09309965641365991,0.15528968489537842
8,4,0.11383083411988615,0.20817474303831496
8,4,0.09309965641365991,0.20817474303831496
8,4,0.09309965641365991,0.20817474303831496
8,4,0.11383083411988615,0.20817474303831496
8,4,0.11383083411988615,0.2610598011812524
8,4,0.11383083411988615,0.20817474303831496
8,4,0.13456201182611238,0.2610598011812524
8,4,0.11383083411988615,0.2610598011812524
8,4,0.11383083411988615,0.2610598011812524
8,4,0.13456201182611238,0.2610598011812524
8,4,0.13456201182611238,0.3139448593241889
8,4,0.13456201182611238,0.2610598011812524
8,4,0.15529318953233862,0.3139448593241889
8,4,0.13456201182611238,0.3139448593241889
8,4,0.13456201182611238,0.3139448593241889
8,4,0.15529318953233862,0.3139448593241889
8,4,0.15529318953233862,0.36682991746712545
8,4,0.05163730100120745,0.04951956860950446
8,4,0.07236847870743368,0.04951956860950446
8,4,0.07236847870743368,0.102404626752441
8,4,0.07236847870743368,0.04951956860950446
8,4,0.09309965641365991,0.102404626752441
8,4,0.07236847870743368,0.102404626752441
8,4,0.07236847870743368,0.102404626752441
8,4,0.09309965641365991,0.102404626752441
8,4,0.09309965641365991,0.15528968489537842
8,4,0.09309965641365991,0.102404626752441
8,4,0.11383083411988615,0.15528968489537842
8,4,0.09309965641365991,0.15528968489537842
8,4,0.09309965641365991,0.15528968489537842
8,4,0.11383083411988615,0.15528968489537842
8,4,0.11383083411988615,0.20817474303831496
8,4,0.11383083411988615,0.15528968489537842
8,4,0.13456201182611238,0.20817474303831496
8,4,0.11383083411988615,0.20817474303831496
8,4,0.11383083411988615,0.20817474303831496
8,4,0.13456201182611238,0.20817474303831496
8,4,0.13456201182611238,0.2610598011812524
8,4,0.13456201182611238,0.20817474303831496
8,4,0.15529318953233862,0.2610598011812524
8,4,0.13456201182611238,0.2610598011812524
8,4,0.13456201182611238,0.2610598011812524
8,4,0.15529318953233862,0.2610598011812524
8,4,0.15529318953233862,0.3139448593241889
8,4,0.07236847870743368,0.04951956860950446
8,4,0.09309965641365991,0.04951956860950446
8,4,0.09309965641365991,0.102404626752441
8,4,0.09309965641365991,0.04951956860950446
8,4,0.11383083411988615,0.102404626752441
8,4,0.09309965641365991,0.102404626752441
8,4,0.09309965641365991,0.102404626752441
8,4,0.11383083411988615,0.102404626752441
8,4,0.11383083411988615,0.15528968489537842
8,4,0.11383083411988615,0.102404626752441
8,4,0.13456201182611238,0.15528968489537842
8,4,0.11383083411988615,0.15528968489537842
8,4,0.11383083411988615,0.15528968489537842
8,4,0.13456201182611238,0.15528968489537842
8,4,0.13456201182611238,0.20817474303831496
8,4,0.13456201182611238,0.15528968489537842
8,4,0.15529318953233862,0.20817474303831496
8,4,0.13456201182611238,0.20817474303831496
8,4,0.13456201182611238,0.20817474303831496
8,4,0.15529318953233862,0.20817474303831496
8,4,0.15529318953233862,0.2610598011812524
8,4,0.09309965641365991,0.04951956860950446
8,4,0.11383083411988615,0.04951956860950446
8,4,0.11383083411988615,0.102404626752441
8,4,0.11383083411988615,0.04951956860950446
8,4,0.13456201182611238,0.102404626752441
8,4,0.11383083411988615,0.102404626752441
8,4,0.11383083411988615,0.102404626752441
8,4,0.13456201182611238,0.102404626752441
8,4,0.13456201182611238,0.15528968489537842
8,4,0.13456201182611238,0.102404626752441
8,4,0.15529318953233862,0.15528968489537842
8,4,0.13456201182611238,0.15528968489537842
8,4,0.13456201182611238,0.15528968489537842
8,4,0.15529318953233862,0.15528968489537842
8,4,0.15529318953233862,0.20817474303831496
8,4,0.11383083411988615,0.04951956860950446
8,4,0.13456201182611238,0.04951956860950446
8,4,0.13456201182611238,0.102404626752441
8,4,0.13456201182611238,0.04951956860950446
8,4,0.15529318953233862,0.102404626752441
8,4,0.13456201182611238,0.102404626752441
8,4,0.13456201182611238,0.102404626752441
8,4,0.15529318953233862,0.102404626752441
8,4,0.15529318953233862,0.15528968489537842
8,4,0.13456201182611238,0.04951956860950446
8,4,0.15529318953233862,0.04951956860950446
8,4,0.15529318953233862,0.102404626752441
8,4,0.15529318953233862,0.4726000337529994
8,4,0.15529318953233862,0.4197149756100629
8,4,0.17600479105565014,0.4197149756100629
8,4,0.15529318953233862,0.4197149756100629
8,4,0.17600479105565014,0.36682991746712545
8,4,0.17600479105565014,0.4197149756100629
8,4,0.17600479105565014,0.4197149756100629
8,4,0.17600479105565014,0.36682991746712545
8,4,0.19671639257896167,0.36682991746712545
8,4,0.17600479105565014,0.36682991746712545
8,4,0.19671639257896167,0.3139448593241889
8,4,0.19671639257896167,0.36682991746712545
8,4,0.19671639257896167,0.36682991746712545
8,4,0.19671639257896167,0.3139448593241889
8,4,0.2174279941022732,0.3139448593241889
8,4,0.19671639257896167,0.3139448593241889
8,4,0.2174279941022732,0.2610598011812524
8,4,0.2174279941022732,0.3139448593241889
8,4,0.2174279941022732,0.3139448593241889
8,4,0.2174279941022732,0.2610598011812524
8,4,0.2381395956255865,0.2610598011812524
8,4,0.2174279941022732,0.2610598011812524
8,4,0.2381395956255865,0.20817474303831496
8,4,0.2381395956255865,0.2610598011812524
8,4,0.2381395956255865,0.2610598011812524
8,4,0.2381395956255865,0.20817474303831496
8,4,0.25885119714889804,0.20817474303831496
8,4,0.2381395956255865,0.20817474303831496
8,4,0.25885119714889804,0.15528968489537842
8,4,0.25885119714889804,0.20817474303831496
8,4,0.25885119714889804,0.20817474303831496
8,4,0.25885119714889804,0.15528968489537842
8,4,0.27956279867220957,0.15528968489537842
8,4,0.25885119714889804,0.15528968489537842
8,4,0.27956279867220957,0.102404626752441
8,4,0.27956279867220957,0.15528968489537842
8,4,0.27956279867220957,0.15528968489537842
8,4,0.27956279867220957,0.102404626752441
8,4,0.3002744001955211,0.102404626752441
8,4,0.27956279867220957,0.102404626752441
8,4,0.3002744001955211,0.04951956860950446
8,4,0.3002744001955211,0.102404626752441
8,4,0.3002744001955211,0.102404626752441
8,4,0.3002744001955211,0.04951956860950446
8,4,0.3209860017188344,0.04951956860950446
8,4,0.15529318953233862,0.4197149756100629
8,4,0.15529318953233862,0.36682991746712545
8,4,0.17600479105565014,0.36682991746712545
8,4,0.15529318953233862,0.36682991746712545
8,4,0.17600479105565014,0.3139448593241889
8,4,0.17600479105565014,0.36682991746712545
8,4,0.17600479105565014,0.36682991746712545
8,4,0.17600479105565014,0.3139448593241889
8,4,0.19671639257896167,0.3139448593241889
8,4,0.17600479105565014,0.3139448593241889
8,4,0.19671639257896167,0.2610598011812524
8,4,0.19671639257896167,0.3139448593241889
8,4,0.19671639257896167,0.3139448593241889
8,4,0.19671639257896167,0.2610598011812524
8,4,0.2174279941022732,0.2610598011812524
8,4,0.19671639257896167,0.2610598011812524
8,4,0.2174279941022732,0.20817474303831496
8,4,0.2174279941022732,0.2610598011812524
8,4,0.2174279941022732,0.2610598011812524
8,4,0.2174279941022732,0.20817474303831496
8,4,0.2381395956255865,0.20817474303831496
8,4,0.2174279941022732,0.20817474303831496
8,4,0.2381395956255865,0.15528968489537842
8,4,0.2381395956255865,0.20817474303831496
8,4,0.2381395956255865,0.20817474303831496
8,4,0.2381395956255865,0.15528968489537842
8,4,0.25885119714889804,0.15528968489537842
8,4,0.2381395956255865,0.15528968489537842
8,4,0.25885119714889804,0.102404626752441
8,4,0.25885119714889804,0.15528968489537842
8,4,0.25885119714889804,0.15528968489537842
8,4,0.25885119714889804,0.102404626752441
8,4,0.27956279867220957,0.102404626752441
8,4,0.25885119714889804,0.102404626752441
8,4,0.27956279867220957,0.04951956860950446
8,4,0.27956279867220957,0.102404626752441
8,4,0.27956279867220957,0.102404626752441
8,4,0.27956279867220957,0.04951956860950446
8,4,0.3002744001955211,0.04951956860950446
8,4,0.15529318953233862,0.36682991746712545
8,4,0.15529318953233862,0.3139448593241889
8,4,0.17600479105565014,0.3139448593241889
8,4,0.15529318953233862,0.3139448593241889
8,4,0.17600479105565014,0.2610598011812524
8,4,0.17600479105565014,0.3139448593241889
8,4,0.17600479105565014,0.3139448593241889
8,4,0.17600479105565014,0.2610598011812524
8,4,0.19671639257896167,0.2610598011812524
8,4,0.17600479105565014,0.2610598011812524
8,4,0.19671639257896167,0.20817474303831496
8,4,0.19671639257896167,0.2610598011812524
8,4,0.19671639257896167,0.2610598011812524
8,4,0.19671639257896167,0.20817474303831496
8,4,0.2174279941022732,0.20817474303831496
8,4,0.19671639257896167,0.20817474303831496
8,4,0.2174279941022732,0.15528968489537842
8,4,0.2174279941022732,0.20817474303831496
8,4,0.2174279941022732,0.20817474303831496
8,4,0.2174279941022732,0.15528968489537842
8,4,0.2381395956255865,0.15528968489537842
8,4,0.2174279941022732,0.15528968489537842
8,4,0.2381395956255865,0.102404626752441
8,4,0.2381395956255865,0.15528968489537842
8,4,0.2381395956255865,0.15528968489537842
8,4,0.2381395956255865,0.102404626752441
8,4,0.25885119714889804,0.102404626752441
8,4,0.2381395956255865,0.102404626752441
8,4,0.25885119714889804,0.04951956860950446
8,4,0.25885119714889804,0.102404626752441
8,4,0.25885119714889804,0.102404626752441
8,4,0.25885119714889804,0.04951956860950446
8,4,0.27956279867220957,0.04951956860950446
8,4,0.15529318953233862,0.3139448593241889
8,4,0.15529318953233862,0.2610598011812524
8,4,0.17600479105565014,0.2610598011812524
8,4,0.15529318953233862,0.2610598011812524
8,4,0.17600479105565014,0.20817474303831496
8,4,0.17600479105565014,0.2610598011812524
8,4,0.17600479105565014,0.2610598011812524
8,4,0.17600479105565014,0.20817474303831496
8,4,0.19671639257896167,0.20817474303831496
8,4,0.17600479105565014,0.20817474303831496
8,4,0.19671639257896167,0.15528968489537842
8,4,0.19671639257896167,0.20817474303831496
8,4,0.19671639257896167,0.20817474303831496
8,4,0.19671639257896167,0.15528968489537842
8,4,0.2174279941022732,0.15528968489537842
8,4,0.19671639257896167,0.15528968489537842
8,4,0.2174279941022732,0.102404626752441
8,4,0.2174279941022732,0.15528968489537842
8,4,0.2174279941022732,0.15528968489537842
8,4,0.2174279941022732,0.102404626752441
8,4,0.2381395956255865,0.102404626752441
8,4,0.2174279941022732,0.102404626752441
8,4,0.2381395956255865,0.04951956860950446
8,4,0.2381395956255865,0.102404626752441
8,4,0.2381395956255865,0.102404626752441
8,4,0.2381395956255865,0.04951956860950446
8,4,0.25885119714889804,0.04951956860950446
8,4,0.15529318953233862,0.2610598011812524
8,4,0.15529318953233862,0.20817474303831496
8,4,0.17600479105565014,0.20817474303831496
8,4,0.15529318953233862,0.20817474303831496
8,4,0.17600479105565014,0.15528968489537842
8,4,0.17600479105565014,0.20817474303831496
8,4,0.17600479105565014,0.20817474303831496
8,4,0.17600479105565014,0.15528968489537842
8,4,0.19671639257896167,0.15528968489537842
8,4,0.17600479105565014,0.15528968489537842
8,4,0.19671639257896167,0.102404626752441
8,4,0.19671639257896167,0.15528968489537842
8,4,0.19671639257896167,0.15528968489537842
8,4,0.19671639257896167,0.102404626752441
8,4,0.2174279941022732,0.102404626752441
8,4,0.19671639257896167,0.102404626752441
8,4,0.2174279941022732,0.04951956860950446
8,4,0.2174279941022732,0.102404626752441
8,4,0.2174279941022732,0.102404626752441
8,4,0.2174279941022732,0.04951956860950446
8,4,0.2381395956255865,0.04951956860950446
8,4,0.15529318953233862,0.20817474303831496
8,4,0.15529318953233862,0.15528968489537842
8,4,0.17600479105565014,0.15528968489537842
8,4,0.15529318953233862,0.15528968489537842
8,4,0.17600479105565014,0.102404626752441
8,4,0.17600479105565014,0.15528968489537842
8,4,0.17600479105565014,0.15528968489537842
8,4,0.17600479105565014,0.102404626752441
8,4,0.19671639257896167,0.102404626752441
8,4,0.17600479105565014,0.102404626752441
8,4,0.19671639257896167,0.04951956860950446
8,4,0.19671639257896167,0.102404626752441
8,4,0.19671639257896167,0.102404626752441
8,4,0.19671639257896167,0.04951956860950446
8,4,0.2174279941022732,0.04951956860950446
8,4,0.15529318953233862,0.15528968489537842
8,4,0.15529318953233862,0.102404626752441
8,4,0.17600479105565014,0.102404626752441
8,4,0.15529318953233862,0.102404626752441
8,4,0.17600479105565014,0.04951956860950446
8,4,0.17600479105565014,0.102404626752441
8,4,0.17600479105565014,0.102404626752441
8,4,0.17600479105565014,0.04951956860950446
8,4,0.19671639257896167,0.04951956860950446
8,4,0.15529318953233862,0.102404626752441
8,4,0.15529318953233862,0.04951956860950446
8,4,0.17600479105565014,0.04951956860950446
8,4,0.3209860017188344,0.04951956860950446
8,4,0.3209860017188344,0.102404626752441
8,4,0.3002744001955211,0.102404626752441
8,4,0.3209860017188344,0.102404626752441
8,4,0.3002744001955211,0.15528968489537842
8,4,0.3002744001955211,0.102404626752441
8,4,0.3002744001955211,0.102404626752441
8,4,0.3002744001955211,0.15528968489537842
8,4,0.27956279867220957,0.15528968489537842
8,4,0.3002744001955211,0.15528968489537842
8,4,0.27956279867220957,0.20817474303831496
8,4,0.27956279867220957,0.15528968489537842
8,4,0.27956279867220957,0.15528968489537842
8,4,0.27956279867220957,0.20817474303831496
8,4,0.25885119714889804,0.20817474303831496
8,4,0.27956279867220957,0.20817474303831496
8,4,0.25885119714889804,0.2610598011812524
8,4,0.25885119714889804,0.20817474303831496
8,4,0.25885119714889804,0.20817474303831496
8,4,0.25885119714889804,0.2610598011812524
8,4,0.2381395956255865,0.2610598011812524
8,4,0.25885119714889804,0.2610598011812524
8,4,0.2381395956255865,0.3139448593241889
8,4,0.2381395956255865,0.2610598011812524
8,4,0.2381395956255865,0.2610598011812524
8,4,0.2381395956255865,0.3139448593241889
8,4,0.2174279941022732,0.3139448593241889
8,4,0.2381395956255865,0.3139448593241889
8,4,0.2174279941022732,0.36682991746712545
8,4,0.2174279941022732,0.3139448593241889
8,4,0.2174279941022732,0.3139448593241889
8,4,0.2174279941022732,0.36682991746712545
8,4,0.19671639257896167,0.36682991746712545
8,4,0.2174279941022732,0.36682991746712545
8,4,0.19671639257896167,0.4197149756100629
8,4,0.19671639257896167,0.36682991746712545
8,4,0.19671639257896167,0.36682991746712545
8,4,0.19671639257896167,0.4197149756100629
8,4,0.17600479105565014,0.4197149756100629
8,4,0.19671639257896167,0.4197149756100629
8,4,0.17600479105565014,0.4726000337529994
8,4,0.17600479105565014,0.4197149756100629
8,4,0.17600479105565014,0.4197149756100629
8,4,0.17600479105565014,0.4726000337529994
8,4,0.15529318953233862,0.4726000337529994
8,4,0.3209860017188344,0.102404626752441
8,4,0.3209860017188344,0.15528968489537842
8,4,0.3002744001955211,0.15528968489537842
8,4,0.3209860017188344,0.15528968489537842
8,4,0.3002744001955211,0.20817474303831496
8,4,0.3002744001955211,0.15528968489537842
8,4,0.3002744001955211,0.15528968489537842
8,4,0.3002744001955211,0.20817474303831496
8,4,0.27956279867220957,0.20817474303831496
8,4,0.3002744001955211,0.20817474303831496
8,4,0.27956279867220957,0.2610598011812524
8,4,0.27956279867220957,0.20817474303831496
8,4,0.27956279867220957,0.20817474303831496
8,4,0.27956279867220957,0.2610598011812524
8,4,0.25885119714889804,0.2610598011812524
8,4,0.27956279867220957,0.2610598011812524
8,4,0.25885119714889804,0.3139448593241889
8,4,0.25885119714889804,0.2610598011812524
8,4,0.25885119714889804,0.2610598011812524
8,4,0.25885119714889804,0.3139448593241889
8,4,0.2381395956255865,0.3139448593241889
8,4,0.25885119714889804,0.3139448593241889
8,4,0.2381395956255865,0.36682991746712545
8,4,0.2381395956255865,0.3139448593241889
8,4,0.2381395956255865,0.3139448593241889
8,4,0.2381395956255865,0.36682991746712545
8,4,0.2174279941022732,0.36682991746712545
8,4,0.2381395956255865,0.36682991746712545
8,4,0.2174279941022732,0.4197149756100629
8,4,0.2174279941022732,0.36682991746712545
8,4,0.2174279941022732,0.36682991746712545
8,4,0.2174279941022732,0.4197149756100629
8,4,0.19671639257896167,0.4197149756100629
8,4,0.2174279941022732,0.4197149756100629
8,4,0.19671639257896167,0.4726000337529994
8,4,0.19671639257896167,0.4197149756100629
8,4,0.19671639257896167,0.4197149756100629
8,4,0.19671639257896167,0.4726000337529994
8,4,0.17600479105565014,0.4726000337529994
8,4,0.3209860017188344,0.15528968489537842
8,4,0.3209860017188344,0.20817474303831496
8,4,0.3002744001955211,0.20817474303831496
8,4,0.3209860017188344,0.20817474303831496
8,4,0.3002744001955211,0.2610598011812524
8,4,0.3002744001955211,0.20817474303831496
8,4,0.3002744001955211,0.20817474303831496
8,4,0.3002744001955211,0.2610598011812524
8,4,0.27956279867220957,0.2610598011812524
8,4,0.3002744001955211,0.2610598011812524
8,4,0.27956279867220957,0.3139448593241889
8,4,0.27956279867220957,0.2610598011812524
8,4,0.27956279867220957,0.2610598011812524
8,4,0.27956279867220957,0.3139448593241889
8,4,0.25885119714889804,0.3139448593241889
8,4,0.27956279867220957,0.3139448593241889
8,4,0.25885119714889804,0.36682991746712545
8,4,0.25885119714889804,0.3139448593241889
8,4,0.25885119714889804,0.3139448593241889
8,4,0.25885119714889804,0.36682991746712545
8,4,0.2381395956255865,0.36682991746712545
8,4,0.25885119714889804,0.36682991746712545
8,4,0.2381395956255865,0.4197149756100629
8,4,0.2381395956255865,0.36682991746712545
8,4,0.2381395956255865,0.36682991746712545
8,4,0.2381395956255865,0.4197149756100629
8,4,0.2174279941022732,0.4197149756100629
8,4,0.2381395956255865,0.4197149756100629
8,4,0.2174279941022732,0.4726000337529994
8,4,0.2174279941022732,0.4197149756100629
8,4,0.2174279941022732,0.4197149756100629
8,4,0.2174279941022732,0.4726000337529994
8,4,0.19671639257896167,0.4726000337529994
8,4,0.3209860017188344,0.20817474303831496
8,4,0.3209860017188344,0.2610598011812524
8,4,0.3002744001955211,0.2610598011812524
8,4,0.3209860017188344,0.2610598011812524
8,4,0.3002744001955211,0.3139448593241889
8,4,0.3002744001955211,0.2610598011812524
8,4,0.3002744001955211,0.2610598011812524
8,4,0.3002744001955211,0.3139448593241889
8,4,0.27956279867220957,0.3139448593241889
8,4,0.3002744001955211,0.3139448593241889
8,4,0.27956279867220957,0.36682991746712545
8,4,0.27956279867220957,0.3139448593241889
8,4,0.27956279867220957,0.3139448593241889
8,4,0.27956279867220957,0.36682991746712545
8,4,0.25885119714889804,0.36682991746712545
8,4,0.27956279867220957,0.36682991746712545
8,4,0.25885119714889804,0.4197149756100629
8,4,0.25885119714889804,0.36682991746712545
8,4,0.25885119714889804,0.36682991746712545
8,4,0.25885119714889804,0.4197149756100629
8,4,0.2381395956255865,0.4197149756100629
8,4,0.25885119714889804,0.4197149756100629
8,4,0.2381395956255865,0.4726000337529994
8,4,0.2381395956255865,0.4197149756100629
8,4,0.2381395956255865,0.4197149756100629
8,4,0.2381395956255865,0.4726000337529994
8,4,0.2174279941022732,0.4726000337529994
8,4,0.3209860017188344,0.2610598011812524
8,4,0.3209860017188344,0.3139448593241889
8,4,0.3002744001955211,0.3139448593241889
8,4,0.3209860017188344,0.3139448593241889
8,4,0.3002744001955211,0.36682991746712545
8,4,0.3002744001955211,0.3139448593241889
8,4,0.3002744001955211,0.3139448593241889
8,4,0.3002744001955211,0.36682991746712545
8,4,0.27956279867220957,0.36682991746712545
8,4,0.3002744001955211,0.36682991746712545
8,4,0.27956279867220957,0.4197149756100629
8,4,0.27956279867220957,0.36682991746712545
8,4,0.27956279867220957,0.36682991746712545
8,4,0.27956279867220957,0.4197149756100629
8,4,0.25885119714889804,0.4197149756100629
8,4,0.27956279867220957,0.4197149756100629
8,4,0.25885119714889804,0.4726000337529994
8,4,0.25885119714889804,0.4197149756100629
8,4,0.25885119714889804,0.4197149756100629
8,4,0.25885119714889804,0.4726000337529994
8,4,0.2381395956255865,0.4726000337529994
8,4,0.3209860017188344,0.3139448593241889
8,4,0.3209860017188344,0.36682991746712545
8,4,0.3002744001955211,0.36682991746712545
8,4,0.3209860017188344,0.36682991746712545
8,4,0.3002744001955211,0.4197149756100629
8,4,0.3002744001955211,0.36682991746712545
8,4,0.3002744001955211,0.36682991746712545
8,4,0.3002744001955211,0.4197149756100629
8,4,0.27956279867220957,0.4197149756100629
8,4,0.3002744001955211,0.4197149756100629
8,4,0.27956279867220957,0.4726000337529994
8,4,0.27956279867220957,0.4197149756100629
8,4,0.27956279867220957,0.4197149756100629
8,4,0.27956279867220957,0.4726000337529994
8,4,0.25885119714889804,0.4726000337529994
8,4,0.3209860017188344,0.36682991746712545
8,4,0.3209860017188344,0.4197149756100629
8,4,0.3002744001955211,0.4197149756100629
8,4,0.3209860017188344,0.4197149756100629
8,4,0.3002744001955211,0.4726000337529994
8,4,0.3002744001955211,0.4197149756100629
8,4,0.3002744001955211,0.4197149756100629
8,4,0.3002744001955211,0.4726000337529994
8,4,0.27956279867220957,0.4726000337529994
8,4,0.3209860017188344,0.4197149756100629
8,4,0.3209860017188344,0.4726000337529994
8,4,0.3002744001955211,0.4726000337529994
7,4,0.3600000000000003,0.3600000000000003
7,4,0.0600000000000005,0.06019484805173292
7,4,0.0600000000000005,0.6598051519482677
7,4,0.6600000000000001,0.06019484805173292
7,4,0.6600000000000001,0.6598051519482677
