8,3,0.7799999999999994,0.7800000000000002
8,3,0.6703285189325605,0.6749146470121201
8,3,0.6703285189325605,0.8850853529878804
8,3,0.8896714810674382,0.6749146470121201
8,3,0.8896714810674382,0.8850853529878804
8,3,0.6356494119017118,0.7587628642904165
8,3,0.6356494119017118,0.7185073731593454
8,3,0.6784107307386584,0.7185073731593454
8,3,0.6356494119017118,0.7185073731593454
8,3,0.6784107307386584,0.6782518820282744
8,3,0.6784107307386584,0.7185073731593454
8,3,0.6784107307386584,0.7185073731593454
8,3,0.6784107307386584,0.6782518820282744
8,3,0.7211720495756051,0.6782518820282744
8,3,0.6784107307386584,0.6782518820282744
8,3,0.7211720495756051,0.6379963908972028
8,3,0.7211720495756051,0.6782518820282744
8,3,0.7211720495756051,0.6782518820282744
8,3,0.7211720495756051,0.6379963908972028
8,3,0.76393336841255,0.6379963908972028
8,3,0.7211720495756051,0.6379963908972028
8,3,0.76393336841255,0.5977408997661318
8,3,0.76393336841255,0.6379963908972028
8,3,0.76393336841255,0.6379963908972028
8,3,0.76393336841255,0.5977408997661318
8,3,0.8066946872494967,0.5977408997661318
8,3,0.6356494119017118,0.7185073731593454
8,3,0.6356494119017118,0.6782518820282744
8,3,0.6784107307386584,0.6782518820282744
8,3,0.6356494119017118,0.6782518820282744
8,3,0.6784107307386584,0.6379963908972028
8,3,0.6784107307386584,0.6782518820282744
8,3,0.6784107307386584,0.6782518820282744
8,3,0.6784107307386584,0.6379963908972028
8,3,0.7211720495756051,0.6379963908972028
8,3,0.6784107307386584,0.6379963908972028
8,3,0.7211720495756051,0.5977408997661318
8,3,0.7211720495756051,0.6379963908972028
8,3,0.7211720495756051,0.6379963908972028
8,3,0.7211720495756051,0.5977408997661318
8,3,0.76393336841255,0.5977408997661318
8,3,0.6356494119017118,0.6782518820282744
8,3,0.6356494119017118,0.6379963908972028
8,3,0.6784107307386584,0.6379963908972028
8,3,0.6356494119017118,0.6379963908972028
8,3,0.6784107307386584,0.5977408997661318
8,3,0.6784107307386584,0.6379963908972028
8,3,0.6784107307386584,0.6379963908972028
8,3,0.6784107307386584,0.5977408997661318
8,3,0.7211720495756051,0.5977408997661318
8,3,0.6356494119017118,0.6379963908972028
8,3,0.6356494119017118,0.5977408997661318
8,3,0.6784107307386584,0.5977408997661318
8,3,0.8066946872494967,0.5977408997661318
8,3,0.8066946872494967,0.6379963908972028
8,3,0.76393336841255,0.6379963908972028
8,3,0.8066946872494967,0.6379963908972028
8,3,0.76393336841255,0.6782518820282744
8,3,0.76393336841255,0.6379963908972028
8,3,0.76393336841255,0.6379963908972028
8,3,0.76393336841255,0.6782518820282744
8,3,0.7211720495756051,0.6782518820282744
8,3,0.76393336841255,0.6782518820282744
8,3,0.7211720495756051,0.7185073731593454
8,3,0.7211720495756051,0.6782518820282744
8,3,0.7211720495756051,0.6782518820282744
8,3,0.7211720495756051,0.7185073731593454
8,3,0.6784107307386584,0.7185073731593454
8,3,0.7211720495756051,0.7185073731593454
8,3,0.6784107307386584,0.7587628642904165
8,3,0.6784107307386584,0.7185073731593454
8,3,0.6784107307386584,0.7185073731593454
8,3,0.6784107307386584,0.7587628642904165
8,3,0.6356494119017118,0.7587628642904165
8,3,0.8066946872494967,0.6379963908972028
8,3,0.8066946872494967,0.6782518820282744
8,3,0.76393336841255,0.6782518820282744
8,3,0.8066946872494967,0.6782518820282744
8,3,0.76393336841255,0.7185073731593454
8,3,0.76393336841255,0.6782518820282744
8,3,0.76393336841255,0.6782518820282744
8,3,0.76393336841255,0.7185073731593454
8,3,0.7211720495756051,0.7185073731593454
8,3,0.76393336841255,0.7185073731593454
8,3,0.7211720495756051,0.7587628642904165
8,3,0.7211720495756051,0.7185073731593454
8,3,0.7211720495756051,0.7185073731593454
8,3,0.7211720495756051,0.7587628642904165
8,3,0.6784107307386584,0.7587628642904165
8,3,0.8066946872494967,0.6782518820282744
8,3,0.8066946872494967,0.7185073731593454
8,3,0.76393336841255,0.7185073731593454
8,3,0.8066946872494967,0.7185073731593454
8,3,0.76393336841255,0.7587628642904165
8,3,0.76393336841255,0.7185073731593454
8,3,0.76393336841255,0.7185073731593454
8,3,0.76393336841255,0.7587628642904165
8,3,0.7211720495756051,0.7587628642904165
8,3,0.8066946872494967,0.7185073731593454
8,3,0.8066946872494967,0.7587628642904165
8,3,0.76393336841255,0.7587628642904165
8,3,0.8066946872494967,0.7587628642904165
8,3,0.8066946872494967,0.7185073731593454
8,3,0.8494379785489912,0.7185073731593454
8,3,0.8066946872494967,0.7185073731593454
8,3,0.8494379785489912,0.6782518820282744
8,3,0.8494379785489912,0.7185073731593454
8,3,0.8494379785489912,0.7185073731593454
8,3,0.8494379785489912,0.6782518820282744
8,3,0.8921812698484857,0.6782518820282744
8,3,0.8494379785489912,0.6782518820282744
8,3,0.8921812698484857,0.6379963908972028
8,3,0.8921812698484857,0.6782518820282744
8,3,0.8921812698484857,0.6782518820282744
8,3,0.8921812698484857,0.6379963908972028
8,3,0.9349245611479784,0.6379963908972028
8,3,0.8921812698484857,0.6379963908972028
8,3,0.9349245611479784,0.5977408997661318
8,3,0.9349245611479784,0.6379963908972028
8,3,0.9349245611479784,0.6379963908972028
8,3,0.9349245611479784,0.5977408997661318
8,3,0.9776678524474729,0.5977408997661318
8,3,0.8066946872494967,0.7185073731593454
8,3,0.8066946872494967,0.6782518820282744
8,3,0.8494379785489912,0.6782518820282744
8,3,0.8066946872494967,0.6782518820282744
8,3,0.8494379785489912,0.6379963908972028
8,3,0.8494379785489912,0.6782518820282744
8,3,0.8494379785489912,0.6782518820282744
8,3,0.8494379785489912,0.6379963908972028
8,3,0.8921812698484857,0.6379963908972028
8,3,0.8494379785489912,0.6379963908972028
8,3,0.8921812698484857,0.5977408997661318
8,3,0.8921812698484857,0.6379963908972028
8,3,0.8921812698484857,0.6379963908972028
8,3,0.8921812698484857,0.5977408997661318
8,3,0.9349245611479784,0.5977408997661318
8,3,0.8066946872494967,0.6782518820282744
8,3,0.8066946872494967,0.6379963908972028
8,3,0.8494379785489912,0.6379963908972028
8,3,0.8066946872494967,0.6379963908972028
8,3,0.8494379785489912,0.5977408997661318
8,3,0.8494379785489912,0.6379963908972028
8,3,0.8494379785489912,0.6379963908972028
8,3,0.8494379785489912,0.5977408997661318
8,3,0.8921812698484857,0.5977408997661318
8,3,0.8066946872494967,0.6379963908972028
8,3,0.8066946872494967,0.5977408997661318
8,3,0.8494379785489912,0.5977408997661318
8,3,0.9776678524474729,0.5977408997661318
8,3,0.9776678524474729,0.6379963908972028
8,3,0.9349245611479784,0.6379963908972028
8,3,0.9776678524474729,0.6379963908972028
8,3,0.9349245611479784,0.6782518820282739
8,3,0.9349245611479784,0.6379963908972028
8,3,0.9349245611479784,0.6379963908972028
8,3,0.9349245611479784,0.6782518820282739
8,3,0.8921812698484857,0.6782518820282744
8,3,0.9349245611479784,0.6782518820282739
8,3,0.8921812698484857,0.7185073731593454
8,3,0.8921812698484857,0.6782518820282744
8,3,0.8921812698484857,0.6782518820282744
8,3,0.8921812698484857,0.7185073731593454
8,3,0.8494379785489912,0.7185073731593454
8,3,0.8921812698484857,0.7185073731593454
8,3,0.8494379785489912,0.7587628642904165
8,3,0.8494379785489912,0.7185073731593454
8,3,0.8494379785489912,0.7185073731593454
8,3,0.8494379785489912,0.7587628642904165
8,3,0.8066946872494967,0.7587628642904165
8,3,0.9776678524474729,0.6379963908972028
8,3,0.9776678524474729,0.6782518820282739
8,3,0.9349245611479784,0.6782518820282739
8,3,0.9776678524474729,0.6782518820282739
8,3,0.9349245611479784,0.7185073731593454
8,3,0.9349245611479784,0.6782518820282739
8,3,0.9349245611479784,0.6782518820282739
8,3,0.9349245611479784,0.7185073731593454
8,3,0.8921812698484857,0.7185073731593454
8,3,0.9349245611479784,0.7185073731593454
8,3,0.8921812698484857,0.7587628642904165
8,3,0.8921812698484857,0.7185073731593454
8,3,0.8921812698484857,0.7185073731593454
8,3,0.8921812698484857,0.7587628642904165
8,3,0.8494379785489912,0.7587628642904165
8,3,0.9776678524474729,0.6782518820282739
8,3,0.9776678524474729,0.7185073731593454
8,3,0.9349245611479784,0.7185073731593454
8,3,0.9776678524474729,0.7185073731593454
8,3,0.9349245611479784,0.7587628642904165
8,3,0.9349245611479784,0.7185073731593454
8,3,0.9349245611479784,0.7185073731593454
8,3,0.9349245611479784,0.7587628642904165
8,3,0.8921812698484857,0.7587628642904165
8,3,0.9776678524474729,0.7185073731593454
8,3,0.9776678524474729,0.7587628642904165
8,3,0.9349245611479784,0.7587628642904165
8,3,0.6356494119017118,0.7587628642904165
8,3,0.6784107307386584,0.7587628642904165
8,3,0.6784107307386584,0.7990363829589402
8,3,0.6784107307386584,0.7587628642904165
8,3,0.7211720495756051,0.7990363829589402
8,3,0.6784107307386584,0.7990363829589402
8,3,0.6784107307386584,0.7990363829589402
8,3,0.7211720495756051,0.7990363829589402
8,3,0.7211720495756051,0.8393099016274634
8,3,0.7211720495756051,0.7990363829589402
8,3,0.76393336841255,0.8393099016274634
8,3,0.7211720495756051,0.8393099016274634
8,3,0.7211720495756051,0.8393099016274634
8,3,0.76393336841255,0.8393099016274634
8,3,0.76393336841255,0.8795834202959871
8,3,0.76393336841255,0.8393099016274634
8,3,0.8066946872494967,0.8795834202959871
8,3,0.76393336841255,0.8795834202959871
8,3,0.76393336841255,0.8795834202959871
8,3,0.8066946872494967,0.8795834202959871
8,3,0.8066946872494967,0.9198569389645108
8,3,0.6784107307386584,0.7587628642904165
8,3,0.7211720495756051,0.7587628642904165
8,3,0.7211720495756051,0.7990363829589402
8,3,0.7211720495756051,0.7587628642904165
8,3,0.76393336841255,0.7990363829589402
8,3,0.7211720495756051,0.7990363829589402
8,3,0.7211720495756051,0.7990363829589402
8,3,0.76393336841255,0.7990363829589402
8,3,0.76393336841255,0.8393099016274634
8,3,0.76393336841255,0.7990363829589402
8,3,0.8066946872494967,0.8393099016274634
8,3,0.76393336841255,0.8393099016274634
8,3,0.76393336841255,0.8393099016274634
8,3,0.8066946872494967,0.8393099016274634
8,3,0.8066946872494967,0.8795834202959871
8,3,0.7211720495756051,0.7587628642904165
8,3,0.76393336841255,0.7587628642904165
8,3,0.76393336841255,0.7990363829589402
8,3,0.76393336841255,0.7587628642904165
8,3,0.8066946872494967,0.7990363829589402
8,3,0.76393336841255,0.7990363829589402
8,3,0.76393336841255,0.7990363829589402
8,3,0.8066946872494967,0.7990363829589402
8,3,0.8066946872494967,0.8393099016274634
8,3,0.76393336841255,0.7587628642904165
8,3,0.8066946872494967,0.7587628642904165
8,3,0.8066946872494967,0.7990363829589402
8,3,0.8066946872494967,0.9198569389645108
8,3,0.76393336841255,0.9198569389645108
8,3,0.76393336841255,0.8795834202959871
8,3,0.76393336841255,0.9198569389645108
8,3,0.7211720495756051,0.8795834202959871
8,3,0.76393336841255,0.8795834202959871
8,3,0.76393336841255,0.8795834202959871
8,3,0.7211720495756051,0.8795834202959871
8,3,0.7211720495756051,0.8393099016274634
8,3,0.7211720495756051,0.8795834202959871
8,3,0.6784107307386584,0.8393099016274634
8,3,0.7211720495756051,0.8393099016274634
8,3,0.7211720495756051,0.8393099016274634
8,3,0.6784107307386584,0.8393099016274634
8,3,0.6784107307386584,0.7990363829589402
8,3,0.6784107307386584,0.8393099016274634
8,3,0.6356494119017118,0.7990363829589402
8,3,0.6784107307386584,0.7990363829589402
8,3,0.6784107307386584,0.7990363829589402
8,3,0.6356494119017118,0.7990363829589402
8,3,0.6356494119017118,0.7587628642904165
8,3,0.76393336841255,0.9198569389645108
8,3,0.7211720495756051,0.9198569389645108
8,3,0.7211720495756051,0.8795834202959871
8,3,0.7211720495756051,0.9198569389645108
8,3,0.6784107307386584,0.8795834202959871
8,3,0.7211720495756051,0.8795834202959871
8,3,0.7211720495756051,0.8795834202959871
8,3,0.6784107307386584,0.8795834202959871
8,3,0.6784107307386584,0.8393099016274634
8,3,0.6784107307386584,0.8795834202959871
8,3,0.6356494119017118,0.8393099016274634
8,3,0.6784107307386584,0.8393099016274634
8,3,0.6784107307386584,0.8393099016274634
8,3,0.6356494119017118,0.8393099016274634
8,3,0.6356494119017118,0.7990363829589402
8,3,0.7211720495756051,0.9198569389645108
8,3,0.6784107307386584,0.9198569389645108
8,3,0.6784107307386584,0.8795834202959871
8,3,0.6784107307386584,0.9198569389645108
8,3,0.6356494119017118,0.8795834202959871
8,3,0.6784107307386584,0.8795834202959871
8,3,0.6784107307386584,0.8795834202959871
8,3,0.6356494119017118,0.8795834202959871
8,3,0.6356494119017118,0.8393099016274634
8,3,0.6784107307386584,0.9198569389645108
8,3,0.6356494119017118,0.9198569389645108
8,3,0.6356494119017118,0.8795834202959871
8,3,0.8066946872494967,0.7587628642904165
8,3,0.8494379785489912,0.7587628642904165
8,3,0.8494379785489912,0.7990363829589402
8,3,0.8494379785489912,0.7587628642904165
8,3,0.8921812698484857,0.7990363829589402
8,3,0.8494379785489912,0.7990363829589402
8,3,0.8494379785489912,0.7990363829589402
8,3,0.8921812698484857,0.7990363829589402
8,3,0.8921812698484857,0.8393099016274634
8,3,0.8921812698484857,0.7990363829589402
8,3,0.9349245611479784,0.8393099016274634
8,3,0.8921812698484857,0.8393099016274634
8,3,0.8921812698484857,0.8393099016274634
8,3,0.9349245611479784,0.8393099016274634
8,3,0.9349245611479784,0.8795834202959871
8,3,0.9349245611479784,0.8393099016274634
8,3,0.9776678524474729,0.8795834202959871
8,3,0.9349245611479784,0.8795834202959871
8,3,0.9349245611479784,0.8795834202959871
8,3,0.9776678524474729,0.8795834202959871
8,3,0.9776678524474729,0.9198569389645108
8,3,0.8494379785489912,0.7587628642904165
8,3,0.8921812698484857,0.7587628642904165
8,3,0.8921812698484857,0.7990363829589402
8,3,0.8921812698484857,0.7587628642904165
8,3,0.9349245611479784,0.7990363829589402
8,3,0.8921812698484857,0.7990363829589402
8,3,0.8921812698484857,0.7990363829589402
8,3,0.9349245611479784,0.7990363829589402
8,3,0.9349245611479784,0.8393099016274634
8,3,0.9349245611479784,0.7990363829589402
8,3,0.9776678524474729,0.8393099016274634
8,3,0.9349245611479784,0.8393099016274634
8,3,0.9349245611479784,0.8393099016274634
8,3,0.9776678524474729,0.8393099016274634
8,3,0.9776678524474729,0.8795834202959871
8,3,0.8921812698484857,0.7587628642904165
8,3,0.9349245611479784,0.7587628642904165
8,3,0.9349245611479784,0.7990363829589402
8,3,0.9349245611479784,0.7587628642904165
8,3,0.9776678524474729,0.7990363829589402
8,3,0.9349245611479784,0.7990363829589402
8,3,0.9349245611479784,0.7990363829589402
8,3,0.9776678524474729,0.7990363829589402
8,3,0.9776678524474729,0.8393099016274634
8,3,0.9349245611479784,0.7587628642904165
8,3,0.9776678524474729,0.7587628642904165
8,3,0.9776678524474729,0.7990363829589402
8,3,0.9776678524474729,0.9198569389645108
8,3,0.9349245611479784,0.9198569389645108
8,3,0.9349245611479784,0.8795834202959871
8,3,0.9349245611479784,0.9198569389645108
8,3,0.8921812698484857,0.8795834202959871
8,3,0.9349245611479784,0.8795834202959871
8,3,0.9349245611479784,0.8795834202959871
8,3,0.8921812698484857,0.8795834202959871
8,3,0.8921812698484857,0.8393099016274634
8,3,0.8921812698484857,0.8795834202959871
8,3,0.8494379785489912,0.8393099016274634
8,3,0.8921812698484857,0.8393099016274634
8,3,0.8921812698484857,0.8393099016274634
8,3,0.8494379785489912,0.8393099016274634
8,3,0.8494379785489912,0.7990363829589402
8,3,0.8494379785489912,0.8393099016274634
8,3,0.8066946872494967,0.7990363829589402
8,3,0.8494379785489912,0.7990363829589402
8,3,0.8494379785489912,0.7990363829589402
8,3,0.8066946872494967,0.7990363829589402
8,3,0.8066946872494967,0.7587628642904165
8,3,0.9349245611479784,0.9198569389645108
8,3,0.8921812698484857,0.9198569389645108
8,3,0.8921812698484857,0.8795834202959871
8,3,0.8921812698484857,0.9198569389645108
8,3,0.8494379785489912,0.8795834202959871
8,3,0.8921812698484857,0.8795834202959871
8,3,0.8921812698484857,0.8795834202959871
8,3,0.8494379785489912,0.8795834202959871
8,3,0.8494379785489912,0.8393099016274634
8,3,0.8494379785489912,0.8795834202959871
8,3,0.8066946872494967,0.8393099016274634
8,3,0.8494379785489912,0.8393099016274634
8,3,0.8494379785489912,0.8393099016274634
8,3,0.8066946872494967,0.8393099016274634
8,3,0.8066946872494967,0.7990363829589402
8,3,0.8921812698484857,0.9198569389645108
8,3,0.8494379785489912,0.9198569389645108
8,3,0.8494379785489912,0.8795834202959871
8,3,0.8494379785489912,0.9198569389645108
8,3,0.8066946872494967,0.8795834202959871
8,3,0.8494379785489912,0.8795834202959871
8,3,0.8494379785489912,0.8795834202959871
8,3,0.8066946872494967,0.8795834202959871
8,3,0.8066946872494967,0.8393099016274634
8,3,0.8494379785489912,0.9198569389645108
8,3,0.8066946872494967,0.9198569389645108
8,3,0.8066946872494967,0.8795834202959871
8,3,0.7593904289745623,0.6849220708856394
8,3,0.802386105798389,0.6849220708856394
8,3,0.802386105798389,0.7245465982058787
8,3,0.802386105798389,0.6849220708856394
8,3,0.8453817826222156,0.7245465982058787
8,3,0.802386105798389,0.7245465982058787
8,3,0.802386105798389,0.7245465982058787
8,3,0.8453817826222156,0.7245465982058787
8,3,0.8453817826222156,0.7641711255261181
8,3,0.8453817826222156,0.7245465982058787
8,3,0.8883774594460423,0.7641711255261181
8,3,0.8453817826222156,0.7641711255261181
8,3,0.8453817826222156,0.7641711255261181
8,3,0.8883774594460423,0.7641711255261181
8,3,0.8883774594460423,0.8037956528463575
8,3,0.8883774594460423,0.7641711255261181
8,3,0.931373136269869,0.8037956528463575
8,3,0.8883774594460423,0.8037956528463575
8,3,0.8883774594460423,0.8037956528463575
8,3,0.931373136269869,0.8037956528463575
8,3,0.931373136269869,0.8434201801665968
8,3,0.802386105798389,0.6849220708856394
8,3,0.8453817826222156,0.6849220708856394
8,3,0.8453817826222156,0.7245465982058787
8,3,0.8453817826222156,0.6849220708856394
8,3,0.8883774594460423,0.7245465982058787
8,3,0.8453817826222156,0.7245465982058787
8,3,0.8453817826222156,0.7245465982058787
8,3,0.8883774594460423,0.7245465982058787
8,3,0.8883774594460423,0.7641711255261181
8,3,0.8883774594460423,0.7245465982058787
8,3,0.931373136269869,0.7641711255261181
8,3,0.8883774594460423,0.7641711255261181
8,3,0.8883774594460423,0.7641711255261181
8,3,0.931373136269869,0.7641711255261181
8,3,0.931373136269869,0.8037956528463575
8,3,0.8453817826222156,0.6849220708856394
8,3,0.8883774594460423,0.6849220708856394
8,3,0.8883774594460423,0.7245465982058787
8,3,0.8883774594460423,0.6849220708856394
8,3,0.931373136269869,0.7245465982058787
8,3,0.8883774594460423,0.7245465982058787
8,3,0.8883774594460423,0.7245465982058787
8,3,0.931373136269869,0.7245465982058787
8,3,0.931373136269869,0.7641711255261181
8,3,0.8883774594460423,0.6849220708856394
8,3,0.931373136269869,0.6849220708856394
8,3,0.931373136269869,0.7245465982058787
8,3,0.931373136269869,0.8434201801665968
8,3,0.8883774594460423,0.8434201801665968
8,3,0.8883774594460423,0.8037956528463575
8,3,0.8883774594460423,0.8434201801665968
8,3,0.8453817826222156,0.8037956528463575
8,3,0.8883774594460423,0.8037956528463575
8,3,0.8883774594460423,0.8037956528463575
8,3,0.8453817826222156,0.8037956528463575
8,3,0.8453817826222156,0.7641711255261181
8,3,0.8453817826222156,0.8037956528463575
8,3,0.802386105798389,0.7641711255261181
8,3,0.8453817826222156,0.7641711255261181
8,3,0.8453817826222156,0.7641711255261181
8,3,0.802386105798389,0.7641711255261181
8,3,0.802386105798389,0.7245465982058787
8,3,0.802386105798389,0.7641711255261181
8,3,0.7593904289745623,0.7245465982058787
8,3,0.802386105798389,0.7245465982058787
8,3,0.802386105798389,0.7245465982058787
8,3,0.7593904289745623,0.7245465982058787
8,3,0.7593904289745623,0.6849220708856394
8,3,0.8883774594460423,0.8434201801665968
8,3,0.8453817826222156,0.8434201801665968
8,3,0.8453817826222156,0.8037956528463575
8,3,0.8453817826222156,0.8434201801665968
8,3,0.802386105798389,0.8037956528463575
8,3,0.8453817826222156,0.8037956528463575
8,3,0.8453817826222156,0.8037956528463575
8,3,0.802386105798389,0.8037956528463575
8,3,0.802386105798389,0.7641711255261181
8,3,0.802386105798389,0.8037956528463575
8,3,0.7593904289745623,0.7641711255261181
8,3,0.802386105798389,0.7641711255261181
8,3,0.802386105798389,0.7641711255261181
8,3,0.7593904289745623,0.7641711255261181
8,3,0.7593904289745623,0.7245465982058787
8,3,0.8453817826222156,0.8434201801665968
8,3,0.802386105798389,0.8434201801665968
8,3,0.802386105798389,0.8037956528463575
8,3,0.802386105798389,0.8434201801665968
8,3,0.7593904289745623,0.8037956528463575
8,3,0.802386105798389,0.8037956528463575
8,3,0.802386105798389,0.8037956528463575
8,3,0.7593904289745623,0.8037956528463575
8,3,0.7593904289745623,0.7641711255261181
8,3,0.802386105798389,0.8434201801665968
8,3,0.7593904289745623,0.8434201801665968
8,3,0.7593904289745623,0.8037956528463575
8,3,0.7593904289745623,0.8434201801665968
8,3,0.802386105798389,0.8434201801665968
8,3,0.802386105798389,0.8830086524119314
8,3,0.802386105798389,0.8434201801665968
8,3,0.8453817826222156,0.8830086524119314
8,3,0.802386105798389,0.8830086524119314
8,3,0.802386105798389,0.8830086524119314
8,3,0.8453817826222156,0.8830086524119314
8,3,0.8453817826222156,0.922597124657266
8,3,0.8453817826222156,0.8830086524119314
8,3,0.8883774594460423,0.922597124657266
8,3,0.8453817826222156,0.922597124657266
8,3,0.8453817826222156,0.922597124657266
8,3,0.8883774594460423,0.922597124657266
8,3,0.8883774594460423,0.962185596902601
8,3,0.8883774594460423,0.922597124657266
8,3,0.931373136269869,0.962185596902601
8,3,0.8883774594460423,0.962185596902601
8,3,0.8883774594460423,0.962185596902601
8,3,0.931373136269869,0.962185596902601
8,2,0.931373136269869,0.001774069147935542
8,3,0.802386105798389,0.8434201801665968
8,3,0.8453817826222156,0.8434201801665968
8,3,0.8453817826222156,0.8830086524119314
8,3,0.8453817826222156,0.8434201801665968
8,3,0.8883774594460423,0.8830086524119314
8,3,0.8453817826222156,0.8830086524119314
8,3,0.8453817826222156,0.8830086524119314
8,3,0.8883774594460423,0.8830086524119314
8,3,0.8883774594460423,0.922597124657266
8,3,0.8883774594460423,0.8830086524119314
8,3,0.931373136269869,0.922597124657266
8,3,0.8883774594460423,0.922597124657266
8,3,0.8883774594460423,0.922597124657266
8,3,0.931373136269869,0.922597124657266
8,3,0.931373136269869,0.962185596902601
8,3,0.8453817826222156,0.8434201801665968
8,3,0.8883774594460423,0.8434201801665968
8,3,0.8883774594460423,0.8830086524119314
8,3,0.8883774594460423,0.8434201801665968
8,3,0.931373136269869,0.8830086524119314
8,3,0.8883774594460423,0.8830086524119314
8,3,0.8883774594460423,0.8830086524119314
8,3,0.931373136269869,0.8830086524119314
8,3,0.931373136269869,0.922597124657266
8,3,0.8883774594460423,0.8434201801665968
8,3,0.931373136269869,0.8434201801665968
8,3,0.931373136269869,0.8830086524119314
8,2,0.931373136269869,0.001774069147935542
8,2,0.8883774594460423,0.001774069147935542
8,3,0.8883774594460423,0.962185596902601
8,2,0.8883774594460423,0.001774069147935542
8,3,0.8453817826222156,0.962185596902601
8,3,0.8883774594460423,0.962185596902601
8,3,0.8883774594460423,0.962185596902601
8,3,0.8453817826222156,0.962185596902601
8,3,0.8453817826222156,0.922597124657266
8,3,0.8453817826222156,0.962185596902601
8,3,0.802386105798389,0.922597124657266
8,3,0.8453817826222156,0.922597124657266
8,3,0.8453817826222156,0.922597124657266
8,3,0.802386105798389,0.922597124657266
8,3,0.802386105798389,0.8830086524119314
8,3,0.802386105798389,0.922597124657266
8,3,0.7593904289745623,0.8830086524119314
8,3,0.802386105798389,0.8830086524119314
8,3,0.802386105798389,0.8830086524119314
8,3,0.7593904289745623,0.8830086524119314
8,3,0.7593904289745623,0.8434201801665968
8,2,0.8883774594460423,0.001774069147935542
8,2,0.8453817826222156,0.001774069147935542
8,3,0.8453817826222156,0.962185596902601
8,2,0.8453817826222156,0.001774069147935542
8,3,0.802386105798389,0.962185596902601
8,3,0.8453817826222156,0.962185596902601
8,3,0.8453817826222156,0.962185596902601
8,3,0.802386105798389,0.962185596902601
8,3,0.802386105798389,0.922597124657266
8,3,0.802386105798389,0.962185596902601
8,3,0.7593904289745623,0.922597124657266
8,3,0.802386105798389,0.922597124657266
8,3,0.802386105798389,0.922597124657266
8,3,0.7593904289745623,0.922597124657266
8,3,0.7593904289745623,0.8830086524119314
8,2,0.8453817826222156,0.001774069147935542
8,2,0.802386105798389,0.001774069147935542
8,3,0.802386105798389,0.962185596902601
8,2,0.802386105798389,0.001774069147935542
8,3,0.7593904289745623,0.962185596902601
8,3,0.802386105798389,0.962185596902601
8,3,0.802386105798389,0.962185596902601
8,3,0.7593904289745623,0.962185596902601
8,3,0.7593904289745623,0.922597124657266
8,2,0.802386105798389,0.001774069147935542
8,2,0.7593904289745623,0.001774069147935542
8,3,0.7593904289745623,0.962185596902601
8,3,0.7593904289745623,0.6849220708856394
8,3,0.7593904289745623,0.7245465982058787
8,3,0.7164127796881878,0.7245465982058787
8,3,0.7593904289745623,0.7245465982058787
8,3,0.7164127796881878,0.7641711255261181
8,3,0.7164127796881878,0.7245465982058787
8,3,0.7164127796881878,0.7245465982058787
8,3,0.7164127796881878,0.7641711255261181
8,3,0.6734351304018134,0.7641711255261181
8,3,0.7164127796881878,0.7641711255261181
8,3,0.6734351304018134,0.8037956528463575
8,3,0.6734351304018134,0.7641711255261181
8,3,0.6734351304018134,0.7641711255261181
8,3,0.6734351304018134,0.8037956528463575
8,3,0.6304574811154389,0.8037956528463575
8,3,0.6734351304018134,0.8037956528463575
8,3,0.6304574811154389,0.8434201801665968
8,3,0.6304574811154389,0.8037956528463575
8,3,0.6304574811154389,0.8037956528463575
8,3,0.6304574811154389,0.8434201801665968
8,3,0.5874798318290644,0.8434201801665968
8,3,0.7593904289745623,0.7245465982058787
8,3,0.7593904289745623,0.7641711255261181
8,3,0.7164127796881878,0.7641711255261181
8,3,0.7593904289745623,0.7641711255261181
8,3,0.7164127796881878,0.8037956528463575
8,3,0.7164127796881878,0.7641711255261181
8,3,0.7164127796881878,0.7641711255261181
8,3,0.7164127796881878,0.8037956528463575
8,3,0.6734351304018134,0.8037956528463575
8,3,0.7164127796881878,0.8037956528463575
8,3,0.6734351304018134,0.8434201801665968
8,3,0.6734351304018134,0.8037956528463575
8,3,0.6734351304018134,0.8037956528463575
8,3,0.6734351304018134,0.8434201801665968
8,3,0.6304574811154389,0.8434201801665968
8,3,0.7593904289745623,0.7641711255261181
8,3,0.7593904289745623,0.8037956528463575
8,3,0.7164127796881878,0.8037956528463575
8,3,0.7593904289745623,0.8037956528463575
8,3,0.7164127796881878,0.8434201801665968
8,3,0.7164127796881878,0.8037956528463575
8,3,0.7164127796881878,0.8037956528463575
8,3,0.7164127796881878,0.8434201801665968
8,3,0.6734351304018134,0.8434201801665968
8,3,0.7593904289745623,0.8037956528463575
8,3,0.7593904289745623,0.8434201801665968
8,3,0.7164127796881878,0.8434201801665968
8,3,0.5874798318290644,0.8434201801665968
8,3,0.5874798318290644,0.8037956528463575
8,3,0.6304574811154389,0.8037956528463575
8,3,0.5874798318290644,0.8037956528463575
8,3,0.6304574811154389,0.7641711255261181
8,3,0.6304574811154389,0.8037956528463575
8,3,0.6304574811154389,0.8037956528463575
8,3,0.6304574811154389,0.7641711255261181
8,3,0.6734351304018134,0.7641711255261181
8,3,0.6304574811154389,0.7641711255261181
8,3,0.6734351304018134,0.7245465982058787
8,3,0.6734351304018134,0.7641711255261181
8,3,0.6734351304018134,0.7641711255261181
8,3,0.6734351304018134,0.7245465982058787
8,3,0.7164127796881878,0.7245465982058787
8,3,0.6734351304018134,0.7245465982058787
8,3,0.7164127796881878,0.6849220708856394
8,3,0.7164127796881878,0.7245465982058787
8,3,0.7164127796881878,0.7245465982058787
8,3,0.7164127796881878,0.6849220708856394
8,3,0.7593904289745623,0.6849220708856394
8,3,0.5874798318290644,0.8037956528463575
8,3,0.5874798318290644,0.7641711255261181
8,3,0.6304574811154389,0.7641711255261181
8,3,0.5874798318290644,0.7641711255261181
8,3,0.6304574811154389,0.7245465982058787
8,3,0.6304574811154389,0.7641711255261181
8,3,0.6304574811154389,0.7641711255261181
8,3,0.6304574811154389,0.7245465982058787
8,3,0.6734351304018134,0.7245465982058787
8,3,0.6304574811154389,0.7245465982058787
8,3,0.6734351304018134,0.6849220708856394
8,3,0.6734351304018134,0.7245465982058787
8,3,0.6734351304018134,0.7245465982058787
8,3,0.6734351304018134,0.6849220708856394
8,3,0.7164127796881878,0.6849220708856394
8,3,0.5874798318290644,0.7641711255261181
8,3,0.5874798318290644,0.7245465982058787
8,3,0.6304574811154389,0.7245465982058787
8,3,0.5874798318290644,0.7245465982058787
8,3,0.6304574811154389,0.6849220708856394
8,3,0.6304574811154389,0.7245465982058787
8,3,0.6304574811154389,0.7245465982058787
8,3,0.6304574811154389,0.6849220708856394
8,3,0.6734351304018134,0.6849220708856394
8,3,0.5874798318290644,0.7245465982058787
8,3,0.5874798318290644,0.6849220708856394
8,3,0.6304574811154389,0.6849220708856394
8,3,0.7593904289745623,0.8434201801665968
8,3,0.7593904289745623,0.8830086524119314
8,3,0.7164127796881878,0.8830086524119314
8,3,0.7593904289745623,0.8830086524119314
8,3,0.7164127796881878,0.922597124657266
8,3,0.7164127796881878,0.8830086524119314
8,3,0.7164127796881878,0.8830086524119314
8,3,0.7164127796881878,0.922597124657266
8,3,0.6734351304018134,0.922597124657266
8,3,0.7164127796881878,0.922597124657266
8,3,0.6734351304018134,0.962185596902601
8,3,0.6734351304018134,0.922597124657266
8,3,0.6734351304018134,0.922597124657266
8,3,0.6734351304018134,0.962185596902601
8,3,0.6304574811154389,0.962185596902601
8,3,0.6734351304018134,0.962185596902601
8,2,0.6304574811154389,0.001774069147935542
8,3,0.6304574811154389,0.962185596902601
8,3,0.6304574811154389,0.962185596902601
8,2,0.6304574811154389,0.001774069147935542
8,2,0.5874798318290644,0.001774069147935542
8,3,0.7593904289745623,0.8830086524119314
8,3,0.7593904289745623,0.922597124657266
8,3,0.7164127796881878,0.922597124657266
8,3,0.7593904289745623,0.922597124657266
8,3,0.7164127796881878,0.962185596902601
8,3,0.7164127796881878,0.922597124657266
8,3,0.7164127796881878,0.922597124657266
8,3,0.7164127796881878,0.962185596902601
8,3,0.6734351304018134,0.962185596902601
8,3,0.7164127796881878,0.962185596902601
8,2,0.6734351304018134,0.001774069147935542
8,3,0.6734351304018134,0.962185596902601
8,3,0.6734351304018134,0.962185596902601
8,2,0.6734351304018134,0.001774069147935542
8,2,0.6304574811154389,0.001774069147935542
8,3,0.7593904289745623,0.922597124657266
8,3,0.7593904289745623,0.962185596902601
8,3,0.7164127796881878,0.962185596902601
8,3,0.7593904289745623,0.962185596902601
8,2,0.7164127796881878,0.001774069147935542
8,3,0.7164127796881878,0.962185596902601
8,3,0.7164127796881878,0.962185596902601
8,2,0.7164127796881878,0.001774069147935542
8,2,0.6734351304018134,0.001774069147935542
8,3,0.7593904289745623,0.962185596902601
8,2,0.7593904289745623,0.001774069147935542
8,2,0.7164127796881878,0.001774069147935542
8,2,0.5874798318290644,0.001774069147935542
8,3,0.5874798318290644,0.962185596902601
8,3,0.6304574811154389,0.962185596902601
8,3,0.5874798318290644,0.962185596902601
8,3,0.6304574811154389,0.922597124657266
8,3,0.6304574811154389,0.962185596902601
8,3,0.6304574811154389,0.962185596902601
8,3,0.6304574811154389,0.922597124657266
8,3,0.6734351304018134,0.922597124657266
8,3,0.6304574811154389,0.922597124657266
8,3,0.6734351304018134,0.8830086524119314
8,3,0.6734351304018134,0.922597124657266
8,3,0.6734351304018134,0.922597124657266
8,3,0.6734351304018134,0.8830086524119314
8,3,0.7164127796881878,0.8830086524119314
8,3,0.6734351304018134,0.8830086524119314
8,3,0.7164127796881878,0.8434201801665968
8,3,0.7164127796881878,0.8830086524119314
8,3,0.7164127796881878,0.8830086524119314
8,3,0.7164127796881878,0.8434201801665968
8,3,0.7593904289745623,0.8434201801665968
8,3,0.5874798318290644,0.962185596902601
8,3,0.5874798318290644,0.922597124657266
8,3,0.6304574811154389,0.922597124657266
8,3,0.5874798318290644,0.922597124657266
8,3,0.6304574811154389,0.8830086524119314
8,3,0.6304574811154389,0.922597124657266
8,3,0.6304574811154389,0.922597124657266
8,3,0.6304574811154389,0.8830086524119314
8,3,0.6734351304018134,0.8830086524119314
8,3,0.6304574811154389,0.8830086524119314
8,3,0.6734351304018134,0.8434201801665968
8,3,0.6734351304018134,0.8830086524119314
8,3,0.6734351304018134,0.8830086524119314
8,3,0.6734351304018134,0.8434201801665968
8,3,0.7164127796881878,0.8434201801665968
8,3,0.5874798318290644,0.922597124657266
8,3,0.5874798318290644,0.8830086524119314
8,3,0.6304574811154389,0.8830086524119314
8,3,0.5874798318290644,0.8830086524119314
8,3,0.6304574811154389,0.8434201801665968
8,3,0.6304574811154389,0.8830086524119314
8,3,0.6304574811154389,0.8830086524119314
8,3,0.6304574811154389,0.8434201801665968
8,3,0.6734351304018134,0.8434201801665968
8,3,0.5874798318290644,0.8830086524119314
8,3,0.5874798318290644,0.8434201801665968
8,3,0.6304574811154389,0.8434201801665968
8,3,0.6400000000000006,0.9900000000000002
8,3,0.5545637878039198,0.9071731459619232
8,2,0.5545637878039198,0.0728268540380772
8,3,0.7254362121960813,0.9071731459619232
8,2,0.7254362121960813,0.0728268540380772
8,3,0.47289522846843823,0.9885066247195033
8,3,0.47289522846843823,0.9482651485116764
8,3,0.515618943774717,0.9482651485116764
8,3,0.47289522846843823,0.9482651485116764
8,3,0.515618943774717,0.9080236723038495
8,3,0.515618943774717,0.9482651485116764
8,3,0.515618943774717,0.9482651485116764
8,3,0.515618943774717,0.9080236723038495
8,3,0.5583426590809939,0.9080236723038495
8,3,0.515618943774717,0.9080236723038495
8,3,0.5583426590809939,0.8677821960960226
8,3,0.5583426590809939,0.9080236723038495
8,3,0.5583426590809939,0.9080236723038495
8,3,0.5583426590809939,0.8677821960960226
8,3,0.6010663743872726,0.8677821960960226
8,3,0.5583426590809939,0.8677821960960226
8,3,0.6010663743872726,0.8275407198881957
8,3,0.6010663743872726,0.8677821960960226
8,3,0.6010663743872726,0.8677821960960226
8,3,0.6010663743872726,0.8275407198881957
8,3,0.6437900896935496,0.8275407198881957
8,3,0.47289522846843823,0.9482651485116764
8,3,0.47289522846843823,0.9080236723038495
8,3,0.515618943774717,0.9080236723038495
8,3,0.47289522846843823,0.9080236723038495
8,3,0.515618943774717,0.8677821960960226
8,3,0.515618943774717,0.9080236723038495
8,3,0.515618943774717,0.9080236723038495
8,3,0.515618943774717,0.8677821960960226
8,3,0.5583426590809939,0.8677821960960226
8,3,0.515618943774717,0.8677821960960226
8,3,0.5583426590809939,0.8275407198881957
8,3,0.5583426590809939,0.8677821960960226
8,3,0.5583426590809939,0.8677821960960226
8,3,0.5583426590809939,0.8275407198881957
8,3,0.6010663743872726,0.8275407198881957
8,3,0.47289522846843823,0.9080236723038495
8,3,0.47289522846843823,0.8677821960960226
8,3,0.515618943774717,0.8677821960960226
8,3,0.47289522846843823,0.8677821960960226
8,3,0.515618943774717,0.8275407198881957
8,3,0.515618943774717,0.8677821960960226
8,3,0.515618943774717,0.8677821960960226
8,3,0.515618943774717,0.8275407198881957
8,3,0.5583426590809939,0.8275407198881957
8,3,0.47289522846843823,0.8677821960960226
8,3,0.47289522846843823,0.8275407198881957
8,3,0.515618943774717,0.8275407198881957
8,3,0.6437900896935496,0.8275407198881957
8,3,0.6437900896935496,0.8677821960960226
8,3,0.6010663743872726,0.8677821960960226
8,3,0.6437900896935496,0.8677821960960226
8,3,0.6010663743872726,0.9080236723038495
8,3,0.6010663743872726,0.8677821960960226
8,3,0.6010663743872726,0.8677821960960226
8,3,0.6010663743872726,0.9080236723038495
8,3,0.5583426590809939,0.9080236723038495
8,3,0.6010663743872726,0.9080236723038495
8,3,0.5583426590809939,0.9482651485116764
8,3,0.5583426590809939,0.9080236723038495
8,3,0.5583426590809939,0.9080236723038495
8,3,0.5583426590809939,0.9482651485116764
8,3,0.515618943774717,0.9482651485116764
8,3,0.5583426590809939,0.9482651485116764
8,3,0.515618943774717,0.9885066247195033
8,3,0.515618943774717,0.9482651485116764
8,3,0.515618943774717,0.9482651485116764
8,3,0.515618943774717,0.9885066247195033
8,3,0.47289522846843823,0.9885066247195033
8,3,0.6437900896935496,0.8677821960960226
8,3,0.6437900896935496,0.9080236723038495
8,3,0.6010663743872726,0.9080236723038495
8,3,0.6437900896935496,0.9080236723038495
8,3,0.6010663743872726,0.9482651485116764
8,3,0.6010663743872726,0.9080236723038495
8,3,0.6010663743872726,0.9080236723038495
8,3,0.6010663743872726,0.9482651485116764
8,3,0.5583426590809939,0.9482651485116764
8,3,0.6010663743872726,0.9482651485116764
8,3,0.5583426590809939,0.9885066247195033
8,3,0.5583426590809939,0.9482651485116764
8,3,0.5583426590809939,0.9482651485116764
8,3,0.5583426590809939,0.9885066247195033
8,3,0.515618943774717,0.9885066247195033
8,3,0.6437900896935496,0.9080236723038495
8,3,0.6437900896935496,0.9482651485116764
8,3,0.6010663743872726,0.9482651485116764
8,3,0.6437900896935496,0.9482651485116764
8,3,0.6010663743872726,0.9885066247195033
8,3,0.6010663743872726,0.9482651485116764
8,3,0.6010663743872726,0.9482651485116764
8,3,0.6010663743872726,0.9885066247195033
8,3,0.5583426590809939,0.9885066247195033
8,3,0.6437900896935496,0.9482651485116764
8,3,0.6437900896935496,0.9885066247195033
8,3,0.6010663743872726,0.9885066247195033
8,3,0.6437900896935496,0.9885066247195033
8,3,0.6437900896935496,0.9482651485116764
8,3,0.6865284064062891,0.9482651485116764
8,3,0.6437900896935496,0.9482651485116764
8,3,0.6865284064062891,0.9080236723038495
8,3,0.6865284064062891,0.9482651485116764
8,3,0.6865284064062891,0.9482651485116764
8,3,0.6865284064062891,0.9080236723038495
8,3,0.7292667231190286,0.9080236723038495
8,3,0.6865284064062891,0.9080236723038495
8,3,0.7292667231190286,0.8677821960960226
8,3,0.7292667231190286,0.9080236723038495
8,3,0.7292667231190286,0.9080236723038495
8,3,0.7292667231190286,0.8677821960960226
8,3,0.7720050398317682,0.8677821960960226
8,3,0.7292667231190286,0.8677821960960226
8,3,0.7720050398317682,0.8275407198881957
8,3,0.7720050398317682,0.8677821960960226
8,3,0.7720050398317682,0.8677821960960226
8,3,0.7720050398317682,0.8275407198881957
8,3,0.8147433565445059,0.8275407198881957
8,3,0.6437900896935496,0.9482651485116764
8,3,0.6437900896935496,0.9080236723038495
8,3,0.6865284064062891,0.9080236723038495
8,3,0.6437900896935496,0.9080236723038495
8,3,0.6865284064062891,0.8677821960960226
8,3,0.6865284064062891,0.9080236723038495
8,3,0.6865284064062891,0.9080236723038495
8,3,0.6865284064062891,0.8677821960960226
8,3,0.7292667231190286,0.8677821960960226
8,3,0.6865284064062891,0.8677821960960226
8,3,0.7292667231190286,0.8275407198881957
8,3,0.7292667231190286,0.8677821960960226
8,3,0.7292667231190286,0.8677821960960226
8,3,0.7292667231190286,0.8275407198881957
8,3,0.7720050398317682,0.8275407198881957
8,3,0.6437900896935496,0.9080236723038495
8,3,0.6437900896935496,0.8677821960960226
8,3,0.6865284064062891,0.8677821960960226
8,3,0.6437900896935496,0.8677821960960226
8,3,0.6865284064062891,0.8275407198881957
8,3,0.6865284064062891,0.8677821960960226
8,3,0.6865284064062891,0.8677821960960226
8,3,0.6865284064062891,0.8275407198881957
8,3,0.7292667231190286,0.8275407198881957
8,3,0.6437900896935496,0.8677821960960226
8,3,0.6437900896935496,0.8275407198881957
8,3,0.6865284064062891,0.8275407198881957
8,3,0.8147433565445059,0.8275407198881957
8,3,0.8147433565445059,0.8677821960960226
8,3,0.7720050398317682,0.8677821960960226
8,3,0.8147433565445059,0.8677821960960226
8,3,0.7720050398317682,0.9080236723038495
8,3,0.7720050398317682,0.8677821960960226
8,3,0.7720050398317682,0.8677821960960226
8,3,0.7720050398317682,0.9080236723038495
8,3,0.7292667231190286,0.9080236723038495
8,3,0.7720050398317682,0.9080236723038495
8,3,0.7292667231190286,0.9482651485116764
8,3,0.7292667231190286,0.9080236723038495
8,3,0.7292667231190286,0.9080236723038495
8,3,0.7292667231190286,0.9482651485116764
8,3,0.6865284064062891,0.9482651485116764
8,3,0.7292667231190286,0.9482651485116764
8,3,0.6865284064062891,0.9885066247195033
8,3,0.6865284064062891,0.9482651485116764
8,3,0.6865284064062891,0.9482651485116764
8,3,0.6865284064062891,0.9885066247195033
8,3,0.6437900896935496,0.9885066247195033
8,3,0.8147433565445059,0.8677821960960226
8,3,0.8147433565445059,0.9080236723038495
8,3,0.7720050398317682,0.9080236723038495
8,3,0.8147433565445059,0.9080236723038495
8,3,0.7720050398317682,0.9482651485116764
8,3,0.7720050398317682,0.9080236723038495
8,3,0.7720050398317682,0.9080236723038495
8,3,0.7720050398317682,0.9482651485116764
8,3,0.7292667231190286,0.9482651485116764
8,3,0.7720050398317682,0.9482651485116764
8,3,0.7292667231190286,0.9885066247195033
8,3,0.7292667231190286,0.9482651485116764
8,3,0.7292667231190286,0.9482651485116764
8,3,0.7292667231190286,0.9885066247195033
8,3,0.6865284064062891,0.9885066247195033
8,3,0.8147433565445059,0.9080236723038495
8,3,0.8147433565445059,0.9482651485116764
8,3,0.7720050398317682,0.9482651485116764
8,3,0.8147433565445059,0.9482651485116764
8,3,0.7720050398317682,0.9885066247195033
8,3,0.7720050398317682,0.9482651485116764
8,3,0.7720050398317682,0.9482651485116764
8,3,0.7720050398317682,0.9885066247195033
8,3,0.7292667231190286,0.9885066247195033
8,3,0.8147433565445059,0.9482651485116764
8,3,0.8147433565445059,0.9885066247195033
8,3,0.7720050398317682,0.9885066247195033
8,3,0.47289522846843823,0.9885066247195033
8,3,0.515618943774717,0.9885066247195033
8,2,0.515618943774717,0.028777303740253224
8,3,0.515618943774717,0.9885066247195033
8,2,0.5583426590809939,0.028777303740253224
8,2,0.515618943774717,0.028777303740253224
8,2,0.515618943774717,0.028777303740253224
8,2,0.5583426590809939,0.028777303740253224
8,2,0.5583426590809939,0.0690479827610031
8,2,0.5583426590809939,0.028777303740253224
8,2,0.6010663743872726,0.0690479827610031
8,2,0.5583426590809939,0.0690479827610031
8,2,0.5583426590809939,0.0690479827610031
8,2,0.6010663743872726,0.0690479827610031
8,2,0.6010663743872726,0.10931866178175298
8,2,0.6010663743872726,0.0690479827610031
8,2,0.6437900896935496,0.10931866178175298
8,2,0.6010663743872726,0.10931866178175298
8,2,0.6010663743872726,0.10931866178175298
8,2,0.6437900896935496,0.10931866178175298
8,2,0.6437900896935496,0.14958934080250286
8,3,0.515618943774717,0.9885066247195033
8,3,0.5583426590809939,0.9885066247195033
8,2,0.5583426590809939,0.028777303740253224
8,3,0.5583426590809939,0.9885066247195033
8,2,0.6010663743872726,0.028777303740253224
8,2,0.5583426590809939,0.028777303740253224
8,2,0.5583426590809939,0.028777303740253224
8,2,0.6010663743872726,0.028777303740253224
8,2,0.6010663743872726,0.0690479827610031
8,2,0.6010663743872726,0.028777303740253224
8,2,0.6437900896935496,0.0690479827610031
8,2,0.6010663743872726,0.0690479827610031
8,2,0.6010663743872726,0.0690479827610031
8,2,0.6437900896935496,0.0690479827610031
8,2,0.6437900896935496,0.10931866178175298
8,3,0.5583426590809939,0.9885066247195033
8,3,0.6010663743872726,0.9885066247195033
8,2,0.6010663743872726,0.028777303740253224
8,3,0.6010663743872726,0.9885066247195033
8,2,0.6437900896935496,0.028777303740253224
8,2,0.6010663743872726,0.028777303740253224
8,2,0.6010663743872726,0.028777303740253224
8,2,0.6437900896935496,0.028777303740253224
8,2,0.6437900896935496,0.0690479827610031
8,3,0.6010663743872726,0.9885066247195033
8,3,0.6437900896935496,0.9885066247195033
8,2,0.6437900896935496,0.028777303740253224
8,2,0.6437900896935496,0.14958934080250286
8,2,0.6010663743872726,0.14958934080250286
8,2,0.6010663743872726,0.10931866178175298
8,2,0.6010663743872726,0.14958934080250286
8,2,0.5583426590809939,0.10931866178175298
8,2,0.6010663743872726,0.10931866178175298
8,2,0.6010663743872726,0.10931866178175298
8,2,0.5583426590809939,0.10931866178175298
8,2,0.5583426590809939,0.0690479827610031
8,2,0.5583426590809939,0.10931866178175298
8,2,0.515618943774717,0.0690479827610031
8,2,0.5583426590809939,0.0690479827610031
8,2,0.5583426590809939,0.0690479827610031
8,2,0.515618943774717,0.0690479827610031
8,2,0.515618943774717,0.028777303740253224
8,2,0.515618943774717,0.0690479827610031
8,2,0.47289522846843823,0.028777303740253224
8,2,0.515618943774717,0.028777303740253224
8,2,0.515618943774717,0.028777303740253224
8,2,0.47289522846843823,0.028777303740253224
8,3,0.47289522846843823,0.9885066247195033
8,2,0.6010663743872726,0.14958934080250286
8,2,0.5583426590809939,0.14958934080250286
8,2,0.5583426590809939,0.10931866178175298
8,2,0.5583426590809939,0.14958934080250286
8,2,0.515618943774717,0.10931866178175298
8,2,0.5583426590809939,0.10931866178175298
8,2,0.5583426590809939,0.10931866178175298
8,2,0.515618943774717,0.10931866178175298
8,2,0.515618943774717,0.0690479827610031
8,2,0.515618943774717,0.10931866178175298
8,2,0.47289522846843823,0.0690479827610031
8,2,0.515618943774717,0.0690479827610031
8,2,0.515618943774717,0.0690479827610031
8,2,0.47289522846843823,0.0690479827610031
8,2,0.47289522846843823,0.028777303740253224
8,2,0.5583426590809939,0.14958934080250286
8,2,0.515618943774717,0.14958934080250286
8,2,0.515618943774717,0.10931866178175298
8,2,0.515618943774717,0.14958934080250286
8,2,0.47289522846843823,0.10931866178175298
8,2,0.515618943774717,0.10931866178175298
8,2,0.515618943774717,0.10931866178175298
8,2,0.47289522846843823,0.10931866178175298
8,2,0.47289522846843823,0.0690479827610031
8,2,0.515618943774717,0.14958934080250286
8,2,0.47289522846843823,0.14958934080250286
8,2,0.47289522846843823,0.10931866178175298
8,3,0.6437900896935496,0.9885066247195033
8,3,0.6865284064062891,0.9885066247195033
8,2,0.6865284064062891,0.028777303740253224
8,3,0.6865284064062891,0.9885066247195033
8,2,0.7292667231190286,0.028777303740253224
8,2,0.6865284064062891,0.028777303740253224
8,2,0.6865284064062891,0.028777303740253224
8,2,0.7292667231190286,0.028777303740253224
8,2,0.7292667231190286,0.0690479827610031
8,2,0.7292667231190286,0.028777303740253224
8,2,0.7720050398317682,0.0690479827610031
8,2,0.7292667231190286,0.0690479827610031
8,2,0.7292667231190286,0.0690479827610031
8,2,0.7720050398317682,0.0690479827610031
8,2,0.7720050398317682,0.10931866178175298
8,2,0.7720050398317682,0.0690479827610031
8,2,0.8147433565445059,0.10931866178175298
8,2,0.7720050398317682,0.10931866178175298
8,2,0.7720050398317682,0.10931866178175298
8,2,0.8147433565445059,0.10931866178175298
8,2,0.8147433565445059,0.14958934080250286
8,3,0.6865284064062891,0.9885066247195033
8,3,0.7292667231190286,0.9885066247195033
8,2,0.7292667231190286,0.028777303740253224
8,3,0.7292667231190286,0.9885066247195033
8,2,0.7720050398317682,0.028777303740253224
8,2,0.7292667231190286,0.028777303740253224
8,2,0.7292667231190286,0.028777303740253224
8,2,0.7720050398317682,0.028777303740253224
8,2,0.7720050398317682,0.0690479827610031
8,2,0.7720050398317682,0.028777303740253224
8,2,0.8147433565445059,0.0690479827610031
8,2,0.7720050398317682,0.0690479827610031
8,2,0.7720050398317682,0.0690479827610031
8,2,0.8147433565445059,0.0690479827610031
8,2,0.8147433565445059,0.10931866178175298
8,3,0.7292667231190286,0.9885066247195033
8,3,0.7720050398317682,0.9885066247195033
8,2,0.7720050398317682,0.028777303740253224
8,3,0.7720050398317682,0.9885066247195033
8,2,0.8147433565445059,0.028777303740253224
8,2,0.7720050398317682,0.028777303740253224
8,2,0.7720050398317682,0.028777303740253224
8,2,0.8147433565445059,0.028777303740253224
8,2,0.8147433565445059,0.0690479827610031
8,3,0.7720050398317682,0.9885066247195033
8,3,0.8147433565445059,0.9885066247195033
8,2,0.8147433565445059,0.028777303740253224
8,2,0.8147433565445059,0.14958934080250286
8,2,0.7720050398317682,0.14958934080250286
8,2,0.7720050398317682,0.10931866178175298
8,2,0.7720050398317682,0.14958934080250286
8,2,0.7292667231190286,0.10931866178175298
8,2,0.7720050398317682,0.10931866178175298
8,2,0.7720050398317682,0.10931866178175298
8,2,0.7292667231190286,0.10931866178175298
8,2,0.7292667231190286,0.0690479827610031
8,2,0.7292667231190286,0.10931866178175298
8,2,0.6865284064062891,0.0690479827610031
8,2,0.7292667231190286,0.0690479827610031
8,2,0.7292667231190286,0.0690479827610031
8,2,0.6865284064062891,0.0690479827610031
8,2,0.6865284064062891,0.028777303740253224
8,2,0.6865284064062891,0.0690479827610031
8,2,0.6437900896935496,0.028777303740253224
8,2,0.6865284064062891,0.028777303740253224
8,2,0.6865284064062891,0.028777303740253224
8,2,0.6437900896935496,0.028777303740253224
8,3,0.6437900896935496,0.9885066247195033
8,2,0.7720050398317682,0.14958934080250286
8,2,0.7292667231190286,0.14958934080250286
8,2,0.7292667231190286,0.10931866178175298
8,2,0.7292667231190286,0.14958934080250286
8,2,0.6865284064062891,0.10931866178175298
8,2,0.7292667231190286,0.10931866178175298
8,2,0.7292667231190286,0.10931866178175298
8,2,0.6865284064062891,0.10931866178175298
8,2,0.6865284064062891,0.0690479827610031
8,2,0.6865284064062891,0.10931866178175298
8,2,0.6437900896935496,0.0690479827610031
8,2,0.6865284064062891,0.0690479827610031
8,2,0.6865284064062891,0.0690479827610031
8,2,0.6437900896935496,0.0690479827610031
8,2,0.6437900896935496,0.028777303740253224
8,2,0.7292667231190286,0.14958934080250286
8,2,0.6865284064062891,0.14958934080250286
8,2,0.6865284064062891,0.10931866178175298
8,2,0.6865284064062891,0.14958934080250286
8,2,0.6437900896935496,0.10931866178175298
8,2,0.6865284064062891,0.10931866178175298
8,2,0.6865284064062891,0.10931866178175298
8,2,0.6437900896935496,0.10931866178175298
8,2,0.6437900896935496,0.0690479827610031
8,2,0.6865284064062891,0.14958934080250286
8,2,0.6437900896935496,0.14958934080250286
8,2,0.6437900896935496,0.10931866178175298
8,3,0.22000000000000064,0.7800000000000002
8,3,0.08067690938269578,0.67503324592023
8,3,0.08067690938269578,0.8849667540797705
8,3,0.3593230906173055,0.67503324592023
8,3,0.3593230906173055,0.8849667540797705
8,3,0.4412856681918367,0.7558858620724127
8,3,0.4412856681918367,0.7757966852522982
8,3,0.39047176032134523,0.7757966852522982
8,3,0.4412856681918367,0.7757966852522982
8,3,0.39047176032134523,0.7957075084321832
8,3,0.39047176032134523,0.7757966852522982
8,3,0.39047176032134523,0.7757966852522982
8,3,0.39047176032134523,0.7957075084321832
8,3,0.3396578524508538,0.7957075084321832
8,3,0.39047176032134523,0.7957075084321832
8,3,0.3396578524508538,0.8156183316120686
8,3,0.3396578524508538,0.7957075084321832
8,3,0.3396578524508538,0.7957075084321832
8,3,0.3396578524508538,0.8156183316120686
8,3,0.28884394458036233,0.8156183316120686
8,3,0.3396578524508538,0.8156183316120686
8,3,0.28884394458036233,0.8355291547919537
8,3,0.28884394458036233,0.8156183316120686
8,3,0.28884394458036233,0.8156183316120686
8,3,0.28884394458036233,0.8355291547919537
8,3,0.23803003670987088,0.8355291547919537
8,3,0.28884394458036233,0.8355291547919537
8,3,0.23803003670987088,0.8554399779718391
8,3,0.23803003670987088,0.8355291547919537
8,3,0.23803003670987088,0.8355291547919537
8,3,0.23803003670987088,0.8554399779718391
8,3,0.18721612883937944,0.8554399779718391
8,3,0.23803003670987088,0.8554399779718391
8,3,0.18721612883937944,0.8753508011517241
8,3,0.18721612883937944,0.8554399779718391
8,3,0.18721612883937944,0.8554399779718391
8,3,0.18721612883937944,0.8753508011517241
8,3,0.13640222096888976,0.8753508011517241
8,3,0.18721612883937944,0.8753508011517241
8,3,0.13640222096888976,0.8952616243316096
8,3,0.13640222096888976,0.8753508011517241
8,3,0.13640222096888976,0.8753508011517241
8,3,0.13640222096888976,0.8952616243316096
8,3,0.08558831309839832,0.8952616243316096
8,3,0.13640222096888976,0.8952616243316096
8,3,0.08558831309839832,0.9151724475114946
8,3,0.08558831309839832,0.8952616243316096
8,3,0.08558831309839832,0.8952616243316096
8,3,0.08558831309839832,0.9151724475114946
8,3,0.03477440522790687,0.9151724475114946
8,3,0.08558831309839832,0.9151724475114946
8,3,0.03477440522790687,0.9350832706913801
8,3,0.03477440522790687,0.9151724475114946
8,3,0.03477440522790687,0.9151724475114946
8,3,0.03477440522790687,0.9350832706913801
7,3,0.9839604973574145,0.9350832706913801
8,3,0.4412856681918367,0.7757966852522982
8,3,0.4412856681918367,0.7957075084321832
8,3,0.39047176032134523,0.7957075084321832
8,3,0.4412856681918367,0.7957075084321832
8,3,0.39047176032134523,0.8156183316120686
8,3,0.39047176032134523,0.7957075084321832
8,3,0.39047176032134523,0.7957075084321832
8,3,0.39047176032134523,0.8156183316120686
8,3,0.3396578524508538,0.8156183316120686
8,3,0.39047176032134523,0.8156183316120686
8,3,0.3396578524508538,0.8355291547919537
8,3,0.3396578524508538,0.8156183316120686
8,3,0.3396578524508538,0.8156183316120686
8,3,0.3396578524508538,0.8355291547919537
8,3,0.28884394458036233,0.8355291547919537
8,3,0.3396578524508538,0.8355291547919537
8,3,0.28884394458036233,0.8554399779718391
8,3,0.28884394458036233,0.8355291547919537
8,3,0.28884394458036233,0.8355291547919537
8,3,0.28884394458036233,0.8554399779718391
8,3,0.23803003670987088,0.8554399779718391
8,3,0.28884394458036233,0.8554399779718391
8,3,0.23803003670987088,0.8753508011517241
8,3,0.23803003670987088,0.8554399779718391
8,3,0.23803003670987088,0.8554399779718391
8,3,0.23803003670987088,0.8753508011517241
8,3,0.18721612883937944,0.8753508011517241
8,3,0.23803003670987088,0.8753508011517241
8,3,0.18721612883937944,0.8952616243316096
8,3,0.18721612883937944,0.8753508011517241
8,3,0.18721612883937944,0.8753508011517241
8,3,0.18721612883937944,0.8952616243316096
8,3,0.13640222096888976,0.8952616243316096
8,3,0.18721612883937944,0.8952616243316096
8,3,0.13640222096888976,0.9151724475114946
8,3,0.13640222096888976,0.8952616243316096
8,3,0.13640222096888976,0.8952616243316096
8,3,0.13640222096888976,0.9151724475114946
8,3,0.08558831309839832,0.9151724475114946
8,3,0.13640222096888976,0.9151724475114946
8,3,0.08558831309839832,0.9350832706913801
8,3,0.08558831309839832,0.9151724475114946
8,3,0.08558831309839832,0.9151724475114946
8,3,0.08558831309839832,0.9350832706913801
8,3,0.03477440522790687,0.9350832706913801
8,3,0.4412856681918367,0.7957075084321832
8,3,0.4412856681918367,0.8156183316120686
8,3,0.39047176032134523,0.8156183316120686
8,3,0.4412856681918367,0.8156183316120686
8,3,0.39047176032134523,0.8355291547919537
8,3,0.39047176032134523,0.8156183316120686
8,3,0.39047176032134523,0.8156183316120686
8,3,0.39047176032134523,0.8355291547919537
8,3,0.3396578524508538,0.8355291547919537
8,3,0.39047176032134523,0.8355291547919537
8,3,0.3396578524508538,0.8554399779718391
8,3,0.3396578524508538,0.8355291547919537
8,3,0.3396578524508538,0.8355291547919537
8,3,0.3396578524508538,0.8554399779718391
8,3,0.28884394458036233,0.8554399779718391
8,3,0.3396578524508538,0.8554399779718391
8,3,0.28884394458036233,0.8753508011517241
8,3,0.28884394458036233,0.8554399779718391
8,3,0.28884394458036233,0.8554399779718391
8,3,0.28884394458036233,0.8753508011517241
8,3,0.23803003670987088,0.8753508011517241
8,3,0.28884394458036233,0.8753508011517241
8,3,0.23803003670987088,0.8952616243316096
8,3,0.23803003670987088,0.8753508011517241
8,3,0.23803003670987088,0.8753508011517241
8,3,0.23803003670987088,0.8952616243316096
8,3,0.18721612883937944,0.8952616243316096
8,3,0.23803003670987088,0.8952616243316096
8,3,0.18721612883937944,0.9151724475114946
8,3,0.18721612883937944,0.8952616243316096
8,3,0.18721612883937944,0.8952616243316096
8,3,0.18721612883937944,0.9151724475114946
8,3,0.13640222096888976,0.9151724475114946
8,3,0.18721612883937944,0.9151724475114946
8,3,0.13640222096888976,0.9350832706913801
8,3,0.13640222096888976,0.9151724475114946
8,3,0.13640222096888976,0.9151724475114946
8,3,0.13640222096888976,0.9350832706913801
8,3,0.08558831309839832,0.9350832706913801
8,3,0.4412856681918367,0.8156183316120686
8,3,0.4412856681918367,0.8355291547919537
8,3,0.39047176032134523,0.8355291547919537
8,3,0.4412856681918367,0.8355291547919537
8,3,0.39047176032134523,0.8554399779718391
8,3,0.39047176032134523,0.8355291547919537
8,3,0.39047176032134523,0.8355291547919537
8,3,0.39047176032134523,0.8554399779718391
8,3,0.3396578524508538,0.8554399779718391
8,3,0.39047176032134523,0.8554399779718391
8,3,0.3396578524508538,0.8753508011517241
8,3,0.3396578524508538,0.8554399779718391
8,3,0.3396578524508538,0.8554399779718391
8,3,0.3396578524508538,0.8753508011517241
8,3,0.28884394458036233,0.8753508011517241
8,3,0.3396578524508538,0.8753508011517241
8,3,0.28884394458036233,0.8952616243316096
8,3,0.28884394458036233,0.8753508011517241
8,3,0.28884394458036233,0.8753508011517241
8,3,0.28884394458036233,0.8952616243316096
8,3,0.23803003670987088,0.8952616243316096
8,3,0.28884394458036233,0.8952616243316096
8,3,0.23803003670987088,0.9151724475114946
8,3,0.23803003670987088,0.8952616243316096
8,3,0.23803003670987088,0.8952616243316096
8,3,0.23803003670987088,0.9151724475114946
8,3,0.18721612883937944,0.9151724475114946
8,3,0.23803003670987088,0.9151724475114946
8,3,0.18721612883937944,0.9350832706913801
8,3,0.18721612883937944,0.9151724475114946
8,3,0.18721612883937944,0.9151724475114946
8,3,0.18721612883937944,0.9350832706913801
8,3,0.13640222096888976,0.9350832706913801
8,3,0.4412856681918367,0.8355291547919537
8,3,0.4412856681918367,0.8554399779718391
8,3,0.39047176032134523,0.8554399779718391
8,3,0.4412856681918367,0.8554399779718391
8,3,0.39047176032134523,0.8753508011517241
8,3,0.39047176032134523,0.8554399779718391
8,3,0.39047176032134523,0.8554399779718391
8,3,0.39047176032134523,0.8753508011517241
8,3,0.3396578524508538,0.8753508011517241
8,3,0.39047176032134523,0.8753508011517241
8,3,0.3396578524508538,0.8952616243316096
8,3,0.3396578524508538,0.8753508011517241
8,3,0.3396578524508538,0.8753508011517241
8,3,0.3396578524508538,0.8952616243316096
8,3,0.28884394458036233,0.8952616243316096
8,3,0.3396578524508538,0.8952616243316096
8,3,0.28884394458036233,0.9151724475114946
8,3,0.28884394458036233,0.8952616243316096
8,3,0.28884394458036233,0.8952616243316096
8,3,0.28884394458036233,0.9151724475114946
8,3,0.23803003670987088,0.9151724475114946
8,3,0.28884394458036233,0.9151724475114946
8,3,0.23803003670987088,0.9350832706913801
8,3,0.23803003670987088,0.9151724475114946
8,3,0.23803003670987088,0.9151724475114946
8,3,0.23803003670987088,0.9350832706913801
8,3,0.18721612883937944,0.9350832706913801
8,3,0.4412856681918367,0.8554399779718391
8,3,0.4412856681918367,0.8753508011517241
8,3,0.39047176032134523,0.8753508011517241
8,3,0.4412856681918367,0.8753508011517241
8,3,0.39047176032134523,0.8952616243316096
8,3,0.39047176032134523,0.8753508011517241
8,3,0.39047176032134523,0.8753508011517241
8,3,0.39047176032134523,0.8952616243316096
8,3,0.3396578524508538,0.8952616243316096
8,3,0.39047176032134523,0.8952616243316096
8,3,0.3396578524508538,0.9151724475114946
8,3,0.3396578524508538,0.8952616243316096
8,3,0.3396578524508538,0.8952616243316096
8,3,0.3396578524508538,0.9151724475114946
8,3,0.28884394458036233,0.9151724475114946
8,3,0.3396578524508538,0.9151724475114946
8,3,0.28884394458036233,0.9350832706913801
8,3,0.28884394458036233,0.9151724475114946
8,3,0.28884394458036233,0.9151724475114946
8,3,0.28884394458036233,0.9350832706913801
8,3,0.23803003670987088,0.9350832706913801
8,3,0.4412856681918367,0.8753508011517241
8,3,0.4412856681918367,0.8952616243316096
8,3,0.39047176032134523,0.8952616243316096
8,3,0.4412856681918367,0.8952616243316096
8,3,0.39047176032134523,0.9151724475114946
8,3,0.39047176032134523,0.8952616243316096
8,3,0.39047176032134523,0.8952616243316096
8,3,0.39047176032134523,0.9151724475114946
8,3,0.3396578524508538,0.9151724475114946
8,3,0.39047176032134523,0.9151724475114946
8,3,0.3396578524508538,0.9350832706913801
8,3,0.3396578524508538,0.9151724475114946
8,3,0.3396578524508538,0.9151724475114946
8,3,0.3396578524508538,0.9350832706913801
8,3,0.28884394458036233,0.9350832706913801
8,3,0.4412856681918367,0.8952616243316096
8,3,0.4412856681918367,0.9151724475114946
8,3,0.39047176032134523,0.9151724475114946
8,3,0.4412856681918367,0.9151724475114946
8,3,0.39047176032134523,0.9350832706913801
8,3,0.39047176032134523,0.9151724475114946
8,3,0.39047176032134523,0.9151724475114946
8,3,0.39047176032134523,0.9350832706913801
8,3,0.3396578524508538,0.9350832706913801
8,3,0.4412856681918367,0.9151724475114946
8,3,0.4412856681918367,0.9350832706913801
8,3,0.39047176032134523,0.9350832706913801
7,3,0.9839604973574145,0.9350832706913801
7,3,0.9839604973574145,0.9151724475114946
8,3,0.03477440522790687,0.9151724475114946
7,3,0.9839604973574145,0.9151724475114946
8,3,0.03477440522790687,0.8952616243316096
8,3,0.03477440522790687,0.9151724475114946
8,3,0.03477440522790687,0.9151724475114946
8,3,0.03477440522790687,0.8952616243316096
8,3,0.08558831309839832,0.8952616243316096
8,3,0.03477440522790687,0.8952616243316096
8,3,0.08558831309839832,0.8753508011517241
8,3,0.08558831309839832,0.8952616243316096
8,3,0.08558831309839832,0.8952616243316096
8,3,0.08558831309839832,0.8753508011517241
8,3,0.13640222096888976,0.8753508011517241
8,3,0.08558831309839832,0.8753508011517241
8,3,0.13640222096888976,0.8554399779718391
8,3,0.13640222096888976,0.8753508011517241
8,3,0.13640222096888976,0.8753508011517241
8,3,0.13640222096888976,0.8554399779718391
8,3,0.18721612883937944,0.8554399779718391
8,3,0.13640222096888976,0.8554399779718391
8,3,0.18721612883937944,0.8355291547919537
8,3,0.18721612883937944,0.8554399779718391
8,3,0.18721612883937944,0.8554399779718391
8,3,0.18721612883937944,0.8355291547919537
8,3,0.23803003670987088,0.8355291547919537
8,3,0.18721612883937944,0.8355291547919537
8,3,0.23803003670987088,0.8156183316120686
8,3,0.23803003670987088,0.8355291547919537
8,3,0.23803003670987088,0.8355291547919537
8,3,0.23803003670987088,0.8156183316120686
8,3,0.28884394458036233,0.8156183316120686
8,3,0.23803003670987088,0.8156183316120686
8,3,0.28884394458036233,0.7957075084321832
8,3,0.28884394458036233,0.8156183316120686
8,3,0.28884394458036233,0.8156183316120686
8,3,0.28884394458036233,0.7957075084321832
8,3,0.3396578524508538,0.7957075084321832
8,3,0.28884394458036233,0.7957075084321832
8,3,0.3396578524508538,0.7757966852522982
8,3,0.3396578524508538,0.7957075084321832
8,3,0.3396578524508538,0.7957075084321832
8,3,0.3396578524508538,0.7757966852522982
8,3,0.39047176032134523,0.7757966852522982
8,3,0.3396578524508538,0.7757966852522982
8,3,0.39047176032134523,0.7558858620724127
8,3,0.39047176032134523,0.7757966852522982
8,3,0.39047176032134523,0.7757966852522982
8,3,0.39047176032134523,0.7558858620724127
8,3,0.4412856681918367,0.7558858620724127
7,3,0.9839604973574145,0.9151724475114946
7,3,0.9839604973574145,0.8952616243316096
8,3,0.03477440522790687,0.8952616243316096
7,3,0.9839604973574145,0.8952616243316096
8,3,0.03477440522790687,0.8753508011517241
8,3,0.03477440522790687,0.8952616243316096
8,3,0.03477440522790687,0.8952616243316096
8,3,0.03477440522790687,0.8753508011517241
8,3,0.08558831309839832,0.8753508011517241
8,3,0.03477440522790687,0.8753508011517241
8,3,0.08558831309839832,0.8554399779718391
8,3,0.08558831309839832,0.8753508011517241
8,3,0.08558831309839832,0.8753508011517241
8,3,0.08558831309839832,0.8554399779718391
8,3,0.13640222096888976,0.8554399779718391
8,3,0.08558831309839832,0.8554399779718391
8,3,0.13640222096888976,0.8355291547919537
8,3,0.13640222096888976,0.8554399779718391
8,3,0.13640222096888976,0.8554399779718391
8,3,0.13640222096888976,0.8355291547919537
8,3,0.18721612883937944,0.8355291547919537
8,3,0.13640222096888976,0.8355291547919537
8,3,0.18721612883937944,0.8156183316120686
8,3,0.18721612883937944,0.8355291547919537
8,3,0.18721612883937944,0.8355291547919537
8,3,0.18721612883937944,0.8156183316120686
8,3,0.23803003670987088,0.8156183316120686
8,3,0.18721612883937944,0.8156183316120686
8,3,0.23803003670987088,0.7957075084321832
8,3,0.23803003670987088,0.8156183316120686
8,3,0.23803003670987088,0.8156183316120686
8,3,0.23803003670987088,0.7957075084321832
8,3,0.28884394458036233,0.7957075084321832
8,3,0.23803003670987088,0.7957075084321832
8,3,0.28884394458036233,0.7757966852522982
8,3,0.28884394458036233,0.7957075084321832
8,3,0.28884394458036233,0.7957075084321832
8,3,0.28884394458036233,0.7757966852522982
8,3,0.3396578524508538,0.7757966852522982
8,3,0.28884394458036233,0.7757966852522982
8,3,0.3396578524508538,0.7558858620724127
8,3,0.3396578524508538,0.7757966852522982
8,3,0.3396578524508538,0.7757966852522982
8,3,0.3396578524508538,0.7558858620724127
8,3,0.39047176032134523,0.7558858620724127
7,3,0.9839604973574145,0.8952616243316096
7,3,0.9839604973574145,0.8753508011517241
8,3,0.03477440522790687,0.8753508011517241
7,3,0.9839604973574145,0.8753508011517241
8,3,0.03477440522790687,0.8554399779718391
8,3,0.03477440522790687,0.8753508011517241
8,3,0.03477440522790687,0.8753508011517241
8,3,0.03477440522790687,0.8554399779718391
8,3,0.08558831309839832,0.8554399779718391
8,3,0.03477440522790687,0.8554399779718391
8,3,0.08558831309839832,0.8355291547919537
8,3,0.08558831309839832,0.8554399779718391
8,3,0.08558831309839832,0.8554399779718391
8,3,0.08558831309839832,0.8355291547919537
8,3,0.13640222096888976,0.8355291547919537
8,3,0.08558831309839832,0.8355291547919537
8,3,0.13640222096888976,0.8156183316120686
8,3,0.13640222096888976,0.8355291547919537
8,3,0.13640222096888976,0.8355291547919537
8,3,0.13640222096888976,0.8156183316120686
8,3,0.18721612883937944,0.8156183316120686
8,3,0.13640222096888976,0.8156183316120686
8,3,0.18721612883937944,0.7957075084321832
8,3,0.18721612883937944,0.8156183316120686
8,3,0.18721612883937944,0.8156183316120686
8,3,0.18721612883937944,0.7957075084321832
8,3,0.23803003670987088,0.7957075084321832
8,3,0.18721612883937944,0.7957075084321832
8,3,0.23803003670987088,0.7757966852522982
8,3,0.23803003670987088,0.7957075084321832
8,3,0.23803003670987088,0.7957075084321832
8,3,0.23803003670987088,0.7757966852522982
8,3,0.28884394458036233,0.7757966852522982
8,3,0.23803003670987088,0.7757966852522982
8,3,0.28884394458036233,0.7558858620724127
8,3,0.28884394458036233,0.7757966852522982
8,3,0.28884394458036233,0.7757966852522982
8,3,0.28884394458036233,0.7558858620724127
8,3,0.3396578524508538,0.7558858620724127
7,3,0.9839604973574145,0.8753508011517241
7,3,0.9839604973574145,0.8554399779718391
8,3,0.03477440522790687,0.8554399779718391
7,3,0.9839604973574145,0.8554399779718391
8,3,0.03477440522790687,0.8355291547919537
8,3,0.03477440522790687,0.8554399779718391
8,3,0.03477440522790687,0.8554399779718391
8,3,0.03477440522790687,0.8355291547919537
8,3,0.08558831309839832,0.8355291547919537
8,3,0.03477440522790687,0.8355291547919537
8,3,0.08558831309839832,0.8156183316120686
8,3,0.08558831309839832,0.8355291547919537
8,3,0.08558831309839832,0.8355291547919537
8,3,0.08558831309839832,0.8156183316120686
8,3,0.13640222096888976,0.8156183316120686
8,3,0.08558831309839832,0.8156183316120686
8,3,0.13640222096888976,0.7957075084321832
8,3,0.13640222096888976,0.8156183316120686
8,3,0.13640222096888976,0.8156183316120686
8,3,0.13640222096888976,0.7957075084321832
8,3,0.18721612883937944,0.7957075084321832
8,3,0.13640222096888976,0.7957075084321832
8,3,0.18721612883937944,0.7757966852522982
8,3,0.18721612883937944,0.7957075084321832
8,3,0.18721612883937944,0.7957075084321832
8,3,0.18721612883937944,0.7757966852522982
8,3,0.23803003670987088,0.7757966852522982
8,3,0.18721612883937944,0.7757966852522982
8,3,0.23803003670987088,0.7558858620724127
8,3,0.23803003670987088,0.7757966852522982
8,3,0.23803003670987088,0.7757966852522982
8,3,0.23803003670987088,0.7558858620724127
8,3,0.28884394458036233,0.7558858620724127
7,3,0.9839604973574145,0.8554399779718391
7,3,0.9839604973574145,0.8355291547919537
8,3,0.03477440522790687,0.8355291547919537
7,3,0.9839604973574145,0.8355291547919537
8,3,0.03477440522790687,0.8156183316120686
8,3,0.03477440522790687,0.8355291547919537
8,3,0.03477440522790687,0.8355291547919537
8,3,0.03477440522790687,0.8156183316120686
8,3,0.08558831309839832,0.8156183316120686
8,3,0.03477440522790687,0.8156183316120686
8,3,0.08558831309839832,0.7957075084321832
8,3,0.08558831309839832,0.8156183316120686
8,3,0.08558831309839832,0.8156183316120686
8,3,0.08558831309839832,0.7957075084321832
8,3,0.13640222096888976,0.7957075084321832
8,3,0.08558831309839832,0.7957075084321832
8,3,0.13640222096888976,0.7757966852522982
8,3,0.13640222096888976,0.7957075084321832
8,3,0.13640222096888976,0.7957075084321832
8,3,0.13640222096888976,0.7757966852522982
8,3,0.18721612883937944,0.7757966852522982
8,3,0.13640222096888976,0.7757966852522982
8,3,0.18721612883937944,0.7558858620724127
8,3,0.18721612883937944,0.7757966852522982
8,3,0.18721612883937944,0.7757966852522982
8,3,0.18721612883937944,0.7558858620724127
8,3,0.23803003670987088,0.7558858620724127
7,3,0.9839604973574145,0.8355291547919537
7,3,0.9839604973574145,0.8156183316120686
8,3,0.03477440522790687,0.8156183316120686
7,3,0.9839604973574145,0.8156183316120686
8,3,0.03477440522790687,0.7957075084321832
8,3,0.03477440522790687,0.8156183316120686
8,3,0.03477440522790687,0.8156183316120686
8,3,0.03477440522790687,0.7957075084321832
8,3,0.08558831309839832,0.7957075084321832
8,3,0.03477440522790687,0.7957075084321832
8,3,0.08558831309839832,0.7757966852522982
8,3,0.08558831309839832,0.7957075084321832
8,3,0.08558831309839832,0.7957075084321832
8,3,0.08558831309839832,0.7757966852522982
8,3,0.13640222096888976,0.7757966852522982
8,3,0.08558831309839832,0.7757966852522982
8,3,0.13640222096888976,0.7558858620724127
8,3,0.13640222096888976,0.7757966852522982
8,3,0.13640222096888976,0.7757966852522982
8,3,0.13640222096888976,0.7558858620724127
8,3,0.18721612883937944,0.7558858620724127
7,3,0.9839604973574145,0.8156183316120686
7,3,0.9839604973574145,0.7957075084321832
8,3,0.03477440522790687,0.7957075084321832
7,3,0.9839604973574145,0.7957075084321832
8,3,0.03477440522790687,0.7757966852522982
8,3,0.03477440522790687,0.7957075084321832
8,3,0.03477440522790687,0.7957075084321832
8,3,0.03477440522790687,0.7757966852522982
8,3,0.08558831309839832,0.7757966852522982
8,3,0.03477440522790687,0.7757966852522982
8,3,0.08558831309839832,0.7558858620724127
8,3,0.08558831309839832,0.7757966852522982
8,3,0.08558831309839832,0.7757966852522982
8,3,0.08558831309839832,0.7558858620724127
8,3,0.13640222096888976,0.7558858620724127
7,3,0.9839604973574145,0.7957075084321832
7,3,0.9839604973574145,0.7757966852522982
8,3,0.03477440522790687,0.7757966852522982
7,3,0.9839604973574145,0.7757966852522982
8,3,0.03477440522790687,0.7558858620724127
8,3,0.03477440522790687,0.7757966852522982
8,3,0.03477440522790687,0.7757966852522982
8,3,0.03477440522790687,0.7558858620724127
8,3,0.08558831309839832,0.7558858620724127
7,3,0.9839604973574145,0.7757966852522982
7,3,0.9839604973574145,0.7558858620724127
8,3,0.03477440522790687,0.7558858620724127
8,3,0.4412856681918367,0.7558858620724127
8,3,0.39047176032134523,0.7558858620724127
8,3,0.39047176032134523,0.7359833006448846
8,3,0.39047176032134523,0.7558858620724127
8,3,0.3396578524508538,0.7359833006448846
8,3,0.39047176032134523,0.7359833006448846
8,3,0.39047176032134523,0.7359833006448846
8,3,0.3396578524508538,0.7359833006448846
8,3,0.3396578524508538,0.716080739217356
8,3,0.3396578524508538,0.7359833006448846
8,3,0.28884394458036233,0.716080739217356
8,3,0.3396578524508538,0.716080739217356
8,3,0.3396578524508538,0.716080739217356
8,3,0.28884394458036233,0.716080739217356
8,3,0.28884394458036233,0.6961781777898275
8,3,0.28884394458036233,0.716080739217356
8,3,0.23803003670987088,0.6961781777898275
8,3,0.28884394458036233,0.6961781777898275
8,3,0.28884394458036233,0.6961781777898275
8,3,0.23803003670987088,0.6961781777898275
8,3,0.23803003670987088,0.6762756163622989
8,3,0.23803003670987088,0.6961781777898275
8,3,0.18721612883937944,0.6762756163622989
8,3,0.23803003670987088,0.6762756163622989
8,3,0.23803003670987088,0.6762756163622989
8,3,0.18721612883937944,0.6762756163622989
8,3,0.18721612883937944,0.6563730549347708
8,3,0.18721612883937944,0.6762756163622989
8,3,0.13640222096888976,0.6563730549347708
8,3,0.18721612883937944,0.6563730549347708
8,3,0.18721612883937944,0.6563730549347708
8,3,0.13640222096888976,0.6563730549347708
8,3,0.13640222096888976,0.6364704935072423
8,3,0.13640222096888976,0.6563730549347708
8,3,0.08558831309839832,0.6364704935072423
8,3,0.13640222096888976,0.6364704935072423
8,3,0.13640222096888976,0.6364704935072423
8,3,0.08558831309839832,0.6364704935072423
8,3,0.08558831309839832,0.6165679320797137
8,3,0.08558831309839832,0.6364704935072423
8,3,0.03477440522790687,0.6165679320797137
8,3,0.08558831309839832,0.6165679320797137
8,3,0.08558831309839832,0.6165679320797137
8,3,0.03477440522790687,0.6165679320797137
8,3,0.03477440522790687,0.5966653706521852
8,3,0.03477440522790687,0.6165679320797137
7,3,0.9839604973574145,0.5966653706521852
8,3,0.03477440522790687,0.5966653706521852
8,3,0.03477440522790687,0.5966653706521852
7,3,0.9839604973574145,0.5966653706521852
7,3,0.9839604973574145,0.5767628092246571
8,3,0.39047176032134523,0.7558858620724127
8,3,0.3396578524508538,0.7558858620724127
8,3,0.3396578524508538,0.7359833006448846
8,3,0.3396578524508538,0.7558858620724127
8,3,0.28884394458036233,0.7359833006448846
8,3,0.3396578524508538,0.7359833006448846
8,3,0.3396578524508538,0.7359833006448846
8,3,0.28884394458036233,0.7359833006448846
8,3,0.28884394458036233,0.716080739217356
8,3,0.28884394458036233,0.7359833006448846
8,3,0.23803003670987088,0.716080739217356
8,3,0.28884394458036233,0.716080739217356
8,3,0.28884394458036233,0.716080739217356
8,3,0.23803003670987088,0.716080739217356
8,3,0.23803003670987088,0.6961781777898275
8,3,0.23803003670987088,0.716080739217356
8,3,0.18721612883937944,0.6961781777898275
8,3,0.23803003670987088,0.6961781777898275
8,3,0.23803003670987088,0.6961781777898275
8,3,0.18721612883937944,0.6961781777898275
8,3,0.18721612883937944,0.6762756163622989
8,3,0.18721612883937944,0.6961781777898275
8,3,0.13640222096888976,0.6762756163622989
8,3,0.18721612883937944,0.6762756163622989
8,3,0.18721612883937944,0.6762756163622989
8,3,0.13640222096888976,0.6762756163622989
8,3,0.13640222096888976,0.6563730549347708
8,3,0.13640222096888976,0.6762756163622989
8,3,0.08558831309839832,0.6563730549347708
8,3,0.13640222096888976,0.6563730549347708
8,3,0.13640222096888976,0.6563730549347708
8,3,0.08558831309839832,0.6563730549347708
8,3,0.08558831309839832,0.6364704935072423
8,3,0.08558831309839832,0.6563730549347708
8,3,0.03477440522790687,0.6364704935072423
8,3,0.08558831309839832,0.6364704935072423
8,3,0.08558831309839832,0.6364704935072423
8,3,0.03477440522790687,0.6364704935072423
8,3,0.03477440522790687,0.6165679320797137
8,3,0.03477440522790687,0.6364704935072423
7,3,0.9839604973574145,0.6165679320797137
8,3,0.03477440522790687,0.6165679320797137
8,3,0.03477440522790687,0.6165679320797137
7,3,0.9839604973574145,0.6165679320797137
7,3,0.9839604973574145,0.5966653706521852
8,3,0.3396578524508538,0.7558858620724127
8,3,0.28884394458036233,0.7558858620724127
8,3,0.28884394458036233,0.7359833006448846
8,3,0.28884394458036233,0.7558858620724127
8,3,0.23803003670987088,0.7359833006448846
8,3,0.28884394458036233,0.7359833006448846
8,3,0.28884394458036233,0.7359833006448846
8,3,0.23803003670987088,0.7359833006448846
8,3,0.23803003670987088,0.716080739217356
8,3,0.23803003670987088,0.7359833006448846
8,3,0.18721612883937944,0.716080739217356
8,3,0.23803003670987088,0.716080739217356
8,3,0.23803003670987088,0.716080739217356
8,3,0.18721612883937944,0.716080739217356
8,3,0.18721612883937944,0.6961781777898275
8,3,0.18721612883937944,0.716080739217356
8,3,0.13640222096888976,0.6961781777898275
8,3,0.18721612883937944,0.6961781777898275
8,3,0.18721612883937944,0.6961781777898275
8,3,0.13640222096888976,0.6961781777898275
8,3,0.13640222096888976,0.6762756163622989
8,3,0.13640222096888976,0.6961781777898275
8,3,0.08558831309839832,0.6762756163622989
8,3,0.13640222096888976,0.6762756163622989
8,3,0.13640222096888976,0.6762756163622989
8,3,0.08558831309839832,0.6762756163622989
8,3,0.08558831309839832,0.6563730549347708
8,3,0.08558831309839832,0.6762756163622989
8,3,0.03477440522790687,0.6563730549347708
8,3,0.08558831309839832,0.6563730549347708
8,3,0.08558831309839832,0.6563730549347708
8,3,0.03477440522790687,0.6563730549347708
8,3,0.03477440522790687,0.6364704935072423
8,3,0.03477440522790687,0.6563730549347708
7,3,0.9839604973574145,0.6364704935072423
8,3,0.03477440522790687,0.6364704935072423
8,3,0.03477440522790687,0.6364704935072423
7,3,0.9839604973574145,0.6364704935072423
7,3,0.9839604973574145,0.6165679320797137
8,3,0.28884394458036233,0.7558858620724127
8,3,0.23803003670987088,0.7558858620724127
8,3,0.23803003670987088,0.7359833006448846
8,3,0.23803003670987088,0.7558858620724127
8,3,0.18721612883937944,0.7359833006448846
8,3,0.23803003670987088,0.7359833006448846
8,3,0.23803003670987088,0.7359833006448846
8,3,0.18721612883937944,0.7359833006448846
8,3,0.18721612883937944,0.716080739217356
8,3,0.18721612883937944,0.7359833006448846
8,3,0.13640222096888976,0.716080739217356
8,3,0.18721612883937944,0.716080739217356
8,3,0.18721612883937944,0.716080739217356
8,3,0.13640222096888976,0.716080739217356
8,3,0.13640222096888976,0.6961781777898275
8,3,0.13640222096888976,0.716080739217356
8,3,0.08558831309839832,0.6961781777898275
8,3,0.13640222096888976,0.6961781777898275
8,3,0.13640222096888976,0.6961781777898275
8,3,0.08558831309839832,0.6961781777898275
8,3,0.08558831309839832,0.6762756163622989
8,3,0.08558831309839832,0.6961781777898275
8,3,0.03477440522790687,0.6762756163622989
8,3,0.08558831309839832,0.6762756163622989
8,3,0.08558831309839832,0.6762756163622989
8,3,0.03477440522790687,0.6762756163622989
8,3,0.03477440522790687,0.6563730549347708
8,3,0.03477440522790687,0.6762756163622989
7,3,0.9839604973574145,0.6563730549347708
8,3,0.03477440522790687,0.6563730549347708
8,3,0.03477440522790687,0.6563730549347708
7,3,0.9839604973574145,0.6563730549347708
7,3,0.9839604973574145,0.6364704935072423
8,3,0.23803003670987088,0.7558858620724127
8,3,0.18721612883937944,0.7558858620724127
8,3,0.18721612883937944,0.7359833006448846
8,3,0.18721612883937944,0.7558858620724127
8,3,0.13640222096888976,0.7359833006448846
8,3,0.18721612883937944,0.7359833006448846
8,3,0.18721612883937944,0.7359833006448846
8,3,0.13640222096888976,0.7359833006448846
8,3,0.13640222096888976,0.716080739217356
8,3,0.13640222096888976,0.7359833006448846
8,3,0.08558831309839832,0.716080739217356
8,3,0.13640222096888976,0.716080739217356
8,3,0.13640222096888976,0.716080739217356
8,3,0.08558831309839832,0.716080739217356
8,3,0.08558831309839832,0.6961781777898275
8,3,0.08558831309839832,0.716080739217356
8,3,0.03477440522790687,0.6961781777898275
8,3,0.08558831309839832,0.6961781777898275
8,3,0.08558831309839832,0.6961781777898275
8,3,0.03477440522790687,0.6961781777898275
8,3,0.03477440522790687,0.6762756163622989
8,3,0.03477440522790687,0.6961781777898275
7,3,0.9839604973574145,0.6762756163622989
8,3,0.03477440522790687,0.6762756163622989
8,3,0.03477440522790687,0.6762756163622989
7,3,0.9839604973574145,0.6762756163622989
7,3,0.9839604973574145,0.6563730549347708
8,3,0.18721612883937944,0.7558858620724127
8,3,0.13640222096888976,0.7558858620724127
8,3,0.13640222096888976,0.7359833006448846
8,3,0.13640222096888976,0.7558858620724127
8,3,0.08558831309839832,0.7359833006448846
8,3,0.13640222096888976,0.7359833006448846
8,3,0.13640222096888976,0.7359833006448846
8,3,0.08558831309839832,0.7359833006448846
8,3,0.08558831309839832,0.716080739217356
8,3,0.08558831309839832,0.7359833006448846
8,3,0.03477440522790687,0.716080739217356
8,3,0.08558831309839832,0.716080739217356
8,3,0.08558831309839832,0.716080739217356
8,3,0.03477440522790687,0.716080739217356
8,3,0.03477440522790687,0.6961781777898275
8,3,0.03477440522790687,0.716080739217356
7,3,0.9839604973574145,0.6961781777898275
8,3,0.03477440522790687,0.6961781777898275
8,3,0.03477440522790687,0.6961781777898275
7,3,0.9839604973574145,0.6961781777898275
7,3,0.9839604973574145,0.6762756163622989
8,3,0.13640222096888976,0.7558858620724127
8,3,0.08558831309839832,0.7558858620724127
8,3,0.08558831309839832,0.7359833006448846
8,3,0.08558831309839832,0.7558858620724127
8,3,0.03477440522790687,0.7359833006448846
8,3,0.08558831309839832,0.7359833006448846
8,3,0.08558831309839832,0.7359833006448846
8,3,0.03477440522790687,0.7359833006448846
8,3,0.03477440522790687,0.716080739217356
8,3,0.03477440522790687,0.7359833006448846
7,3,0.9839604973574145,0.716080739217356
8,3,0.03477440522790687,0.716080739217356
8,3,0.03477440522790687,0.716080739217356
7,3,0.9839604973574145,0.716080739217356
7,3,0.9839604973574145,0.6961781777898275
8,3,0.08558831309839832,0.7558858620724127
8,3,0.03477440522790687,0.7558858620724127
8,3,0.03477440522790687,0.7359833006448846
8,3,0.03477440522790687,0.7558858620724127
7,3,0.9839604973574145,0.7359833006448846
8,3,0.03477440522790687,0.7359833006448846
8,3,0.03477440522790687,0.7359833006448846
7,3,0.9839604973574145,0.7359833006448846
7,3,0.9839604973574145,0.716080739217356
8,3,0.03477440522790687,0.7558858620724127
7,3,0.9839604973574145,0.7558858620724127
7,3,0.9839604973574145,0.7359833006448846
7,3,0.9839604973574145,0.5767628092246571
8,3,0.03477440522790687,0.5767628092246571
8,3,0.03477440522790687,0.5966653706521852
8,3,0.03477440522790687,0.5767628092246571
8,3,0.08558831309839832,0.5966653706521852
8,3,0.03477440522790687,0.5966653706521852
8,3,0.03477440522790687,0.5966653706521852
8,3,0.08558831309839832,0.5966653706521852
8,3,0.08558831309839832,0.6165679320797137
8,3,0.08558831309839832,0.5966653706521852
8,3,0.13640222096888976,0.6165679320797137
8,3,0.08558831309839832,0.6165679320797137
8,3,0.08558831309839832,0.6165679320797137
8,3,0.13640222096888976,0.6165679320797137
8,3,0.13640222096888976,0.6364704935072423
8,3,0.13640222096888976,0.6165679320797137
8,3,0.18721612883937944,0.6364704935072423
8,3,0.13640222096888976,0.6364704935072423
8,3,0.13640222096888976,0.6364704935072423
8,3,0.18721612883937944,0.6364704935072423
8,3,0.18721612883937944,0.6563730549347708
8,3,0.18721612883937944,0.6364704935072423
8,3,0.23803003670987088,0.6563730549347708
8,3,0.18721612883937944,0.6563730549347708
8,3,0.18721612883937944,0.6563730549347708
8,3,0.23803003670987088,0.6563730549347708
8,3,0.23803003670987088,0.6762756163622989
8,3,0.23803003670987088,0.6563730549347708
8,3,0.28884394458036233,0.6762756163622989
8,3,0.23803003670987088,0.6762756163622989
8,3,0.23803003670987088,0.6762756163622989
8,3,0.28884394458036233,0.6762756163622989
8,3,0.28884394458036233,0.6961781777898275
8,3,0.28884394458036233,0.6762756163622989
8,3,0.3396578524508538,0.6961781777898275
8,3,0.28884394458036233,0.6961781777898275
8,3,0.28884394458036233,0.6961781777898275
8,3,0.3396578524508538,0.6961781777898275
8,3,0.3396578524508538,0.716080739217356
8,3,0.3396578524508538,0.6961781777898275
8,3,0.39047176032134523,0.716080739217356
8,3,0.3396578524508538,0.716080739217356
8,3,0.3396578524508538,0.716080739217356
8,3,0.39047176032134523,0.716080739217356
8,3,0.39047176032134523,0.7359833006448846
8,3,0.39047176032134523,0.716080739217356
8,3,0.4412856681918367,0.7359833006448846
8,3,0.39047176032134523,0.7359833006448846
8,3,0.39047176032134523,0.7359833006448846
8,3,0.4412856681918367,0.7359833006448846
8,3,0.4412856681918367,0.7558858620724127
8,3,0.03477440522790687,0.5767628092246571
8,3,0.08558831309839832,0.5767628092246571
8,3,0.08558831309839832,0.5966653706521852
8,3,0.08558831309839832,0.5767628092246571
8,3,0.13640222096888976,0.5966653706521852
8,3,0.08558831309839832,0.5966653706521852
8,3,0.08558831309839832,0.5966653706521852
8,3,0.13640222096888976,0.5966653706521852
8,3,0.13640222096888976,0.6165679320797137
8,3,0.13640222096888976,0.5966653706521852
8,3,0.18721612883937944,0.6165679320797137
8,3,0.13640222096888976,0.6165679320797137
8,3,0.13640222096888976,0.6165679320797137
8,3,0.18721612883937944,0.6165679320797137
8,3,0.18721612883937944,0.6364704935072423
8,3,0.18721612883937944,0.6165679320797137
8,3,0.23803003670987088,0.6364704935072423
8,3,0.18721612883937944,0.6364704935072423
8,3,0.18721612883937944,0.6364704935072423
8,3,0.23803003670987088,0.6364704935072423
8,3,0.23803003670987088,0.6563730549347708
8,3,0.23803003670987088,0.6364704935072423
8,3,0.28884394458036233,0.6563730549347708
8,3,0.23803003670987088,0.6563730549347708
8,3,0.23803003670987088,0.6563730549347708
8,3,0.28884394458036233,0.6563730549347708
8,3,0.28884394458036233,0.6762756163622989
8,3,0.28884394458036233,0.6563730549347708
8,3,0.3396578524508538,0.6762756163622989
8,3,0.28884394458036233,0.6762756163622989
8,3,0.28884394458036233,0.6762756163622989
8,3,0.3396578524508538,0.6762756163622989
8,3,0.3396578524508538,0.6961781777898275
8,3,0.3396578524508538,0.6762756163622989
8,3,0.39047176032134523,0.6961781777898275
8,3,0.3396578524508538,0.6961781777898275
8,3,0.3396578524508538,0.6961781777898275
8,3,0.39047176032134523,0.6961781777898275
8,3,0.39047176032134523,0.716080739217356
8,3,0.39047176032134523,0.6961781777898275
8,3,0.4412856681918367,0.716080739217356
8,3,0.39047176032134523,0.716080739217356
8,3,0.39047176032134523,0.716080739217356
8,3,0.4412856681918367,0.716080739217356
8,3,0.4412856681918367,0.7359833006448846
8,3,0.08558831309839832,0.5767628092246571
8,3,0.13640222096888976,0.5767628092246571
8,3,0.13640222096888976,0.5966653706521852
8,3,0.13640222096888976,0.5767628092246571
8,3,0.18721612883937944,0.5966653706521852
8,3,0.13640222096888976,0.5966653706521852
8,3,0.13640222096888976,0.5966653706521852
8,3,0.18721612883937944,0.5966653706521852
8,3,0.18721612883937944,0.6165679320797137
8,3,0.18721612883937944,0.5966653706521852
8,3,0.23803003670987088,0.6165679320797137
8,3,0.18721612883937944,0.6165679320797137
8,3,0.18721612883937944,0.6165679320797137
8,3,0.23803003670987088,0.6165679320797137
8,3,0.23803003670987088,0.6364704935072423
8,3,0.23803003670987088,0.6165679320797137
8,3,0.28884394458036233,0.6364704935072423
8,3,0.23803003670987088,0.6364704935072423
8,3,0.23803003670987088,0.6364704935072423
8,3,0.28884394458036233,0.6364704935072423
8,3,0.28884394458036233,0.6563730549347708
8,3,0.28884394458036233,0.6364704935072423
8,3,0.3396578524508538,0.6563730549347708
8,3,0.28884394458036233,0.6563730549347708
8,3,0.28884394458036233,0.6563730549347708
8,3,0.3396578524508538,0.6563730549347708
8,3,0.3396578524508538,0.6762756163622989
8,3,0.3396578524508538,0.6563730549347708
8,3,0.39047176032134523,0.6762756163622989
8,3,0.3396578524508538,0.6762756163622989
8,3,0.3396578524508538,0.6762756163622989
8,3,0.39047176032134523,0.6762756163622989
8,3,0.39047176032134523,0.6961781777898275
8,3,0.39047176032134523,0.6762756163622989
8,3,0.4412856681918367,0.6961781777898275
8,3,0.39047176032134523,0.6961781777898275
8,3,0.39047176032134523,0.6961781777898275
8,3,0.4412856681918367,0.6961781777898275
8,3,0.4412856681918367,0.716080739217356
8,3,0.13640222096888976,0.5767628092246571
8,3,0.18721612883937944,0.5767628092246571
8,3,0.18721612883937944,0.5966653706521852
8,3,0.18721612883937944,0.5767628092246571
8,3,0.23803003670987088,0.5966653706521852
8,3,0.18721612883937944,0.5966653706521852
8,3,0.18721612883937944,0.5966653706521852
8,3,0.23803003670987088,0.5966653706521852
8,3,0.23803003670987088,0.6165679320797137
8,3,0.23803003670987088,0.5966653706521852
8,3,0.28884394458036233,0.6165679320797137
8,3,0.23803003670987088,0.6165679320797137
8,3,0.23803003670987088,0.6165679320797137
8,3,0.28884394458036233,0.6165679320797137
8,3,0.28884394458036233,0.6364704935072423
8,3,0.28884394458036233,0.6165679320797137
8,3,0.3396578524508538,0.6364704935072423
8,3,0.28884394458036233,0.6364704935072423
8,3,0.28884394458036233,0.6364704935072423
8,3,0.3396578524508538,0.6364704935072423
8,3,0.3396578524508538,0.6563730549347708
8,3,0.3396578524508538,0.6364704935072423
8,3,0.39047176032134523,0.6563730549347708
8,3,0.3396578524508538,0.6563730549347708
8,3,0.3396578524508538,0.6563730549347708
8,3,0.39047176032134523,0.6563730549347708
8,3,0.39047176032134523,0.6762756163622989
8,3,0.39047176032134523,0.6563730549347708
8,3,0.4412856681918367,0.6762756163622989
8,3,0.39047176032134523,0.6762756163622989
8,3,0.39047176032134523,0.6762756163622989
8,3,0.4412856681918367,0.6762756163622989
8,3,0.4412856681918367,0.6961781777898275
8,3,0.18721612883937944,0.5767628092246571
8,3,0.23803003670987088,0.5767628092246571
8,3,0.23803003670987088,0.5966653706521852
8,3,0.23803003670987088,0.5767628092246571
8,3,0.28884394458036233,0.5966653706521852
8,3,0.23803003670987088,0.5966653706521852
8,3,0.23803003670987088,0.5966653706521852
8,3,0.28884394458036233,0.5966653706521852
8,3,0.28884394458036233,0.6165679320797137
8,3,0.28884394458036233,0.5966653706521852
8,3,0.3396578524508538,0.6165679320797137
8,3,0.28884394458036233,0.6165679320797137
8,3,0.28884394458036233,0.6165679320797137
8,3,0.3396578524508538,0.6165679320797137
8,3,0.3396578524508538,0.6364704935072423
8,3,0.3396578524508538,0.6165679320797137
8,3,0.39047176032134523,0.6364704935072423
8,3,0.3396578524508538,0.6364704935072423
8,3,0.3396578524508538,0.6364704935072423
8,3,0.39047176032134523,0.6364704935072423
8,3,0.39047176032134523,0.6563730549347708
8,3,0.39047176032134523,0.6364704935072423
8,3,0.4412856681918367,0.6563730549347708
8,3,0.39047176032134523,0.6563730549347708
8,3,0.39047176032134523,0.6563730549347708
8,3,0.4412856681918367,0.6563730549347708
8,3,0.4412856681918367,0.6762756163622989
8,3,0.23803003670987088,0.5767628092246571
8,3,0.28884394458036233,0.5767628092246571
8,3,0.28884394458036233,0.5966653706521852
8,3,0.28884394458036233,0.5767628092246571
8,3,0.3396578524508538,0.5966653706521852
8,3,0.28884394458036233,0.5966653706521852
8,3,0.28884394458036233,0.5966653706521852
8,3,0.3396578524508538,0.5966653706521852
8,3,0.3396578524508538,0.6165679320797137
8,3,0.3396578524508538,0.5966653706521852
8,3,0.39047176032134523,0.6165679320797137
8,3,0.3396578524508538,0.6165679320797137
8,3,0.3396578524508538,0.6165679320797137
8,3,0.39047176032134523,0.6165679320797137
8,3,0.39047176032134523,0.6364704935072423
8,3,0.39047176032134523,0.6165679320797137
8,3,0.4412856681918367,0.6364704935072423
8,3,0.39047176032134523,0.6364704935072423
8,3,0.39047176032134523,0.6364704935072423
8,3,0.4412856681918367,0.6364704935072423
8,3,0.4412856681918367,0.6563730549347708
8,3,0.28884394458036233,0.5767628092246571
8,3,0.3396578524508538,0.5767628092246571
8,3,0.3396578524508538,0.5966653706521852
8,3,0.3396578524508538,0.5767628092246571
8,3,0.39047176032134523,0.5966653706521852
8,3,0.3396578524508538,0.5966653706521852
8,3,0.3396578524508538,0.5966653706521852
8,3,0.39047176032134523,0.5966653706521852
8,3,0.39047176032134523,0.6165679320797137
8,3,0.39047176032134523,0.5966653706521852
8,3,0.4412856681918367,0.6165679320797137
8,3,0.39047176032134523,0.6165679320797137
8,3,0.39047176032134523,0.6165679320797137
8,3,0.4412856681918367,0.6165679320797137
8,3,0.4412856681918367,0.6364704935072423
8,3,0.3396578524508538,0.5767628092246571
8,3,0.39047176032134523,0.5767628092246571
8,3,0.39047176032134523,0.5966653706521852
8,3,0.39047176032134523,0.5767628092246571
8,3,0.4412856681918367,0.5966653706521852
8,3,0.39047176032134523,0.5966653706521852
8,3,0.39047176032134523,0.5966653706521852
8,3,0.4412856681918367,0.5966653706521852
8,3,0.4412856681918367,0.6165679320797137
8,3,0.39047176032134523,0.5767628092246571
8,3,0.4412856681918367,0.5767628092246571
8,3,0.4412856681918367,0.5966653706521852
8,3,0.1913015653798169,0.9957575799997107
8,3,0.15404932400301163,0.9957575799997107
8,3,0.15404932400301163,0.9640522791552595
8,3,0.15404932400301163,0.9957575799997107
8,3,0.11679708262620458,0.9640522791552595
8,3,0.15404932400301163,0.9640522791552595
8,3,0.15404932400301163,0.9640522791552595
8,3,0.11679708262620458,0.9640522791552595
8,3,0.11679708262620458,0.9323469783108083
8,3,0.11679708262620458,0.9640522791552595
8,3,0.07954484124939931,0.9323469783108083
8,3,0.11679708262620458,0.9323469783108083
8,3,0.11679708262620458,0.9323469783108083
8,3,0.07954484124939931,0.9323469783108083
8,3,0.07954484124939931,0.900641677466357
8,3,0.07954484124939931,0.9323469783108083
8,3,0.04229259987259404,0.900641677466357
8,3,0.07954484124939931,0.900641677466357
8,3,0.07954484124939931,0.900641677466357
8,3,0.04229259987259404,0.900641677466357
8,3,0.04229259987259404,0.8689363766219058
8,3,0.04229259987259404,0.900641677466357
8,3,0.00504035849578699,0.8689363766219058
8,3,0.04229259987259404,0.8689363766219058
8,3,0.04229259987259404,0.8689363766219058
8,3,0.00504035849578699,0.8689363766219058
8,3,0.00504035849578699,0.8372310757774546
8,3,0.15404932400301163,0.9957575799997107
8,3,0.11679708262620458,0.9957575799997107
8,3,0.11679708262620458,0.9640522791552595
8,3,0.11679708262620458,0.9957575799997107
8,3,0.07954484124939931,0.9640522791552595
8,3,0.11679708262620458,0.9640522791552595
8,3,0.11679708262620458,0.9640522791552595
8,3,0.07954484124939931,0.9640522791552595
8,3,0.07954484124939931,0.9323469783108083
8,3,0.07954484124939931,0.9640522791552595
8,3,0.04229259987259404,0.9323469783108083
8,3,0.07954484124939931,0.9323469783108083
8,3,0.07954484124939931,0.9323469783108083
8,3,0.04229259987259404,0.9323469783108083
8,3,0.04229259987259404,0.900641677466357
8,3,0.04229259987259404,0.9323469783108083
8,3,0.00504035849578699,0.900641677466357
8,3,0.04229259987259404,0.900641677466357
8,3,0.04229259987259404,0.900641677466357
8,3,0.00504035849578699,0.900641677466357
8,3,0.00504035849578699,0.8689363766219058
8,3,0.11679708262620458,0.9957575799997107
8,3,0.07954484124939931,0.9957575799997107
8,3,0.07954484124939931,0.9640522791552595
8,3,0.07954484124939931,0.9957575799997107
8,3,0.04229259987259404,0.9640522791552595
8,3,0.07954484124939931,0.9640522791552595
8,3,0.07954484124939931,0.9640522791552595
8,3,0.04229259987259404,0.9640522791552595
8,3,0.04229259987259404,0.9323469783108083
8,3,0.04229259987259404,0.9640522791552595
8,3,0.00504035849578699,0.9323469783108083
8,3,0.04229259987259404,0.9323469783108083
8,3,0.04229259987259404,0.9323469783108083
8,3,0.00504035849578699,0.9323469783108083
8,3,0.00504035849578699,0.900641677466357
8,3,0.07954484124939931,0.9957575799997107
8,3,0.04229259987259404,0.9957575799997107
8,3,0.04229259987259404,0.9640522791552595
8,3,0.04229259987259404,0.9957575799997107
8,3,0.00504035849578699,0.9640522791552595
8,3,0.04229259987259404,0.9640522791552595
8,3,0.04229259987259404,0.9640522791552595
8,3,0.00504035849578699,0.9640522791552595
8,3,0.00504035849578699,0.9323469783108083
8,3,0.04229259987259404,0.9957575799997107
8,3,0.00504035849578699,0.9957575799997107
8,3,0.00504035849578699,0.9640522791552595
8,3,0.00504035849578699,0.8372310757774546
8,3,0.04229259987259404,0.8372310757774546
8,3,0.04229259987259404,0.8689363766219058
8,3,0.04229259987259404,0.8372310757774546
8,3,0.07954484124939931,0.8689363766219058
8,3,0.04229259987259404,0.8689363766219058
8,3,0.04229259987259404,0.8689363766219058
8,3,0.07954484124939931,0.8689363766219058
8,3,0.07954484124939931,0.900641677466357
8,3,0.07954484124939931,0.8689363766219058
8,3,0.11679708262620458,0.900641677466357
8,3,0.07954484124939931,0.900641677466357
8,3,0.07954484124939931,0.900641677466357
8,3,0.11679708262620458,0.900641677466357
8,3,0.11679708262620458,0.9323469783108083
8,3,0.11679708262620458,0.900641677466357
8,3,0.15404932400301163,0.9323469783108083
8,3,0.11679708262620458,0.9323469783108083
8,3,0.11679708262620458,0.9323469783108083
8,3,0.15404932400301163,0.9323469783108083
8,3,0.15404932400301163,0.9640522791552595
8,3,0.15404932400301163,0.9323469783108083
8,3,0.1913015653798169,0.9640522791552595
8,3,0.15404932400301163,0.9640522791552595
8,3,0.15404932400301163,0.9640522791552595
8,3,0.1913015653798169,0.9640522791552595
8,3,0.1913015653798169,0.9957575799997107
8,3,0.04229259987259404,0.8372310757774546
8,3,0.07954484124939931,0.8372310757774546
8,3,0.07954484124939931,0.8689363766219058
8,3,0.07954484124939931,0.8372310757774546
8,3,0.11679708262620458,0.8689363766219058
8,3,0.07954484124939931,0.8689363766219058
8,3,0.07954484124939931,0.8689363766219058
8,3,0.11679708262620458,0.8689363766219058
8,3,0.11679708262620458,0.900641677466357
8,3,0.11679708262620458,0.8689363766219058
8,3,0.15404932400301163,0.900641677466357
8,3,0.11679708262620458,0.900641677466357
8,3,0.11679708262620458,0.900641677466357
8,3,0.15404932400301163,0.900641677466357
8,3,0.15404932400301163,0.9323469783108083
8,3,0.15404932400301163,0.900641677466357
8,3,0.1913015653798169,0.9323469783108083
8,3,0.15404932400301163,0.9323469783108083
8,3,0.15404932400301163,0.9323469783108083
8,3,0.1913015653798169,0.9323469783108083
8,3,0.1913015653798169,0.9640522791552595
8,3,0.07954484124939931,0.8372310757774546
8,3,0.11679708262620458,0.8372310757774546
8,3,0.11679708262620458,0.8689363766219058
8,3,0.11679708262620458,0.8372310757774546
8,3,0.15404932400301163,0.8689363766219058
8,3,0.11679708262620458,0.8689363766219058
8,3,0.11679708262620458,0.8689363766219058
8,3,0.15404932400301163,0.8689363766219058
8,3,0.15404932400301163,0.900641677466357
8,3,0.15404932400301163,0.8689363766219058
8,3,0.1913015653798169,0.900641677466357
8,3,0.15404932400301163,0.900641677466357
8,3,0.15404932400301163,0.900641677466357
8,3,0.1913015653798169,0.900641677466357
8,3,0.1913015653798169,0.9323469783108083
8,3,0.11679708262620458,0.8372310757774546
8,3,0.15404932400301163,0.8372310757774546
8,3,0.15404932400301163,0.8689363766219058
8,3,0.15404932400301163,0.8372310757774546
8,3,0.1913015653798169,0.8689363766219058
8,3,0.15404932400301163,0.8689363766219058
8,3,0.15404932400301163,0.8689363766219058
8,3,0.1913015653798169,0.8689363766219058
8,3,0.1913015653798169,0.900641677466357
8,3,0.15404932400301163,0.8372310757774546
8,3,0.1913015653798169,0.8372310757774546
8,3,0.1913015653798169,0.8689363766219058
8,3,0.1913015653798169,0.8372310757774546
8,3,0.15404932400301163,0.8372310757774546
8,3,0.15404932400301163,0.8055555172414874
8,3,0.15404932400301163,0.8372310757774546
8,3,0.11679708262620458,0.8055555172414874
8,3,0.15404932400301163,0.8055555172414874
8,3,0.15404932400301163,0.8055555172414874
8,3,0.11679708262620458,0.8055555172414874
8,3,0.11679708262620458,0.7738799587055207
8,3,0.11679708262620458,0.8055555172414874
8,3,0.07954484124939931,0.7738799587055207
8,3,0.11679708262620458,0.7738799587055207
8,3,0.11679708262620458,0.7738799587055207
8,3,0.07954484124939931,0.7738799587055207
8,3,0.07954484124939931,0.742204400169554
8,3,0.07954484124939931,0.7738799587055207
8,3,0.04229259987259404,0.742204400169554
8,3,0.07954484124939931,0.742204400169554
8,3,0.07954484124939931,0.742204400169554
8,3,0.04229259987259404,0.742204400169554
8,3,0.04229259987259404,0.7105288416335873
8,3,0.04229259987259404,0.742204400169554
8,3,0.00504035849578699,0.7105288416335873
8,3,0.04229259987259404,0.7105288416335873
8,3,0.04229259987259404,0.7105288416335873
8,3,0.00504035849578699,0.7105288416335873
8,3,0.00504035849578699,0.6788532830976202
8,3,0.15404932400301163,0.8372310757774546
8,3,0.11679708262620458,0.8372310757774546
8,3,0.11679708262620458,0.8055555172414874
8,3,0.11679708262620458,0.8372310757774546
8,3,0.07954484124939931,0.8055555172414874
8,3,0.11679708262620458,0.8055555172414874
8,3,0.11679708262620458,0.8055555172414874
8,3,0.07954484124939931,0.8055555172414874
8,3,0.07954484124939931,0.7738799587055207
8,3,0.07954484124939931,0.8055555172414874
8,3,0.04229259987259404,0.7738799587055207
8,3,0.07954484124939931,0.7738799587055207
8,3,0.07954484124939931,0.7738799587055207
8,3,0.04229259987259404,0.7738799587055207
8,3,0.04229259987259404,0.742204400169554
8,3,0.04229259987259404,0.7738799587055207
8,3,0.00504035849578699,0.742204400169554
8,3,0.04229259987259404,0.742204400169554
8,3,0.04229259987259404,0.742204400169554
8,3,0.00504035849578699,0.742204400169554
8,3,0.00504035849578699,0.7105288416335873
8,3,0.11679708262620458,0.8372310757774546
8,3,0.07954484124939931,0.8372310757774546
8,3,0.07954484124939931,0.8055555172414874
8,3,0.07954484124939931,0.8372310757774546
8,3,0.04229259987259404,0.8055555172414874
8,3,0.07954484124939931,0.8055555172414874
8,3,0.07954484124939931,0.8055555172414874
8,3,0.04229259987259404,0.8055555172414874
8,3,0.04229259987259404,0.7738799587055207
8,3,0.04229259987259404,0.8055555172414874
8,3,0.00504035849578699,0.7738799587055207
8,3,0.04229259987259404,0.7738799587055207
8,3,0.04229259987259404,0.7738799587055207
8,3,0.00504035849578699,0.7738799587055207
8,3,0.00504035849578699,0.742204400169554
8,3,0.07954484124939931,0.8372310757774546
8,3,0.04229259987259404,0.8372310757774546
8,3,0.04229259987259404,0.8055555172414874
8,3,0.04229259987259404,0.8372310757774546
8,3,0.00504035849578699,0.8055555172414874
8,3,0.04229259987259404,0.8055555172414874
8,3,0.04229259987259404,0.8055555172414874
8,3,0.00504035849578699,0.8055555172414874
8,3,0.00504035849578699,0.7738799587055207
8,3,0.04229259987259404,0.8372310757774546
8,3,0.00504035849578699,0.8372310757774546
8,3,0.00504035849578699,0.8055555172414874
8,3,0.00504035849578699,0.6788532830976202
8,3,0.04229259987259404,0.6788532830976202
8,3,0.04229259987259404,0.7105288416335873
8,3,0.04229259987259404,0.6788532830976202
8,3,0.07954484124939931,0.7105288416335873
8,3,0.04229259987259404,0.7105288416335873
8,3,0.04229259987259404,0.7105288416335873
8,3,0.07954484124939931,0.7105288416335873
8,3,0.07954484124939931,0.742204400169554
8,3,0.07954484124939931,0.7105288416335873
8,3,0.11679708262620458,0.742204400169554
8,3,0.07954484124939931,0.742204400169554
8,3,0.07954484124939931,0.742204400169554
8,3,0.11679708262620458,0.742204400169554
8,3,0.11679708262620458,0.7738799587055207
8,3,0.11679708262620458,0.742204400169554
8,3,0.15404932400301163,0.7738799587055207
8,3,0.11679708262620458,0.7738799587055207
8,3,0.11679708262620458,0.7738799587055207
8,3,0.15404932400301163,0.7738799587055207
8,3,0.15404932400301163,0.8055555172414874
8,3,0.15404932400301163,0.7738799587055207
8,3,0.1913015653798169,0.8055555172414874
8,3,0.15404932400301163,0.8055555172414874
8,3,0.15404932400301163,0.8055555172414874
8,3,0.1913015653798169,0.8055555172414874
8,3,0.1913015653798169,0.8372310757774546
8,3,0.04229259987259404,0.6788532830976202
8,3,0.07954484124939931,0.6788532830976202
8,3,0.07954484124939931,0.7105288416335873
8,3,0.07954484124939931,0.6788532830976202
8,3,0.11679708262620458,0.7105288416335873
8,3,0.07954484124939931,0.7105288416335873
8,3,0.07954484124939931,0.7105288416335873
8,3,0.11679708262620458,0.7105288416335873
8,3,0.11679708262620458,0.742204400169554
8,3,0.11679708262620458,0.7105288416335873
8,3,0.15404932400301163,0.742204400169554
8,3,0.11679708262620458,0.742204400169554
8,3,0.11679708262620458,0.742204400169554
8,3,0.15404932400301163,0.742204400169554
8,3,0.15404932400301163,0.7738799587055207
8,3,0.15404932400301163,0.742204400169554
8,3,0.1913015653798169,0.7738799587055207
8,3,0.15404932400301163,0.7738799587055207
8,3,0.15404932400301163,0.7738799587055207
8,3,0.1913015653798169,0.7738799587055207
8,3,0.1913015653798169,0.8055555172414874
8,3,0.07954484124939931,0.6788532830976202
8,3,0.11679708262620458,0.6788532830976202
8,3,0.11679708262620458,0.7105288416335873
8,3,0.11679708262620458,0.6788532830976202
8,3,0.15404932400301163,0.7105288416335873
8,3,0.11679708262620458,0.7105288416335873
8,3,0.11679708262620458,0.7105288416335873
8,3,0.15404932400301163,0.7105288416335873
8,3,0.15404932400301163,0.742204400169554
8,3,0.15404932400301163,0.7105288416335873
8,3,0.1913015653798169,0.742204400169554
8,3,0.15404932400301163,0.742204400169554
8,3,0.15404932400301163,0.742204400169554
8,3,0.1913015653798169,0.742204400169554
8,3,0.1913015653798169,0.7738799587055207
8,3,0.11679708262620458,0.6788532830976202
8,3,0.15404932400301163,0.6788532830976202
8,3,0.15404932400301163,0.7105288416335873
8,3,0.15404932400301163,0.6788532830976202
8,3,0.1913015653798169,0.7105288416335873
8,3,0.15404932400301163,0.7105288416335873
8,3,0.15404932400301163,0.7105288416335873
8,3,0.1913015653798169,0.7105288416335873
8,3,0.1913015653798169,0.742204400169554
8,3,0.15404932400301163,0.6788532830976202
8,3,0.1913015653798169,0.6788532830976202
8,3,0.1913015653798169,0.7105288416335873
8,3,0.1913015653798169,0.9957575799997107
8,3,0.1913015653798169,0.9640522791552595
8,3,0.2285686779108662,0.9640522791552595
8,3,0.1913015653798169,0.9640522791552595
8,3,0.2285686779108662,0.9323469783108083
8,3,0.2285686779108662,0.9640522791552595
8,3,0.2285686779108662,0.9640522791552595
8,3,0.2285686779108662,0.9323469783108083
8,3,0.26583579044191374,0.9323469783108083
8,3,0.2285686779108662,0.9323469783108083
8,3,0.26583579044191374,0.900641677466357
8,3,0.26583579044191374,0.9323469783108083
8,3,0.26583579044191374,0.9323469783108083
8,3,0.26583579044191374,0.900641677466357
8,3,0.3031029029729613,0.900641677466357
8,3,0.26583579044191374,0.900641677466357
8,3,0.3031029029729613,0.8689363766219058
8,3,0.3031029029729613,0.900641677466357
8,3,0.3031029029729613,0.900641677466357
8,3,0.3031029029729613,0.8689363766219058
8,3,0.3403700155040106,0.8689363766219058
8,3,0.3031029029729613,0.8689363766219058
8,3,0.3403700155040106,0.8372310757774546
8,3,0.3403700155040106,0.8689363766219058
8,3,0.3403700155040106,0.8689363766219058
8,3,0.3403700155040106,0.8372310757774546
8,3,0.3776371280350581,0.8372310757774546
8,3,0.1913015653798169,0.9640522791552595
8,3,0.1913015653798169,0.9323469783108083
8,3,0.2285686779108662,0.9323469783108083
8,3,0.1913015653798169,0.9323469783108083
8,3,0.2285686779108662,0.900641677466357
8,3,0.2285686779108662,0.9323469783108083
8,3,0.2285686779108662,0.9323469783108083
8,3,0.2285686779108662,0.900641677466357
8,3,0.26583579044191374,0.900641677466357
8,3,0.2285686779108662,0.900641677466357
8,3,0.26583579044191374,0.8689363766219058
8,3,0.26583579044191374,0.900641677466357
8,3,0.26583579044191374,0.900641677466357
8,3,0.26583579044191374,0.8689363766219058
8,3,0.3031029029729613,0.8689363766219058
8,3,0.26583579044191374,0.8689363766219058
8,3,0.3031029029729613,0.8372310757774546
8,3,0.3031029029729613,0.8689363766219058
8,3,0.3031029029729613,0.8689363766219058
8,3,0.3031029029729613,0.8372310757774546
8,3,0.3403700155040106,0.8372310757774546
8,3,0.1913015653798169,0.9323469783108083
8,3,0.1913015653798169,0.900641677466357
8,3,0.2285686779108662,0.900641677466357
8,3,0.1913015653798169,0.900641677466357
8,3,0.2285686779108662,0.8689363766219058
8,3,0.2285686779108662,0.900641677466357
8,3,0.2285686779108662,0.900641677466357
8,3,0.2285686779108662,0.8689363766219058
8,3,0.26583579044191374,0.8689363766219058
8,3,0.2285686779108662,0.8689363766219058
8,3,0.26583579044191374,0.8372310757774546
8,3,0.26583579044191374,0.8689363766219058
8,3,0.26583579044191374,0.8689363766219058
8,3,0.26583579044191374,0.8372310757774546
8,3,0.3031029029729613,0.8372310757774546
8,3,0.1913015653798169,0.900641677466357
8,3,0.1913015653798169,0.8689363766219058
8,3,0.2285686779108662,0.8689363766219058
8,3,0.1913015653798169,0.8689363766219058
8,3,0.2285686779108662,0.8372310757774546
8,3,0.2285686779108662,0.8689363766219058
8,3,0.2285686779108662,0.8689363766219058
8,3,0.2285686779108662,0.8372310757774546
8,3,0.26583579044191374,0.8372310757774546
8,3,0.1913015653798169,0.8689363766219058
8,3,0.1913015653798169,0.8372310757774546
8,3,0.2285686779108662,0.8372310757774546
8,3,0.3776371280350581,0.8372310757774546
8,3,0.3776371280350581,0.8689363766219058
8,3,0.3403700155040106,0.8689363766219058
8,3,0.3776371280350581,0.8689363766219058
8,3,0.3403700155040106,0.900641677466357
8,3,0.3403700155040106,0.8689363766219058
8,3,0.3403700155040106,0.8689363766219058
8,3,0.3403700155040106,0.900641677466357
8,3,0.3031029029729613,0.900641677466357
8,3,0.3403700155040106,0.900641677466357
8,3,0.3031029029729613,0.9323469783108083
8,3,0.3031029029729613,0.900641677466357
8,3,0.3031029029729613,0.900641677466357
8,3,0.3031029029729613,0.9323469783108083
8,3,0.26583579044191374,0.9323469783108083
8,3,0.3031029029729613,0.9323469783108083
8,3,0.26583579044191374,0.9640522791552595
8,3,0.26583579044191374,0.9323469783108083
8,3,0.26583579044191374,0.9323469783108083
8,3,0.26583579044191374,0.9640522791552595
8,3,0.2285686779108662,0.9640522791552595
8,3,0.26583579044191374,0.9640522791552595
8,3,0.2285686779108662,0.9957575799997107
8,3,0.2285686779108662,0.9640522791552595
8,3,0.2285686779108662,0.9640522791552595
8,3,0.2285686779108662,0.9957575799997107
8,3,0.1913015653798169,0.9957575799997107
8,3,0.3776371280350581,0.8689363766219058
8,3,0.3776371280350581,0.900641677466357
8,3,0.3403700155040106,0.900641677466357
8,3,0.3776371280350581,0.900641677466357
8,3,0.3403700155040106,0.9323469783108083
8,3,0.3403700155040106,0.900641677466357
8,3,0.3403700155040106,0.900641677466357
8,3,0.3403700155040106,0.9323469783108083
8,3,0.3031029029729613,0.9323469783108083
8,3,0.3403700155040106,0.9323469783108083
8,3,0.3031029029729613,0.9640522791552595
8,3,0.3031029029729613,0.9323469783108083
8,3,0.3031029029729613,0.9323469783108083
8,3,0.3031029029729613,0.9640522791552595
8,3,0.26583579044191374,0.9640522791552595
8,3,0.3031029029729613,0.9640522791552595
8,3,0.26583579044191374,0.9957575799997107
8,3,0.26583579044191374,0.9640522791552595
8,3,0.26583579044191374,0.9640522791552595
8,3,0.26583579044191374,0.9957575799997107
8,3,0.2285686779108662,0.9957575799997107
8,3,0.3776371280350581,0.900641677466357
8,3,0.3776371280350581,0.9323469783108083
8,3,0.3403700155040106,0.9323469783108083
8,3,0.3776371280350581,0.9323469783108083
8,3,0.3403700155040106,0.9640522791552595
8,3,0.3403700155040106,0.9323469783108083
8,3,0.3403700155040106,0.9323469783108083
8,3,0.3403700155040106,0.9640522791552595
8,3,0.3031029029729613,0.9640522791552595
8,3,0.3403700155040106,0.9640522791552595
8,3,0.3031029029729613,0.9957575799997107
8,3,0.3031029029729613,0.9640522791552595
8,3,0.3031029029729613,0.9640522791552595
8,3,0.3031029029729613,0.9957575799997107
8,3,0.26583579044191374,0.9957575799997107
8,3,0.3776371280350581,0.9323469783108083
8,3,0.3776371280350581,0.9640522791552595
8,3,0.3403700155040106,0.9640522791552595
8,3,0.3776371280350581,0.9640522791552595
8,3,0.3403700155040106,0.9957575799997107
8,3,0.3403700155040106,0.9640522791552595
8,3,0.3403700155040106,0.9640522791552595
8,3,0.3403700155040106,0.9957575799997107
8,3,0.3031029029729613,0.9957575799997107
8,3,0.3776371280350581,0.9640522791552595
8,3,0.3776371280350581,0.9957575799997107
8,3,0.3403700155040106,0.9957575799997107
8,3,0.1913015653798169,0.8372310757774546
8,3,0.1913015653798169,0.8055555172414874
8,3,0.2285686779108662,0.8055555172414874
8,3,0.1913015653798169,0.8055555172414874
8,3,0.2285686779108662,0.7738799587055207
8,3,0.2285686779108662,0.8055555172414874
8,3,0.2285686779108662,0.8055555172414874
8,3,0.2285686779108662,0.7738799587055207
8,3,0.26583579044191374,0.7738799587055207
8,3,0.2285686779108662,0.7738799587055207
8,3,0.26583579044191374,0.742204400169554
8,3,0.26583579044191374,0.7738799587055207
8,3,0.26583579044191374,0.7738799587055207
8,3,0.26583579044191374,0.742204400169554
8,3,0.3031029029729613,0.742204400169554
8,3,0.26583579044191374,0.742204400169554
8,3,0.3031029029729613,0.7105288416335873
8,3,0.3031029029729613,0.742204400169554
8,3,0.3031029029729613,0.742204400169554
8,3,0.3031029029729613,0.7105288416335873
8,3,0.3403700155040106,0.7105288416335873
8,3,0.3031029029729613,0.7105288416335873
8,3,0.3403700155040106,0.6788532830976202
8,3,0.3403700155040106,0.7105288416335873
8,3,0.3403700155040106,0.7105288416335873
8,3,0.3403700155040106,0.6788532830976202
8,3,0.3776371280350581,0.6788532830976202
8,3,0.1913015653798169,0.8055555172414874
8,3,0.1913015653798169,0.7738799587055207
8,3,0.2285686779108662,0.7738799587055207
8,3,0.1913015653798169,0.7738799587055207
8,3,0.2285686779108662,0.742204400169554
8,3,0.2285686779108662,0.7738799587055207
8,3,0.2285686779108662,0.7738799587055207
8,3,0.2285686779108662,0.742204400169554
8,3,0.26583579044191374,0.742204400169554
8,3,0.2285686779108662,0.742204400169554
8,3,0.26583579044191374,0.7105288416335873
8,3,0.26583579044191374,0.742204400169554
8,3,0.26583579044191374,0.742204400169554
8,3,0.26583579044191374,0.7105288416335873
8,3,0.3031029029729613,0.7105288416335873
8,3,0.26583579044191374,0.7105288416335873
8,3,0.3031029029729613,0.6788532830976202
8,3,0.3031029029729613,0.7105288416335873
8,3,0.3031029029729613,0.7105288416335873
8,3,0.3031029029729613,0.6788532830976202
8,3,0.3403700155040106,0.6788532830976202
8,3,0.1913015653798169,0.7738799587055207
8,3,0.1913015653798169,0.742204400169554
8,3,0.2285686779108662,0.742204400169554
8,3,0.1913015653798169,0.742204400169554
8,3,0.2285686779108662,0.7105288416335873
8,3,0.2285686779108662,0.742204400169554
8,3,0.2285686779108662,0.742204400169554
8,3,0.2285686779108662,0.7105288416335873
8,3,0.26583579044191374,0.7105288416335873
8,3,0.2285686779108662,0.7105288416335873
8,3,0.26583579044191374,0.6788532830976202
8,3,0.26583579044191374,0.7105288416335873
8,3,0.26583579044191374,0.7105288416335873
8,3,0.26583579044191374,0.6788532830976202
8,3,0.3031029029729613,0.6788532830976202
8,3,0.1913015653798169,0.742204400169554
8,3,0.1913015653798169,0.7105288416335873
8,3,0.2285686779108662,0.7105288416335873
8,3,0.1913015653798169,0.7105288416335873
8,3,0.2285686779108662,0.6788532830976202
8,3,0.2285686779108662,0.7105288416335873
8,3,0.2285686779108662,0.7105288416335873
8,3,0.2285686779108662,0.6788532830976202
8,3,0.26583579044191374,0.6788532830976202
8,3,0.1913015653798169,0.7105288416335873
8,3,0.1913015653798169,0.6788532830976202
8,3,0.2285686779108662,0.6788532830976202
8,3,0.3776371280350581,0.6788532830976202
8,3,0.3776371280350581,0.7105288416335873
8,3,0.3403700155040106,0.7105288416335873
8,3,0.3776371280350581,0.7105288416335873
8,3,0.3403700155040106,0.742204400169554
8,3,0.3403700155040106,0.7105288416335873
8,3,0.3403700155040106,0.7105288416335873
8,3,0.3403700155040106,0.742204400169554
8,3,0.3031029029729613,0.742204400169554
8,3,0.3403700155040106,0.742204400169554
8,3,0.3031029029729613,0.7738799587055207
8,3,0.3031029029729613,0.742204400169554
8,3,0.3031029029729613,0.742204400169554
8,3,0.3031029029729613,0.7738799587055207
8,3,0.26583579044191374,0.7738799587055207
8,3,0.3031029029729613,0.7738799587055207
8,3,0.26583579044191374,0.8055555172414874
8,3,0.26583579044191374,0.7738799587055207
8,3,0.26583579044191374,0.7738799587055207
8,3,0.26583579044191374,0.8055555172414874
8,3,0.2285686779108662,0.8055555172414874
8,3,0.26583579044191374,0.8055555172414874
8,3,0.2285686779108662,0.8372310757774546
8,3,0.2285686779108662,0.8055555172414874
8,3,0.2285686779108662,0.8055555172414874
8,3,0.2285686779108662,0.8372310757774546
8,3,0.1913015653798169,0.8372310757774546
8,3,0.3776371280350581,0.7105288416335873
8,3,0.3776371280350581,0.742204400169554
8,3,0.3403700155040106,0.742204400169554
8,3,0.3776371280350581,0.742204400169554
8,3,0.3403700155040106,0.7738799587055207
8,3,0.3403700155040106,0.742204400169554
8,3,0.3403700155040106,0.742204400169554
8,3,0.3403700155040106,0.7738799587055207
8,3,0.3031029029729613,0.7738799587055207
8,3,0.3403700155040106,0.7738799587055207
8,3,0.3031029029729613,0.8055555172414874
8,3,0.3031029029729613,0.7738799587055207
8,3,0.3031029029729613,0.7738799587055207
8,3,0.3031029029729613,0.8055555172414874
8,3,0.26583579044191374,0.8055555172414874
8,3,0.3031029029729613,0.8055555172414874
8,3,0.26583579044191374,0.8372310757774546
8,3,0.26583579044191374,0.8055555172414874
8,3,0.26583579044191374,0.8055555172414874
8,3,0.26583579044191374,0.8372310757774546
8,3,0.2285686779108662,0.8372310757774546
8,3,0.3776371280350581,0.742204400169554
8,3,0.3776371280350581,0.7738799587055207
8,3,0.3403700155040106,0.7738799587055207
8,3,0.3776371280350581,0.7738799587055207
8,3,0.3403700155040106,0.8055555172414874
8,3,0.3403700155040106,0.7738799587055207
8,3,0.3403700155040106,0.7738799587055207
8,3,0.3403700155040106,0.8055555172414874
8,3,0.3031029029729613,0.8055555172414874
8,3,0.3403700155040106,0.8055555172414874
8,3,0.3031029029729613,0.8372310757774546
8,3,0.3031029029729613,0.8055555172414874
8,3,0.3031029029729613,0.8055555172414874
8,3,0.3031029029729613,0.8372310757774546
8,3,0.26583579044191374,0.8372310757774546
8,3,0.3776371280350581,0.7738799587055207
8,3,0.3776371280350581,0.8055555172414874
8,3,0.3403700155040106,0.8055555172414874
8,3,0.3776371280350581,0.8055555172414874
8,3,0.3403700155040106,0.8372310757774546
8,3,0.3403700155040106,0.8055555172414874
8,3,0.3403700155040106,0.8055555172414874
8,3,0.3403700155040106,0.8372310757774546
8,3,0.3031029029729613,0.8372310757774546
8,3,0.3776371280350581,0.8055555172414874
8,3,0.3776371280350581,0.8372310757774546
8,3,0.3403700155040106,0.8372310757774546
8,3,0.28999999999999915,0.5
8,3,0.19954277681911314,0.33754862438022437
8,3,0.19954277681911314,0.6624513756197756
8,3,0.38045722318088515,0.33754862438022437
8,3,0.38045722318088515,0.6624513756197756
8,3,0.297126491787882,0.6523699772318685
8,3,0.2764344664474834,0.6523699772318685
8,3,0.2764344664474834,0.5994947071803884
8,3,0.2764344664474834,0.6523699772318685
8,3,0.25574244110708655,0.5994947071803884
8,3,0.2764344664474834,0.5994947071803884
8,3,0.2764344664474834,0.5994947071803884
8,3,0.25574244110708655,0.5994947071803884
8,3,0.25574244110708655,0.5466194371289088
8,3,0.25574244110708655,0.5994947071803884
8,3,0.23505041576668795,0.5466194371289088
8,3,0.25574244110708655,0.5466194371289088
8,3,0.25574244110708655,0.5466194371289088
8,3,0.23505041576668795,0.5466194371289088
8,3,0.23505041576668795,0.49374416707742874
8,3,0.23505041576668795,0.5466194371289088
8,3,0.21435839042629112,0.49374416707742874
8,3,0.23505041576668795,0.49374416707742874
8,3,0.23505041576668795,0.49374416707742874
8,3,0.21435839042629112,0.49374416707742874
8,3,0.21435839042629112,0.4408688970259491
8,3,0.21435839042629112,0.49374416707742874
8,3,0.19366636508589252,0.4408688970259491
8,3,0.21435839042629112,0.4408688970259491
8,3,0.21435839042629112,0.4408688970259491
8,3,0.19366636508589252,0.4408688970259491
8,3,0.19366636508589252,0.3879936269744695
8,3,0.19366636508589252,0.4408688970259491
8,3,0.1729743397454957,0.3879936269744695
8,3,0.19366636508589252,0.3879936269744695
8,3,0.19366636508589252,0.3879936269744695
8,3,0.1729743397454957,0.3879936269744695
8,3,0.1729743397454957,0.3351183569229894
8,3,0.1729743397454957,0.3879936269744695
8,3,0.1522823144050971,0.3351183569229894
8,3,0.1729743397454957,0.3351183569229894
8,3,0.1729743397454957,0.3351183569229894
8,3,0.1522823144050971,0.3351183569229894
8,3,0.1522823144050971,0.2822430868715098
8,3,0.1522823144050971,0.3351183569229894
8,3,0.13159028906470027,0.2822430868715098
8,3,0.1522823144050971,0.2822430868715098
8,3,0.1522823144050971,0.2822430868715098
8,3,0.13159028906470027,0.2822430868715098
8,3,0.13159028906470027,0.22936781682003016
8,3,0.2764344664474834,0.6523699772318685
8,3,0.25574244110708655,0.6523699772318685
8,3,0.25574244110708655,0.5994947071803884
8,3,0.25574244110708655,0.6523699772318685
8,3,0.23505041576668795,0.5994947071803884
8,3,0.25574244110708655,0.5994947071803884
8,3,0.25574244110708655,0.5994947071803884
8,3,0.23505041576668795,0.5994947071803884
8,3,0.23505041576668795,0.5466194371289088
8,3,0.23505041576668795,0.5994947071803884
8,3,0.21435839042629112,0.5466194371289088
8,3,0.23505041576668795,0.5466194371289088
8,3,0.23505041576668795,0.5466194371289088
8,3,0.21435839042629112,0.5466194371289088
8,3,0.21435839042629112,0.49374416707742874
8,3,0.21435839042629112,0.5466194371289088
8,3,0.19366636508589252,0.49374416707742874
8,3,0.21435839042629112,0.49374416707742874
8,3,0.21435839042629112,0.49374416707742874
8,3,0.19366636508589252,0.49374416707742874
8,3,0.19366636508589252,0.4408688970259491
8,3,0.19366636508589252,0.49374416707742874
8,3,0.1729743397454957,0.4408688970259491
8,3,0.19366636508589252,0.4408688970259491
8,3,0.19366636508589252,0.4408688970259491
8,3,0.1729743397454957,0.4408688970259491
8,3,0.1729743397454957,0.3879936269744695
8,3,0.1729743397454957,0.4408688970259491
8,3,0.1522823144050971,0.3879936269744695
8,3,0.1729743397454957,0.3879936269744695
8,3,0.1729743397454957,0.3879936269744695
8,3,0.1522823144050971,0.3879936269744695
8,3,0.1522823144050971,0.3351183569229894
8,3,0.1522823144050971,0.3879936269744695
8,3,0.13159028906470027,0.3351183569229894
8,3,0.1522823144050971,0.3351183569229894
8,3,0.1522823144050971,0.3351183569229894
8,3,0.13159028906470027,0.3351183569229894
8,3,0.13159028906470027,0.2822430868715098
8,3,0.25574244110708655,0.6523699772318685
8,3,0.23505041576668795,0.6523699772318685
8,3,0.23505041576668795,0.5994947071803884
8,3,0.23505041576668795,0.6523699772318685
8,3,0.21435839042629112,0.5994947071803884
8,3,0.23505041576668795,0.5994947071803884
8,3,0.23505041576668795,0.5994947071803884
8,3,0.21435839042629112,0.5994947071803884
8,3,0.21435839042629112,0.5466194371289088
8,3,0.21435839042629112,0.5994947071803884
8,3,0.19366636508589252,0.5466194371289088
8,3,0.21435839042629112,0.5466194371289088
8,3,0.21435839042629112,0.5466194371289088
8,3,0.19366636508589252,0.5466194371289088
8,3,0.19366636508589252,0.49374416707742874
8,3,0.19366636508589252,0.5466194371289088
8,3,0.1729743397454957,0.49374416707742874
8,3,0.19366636508589252,0.49374416707742874
8,3,0.19366636508589252,0.49374416707742874
8,3,0.1729743397454957,0.49374416707742874
8,3,0.1729743397454957,0.4408688970259491
8,3,0.1729743397454957,0.49374416707742874
8,3,0.1522823144050971,0.4408688970259491
8,3,0.1729743397454957,0.4408688970259491
8,3,0.1729743397454957,0.4408688970259491
8,3,0.1522823144050971,0.4408688970259491
8,3,0.1522823144050971,0.3879936269744695
8,3,0.1522823144050971,0.4408688970259491
8,3,0.13159028906470027,0.3879936269744695
8,3,0.1522823144050971,0.3879936269744695
8,3,0.1522823144050971,0.3879936269744695
8,3,0.13159028906470027,0.3879936269744695
8,3,0.13159028906470027,0.3351183569229894
8,3,0.23505041576668795,0.6523699772318685
8,3,0.21435839042629112,0.6523699772318685
8,3,0.21435839042629112,0.5994947071803884
8,3,0.21435839042629112,0.6523699772318685
8,3,0.19366636508589252,0.5994947071803884
8,3,0.21435839042629112,0.5994947071803884
8,3,0.21435839042629112,0.5994947071803884
8,3,0.19366636508589252,0.5994947071803884
8,3,0.19366636508589252,0.5466194371289088
8,3,0.19366636508589252,0.5994947071803884
8,3,0.1729743397454957,0.5466194371289088
8,3,0.19366636508589252,0.5466194371289088
8,3,0.19366636508589252,0.5466194371289088
8,3,0.1729743397454957,0.5466194371289088
8,3,0.1729743397454957,0.49374416707742874
8,3,0.1729743397454957,0.5466194371289088
8,3,0.1522823144050971,0.49374416707742874
8,3,0.1729743397454957,0.49374416707742874
8,3,0.1729743397454957,0.49374416707742874
8,3,0.1522823144050971,0.49374416707742874
8,3,0.1522823144050971,0.4408688970259491
8,3,0.1522823144050971,0.49374416707742874
8,3,0.13159028906470027,0.4408688970259491
8,3,0.1522823144050971,0.4408688970259491
8,3,0.1522823144050971,0.4408688970259491
8,3,0.13159028906470027,0.4408688970259491
8,3,0.13159028906470027,0.3879936269744695
8,3,0.21435839042629112,0.6523699772318685
8,3,0.19366636508589252,0.6523699772318685
8,3,0.19366636508589252,0.5994947071803884
8,3,0.19366636508589252,0.6523699772318685
8,3,0.1729743397454957,0.5994947071803884
8,3,0.19366636508589252,0.5994947071803884
8,3,0.19366636508589252,0.5994947071803884
8,3,0.1729743397454957,0.5994947071803884
8,3,0.1729743397454957,0.5466194371289088
8,3,0.1729743397454957,0.5994947071803884
8,3,0.1522823144050971,0.5466194371289088
8,3,0.1729743397454957,0.5466194371289088
8,3,0.1729743397454957,0.5466194371289088
8,3,0.1522823144050971,0.5466194371289088
8,3,0.1522823144050971,0.49374416707742874
8,3,0.1522823144050971,0.5466194371289088
8,3,0.13159028906470027,0.49374416707742874
8,3,0.1522823144050971,0.49374416707742874
8,3,0.1522823144050971,0.49374416707742874
8,3,0.13159028906470027,0.49374416707742874
8,3,0.13159028906470027,0.4408688970259491
8,3,0.19366636508589252,0.6523699772318685
8,3,0.1729743397454957,0.6523699772318685
8,3,0.1729743397454957,0.5994947071803884
8,3,0.1729743397454957,0.6523699772318685
8,3,0.1522823144050971,0.5994947071803884
8,3,0.1729743397454957,0.5994947071803884
8,3,0.1729743397454957,0.5994947071803884
8,3,0.1522823144050971,0.5994947071803884
8,3,0.1522823144050971,0.5466194371289088
8,3,0.1522823144050971,0.5994947071803884
8,3,0.13159028906470027,0.5466194371289088
8,3,0.1522823144050971,0.5466194371289088
8,3,0.1522823144050971,0.5466194371289088
8,3,0.13159028906470027,0.5466194371289088
8,3,0.13159028906470027,0.49374416707742874
8,3,0.1729743397454957,0.6523699772318685
8,3,0.1522823144050971,0.6523699772318685
8,3,0.1522823144050971,0.5994947071803884
8,3,0.1522823144050971,0.6523699772318685
8,3,0.13159028906470027,0.5994947071803884
8,3,0.1522823144050971,0.5994947071803884
8,3,0.1522823144050971,0.5994947071803884
8,3,0.13159028906470027,0.5994947071803884
8,3,0.13159028906470027,0.5466194371289088
8,3,0.1522823144050971,0.6523699772318685
8,3,0.13159028906470027,0.6523699772318685
8,3,0.13159028906470027,0.5994947071803884
8,3,0.13159028906470027,0.22936781682003016
8,3,0.1522823144050971,0.22936781682003016
8,3,0.1522823144050971,0.2822430868715098
8,3,0.1522823144050971,0.22936781682003016
8,3,0.1729743397454957,0.2822430868715098
8,3,0.1522823144050971,0.2822430868715098
8,3,0.1522823144050971,0.2822430868715098
8,3,0.1729743397454957,0.2822430868715098
8,3,0.1729743397454957,0.3351183569229894
8,3,0.1729743397454957,0.2822430868715098
8,3,0.19366636508589252,0.3351183569229894
8,3,0.1729743397454957,0.3351183569229894
8,3,0.1729743397454957,0.3351183569229894
8,3,0.19366636508589252,0.3351183569229894
8,3,0.19366636508589252,0.3879936269744695
8,3,0.19366636508589252,0.3351183569229894
8,3,0.21435839042629112,0.3879936269744695
8,3,0.19366636508589252,0.3879936269744695
8,3,0.19366636508589252,0.3879936269744695
8,3,0.21435839042629112,0.3879936269744695
8,3,0.21435839042629112,0.4408688970259491
8,3,0.21435839042629112,0.3879936269744695
8,3,0.23505041576668795,0.4408688970259491
8,3,0.21435839042629112,0.4408688970259491
8,3,0.21435839042629112,0.4408688970259491
8,3,0.23505041576668795,0.4408688970259491
8,3,0.23505041576668795,0.49374416707742874
8,3,0.23505041576668795,0.4408688970259491
8,3,0.25574244110708655,0.49374416707742874
8,3,0.23505041576668795,0.49374416707742874
8,3,0.23505041576668795,0.49374416707742874
8,3,0.25574244110708655,0.49374416707742874
8,3,0.25574244110708655,0.5466194371289088
8,3,0.25574244110708655,0.49374416707742874
8,3,0.2764344664474834,0.5466194371289088
8,3,0.25574244110708655,0.5466194371289088
8,3,0.25574244110708655,0.5466194371289088
8,3,0.2764344664474834,0.5466194371289088
8,3,0.2764344664474834,0.5994947071803884
8,3,0.2764344664474834,0.5466194371289088
8,3,0.297126491787882,0.5994947071803884
8,3,0.2764344664474834,0.5994947071803884
8,3,0.2764344664474834,0.5994947071803884
8,3,0.297126491787882,0.5994947071803884
8,3,0.297126491787882,0.6523699772318685
8,3,0.1522823144050971,0.22936781682003016
8,3,0.1729743397454957,0.22936781682003016
8,3,0.1729743397454957,0.2822430868715098
8,3,0.1729743397454957,0.22936781682003016
8,3,0.19366636508589252,0.2822430868715098
8,3,0.1729743397454957,0.2822430868715098
8,3,0.1729743397454957,0.2822430868715098
8,3,0.19366636508589252,0.2822430868715098
8,3,0.19366636508589252,0.3351183569229894
8,3,0.19366636508589252,0.2822430868715098
8,3,0.21435839042629112,0.3351183569229894
8,3,0.19366636508589252,0.3351183569229894
8,3,0.19366636508589252,0.3351183569229894
8,3,0.21435839042629112,0.3351183569229894
8,3,0.21435839042629112,0.3879936269744695
8,3,0.21435839042629112,0.3351183569229894
8,3,0.23505041576668795,0.3879936269744695
8,3,0.21435839042629112,0.3879936269744695
8,3,0.21435839042629112,0.3879936269744695
8,3,0.23505041576668795,0.3879936269744695
8,3,0.23505041576668795,0.4408688970259491
8,3,0.23505041576668795,0.3879936269744695
8,3,0.25574244110708655,0.4408688970259491
8,3,0.23505041576668795,0.4408688970259491
8,3,0.23505041576668795,0.4408688970259491
8,3,0.25574244110708655,0.4408688970259491
8,3,0.25574244110708655,0.49374416707742874
8,3,0.25574244110708655,0.4408688970259491
8,3,0.2764344664474834,0.49374416707742874
8,3,0.25574244110708655,0.49374416707742874
8,3,0.25574244110708655,0.49374416707742874
8,3,0.2764344664474834,0.49374416707742874
8,3,0.2764344664474834,0.5466194371289088
8,3,0.2764344664474834,0.49374416707742874
8,3,0.297126491787882,0.5466194371289088
8,3,0.2764344664474834,0.5466194371289088
8,3,0.2764344664474834,0.5466194371289088
8,3,0.297126491787882,0.5466194371289088
8,3,0.297126491787882,0.5994947071803884
8,3,0.1729743397454957,0.22936781682003016
8,3,0.19366636508589252,0.22936781682003016
8,3,0.19366636508589252,0.2822430868715098
8,3,0.19366636508589252,0.22936781682003016
8,3,0.21435839042629112,0.2822430868715098
8,3,0.19366636508589252,0.2822430868715098
8,3,0.19366636508589252,0.2822430868715098
8,3,0.21435839042629112,0.2822430868715098
8,3,0.21435839042629112,0.3351183569229894
8,3,0.21435839042629112,0.2822430868715098
8,3,0.23505041576668795,0.3351183569229894
8,3,0.21435839042629112,0.3351183569229894
8,3,0.21435839042629112,0.3351183569229894
8,3,0.23505041576668795,0.3351183569229894
8,3,0.23505041576668795,0.3879936269744695
8,3,0.23505041576668795,0.3351183569229894
8,3,0.25574244110708655,0.3879936269744695
8,3,0.23505041576668795,0.3879936269744695
8,3,0.23505041576668795,0.3879936269744695
8,3,0.25574244110708655,0.3879936269744695
8,3,0.25574244110708655,0.4408688970259491
8,3,0.25574244110708655,0.3879936269744695
8,3,0.2764344664474834,0.4408688970259491
8,3,0.25574244110708655,0.4408688970259491
8,3,0.25574244110708655,0.4408688970259491
8,3,0.2764344664474834,0.4408688970259491
8,3,0.2764344664474834,0.49374416707742874
8,3,0.2764344664474834,0.4408688970259491
8,3,0.297126491787882,0.49374416707742874
8,3,0.2764344664474834,0.49374416707742874
8,3,0.2764344664474834,0.49374416707742874
8,3,0.297126491787882,0.49374416707742874
8,3,0.297126491787882,0.5466194371289088
8,3,0.19366636508589252,0.22936781682003016
8,3,0.21435839042629112,0.22936781682003016
8,3,0.21435839042629112,0.2822430868715098
8,3,0.21435839042629112,0.22936781682003016
8,3,0.23505041576668795,0.2822430868715098
8,3,0.21435839042629112,0.2822430868715098
8,3,0.21435839042629112,0.2822430868715098
8,3,0.23505041576668795,0.2822430868715098
8,3,0.23505041576668795,0.3351183569229894
8,3,0.23505041576668795,0.2822430868715098
8,3,0.25574244110708655,0.3351183569229894
8,3,0.23505041576668795,0.3351183569229894
8,3,0.23505041576668795,0.3351183569229894
8,3,0.25574244110708655,0.3351183569229894
8,3,0.25574244110708655,0.3879936269744695
8,3,0.25574244110708655,0.3351183569229894
8,3,0.2764344664474834,0.3879936269744695
8,3,0.25574244110708655,0.3879936269744695
8,3,0.25574244110708655,0.3879936269744695
8,3,0.2764344664474834,0.3879936269744695
8,3,0.2764344664474834,0.4408688970259491
8,3,0.2764344664474834,0.3879936269744695
8,3,0.297126491787882,0.4408688970259491
8,3,0.2764344664474834,0.4408688970259491
8,3,0.2764344664474834,0.4408688970259491
8,3,0.297126491787882,0.4408688970259491
8,3,0.297126491787882,0.49374416707742874
8,3,0.21435839042629112,0.22936781682003016
8,3,0.23505041576668795,0.22936781682003016
8,3,0.23505041576668795,0.2822430868715098
8,3,0.23505041576668795,0.22936781682003016
8,3,0.25574244110708655,0.2822430868715098
8,3,0.23505041576668795,0.2822430868715098
8,3,0.23505041576668795,0.2822430868715098
8,3,0.25574244110708655,0.2822430868715098
8,3,0.25574244110708655,0.3351183569229894
8,3,0.25574244110708655,0.2822430868715098
8,3,0.2764344664474834,0.3351183569229894
8,3,0.25574244110708655,0.3351183569229894
8,3,0.25574244110708655,0.3351183569229894
8,3,0.2764344664474834,0.3351183569229894
8,3,0.2764344664474834,0.3879936269744695
8,3,0.2764344664474834,0.3351183569229894
8,3,0.297126491787882,0.3879936269744695
8,3,0.2764344664474834,0.3879936269744695
8,3,0.2764344664474834,0.3879936269744695
8,3,0.297126491787882,0.3879936269744695
8,3,0.297126491787882,0.4408688970259491
8,3,0.23505041576668795,0.22936781682003016
8,3,0.25574244110708655,0.22936781682003016
8,3,0.25574244110708655,0.2822430868715098
8,3,0.25574244110708655,0.22936781682003016
8,3,0.2764344664474834,0.2822430868715098
8,3,0.25574244110708655,0.2822430868715098
8,3,0.25574244110708655,0.2822430868715098
8,3,0.2764344664474834,0.2822430868715098
8,3,0.2764344664474834,0.3351183569229894
8,3,0.2764344664474834,0.2822430868715098
8,3,0.297126491787882,0.3351183569229894
8,3,0.2764344664474834,0.3351183569229894
8,3,0.2764344664474834,0.3351183569229894
8,3,0.297126491787882,0.3351183569229894
8,3,0.297126491787882,0.3879936269744695
8,3,0.25574244110708655,0.22936781682003016
8,3,0.2764344664474834,0.22936781682003016
8,3,0.2764344664474834,0.2822430868715098
8,3,0.2764344664474834,0.22936781682003016
8,3,0.297126491787882,0.2822430868715098
8,3,0.2764344664474834,0.2822430868715098
8,3,0.2764344664474834,0.2822430868715098
8,3,0.297126491787882,0.2822430868715098
8,3,0.297126491787882,0.3351183569229894
8,3,0.2764344664474834,0.22936781682003016
8,3,0.297126491787882,0.22936781682003016
8,3,0.297126491787882,0.2822430868715098
8,3,0.297126491787882,0.6523699772318685
8,3,0.297126491787882,0.5994947071803884
8,3,0.31784788140265086,0.5994947071803884
8,3,0.297126491787882,0.5994947071803884
8,3,0.31784788140265086,0.5466194371289088
8,3,0.31784788140265086,0.5994947071803884
8,3,0.31784788140265086,0.5994947071803884
8,3,0.31784788140265086,0.5466194371289088
8,3,0.33856927101741974,0.5466194371289088
8,3,0.31784788140265086,0.5466194371289088
8,3,0.33856927101741974,0.49374416707742874
8,3,0.33856927101741974,0.5466194371289088
8,3,0.33856927101741974,0.5466194371289088
8,3,0.33856927101741974,0.49374416707742874
8,3,0.3592906606321886,0.49374416707742874
8,3,0.33856927101741974,0.49374416707742874
8,3,0.3592906606321886,0.4408688970259491
8,3,0.3592906606321886,0.49374416707742874
8,3,0.3592906606321886,0.49374416707742874
8,3,0.3592906606321886,0.4408688970259491
8,3,0.3800120502469575,0.4408688970259491
8,3,0.3592906606321886,0.4408688970259491
8,3,0.3800120502469575,0.3879936269744695
8,3,0.3800120502469575,0.4408688970259491
8,3,0.3800120502469575,0.4408688970259491
8,3,0.3800120502469575,0.3879936269744695
8,3,0.4007334398617264,0.3879936269744695
8,3,0.3800120502469575,0.3879936269744695
8,3,0.4007334398617264,0.3351183569229894
8,3,0.4007334398617264,0.3879936269744695
8,3,0.4007334398617264,0.3879936269744695
8,3,0.4007334398617264,0.3351183569229894
8,3,0.42145482947649526,0.3351183569229894
8,3,0.4007334398617264,0.3351183569229894
8,3,0.42145482947649526,0.2822430868715098
8,3,0.42145482947649526,0.3351183569229894
8,3,0.42145482947649526,0.3351183569229894
8,3,0.42145482947649526,0.2822430868715098
8,3,0.44217621909126414,0.2822430868715098
8,3,0.42145482947649526,0.2822430868715098
8,3,0.44217621909126414,0.22936781682003016
8,3,0.44217621909126414,0.2822430868715098
8,3,0.44217621909126414,0.2822430868715098
8,3,0.44217621909126414,0.22936781682003016
8,3,0.4628976087060348,0.22936781682003016
8,3,0.297126491787882,0.5994947071803884
8,3,0.297126491787882,0.5466194371289088
8,3,0.31784788140265086,0.5466194371289088
8,3,0.297126491787882,0.5466194371289088
8,3,0.31784788140265086,0.49374416707742874
8,3,0.31784788140265086,0.5466194371289088
8,3,0.31784788140265086,0.5466194371289088
8,3,0.31784788140265086,0.49374416707742874
8,3,0.33856927101741974,0.49374416707742874
8,3,0.31784788140265086,0.49374416707742874
8,3,0.33856927101741974,0.4408688970259491
8,3,0.33856927101741974,0.49374416707742874
8,3,0.33856927101741974,0.49374416707742874
8,3,0.33856927101741974,0.4408688970259491
8,3,0.3592906606321886,0.4408688970259491
8,3,0.33856927101741974,0.4408688970259491
8,3,0.3592906606321886,0.3879936269744695
8,3,0.3592906606321886,0.4408688970259491
8,3,0.3592906606321886,0.4408688970259491
8,3,0.3592906606321886,0.3879936269744695
8,3,0.3800120502469575,0.3879936269744695
8,3,0.3592906606321886,0.3879936269744695
8,3,0.3800120502469575,0.3351183569229894
8,3,0.3800120502469575,0.3879936269744695
8,3,0.3800120502469575,0.3879936269744695
8,3,0.3800120502469575,0.3351183569229894
8,3,0.4007334398617264,0.3351183569229894
8,3,0.3800120502469575,0.3351183569229894
8,3,0.4007334398617264,0.2822430868715098
8,3,0.4007334398617264,0.3351183569229894
8,3,0.4007334398617264,0.3351183569229894
8,3,0.4007334398617264,0.2822430868715098
8,3,0.42145482947649526,0.2822430868715098
8,3,0.4007334398617264,0.2822430868715098
8,3,0.42145482947649526,0.22936781682003016
8,3,0.42145482947649526,0.2822430868715098
8,3,0.42145482947649526,0.2822430868715098
8,3,0.42145482947649526,0.22936781682003016
8,3,0.44217621909126414,0.22936781682003016
8,3,0.297126491787882,0.5466194371289088
8,3,0.297126491787882,0.49374416707742874
8,3,0.31784788140265086,0.49374416707742874
8,3,0.297126491787882,0.49374416707742874
8,3,0.31784788140265086,0.4408688970259491
8,3,0.31784788140265086,0.49374416707742874
8,3,0.31784788140265086,0.49374416707742874
8,3,0.31784788140265086,0.4408688970259491
8,3,0.33856927101741974,0.4408688970259491
8,3,0.31784788140265086,0.4408688970259491
8,3,0.33856927101741974,0.3879936269744695
8,3,0.33856927101741974,0.4408688970259491
8,3,0.33856927101741974,0.4408688970259491
8,3,0.33856927101741974,0.3879936269744695
8,3,0.3592906606321886,0.3879936269744695
8,3,0.33856927101741974,0.3879936269744695
8,3,0.3592906606321886,0.3351183569229894
8,3,0.3592906606321886,0.3879936269744695
8,3,0.3592906606321886,0.3879936269744695
8,3,0.3592906606321886,0.3351183569229894
8,3,0.3800120502469575,0.3351183569229894
8,3,0.3592906606321886,0.3351183569229894
8,3,0.3800120502469575,0.2822430868715098
8,3,0.3800120502469575,0.3351183569229894
8,3,0.3800120502469575,0.3351183569229894
8,3,0.3800120502469575,0.2822430868715098
8,3,0.4007334398617264,0.2822430868715098
8,3,0.3800120502469575,0.2822430868715098
8,3,0.4007334398617264,0.22936781682003016
8,3,0.4007334398617264,0.2822430868715098
8,3,0.4007334398617264,0.2822430868715098
8,3,0.4007334398617264,0.22936781682003016
8,3,0.42145482947649526,0.22936781682003016
8,3,0.297126491787882,0.49374416707742874
8,3,0.297126491787882,0.4408688970259491
8,3,0.31784788140265086,0.4408688970259491
8,3,0.297126491787882,0.4408688970259491
8,3,0.31784788140265086,0.3879936269744695
8,3,0.31784788140265086,0.4408688970259491
8,3,0.31784788140265086,0.4408688970259491
8,3,0.31784788140265086,0.3879936269744695
8,3,0.33856927101741974,0.3879936269744695
8,3,0.31784788140265086,0.3879936269744695
8,3,0.33856927101741974,0.3351183569229894
8,3,0.33856927101741974,0.3879936269744695
8,3,0.33856927101741974,0.3879936269744695
8,3,0.33856927101741974,0.3351183569229894
8,3,0.3592906606321886,0.3351183569229894
8,3,0.33856927101741974,0.3351183569229894
8,3,0.3592906606321886,0.2822430868715098
8,3,0.3592906606321886,0.3351183569229894
8,3,0.3592906606321886,0.3351183569229894
8,3,0.3592906606321886,0.2822430868715098
8,3,0.3800120502469575,0.2822430868715098
8,3,0.3592906606321886,0.2822430868715098
8,3,0.3800120502469575,0.22936781682003016
8,3,0.3800120502469575,0.2822430868715098
8,3,0.3800120502469575,0.2822430868715098
8,3,0.3800120502469575,0.22936781682003016
8,3,0.4007334398617264,0.22936781682003016
8,3,0.297126491787882,0.4408688970259491
8,3,0.297126491787882,0.3879936269744695
8,3,0.31784788140265086,0.3879936269744695
8,3,0.297126491787882,0.3879936269744695
8,3,0.31784788140265086,0.3351183569229894
8,3,0.31784788140265086,0.3879936269744695
8,3,0.31784788140265086,0.3879936269744695
8,3,0.31784788140265086,0.3351183569229894
8,3,0.33856927101741974,0.3351183569229894
8,3,0.31784788140265086,0.3351183569229894
8,3,0.33856927101741974,0.2822430868715098
8,3,0.33856927101741974,0.3351183569229894
8,3,0.33856927101741974,0.3351183569229894
8,3,0.33856927101741974,0.2822430868715098
8,3,0.3592906606321886,0.2822430868715098
8,3,0.33856927101741974,0.2822430868715098
8,3,0.3592906606321886,0.22936781682003016
8,3,0.3592906606321886,0.2822430868715098
8,3,0.3592906606321886,0.2822430868715098
8,3,0.3592906606321886,0.22936781682003016
8,3,0.3800120502469575,0.22936781682003016
8,3,0.297126491787882,0.3879936269744695
8,3,0.297126491787882,0.3351183569229894
8,3,0.31784788140265086,0.3351183569229894
8,3,0.297126491787882,0.3351183569229894
8,3,0.31784788140265086,0.2822430868715098
8,3,0.31784788140265086,0.3351183569229894
8,3,0.31784788140265086,0.3351183569229894
8,3,0.31784788140265086,0.2822430868715098
8,3,0.33856927101741974,0.2822430868715098
8,3,0.31784788140265086,0.2822430868715098
8,3,0.33856927101741974,0.22936781682003016
8,3,0.33856927101741974,0.2822430868715098
8,3,0.33856927101741974,0.2822430868715098
8,3,0.33856927101741974,0.22936781682003016
8,3,0.3592906606321886,0.22936781682003016
8,3,0.297126491787882,0.3351183569229894
8,3,0.297126491787882,0.2822430868715098
8,3,0.31784788140265086,0.2822430868715098
8,3,0.297126491787882,0.2822430868715098
8,3,0.31784788140265086,0.22936781682003016
8,3,0.31784788140265086,0.2822430868715098
8,3,0.31784788140265086,0.2822430868715098
8,3,0.31784788140265086,0.22936781682003016
8,3,0.33856927101741974,0.22936781682003016
8,3,0.297126491787882,0.2822430868715098
8,3,0.297126491787882,0.22936781682003016
8,3,0.31784788140265086,0.22936781682003016
8,3,0.4628976087060348,0.22936781682003016
8,3,0.4628976087060348,0.2822430868715098
8,3,0.44217621909126414,0.2822430868715098
8,3,0.4628976087060348,0.2822430868715098
8,3,0.44217621909126414,0.3351183569229894
8,3,0.44217621909126414,0.2822430868715098
8,3,0.44217621909126414,0.2822430868715098
8,3,0.44217621909126414,0.3351183569229894
8,3,0.42145482947649526,0.3351183569229894
8,3,0.44217621909126414,0.3351183569229894
8,3,0.42145482947649526,0.3879936269744695
8,3,0.42145482947649526,0.3351183569229894
8,3,0.42145482947649526,0.3351183569229894
8,3,0.42145482947649526,0.3879936269744695
8,3,0.4007334398617264,0.3879936269744695
8,3,0.42145482947649526,0.3879936269744695
8,3,0.4007334398617264,0.4408688970259491
8,3,0.4007334398617264,0.3879936269744695
8,3,0.4007334398617264,0.3879936269744695
8,3,0.4007334398617264,0.4408688970259491
8,3,0.3800120502469575,0.4408688970259491
8,3,0.4007334398617264,0.4408688970259491
8,3,0.3800120502469575,0.49374416707742874
8,3,0.3800120502469575,0.4408688970259491
8,3,0.3800120502469575,0.4408688970259491
8,3,0.3800120502469575,0.49374416707742874
8,3,0.3592906606321886,0.49374416707742874
8,3,0.3800120502469575,0.49374416707742874
8,3,0.3592906606321886,0.5466194371289088
8,3,0.3592906606321886,0.49374416707742874
8,3,0.3592906606321886,0.49374416707742874
8,3,0.3592906606321886,0.5466194371289088
8,3,0.33856927101741974,0.5466194371289088
8,3,0.3592906606321886,0.5466194371289088
8,3,0.33856927101741974,0.5994947071803884
8,3,0.33856927101741974,0.5466194371289088
8,3,0.33856927101741974,0.5466194371289088
8,3,0.33856927101741974,0.5994947071803884
8,3,0.31784788140265086,0.5994947071803884
8,3,0.33856927101741974,0.5994947071803884
8,3,0.31784788140265086,0.6523699772318685
8,3,0.31784788140265086,0.5994947071803884
8,3,0.31784788140265086,0.5994947071803884
8,3,0.31784788140265086,0.6523699772318685
8,3,0.297126491787882,0.6523699772318685
8,3,0.4628976087060348,0.2822430868715098
8,3,0.4628976087060348,0.3351183569229894
8,3,0.44217621909126414,0.3351183569229894
8,3,0.4628976087060348,0.3351183569229894
8,3,0.44217621909126414,0.3879936269744695
8,3,0.44217621909126414,0.3351183569229894
8,3,0.44217621909126414,0.3351183569229894
8,3,0.44217621909126414,0.3879936269744695
8,3,0.42145482947649526,0.3879936269744695
8,3,0.44217621909126414,0.3879936269744695
8,3,0.42145482947649526,0.4408688970259491
8,3,0.42145482947649526,0.3879936269744695
8,3,0.42145482947649526,0.3879936269744695
8,3,0.42145482947649526,0.4408688970259491
8,3,0.4007334398617264,0.4408688970259491
8,3,0.42145482947649526,0.4408688970259491
8,3,0.4007334398617264,0.49374416707742874
8,3,0.4007334398617264,0.4408688970259491
8,3,0.4007334398617264,0.4408688970259491
8,3,0.4007334398617264,0.49374416707742874
8,3,0.3800120502469575,0.49374416707742874
8,3,0.4007334398617264,0.49374416707742874
8,3,0.3800120502469575,0.5466194371289088
8,3,0.3800120502469575,0.49374416707742874
8,3,0.3800120502469575,0.49374416707742874
8,3,0.3800120502469575,0.5466194371289088
8,3,0.3592906606321886,0.5466194371289088
8,3,0.3800120502469575,0.5466194371289088
8,3,0.3592906606321886,0.5994947071803884
8,3,0.3592906606321886,0.5466194371289088
8,3,0.3592906606321886,0.5466194371289088
8,3,0.3592906606321886,0.5994947071803884
8,3,0.33856927101741974,0.5994947071803884
8,3,0.3592906606321886,0.5994947071803884
8,3,0.33856927101741974,0.6523699772318685
8,3,0.33856927101741974,0.5994947071803884
8,3,0.33856927101741974,0.5994947071803884
8,3,0.33856927101741974,0.6523699772318685
8,3,0.31784788140265086,0.6523699772318685
8,3,0.4628976087060348,0.3351183569229894
8,3,0.4628976087060348,0.3879936269744695
8,3,0.44217621909126414,0.3879936269744695
8,3,0.4628976087060348,0.3879936269744695
8,3,0.44217621909126414,0.4408688970259491
8,3,0.44217621909126414,0.3879936269744695
8,3,0.44217621909126414,0.3879936269744695
8,3,0.44217621909126414,0.4408688970259491
8,3,0.42145482947649526,0.4408688970259491
8,3,0.44217621909126414,0.4408688970259491
8,3,0.42145482947649526,0.49374416707742874
8,3,0.42145482947649526,0.4408688970259491
8,3,0.42145482947649526,0.4408688970259491
8,3,0.42145482947649526,0.49374416707742874
8,3,0.4007334398617264,0.49374416707742874
8,3,0.42145482947649526,0.49374416707742874
8,3,0.4007334398617264,0.5466194371289088
8,3,0.4007334398617264,0.49374416707742874
8,3,0.4007334398617264,0.49374416707742874
8,3,0.4007334398617264,0.5466194371289088
8,3,0.3800120502469575,0.5466194371289088
8,3,0.4007334398617264,0.5466194371289088
8,3,0.3800120502469575,0.5994947071803884
8,3,0.3800120502469575,0.5466194371289088
8,3,0.3800120502469575,0.5466194371289088
8,3,0.3800120502469575,0.5994947071803884
8,3,0.3592906606321886,0.5994947071803884
8,3,0.3800120502469575,0.5994947071803884
8,3,0.3592906606321886,0.6523699772318685
8,3,0.3592906606321886,0.5994947071803884
8,3,0.3592906606321886,0.5994947071803884
8,3,0.3592906606321886,0.6523699772318685
8,3,0.33856927101741974,0.6523699772318685
8,3,0.4628976087060348,0.3879936269744695
8,3,0.4628976087060348,0.4408688970259491
8,3,0.44217621909126414,0.4408688970259491
8,3,0.4628976087060348,0.4408688970259491
8,3,0.44217621909126414,0.49374416707742874
8,3,0.44217621909126414,0.4408688970259491
8,3,0.44217621909126414,0.4408688970259491
8,3,0.44217621909126414,0.49374416707742874
8,3,0.42145482947649526,0.49374416707742874
8,3,0.44217621909126414,0.49374416707742874
8,3,0.42145482947649526,0.5466194371289088
8,3,0.42145482947649526,0.49374416707742874
8,3,0.42145482947649526,0.49374416707742874
8,3,0.42145482947649526,0.5466194371289088
8,3,0.4007334398617264,0.5466194371289088
8,3,0.42145482947649526,0.5466194371289088
8,3,0.4007334398617264,0.5994947071803884
8,3,0.4007334398617264,0.5466194371289088
8,3,0.4007334398617264,0.5466194371289088
8,3,0.4007334398617264,0.5994947071803884
8,3,0.3800120502469575,0.5994947071803884
8,3,0.4007334398617264,0.5994947071803884
8,3,0.3800120502469575,0.6523699772318685
8,3,0.3800120502469575,0.5994947071803884
8,3,0.3800120502469575,0.5994947071803884
8,3,0.3800120502469575,0.6523699772318685
8,3,0.3592906606321886,0.6523699772318685
8,3,0.4628976087060348,0.4408688970259491
8,3,0.4628976087060348,0.49374416707742874
8,3,0.44217621909126414,0.49374416707742874
8,3,0.4628976087060348,0.49374416707742874
8,3,0.44217621909126414,0.5466194371289088
8,3,0.44217621909126414,0.49374416707742874
8,3,0.44217621909126414,0.49374416707742874
8,3,0.44217621909126414,0.5466194371289088
8,3,0.42145482947649526,0.5466194371289088
8,3,0.44217621909126414,0.5466194371289088
8,3,0.42145482947649526,0.5994947071803884
8,3,0.42145482947649526,0.5466194371289088
8,3,0.42145482947649526,0.5466194371289088
8,3,0.42145482947649526,0.5994947071803884
8,3,0.4007334398617264,0.5994947071803884
8,3,0.42145482947649526,0.5994947071803884
8,3,0.4007334398617264,0.6523699772318685
8,3,0.4007334398617264,0.5994947071803884
8,3,0.4007334398617264,0.5994947071803884
8,3,0.4007334398617264,0.6523699772318685
8,3,0.3800120502469575,0.6523699772318685
8,3,0.4628976087060348,0.49374416707742874
8,3,0.4628976087060348,0.5466194371289088
8,3,0.44217621909126414,0.5466194371289088
8,3,0.4628976087060348,0.5466194371289088
8,3,0.44217621909126414,0.5994947071803884
8,3,0.44217621909126414,0.5466194371289088
8,3,0.44217621909126414,0.5466194371289088
8,3,0.44217621909126414,0.5994947071803884
8,3,0.42145482947649526,0.5994947071803884
8,3,0.44217621909126414,0.5994947071803884
8,3,0.42145482947649526,0.6523699772318685
8,3,0.42145482947649526,0.5994947071803884
8,3,0.42145482947649526,0.5994947071803884
8,3,0.42145482947649526,0.6523699772318685
8,3,0.4007334398617264,0.6523699772318685
8,3,0.4628976087060348,0.5466194371289088
8,3,0.4628976087060348,0.5994947071803884
8,3,0.44217621909126414,0.5994947071803884
8,3,0.4628976087060348,0.5994947071803884
8,3,0.44217621909126414,0.6523699772318685
8,3,0.44217621909126414,0.5994947071803884
8,3,0.44217621909126414,0.5994947071803884
8,3,0.44217621909126414,0.6523699772318685
8,3,0.42145482947649526,0.6523699772318685
8,3,0.4628976087060348,0.5994947071803884
8,3,0.4628976087060348,0.6523699772318685
8,3,0.44217621909126414,0.6523699772318685
8,3,0.315293189532337,0.7526000337530001
8,3,0.29456201182611075,0.7526000337530001
8,3,0.29456201182611075,0.6997149756100631
8,3,0.29456201182611075,0.7526000337530001
8,3,0.2738308341198845,0.6997149756100631
8,3,0.29456201182611075,0.6997149756100631
8,3,0.29456201182611075,0.6997149756100631
8,3,0.2738308341198845,0.6997149756100631
8,3,0.2738308341198845,0.6468299174671261
8,3,0.2738308341198845,0.6997149756100631
8,3,0.2530996564136583,0.6468299174671261
8,3,0.2738308341198845,0.6468299174671261
8,3,0.2738308341198845,0.6468299174671261
8,3,0.2530996564136583,0.6468299174671261
8,3,0.2530996564136583,0.5939448593241892
8,3,0.2530996564136583,0.6468299174671261
8,3,0.23236847870743205,0.5939448593241892
8,3,0.2530996564136583,0.5939448593241892
8,3,0.2530996564136583,0.5939448593241892
8,3,0.23236847870743205,0.5939448593241892
8,3,0.23236847870743205,0.5410598011812522
8,3,0.23236847870743205,0.5939448593241892
8,3,0.2116373010012058,0.5410598011812522
8,3,0.23236847870743205,0.5410598011812522
8,3,0.23236847870743205,0.5410598011812522
8,3,0.2116373010012058,0.5410598011812522
8,3,0.2116373010012058,0.4881747430383152
8,3,0.2116373010012058,0.5410598011812522
8,3,0.19090612329497958,0.4881747430383152
8,3,0.2116373010012058,0.4881747430383152
8,3,0.2116373010012058,0.4881747430383152
8,3,0.19090612329497958,0.4881747430383152
8,3,0.19090612329497958,0.4352896848953782
8,3,0.19090612329497958,0.4881747430383152
8,3,0.17017494558875335,0.4352896848953782
8,3,0.19090612329497958,0.4352896848953782
8,3,0.19090612329497958,0.4352896848953782
8,3,0.17017494558875335,0.4352896848953782
8,3,0.17017494558875335,0.38240462675244125
8,3,0.17017494558875335,0.4352896848953782
8,3,0.1494437678825271,0.38240462675244125
8,3,0.17017494558875335,0.38240462675244125
8,3,0.17017494558875335,0.38240462675244125
8,3,0.1494437678825271,0.38240462675244125
8,3,0.1494437678825271,0.32951956860950427
8,3,0.29456201182611075,0.7526000337530001
8,3,0.2738308341198845,0.7526000337530001
8,3,0.2738308341198845,0.6997149756100631
8,3,0.2738308341198845,0.7526000337530001
8,3,0.2530996564136583,0.6997149756100631
8,3,0.2738308341198845,0.6997149756100631
8,3,0.2738308341198845,0.6997149756100631
8,3,0.2530996564136583,0.6997149756100631
8,3,0.2530996564136583,0.6468299174671261
8,3,0.2530996564136583,0.6997149756100631
8,3,0.23236847870743205,0.6468299174671261
8,3,0.2530996564136583,0.6468299174671261
8,3,0.2530996564136583,0.6468299174671261
8,3,0.23236847870743205,0.6468299174671261
8,3,0.23236847870743205,0.5939448593241892
8,3,0.23236847870743205,0.6468299174671261
8,3,0.2116373010012058,0.5939448593241892
8,3,0.23236847870743205,0.5939448593241892
8,3,0.23236847870743205,0.5939448593241892
8,3,0.2116373010012058,0.5939448593241892
8,3,0.2116373010012058,0.5410598011812522
8,3,0.2116373010012058,0.5939448593241892
8,3,0.19090612329497958,0.5410598011812522
8,3,0.2116373010012058,0.5410598011812522
8,3,0.2116373010012058,0.5410598011812522
8,3,0.19090612329497958,0.5410598011812522
8,3,0.19090612329497958,0.4881747430383152
8,3,0.19090612329497958,0.5410598011812522
8,3,0.17017494558875335,0.4881747430383152
8,3,0.19090612329497958,0.4881747430383152
8,3,0.19090612329497958,0.4881747430383152
8,3,0.17017494558875335,0.4881747430383152
8,3,0.17017494558875335,0.4352896848953782
8,3,0.17017494558875335,0.4881747430383152
8,3,0.1494437678825271,0.4352896848953782
8,3,0.17017494558875335,0.4352896848953782
8,3,0.17017494558875335,0.4352896848953782
8,3,0.1494437678825271,0.4352896848953782
8,3,0.1494437678825271,0.38240462675244125
8,3,0.2738308341198845,0.7526000337530001
8,3,0.2530996564136583,0.7526000337530001
8,3,0.2530996564136583,0.6997149756100631
8,3,0.2530996564136583,0.7526000337530001
8,3,0.23236847870743205,0.6997149756100631
8,3,0.2530996564136583,0.6997149756100631
8,3,0.2530996564136583,0.6997149756100631
8,3,0.23236847870743205,0.6997149756100631
8,3,0.23236847870743205,0.6468299174671261
8,3,0.23236847870743205,0.6997149756100631
8,3,0.2116373010012058,0.6468299174671261
8,3,0.23236847870743205,0.6468299174671261
8,3,0.23236847870743205,0.6468299174671261
8,3,0.2116373010012058,0.6468299174671261
8,3,0.2116373010012058,0.5939448593241892
8,3,0.2116373010012058,0.6468299174671261
8,3,0.19090612329497958,0.5939448593241892
8,3,0.2116373010012058,0.5939448593241892
8,3,0.2116373010012058,0.5939448593241892
8,3,0.19090612329497958,0.5939448593241892
8,3,0.19090612329497958,0.5410598011812522
8,3,0.19090612329497958,0.5939448593241892
8,3,0.17017494558875335,0.5410598011812522
8,3,0.19090612329497958,0.5410598011812522
8,3,0.19090612329497958,0.5410598011812522
8,3,0.17017494558875335,0.5410598011812522
8,3,0.17017494558875335,0.4881747430383152
8,3,0.17017494558875335,0.5410598011812522
8,3,0.1494437678825271,0.4881747430383152
8,3,0.17017494558875335,0.4881747430383152
8,3,0.17017494558875335,0.4881747430383152
8,3,0.1494437678825271,0.4881747430383152
8,3,0.1494437678825271,0.4352896848953782
8,3,0.2530996564136583,0.7526000337530001
8,3,0.23236847870743205,0.7526000337530001
8,3,0.23236847870743205,0.6997149756100631
8,3,0.23236847870743205,0.7526000337530001
8,3,0.2116373010012058,0.6997149756100631
8,3,0.23236847870743205,0.6997149756100631
8,3,0.23236847870743205,0.6997149756100631
8,3,0.2116373010012058,0.6997149756100631
8,3,0.2116373010012058,0.6468299174671261
8,3,0.2116373010012058,0.6997149756100631
8,3,0.19090612329497958,0.6468299174671261
8,3,0.2116373010012058,0.6468299174671261
8,3,0.2116373010012058,0.6468299174671261
8,3,0.19090612329497958,0.6468299174671261
8,3,0.19090612329497958,0.5939448593241892
8,3,0.19090612329497958,0.6468299174671261
8,3,0.17017494558875335,0.5939448593241892
8,3,0.19090612329497958,0.5939448593241892
8,3,0.19090612329497958,0.5939448593241892
8,3,0.17017494558875335,0.5939448593241892
8,3,0.17017494558875335,0.5410598011812522
8,3,0.17017494558875335,0.5939448593241892
8,3,0.1494437678825271,0.5410598011812522
8,3,0.17017494558875335,0.5410598011812522
8,3,0.17017494558875335,0.5410598011812522
8,3,0.1494437678825271,0.5410598011812522
8,3,0.1494437678825271,0.4881747430383152
8,3,0.23236847870743205,0.7526000337530001
8,3,0.2116373010012058,0.7526000337530001
8,3,0.2116373010012058,0.6997149756100631
8,3,0.2116373010012058,0.7526000337530001
8,3,0.19090612329497958,0.6997149756100631
8,3,0.2116373010012058,0.6997149756100631
8,3,0.2116373010012058,0.6997149756100631
8,3,0.19090612329497958,0.6997149756100631
8,3,0.19090612329497958,0.6468299174671261
8,3,0.19090612329497958,0.6997149756100631
8,3,0.17017494558875335,0.6468299174671261
8,3,0.19090612329497958,0.6468299174671261
8,3,0.19090612329497958,0.6468299174671261
8,3,0.17017494558875335,0.6468299174671261
8,3,0.17017494558875335,0.5939448593241892
8,3,0.17017494558875335,0.6468299174671261
8,3,0.1494437678825271,0.5939448593241892
8,3,0.17017494558875335,0.5939448593241892
8,3,0.17017494558875335,0.5939448593241892
8,3,0.1494437678825271,0.5939448593241892
8,3,0.1494437678825271,0.5410598011812522
8,3,0.2116373010012058,0.7526000337530001
8,3,0.19090612329497958,0.7526000337530001
8,3,0.19090612329497958,0.6997149756100631
8,3,0.19090612329497958,0.7526000337530001
8,3,0.17017494558875335,0.6997149756100631
8,3,0.19090612329497958,0.6997149756100631
8,3,0.19090612329497958,0.6997149756100631
8,3,0.17017494558875335,0.6997149756100631
8,3,0.17017494558875335,0.6468299174671261
8,3,0.17017494558875335,0.6997149756100631
8,3,0.1494437678825271,0.6468299174671261
8,3,0.17017494558875335,0.6468299174671261
8,3,0.17017494558875335,0.6468299174671261
8,3,0.1494437678825271,0.6468299174671261
8,3,0.1494437678825271,0.5939448593241892
8,3,0.19090612329497958,0.7526000337530001
8,3,0.17017494558875335,0.7526000337530001
8,3,0.17017494558875335,0.6997149756100631
8,3,0.17017494558875335,0.7526000337530001
8,3,0.1494437678825271,0.6997149756100631
8,3,0.17017494558875335,0.6997149756100631
8,3,0.17017494558875335,0.6997149756100631
8,3,0.1494437678825271,0.6997149756100631
8,3,0.1494437678825271,0.6468299174671261
8,3,0.17017494558875335,0.7526000337530001
8,3,0.1494437678825271,0.7526000337530001
8,3,0.1494437678825271,0.6997149756100631
8,3,0.1494437678825271,0.32951956860950427
8,3,0.17017494558875335,0.32951956860950427
8,3,0.17017494558875335,0.38240462675244125
8,3,0.17017494558875335,0.32951956860950427
8,3,0.19090612329497958,0.38240462675244125
8,3,0.17017494558875335,0.38240462675244125
8,3,0.17017494558875335,0.38240462675244125
8,3,0.19090612329497958,0.38240462675244125
8,3,0.19090612329497958,0.4352896848953782
8,3,0.19090612329497958,0.38240462675244125
8,3,0.2116373010012058,0.4352896848953782
8,3,0.19090612329497958,0.4352896848953782
8,3,0.19090612329497958,0.4352896848953782
8,3,0.2116373010012058,0.4352896848953782
8,3,0.2116373010012058,0.4881747430383152
8,3,0.2116373010012058,0.4352896848953782
8,3,0.23236847870743205,0.4881747430383152
8,3,0.2116373010012058,0.4881747430383152
8,3,0.2116373010012058,0.4881747430383152
8,3,0.23236847870743205,0.4881747430383152
8,3,0.23236847870743205,0.5410598011812522
8,3,0.23236847870743205,0.4881747430383152
8,3,0.2530996564136583,0.5410598011812522
8,3,0.23236847870743205,0.5410598011812522
8,3,0.23236847870743205,0.5410598011812522
8,3,0.2530996564136583,0.5410598011812522
8,3,0.2530996564136583,0.5939448593241892
8,3,0.2530996564136583,0.5410598011812522
8,3,0.2738308341198845,0.5939448593241892
8,3,0.2530996564136583,0.5939448593241892
8,3,0.2530996564136583,0.5939448593241892
8,3,0.2738308341198845,0.5939448593241892
8,3,0.2738308341198845,0.6468299174671261
8,3,0.2738308341198845,0.5939448593241892
8,3,0.29456201182611075,0.6468299174671261
8,3,0.2738308341198845,0.6468299174671261
8,3,0.2738308341198845,0.6468299174671261
8,3,0.29456201182611075,0.6468299174671261
8,3,0.29456201182611075,0.6997149756100631
8,3,0.29456201182611075,0.6468299174671261
8,3,0.315293189532337,0.6997149756100631
8,3,0.29456201182611075,0.6997149756100631
8,3,0.29456201182611075,0.6997149756100631
8,3,0.315293189532337,0.6997149756100631
8,3,0.315293189532337,0.7526000337530001
8,3,0.17017494558875335,0.32951956860950427
8,3,0.19090612329497958,0.32951956860950427
8,3,0.19090612329497958,0.38240462675244125
8,3,0.19090612329497958,0.32951956860950427
8,3,0.2116373010012058,0.38240462675244125
8,3,0.19090612329497958,0.38240462675244125
8,3,0.19090612329497958,0.38240462675244125
8,3,0.2116373010012058,0.38240462675244125
8,3,0.2116373010012058,0.4352896848953782
8,3,0.2116373010012058,0.38240462675244125
8,3,0.23236847870743205,0.4352896848953782
8,3,0.2116373010012058,0.4352896848953782
8,3,0.2116373010012058,0.4352896848953782
8,3,0.23236847870743205,0.4352896848953782
8,3,0.23236847870743205,0.4881747430383152
8,3,0.23236847870743205,0.4352896848953782
8,3,0.2530996564136583,0.4881747430383152
8,3,0.23236847870743205,0.4881747430383152
8,3,0.23236847870743205,0.4881747430383152
8,3,0.2530996564136583,0.4881747430383152
8,3,0.2530996564136583,0.5410598011812522
8,3,0.2530996564136583,0.4881747430383152
8,3,0.2738308341198845,0.5410598011812522
8,3,0.2530996564136583,0.5410598011812522
8,3,0.2530996564136583,0.5410598011812522
8,3,0.2738308341198845,0.5410598011812522
8,3,0.2738308341198845,0.5939448593241892
8,3,0.2738308341198845,0.5410598011812522
8,3,0.29456201182611075,0.5939448593241892
8,3,0.2738308341198845,0.5939448593241892
8,3,0.2738308341198845,0.5939448593241892
8,3,0.29456201182611075,0.5939448593241892
8,3,0.29456201182611075,0.6468299174671261
8,3,0.29456201182611075,0.5939448593241892
8,3,0.315293189532337,0.6468299174671261
8,3,0.29456201182611075,0.6468299174671261
8,3,0.29456201182611075,0.6468299174671261
8,3,0.315293189532337,0.6468299174671261
8,3,0.315293189532337,0.6997149756100631
8,3,0.19090612329497958,0.32951956860950427
8,3,0.2116373010012058,0.32951956860950427
8,3,0.2116373010012058,0.38240462675244125
8,3,0.2116373010012058,0.32951956860950427
8,3,0.23236847870743205,0.38240462675244125
8,3,0.2116373010012058,0.38240462675244125
8,3,0.2116373010012058,0.38240462675244125
8,3,0.23236847870743205,0.38240462675244125
8,3,0.23236847870743205,0.4352896848953782
8,3,0.23236847870743205,0.38240462675244125
8,3,0.2530996564136583,0.4352896848953782
8,3,0.23236847870743205,0.4352896848953782
8,3,0.23236847870743205,0.4352896848953782
8,3,0.2530996564136583,0.4352896848953782
8,3,0.2530996564136583,0.4881747430383152
8,3,0.2530996564136583,0.4352896848953782
8,3,0.2738308341198845,0.4881747430383152
8,3,0.2530996564136583,0.4881747430383152
8,3,0.2530996564136583,0.4881747430383152
8,3,0.2738308341198845,0.4881747430383152
8,3,0.2738308341198845,0.5410598011812522
8,3,0.2738308341198845,0.4881747430383152
8,3,0.29456201182611075,0.5410598011812522
8,3,0.2738308341198845,0.5410598011812522
8,3,0.2738308341198845,0.5410598011812522
8,3,0.29456201182611075,0.5410598011812522
8,3,0.29456201182611075,0.5939448593241892
8,3,0.29456201182611075,0.5410598011812522
8,3,0.315293189532337,0.5939448593241892
8,3,0.29456201182611075,0.5939448593241892
8,3,0.29456201182611075,0.5939448593241892
8,3,0.315293189532337,0.5939448593241892
8,3,0.315293189532337,0.6468299174671261
8,3,0.2116373010012058,0.32951956860950427
8,3,0.23236847870743205,0.32951956860950427
8,3,0.23236847870743205,0.38240462675244125
8,3,0.23236847870743205,0.32951956860950427
8,3,0.2530996564136583,0.38240462675244125
8,3,0.23236847870743205,0.38240462675244125
8,3,0.23236847870743205,0.38240462675244125
8,3,0.2530996564136583,0.38240462675244125
8,3,0.2530996564136583,0.4352896848953782
8,3,0.2530996564136583,0.38240462675244125
8,3,0.2738308341198845,0.4352896848953782
8,3,0.2530996564136583,0.4352896848953782
8,3,0.2530996564136583,0.4352896848953782
8,3,0.2738308341198845,0.4352896848953782
8,3,0.2738308341198845,0.4881747430383152
8,3,0.2738308341198845,0.4352896848953782
8,3,0.29456201182611075,0.4881747430383152
8,3,0.2738308341198845,0.4881747430383152
8,3,0.2738308341198845,0.4881747430383152
8,3,0.29456201182611075,0.4881747430383152
8,3,0.29456201182611075,0.5410598011812522
8,3,0.29456201182611075,0.4881747430383152
8,3,0.315293189532337,0.5410598011812522
8,3,0.29456201182611075,0.5410598011812522
8,3,0.29456201182611075,0.5410598011812522
8,3,0.315293189532337,0.5410598011812522
8,3,0.315293189532337,0.5939448593241892
8,3,0.23236847870743205,0.32951956860950427
8,3,0.2530996564136583,0.32951956860950427
8,3,0.2530996564136583,0.38240462675244125
8,3,0.2530996564136583,0.32951956860950427
8,3,0.2738308341198845,0.38240462675244125
8,3,0.2530996564136583,0.38240462675244125
8,3,0.2530996564136583,0.38240462675244125
8,3,0.2738308341198845,0.38240462675244125
8,3,0.2738308341198845,0.4352896848953782
8,3,0.2738308341198845,0.38240462675244125
8,3,0.29456201182611075,0.4352896848953782
8,3,0.2738308341198845,0.4352896848953782
8,3,0.2738308341198845,0.4352896848953782
8,3,0.29456201182611075,0.4352896848953782
8,3,0.29456201182611075,0.4881747430383152
8,3,0.29456201182611075,0.4352896848953782
8,3,0.315293189532337,0.4881747430383152
8,3,0.29456201182611075,0.4881747430383152
8,3,0.29456201182611075,0.4881747430383152
8,3,0.315293189532337,0.4881747430383152
8,3,0.315293189532337,0.5410598011812522
8,3,0.2530996564136583,0.32951956860950427
8,3,0.2738308341198845,0.32951956860950427
8,3,0.2738308341198845,0.38240462675244125
8,3,0.2738308341198845,0.32951956860950427
8,3,0.29456201182611075,0.38240462675244125
8,3,0.2738308341198845,0.38240462675244125
8,3,0.2738308341198845,0.38240462675244125
8,3,0.29456201182611075,0.38240462675244125
8,3,0.29456201182611075,0.4352896848953782
8,3,0.29456201182611075,0.38240462675244125
8,3,0.315293189532337,0.4352896848953782
8,3,0.29456201182611075,0.4352896848953782
8,3,0.29456201182611075,0.4352896848953782
8,3,0.315293189532337,0.4352896848953782
8,3,0.315293189532337,0.4881747430383152
8,3,0.2738308341198845,0.32951956860950427
8,3,0.29456201182611075,0.32951956860950427
8,3,0.29456201182611075,0.38240462675244125
8,3,0.29456201182611075,0.32951956860950427
8,3,0.315293189532337,0.38240462675244125
8,3,0.29456201182611075,0.38240462675244125
8,3,0.29456201182611075,0.38240462675244125
8,3,0.315293189532337,0.38240462675244125
8,3,0.315293189532337,0.4352896848953782
8,3,0.29456201182611075,0.32951956860950427
8,3,0.315293189532337,0.32951956860950427
8,3,0.315293189532337,0.38240462675244125
8,3,0.315293189532337,0.7526000337530001
8,3,0.315293189532337,0.6997149756100631
8,3,0.3360047910556485,0.6997149756100631
8,3,0.315293189532337,0.6997149756100631
8,3,0.3360047910556485,0.6468299174671261
8,3,0.3360047910556485,0.6997149756100631
8,3,0.3360047910556485,0.6997149756100631
8,3,0.3360047910556485,0.6468299174671261
8,3,0.35671639257896004,0.6468299174671261
8,3,0.3360047910556485,0.6468299174671261
8,3,0.35671639257896004,0.5939448593241892
8,3,0.35671639257896004,0.6468299174671261
8,3,0.35671639257896004,0.6468299174671261
8,3,0.35671639257896004,0.5939448593241892
8,3,0.37742799410227157,0.5939448593241892
8,3,0.35671639257896004,0.5939448593241892
8,3,0.37742799410227157,0.5410598011812522
8,3,0.37742799410227157,0.5939448593241892
8,3,0.37742799410227157,0.5939448593241892
8,3,0.37742799410227157,0.5410598011812522
8,3,0.3981395956255849,0.5410598011812522
8,3,0.37742799410227157,0.5410598011812522
8,3,0.3981395956255849,0.4881747430383152
8,3,0.3981395956255849,0.5410598011812522
8,3,0.3981395956255849,0.5410598011812522
8,3,0.3981395956255849,0.4881747430383152
8,3,0.4188511971488964,0.4881747430383152
8,3,0.3981395956255849,0.4881747430383152
8,3,0.4188511971488964,0.4352896848953782
8,3,0.4188511971488964,0.4881747430383152
8,3,0.4188511971488964,0.4881747430383152
8,3,0.4188511971488964,0.4352896848953782
8,3,0.43956279867220793,0.4352896848953782
8,3,0.4188511971488964,0.4352896848953782
8,3,0.43956279867220793,0.38240462675244125
8,3,0.43956279867220793,0.4352896848953782
8,3,0.43956279867220793,0.4352896848953782
8,3,0.43956279867220793,0.38240462675244125
8,3,0.46027440019551946,0.38240462675244125
8,3,0.43956279867220793,0.38240462675244125
8,3,0.46027440019551946,0.32951956860950427
8,3,0.46027440019551946,0.38240462675244125
8,3,0.46027440019551946,0.38240462675244125
8,3,0.46027440019551946,0.32951956860950427
8,3,0.48098600171883277,0.32951956860950427
8,3,0.315293189532337,0.6997149756100631
8,3,0.315293189532337,0.6468299174671261
8,3,0.3360047910556485,0.6468299174671261
8,3,0.315293189532337,0.6468299174671261
8,3,0.3360047910556485,0.5939448593241892
8,3,0.3360047910556485,0.6468299174671261
8,3,0.3360047910556485,0.6468299174671261
8,3,0.3360047910556485,0.5939448593241892
8,3,0.35671639257896004,0.5939448593241892
8,3,0.3360047910556485,0.5939448593241892
8,3,0.35671639257896004,0.5410598011812522
8,3,0.35671639257896004,0.5939448593241892
8,3,0.35671639257896004,0.5939448593241892
8,3,0.35671639257896004,0.5410598011812522
8,3,0.37742799410227157,0.5410598011812522
8,3,0.35671639257896004,0.5410598011812522
8,3,0.37742799410227157,0.4881747430383152
8,3,0.37742799410227157,0.5410598011812522
8,3,0.37742799410227157,0.5410598011812522
8,3,0.37742799410227157,0.4881747430383152
8,3,0.3981395956255849,0.4881747430383152
8,3,0.37742799410227157,0.4881747430383152
8,3,0.3981395956255849,0.4352896848953782
8,3,0.3981395956255849,0.4881747430383152
8,3,0.3981395956255849,0.4881747430383152
8,3,0.3981395956255849,0.4352896848953782
8,3,0.4188511971488964,0.4352896848953782
8,3,0.3981395956255849,0.4352896848953782
8,3,0.4188511971488964,0.38240462675244125
8,3,0.4188511971488964,0.4352896848953782
8,3,0.4188511971488964,0.4352896848953782
8,3,0.4188511971488964,0.38240462675244125
8,3,0.43956279867220793,0.38240462675244125
8,3,0.4188511971488964,0.38240462675244125
8,3,0.43956279867220793,0.32951956860950427
8,3,0.43956279867220793,0.38240462675244125
8,3,0.43956279867220793,0.38240462675244125
8,3,0.43956279867220793,0.32951956860950427
8,3,0.46027440019551946,0.32951956860950427
8,3,0.315293189532337,0.6468299174671261
8,3,0.315293189532337,0.5939448593241892
8,3,0.3360047910556485,0.5939448593241892
8,3,0.315293189532337,0.5939448593241892
8,3,0.3360047910556485,0.5410598011812522
8,3,0.3360047910556485,0.5939448593241892
8,3,0.3360047910556485,0.5939448593241892
8,3,0.3360047910556485,0.5410598011812522
8,3,0.35671639257896004,0.5410598011812522
8,3,0.3360047910556485,0.5410598011812522
8,3,0.35671639257896004,0.4881747430383152
8,3,0.35671639257896004,0.5410598011812522
8,3,0.35671639257896004,0.5410598011812522
8,3,0.35671639257896004,0.4881747430383152
8,3,0.37742799410227157,0.4881747430383152
8,3,0.35671639257896004,0.4881747430383152
8,3,0.37742799410227157,0.4352896848953782
8,3,0.37742799410227157,0.4881747430383152
8,3,0.37742799410227157,0.4881747430383152
8,3,0.37742799410227157,0.4352896848953782
8,3,0.3981395956255849,0.4352896848953782
8,3,0.37742799410227157,0.4352896848953782
8,3,0.3981395956255849,0.38240462675244125
8,3,0.3981395956255849,0.4352896848953782
8,3,0.3981395956255849,0.4352896848953782
8,3,0.3981395956255849,0.38240462675244125
8,3,0.4188511971488964,0.38240462675244125
8,3,0.3981395956255849,0.38240462675244125
8,3,0.4188511971488964,0.32951956860950427
8,3,0.4188511971488964,0.38240462675244125
8,3,0.4188511971488964,0.38240462675244125
8,3,0.4188511971488964,0.32951956860950427
8,3,0.43956279867220793,0.32951956860950427
8,3,0.315293189532337,0.5939448593241892
8,3,0.315293189532337,0.5410598011812522
8,3,0.3360047910556485,0.5410598011812522
8,3,0.315293189532337,0.5410598011812522
8,3,0.3360047910556485,0.4881747430383152
8,3,0.3360047910556485,0.5410598011812522
8,3,0.3360047910556485,0.5410598011812522
8,3,0.3360047910556485,0.4881747430383152
8,3,0.35671639257896004,0.4881747430383152
8,3,0.3360047910556485,0.4881747430383152
8,3,0.35671639257896004,0.4352896848953782
8,3,0.35671639257896004,0.4881747430383152
8,3,0.35671639257896004,0.4881747430383152
8,3,0.35671639257896004,0.4352896848953782
8,3,0.37742799410227157,0.4352896848953782
8,3,0.35671639257896004,0.4352896848953782
8,3,0.37742799410227157,0.38240462675244125
8,3,0.37742799410227157,0.4352896848953782
8,3,0.37742799410227157,0.4352896848953782
8,3,0.37742799410227157,0.38240462675244125
8,3,0.3981395956255849,0.38240462675244125
8,3,0.37742799410227157,0.38240462675244125
8,3,0.3981395956255849,0.32951956860950427
8,3,0.3981395956255849,0.38240462675244125
8,3,0.3981395956255849,0.38240462675244125
8,3,0.3981395956255849,0.32951956860950427
8,3,0.4188511971488964,0.32951956860950427
8,3,0.315293189532337,0.5410598011812522
8,3,0.315293189532337,0.4881747430383152
8,3,0.3360047910556485,0.4881747430383152
8,3,0.315293189532337,0.4881747430383152
8,3,0.3360047910556485,0.4352896848953782
8,3,0.3360047910556485,0.4881747430383152
8,3,0.3360047910556485,0.4881747430383152
8,3,0.3360047910556485,0.4352896848953782
8,3,0.35671639257896004,0.4352896848953782
8,3,0.3360047910556485,0.4352896848953782
8,3,0.35671639257896004,0.38240462675244125
8,3,0.35671639257896004,0.4352896848953782
8,3,0.35671639257896004,0.4352896848953782
8,3,0.35671639257896004,0.38240462675244125
8,3,0.37742799410227157,0.38240462675244125
8,3,0.35671639257896004,0.38240462675244125
8,3,0.37742799410227157,0.32951956860950427
8,3,0.37742799410227157,0.38240462675244125
8,3,0.37742799410227157,0.38240462675244125
8,3,0.37742799410227157,0.32951956860950427
8,3,0.3981395956255849,0.32951956860950427
8,3,0.315293189532337,0.4881747430383152
8,3,0.315293189532337,0.4352896848953782
8,3,0.3360047910556485,0.4352896848953782
8,3,0.315293189532337,0.4352896848953782
8,3,0.3360047910556485,0.38240462675244125
8,3,0.3360047910556485,0.4352896848953782
8,3,0.3360047910556485,0.4352896848953782
8,3,0.3360047910556485,0.38240462675244125
8,3,0.35671639257896004,0.38240462675244125
8,3,0.3360047910556485,0.38240462675244125
8,3,0.35671639257896004,0.32951956860950427
8,3,0.35671639257896004,0.38240462675244125
8,3,0.35671639257896004,0.38240462675244125
8,3,0.35671639257896004,0.32951956860950427
8,3,0.37742799410227157,0.32951956860950427
8,3,0.315293189532337,0.4352896848953782
8,3,0.315293189532337,0.38240462675244125
8,3,0.3360047910556485,0.38240462675244125
8,3,0.315293189532337,0.38240462675244125
8,3,0.3360047910556485,0.32951956860950427
8,3,0.3360047910556485,0.38240462675244125
8,3,0.3360047910556485,0.38240462675244125
8,3,0.3360047910556485,0.32951956860950427
8,3,0.35671639257896004,0.32951956860950427
8,3,0.315293189532337,0.38240462675244125
8,3,0.315293189532337,0.32951956860950427
8,3,0.3360047910556485,0.32951956860950427
8,3,0.48098600171883277,0.32951956860950427
8,3,0.48098600171883277,0.38240462675244125
8,3,0.46027440019551946,0.38240462675244125
8,3,0.48098600171883277,0.38240462675244125
8,3,0.46027440019551946,0.4352896848953782
8,3,0.46027440019551946,0.38240462675244125
8,3,0.46027440019551946,0.38240462675244125
8,3,0.46027440019551946,0.4352896848953782
8,3,0.43956279867220793,0.4352896848953782
8,3,0.46027440019551946,0.4352896848953782
8,3,0.43956279867220793,0.4881747430383152
8,3,0.43956279867220793,0.4352896848953782
8,3,0.43956279867220793,0.4352896848953782
8,3,0.43956279867220793,0.4881747430383152
8,3,0.4188511971488964,0.4881747430383152
8,3,0.43956279867220793,0.4881747430383152
8,3,0.4188511971488964,0.5410598011812522
8,3,0.4188511971488964,0.4881747430383152
8,3,0.4188511971488964,0.4881747430383152
8,3,0.4188511971488964,0.5410598011812522
8,3,0.3981395956255849,0.5410598011812522
8,3,0.4188511971488964,0.5410598011812522
8,3,0.3981395956255849,0.5939448593241892
8,3,0.3981395956255849,0.5410598011812522
8,3,0.3981395956255849,0.5410598011812522
8,3,0.3981395956255849,0.5939448593241892
8,3,0.37742799410227157,0.5939448593241892
8,3,0.3981395956255849,0.5939448593241892
8,3,0.37742799410227157,0.6468299174671261
8,3,0.37742799410227157,0.5939448593241892
8,3,0.37742799410227157,0.5939448593241892
8,3,0.37742799410227157,0.6468299174671261
8,3,0.35671639257896004,0.6468299174671261
8,3,0.37742799410227157,0.6468299174671261
8,3,0.35671639257896004,0.6997149756100631
8,3,0.35671639257896004,0.6468299174671261
8,3,0.35671639257896004,0.6468299174671261
8,3,0.35671639257896004,0.6997149756100631
8,3,0.3360047910556485,0.6997149756100631
8,3,0.35671639257896004,0.6997149756100631
8,3,0.3360047910556485,0.7526000337530001
8,3,0.3360047910556485,0.6997149756100631
8,3,0.3360047910556485,0.6997149756100631
8,3,0.3360047910556485,0.7526000337530001
8,3,0.315293189532337,0.7526000337530001
8,3,0.48098600171883277,0.38240462675244125
8,3,0.48098600171883277,0.4352896848953782
8,3,0.46027440019551946,0.4352896848953782
8,3,0.48098600171883277,0.4352896848953782
8,3,0.46027440019551946,0.4881747430383152
8,3,0.46027440019551946,0.4352896848953782
8,3,0.46027440019551946,0.4352896848953782
8,3,0.46027440019551946,0.4881747430383152
8,3,0.43956279867220793,0.4881747430383152
8,3,0.46027440019551946,0.4881747430383152
8,3,0.43956279867220793,0.5410598011812522
8,3,0.43956279867220793,0.4881747430383152
8,3,0.43956279867220793,0.4881747430383152
8,3,0.43956279867220793,0.5410598011812522
8,3,0.4188511971488964,0.5410598011812522
8,3,0.43956279867220793,0.5410598011812522
8,3,0.4188511971488964,0.5939448593241892
8,3,0.4188511971488964,0.5410598011812522
8,3,0.4188511971488964,0.5410598011812522
8,3,0.4188511971488964,0.5939448593241892
8,3,0.3981395956255849,0.5939448593241892
8,3,0.4188511971488964,0.5939448593241892
8,3,0.3981395956255849,0.6468299174671261
8,3,0.3981395956255849,0.5939448593241892
8,3,0.3981395956255849,0.5939448593241892
8,3,0.3981395956255849,0.6468299174671261
8,3,0.37742799410227157,0.6468299174671261
8,3,0.3981395956255849,0.6468299174671261
8,3,0.37742799410227157,0.6997149756100631
8,3,0.37742799410227157,0.6468299174671261
8,3,0.37742799410227157,0.6468299174671261
8,3,0.37742799410227157,0.6997149756100631
8,3,0.35671639257896004,0.6997149756100631
8,3,0.37742799410227157,0.6997149756100631
8,3,0.35671639257896004,0.7526000337530001
8,3,0.35671639257896004,0.6997149756100631
8,3,0.35671639257896004,0.6997149756100631
8,3,0.35671639257896004,0.7526000337530001
8,3,0.3360047910556485,0.7526000337530001
8,3,0.48098600171883277,0.4352896848953782
8,3,0.48098600171883277,0.4881747430383152
8,3,0.46027440019551946,0.4881747430383152
8,3,0.48098600171883277,0.4881747430383152
8,3,0.46027440019551946,0.5410598011812522
8,3,0.46027440019551946,0.4881747430383152
8,3,0.46027440019551946,0.4881747430383152
8,3,0.46027440019551946,0.5410598011812522
8,3,0.43956279867220793,0.5410598011812522
8,3,0.46027440019551946,0.5410598011812522
8,3,0.43956279867220793,0.5939448593241892
8,3,0.43956279867220793,0.5410598011812522
8,3,0.43956279867220793,0.5410598011812522
8,3,0.43956279867220793,0.5939448593241892
8,3,0.4188511971488964,0.5939448593241892
8,3,0.43956279867220793,0.5939448593241892
8,3,0.4188511971488964,0.6468299174671261
8,3,0.4188511971488964,0.5939448593241892
8,3,0.4188511971488964,0.5939448593241892
8,3,0.4188511971488964,0.6468299174671261
8,3,0.3981395956255849,0.6468299174671261
8,3,0.4188511971488964,0.6468299174671261
8,3,0.3981395956255849,0.6997149756100631
8,3,0.3981395956255849,0.6468299174671261
8,3,0.3981395956255849,0.6468299174671261
8,3,0.3981395956255849,0.6997149756100631
8,3,0.37742799410227157,0.6997149756100631
8,3,0.3981395956255849,0.6997149756100631
8,3,0.37742799410227157,0.7526000337530001
8,3,0.37742799410227157,0.6997149756100631
8,3,0.37742799410227157,0.6997149756100631
8,3,0.37742799410227157,0.7526000337530001
8,3,0.35671639257896004,0.7526000337530001
8,3,0.48098600171883277,0.4881747430383152
8,3,0.48098600171883277,0.5410598011812522
8,3,0.46027440019551946,0.5410598011812522
8,3,0.48098600171883277,0.5410598011812522
8,3,0.46027440019551946,0.5939448593241892
8,3,0.46027440019551946,0.5410598011812522
8,3,0.46027440019551946,0.5410598011812522
8,3,0.46027440019551946,0.5939448593241892
8,3,0.43956279867220793,0.5939448593241892
8,3,0.46027440019551946,0.5939448593241892
8,3,0.43956279867220793,0.6468299174671261
8,3,0.43956279867220793,0.5939448593241892
8,3,0.43956279867220793,0.5939448593241892
8,3,0.43956279867220793,0.6468299174671261
8,3,0.4188511971488964,0.6468299174671261
8,3,0.43956279867220793,0.6468299174671261
8,3,0.4188511971488964,0.6997149756100631
8,3,0.4188511971488964,0.6468299174671261
8,3,0.4188511971488964,0.6468299174671261
8,3,0.4188511971488964,0.6997149756100631
8,3,0.3981395956255849,0.6997149756100631
8,3,0.4188511971488964,0.6997149756100631
8,3,0.3981395956255849,0.7526000337530001
8,3,0.3981395956255849,0.6997149756100631
8,3,0.3981395956255849,0.6997149756100631
8,3,0.3981395956255849,0.7526000337530001
8,3,0.37742799410227157,0.7526000337530001
8,3,0.48098600171883277,0.5410598011812522
8,3,0.48098600171883277,0.5939448593241892
8,3,0.46027440019551946,0.5939448593241892
8,3,0.48098600171883277,0.5939448593241892
8,3,0.46027440019551946,0.6468299174671261
8,3,0.46027440019551946,0.5939448593241892
8,3,0.46027440019551946,0.5939448593241892
8,3,0.46027440019551946,0.6468299174671261
8,3,0.43956279867220793,0.6468299174671261
8,3,0.46027440019551946,0.6468299174671261
8,3,0.43956279867220793,0.6997149756100631
8,3,0.43956279867220793,0.6468299174671261
8,3,0.43956279867220793,0.6468299174671261
8,3,0.43956279867220793,0.6997149756100631
8,3,0.4188511971488964,0.6997149756100631
8,3,0.43956279867220793,0.6997149756100631
8,3,0.4188511971488964,0.7526000337530001
8,3,0.4188511971488964,0.6997149756100631
8,3,0.4188511971488964,0.6997149756100631
8,3,0.4188511971488964,0.7526000337530001
8,3,0.3981395956255849,0.7526000337530001
8,3,0.48098600171883277,0.5939448593241892
8,3,0.48098600171883277,0.6468299174671261
8,3,0.46027440019551946,0.6468299174671261
8,3,0.48098600171883277,0.6468299174671261
8,3,0.46027440019551946,0.6997149756100631
8,3,0.46027440019551946,0.6468299174671261
8,3,0.46027440019551946,0.6468299174671261
8,3,0.46027440019551946,0.6997149756100631
8,3,0.43956279867220793,0.6997149756100631
8,3,0.46027440019551946,0.6997149756100631
8,3,0.43956279867220793,0.7526000337530001
8,3,0.43956279867220793,0.6997149756100631
8,3,0.43956279867220793,0.6997149756100631
8,3,0.43956279867220793,0.7526000337530001
8,3,0.4188511971488964,0.7526000337530001
8,3,0.48098600171883277,0.6468299174671261
8,3,0.48098600171883277,0.6997149756100631
8,3,0.46027440019551946,0.6997149756100631
8,3,0.48098600171883277,0.6997149756100631
8,3,0.46027440019551946,0.7526000337530001
8,3,0.46027440019551946,0.6997149756100631
8,3,0.46027440019551946,0.6997149756100631
8,3,0.46027440019551946,0.7526000337530001
8,3,0.43956279867220793,0.7526000337530001
8,3,0.48098600171883277,0.6997149756100631
8,3,0.48098600171883277,0.7526000337530001
8,3,0.46027440019551946,0.7526000337530001
8,3,0.5,0.5
8,3,0.4072892558697916,0.3353741693696426
8,3,0.4072892558697916,0.6646258306303574
8,3,0.5927107441302084,0.3353741693696426
8,3,0.5927107441302084,0.6646258306303574
8,3,0.4921463528051575,0.2228280370000708
8,3,0.5351236185335484,0.2228280370000708
8,3,0.5351236185335484,0.2624583828295952
8,3,0.5351236185335484,0.2228280370000708
8,3,0.5781008842619393,0.2624583828295952
8,3,0.5351236185335484,0.2624583828295952
8,3,0.5351236185335484,0.2624583828295952
8,3,0.5781008842619393,0.2624583828295952
8,3,0.5781008842619393,0.3020887286591192
8,3,0.5781008842619393,0.2624583828295952
8,3,0.6210781499903302,0.3020887286591192
8,3,0.5781008842619393,0.3020887286591192
8,3,0.5781008842619393,0.3020887286591192
8,3,0.6210781499903302,0.3020887286591192
8,3,0.6210781499903302,0.3417190744886436
8,3,0.6210781499903302,0.3020887286591192
8,3,0.6640554157187211,0.3417190744886436
8,3,0.6210781499903302,0.3417190744886436
8,3,0.6210781499903302,0.3417190744886436
8,3,0.6640554157187211,0.3417190744886436
8,3,0.6640554157187211,0.38134942031816754
8,3,0.5351236185335484,0.2228280370000708
8,3,0.5781008842619393,0.2228280370000708
8,3,0.5781008842619393,0.2624583828295952
8,3,0.5781008842619393,0.2228280370000708
8,3,0.6210781499903302,0.2624583828295952
8,3,0.5781008842619393,0.2624583828295952
8,3,0.5781008842619393,0.2624583828295952
8,3,0.6210781499903302,0.2624583828295952
8,3,0.6210781499903302,0.3020887286591192
8,3,0.6210781499903302,0.2624583828295952
8,3,0.6640554157187211,0.3020887286591192
8,3,0.6210781499903302,0.3020887286591192
8,3,0.6210781499903302,0.3020887286591192
8,3,0.6640554157187211,0.3020887286591192
8,3,0.6640554157187211,0.3417190744886436
8,3,0.5781008842619393,0.2228280370000708
8,3,0.6210781499903302,0.2228280370000708
8,3,0.6210781499903302,0.2624583828295952
8,3,0.6210781499903302,0.2228280370000708
8,3,0.6640554157187211,0.2624583828295952
8,3,0.6210781499903302,0.2624583828295952
8,3,0.6210781499903302,0.2624583828295952
8,3,0.6640554157187211,0.2624583828295952
8,3,0.6640554157187211,0.3020887286591192
8,3,0.6210781499903302,0.2228280370000708
8,3,0.6640554157187211,0.2228280370000708
8,3,0.6640554157187211,0.2624583828295952
8,3,0.6640554157187211,0.38134942031816754
8,3,0.6210781499903302,0.38134942031816754
8,3,0.6210781499903302,0.3417190744886436
8,3,0.6210781499903302,0.38134942031816754
8,3,0.5781008842619393,0.3417190744886436
8,3,0.6210781499903302,0.3417190744886436
8,3,0.6210781499903302,0.3417190744886436
8,3,0.5781008842619393,0.3417190744886436
8,3,0.5781008842619393,0.3020887286591192
8,3,0.5781008842619393,0.3417190744886436
8,3,0.5351236185335484,0.3020887286591192
8,3,0.5781008842619393,0.3020887286591192
8,3,0.5781008842619393,0.3020887286591192
8,3,0.5351236185335484,0.3020887286591192
8,3,0.5351236185335484,0.2624583828295952
8,3,0.5351236185335484,0.3020887286591192
8,3,0.4921463528051575,0.2624583828295952
8,3,0.5351236185335484,0.2624583828295952
8,3,0.5351236185335484,0.2624583828295952
8,3,0.4921463528051575,0.2624583828295952
8,3,0.4921463528051575,0.2228280370000708
8,3,0.6210781499903302,0.38134942031816754
8,3,0.5781008842619393,0.38134942031816754
8,3,0.5781008842619393,0.3417190744886436
8,3,0.5781008842619393,0.38134942031816754
8,3,0.5351236185335484,0.3417190744886436
8,3,0.5781008842619393,0.3417190744886436
8,3,0.5781008842619393,0.3417190744886436
8,3,0.5351236185335484,0.3417190744886436
8,3,0.5351236185335484,0.3020887286591192
8,3,0.5351236185335484,0.3417190744886436
8,3,0.4921463528051575,0.3020887286591192
8,3,0.5351236185335484,0.3020887286591192
8,3,0.5351236185335484,0.3020887286591192
8,3,0.4921463528051575,0.3020887286591192
8,3,0.4921463528051575,0.2624583828295952
8,3,0.5781008842619393,0.38134942031816754
8,3,0.5351236185335484,0.38134942031816754
8,3,0.5351236185335484,0.3417190744886436
8,3,0.5351236185335484,0.38134942031816754
8,3,0.4921463528051575,0.3417190744886436
8,3,0.5351236185335484,0.3417190744886436
8,3,0.5351236185335484,0.3417190744886436
8,3,0.4921463528051575,0.3417190744886436
8,3,0.4921463528051575,0.3020887286591192
8,3,0.5351236185335484,0.38134942031816754
8,3,0.4921463528051575,0.38134942031816754
8,3,0.4921463528051575,0.3417190744886436
8,3,0.4921463528051575,0.38134942031816754
8,3,0.5351236185335484,0.38134942031816754
8,3,0.5351236185335484,0.42094961371617057
8,3,0.5351236185335484,0.38134942031816754
8,3,0.5781008842619393,0.42094961371617057
8,3,0.5351236185335484,0.42094961371617057
8,3,0.5351236185335484,0.42094961371617057
8,3,0.5781008842619393,0.42094961371617057
8,3,0.5781008842619393,0.4605498071141736
8,3,0.5781008842619393,0.42094961371617057
8,3,0.6210781499903302,0.4605498071141736
8,3,0.5781008842619393,0.4605498071141736
8,3,0.5781008842619393,0.4605498071141736
8,3,0.6210781499903302,0.4605498071141736
8,3,0.6210781499903302,0.5001500005121762
8,3,0.6210781499903302,0.4605498071141736
8,3,0.6640554157187211,0.5001500005121762
8,3,0.6210781499903302,0.5001500005121762
8,3,0.6210781499903302,0.5001500005121762
8,3,0.6640554157187211,0.5001500005121762
8,3,0.6640554157187211,0.5397501939101792
8,3,0.5351236185335484,0.38134942031816754
8,3,0.5781008842619393,0.38134942031816754
8,3,0.5781008842619393,0.42094961371617057
8,3,0.5781008842619393,0.38134942031816754
8,3,0.6210781499903302,0.42094961371617057
8,3,0.5781008842619393,0.42094961371617057
8,3,0.5781008842619393,0.42094961371617057
8,3,0.6210781499903302,0.42094961371617057
8,3,0.6210781499903302,0.4605498071141736
8,3,0.6210781499903302,0.42094961371617057
8,3,0.6640554157187211,0.4605498071141736
8,3,0.6210781499903302,0.4605498071141736
8,3,0.6210781499903302,0.4605498071141736
8,3,0.6640554157187211,0.4605498071141736
8,3,0.6640554157187211,0.5001500005121762
8,3,0.5781008842619393,0.38134942031816754
8,3,0.6210781499903302,0.38134942031816754
8,3,0.6210781499903302,0.42094961371617057
8,3,0.6210781499903302,0.38134942031816754
8,3,0.6640554157187211,0.42094961371617057
8,3,0.6210781499903302,0.42094961371617057
8,3,0.6210781499903302,0.42094961371617057
8,3,0.6640554157187211,0.42094961371617057
8,3,0.6640554157187211,0.4605498071141736
8,3,0.6210781499903302,0.38134942031816754
8,3,0.6640554157187211,0.38134942031816754
8,3,0.6640554157187211,0.42094961371617057
8,3,0.6640554157187211,0.5397501939101792
8,3,0.6210781499903302,0.5397501939101792
8,3,0.6210781499903302,0.5001500005121762
8,3,0.6210781499903302,0.5397501939101792
8,3,0.5781008842619393,0.5001500005121762
8,3,0.6210781499903302,0.5001500005121762
8,3,0.6210781499903302,0.5001500005121762
8,3,0.5781008842619393,0.5001500005121762
8,3,0.5781008842619393,0.4605498071141736
8,3,0.5781008842619393,0.5001500005121762
8,3,0.5351236185335484,0.4605498071141736
8,3,0.5781008842619393,0.4605498071141736
8,3,0.5781008842619393,0.4605498071141736
8,3,0.5351236185335484,0.4605498071141736
8,3,0.5351236185335484,0.42094961371617057
8,3,0.5351236185335484,0.4605498071141736
8,3,0.4921463528051575,0.42094961371617057
8,3,0.5351236185335484,0.42094961371617057
8,3,0.5351236185335484,0.42094961371617057
8,3,0.4921463528051575,0.42094961371617057
8,3,0.4921463528051575,0.38134942031816754
8,3,0.6210781499903302,0.5397501939101792
8,3,0.5781008842619393,0.5397501939101792
8,3,0.5781008842619393,0.5001500005121762
8,3,0.5781008842619393,0.5397501939101792
8,3,0.5351236185335484,0.5001500005121762
8,3,0.5781008842619393,0.5001500005121762
8,3,0.5781008842619393,0.5001500005121762
8,3,0.5351236185335484,0.5001500005121762
8,3,0.5351236185335484,0.4605498071141736
8,3,0.5351236185335484,0.5001500005121762
8,3,0.4921463528051575,0.4605498071141736
8,3,0.5351236185335484,0.4605498071141736
8,3,0.5351236185335484,0.4605498071141736
8,3,0.4921463528051575,0.4605498071141736
8,3,0.4921463528051575,0.42094961371617057
8,3,0.5781008842619393,0.5397501939101792
8,3,0.5351236185335484,0.5397501939101792
8,3,0.5351236185335484,0.5001500005121762
8,3,0.5351236185335484,0.5397501939101792
8,3,0.4921463528051575,0.5001500005121762
8,3,0.5351236185335484,0.5001500005121762
8,3,0.5351236185335484,0.5001500005121762
8,3,0.4921463528051575,0.5001500005121762
8,3,0.4921463528051575,0.4605498071141736
8,3,0.5351236185335484,0.5397501939101792
8,3,0.4921463528051575,0.5397501939101792
8,3,0.4921463528051575,0.5001500005121762
8,3,0.4921463528051575,0.2228280370000708
8,3,0.4921463528051575,0.2624583828295952
8,3,0.44920929031879453,0.2624583828295952
8,3,0.4921463528051575,0.2624583828295952
8,3,0.44920929031879453,0.3020887286591192
8,3,0.44920929031879453,0.2624583828295952
8,3,0.44920929031879453,0.2624583828295952
8,3,0.44920929031879453,0.3020887286591192
8,3,0.40627222783243155,0.3020887286591192
8,3,0.44920929031879453,0.3020887286591192
8,3,0.40627222783243155,0.3417190744886436
8,3,0.40627222783243155,0.3020887286591192
8,3,0.40627222783243155,0.3020887286591192
8,3,0.40627222783243155,0.3417190744886436
8,3,0.36333516534607035,0.3417190744886436
8,3,0.40627222783243155,0.3417190744886436
8,3,0.36333516534607035,0.38134942031816754
8,3,0.36333516534607035,0.3417190744886436
8,3,0.36333516534607035,0.3417190744886436
8,3,0.36333516534607035,0.38134942031816754
8,3,0.3203981028597074,0.38134942031816754
8,3,0.4921463528051575,0.2624583828295952
8,3,0.4921463528051575,0.3020887286591192
8,3,0.44920929031879453,0.3020887286591192
8,3,0.4921463528051575,0.3020887286591192
8,3,0.44920929031879453,0.3417190744886436
8,3,0.44920929031879453,0.3020887286591192
8,3,0.44920929031879453,0.3020887286591192
8,3,0.44920929031879453,0.3417190744886436
8,3,0.40627222783243155,0.3417190744886436
8,3,0.44920929031879453,0.3417190744886436
8,3,0.40627222783243155,0.38134942031816754
8,3,0.40627222783243155,0.3417190744886436
8,3,0.40627222783243155,0.3417190744886436
8,3,0.40627222783243155,0.38134942031816754
8,3,0.36333516534607035,0.38134942031816754
8,3,0.4921463528051575,0.3020887286591192
8,3,0.4921463528051575,0.3417190744886436
8,3,0.44920929031879453,0.3417190744886436
8,3,0.4921463528051575,0.3417190744886436
8,3,0.44920929031879453,0.38134942031816754
8,3,0.44920929031879453,0.3417190744886436
8,3,0.44920929031879453,0.3417190744886436
8,3,0.44920929031879453,0.38134942031816754
8,3,0.40627222783243155,0.38134942031816754
8,3,0.4921463528051575,0.3417190744886436
8,3,0.4921463528051575,0.38134942031816754
8,3,0.44920929031879453,0.38134942031816754
8,3,0.3203981028597074,0.38134942031816754
8,3,0.3203981028597074,0.3417190744886436
8,3,0.36333516534607035,0.3417190744886436
8,3,0.3203981028597074,0.3417190744886436
8,3,0.36333516534607035,0.3020887286591192
8,3,0.36333516534607035,0.3417190744886436
8,3,0.36333516534607035,0.3417190744886436
8,3,0.36333516534607035,0.3020887286591192
8,3,0.40627222783243155,0.3020887286591192
8,3,0.36333516534607035,0.3020887286591192
8,3,0.40627222783243155,0.2624583828295952
8,3,0.40627222783243155,0.3020887286591192
8,3,0.40627222783243155,0.3020887286591192
8,3,0.40627222783243155,0.2624583828295952
8,3,0.44920929031879453,0.2624583828295952
8,3,0.40627222783243155,0.2624583828295952
8,3,0.44920929031879453,0.2228280370000708
8,3,0.44920929031879453,0.2624583828295952
8,3,0.44920929031879453,0.2624583828295952
8,3,0.44920929031879453,0.2228280370000708
8,3,0.4921463528051575,0.2228280370000708
8,3,0.3203981028597074,0.3417190744886436
8,3,0.3203981028597074,0.3020887286591192
8,3,0.36333516534607035,0.3020887286591192
8,3,0.3203981028597074,0.3020887286591192
8,3,0.36333516534607035,0.2624583828295952
8,3,0.36333516534607035,0.3020887286591192
8,3,0.36333516534607035,0.3020887286591192
8,3,0.36333516534607035,0.2624583828295952
8,3,0.40627222783243155,0.2624583828295952
8,3,0.36333516534607035,0.2624583828295952
8,3,0.40627222783243155,0.2228280370000708
8,3,0.40627222783243155,0.2624583828295952
8,3,0.40627222783243155,0.2624583828295952
8,3,0.40627222783243155,0.2228280370000708
8,3,0.44920929031879453,0.2228280370000708
8,3,0.3203981028597074,0.3020887286591192
8,3,0.3203981028597074,0.2624583828295952
8,3,0.36333516534607035,0.2624583828295952
8,3,0.3203981028597074,0.2624583828295952
8,3,0.36333516534607035,0.2228280370000708
8,3,0.36333516534607035,0.2624583828295952
8,3,0.36333516534607035,0.2624583828295952
8,3,0.36333516534607035,0.2228280370000708
8,3,0.40627222783243155,0.2228280370000708
8,3,0.3203981028597074,0.2624583828295952
8,3,0.3203981028597074,0.2228280370000708
8,3,0.36333516534607035,0.2228280370000708
8,3,0.4921463528051575,0.38134942031816754
8,3,0.4921463528051575,0.42094961371617057
8,3,0.44920929031879453,0.42094961371617057
8,3,0.4921463528051575,0.42094961371617057
8,3,0.44920929031879453,0.4605498071141736
8,3,0.44920929031879453,0.42094961371617057
8,3,0.44920929031879453,0.42094961371617057
8,3,0.44920929031879453,0.4605498071141736
8,3,0.40627222783243155,0.4605498071141736
8,3,0.44920929031879453,0.4605498071141736
8,3,0.40627222783243155,0.5001500005121762
8,3,0.40627222783243155,0.4605498071141736
8,3,0.40627222783243155,0.4605498071141736
8,3,0.40627222783243155,0.5001500005121762
8,3,0.36333516534607035,0.5001500005121762
8,3,0.40627222783243155,0.5001500005121762
8,3,0.36333516534607035,0.5397501939101792
8,3,0.36333516534607035,0.5001500005121762
8,3,0.36333516534607035,0.5001500005121762
8,3,0.36333516534607035,0.5397501939101792
8,3,0.3203981028597074,0.5397501939101792
8,3,0.4921463528051575,0.42094961371617057
8,3,0.4921463528051575,0.4605498071141736
8,3,0.44920929031879453,0.4605498071141736
8,3,0.4921463528051575,0.4605498071141736
8,3,0.44920929031879453,0.5001500005121762
8,3,0.44920929031879453,0.4605498071141736
8,3,0.44920929031879453,0.4605498071141736
8,3,0.44920929031879453,0.5001500005121762
8,3,0.40627222783243155,0.5001500005121762
8,3,0.44920929031879453,0.5001500005121762
8,3,0.40627222783243155,0.5397501939101792
8,3,0.40627222783243155,0.5001500005121762
8,3,0.40627222783243155,0.5001500005121762
8,3,0.40627222783243155,0.5397501939101792
8,3,0.36333516534607035,0.5397501939101792
8,3,0.4921463528051575,0.4605498071141736
8,3,0.4921463528051575,0.5001500005121762
8,3,0.44920929031879453,0.5001500005121762
8,3,0.4921463528051575,0.5001500005121762
8,3,0.44920929031879453,0.5397501939101792
8,3,0.44920929031879453,0.5001500005121762
8,3,0.44920929031879453,0.5001500005121762
8,3,0.44920929031879453,0.5397501939101792
8,3,0.40627222783243155,0.5397501939101792
8,3,0.4921463528051575,0.5001500005121762
8,3,0.4921463528051575,0.5397501939101792
8,3,0.44920929031879453,0.5397501939101792
8,3,0.3203981028597074,0.5397501939101792
8,3,0.3203981028597074,0.5001500005121762
8,3,0.36333516534607035,0.5001500005121762
8,3,0.3203981028597074,0.5001500005121762
8,3,0.36333516534607035,0.4605498071141736
8,3,0.36333516534607035,0.5001500005121762
8,3,0.36333516534607035,0.5001500005121762
8,3,0.36333516534607035,0.4605498071141736
8,3,0.40627222783243155,0.4605498071141736
8,3,0.36333516534607035,0.4605498071141736
8,3,0.40627222783243155,0.42094961371617057
8,3,0.40627222783243155,0.4605498071141736
8,3,0.40627222783243155,0.4605498071141736
8,3,0.40627222783243155,0.42094961371617057
8,3,0.44920929031879453,0.42094961371617057
8,3,0.40627222783243155,0.42094961371617057
8,3,0.44920929031879453,0.38134942031816754
8,3,0.44920929031879453,0.42094961371617057
8,3,0.44920929031879453,0.42094961371617057
8,3,0.44920929031879453,0.38134942031816754
8,3,0.4921463528051575,0.38134942031816754
8,3,0.3203981028597074,0.5001500005121762
8,3,0.3203981028597074,0.4605498071141736
8,3,0.36333516534607035,0.4605498071141736
8,3,0.3203981028597074,0.4605498071141736
8,3,0.36333516534607035,0.42094961371617057
8,3,0.36333516534607035,0.4605498071141736
8,3,0.36333516534607035,0.4605498071141736
8,3,0.36333516534607035,0.42094961371617057
8,3,0.40627222783243155,0.42094961371617057
8,3,0.36333516534607035,0.42094961371617057
8,3,0.40627222783243155,0.38134942031816754
8,3,0.40627222783243155,0.42094961371617057
8,3,0.40627222783243155,0.42094961371617057
8,3,0.40627222783243155,0.38134942031816754
8,3,0.44920929031879453,0.38134942031816754
8,3,0.3203981028597074,0.4605498071141736
8,3,0.3203981028597074,0.42094961371617057
8,3,0.36333516534607035,0.42094961371617057
8,3,0.3203981028597074,0.42094961371617057
8,3,0.36333516534607035,0.38134942031816754
8,3,0.36333516534607035,0.42094961371617057
8,3,0.36333516534607035,0.42094961371617057
8,3,0.36333516534607035,0.38134942031816754
8,3,0.40627222783243155,0.38134942031816754
8,3,0.3203981028597074,0.42094961371617057
8,3,0.3203981028597074,0.38134942031816754
8,3,0.36333516534607035,0.38134942031816754
8,3,0.5027600087006618,0.7545963193101053
8,3,0.48285493686969794,0.7545963193101053
8,3,0.48285493686969794,0.7037883554399551
8,3,0.48285493686969794,0.7545963193101053
8,3,0.46294986503873403,0.7037883554399551
8,3,0.48285493686969794,0.7037883554399551
8,3,0.48285493686969794,0.7037883554399551
8,3,0.46294986503873403,0.7037883554399551
8,3,0.46294986503873403,0.6529803915698045
8,3,0.46294986503873403,0.7037883554399551
8,3,0.44304479320776835,0.6529803915698045
8,3,0.46294986503873403,0.6529803915698045
8,3,0.46294986503873403,0.6529803915698045
8,3,0.44304479320776835,0.6529803915698045
8,3,0.44304479320776835,0.6021724276996538
8,3,0.44304479320776835,0.6529803915698045
8,3,0.42313972137680445,0.6021724276996538
8,3,0.44304479320776835,0.6021724276996538
8,3,0.44304479320776835,0.6021724276996538
8,3,0.42313972137680445,0.6021724276996538
8,3,0.42313972137680445,0.5513644638295032
8,3,0.42313972137680445,0.6021724276996538
8,3,0.40323464954583876,0.5513644638295032
8,3,0.42313972137680445,0.5513644638295032
8,3,0.42313972137680445,0.5513644638295032
8,3,0.40323464954583876,0.5513644638295032
8,3,0.40323464954583876,0.5005564999593526
8,3,0.40323464954583876,0.5513644638295032
8,3,0.38332957771487486,0.5005564999593526
8,3,0.40323464954583876,0.5005564999593526
8,3,0.40323464954583876,0.5005564999593526
8,3,0.38332957771487486,0.5005564999593526
8,3,0.38332957771487486,0.44974853608920196
8,3,0.38332957771487486,0.5005564999593526
8,3,0.36342450588391095,0.44974853608920196
8,3,0.38332957771487486,0.44974853608920196
8,3,0.38332957771487486,0.44974853608920196
8,3,0.36342450588391095,0.44974853608920196
8,3,0.36342450588391095,0.3989405722190513
8,3,0.36342450588391095,0.44974853608920196
8,3,0.34351943405294527,0.3989405722190513
8,3,0.36342450588391095,0.3989405722190513
8,3,0.36342450588391095,0.3989405722190513
8,3,0.34351943405294527,0.3989405722190513
8,3,0.34351943405294527,0.3481326083489007
8,3,0.34351943405294527,0.3989405722190513
8,3,0.32361436222198137,0.3481326083489007
8,3,0.34351943405294527,0.3481326083489007
8,3,0.34351943405294527,0.3481326083489007
8,3,0.32361436222198137,0.3481326083489007
8,3,0.32361436222198137,0.2973246444787505
8,3,0.48285493686969794,0.7545963193101053
8,3,0.46294986503873403,0.7545963193101053
8,3,0.46294986503873403,0.7037883554399551
8,3,0.46294986503873403,0.7545963193101053
8,3,0.44304479320776835,0.7037883554399551
8,3,0.46294986503873403,0.7037883554399551
8,3,0.46294986503873403,0.7037883554399551
8,3,0.44304479320776835,0.7037883554399551
8,3,0.44304479320776835,0.6529803915698045
8,3,0.44304479320776835,0.7037883554399551
8,3,0.42313972137680445,0.6529803915698045
8,3,0.44304479320776835,0.6529803915698045
8,3,0.44304479320776835,0.6529803915698045
8,3,0.42313972137680445,0.6529803915698045
8,3,0.42313972137680445,0.6021724276996538
8,3,0.42313972137680445,0.6529803915698045
8,3,0.40323464954583876,0.6021724276996538
8,3,0.42313972137680445,0.6021724276996538
8,3,0.42313972137680445,0.6021724276996538
8,3,0.40323464954583876,0.6021724276996538
8,3,0.40323464954583876,0.5513644638295032
8,3,0.40323464954583876,0.6021724276996538
8,3,0.38332957771487486,0.5513644638295032
8,3,0.40323464954583876,0.5513644638295032
8,3,0.40323464954583876,0.5513644638295032
8,3,0.38332957771487486,0.5513644638295032
8,3,0.38332957771487486,0.5005564999593526
8,3,0.38332957771487486,0.5513644638295032
8,3,0.36342450588391095,0.5005564999593526
8,3,0.38332957771487486,0.5005564999593526
8,3,0.38332957771487486,0.5005564999593526
8,3,0.36342450588391095,0.5005564999593526
8,3,0.36342450588391095,0.44974853608920196
8,3,0.36342450588391095,0.5005564999593526
8,3,0.34351943405294527,0.44974853608920196
8,3,0.36342450588391095,0.44974853608920196
8,3,0.36342450588391095,0.44974853608920196
8,3,0.34351943405294527,0.44974853608920196
8,3,0.34351943405294527,0.3989405722190513
8,3,0.34351943405294527,0.44974853608920196
8,3,0.32361436222198137,0.3989405722190513
8,3,0.34351943405294527,0.3989405722190513
8,3,0.34351943405294527,0.3989405722190513
8,3,0.32361436222198137,0.3989405722190513
8,3,0.32361436222198137,0.3481326083489007
8,3,0.46294986503873403,0.7545963193101053
8,3,0.44304479320776835,0.7545963193101053
8,3,0.44304479320776835,0.7037883554399551
8,3,0.44304479320776835,0.7545963193101053
8,3,0.42313972137680445,0.7037883554399551
8,3,0.44304479320776835,0.7037883554399551
8,3,0.44304479320776835,0.7037883554399551
8,3,0.42313972137680445,0.7037883554399551
8,3,0.42313972137680445,0.6529803915698045
8,3,0.42313972137680445,0.7037883554399551
8,3,0.40323464954583876,0.6529803915698045
8,3,0.42313972137680445,0.6529803915698045
8,3,0.42313972137680445,0.6529803915698045
8,3,0.40323464954583876,0.6529803915698045
8,3,0.40323464954583876,0.6021724276996538
8,3,0.40323464954583876,0.6529803915698045
8,3,0.38332957771487486,0.6021724276996538
8,3,0.40323464954583876,0.6021724276996538
8,3,0.40323464954583876,0.6021724276996538
8,3,0.38332957771487486,0.6021724276996538
8,3,0.38332957771487486,0.5513644638295032
8,3,0.38332957771487486,0.6021724276996538
8,3,0.36342450588391095,0.5513644638295032
8,3,0.38332957771487486,0.5513644638295032
8,3,0.38332957771487486,0.5513644638295032
8,3,0.36342450588391095,0.5513644638295032
8,3,0.36342450588391095,0.5005564999593526
8,3,0.36342450588391095,0.5513644638295032
8,3,0.34351943405294527,0.5005564999593526
8,3,0.36342450588391095,0.5005564999593526
8,3,0.36342450588391095,0.5005564999593526
8,3,0.34351943405294527,0.5005564999593526
8,3,0.34351943405294527,0.44974853608920196
8,3,0.34351943405294527,0.5005564999593526
8,3,0.32361436222198137,0.44974853608920196
8,3,0.34351943405294527,0.44974853608920196
8,3,0.34351943405294527,0.44974853608920196
8,3,0.32361436222198137,0.44974853608920196
8,3,0.32361436222198137,0.3989405722190513
8,3,0.44304479320776835,0.7545963193101053
8,3,0.42313972137680445,0.7545963193101053
8,3,0.42313972137680445,0.7037883554399551
8,3,0.42313972137680445,0.7545963193101053
8,3,0.40323464954584054,0.7037883554399551
8,3,0.42313972137680445,0.7037883554399551
8,3,0.42313972137680445,0.7037883554399551
8,3,0.40323464954584054,0.7037883554399551
8,3,0.40323464954583876,0.6529803915698045
8,3,0.40323464954584054,0.7037883554399551
8,3,0.38332957771487486,0.6529803915698045
8,3,0.40323464954583876,0.6529803915698045
8,3,0.40323464954583876,0.6529803915698045
8,3,0.38332957771487486,0.6529803915698045
8,3,0.38332957771487486,0.6021724276996538
8,3,0.38332957771487486,0.6529803915698045
8,3,0.36342450588391095,0.6021724276996538
8,3,0.38332957771487486,0.6021724276996538
8,3,0.38332957771487486,0.6021724276996538
8,3,0.36342450588391095,0.6021724276996538
8,3,0.36342450588391095,0.5513644638295032
8,3,0.36342450588391095,0.6021724276996538
8,3,0.34351943405294527,0.5513644638295032
8,3,0.36342450588391095,0.5513644638295032
8,3,0.36342450588391095,0.5513644638295032
8,3,0.34351943405294527,0.5513644638295032
8,3,0.34351943405294527,0.5005564999593526
8,3,0.34351943405294527,0.5513644638295032
8,3,0.32361436222198137,0.5005564999593526
8,3,0.34351943405294527,0.5005564999593526
8,3,0.34351943405294527,0.5005564999593526
8,3,0.32361436222198137,0.5005564999593526
8,3,0.32361436222198137,0.44974853608920196
8,3,0.42313972137680445,0.7545963193101053
8,3,0.40323464954584054,0.7545963193101053
8,3,0.40323464954584054,0.7037883554399551
8,3,0.40323464954584054,0.7545963193101053
8,3,0.38332957771487486,0.7037883554399551
8,3,0.40323464954584054,0.7037883554399551
8,3,0.40323464954584054,0.7037883554399551
8,3,0.38332957771487486,0.7037883554399551
8,3,0.38332957771487486,0.6529803915698045
8,3,0.38332957771487486,0.7037883554399551
8,3,0.36342450588391095,0.6529803915698045
8,3,0.38332957771487486,0.6529803915698045
8,3,0.38332957771487486,0.6529803915698045
8,3,0.36342450588391095,0.6529803915698045
8,3,0.36342450588391095,0.6021724276996538
8,3,0.36342450588391095,0.6529803915698045
8,3,0.34351943405294527,0.6021724276996538
8,3,0.36342450588391095,0.6021724276996538
8,3,0.36342450588391095,0.6021724276996538
8,3,0.34351943405294527,0.6021724276996538
8,3,0.34351943405294527,0.5513644638295032
8,3,0.34351943405294527,0.6021724276996538
8,3,0.32361436222198137,0.5513644638295032
8,3,0.34351943405294527,0.5513644638295032
8,3,0.34351943405294527,0.5513644638295032
8,3,0.32361436222198137,0.5513644638295032
8,3,0.32361436222198137,0.5005564999593526
8,3,0.40323464954584054,0.7545963193101053
8,3,0.38332957771487486,0.7545963193101053
8,3,0.38332957771487486,0.7037883554399551
8,3,0.38332957771487486,0.7545963193101053
8,3,0.36342450588391095,0.7037883554399551
8,3,0.38332957771487486,0.7037883554399551
8,3,0.38332957771487486,0.7037883554399551
8,3,0.36342450588391095,0.7037883554399551
8,3,0.36342450588391095,0.6529803915698045
8,3,0.36342450588391095,0.7037883554399551
8,3,0.34351943405294527,0.6529803915698045
8,3,0.36342450588391095,0.6529803915698045
8,3,0.36342450588391095,0.6529803915698045
8,3,0.34351943405294527,0.6529803915698045
8,3,0.34351943405294527,0.6021724276996538
8,3,0.34351943405294527,0.6529803915698045
8,3,0.32361436222198137,0.6021724276996538
8,3,0.34351943405294527,0.6021724276996538
8,3,0.34351943405294527,0.6021724276996538
8,3,0.32361436222198137,0.6021724276996538
8,3,0.32361436222198137,0.5513644638295032
8,3,0.38332957771487486,0.7545963193101053
8,3,0.36342450588391095,0.7545963193101053
8,3,0.36342450588391095,0.7037883554399551
8,3,0.36342450588391095,0.7545963193101053
8,3,0.34351943405294527,0.7037883554399551
8,3,0.36342450588391095,0.7037883554399551
8,3,0.36342450588391095,0.7037883554399551
8,3,0.34351943405294527,0.7037883554399551
8,3,0.34351943405294527,0.6529803915698045
8,3,0.34351943405294527,0.7037883554399551
8,3,0.32361436222198137,0.6529803915698045
8,3,0.34351943405294527,0.6529803915698045
8,3,0.34351943405294527,0.6529803915698045
8,3,0.32361436222198137,0.6529803915698045
8,3,0.32361436222198137,0.6021724276996538
8,3,0.36342450588391095,0.7545963193101053
8,3,0.34351943405294527,0.7545963193101053
8,3,0.34351943405294527,0.7037883554399551
8,3,0.34351943405294527,0.7545963193101053
8,3,0.32361436222198137,0.7037883554399551
8,3,0.34351943405294527,0.7037883554399551
8,3,0.34351943405294527,0.7037883554399551
8,3,0.32361436222198137,0.7037883554399551
8,3,0.32361436222198137,0.6529803915698045
8,3,0.34351943405294527,0.7545963193101053
8,3,0.32361436222198137,0.7545963193101053
8,3,0.32361436222198137,0.7037883554399551
8,3,0.32361436222198137,0.2973246444787505
8,3,0.34351943405294527,0.2973246444787505
8,3,0.34351943405294527,0.3481326083489007
8,3,0.34351943405294527,0.2973246444787505
8,3,0.36342450588391095,0.3481326083489007
8,3,0.34351943405294527,0.3481326083489007
8,3,0.34351943405294527,0.3481326083489007
8,3,0.36342450588391095,0.3481326083489007
8,3,0.36342450588391095,0.3989405722190513
8,3,0.36342450588391095,0.3481326083489007
8,3,0.38332957771487486,0.3989405722190513
8,3,0.36342450588391095,0.3989405722190513
8,3,0.36342450588391095,0.3989405722190513
8,3,0.38332957771487486,0.3989405722190513
8,3,0.38332957771487486,0.44974853608920196
8,3,0.38332957771487486,0.3989405722190513
8,3,0.40323464954583876,0.44974853608920196
8,3,0.38332957771487486,0.44974853608920196
8,3,0.38332957771487486,0.44974853608920196
8,3,0.40323464954583876,0.44974853608920196
8,3,0.40323464954583876,0.5005564999593526
8,3,0.40323464954583876,0.44974853608920196
8,3,0.42313972137680445,0.5005564999593526
8,3,0.40323464954583876,0.5005564999593526
8,3,0.40323464954583876,0.5005564999593526
8,3,0.42313972137680445,0.5005564999593526
8,3,0.42313972137680445,0.5513644638295032
8,3,0.42313972137680445,0.5005564999593526
8,3,0.44304479320776835,0.5513644638295032
8,3,0.42313972137680445,0.5513644638295032
8,3,0.42313972137680445,0.5513644638295032
8,3,0.44304479320776835,0.5513644638295032
8,3,0.44304479320776835,0.6021724276996538
8,3,0.44304479320776835,0.5513644638295032
8,3,0.46294986503873403,0.6021724276996538
8,3,0.44304479320776835,0.6021724276996538
8,3,0.44304479320776835,0.6021724276996538
8,3,0.46294986503873403,0.6021724276996538
8,3,0.46294986503873403,0.6529803915698045
8,3,0.46294986503873403,0.6021724276996538
8,3,0.48285493686969794,0.6529803915698045
8,3,0.46294986503873403,0.6529803915698045
8,3,0.46294986503873403,0.6529803915698045
8,3,0.48285493686969794,0.6529803915698045
8,3,0.48285493686969794,0.7037883554399551
8,3,0.48285493686969794,0.6529803915698045
8,3,0.5027600087006618,0.7037883554399551
8,3,0.48285493686969794,0.7037883554399551
8,3,0.48285493686969794,0.7037883554399551
8,3,0.5027600087006618,0.7037883554399551
8,3,0.5027600087006618,0.7545963193101053
8,3,0.34351943405294527,0.2973246444787505
8,3,0.36342450588391095,0.2973246444787505
8,3,0.36342450588391095,0.3481326083489007
8,3,0.36342450588391095,0.2973246444787505
8,3,0.38332957771487486,0.3481326083489007
8,3,0.36342450588391095,0.3481326083489007
8,3,0.36342450588391095,0.3481326083489007
8,3,0.38332957771487486,0.3481326083489007
8,3,0.38332957771487486,0.3989405722190513
8,3,0.38332957771487486,0.3481326083489007
8,3,0.40323464954583876,0.3989405722190513
8,3,0.38332957771487486,0.3989405722190513
8,3,0.38332957771487486,0.3989405722190513
8,3,0.40323464954583876,0.3989405722190513
8,3,0.40323464954583876,0.44974853608920196
8,3,0.40323464954583876,0.3989405722190513
8,3,0.42313972137680445,0.44974853608920196
8,3,0.40323464954583876,0.44974853608920196
8,3,0.40323464954583876,0.44974853608920196
8,3,0.42313972137680445,0.44974853608920196
8,3,0.42313972137680445,0.5005564999593526
8,3,0.42313972137680445,0.44974853608920196
8,3,0.44304479320776835,0.5005564999593526
8,3,0.42313972137680445,0.5005564999593526
8,3,0.42313972137680445,0.5005564999593526
8,3,0.44304479320776835,0.5005564999593526
8,3,0.44304479320776835,0.5513644638295032
8,3,0.44304479320776835,0.5005564999593526
8,3,0.46294986503873403,0.5513644638295032
8,3,0.44304479320776835,0.5513644638295032
8,3,0.44304479320776835,0.5513644638295032
8,3,0.46294986503873403,0.5513644638295032
8,3,0.46294986503873403,0.6021724276996538
8,3,0.46294986503873403,0.5513644638295032
8,3,0.48285493686969794,0.6021724276996538
8,3,0.46294986503873403,0.6021724276996538
8,3,0.46294986503873403,0.6021724276996538
8,3,0.48285493686969794,0.6021724276996538
8,3,0.48285493686969794,0.6529803915698045
8,3,0.48285493686969794,0.6021724276996538
8,3,0.5027600087006618,0.6529803915698045
8,3,0.48285493686969794,0.6529803915698045
8,3,0.48285493686969794,0.6529803915698045
8,3,0.5027600087006618,0.6529803915698045
8,3,0.5027600087006618,0.7037883554399551
8,3,0.36342450588391095,0.2973246444787505
8,3,0.38332957771487486,0.2973246444787505
8,3,0.38332957771487486,0.3481326083489007
8,3,0.38332957771487486,0.2973246444787505
8,3,0.40323464954583876,0.3481326083489007
8,3,0.38332957771487486,0.3481326083489007
8,3,0.38332957771487486,0.3481326083489007
8,3,0.40323464954583876,0.3481326083489007
8,3,0.40323464954583876,0.3989405722190513
8,3,0.40323464954583876,0.3481326083489007
8,3,0.42313972137680445,0.3989405722190513
8,3,0.40323464954583876,0.3989405722190513
8,3,0.40323464954583876,0.3989405722190513
8,3,0.42313972137680445,0.3989405722190513
8,3,0.42313972137680445,0.44974853608920196
8,3,0.42313972137680445,0.3989405722190513
8,3,0.44304479320776835,0.44974853608920196
8,3,0.42313972137680445,0.44974853608920196
8,3,0.42313972137680445,0.44974853608920196
8,3,0.44304479320776835,0.44974853608920196
8,3,0.44304479320776835,0.5005564999593526
8,3,0.44304479320776835,0.44974853608920196
8,3,0.46294986503873403,0.5005564999593526
8,3,0.44304479320776835,0.5005564999593526
8,3,0.44304479320776835,0.5005564999593526
8,3,0.46294986503873403,0.5005564999593526
8,3,0.46294986503873403,0.5513644638295032
8,3,0.46294986503873403,0.5005564999593526
8,3,0.48285493686969794,0.5513644638295032
8,3,0.46294986503873403,0.5513644638295032
8,3,0.46294986503873403,0.5513644638295032
8,3,0.48285493686969794,0.5513644638295032
8,3,0.48285493686969794,0.6021724276996538
8,3,0.48285493686969794,0.5513644638295032
8,3,0.5027600087006618,0.6021724276996538
8,3,0.48285493686969794,0.6021724276996538
8,3,0.48285493686969794,0.6021724276996538
8,3,0.5027600087006618,0.6021724276996538
8,3,0.5027600087006618,0.6529803915698045
8,3,0.38332957771487486,0.2973246444787505
8,3,0.40323464954583876,0.2973246444787505
8,3,0.40323464954583876,0.3481326083489007
8,3,0.40323464954583876,0.2973246444787505
8,3,0.42313972137680445,0.3481326083489007
8,3,0.40323464954583876,0.3481326083489007
8,3,0.40323464954583876,0.3481326083489007
8,3,0.42313972137680445,0.3481326083489007
8,3,0.42313972137680445,0.3989405722190513
8,3,0.42313972137680445,0.3481326083489007
8,3,0.44304479320776835,0.3989405722190513
8,3,0.42313972137680445,0.3989405722190513
8,3,0.42313972137680445,0.3989405722190513
8,3,0.44304479320776835,0.3989405722190513
8,3,0.44304479320776835,0.44974853608920196
8,3,0.44304479320776835,0.3989405722190513
8,3,0.46294986503873403,0.44974853608920196
8,3,0.44304479320776835,0.44974853608920196
8,3,0.44304479320776835,0.44974853608920196
8,3,0.46294986503873403,0.44974853608920196
8,3,0.46294986503873403,0.5005564999593526
8,3,0.46294986503873403,0.44974853608920196
8,3,0.48285493686969794,0.5005564999593526
8,3,0.46294986503873403,0.5005564999593526
8,3,0.46294986503873403,0.5005564999593526
8,3,0.48285493686969794,0.5005564999593526
8,3,0.48285493686969794,0.5513644638295032
8,3,0.48285493686969794,0.5005564999593526
8,3,0.5027600087006618,0.5513644638295032
8,3,0.48285493686969794,0.5513644638295032
8,3,0.48285493686969794,0.5513644638295032
8,3,0.5027600087006618,0.5513644638295032
8,3,0.5027600087006618,0.6021724276996538
8,3,0.40323464954583876,0.2973246444787505
8,3,0.42313972137680445,0.2973246444787505
8,3,0.42313972137680445,0.3481326083489007
8,3,0.42313972137680445,0.2973246444787505
8,3,0.44304479320776835,0.3481326083489007
8,3,0.42313972137680445,0.3481326083489007
8,3,0.42313972137680445,0.3481326083489007
8,3,0.44304479320776835,0.3481326083489007
8,3,0.44304479320776835,0.3989405722190513
8,3,0.44304479320776835,0.3481326083489007
8,3,0.46294986503873403,0.3989405722190513
8,3,0.44304479320776835,0.3989405722190513
8,3,0.44304479320776835,0.3989405722190513
8,3,0.46294986503873403,0.3989405722190513
8,3,0.46294986503873403,0.44974853608920196
8,3,0.46294986503873403,0.3989405722190513
8,3,0.48285493686969794,0.44974853608920196
8,3,0.46294986503873403,0.44974853608920196
8,3,0.46294986503873403,0.44974853608920196
8,3,0.48285493686969794,0.44974853608920196
8,3,0.48285493686969794,0.5005564999593526
8,3,0.48285493686969794,0.44974853608920196
8,3,0.5027600087006618,0.5005564999593526
8,3,0.48285493686969794,0.5005564999593526
8,3,0.48285493686969794,0.5005564999593526
8,3,0.5027600087006618,0.5005564999593526
8,3,0.5027600087006618,0.5513644638295032
8,3,0.42313972137680445,0.2973246444787505
8,3,0.44304479320776835,0.2973246444787505
8,3,0.44304479320776835,0.3481326083489007
8,3,0.44304479320776835,0.2973246444787505
8,3,0.46294986503873403,0.3481326083489007
8,3,0.44304479320776835,0.3481326083489007
8,3,0.44304479320776835,0.3481326083489007
8,3,0.46294986503873403,0.3481326083489007
8,3,0.46294986503873403,0.3989405722190513
8,3,0.46294986503873403,0.3481326083489007
8,3,0.48285493686969794,0.3989405722190513
8,3,0.46294986503873403,0.3989405722190513
8,3,0.46294986503873403,0.3989405722190513
8,3,0.48285493686969794,0.3989405722190513
8,3,0.48285493686969794,0.44974853608920196
8,3,0.48285493686969794,0.3989405722190513
8,3,0.5027600087006618,0.44974853608920196
8,3,0.48285493686969794,0.44974853608920196
8,3,0.48285493686969794,0.44974853608920196
8,3,0.5027600087006618,0.44974853608920196
8,3,0.5027600087006618,0.5005564999593526
8,3,0.44304479320776835,0.2973246444787505
8,3,0.46294986503873403,0.2973246444787505
8,3,0.46294986503873403,0.3481326083489007
8,3,0.46294986503873403,0.2973246444787505
8,3,0.48285493686969794,0.3481326083489007
8,3,0.46294986503873403,0.3481326083489007
8,3,0.46294986503873403,0.3481326083489007
8,3,0.48285493686969794,0.3481326083489007
8,3,0.48285493686969794,0.3989405722190513
8,3,0.48285493686969794,0.3481326083489007
8,3,0.5027600087006618,0.3989405722190513
8,3,0.48285493686969794,0.3989405722190513
8,3,0.48285493686969794,0.3989405722190513
8,3,0.5027600087006618,0.3989405722190513
8,3,0.5027600087006618,0.44974853608920196
8,3,0.46294986503873403,0.2973246444787505
8,3,0.48285493686969794,0.2973246444787505
8,3,0.48285493686969794,0.3481326083489007
8,3,0.48285493686969794,0.2973246444787505
8,3,0.5027600087006618,0.3481326083489007
8,3,0.48285493686969794,0.3481326083489007
8,3,0.48285493686969794,0.3481326083489007
8,3,0.5027600087006618,0.3481326083489007
8,3,0.5027600087006618,0.3989405722190513
8,3,0.48285493686969794,0.2973246444787505
8,3,0.5027600087006618,0.2973246444787505
8,3,0.5027600087006618,0.3481326083489007
8,3,0.5027600087006618,0.7545963193101053
8,3,0.5027600087006618,0.7037883554399551
8,3,0.5226740145854105,0.7037883554399551
8,3,0.5027600087006618,0.7037883554399551
8,3,0.5226740145854105,0.6529803915698045
8,3,0.5226740145854105,0.7037883554399551
8,3,0.5226740145854105,0.7037883554399551
8,3,0.5226740145854105,0.6529803915698045
8,3,0.5425880204701592,0.6529803915698045
8,3,0.5226740145854105,0.6529803915698045
8,3,0.5425880204701592,0.6021724276996538
8,3,0.5425880204701592,0.6529803915698045
8,3,0.5425880204701592,0.6529803915698045
8,3,0.5425880204701592,0.6021724276996538
8,3,0.5625020263549079,0.6021724276996538
8,3,0.5425880204701592,0.6021724276996538
8,3,0.5625020263549079,0.5513644638295032
8,3,0.5625020263549079,0.6021724276996538
8,3,0.5625020263549079,0.6021724276996538
8,3,0.5625020263549079,0.5513644638295032
8,3,0.5824160322396565,0.5513644638295032
8,3,0.5625020263549079,0.5513644638295032
8,3,0.5824160322396565,0.5005564999593526
8,3,0.5824160322396565,0.5513644638295032
8,3,0.5824160322396565,0.5513644638295032
8,3,0.5824160322396565,0.5005564999593526
8,3,0.6023300381244052,0.5005564999593526
8,3,0.5824160322396565,0.5005564999593526
8,3,0.6023300381244052,0.44974853608920196
8,3,0.6023300381244052,0.5005564999593526
8,3,0.6023300381244052,0.5005564999593526
8,3,0.6023300381244052,0.44974853608920196
8,3,0.6222440440091539,0.44974853608920196
8,3,0.6023300381244052,0.44974853608920196
8,3,0.6222440440091539,0.3989405722190513
8,3,0.6222440440091539,0.44974853608920196
8,3,0.6222440440091539,0.44974853608920196
8,3,0.6222440440091539,0.3989405722190513
8,3,0.6421580498939026,0.3989405722190513
8,3,0.6222440440091539,0.3989405722190513
8,3,0.6421580498939026,0.3481326083489007
8,3,0.6421580498939026,0.3989405722190513
8,3,0.6421580498939026,0.3989405722190513
8,3,0.6421580498939026,0.3481326083489007
8,3,0.6620720557786512,0.3481326083489007
8,3,0.6421580498939026,0.3481326083489007
8,3,0.6620720557786512,0.2973246444787505
8,3,0.6620720557786512,0.3481326083489007
8,3,0.6620720557786512,0.3481326083489007
8,3,0.6620720557786512,0.2973246444787505
8,3,0.6819860616633999,0.2973246444787505
8,3,0.5027600087006618,0.7037883554399551
8,3,0.5027600087006618,0.6529803915698045
8,3,0.5226740145854105,0.6529803915698045
8,3,0.5027600087006618,0.6529803915698045
8,3,0.5226740145854105,0.6021724276996538
8,3,0.5226740145854105,0.6529803915698045
8,3,0.5226740145854105,0.6529803915698045
8,3,0.5226740145854105,0.6021724276996538
8,3,0.5425880204701592,0.6021724276996538
8,3,0.5226740145854105,0.6021724276996538
8,3,0.5425880204701592,0.5513644638295032
8,3,0.5425880204701592,0.6021724276996538
8,3,0.5425880204701592,0.6021724276996538
8,3,0.5425880204701592,0.5513644638295032
8,3,0.5625020263549079,0.5513644638295032
8,3,0.5425880204701592,0.5513644638295032
8,3,0.5625020263549079,0.5005564999593526
8,3,0.5625020263549079,0.5513644638295032
8,3,0.5625020263549079,0.5513644638295032
8,3,0.5625020263549079,0.5005564999593526
8,3,0.5824160322396565,0.5005564999593526
8,3,0.5625020263549079,0.5005564999593526
8,3,0.5824160322396565,0.44974853608920196
8,3,0.5824160322396565,0.5005564999593526
8,3,0.5824160322396565,0.5005564999593526
8,3,0.5824160322396565,0.44974853608920196
8,3,0.6023300381244052,0.44974853608920196
8,3,0.5824160322396565,0.44974853608920196
8,3,0.6023300381244052,0.3989405722190513
8,3,0.6023300381244052,0.44974853608920196
8,3,0.6023300381244052,0.44974853608920196
8,3,0.6023300381244052,0.3989405722190513
8,3,0.6222440440091539,0.3989405722190513
8,3,0.6023300381244052,0.3989405722190513
8,3,0.6222440440091539,0.3481326083489007
8,3,0.6222440440091539,0.3989405722190513
8,3,0.6222440440091539,0.3989405722190513
8,3,0.6222440440091539,0.3481326083489007
8,3,0.6421580498939026,0.3481326083489007
8,3,0.6222440440091539,0.3481326083489007
8,3,0.6421580498939026,0.2973246444787505
8,3,0.6421580498939026,0.3481326083489007
8,3,0.6421580498939026,0.3481326083489007
8,3,0.6421580498939026,0.2973246444787505
8,3,0.6620720557786512,0.2973246444787505
8,3,0.5027600087006618,0.6529803915698045
8,3,0.5027600087006618,0.6021724276996538
8,3,0.5226740145854105,0.6021724276996538
8,3,0.5027600087006618,0.6021724276996538
8,3,0.5226740145854105,0.5513644638295032
8,3,0.5226740145854105,0.6021724276996538
8,3,0.5226740145854105,0.6021724276996538
8,3,0.5226740145854105,0.5513644638295032
8,3,0.5425880204701592,0.5513644638295032
8,3,0.5226740145854105,0.5513644638295032
8,3,0.5425880204701592,0.5005564999593526
8,3,0.5425880204701592,0.5513644638295032
8,3,0.5425880204701592,0.5513644638295032
8,3,0.5425880204701592,0.5005564999593526
8,3,0.5625020263549079,0.5005564999593526
8,3,0.5425880204701592,0.5005564999593526
8,3,0.5625020263549079,0.44974853608920196
8,3,0.5625020263549079,0.5005564999593526
8,3,0.5625020263549079,0.5005564999593526
8,3,0.5625020263549079,0.44974853608920196
8,3,0.5824160322396565,0.44974853608920196
8,3,0.5625020263549079,0.44974853608920196
8,3,0.5824160322396565,0.3989405722190513
8,3,0.5824160322396565,0.44974853608920196
8,3,0.5824160322396565,0.44974853608920196
8,3,0.5824160322396565,0.3989405722190513
8,3,0.6023300381244052,0.3989405722190513
8,3,0.5824160322396565,0.3989405722190513
8,3,0.6023300381244052,0.34813260834890114
8,3,0.6023300381244052,0.3989405722190513
8,3,0.6023300381244052,0.3989405722190513
8,3,0.6023300381244052,0.34813260834890114
8,3,0.6222440440091539,0.3481326083489007
8,3,0.6023300381244052,0.34813260834890114
8,3,0.6222440440091539,0.2973246444787505
8,3,0.6222440440091539,0.3481326083489007
8,3,0.6222440440091539,0.3481326083489007
8,3,0.6222440440091539,0.2973246444787505
8,3,0.6421580498939026,0.2973246444787505
8,3,0.5027600087006618,0.6021724276996538
8,3,0.5027600087006618,0.5513644638295032
8,3,0.5226740145854105,0.5513644638295032
8,3,0.5027600087006618,0.5513644638295032
8,3,0.5226740145854105,0.5005564999593526
8,3,0.5226740145854105,0.5513644638295032
8,3,0.5226740145854105,0.5513644638295032
8,3,0.5226740145854105,0.5005564999593526
8,3,0.5425880204701592,0.5005564999593526
8,3,0.5226740145854105,0.5005564999593526
8,3,0.5425880204701592,0.44974853608920196
8,3,0.5425880204701592,0.5005564999593526
8,3,0.5425880204701592,0.5005564999593526
8,3,0.5425880204701592,0.44974853608920196
8,3,0.5625020263549079,0.44974853608920196
8,3,0.5425880204701592,0.44974853608920196
8,3,0.5625020263549079,0.3989405722190513
8,3,0.5625020263549079,0.44974853608920196
8,3,0.5625020263549079,0.44974853608920196
8,3,0.5625020263549079,0.3989405722190513
8,3,0.5824160322396565,0.3989405722190513
8,3,0.5625020263549079,0.3989405722190513
8,3,0.5824160322396565,0.34813260834890114
8,3,0.5824160322396565,0.3989405722190513
8,3,0.5824160322396565,0.3989405722190513
8,3,0.5824160322396565,0.34813260834890114
8,3,0.6023300381244052,0.34813260834890114
8,3,0.5824160322396565,0.34813260834890114
8,3,0.6023300381244052,0.2973246444787505
8,3,0.6023300381244052,0.34813260834890114
8,3,0.6023300381244052,0.34813260834890114
8,3,0.6023300381244052,0.2973246444787505
8,3,0.6222440440091539,0.2973246444787505
8,3,0.5027600087006618,0.5513644638295032
8,3,0.5027600087006618,0.5005564999593526
8,3,0.5226740145854105,0.5005564999593526
8,3,0.5027600087006618,0.5005564999593526
8,3,0.5226740145854105,0.44974853608920196
8,3,0.5226740145854105,0.5005564999593526
8,3,0.5226740145854105,0.5005564999593526
8,3,0.5226740145854105,0.44974853608920196
8,3,0.5425880204701592,0.44974853608920196
8,3,0.5226740145854105,0.44974853608920196
8,3,0.5425880204701592,0.3989405722190513
8,3,0.5425880204701592,0.44974853608920196
8,3,0.5425880204701592,0.44974853608920196
8,3,0.5425880204701592,0.3989405722190513
8,3,0.5625020263549079,0.3989405722190513
8,3,0.5425880204701592,0.3989405722190513
8,3,0.5625020263549079,0.34813260834890114
8,3,0.5625020263549079,0.3989405722190513
8,3,0.5625020263549079,0.3989405722190513
8,3,0.5625020263549079,0.34813260834890114
8,3,0.5824160322396565,0.34813260834890114
8,3,0.5625020263549079,0.34813260834890114
8,3,0.5824160322396565,0.2973246444787505
8,3,0.5824160322396565,0.34813260834890114
8,3,0.5824160322396565,0.34813260834890114
8,3,0.5824160322396565,0.2973246444787505
8,3,0.6023300381244052,0.2973246444787505
8,3,0.5027600087006618,0.5005564999593526
8,3,0.5027600087006618,0.44974853608920196
8,3,0.5226740145854105,0.44974853608920196
8,3,0.5027600087006618,0.44974853608920196
8,3,0.5226740145854105,0.3989405722190513
8,3,0.5226740145854105,0.44974853608920196
8,3,0.5226740145854105,0.44974853608920196
8,3,0.5226740145854105,0.3989405722190513
8,3,0.5425880204701592,0.3989405722190513
8,3,0.5226740145854105,0.3989405722190513
8,3,0.5425880204701592,0.34813260834890114
8,3,0.5425880204701592,0.3989405722190513
8,3,0.5425880204701592,0.3989405722190513
8,3,0.5425880204701592,0.34813260834890114
8,3,0.5625020263549079,0.34813260834890114
8,3,0.5425880204701592,0.34813260834890114
8,3,0.5625020263549079,0.2973246444787505
8,3,0.5625020263549079,0.34813260834890114
8,3,0.5625020263549079,0.34813260834890114
8,3,0.5625020263549079,0.2973246444787505
8,3,0.5824160322396565,0.2973246444787505
8,3,0.5027600087006618,0.44974853608920196
8,3,0.5027600087006618,0.3989405722190513
8,3,0.5226740145854105,0.3989405722190513
8,3,0.5027600087006618,0.3989405722190513
8,3,0.5226740145854105,0.3481326083489007
8,3,0.5226740145854105,0.3989405722190513
8,3,0.5226740145854105,0.3989405722190513
8,3,0.5226740145854105,0.3481326083489007
8,3,0.5425880204701592,0.34813260834890114
8,3,0.5226740145854105,0.3481326083489007
8,3,0.5425880204701592,0.2973246444787505
8,3,0.5425880204701592,0.34813260834890114
8,3,0.5425880204701592,0.34813260834890114
8,3,0.5425880204701592,0.2973246444787505
8,3,0.5625020263549079,0.2973246444787505
8,3,0.5027600087006618,0.3989405722190513
8,3,0.5027600087006618,0.3481326083489007
8,3,0.5226740145854105,0.3481326083489007
8,3,0.5027600087006618,0.3481326083489007
8,3,0.5226740145854105,0.2973246444787505
8,3,0.5226740145854105,0.3481326083489007
8,3,0.5226740145854105,0.3481326083489007
8,3,0.5226740145854105,0.2973246444787505
8,3,0.5425880204701592,0.2973246444787505
8,3,0.5027600087006618,0.3481326083489007
8,3,0.5027600087006618,0.2973246444787505
8,3,0.5226740145854105,0.2973246444787505
8,3,0.6819860616633999,0.2973246444787505
8,3,0.6819860616633999,0.3481326083489007
8,3,0.6620720557786512,0.3481326083489007
8,3,0.6819860616633999,0.3481326083489007
8,3,0.6620720557786512,0.3989405722190513
8,3,0.6620720557786512,0.3481326083489007
8,3,0.6620720557786512,0.3481326083489007
8,3,0.6620720557786512,0.3989405722190513
8,3,0.6421580498939026,0.3989405722190513
8,3,0.6620720557786512,0.3989405722190513
8,3,0.6421580498939026,0.44974853608920196
8,3,0.6421580498939026,0.3989405722190513
8,3,0.6421580498939026,0.3989405722190513
8,3,0.6421580498939026,0.44974853608920196
8,3,0.6222440440091539,0.44974853608920196
8,3,0.6421580498939026,0.44974853608920196
8,3,0.6222440440091539,0.5005564999593526
8,3,0.6222440440091539,0.44974853608920196
8,3,0.6222440440091539,0.44974853608920196
8,3,0.6222440440091539,0.5005564999593526
8,3,0.6023300381244052,0.5005564999593526
8,3,0.6222440440091539,0.5005564999593526
8,3,0.6023300381244052,0.5513644638295032
8,3,0.6023300381244052,0.5005564999593526
8,3,0.6023300381244052,0.5005564999593526
8,3,0.6023300381244052,0.5513644638295032
8,3,0.5824160322396565,0.5513644638295032
8,3,0.6023300381244052,0.5513644638295032
8,3,0.5824160322396565,0.6021724276996538
8,3,0.5824160322396565,0.5513644638295032
8,3,0.5824160322396565,0.5513644638295032
8,3,0.5824160322396565,0.6021724276996538
8,3,0.5625020263549079,0.6021724276996538
8,3,0.5824160322396565,0.6021724276996538
8,3,0.5625020263549079,0.6529803915698045
8,3,0.5625020263549079,0.6021724276996538
8,3,0.5625020263549079,0.6021724276996538
8,3,0.5625020263549079,0.6529803915698045
8,3,0.5425880204701592,0.6529803915698045
8,3,0.5625020263549079,0.6529803915698045
8,3,0.5425880204701592,0.7037883554399547
8,3,0.5425880204701592,0.6529803915698045
8,3,0.5425880204701592,0.6529803915698045
8,3,0.5425880204701592,0.7037883554399547
8,3,0.5226740145854105,0.7037883554399551
8,3,0.5425880204701592,0.7037883554399547
8,3,0.5226740145854105,0.7545963193101053
8,3,0.5226740145854105,0.7037883554399551
8,3,0.5226740145854105,0.7037883554399551
8,3,0.5226740145854105,0.7545963193101053
8,3,0.5027600087006618,0.7545963193101053
8,3,0.6819860616633999,0.3481326083489007
8,3,0.6819860616633999,0.3989405722190513
8,3,0.6620720557786512,0.3989405722190513
8,3,0.6819860616633999,0.3989405722190513
8,3,0.6620720557786512,0.44974853608920196
8,3,0.6620720557786512,0.3989405722190513
8,3,0.6620720557786512,0.3989405722190513
8,3,0.6620720557786512,0.44974853608920196
8,3,0.6421580498939026,0.44974853608920196
8,3,0.6620720557786512,0.44974853608920196
8,3,0.6421580498939026,0.5005564999593526
8,3,0.6421580498939026,0.44974853608920196
8,3,0.6421580498939026,0.44974853608920196
8,3,0.6421580498939026,0.5005564999593526
8,3,0.6222440440091539,0.5005564999593526
8,3,0.6421580498939026,0.5005564999593526
8,3,0.6222440440091539,0.5513644638295032
8,3,0.6222440440091539,0.5005564999593526
8,3,0.6222440440091539,0.5005564999593526
8,3,0.6222440440091539,0.5513644638295032
8,3,0.6023300381244052,0.5513644638295032
8,3,0.6222440440091539,0.5513644638295032
8,3,0.6023300381244052,0.6021724276996538
8,3,0.6023300381244052,0.5513644638295032
8,3,0.6023300381244052,0.5513644638295032
8,3,0.6023300381244052,0.6021724276996538
8,3,0.5824160322396565,0.6021724276996538
8,3,0.6023300381244052,0.6021724276996538
8,3,0.5824160322396565,0.6529803915698045
8,3,0.5824160322396565,0.6021724276996538
8,3,0.5824160322396565,0.6021724276996538
8,3,0.5824160322396565,0.6529803915698045
8,3,0.5625020263549079,0.6529803915698045
8,3,0.5824160322396565,0.6529803915698045
8,3,0.5625020263549079,0.7037883554399547
8,3,0.5625020263549079,0.6529803915698045
8,3,0.5625020263549079,0.6529803915698045
8,3,0.5625020263549079,0.7037883554399547
8,3,0.5425880204701592,0.7037883554399547
8,3,0.5625020263549079,0.7037883554399547
8,3,0.5425880204701592,0.7545963193101053
8,3,0.5425880204701592,0.7037883554399547
8,3,0.5425880204701592,0.7037883554399547
8,3,0.5425880204701592,0.7545963193101053
8,3,0.5226740145854105,0.7545963193101053
8,3,0.6819860616633999,0.3989405722190513
8,3,0.6819860616633999,0.44974853608920196
8,3,0.6620720557786512,0.44974853608920196
8,3,0.6819860616633999,0.44974853608920196
8,3,0.6620720557786512,0.5005564999593526
8,3,0.6620720557786512,0.44974853608920196
8,3,0.6620720557786512,0.44974853608920196
8,3,0.6620720557786512,0.5005564999593526
8,3,0.6421580498939026,0.5005564999593526
8,3,0.6620720557786512,0.5005564999593526
8,3,0.6421580498939026,0.5513644638295032
8,3,0.6421580498939026,0.5005564999593526
8,3,0.6421580498939026,0.5005564999593526
8,3,0.6421580498939026,0.5513644638295032
8,3,0.6222440440091539,0.5513644638295032
8,3,0.6421580498939026,0.5513644638295032
8,3,0.6222440440091539,0.6021724276996538
8,3,0.6222440440091539,0.5513644638295032
8,3,0.6222440440091539,0.5513644638295032
8,3,0.6222440440091539,0.6021724276996538
8,3,0.6023300381244052,0.6021724276996538
8,3,0.6222440440091539,0.6021724276996538
8,3,0.6023300381244052,0.6529803915698045
8,3,0.6023300381244052,0.6021724276996538
8,3,0.6023300381244052,0.6021724276996538
8,3,0.6023300381244052,0.6529803915698045
8,3,0.5824160322396565,0.6529803915698045
8,3,0.6023300381244052,0.6529803915698045
8,3,0.5824160322396565,0.7037883554399551
8,3,0.5824160322396565,0.6529803915698045
8,3,0.5824160322396565,0.6529803915698045
8,3,0.5824160322396565,0.7037883554399551
8,3,0.5625020263549079,0.7037883554399547
8,3,0.5824160322396565,0.7037883554399551
8,3,0.5625020263549079,0.7545963193101053
8,3,0.5625020263549079,0.7037883554399547
8,3,0.5625020263549079,0.7037883554399547
8,3,0.5625020263549079,0.7545963193101053
8,3,0.5425880204701592,0.7545963193101053
8,3,0.6819860616633999,0.44974853608920196
8,3,0.6819860616633999,0.5005564999593526
8,3,0.6620720557786512,0.5005564999593526
8,3,0.6819860616633999,0.5005564999593526
8,3,0.6620720557786512,0.5513644638295032
8,3,0.6620720557786512,0.5005564999593526
8,3,0.6620720557786512,0.5005564999593526
8,3,0.6620720557786512,0.5513644638295032
8,3,0.6421580498939026,0.5513644638295032
8,3,0.6620720557786512,0.5513644638295032
8,3,0.6421580498939026,0.6021724276996538
8,3,0.6421580498939026,0.5513644638295032
8,3,0.6421580498939026,0.5513644638295032
8,3,0.6421580498939026,0.6021724276996538
8,3,0.6222440440091539,0.6021724276996538
8,3,0.6421580498939026,0.6021724276996538
8,3,0.6222440440091539,0.6529803915698045
8,3,0.6222440440091539,0.6021724276996538
8,3,0.6222440440091539,0.6021724276996538
8,3,0.6222440440091539,0.6529803915698045
8,3,0.6023300381244052,0.6529803915698045
8,3,0.6222440440091539,0.6529803915698045
8,3,0.6023300381244052,0.7037883554399547
8,3,0.6023300381244052,0.6529803915698045
8,3,0.6023300381244052,0.6529803915698045
8,3,0.6023300381244052,0.7037883554399547
8,3,0.5824160322396565,0.7037883554399551
8,3,0.6023300381244052,0.7037883554399547
8,3,0.5824160322396565,0.7545963193101053
8,3,0.5824160322396565,0.7037883554399551
8,3,0.5824160322396565,0.7037883554399551
8,3,0.5824160322396565,0.7545963193101053
8,3,0.5625020263549079,0.7545963193101053
8,3,0.6819860616633999,0.5005564999593526
8,3,0.6819860616633999,0.5513644638295032
8,3,0.6620720557786512,0.5513644638295032
8,3,0.6819860616633999,0.5513644638295032
8,3,0.6620720557786512,0.6021724276996538
8,3,0.6620720557786512,0.5513644638295032
8,3,0.6620720557786512,0.5513644638295032
8,3,0.6620720557786512,0.6021724276996538
8,3,0.6421580498939026,0.6021724276996538
8,3,0.6620720557786512,0.6021724276996538
8,3,0.6421580498939026,0.6529803915698045
8,3,0.6421580498939026,0.6021724276996538
8,3,0.6421580498939026,0.6021724276996538
8,3,0.6421580498939026,0.6529803915698045
8,3,0.6222440440091539,0.6529803915698045
8,3,0.6421580498939026,0.6529803915698045
8,3,0.6222440440091539,0.7037883554399551
8,3,0.6222440440091539,0.6529803915698045
8,3,0.6222440440091539,0.6529803915698045
8,3,0.6222440440091539,0.7037883554399551
8,3,0.6023300381244052,0.7037883554399547
8,3,0.6222440440091539,0.7037883554399551
8,3,0.6023300381244052,0.7545963193101053
8,3,0.6023300381244052,0.7037883554399547
8,3,0.6023300381244052,0.7037883554399547
8,3,0.6023300381244052,0.7545963193101053
8,3,0.5824160322396565,0.7545963193101053
8,3,0.6819860616633999,0.5513644638295032
8,3,0.6819860616633999,0.6021724276996538
8,3,0.6620720557786512,0.6021724276996538
8,3,0.6819860616633999,0.6021724276996538
8,3,0.6620720557786512,0.6529803915698045
8,3,0.6620720557786512,0.6021724276996538
8,3,0.6620720557786512,0.6021724276996538
8,3,0.6620720557786512,0.6529803915698045
8,3,0.6421580498939026,0.6529803915698045
8,3,0.6620720557786512,0.6529803915698045
8,3,0.6421580498939026,0.7037883554399551
8,3,0.6421580498939026,0.6529803915698045
8,3,0.6421580498939026,0.6529803915698045
8,3,0.6421580498939026,0.7037883554399551
8,3,0.6222440440091539,0.7037883554399551
8,3,0.6421580498939026,0.7037883554399551
8,3,0.6222440440091539,0.7545963193101053
8,3,0.6222440440091539,0.7037883554399551
8,3,0.6222440440091539,0.7037883554399551
8,3,0.6222440440091539,0.7545963193101053
8,3,0.6023300381244052,0.7545963193101053
8,3,0.6819860616633999,0.6021724276996538
8,3,0.6819860616633999,0.6529803915698045
8,3,0.6620720557786512,0.6529803915698045
8,3,0.6819860616633999,0.6529803915698045
8,3,0.6620720557786512,0.7037883554399551
8,3,0.6620720557786512,0.6529803915698045
8,3,0.6620720557786512,0.6529803915698045
8,3,0.6620720557786512,0.7037883554399551
8,3,0.6421580498939026,0.7037883554399551
8,3,0.6620720557786512,0.7037883554399551
8,3,0.6421580498939026,0.7545963193101053
8,3,0.6421580498939026,0.7037883554399551
8,3,0.6421580498939026,0.7037883554399551
8,3,0.6421580498939026,0.7545963193101053
8,3,0.6222440440091539,0.7545963193101053
8,3,0.6819860616633999,0.6529803915698045
8,3,0.6819860616633999,0.7037883554399551
8,3,0.6620720557786512,0.7037883554399551
8,3,0.6819860616633999,0.7037883554399551
8,3,0.6620720557786512,0.7545963193101053
8,3,0.6620720557786512,0.7037883554399551
8,3,0.6620720557786512,0.7037883554399551
8,3,0.6620720557786512,0.7545963193101053
8,3,0.6421580498939026,0.7545963193101053
8,3,0.6819860616633999,0.7037883554399551
8,3,0.6819860616633999,0.7545963193101053
8,3,0.6620720557786512,0.7545963193101053
8,3,0.009999999999999787,0.5
7,3,0.8661698674840519,0.34150218446551195
7,3,0.8661698674840519,0.658497815534488
8,3,0.15383013251594768,0.34150218446551195
8,3,0.15383013251594768,0.658497815534488
7,3,0.8131393164505916,0.6258095347933743
7,3,0.8131393164505916,0.5995276454030676
7,3,0.8537999427460461,0.5995276454030676
7,3,0.8131393164505916,0.5995276454030676
7,3,0.8537999427460461,0.5732457560127613
7,3,0.8537999427460461,0.5995276454030676
7,3,0.8537999427460461,0.5995276454030676
7,3,0.8537999427460461,0.5732457560127613
7,3,0.8944605690415006,0.5732457560127613
7,3,0.8537999427460461,0.5732457560127613
7,3,0.8944605690415006,0.546963866622455
7,3,0.8944605690415006,0.5732457560127613
7,3,0.8944605690415006,0.5732457560127613
7,3,0.8944605690415006,0.546963866622455
7,3,0.9351211953369551,0.546963866622455
7,3,0.8944605690415006,0.546963866622455
7,3,0.9351211953369551,0.5206819772321483
7,3,0.9351211953369551,0.546963866622455
7,3,0.9351211953369551,0.546963866622455
7,3,0.9351211953369551,0.5206819772321483
7,3,0.9757818216324106,0.5206819772321483
7,3,0.9351211953369551,0.5206819772321483
7,3,0.9757818216324106,0.494400087841842
7,3,0.9757818216324106,0.5206819772321483
7,3,0.9757818216324106,0.5206819772321483
7,3,0.9757818216324106,0.494400087841842
8,3,0.01644244792786509,0.494400087841842
7,3,0.8131393164505916,0.5995276454030676
7,3,0.8131393164505916,0.5732457560127613
7,3,0.8537999427460461,0.5732457560127613
7,3,0.8131393164505916,0.5732457560127613
7,3,0.8537999427460461,0.546963866622455
7,3,0.8537999427460461,0.5732457560127613
7,3,0.8537999427460461,0.5732457560127613
7,3,0.8537999427460461,0.546963866622455
7,3,0.8944605690415006,0.546963866622455
7,3,0.8537999427460461,0.546963866622455
7,3,0.8944605690415006,0.5206819772321483
7,3,0.8944605690415006,0.546963866622455
7,3,0.8944605690415006,0.546963866622455
7,3,0.8944605690415006,0.5206819772321483
7,3,0.9351211953369551,0.5206819772321483
7,3,0.8944605690415006,0.5206819772321483
7,3,0.9351211953369551,0.494400087841842
7,3,0.9351211953369551,0.5206819772321483
7,3,0.9351211953369551,0.5206819772321483
7,3,0.9351211953369551,0.494400087841842
7,3,0.9757818216324106,0.494400087841842
7,3,0.8131393164505916,0.5732457560127613
7,3,0.8131393164505916,0.546963866622455
7,3,0.8537999427460461,0.546963866622455
7,3,0.8131393164505916,0.546963866622455
7,3,0.8537999427460461,0.5206819772321487
7,3,0.8537999427460461,0.546963866622455
7,3,0.8537999427460461,0.546963866622455
7,3,0.8537999427460461,0.5206819772321487
7,3,0.8944605690415006,0.5206819772321483
7,3,0.8537999427460461,0.5206819772321487
7,3,0.8944605690415006,0.494400087841842
7,3,0.8944605690415006,0.5206819772321483
7,3,0.8944605690415006,0.5206819772321483
7,3,0.8944605690415006,0.494400087841842
7,3,0.9351211953369551,0.494400087841842
7,3,0.8131393164505916,0.546963866622455
7,3,0.8131393164505916,0.5206819772321487
7,3,0.8537999427460461,0.5206819772321487
7,3,0.8131393164505916,0.5206819772321487
7,3,0.8537999427460461,0.494400087841842
7,3,0.8537999427460461,0.5206819772321487
7,3,0.8537999427460461,0.5206819772321487
7,3,0.8537999427460461,0.494400087841842
7,3,0.8944605690415006,0.494400087841842
7,3,0.8131393164505916,0.5206819772321487
7,3,0.8131393164505916,0.494400087841842
7,3,0.8537999427460461,0.494400087841842
8,3,0.01644244792786509,0.494400087841842
8,3,0.01644244792786509,0.5206819772321483
7,3,0.9757818216324106,0.5206819772321487
8,3,0.01644244792786509,0.5206819772321483
7,3,0.9757818216324106,0.546963866622455
7,3,0.9757818216324106,0.5206819772321487
7,3,0.9757818216324106,0.5206819772321487
7,3,0.9757818216324106,0.546963866622455
7,3,0.9351211953369551,0.546963866622455
7,3,0.9757818216324106,0.546963866622455
7,3,0.9351211953369551,0.5732457560127613
7,3,0.9351211953369551,0.546963866622455
7,3,0.9351211953369551,0.546963866622455
7,3,0.9351211953369551,0.5732457560127613
7,3,0.8944605690415006,0.5732457560127613
7,3,0.9351211953369551,0.5732457560127613
7,3,0.8944605690415006,0.5995276454030676
7,3,0.8944605690415006,0.5732457560127613
7,3,0.8944605690415006,0.5732457560127613
7,3,0.8944605690415006,0.5995276454030676
7,3,0.8537999427460461,0.5995276454030676
7,3,0.8944605690415006,0.5995276454030676
7,3,0.8537999427460461,0.6258095347933743
7,3,0.8537999427460461,0.5995276454030676
7,3,0.8537999427460461,0.5995276454030676
7,3,0.8537999427460461,0.6258095347933743
7,3,0.8131393164505916,0.6258095347933743
8,3,0.01644244792786509,0.5206819772321483
8,3,0.01644244792786509,0.546963866622455
7,3,0.9757818216324106,0.546963866622455
8,3,0.01644244792786509,0.546963866622455
7,3,0.9757818216324106,0.5732457560127613
7,3,0.9757818216324106,0.546963866622455
7,3,0.9757818216324106,0.546963866622455
7,3,0.9757818216324106,0.5732457560127613
7,3,0.9351211953369551,0.5732457560127613
7,3,0.9757818216324106,0.5732457560127613
7,3,0.9351211953369551,0.5995276454030676
7,3,0.9351211953369551,0.5732457560127613
7,3,0.9351211953369551,0.5732457560127613
7,3,0.9351211953369551,0.5995276454030676
7,3,0.8944605690415006,0.5995276454030676
7,3,0.9351211953369551,0.5995276454030676
7,3,0.8944605690415006,0.6258095347933743
7,3,0.8944605690415006,0.5995276454030676
7,3,0.8944605690415006,0.5995276454030676
7,3,0.8944605690415006,0.6258095347933743
7,3,0.8537999427460461,0.6258095347933743
8,3,0.01644244792786509,0.546963866622455
8,3,0.01644244792786509,0.5732457560127613
7,3,0.9757818216324106,0.5732457560127613
8,3,0.01644244792786509,0.5732457560127613
7,3,0.9757818216324106,0.5995276454030676
7,3,0.9757818216324106,0.5732457560127613
7,3,0.9757818216324106,0.5732457560127613
7,3,0.9757818216324106,0.5995276454030676
7,3,0.9351211953369551,0.5995276454030676
7,3,0.9757818216324106,0.5995276454030676
7,3,0.9351211953369551,0.6258095347933743
7,3,0.9351211953369551,0.5995276454030676
7,3,0.9351211953369551,0.5995276454030676
7,3,0.9351211953369551,0.6258095347933743
7,3,0.8944605690415006,0.6258095347933743
8,3,0.01644244792786509,0.5732457560127613
8,3,0.01644244792786509,0.5995276454030676
7,3,0.9757818216324106,0.5995276454030676
8,3,0.01644244792786509,0.5995276454030676
7,3,0.9757818216324106,0.6258095347933743
7,3,0.9757818216324106,0.5995276454030676
7,3,0.9757818216324106,0.5995276454030676
7,3,0.9757818216324106,0.6258095347933743
7,3,0.9351211953369551,0.6258095347933743
8,3,0.01644244792786509,0.5995276454030676
8,3,0.01644244792786509,0.6258095347933743
7,3,0.9757818216324106,0.6258095347933743
8,3,0.01644244792786509,0.6258095347933743
8,3,0.01644244792786509,0.5995276454030676
8,3,0.05710307422331873,0.5995276454030676
8,3,0.01644244792786509,0.5995276454030676
8,3,0.05710307422331873,0.5732457560127613
8,3,0.05710307422331873,0.5995276454030676
8,3,0.05710307422331873,0.5995276454030676
8,3,0.05710307422331873,0.5732457560127613
8,3,0.09776370051877414,0.5732457560127613
8,3,0.05710307422331873,0.5732457560127613
8,3,0.09776370051877414,0.546963866622455
8,3,0.09776370051877414,0.5732457560127613
8,3,0.09776370051877414,0.5732457560127613
8,3,0.09776370051877414,0.546963866622455
8,3,0.13842432681422956,0.546963866622455
8,3,0.09776370051877414,0.546963866622455
8,3,0.13842432681422956,0.5206819772321483
8,3,0.13842432681422956,0.546963866622455
8,3,0.13842432681422956,0.546963866622455
8,3,0.13842432681422956,0.5206819772321483
8,3,0.1790849531096832,0.5206819772321483
8,3,0.13842432681422956,0.5206819772321483
8,3,0.1790849531096832,0.494400087841842
8,3,0.1790849531096832,0.5206819772321483
8,3,0.1790849531096832,0.5206819772321483
8,3,0.1790849531096832,0.494400087841842
8,3,0.2197455794051386,0.494400087841842
8,3,0.01644244792786509,0.5995276454030676
8,3,0.01644244792786509,0.5732457560127613
8,3,0.05710307422331873,0.5732457560127613
8,3,0.01644244792786509,0.5732457560127613
8,3,0.05710307422331873,0.546963866622455
8,3,0.05710307422331873,0.5732457560127613
8,3,0.05710307422331873,0.5732457560127613
8,3,0.05710307422331873,0.546963866622455
8,3,0.09776370051877414,0.546963866622455
8,3,0.05710307422331873,0.546963866622455
8,3,0.09776370051877414,0.5206819772321483
8,3,0.09776370051877414,0.546963866622455
8,3,0.09776370051877414,0.546963866622455
8,3,0.09776370051877414,0.5206819772321483
8,3,0.13842432681422956,0.5206819772321483
8,3,0.09776370051877414,0.5206819772321483
8,3,0.13842432681422956,0.494400087841842
8,3,0.13842432681422956,0.5206819772321483
8,3,0.13842432681422956,0.5206819772321483
8,3,0.13842432681422956,0.494400087841842
8,3,0.1790849531096832,0.494400087841842
8,3,0.01644244792786509,0.5732457560127613
8,3,0.01644244792786509,0.546963866622455
8,3,0.05710307422331873,0.546963866622455
8,3,0.01644244792786509,0.546963866622455
8,3,0.05710307422331873,0.5206819772321483
8,3,0.05710307422331873,0.546963866622455
8,3,0.05710307422331873,0.546963866622455
8,3,0.05710307422331873,0.5206819772321483
8,3,0.09776370051877414,0.5206819772321483
8,3,0.05710307422331873,0.5206819772321483
8,3,0.09776370051877414,0.494400087841842
8,3,0.09776370051877414,0.5206819772321483
8,3,0.09776370051877414,0.5206819772321483
8,3,0.09776370051877414,0.494400087841842
8,3,0.13842432681422956,0.494400087841842
8,3,0.01644244792786509,0.546963866622455
8,3,0.01644244792786509,0.5206819772321483
8,3,0.05710307422331873,0.5206819772321483
8,3,0.01644244792786509,0.5206819772321483
8,3,0.05710307422331873,0.494400087841842
8,3,0.05710307422331873,0.5206819772321483
8,3,0.05710307422331873,0.5206819772321483
8,3,0.05710307422331873,0.494400087841842
8,3,0.09776370051877414,0.494400087841842
8,3,0.01644244792786509,0.5206819772321483
8,3,0.01644244792786509,0.494400087841842
8,3,0.05710307422331873,0.494400087841842
8,3,0.2197455794051386,0.494400087841842
8,3,0.2197455794051386,0.5206819772321483
8,3,0.1790849531096832,0.5206819772321483
8,3,0.2197455794051386,0.5206819772321483
8,3,0.1790849531096832,0.546963866622455
8,3,0.1790849531096832,0.5206819772321483
8,3,0.1790849531096832,0.5206819772321483
8,3,0.1790849531096832,0.546963866622455
8,3,0.13842432681422956,0.546963866622455
8,3,0.1790849531096832,0.546963866622455
8,3,0.13842432681422956,0.5732457560127613
8,3,0.13842432681422956,0.546963866622455
8,3,0.13842432681422956,0.546963866622455
8,3,0.13842432681422956,0.5732457560127613
8,3,0.09776370051877414,0.5732457560127613
8,3,0.13842432681422956,0.5732457560127613
8,3,0.09776370051877414,0.5995276454030676
8,3,0.09776370051877414,0.5732457560127613
8,3,0.09776370051877414,0.5732457560127613
8,3,0.09776370051877414,0.5995276454030676
8,3,0.05710307422331873,0.5995276454030676
8,3,0.09776370051877414,0.5995276454030676
8,3,0.05710307422331873,0.6258095347933743
8,3,0.05710307422331873,0.5995276454030676
8,3,0.05710307422331873,0.5995276454030676
8,3,0.05710307422331873,0.6258095347933743
8,3,0.01644244792786509,0.6258095347933743
8,3,0.2197455794051386,0.5206819772321483
8,3,0.2197455794051386,0.546963866622455
8,3,0.1790849531096832,0.546963866622455
8,3,0.2197455794051386,0.546963866622455
8,3,0.1790849531096832,0.5732457560127613
8,3,0.1790849531096832,0.546963866622455
8,3,0.1790849531096832,0.546963866622455
8,3,0.1790849531096832,0.5732457560127613
8,3,0.13842432681422956,0.5732457560127613
8,3,0.1790849531096832,0.5732457560127613
8,3,0.13842432681422956,0.5995276454030676
8,3,0.13842432681422956,0.5732457560127613
8,3,0.13842432681422956,0.5732457560127613
8,3,0.13842432681422956,0.5995276454030676
8,3,0.09776370051877414,0.5995276454030676
8,3,0.13842432681422956,0.5995276454030676
8,3,0.09776370051877414,0.6258095347933743
8,3,0.09776370051877414,0.5995276454030676
8,3,0.09776370051877414,0.5995276454030676
8,3,0.09776370051877414,0.6258095347933743
8,3,0.05710307422331873,0.6258095347933743
8,3,0.2197455794051386,0.546963866622455
8,3,0.2197455794051386,0.5732457560127613
8,3,0.1790849531096832,0.5732457560127613
8,3,0.2197455794051386,0.5732457560127613
8,3,0.1790849531096832,0.5995276454030676
8,3,0.1790849531096832,0.5732457560127613
8,3,0.1790849531096832,0.5732457560127613
8,3,0.1790849531096832,0.5995276454030676
8,3,0.13842432681422956,0.5995276454030676
8,3,0.1790849531096832,0.5995276454030676
8,3,0.13842432681422956,0.6258095347933739
8,3,0.13842432681422956,0.5995276454030676
8,3,0.13842432681422956,0.5995276454030676
8,3,0.13842432681422956,0.6258095347933739
8,3,0.09776370051877414,0.6258095347933743
8,3,0.2197455794051386,0.5732457560127613
8,3,0.2197455794051386,0.5995276454030676
8,3,0.1790849531096832,0.5995276454030676
8,3,0.2197455794051386,0.5995276454030676
8,3,0.1790849531096832,0.6258095347933739
8,3,0.1790849531096832,0.5995276454030676
8,3,0.1790849531096832,0.5995276454030676
8,3,0.1790849531096832,0.6258095347933739
8,3,0.13842432681422956,0.6258095347933739
8,3,0.2197455794051386,0.5995276454030676
8,3,0.2197455794051386,0.6258095347933739
8,3,0.1790849531096832,0.6258095347933739
7,3,0.8131393164505916,0.6258095347933743
7,3,0.8537999427460461,0.6258095347933743
7,3,0.8537999427460461,0.6521253362990227
7,3,0.8537999427460461,0.6258095347933743
7,3,0.8944605690415006,0.6521253362990227
7,3,0.8537999427460461,0.6521253362990227
7,3,0.8537999427460461,0.6521253362990227
7,3,0.8944605690415006,0.6521253362990227
7,3,0.8944605690415006,0.6784411378046715
7,3,0.8944605690415006,0.6521253362990227
7,3,0.9351211953369551,0.6784411378046715
7,3,0.8944605690415006,0.6784411378046715
7,3,0.8944605690415006,0.6784411378046715
7,3,0.9351211953369551,0.6784411378046715
7,3,0.9351211953369551,0.7047569393103204
7,3,0.9351211953369551,0.6784411378046715
7,3,0.9757818216324106,0.7047569393103204
7,3,0.9351211953369551,0.7047569393103204
7,3,0.9351211953369551,0.7047569393103204
7,3,0.9757818216324106,0.7047569393103204
7,3,0.9757818216324106,0.7310727408159692
7,3,0.9757818216324106,0.7047569393103204
8,3,0.01644244792786509,0.7310727408159692
7,3,0.9757818216324106,0.7310727408159692
7,3,0.9757818216324106,0.7310727408159692
8,3,0.01644244792786509,0.7310727408159692
8,3,0.01644244792786509,0.7573885423216176
7,3,0.8537999427460461,0.6258095347933743
7,3,0.8944605690415006,0.6258095347933743
7,3,0.8944605690415006,0.6521253362990227
7,3,0.8944605690415006,0.6258095347933743
7,3,0.9351211953369551,0.6521253362990227
7,3,0.8944605690415006,0.6521253362990227
7,3,0.8944605690415006,0.6521253362990227
7,3,0.9351211953369551,0.6521253362990227
7,3,0.9351211953369551,0.6784411378046715
7,3,0.9351211953369551,0.6521253362990227
7,3,0.9757818216324106,0.6784411378046715
7,3,0.9351211953369551,0.6784411378046715
7,3,0.9351211953369551,0.6784411378046715
7,3,0.9757818216324106,0.6784411378046715
7,3,0.9757818216324106,0.7047569393103204
7,3,0.9757818216324106,0.6784411378046715
8,3,0.01644244792786509,0.7047569393103204
7,3,0.9757818216324106,0.7047569393103204
7,3,0.9757818216324106,0.7047569393103204
8,3,0.01644244792786509,0.7047569393103204
8,3,0.01644244792786509,0.7310727408159692
7,3,0.8944605690415006,0.6258095347933743
7,3,0.9351211953369551,0.6258095347933743
7,3,0.9351211953369551,0.6521253362990227
7,3,0.9351211953369551,0.6258095347933743
7,3,0.9757818216324106,0.6521253362990227
7,3,0.9351211953369551,0.6521253362990227
7,3,0.9351211953369551,0.6521253362990227
7,3,0.9757818216324106,0.6521253362990227
7,3,0.9757818216324106,0.6784411378046715
7,3,0.9757818216324106,0.6521253362990227
8,3,0.01644244792786509,0.6784411378046715
7,3,0.9757818216324106,0.6784411378046715
7,3,0.9757818216324106,0.6784411378046715
8,3,0.01644244792786509,0.6784411378046715
8,3,0.01644244792786509,0.7047569393103204
7,3,0.9351211953369551,0.6258095347933743
7,3,0.9757818216324106,0.6258095347933743
7,3,0.9757818216324106,0.6521253362990227
7,3,0.9757818216324106,0.6258095347933743
8,3,0.01644244792786509,0.6521253362990227
7,3,0.9757818216324106,0.6521253362990227
7,3,0.9757818216324106,0.6521253362990227
8,3,0.01644244792786509,0.6521253362990227
8,3,0.01644244792786509,0.6784411378046715
7,3,0.9757818216324106,0.6258095347933743
8,3,0.01644244792786509,0.6258095347933743
8,3,0.01644244792786509,0.6521253362990227
8,3,0.01644244792786509,0.7573885423216176
7,3,0.9757818216324106,0.7573885423216176
7,3,0.9757818216324106,0.7310727408159692
7,3,0.9757818216324106,0.7573885423216176
7,3,0.9351211953369551,0.7310727408159692
7,3,0.9757818216324106,0.7310727408159692
7,3,0.9757818216324106,0.7310727408159692
7,3,0.9351211953369551,0.7310727408159692
7,3,0.9351211953369551,0.7047569393103204
7,3,0.9351211953369551,0.7310727408159692
7,3,0.8944605690415006,0.7047569393103204
7,3,0.9351211953369551,0.7047569393103204
7,3,0.9351211953369551,0.7047569393103204
7,3,0.8944605690415006,0.7047569393103204
7,3,0.8944605690415006,0.6784411378046715
7,3,0.8944605690415006,0.7047569393103204
7,3,0.8537999427460461,0.6784411378046715
7,3,0.8944605690415006,0.6784411378046715
7,3,0.8944605690415006,0.6784411378046715
7,3,0.8537999427460461,0.6784411378046715
7,3,0.8537999427460461,0.6521253362990227
7,3,0.8537999427460461,0.6784411378046715
7,3,0.8131393164505916,0.6521253362990227
7,3,0.8537999427460461,0.6521253362990227
7,3,0.8537999427460461,0.6521253362990227
7,3,0.8131393164505916,0.6521253362990227
7,3,0.8131393164505916,0.6258095347933743
7,3,0.9757818216324106,0.7573885423216176
7,3,0.9351211953369551,0.7573885423216176
7,3,0.9351211953369551,0.7310727408159692
7,3,0.9351211953369551,0.7573885423216176
7,3,0.8944605690415006,0.7310727408159692
7,3,0.9351211953369551,0.7310727408159692
7,3,0.9351211953369551,0.7310727408159692
7,3,0.8944605690415006,0.7310727408159692
7,3,0.8944605690415006,0.7047569393103204
7,3,0.8944605690415006,0.7310727408159692
7,3,0.8537999427460461,0.7047569393103204
7,3,0.8944605690415006,0.7047569393103204
7,3,0.8944605690415006,0.7047569393103204
7,3,0.8537999427460461,0.7047569393103204
7,3,0.8537999427460461,0.6784411378046715
7,3,0.8537999427460461,0.7047569393103204
7,3,0.8131393164505916,0.6784411378046715
7,3,0.8537999427460461,0.6784411378046715
7,3,0.8537999427460461,0.6784411378046715
7,3,0.8131393164505916,0.6784411378046715
7,3,0.8131393164505916,0.6521253362990227
7,3,0.9351211953369551,0.7573885423216176
7,3,0.8944605690415006,0.7573885423216176
7,3,0.8944605690415006,0.7310727408159692
7,3,0.8944605690415006,0.7573885423216176
7,3,0.8537999427460461,0.7310727408159692
7,3,0.8944605690415006,0.7310727408159692
7,3,0.8944605690415006,0.7310727408159692
7,3,0.8537999427460461,0.7310727408159692
7,3,0.8537999427460461,0.7047569393103204
7,3,0.8537999427460461,0.7310727408159692
7,3,0.8131393164505916,0.7047569393103204
7,3,0.8537999427460461,0.7047569393103204
7,3,0.8537999427460461,0.7047569393103204
7,3,0.8131393164505916,0.7047569393103204
7,3,0.8131393164505916,0.6784411378046715
7,3,0.8944605690415006,0.7573885423216176
7,3,0.8537999427460461,0.7573885423216176
7,3,0.8537999427460461,0.7310727408159692
7,3,0.8537999427460461,0.7573885423216176
7,3,0.8131393164505916,0.7310727408159692
7,3,0.8537999427460461,0.7310727408159692
7,3,0.8537999427460461,0.7310727408159692
7,3,0.8131393164505916,0.7310727408159692
7,3,0.8131393164505916,0.7047569393103204
7,3,0.8537999427460461,0.7573885423216176
7,3,0.8131393164505916,0.7573885423216176
7,3,0.8131393164505916,0.7310727408159692
8,3,0.01644244792786509,0.6258095347933743
8,3,0.05710307422331873,0.6258095347933743
8,3,0.05710307422331873,0.6521253362990227
8,3,0.05710307422331873,0.6258095347933743
8,3,0.09776370051877414,0.6521253362990227
8,3,0.05710307422331873,0.6521253362990227
8,3,0.05710307422331873,0.6521253362990227
8,3,0.09776370051877414,0.6521253362990227
8,3,0.09776370051877414,0.6784411378046715
8,3,0.09776370051877414,0.6521253362990227
8,3,0.13842432681422956,0.6784411378046715
8,3,0.09776370051877414,0.6784411378046715
8,3,0.09776370051877414,0.6784411378046715
8,3,0.13842432681422956,0.6784411378046715
8,3,0.13842432681422956,0.7047569393103204
8,3,0.13842432681422956,0.6784411378046715
8,3,0.1790849531096832,0.7047569393103204
8,3,0.13842432681422956,0.7047569393103204
8,3,0.13842432681422956,0.7047569393103204
8,3,0.1790849531096832,0.7047569393103204
8,3,0.1790849531096832,0.7310727408159692
8,3,0.1790849531096832,0.7047569393103204
8,3,0.2197455794051386,0.7310727408159692
8,3,0.1790849531096832,0.7310727408159692
8,3,0.1790849531096832,0.7310727408159692
8,3,0.2197455794051386,0.7310727408159692
8,3,0.2197455794051386,0.7573885423216176
8,3,0.05710307422331873,0.6258095347933743
8,3,0.09776370051877414,0.6258095347933743
8,3,0.09776370051877414,0.6521253362990227
8,3,0.09776370051877414,0.6258095347933743
8,3,0.13842432681422956,0.6521253362990227
8,3,0.09776370051877414,0.6521253362990227
8,3,0.09776370051877414,0.6521253362990227
8,3,0.13842432681422956,0.6521253362990227
8,3,0.13842432681422956,0.6784411378046715
8,3,0.13842432681422956,0.6521253362990227
8,3,0.1790849531096832,0.6784411378046715
8,3,0.13842432681422956,0.6784411378046715
8,3,0.13842432681422956,0.6784411378046715
8,3,0.1790849531096832,0.6784411378046715
8,3,0.1790849531096832,0.7047569393103204
8,3,0.1790849531096832,0.6784411378046715
8,3,0.2197455794051386,0.7047569393103204
8,3,0.1790849531096832,0.7047569393103204
8,3,0.1790849531096832,0.7047569393103204
8,3,0.2197455794051386,0.7047569393103204
8,3,0.2197455794051386,0.7310727408159692
8,3,0.09776370051877414,0.6258095347933743
8,3,0.13842432681422956,0.6258095347933739
8,3,0.13842432681422956,0.6521253362990227
8,3,0.13842432681422956,0.6258095347933739
8,3,0.1790849531096832,0.6521253362990227
8,3,0.13842432681422956,0.6521253362990227
8,3,0.13842432681422956,0.6521253362990227
8,3,0.1790849531096832,0.6521253362990227
8,3,0.1790849531096832,0.6784411378046715
8,3,0.1790849531096832,0.6521253362990227
8,3,0.2197455794051386,0.6784411378046715
8,3,0.1790849531096832,0.6784411378046715
8,3,0.1790849531096832,0.6784411378046715
8,3,0.2197455794051386,0.6784411378046715
8,3,0.2197455794051386,0.7047569393103204
8,3,0.13842432681422956,0.6258095347933739
8,3,0.1790849531096832,0.6258095347933739
8,3,0.1790849531096832,0.6521253362990227
8,3,0.1790849531096832,0.6258095347933739
8,3,0.2197455794051386,0.6521253362990227
8,3,0.1790849531096832,0.6521253362990227
8,3,0.1790849531096832,0.6521253362990227
8,3,0.2197455794051386,0.6521253362990227
8,3,0.2197455794051386,0.6784411378046715
8,3,0.1790849531096832,0.6258095347933739
8,3,0.2197455794051386,0.6258095347933739
8,3,0.2197455794051386,0.6521253362990227
8,3,0.2197455794051386,0.7573885423216176
8,3,0.1790849531096832,0.7573885423216176
8,3,0.1790849531096832,0.7310727408159692
8,3,0.1790849531096832,0.7573885423216176
8,3,0.13842432681422956,0.7310727408159692
8,3,0.1790849531096832,0.7310727408159692
8,3,0.1790849531096832,0.7310727408159692
8,3,0.13842432681422956,0.7310727408159692
8,3,0.13842432681422956,0.7047569393103204
8,3,0.13842432681422956,0.7310727408159692
8,3,0.09776370051877414,0.7047569393103204
8,3,0.13842432681422956,0.7047569393103204
8,3,0.13842432681422956,0.7047569393103204
8,3,0.09776370051877414,0.7047569393103204
8,3,0.09776370051877414,0.6784411378046715
8,3,0.09776370051877414,0.7047569393103204
8,3,0.05710307422331873,0.6784411378046715
8,3,0.09776370051877414,0.6784411378046715
8,3,0.09776370051877414,0.6784411378046715
8,3,0.05710307422331873,0.6784411378046715
8,3,0.05710307422331873,0.6521253362990227
8,3,0.05710307422331873,0.6784411378046715
8,3,0.01644244792786509,0.6521253362990227
8,3,0.05710307422331873,0.6521253362990227
8,3,0.05710307422331873,0.6521253362990227
8,3,0.01644244792786509,0.6521253362990227
8,3,0.01644244792786509,0.6258095347933743
8,3,0.1790849531096832,0.7573885423216176
8,3,0.13842432681422956,0.7573885423216176
8,3,0.13842432681422956,0.7310727408159692
8,3,0.13842432681422956,0.7573885423216176
8,3,0.09776370051877414,0.7310727408159692
8,3,0.13842432681422956,0.7310727408159692
8,3,0.13842432681422956,0.7310727408159692
8,3,0.09776370051877414,0.7310727408159692
8,3,0.09776370051877414,0.7047569393103204
8,3,0.09776370051877414,0.7310727408159692
8,3,0.05710307422331873,0.7047569393103204
8,3,0.09776370051877414,0.7047569393103204
8,3,0.09776370051877414,0.7047569393103204
8,3,0.05710307422331873,0.7047569393103204
8,3,0.05710307422331873,0.6784411378046715
8,3,0.05710307422331873,0.7047569393103204
8,3,0.01644244792786509,0.6784411378046715
8,3,0.05710307422331873,0.6784411378046715
8,3,0.05710307422331873,0.6784411378046715
8,3,0.01644244792786509,0.6784411378046715
8,3,0.01644244792786509,0.6521253362990227
8,3,0.13842432681422956,0.7573885423216176
8,3,0.09776370051877414,0.7573885423216176
8,3,0.09776370051877414,0.7310727408159692
8,3,0.09776370051877414,0.7573885423216176
8,3,0.05710307422331873,0.7310727408159692
8,3,0.09776370051877414,0.7310727408159692
8,3,0.09776370051877414,0.7310727408159692
8,3,0.05710307422331873,0.7310727408159692
8,3,0.05710307422331873,0.7047569393103204
8,3,0.05710307422331873,0.7310727408159692
8,3,0.01644244792786509,0.7047569393103204
8,3,0.05710307422331873,0.7047569393103204
8,3,0.05710307422331873,0.7047569393103204
8,3,0.01644244792786509,0.7047569393103204
8,3,0.01644244792786509,0.6784411378046715
8,3,0.09776370051877414,0.7573885423216176
8,3,0.05710307422331873,0.7573885423216176
8,3,0.05710307422331873,0.7310727408159692
8,3,0.05710307422331873,0.7573885423216176
8,3,0.01644244792786509,0.7310727408159692
8,3,0.05710307422331873,0.7310727408159692
8,3,0.05710307422331873,0.7310727408159692
8,3,0.01644244792786509,0.7310727408159692
8,3,0.01644244792786509,0.7047569393103204
8,3,0.05710307422331873,0.7573885423216176
8,3,0.01644244792786509,0.7573885423216176
8,3,0.01644244792786509,0.7310727408159692
8,3,0.241279772647518,0.5274644003006146
8,3,0.241279772647518,0.5491257639755283
8,3,0.18606660985578571,0.5491257639755283
8,3,0.241279772647518,0.5491257639755283
8,3,0.18606660985578571,0.5707871276504424
8,3,0.18606660985578571,0.5491257639755283
8,3,0.18606660985578571,0.5491257639755283
8,3,0.18606660985578571,0.5707871276504424
8,3,0.13085344706405344,0.5707871276504424
8,3,0.18606660985578571,0.5707871276504424
8,3,0.13085344706405344,0.592448491325356
8,3,0.13085344706405344,0.5707871276504424
8,3,0.13085344706405344,0.5707871276504424
8,3,0.13085344706405344,0.592448491325356
8,3,0.07564028427232117,0.592448491325356
8,3,0.13085344706405344,0.592448491325356
8,3,0.07564028427232117,0.6141098550002702
8,3,0.07564028427232117,0.592448491325356
8,3,0.07564028427232117,0.592448491325356
8,3,0.07564028427232117,0.6141098550002702
8,3,0.020427121480588895,0.6141098550002702
8,3,0.07564028427232117,0.6141098550002702
8,3,0.020427121480588895,0.6357712186751838
8,3,0.020427121480588895,0.6141098550002702
8,3,0.020427121480588895,0.6141098550002702
8,3,0.020427121480588895,0.6357712186751838
7,3,0.9652139586888566,0.6357712186751838
8,3,0.020427121480588895,0.6357712186751838
7,3,0.9652139586888566,0.6574325823500975
7,3,0.9652139586888566,0.6357712186751838
7,3,0.9652139586888566,0.6357712186751838
7,3,0.9652139586888566,0.6574325823500975
7,3,0.9100007958971243,0.6574325823500975
7,3,0.9652139586888566,0.6574325823500975
7,3,0.9100007958971243,0.6790939460250116
7,3,0.9100007958971243,0.6574325823500975
7,3,0.9100007958971243,0.6574325823500975
7,3,0.9100007958971243,0.6790939460250116
7,3,0.8547876331053912,0.6790939460250116
7,3,0.9100007958971243,0.6790939460250116
7,3,0.8547876331053912,0.7007553096999253
7,3,0.8547876331053912,0.6790939460250116
7,3,0.8547876331053912,0.6790939460250116
7,3,0.8547876331053912,0.7007553096999253
7,3,0.7995744703136589,0.7007553096999253
8,3,0.241279772647518,0.5491257639755283
8,3,0.241279772647518,0.5707871276504424
8,3,0.18606660985578571,0.5707871276504424
8,3,0.241279772647518,0.5707871276504424
8,3,0.18606660985578571,0.592448491325356
8,3,0.18606660985578571,0.5707871276504424
8,3,0.18606660985578571,0.5707871276504424
8,3,0.18606660985578571,0.592448491325356
8,3,0.13085344706405344,0.592448491325356
8,3,0.18606660985578571,0.592448491325356
8,3,0.13085344706405344,0.6141098550002702
8,3,0.13085344706405344,0.592448491325356
8,3,0.13085344706405344,0.592448491325356
8,3,0.13085344706405344,0.6141098550002702
8,3,0.07564028427232117,0.6141098550002702
8,3,0.13085344706405344,0.6141098550002702
8,3,0.07564028427232117,0.6357712186751838
8,3,0.07564028427232117,0.6141098550002702
8,3,0.07564028427232117,0.6141098550002702
8,3,0.07564028427232117,0.6357712186751838
8,3,0.020427121480588895,0.6357712186751838
8,3,0.07564028427232117,0.6357712186751838
8,3,0.020427121480588895,0.6574325823500975
8,3,0.020427121480588895,0.6357712186751838
8,3,0.020427121480588895,0.6357712186751838
8,3,0.020427121480588895,0.6574325823500975
7,3,0.9652139586888566,0.6574325823500975
8,3,0.020427121480588895,0.6574325823500975
7,3,0.9652139586888566,0.6790939460250116
7,3,0.9652139586888566,0.6574325823500975
7,3,0.9652139586888566,0.6574325823500975
7,3,0.9652139586888566,0.6790939460250116
7,3,0.9100007958971243,0.6790939460250116
7,3,0.9652139586888566,0.6790939460250116
7,3,0.9100007958971243,0.7007553096999253
7,3,0.9100007958971243,0.6790939460250116
7,3,0.9100007958971243,0.6790939460250116
7,3,0.9100007958971243,0.7007553096999253
7,3,0.8547876331053912,0.7007553096999253
8,3,0.241279772647518,0.5707871276504424
8,3,0.241279772647518,0.592448491325356
8,3,0.18606660985578571,0.592448491325356
8,3,0.241279772647518,0.592448491325356
8,3,0.18606660985578571,0.6141098550002697
8,3,0.18606660985578571,0.592448491325356
8,3,0.18606660985578571,0.592448491325356
8,3,0.18606660985578571,0.6141098550002697
8,3,0.13085344706405344,0.6141098550002702
8,3,0.18606660985578571,0.6141098550002697
8,3,0.13085344706405344,0.6357712186751838
8,3,0.13085344706405344,0.6141098550002702
8,3,0.13085344706405344,0.6141098550002702
8,3,0.13085344706405344,0.6357712186751838
8,3,0.07564028427232117,0.6357712186751838
8,3,0.13085344706405344,0.6357712186751838
8,3,0.07564028427232117,0.6574325823500975
8,3,0.07564028427232117,0.6357712186751838
8,3,0.07564028427232117,0.6357712186751838
8,3,0.07564028427232117,0.6574325823500975
8,3,0.020427121480588895,0.6574325823500975
8,3,0.07564028427232117,0.6574325823500975
8,3,0.020427121480588895,0.6790939460250116
8,3,0.020427121480588895,0.6574325823500975
8,3,0.020427121480588895,0.6574325823500975
8,3,0.020427121480588895,0.6790939460250116
7,3,0.9652139586888566,0.6790939460250116
8,3,0.020427121480588895,0.6790939460250116
7,3,0.9652139586888566,0.7007553096999253
7,3,0.9652139586888566,0.6790939460250116
7,3,0.9652139586888566,0.6790939460250116
7,3,0.9652139586888566,0.7007553096999253
7,3,0.9100007958971243,0.7007553096999253
8,3,0.241279772647518,0.592448491325356
8,3,0.241279772647518,0.6141098550002697
8,3,0.18606660985578571,0.6141098550002697
8,3,0.241279772647518,0.6141098550002697
8,3,0.18606660985578571,0.6357712186751838
8,3,0.18606660985578571,0.6141098550002697
8,3,0.18606660985578571,0.6141098550002697
8,3,0.18606660985578571,0.6357712186751838
8,3,0.13085344706405344,0.6357712186751838
8,3,0.18606660985578571,0.6357712186751838
8,3,0.13085344706405344,0.6574325823500975
8,3,0.13085344706405344,0.6357712186751838
8,3,0.13085344706405344,0.6357712186751838
8,3,0.13085344706405344,0.6574325823500975
8,3,0.07564028427232117,0.6574325823500975
8,3,0.13085344706405344,0.6574325823500975
8,3,0.07564028427232117,0.6790939460250116
8,3,0.07564028427232117,0.6574325823500975
8,3,0.07564028427232117,0.6574325823500975
8,3,0.07564028427232117,0.6790939460250116
8,3,0.020427121480588895,0.6790939460250116
8,3,0.07564028427232117,0.6790939460250116
8,3,0.020427121480588895,0.7007553096999253
8,3,0.020427121480588895,0.6790939460250116
8,3,0.020427121480588895,0.6790939460250116
8,3,0.020427121480588895,0.7007553096999253
7,3,0.9652139586888566,0.7007553096999253
8,3,0.241279772647518,0.6141098550002697
8,3,0.241279772647518,0.6357712186751838
8,3,0.18606660985578571,0.6357712186751838
8,3,0.241279772647518,0.6357712186751838
8,3,0.18606660985578571,0.6574325823500975
8,3,0.18606660985578571,0.6357712186751838
8,3,0.18606660985578571,0.6357712186751838
8,3,0.18606660985578571,0.6574325823500975
8,3,0.13085344706405344,0.6574325823500975
8,3,0.18606660985578571,0.6574325823500975
8,3,0.13085344706405344,0.6790939460250116
8,3,0.13085344706405344,0.6574325823500975
8,3,0.13085344706405344,0.6574325823500975
8,3,0.13085344706405344,0.6790939460250116
8,3,0.07564028427232117,0.6790939460250116
8,3,0.13085344706405344,0.6790939460250116
8,3,0.07564028427232117,0.7007553096999253
8,3,0.07564028427232117,0.6790939460250116
8,3,0.07564028427232117,0.6790939460250116
8,3,0.07564028427232117,0.7007553096999253
8,3,0.020427121480588895,0.7007553096999253
8,3,0.241279772647518,0.6357712186751838
8,3,0.241279772647518,0.6574325823500975
8,3,0.18606660985578571,0.6574325823500975
8,3,0.241279772647518,0.6574325823500975
8,3,0.18606660985578571,0.6790939460250116
8,3,0.18606660985578571,0.6574325823500975
8,3,0.18606660985578571,0.6574325823500975
8,3,0.18606660985578571,0.6790939460250116
8,3,0.13085344706405344,0.6790939460250116
8,3,0.18606660985578571,0.6790939460250116
8,3,0.13085344706405344,0.7007553096999253
8,3,0.13085344706405344,0.6790939460250116
8,3,0.13085344706405344,0.6790939460250116
8,3,0.13085344706405344,0.7007553096999253
8,3,0.07564028427232117,0.7007553096999253
8,3,0.241279772647518,0.6574325823500975
8,3,0.241279772647518,0.6790939460250112
8,3,0.18606660985578571,0.6790939460250116
8,3,0.241279772647518,0.6790939460250112
8,3,0.18606660985578571,0.7007553096999253
8,3,0.18606660985578571,0.6790939460250116
8,3,0.18606660985578571,0.6790939460250116
8,3,0.18606660985578571,0.7007553096999253
8,3,0.13085344706405344,0.7007553096999253
8,3,0.241279772647518,0.6790939460250112
8,3,0.241279772647518,0.7007553096999253
8,3,0.18606660985578571,0.7007553096999253
7,3,0.7995744703136589,0.7007553096999253
7,3,0.7995744703136589,0.6790939460250116
7,3,0.8547876331053912,0.6790939460250116
7,3,0.7995744703136589,0.6790939460250116
7,3,0.8547876331053912,0.6574325823500975
7,3,0.8547876331053912,0.6790939460250116
7,3,0.8547876331053912,0.6790939460250116
7,3,0.8547876331053912,0.6574325823500975
7,3,0.9100007958971243,0.6574325823500975
7,3,0.8547876331053912,0.6574325823500975
7,3,0.9100007958971243,0.6357712186751838
7,3,0.9100007958971243,0.6574325823500975
7,3,0.9100007958971243,0.6574325823500975
7,3,0.9100007958971243,0.6357712186751838
7,3,0.9652139586888566,0.6357712186751838
7,3,0.9100007958971243,0.6357712186751838
7,3,0.9652139586888566,0.6141098550002702
7,3,0.9652139586888566,0.6357712186751838
7,3,0.9652139586888566,0.6357712186751838
7,3,0.9652139586888566,0.6141098550002702
8,3,0.020427121480588895,0.6141098550002702
7,3,0.9652139586888566,0.6141098550002702
8,3,0.020427121480588895,0.592448491325356
8,3,0.020427121480588895,0.6141098550002702
8,3,0.020427121480588895,0.6141098550002702
8,3,0.020427121480588895,0.592448491325356
8,3,0.07564028427232117,0.592448491325356
8,3,0.020427121480588895,0.592448491325356
8,3,0.07564028427232117,0.5707871276504424
8,3,0.07564028427232117,0.592448491325356
8,3,0.07564028427232117,0.592448491325356
8,3,0.07564028427232117,0.5707871276504424
8,3,0.13085344706405344,0.5707871276504424
8,3,0.07564028427232117,0.5707871276504424
8,3,0.13085344706405344,0.5491257639755283
8,3,0.13085344706405344,0.5707871276504424
8,3,0.13085344706405344,0.5707871276504424
8,3,0.13085344706405344,0.5491257639755283
8,3,0.18606660985578571,0.5491257639755283
8,3,0.13085344706405344,0.5491257639755283
8,3,0.18606660985578571,0.5274644003006146
8,3,0.18606660985578571,0.5491257639755283
8,3,0.18606660985578571,0.5491257639755283
8,3,0.18606660985578571,0.5274644003006146
8,3,0.241279772647518,0.5274644003006146
7,3,0.7995744703136589,0.6790939460250116
7,3,0.7995744703136589,0.6574325823500975
7,3,0.8547876331053912,0.6574325823500975
7,3,0.7995744703136589,0.6574325823500975
7,3,0.8547876331053912,0.6357712186751838
7,3,0.8547876331053912,0.6574325823500975
7,3,0.8547876331053912,0.6574325823500975
7,3,0.8547876331053912,0.6357712186751838
7,3,0.9100007958971243,0.6357712186751838
7,3,0.8547876331053912,0.6357712186751838
7,3,0.9100007958971243,0.6141098550002702
7,3,0.9100007958971243,0.6357712186751838
7,3,0.9100007958971243,0.6357712186751838
7,3,0.9100007958971243,0.6141098550002702
7,3,0.9652139586888566,0.6141098550002702
7,3,0.9100007958971243,0.6141098550002702
7,3,0.9652139586888566,0.592448491325356
7,3,0.9652139586888566,0.6141098550002702
7,3,0.9652139586888566,0.6141098550002702
7,3,0.9652139586888566,0.592448491325356
8,3,0.020427121480588895,0.592448491325356
7,3,0.9652139586888566,0.592448491325356
8,3,0.020427121480588895,0.5707871276504424
8,3,0.020427121480588895,0.592448491325356
8,3,0.020427121480588895,0.592448491325356
8,3,0.020427121480588895,0.5707871276504424
8,3,0.07564028427232117,0.5707871276504424
8,3,0.020427121480588895,0.5707871276504424
8,3,0.07564028427232117,0.5491257639755283
8,3,0.07564028427232117,0.5707871276504424
8,3,0.07564028427232117,0.5707871276504424
8,3,0.07564028427232117,0.5491257639755283
8,3,0.13085344706405344,0.5491257639755283
8,3,0.07564028427232117,0.5491257639755283
8,3,0.13085344706405344,0.5274644003006146
8,3,0.13085344706405344,0.5491257639755283
8,3,0.13085344706405344,0.5491257639755283
8,3,0.13085344706405344,0.5274644003006146
8,3,0.18606660985578571,0.5274644003006146
7,3,0.7995744703136589,0.6574325823500975
7,3,0.7995744703136589,0.6357712186751838
7,3,0.8547876331053912,0.6357712186751838
7,3,0.7995744703136589,0.6357712186751838
7,3,0.8547876331053912,0.6141098550002702
7,3,0.8547876331053912,0.6357712186751838
7,3,0.8547876331053912,0.6357712186751838
7,3,0.8547876331053912,0.6141098550002702
7,3,0.9100007958971243,0.6141098550002702
7,3,0.8547876331053912,0.6141098550002702
7,3,0.9100007958971243,0.592448491325356
7,3,0.9100007958971243,0.6141098550002702
7,3,0.9100007958971243,0.6141098550002702
7,3,0.9100007958971243,0.592448491325356
7,3,0.9652139586888566,0.592448491325356
7,3,0.9100007958971243,0.592448491325356
7,3,0.9652139586888566,0.5707871276504424
7,3,0.9652139586888566,0.592448491325356
7,3,0.9652139586888566,0.592448491325356
7,3,0.9652139586888566,0.5707871276504424
8,3,0.020427121480588895,0.5707871276504424
7,3,0.9652139586888566,0.5707871276504424
8,3,0.020427121480588895,0.5491257639755283
8,3,0.020427121480588895,0.5707871276504424
8,3,0.020427121480588895,0.5707871276504424
8,3,0.020427121480588895,0.5491257639755283
8,3,0.07564028427232117,0.5491257639755283
8,3,0.020427121480588895,0.5491257639755283
8,3,0.07564028427232117,0.5274644003006146
8,3,0.07564028427232117,0.5491257639755283
8,3,0.07564028427232117,0.5491257639755283
8,3,0.07564028427232117,0.5274644003006146
8,3,0.13085344706405344,0.5274644003006146
7,3,0.7995744703136589,0.6357712186751838
7,3,0.7995744703136589,0.6141098550002702
7,3,0.8547876331053912,0.6141098550002702
7,3,0.7995744703136589,0.6141098550002702
7,3,0.8547876331053912,0.592448491325356
7,3,0.8547876331053912,0.6141098550002702
7,3,0.8547876331053912,0.6141098550002702
7,3,0.8547876331053912,0.592448491325356
7,3,0.9100007958971243,0.592448491325356
7,3,0.8547876331053912,0.592448491325356
7,3,0.9100007958971243,0.5707871276504424
7,3,0.9100007958971243,0.592448491325356
7,3,0.9100007958971243,0.592448491325356
7,3,0.9100007958971243,0.5707871276504424
7,3,0.9652139586888566,0.5707871276504424
7,3,0.9100007958971243,0.5707871276504424
7,3,0.9652139586888566,0.5491257639755283
7,3,0.9652139586888566,0.5707871276504424
7,3,0.9652139586888566,0.5707871276504424
7,3,0.9652139586888566,0.5491257639755283
8,3,0.020427121480588895,0.5491257639755283
7,3,0.9652139586888566,0.5491257639755283
8,3,0.020427121480588895,0.5274644003006146
8,3,0.020427121480588895,0.5491257639755283
8,3,0.020427121480588895,0.5491257639755283
8,3,0.020427121480588895,0.5274644003006146
8,3,0.07564028427232117,0.5274644003006146
7,3,0.7995744703136589,0.6141098550002702
7,3,0.7995744703136589,0.592448491325356
7,3,0.8547876331053912,0.592448491325356
7,3,0.7995744703136589,0.592448491325356
7,3,0.8547876331053912,0.5707871276504424
7,3,0.8547876331053912,0.592448491325356
7,3,0.8547876331053912,0.592448491325356
7,3,0.8547876331053912,0.5707871276504424
7,3,0.9100007958971243,0.5707871276504424
7,3,0.8547876331053912,0.5707871276504424
7,3,0.9100007958971243,0.5491257639755287
7,3,0.9100007958971243,0.5707871276504424
7,3,0.9100007958971243,0.5707871276504424
7,3,0.9100007958971243,0.5491257639755287
7,3,0.9652139586888566,0.5491257639755283
7,3,0.9100007958971243,0.5491257639755287
7,3,0.9652139586888566,0.5274644003006146
7,3,0.9652139586888566,0.5491257639755283
7,3,0.9652139586888566,0.5491257639755283
7,3,0.9652139586888566,0.5274644003006146
8,3,0.020427121480588895,0.5274644003006146
7,3,0.7995744703136589,0.592448491325356
7,3,0.7995744703136589,0.5707871276504424
7,3,0.8547876331053912,0.5707871276504424
7,3,0.7995744703136589,0.5707871276504424
7,3,0.8547876331053912,0.5491257639755287
7,3,0.8547876331053912,0.5707871276504424
7,3,0.8547876331053912,0.5707871276504424
7,3,0.8547876331053912,0.5491257639755287
7,3,0.9100007958971243,0.5491257639755287
7,3,0.8547876331053912,0.5491257639755287
7,3,0.9100007958971243,0.5274644003006146
7,3,0.9100007958971243,0.5491257639755287
7,3,0.9100007958971243,0.5491257639755287
7,3,0.9100007958971243,0.5274644003006146
7,3,0.9652139586888566,0.5274644003006146
7,3,0.7995744703136589,0.5707871276504424
7,3,0.7995744703136589,0.5491257639755287
7,3,0.8547876331053912,0.5491257639755287
7,3,0.7995744703136589,0.5491257639755287
7,3,0.8547876331053912,0.5274644003006146
7,3,0.8547876331053912,0.5491257639755287
7,3,0.8547876331053912,0.5491257639755287
7,3,0.8547876331053912,0.5274644003006146
7,3,0.9100007958971243,0.5274644003006146
7,3,0.7995744703136589,0.5491257639755287
7,3,0.7995744703136589,0.5274644003006146
7,3,0.8547876331053912,0.5274644003006146
8,3,0.241279772647518,0.5274644003006146
8,3,0.18606660985578571,0.5274644003006146
8,3,0.18606660985578571,0.505760646481523
8,3,0.18606660985578571,0.5274644003006146
8,3,0.13085344706405344,0.505760646481523
8,3,0.18606660985578571,0.505760646481523
8,3,0.18606660985578571,0.505760646481523
8,3,0.13085344706405344,0.505760646481523
8,3,0.13085344706405344,0.48405689266243135
8,3,0.13085344706405344,0.505760646481523
8,3,0.07564028427232117,0.48405689266243135
8,3,0.13085344706405344,0.48405689266243135
8,3,0.13085344706405344,0.48405689266243135
8,3,0.07564028427232117,0.48405689266243135
8,3,0.07564028427232117,0.4623531388433393
8,3,0.07564028427232117,0.48405689266243135
8,3,0.020427121480588895,0.4623531388433393
8,3,0.07564028427232117,0.4623531388433393
8,3,0.07564028427232117,0.4623531388433393
8,3,0.020427121480588895,0.4623531388433393
8,3,0.020427121480588895,0.44064938502424766
8,3,0.020427121480588895,0.4623531388433393
7,3,0.9652139586888566,0.44064938502424766
8,3,0.020427121480588895,0.44064938502424766
8,3,0.020427121480588895,0.44064938502424766
7,3,0.9652139586888566,0.44064938502424766
7,3,0.9652139586888566,0.41894563120515604
7,3,0.9652139586888566,0.44064938502424766
7,3,0.9100007958971243,0.41894563120515604
7,3,0.9652139586888566,0.41894563120515604
7,3,0.9652139586888566,0.41894563120515604
7,3,0.9100007958971243,0.41894563120515604
7,3,0.9100007958971243,0.3972418773860644
7,3,0.9100007958971243,0.41894563120515604
7,3,0.8547876331053912,0.3972418773860644
7,3,0.9100007958971243,0.3972418773860644
7,3,0.9100007958971243,0.3972418773860644
7,3,0.8547876331053912,0.3972418773860644
7,3,0.8547876331053912,0.37553812356697236
7,3,0.8547876331053912,0.3972418773860644
7,3,0.7995744703136589,0.37553812356697236
7,3,0.8547876331053912,0.37553812356697236
7,3,0.8547876331053912,0.37553812356697236
7,3,0.7995744703136589,0.37553812356697236
7,3,0.7995744703136589,0.35383436974788074
8,3,0.18606660985578571,0.5274644003006146
8,3,0.13085344706405344,0.5274644003006146
8,3,0.13085344706405344,0.505760646481523
8,3,0.13085344706405344,0.5274644003006146
8,3,0.07564028427232117,0.505760646481523
8,3,0.13085344706405344,0.505760646481523
8,3,0.13085344706405344,0.505760646481523
8,3,0.07564028427232117,0.505760646481523
8,3,0.07564028427232117,0.48405689266243135
8,3,0.07564028427232117,0.505760646481523
8,3,0.020427121480588895,0.48405689266243135
8,3,0.07564028427232117,0.48405689266243135
8,3,0.07564028427232117,0.48405689266243135
8,3,0.020427121480588895,0.48405689266243135
8,3,0.020427121480588895,0.4623531388433393
8,3,0.020427121480588895,0.48405689266243135
7,3,0.9652139586888566,0.4623531388433393
8,3,0.020427121480588895,0.4623531388433393
8,3,0.020427121480588895,0.4623531388433393
7,3,0.9652139586888566,0.4623531388433393
7,3,0.9652139586888566,0.44064938502424766
7,3,0.9652139586888566,0.4623531388433393
7,3,0.9100007958971243,0.44064938502424766
7,3,0.9652139586888566,0.44064938502424766
7,3,0.9652139586888566,0.44064938502424766
7,3,0.9100007958971243,0.44064938502424766
7,3,0.9100007958971243,0.41894563120515604
7,3,0.9100007958971243,0.44064938502424766
7,3,0.8547876331053912,0.41894563120515604
7,3,0.9100007958971243,0.41894563120515604
7,3,0.9100007958971243,0.41894563120515604
7,3,0.8547876331053912,0.41894563120515604
7,3,0.8547876331053912,0.3972418773860644
7,3,0.8547876331053912,0.41894563120515604
7,3,0.7995744703136589,0.3972418773860644
7,3,0.8547876331053912,0.3972418773860644
7,3,0.8547876331053912,0.3972418773860644
7,3,0.7995744703136589,0.3972418773860644
7,3,0.7995744703136589,0.37553812356697236
8,3,0.13085344706405344,0.5274644003006146
8,3,0.07564028427232117,0.5274644003006146
8,3,0.07564028427232117,0.505760646481523
8,3,0.07564028427232117,0.5274644003006146
8,3,0.020427121480588895,0.505760646481523
8,3,0.07564028427232117,0.505760646481523
8,3,0.07564028427232117,0.505760646481523
8,3,0.020427121480588895,0.505760646481523
8,3,0.020427121480588895,0.48405689266243135
8,3,0.020427121480588895,0.505760646481523
7,3,0.9652139586888566,0.48405689266243135
8,3,0.020427121480588895,0.48405689266243135
8,3,0.020427121480588895,0.48405689266243135
7,3,0.9652139586888566,0.48405689266243135
7,3,0.9652139586888566,0.4623531388433393
7,3,0.9652139586888566,0.48405689266243135
7,3,0.9100007958971243,0.4623531388433393
7,3,0.9652139586888566,0.4623531388433393
7,3,0.9652139586888566,0.4623531388433393
7,3,0.9100007958971243,0.4623531388433393
7,3,0.9100007958971243,0.44064938502424766
7,3,0.9100007958971243,0.4623531388433393
7,3,0.8547876331053912,0.44064938502424766
7,3,0.9100007958971243,0.44064938502424766
7,3,0.9100007958971243,0.44064938502424766
7,3,0.8547876331053912,0.44064938502424766
7,3,0.8547876331053912,0.41894563120515604
7,3,0.8547876331053912,0.44064938502424766
7,3,0.7995744703136589,0.41894563120515604
7,3,0.8547876331053912,0.41894563120515604
7,3,0.8547876331053912,0.41894563120515604
7,3,0.7995744703136589,0.41894563120515604
7,3,0.7995744703136589,0.3972418773860644
8,3,0.07564028427232117,0.5274644003006146
8,3,0.020427121480588895,0.5274644003006146
8,3,0.020427121480588895,0.505760646481523
8,3,0.020427121480588895,0.5274644003006146
7,3,0.9652139586888566,0.505760646481523
8,3,0.020427121480588895,0.505760646481523
8,3,0.020427121480588895,0.505760646481523
7,3,0.9652139586888566,0.505760646481523
7,3,0.9652139586888566,0.48405689266243135
7,3,0.9652139586888566,0.505760646481523
7,3,0.9100007958971243,0.48405689266243135
7,3,0.9652139586888566,0.48405689266243135
7,3,0.9652139586888566,0.48405689266243135
7,3,0.9100007958971243,0.48405689266243135
7,3,0.9100007958971243,0.4623531388433393
7,3,0.9100007958971243,0.48405689266243135
7,3,0.8547876331053912,0.4623531388433393
7,3,0.9100007958971243,0.4623531388433393
7,3,0.9100007958971243,0.4623531388433393
7,3,0.8547876331053912,0.4623531388433393
7,3,0.8547876331053912,0.44064938502424766
7,3,0.8547876331053912,0.4623531388433393
7,3,0.7995744703136589,0.44064938502424766
7,3,0.8547876331053912,0.44064938502424766
7,3,0.8547876331053912,0.44064938502424766
7,3,0.7995744703136589,0.44064938502424766
7,3,0.7995744703136589,0.41894563120515604
8,3,0.020427121480588895,0.5274644003006146
7,3,0.9652139586888566,0.5274644003006146
7,3,0.9652139586888566,0.505760646481523
7,3,0.9652139586888566,0.5274644003006146
7,3,0.9100007958971243,0.505760646481523
7,3,0.9652139586888566,0.505760646481523
7,3,0.9652139586888566,0.505760646481523
7,3,0.9100007958971243,0.505760646481523
7,3,0.9100007958971243,0.48405689266243135
7,3,0.9100007958971243,0.505760646481523
7,3,0.8547876331053912,0.48405689266243135
7,3,0.9100007958971243,0.48405689266243135
7,3,0.9100007958971243,0.48405689266243135
7,3,0.8547876331053912,0.48405689266243135
7,3,0.8547876331053912,0.4623531388433393
7,3,0.8547876331053912,0.48405689266243135
7,3,0.7995744703136589,0.4623531388433393
7,3,0.8547876331053912,0.4623531388433393
7,3,0.8547876331053912,0.4623531388433393
7,3,0.7995744703136589,0.4623531388433393
7,3,0.7995744703136589,0.44064938502424766
7,3,0.9652139586888566,0.5274644003006146
7,3,0.9100007958971243,0.5274644003006146
7,3,0.9100007958971243,0.505760646481523
7,3,0.9100007958971243,0.5274644003006146
7,3,0.8547876331053912,0.505760646481523
7,3,0.9100007958971243,0.505760646481523
7,3,0.9100007958971243,0.505760646481523
7,3,0.8547876331053912,0.505760646481523
7,3,0.8547876331053912,0.48405689266243135
7,3,0.8547876331053912,0.505760646481523
7,3,0.7995744703136589,0.48405689266243135
7,3,0.8547876331053912,0.48405689266243135
7,3,0.8547876331053912,0.48405689266243135
7,3,0.7995744703136589,0.48405689266243135
7,3,0.7995744703136589,0.4623531388433393
7,3,0.9100007958971243,0.5274644003006146
7,3,0.8547876331053912,0.5274644003006146
7,3,0.8547876331053912,0.505760646481523
7,3,0.8547876331053912,0.5274644003006146
7,3,0.7995744703136589,0.505760646481523
7,3,0.8547876331053912,0.505760646481523
7,3,0.8547876331053912,0.505760646481523
7,3,0.7995744703136589,0.505760646481523
7,3,0.7995744703136589,0.48405689266243135
7,3,0.8547876331053912,0.5274644003006146
7,3,0.7995744703136589,0.5274644003006146
7,3,0.7995744703136589,0.505760646481523
7,3,0.7995744703136589,0.35383436974788074
7,3,0.8547876331053912,0.35383436974788074
7,3,0.8547876331053912,0.37553812356697236
7,3,0.8547876331053912,0.35383436974788074
7,3,0.9100007958971243,0.37553812356697236
7,3,0.8547876331053912,0.37553812356697236
7,3,0.8547876331053912,0.37553812356697236
7,3,0.9100007958971243,0.37553812356697236
7,3,0.9100007958971243,0.3972418773860644
7,3,0.9100007958971243,0.37553812356697236
7,3,0.9652139586888566,0.3972418773860644
7,3,0.9100007958971243,0.3972418773860644
7,3,0.9100007958971243,0.3972418773860644
7,3,0.9652139586888566,0.3972418773860644
7,3,0.9652139586888566,0.41894563120515604
7,3,0.9652139586888566,0.3972418773860644
8,3,0.020427121480588895,0.41894563120515604
7,3,0.9652139586888566,0.41894563120515604
7,3,0.9652139586888566,0.41894563120515604
8,3,0.020427121480588895,0.41894563120515604
8,3,0.020427121480588895,0.44064938502424766
8,3,0.020427121480588895,0.41894563120515604
8,3,0.07564028427232117,0.44064938502424766
8,3,0.020427121480588895,0.44064938502424766
8,3,0.020427121480588895,0.44064938502424766
8,3,0.07564028427232117,0.44064938502424766
8,3,0.07564028427232117,0.4623531388433393
8,3,0.07564028427232117,0.44064938502424766
8,3,0.13085344706405344,0.4623531388433393
8,3,0.07564028427232117,0.4623531388433393
8,3,0.07564028427232117,0.4623531388433393
8,3,0.13085344706405344,0.4623531388433393
8,3,0.13085344706405344,0.48405689266243135
8,3,0.13085344706405344,0.4623531388433393
8,3,0.18606660985578571,0.48405689266243135
8,3,0.13085344706405344,0.48405689266243135
8,3,0.13085344706405344,0.48405689266243135
8,3,0.18606660985578571,0.48405689266243135
8,3,0.18606660985578571,0.505760646481523
8,3,0.18606660985578571,0.48405689266243135
8,3,0.241279772647518,0.505760646481523
8,3,0.18606660985578571,0.505760646481523
8,3,0.18606660985578571,0.505760646481523
8,3,0.241279772647518,0.505760646481523
8,3,0.241279772647518,0.5274644003006146
7,3,0.8547876331053912,0.35383436974788074
7,3,0.9100007958971243,0.35383436974788074
7,3,0.9100007958971243,0.37553812356697236
7,3,0.9100007958971243,0.35383436974788074
7,3,0.9652139586888566,0.37553812356697236
7,3,0.9100007958971243,0.37553812356697236
7,3,0.9100007958971243,0.37553812356697236
7,3,0.9652139586888566,0.37553812356697236
7,3,0.9652139586888566,0.3972418773860644
7,3,0.9652139586888566,0.37553812356697236
8,3,0.020427121480588895,0.3972418773860644
7,3,0.9652139586888566,0.3972418773860644
7,3,0.9652139586888566,0.3972418773860644
8,3,0.020427121480588895,0.3972418773860644
8,3,0.020427121480588895,0.41894563120515604
8,3,0.020427121480588895,0.3972418773860644
8,3,0.07564028427232117,0.41894563120515604
8,3,0.020427121480588895,0.41894563120515604
8,3,0.020427121480588895,0.41894563120515604
8,3,0.07564028427232117,0.41894563120515604
8,3,0.07564028427232117,0.44064938502424766
8,3,0.07564028427232117,0.41894563120515604
8,3,0.13085344706405344,0.44064938502424766
8,3,0.07564028427232117,0.44064938502424766
8,3,0.07564028427232117,0.44064938502424766
8,3,0.13085344706405344,0.44064938502424766
8,3,0.13085344706405344,0.4623531388433393
8,3,0.13085344706405344,0.44064938502424766
8,3,0.18606660985578571,0.4623531388433393
8,3,0.13085344706405344,0.4623531388433393
8,3,0.13085344706405344,0.4623531388433393
8,3,0.18606660985578571,0.4623531388433393
8,3,0.18606660985578571,0.48405689266243135
8,3,0.18606660985578571,0.4623531388433393
8,3,0.241279772647518,0.48405689266243135
8,3,0.18606660985578571,0.48405689266243135
8,3,0.18606660985578571,0.48405689266243135
8,3,0.241279772647518,0.48405689266243135
8,3,0.241279772647518,0.505760646481523
7,3,0.9100007958971243,0.35383436974788074
7,3,0.9652139586888566,0.35383436974788074
7,3,0.9652139586888566,0.37553812356697236
7,3,0.9652139586888566,0.35383436974788074
8,3,0.020427121480588895,0.37553812356697236
7,3,0.9652139586888566,0.37553812356697236
7,3,0.9652139586888566,0.37553812356697236
8,3,0.020427121480588895,0.37553812356697236
8,3,0.020427121480588895,0.3972418773860644
8,3,0.020427121480588895,0.37553812356697236
8,3,0.07564028427232117,0.3972418773860644
8,3,0.020427121480588895,0.3972418773860644
8,3,0.020427121480588895,0.3972418773860644
8,3,0.07564028427232117,0.3972418773860644
8,3,0.07564028427232117,0.41894563120515604
8,3,0.07564028427232117,0.3972418773860644
8,3,0.13085344706405344,0.41894563120515604
8,3,0.07564028427232117,0.41894563120515604
8,3,0.07564028427232117,0.41894563120515604
8,3,0.13085344706405344,0.41894563120515604
8,3,0.13085344706405344,0.44064938502424766
8,3,0.13085344706405344,0.41894563120515604
8,3,0.18606660985578571,0.44064938502424766
8,3,0.13085344706405344,0.44064938502424766
8,3,0.13085344706405344,0.44064938502424766
8,3,0.18606660985578571,0.44064938502424766
8,3,0.18606660985578571,0.4623531388433393
8,3,0.18606660985578571,0.44064938502424766
8,3,0.241279772647518,0.4623531388433393
8,3,0.18606660985578571,0.4623531388433393
8,3,0.18606660985578571,0.4623531388433393
8,3,0.241279772647518,0.4623531388433393
8,3,0.241279772647518,0.48405689266243135
7,3,0.9652139586888566,0.35383436974788074
8,3,0.020427121480588895,0.35383436974788074
8,3,0.020427121480588895,0.37553812356697236
8,3,0.020427121480588895,0.35383436974788074
8,3,0.07564028427232117,0.37553812356697236
8,3,0.020427121480588895,0.37553812356697236
8,3,0.020427121480588895,0.37553812356697236
8,3,0.07564028427232117,0.37553812356697236
8,3,0.07564028427232117,0.3972418773860644
8,3,0.07564028427232117,0.37553812356697236
8,3,0.13085344706405344,0.3972418773860644
8,3,0.07564028427232117,0.3972418773860644
8,3,0.07564028427232117,0.3972418773860644
8,3,0.13085344706405344,0.3972418773860644
8,3,0.13085344706405344,0.41894563120515604
8,3,0.13085344706405344,0.3972418773860644
8,3,0.18606660985578571,0.41894563120515604
8,3,0.13085344706405344,0.41894563120515604
8,3,0.13085344706405344,0.41894563120515604
8,3,0.18606660985578571,0.41894563120515604
8,3,0.18606660985578571,0.44064938502424766
8,3,0.18606660985578571,0.41894563120515604
8,3,0.241279772647518,0.44064938502424766
8,3,0.18606660985578571,0.44064938502424766
8,3,0.18606660985578571,0.44064938502424766
8,3,0.241279772647518,0.44064938502424766
8,3,0.241279772647518,0.4623531388433393
8,3,0.020427121480588895,0.35383436974788074
8,3,0.07564028427232117,0.35383436974788074
8,3,0.07564028427232117,0.37553812356697236
8,3,0.07564028427232117,0.35383436974788074
8,3,0.13085344706405344,0.37553812356697236
8,3,0.07564028427232117,0.37553812356697236
8,3,0.07564028427232117,0.37553812356697236
8,3,0.13085344706405344,0.37553812356697236
8,3,0.13085344706405344,0.3972418773860644
8,3,0.13085344706405344,0.37553812356697236
8,3,0.18606660985578571,0.3972418773860644
8,3,0.13085344706405344,0.3972418773860644
8,3,0.13085344706405344,0.3972418773860644
8,3,0.18606660985578571,0.3972418773860644
8,3,0.18606660985578571,0.41894563120515604
8,3,0.18606660985578571,0.3972418773860644
8,3,0.241279772647518,0.41894563120515604
8,3,0.18606660985578571,0.41894563120515604
8,3,0.18606660985578571,0.41894563120515604
8,3,0.241279772647518,0.41894563120515604
8,3,0.241279772647518,0.44064938502424766
8,3,0.07564028427232117,0.35383436974788074
8,3,0.13085344706405344,0.35383436974788074
8,3,0.13085344706405344,0.37553812356697236
8,3,0.13085344706405344,0.35383436974788074
8,3,0.18606660985578571,0.37553812356697236
8,3,0.13085344706405344,0.37553812356697236
8,3,0.13085344706405344,0.37553812356697236
8,3,0.18606660985578571,0.37553812356697236
8,3,0.18606660985578571,0.3972418773860644
8,3,0.18606660985578571,0.37553812356697236
8,3,0.241279772647518,0.3972418773860644
8,3,0.18606660985578571,0.3972418773860644
8,3,0.18606660985578571,0.3972418773860644
8,3,0.241279772647518,0.3972418773860644
8,3,0.241279772647518,0.41894563120515604
8,3,0.13085344706405344,0.35383436974788074
8,3,0.18606660985578571,0.35383436974788074
8,3,0.18606660985578571,0.37553812356697236
8,3,0.18606660985578571,0.35383436974788074
8,3,0.241279772647518,0.37553812356697236
8,3,0.18606660985578571,0.37553812356697236
8,3,0.18606660985578571,0.37553812356697236
8,3,0.241279772647518,0.37553812356697236
8,3,0.241279772647518,0.3972418773860644
8,3,0.18606660985578571,0.35383436974788074
8,3,0.241279772647518,0.35383436974788074
8,3,0.241279772647518,0.37553812356697236
7,3,0.9593005335760374,0.7122854289163176
7,3,0.9389532643706389,0.7122854289163176
7,3,0.9389532643706389,0.6601172914813653
7,3,0.9389532643706389,0.7122854289163176
7,3,0.9186059951652403,0.6601172914813653
7,3,0.9389532643706389,0.6601172914813653
7,3,0.9389532643706389,0.6601172914813653
7,3,0.9186059951652403,0.6601172914813653
7,3,0.9186059951652403,0.607949154046413
7,3,0.9186059951652403,0.6601172914813653
7,3,0.8982587259598418,0.607949154046413
7,3,0.9186059951652403,0.607949154046413
7,3,0.9186059951652403,0.607949154046413
7,3,0.8982587259598418,0.607949154046413
7,3,0.8982587259598418,0.5557810166114607
7,3,0.8982587259598418,0.607949154046413
7,3,0.8779114567544433,0.5557810166114607
7,3,0.8982587259598418,0.5557810166114607
7,3,0.8982587259598418,0.5557810166114607
7,3,0.8779114567544433,0.5557810166114607
7,3,0.8779114567544433,0.5036128791765084
7,3,0.8779114567544433,0.5557810166114607
7,3,0.8575641875490447,0.5036128791765084
7,3,0.8779114567544433,0.5036128791765084
7,3,0.8779114567544433,0.5036128791765084
7,3,0.8575641875490447,0.5036128791765084
7,3,0.8575641875490447,0.4514447417415566
7,3,0.8575641875490447,0.5036128791765084
7,3,0.8372169183436462,0.4514447417415566
7,3,0.8575641875490447,0.4514447417415566
7,3,0.8575641875490447,0.4514447417415566
7,3,0.8372169183436462,0.4514447417415566
7,3,0.8372169183436462,0.3992766043066043
7,3,0.8372169183436462,0.4514447417415566
7,3,0.8168696491382477,0.3992766043066043
7,3,0.8372169183436462,0.3992766043066043
7,3,0.8372169183436462,0.3992766043066043
7,3,0.8168696491382477,0.3992766043066043
7,3,0.8168696491382477,0.347108466871652
7,3,0.8168696491382477,0.3992766043066043
7,3,0.7965223799328491,0.347108466871652
7,3,0.8168696491382477,0.347108466871652
7,3,0.8168696491382477,0.347108466871652
7,3,0.7965223799328491,0.347108466871652
7,3,0.7965223799328491,0.2949403294366997
7,3,0.7965223799328491,0.347108466871652
7,3,0.7761751107274506,0.2949403294366997
7,3,0.7965223799328491,0.2949403294366997
7,3,0.7965223799328491,0.2949403294366997
7,3,0.7761751107274506,0.2949403294366997
7,3,0.7761751107274506,0.24277219200174738
7,3,0.9389532643706389,0.7122854289163176
7,3,0.9186059951652403,0.7122854289163176
7,3,0.9186059951652403,0.6601172914813653
7,3,0.9186059951652403,0.7122854289163176
7,3,0.8982587259598418,0.6601172914813653
7,3,0.9186059951652403,0.6601172914813653
7,3,0.9186059951652403,0.6601172914813653
7,3,0.8982587259598418,0.6601172914813653
7,3,0.8982587259598418,0.607949154046413
7,3,0.8982587259598418,0.6601172914813653
7,3,0.8779114567544433,0.607949154046413
7,3,0.8982587259598418,0.607949154046413
7,3,0.8982587259598418,0.607949154046413
7,3,0.8779114567544433,0.607949154046413
7,3,0.8779114567544433,0.5557810166114607
7,3,0.8779114567544433,0.607949154046413
7,3,0.8575641875490447,0.5557810166114607
7,3,0.8779114567544433,0.5557810166114607
7,3,0.8779114567544433,0.5557810166114607
7,3,0.8575641875490447,0.5557810166114607
7,3,0.8575641875490447,0.5036128791765084
7,3,0.8575641875490447,0.5557810166114607
7,3,0.8372169183436462,0.5036128791765089
7,3,0.8575641875490447,0.5036128791765084
7,3,0.8575641875490447,0.5036128791765084
7,3,0.8372169183436462,0.5036128791765089
7,3,0.8372169183436462,0.4514447417415566
7,3,0.8372169183436462,0.5036128791765089
7,3,0.8168696491382477,0.4514447417415566
7,3,0.8372169183436462,0.4514447417415566
7,3,0.8372169183436462,0.4514447417415566
7,3,0.8168696491382477,0.4514447417415566
7,3,0.8168696491382477,0.3992766043066043
7,3,0.8168696491382477,0.4514447417415566
7,3,0.7965223799328491,0.3992766043066043
7,3,0.8168696491382477,0.3992766043066043
7,3,0.8168696491382477,0.3992766043066043
7,3,0.7965223799328491,0.3992766043066043
7,3,0.7965223799328491,0.347108466871652
7,3,0.7965223799328491,0.3992766043066043
7,3,0.7761751107274506,0.347108466871652
7,3,0.7965223799328491,0.347108466871652
7,3,0.7965223799328491,0.347108466871652
7,3,0.7761751107274506,0.347108466871652
7,3,0.7761751107274506,0.2949403294366997
7,3,0.9186059951652403,0.7122854289163176
7,3,0.8982587259598418,0.7122854289163176
7,3,0.8982587259598418,0.6601172914813653
7,3,0.8982587259598418,0.7122854289163176
7,3,0.8779114567544433,0.6601172914813653
7,3,0.8982587259598418,0.6601172914813653
7,3,0.8982587259598418,0.6601172914813653
7,3,0.8779114567544433,0.6601172914813653
7,3,0.8779114567544433,0.607949154046413
7,3,0.8779114567544433,0.6601172914813653
7,3,0.8575641875490447,0.607949154046413
7,3,0.8779114567544433,0.607949154046413
7,3,0.8779114567544433,0.607949154046413
7,3,0.8575641875490447,0.607949154046413
7,3,0.8575641875490447,0.5557810166114607
7,3,0.8575641875490447,0.607949154046413
7,3,0.8372169183436462,0.5557810166114607
7,3,0.8575641875490447,0.5557810166114607
7,3,0.8575641875490447,0.5557810166114607
7,3,0.8372169183436462,0.5557810166114607
7,3,0.8372169183436462,0.5036128791765089
7,3,0.8372169183436462,0.5557810166114607
7,3,0.8168696491382477,0.5036128791765084
7,3,0.8372169183436462,0.5036128791765089
7,3,0.8372169183436462,0.5036128791765089
7,3,0.8168696491382477,0.5036128791765084
7,3,0.8168696491382477,0.4514447417415566
7,3,0.8168696491382477,0.5036128791765084
7,3,0.7965223799328491,0.4514447417415566
7,3,0.8168696491382477,0.4514447417415566
7,3,0.8168696491382477,0.4514447417415566
7,3,0.7965223799328491,0.4514447417415566
7,3,0.7965223799328491,0.3992766043066043
7,3,0.7965223799328491,0.4514447417415566
7,3,0.7761751107274506,0.3992766043066043
7,3,0.7965223799328491,0.3992766043066043
7,3,0.7965223799328491,0.3992766043066043
7,3,0.7761751107274506,0.3992766043066043
7,3,0.7761751107274506,0.347108466871652
7,3,0.8982587259598418,0.7122854289163176
7,3,0.8779114567544433,0.7122854289163176
7,3,0.8779114567544433,0.6601172914813653
7,3,0.8779114567544433,0.7122854289163176
7,3,0.8575641875490447,0.6601172914813653
7,3,0.8779114567544433,0.6601172914813653
7,3,0.8779114567544433,0.6601172914813653
7,3,0.8575641875490447,0.6601172914813653
7,3,0.8575641875490447,0.607949154046413
7,3,0.8575641875490447,0.6601172914813653
7,3,0.8372169183436462,0.607949154046413
7,3,0.8575641875490447,0.607949154046413
7,3,0.8575641875490447,0.607949154046413
7,3,0.8372169183436462,0.607949154046413
7,3,0.8372169183436462,0.5557810166114607
7,3,0.8372169183436462,0.607949154046413
7,3,0.8168696491382477,0.5557810166114607
7,3,0.8372169183436462,0.5557810166114607
7,3,0.8372169183436462,0.5557810166114607
7,3,0.8168696491382477,0.5557810166114607
7,3,0.8168696491382477,0.5036128791765084
7,3,0.8168696491382477,0.5557810166114607
7,3,0.7965223799328491,0.5036128791765089
7,3,0.8168696491382477,0.5036128791765084
7,3,0.8168696491382477,0.5036128791765084
7,3,0.7965223799328491,0.5036128791765089
7,3,0.7965223799328491,0.4514447417415566
7,3,0.7965223799328491,0.5036128791765089
7,3,0.7761751107274506,0.4514447417415566
7,3,0.7965223799328491,0.4514447417415566
7,3,0.7965223799328491,0.4514447417415566
7,3,0.7761751107274506,0.4514447417415566
7,3,0.7761751107274506,0.3992766043066043
7,3,0.8779114567544433,0.7122854289163176
7,3,0.8575641875490447,0.7122854289163176
7,3,0.8575641875490447,0.6601172914813653
7,3,0.8575641875490447,0.7122854289163176
7,3,0.8372169183436462,0.6601172914813653
7,3,0.8575641875490447,0.6601172914813653
7,3,0.8575641875490447,0.6601172914813653
7,3,0.8372169183436462,0.6601172914813653
7,3,0.8372169183436462,0.607949154046413
7,3,0.8372169183436462,0.6601172914813653
7,3,0.8168696491382477,0.607949154046413
7,3,0.8372169183436462,0.607949154046413
7,3,0.8372169183436462,0.607949154046413
7,3,0.8168696491382477,0.607949154046413
7,3,0.8168696491382477,0.5557810166114607
7,3,0.8168696491382477,0.607949154046413
7,3,0.7965223799328491,0.5557810166114607
7,3,0.8168696491382477,0.5557810166114607
7,3,0.8168696491382477,0.5557810166114607
7,3,0.7965223799328491,0.5557810166114607
7,3,0.7965223799328491,0.5036128791765089
7,3,0.7965223799328491,0.5557810166114607
7,3,0.7761751107274506,0.5036128791765089
7,3,0.7965223799328491,0.5036128791765089
7,3,0.7965223799328491,0.5036128791765089
7,3,0.7761751107274506,0.5036128791765089
7,3,0.7761751107274506,0.4514447417415566
7,3,0.8575641875490447,0.7122854289163176
7,3,0.8372169183436462,0.7122854289163176
7,3,0.8372169183436462,0.6601172914813653
7,3,0.8372169183436462,0.7122854289163176
7,3,0.8168696491382477,0.6601172914813653
7,3,0.8372169183436462,0.6601172914813653
7,3,0.8372169183436462,0.6601172914813653
7,3,0.8168696491382477,0.6601172914813653
7,3,0.8168696491382477,0.607949154046413
7,3,0.8168696491382477,0.6601172914813653
7,3,0.7965223799328491,0.607949154046413
7,3,0.8168696491382477,0.607949154046413
7,3,0.8168696491382477,0.607949154046413
7,3,0.7965223799328491,0.607949154046413
7,3,0.7965223799328491,0.5557810166114607
7,3,0.7965223799328491,0.607949154046413
7,3,0.7761751107274506,0.5557810166114607
7,3,0.7965223799328491,0.5557810166114607
7,3,0.7965223799328491,0.5557810166114607
7,3,0.7761751107274506,0.5557810166114607
7,3,0.7761751107274506,0.5036128791765089
7,3,0.8372169183436462,0.7122854289163176
7,3,0.8168696491382477,0.7122854289163176
7,3,0.8168696491382477,0.6601172914813653
7,3,0.8168696491382477,0.7122854289163176
7,3,0.7965223799328491,0.6601172914813653
7,3,0.8168696491382477,0.6601172914813653
7,3,0.8168696491382477,0.6601172914813653
7,3,0.7965223799328491,0.6601172914813653
7,3,0.7965223799328491,0.607949154046413
7,3,0.7965223799328491,0.6601172914813653
7,3,0.7761751107274506,0.607949154046413
7,3,0.7965223799328491,0.607949154046413
7,3,0.7965223799328491,0.607949154046413
7,3,0.7761751107274506,0.607949154046413
7,3,0.7761751107274506,0.5557810166114607
7,3,0.8168696491382477,0.7122854289163176
7,3,0.7965223799328491,0.7122854289163176
7,3,0.7965223799328491,0.6601172914813653
7,3,0.7965223799328491,0.7122854289163176
7,3,0.7761751107274506,0.6601172914813653
7,3,0.7965223799328491,0.6601172914813653
7,3,0.7965223799328491,0.6601172914813653
7,3,0.7761751107274506,0.6601172914813653
7,3,0.7761751107274506,0.607949154046413
7,3,0.7965223799328491,0.7122854289163176
7,3,0.7761751107274506,0.7122854289163176
7,3,0.7761751107274506,0.6601172914813653
7,3,0.7761751107274506,0.24277219200174738
7,3,0.7965223799328491,0.24277219200174738
7,3,0.7965223799328491,0.2949403294366997
7,3,0.7965223799328491,0.24277219200174738
7,3,0.8168696491382477,0.2949403294366997
7,3,0.7965223799328491,0.2949403294366997
7,3,0.7965223799328491,0.2949403294366997
7,3,0.8168696491382477,0.2949403294366997
7,3,0.8168696491382477,0.347108466871652
7,3,0.8168696491382477,0.2949403294366997
7,3,0.8372169183436462,0.347108466871652
7,3,0.8168696491382477,0.347108466871652
7,3,0.8168696491382477,0.347108466871652
7,3,0.8372169183436462,0.347108466871652
7,3,0.8372169183436462,0.3992766043066043
7,3,0.8372169183436462,0.347108466871652
7,3,0.8575641875490447,0.3992766043066043
7,3,0.8372169183436462,0.3992766043066043
7,3,0.8372169183436462,0.3992766043066043
7,3,0.8575641875490447,0.3992766043066043
7,3,0.8575641875490447,0.4514447417415566
7,3,0.8575641875490447,0.3992766043066043
7,3,0.8779114567544433,0.4514447417415566
7,3,0.8575641875490447,0.4514447417415566
7,3,0.8575641875490447,0.4514447417415566
7,3,0.8779114567544433,0.4514447417415566
7,3,0.8779114567544433,0.5036128791765084
7,3,0.8779114567544433,0.4514447417415566
7,3,0.8982587259598418,0.5036128791765084
7,3,0.8779114567544433,0.5036128791765084
7,3,0.8779114567544433,0.5036128791765084
7,3,0.8982587259598418,0.5036128791765084
7,3,0.8982587259598418,0.5557810166114607
7,3,0.8982587259598418,0.5036128791765084
7,3,0.9186059951652403,0.5557810166114607
7,3,0.8982587259598418,0.5557810166114607
7,3,0.8982587259598418,0.5557810166114607
7,3,0.9186059951652403,0.5557810166114607
7,3,0.9186059951652403,0.607949154046413
7,3,0.9186059951652403,0.5557810166114607
7,3,0.9389532643706389,0.607949154046413
7,3,0.9186059951652403,0.607949154046413
7,3,0.9186059951652403,0.607949154046413
7,3,0.9389532643706389,0.607949154046413
7,3,0.9389532643706389,0.6601172914813653
7,3,0.9389532643706389,0.607949154046413
7,3,0.9593005335760374,0.6601172914813653
7,3,0.9389532643706389,0.6601172914813653
7,3,0.9389532643706389,0.6601172914813653
7,3,0.9593005335760374,0.6601172914813653
7,3,0.9593005335760374,0.7122854289163176
7,3,0.7965223799328491,0.24277219200174738
7,3,0.8168696491382477,0.24277219200174738
7,3,0.8168696491382477,0.2949403294366997
7,3,0.8168696491382477,0.24277219200174738
7,3,0.8372169183436462,0.2949403294366997
7,3,0.8168696491382477,0.2949403294366997
7,3,0.8168696491382477,0.2949403294366997
7,3,0.8372169183436462,0.2949403294366997
7,3,0.8372169183436462,0.347108466871652
7,3,0.8372169183436462,0.2949403294366997
7,3,0.8575641875490447,0.347108466871652
7,3,0.8372169183436462,0.347108466871652
7,3,0.8372169183436462,0.347108466871652
7,3,0.8575641875490447,0.347108466871652
7,3,0.8575641875490447,0.3992766043066043
7,3,0.8575641875490447,0.347108466871652
7,3,0.8779114567544433,0.3992766043066043
7,3,0.8575641875490447,0.3992766043066043
7,3,0.8575641875490447,0.3992766043066043
7,3,0.8779114567544433,0.3992766043066043
7,3,0.8779114567544433,0.4514447417415566
7,3,0.8779114567544433,0.3992766043066043
7,3,0.8982587259598418,0.4514447417415566
7,3,0.8779114567544433,0.4514447417415566
7,3,0.8779114567544433,0.4514447417415566
7,3,0.8982587259598418,0.4514447417415566
7,3,0.8982587259598418,0.5036128791765084
7,3,0.8982587259598418,0.4514447417415566
7,3,0.9186059951652403,0.5036128791765084
7,3,0.8982587259598418,0.5036128791765084
7,3,0.8982587259598418,0.5036128791765084
7,3,0.9186059951652403,0.5036128791765084
7,3,0.9186059951652403,0.5557810166114607
7,3,0.9186059951652403,0.5036128791765084
7,3,0.9389532643706389,0.5557810166114607
7,3,0.9186059951652403,0.5557810166114607
7,3,0.9186059951652403,0.5557810166114607
7,3,0.9389532643706389,0.5557810166114607
7,3,0.9389532643706389,0.607949154046413
7,3,0.9389532643706389,0.5557810166114607
7,3,0.9593005335760374,0.607949154046413
7,3,0.9389532643706389,0.607949154046413
7,3,0.9389532643706389,0.607949154046413
7,3,0.9593005335760374,0.607949154046413
7,3,0.9593005335760374,0.6601172914813653
7,3,0.8168696491382477,0.24277219200174738
7,3,0.8372169183436462,0.24277219200174738
7,3,0.8372169183436462,0.2949403294366997
7,3,0.8372169183436462,0.24277219200174738
7,3,0.8575641875490447,0.2949403294366997
7,3,0.8372169183436462,0.2949403294366997
7,3,0.8372169183436462,0.2949403294366997
7,3,0.8575641875490447,0.2949403294366997
7,3,0.8575641875490447,0.347108466871652
7,3,0.8575641875490447,0.2949403294366997
7,3,0.8779114567544433,0.347108466871652
7,3,0.8575641875490447,0.347108466871652
7,3,0.8575641875490447,0.347108466871652
7,3,0.8779114567544433,0.347108466871652
7,3,0.8779114567544433,0.3992766043066043
7,3,0.8779114567544433,0.347108466871652
7,3,0.8982587259598418,0.3992766043066043
7,3,0.8779114567544433,0.3992766043066043
7,3,0.8779114567544433,0.3992766043066043
7,3,0.8982587259598418,0.3992766043066043
7,3,0.8982587259598418,0.4514447417415566
7,3,0.8982587259598418,0.3992766043066043
7,3,0.9186059951652403,0.4514447417415566
7,3,0.8982587259598418,0.4514447417415566
7,3,0.8982587259598418,0.4514447417415566
7,3,0.9186059951652403,0.4514447417415566
7,3,0.9186059951652403,0.5036128791765084
7,3,0.9186059951652403,0.4514447417415566
7,3,0.9389532643706389,0.5036128791765084
7,3,0.9186059951652403,0.5036128791765084
7,3,0.9186059951652403,0.5036128791765084
7,3,0.9389532643706389,0.5036128791765084
7,3,0.9389532643706389,0.5557810166114607
7,3,0.9389532643706389,0.5036128791765084
7,3,0.9593005335760374,0.5557810166114607
7,3,0.9389532643706389,0.5557810166114607
7,3,0.9389532643706389,0.5557810166114607
7,3,0.9593005335760374,0.5557810166114607
7,3,0.9593005335760374,0.607949154046413
7,3,0.8372169183436462,0.24277219200174738
7,3,0.8575641875490447,0.24277219200174738
7,3,0.8575641875490447,0.2949403294366997
7,3,0.8575641875490447,0.24277219200174738
7,3,0.8779114567544433,0.2949403294366997
7,3,0.8575641875490447,0.2949403294366997
7,3,0.8575641875490447,0.2949403294366997
7,3,0.8779114567544433,0.2949403294366997
7,3,0.8779114567544433,0.347108466871652
7,3,0.8779114567544433,0.2949403294366997
7,3,0.8982587259598418,0.347108466871652
7,3,0.8779114567544433,0.347108466871652
7,3,0.8779114567544433,0.347108466871652
7,3,0.8982587259598418,0.347108466871652
7,3,0.8982587259598418,0.3992766043066043
7,3,0.8982587259598418,0.347108466871652
7,3,0.9186059951652403,0.3992766043066043
7,3,0.8982587259598418,0.3992766043066043
7,3,0.8982587259598418,0.3992766043066043
7,3,0.9186059951652403,0.3992766043066043
7,3,0.9186059951652403,0.4514447417415566
7,3,0.9186059951652403,0.3992766043066043
7,3,0.9389532643706389,0.4514447417415566
7,3,0.9186059951652403,0.4514447417415566
7,3,0.9186059951652403,0.4514447417415566
7,3,0.9389532643706389,0.4514447417415566
7,3,0.9389532643706389,0.5036128791765084
7,3,0.9389532643706389,0.4514447417415566
7,3,0.9593005335760374,0.5036128791765084
7,3,0.9389532643706389,0.5036128791765084
7,3,0.9389532643706389,0.5036128791765084
7,3,0.9593005335760374,0.5036128791765084
7,3,0.9593005335760374,0.5557810166114607
7,3,0.8575641875490447,0.24277219200174738
7,3,0.8779114567544433,0.24277219200174738
7,3,0.8779114567544433,0.2949403294366997
7,3,0.8779114567544433,0.24277219200174738
7,3,0.8982587259598418,0.2949403294366997
7,3,0.8779114567544433,0.2949403294366997
7,3,0.8779114567544433,0.2949403294366997
7,3,0.8982587259598418,0.2949403294366997
7,3,0.8982587259598418,0.347108466871652
7,3,0.8982587259598418,0.2949403294366997
7,3,0.9186059951652403,0.347108466871652
7,3,0.8982587259598418,0.347108466871652
7,3,0.8982587259598418,0.347108466871652
7,3,0.9186059951652403,0.347108466871652
7,3,0.9186059951652403,0.3992766043066043
7,3,0.9186059951652403,0.347108466871652
7,3,0.9389532643706389,0.3992766043066043
7,3,0.9186059951652403,0.3992766043066043
7,3,0.9186059951652403,0.3992766043066043
7,3,0.9389532643706389,0.3992766043066043
7,3,0.9389532643706389,0.4514447417415566
7,3,0.9389532643706389,0.3992766043066043
7,3,0.9593005335760374,0.45144474174155613
7,3,0.9389532643706389,0.4514447417415566
7,3,0.9389532643706389,0.4514447417415566
7,3,0.9593005335760374,0.45144474174155613
7,3,0.9593005335760374,0.5036128791765084
7,3,0.8779114567544433,0.24277219200174738
7,3,0.8982587259598418,0.24277219200174738
7,3,0.8982587259598418,0.2949403294366997
7,3,0.8982587259598418,0.24277219200174738
7,3,0.9186059951652403,0.2949403294366997
7,3,0.8982587259598418,0.2949403294366997
7,3,0.8982587259598418,0.2949403294366997
7,3,0.9186059951652403,0.2949403294366997
7,3,0.9186059951652403,0.347108466871652
7,3,0.9186059951652403,0.2949403294366997
7,3,0.9389532643706389,0.347108466871652
7,3,0.9186059951652403,0.347108466871652
7,3,0.9186059951652403,0.347108466871652
7,3,0.9389532643706389,0.347108466871652
7,3,0.9389532643706389,0.3992766043066043
7,3,0.9389532643706389,0.347108466871652
7,3,0.9593005335760374,0.3992766043066043
7,3,0.9389532643706389,0.3992766043066043
7,3,0.9389532643706389,0.3992766043066043
7,3,0.9593005335760374,0.3992766043066043
7,3,0.9593005335760374,0.45144474174155613
7,3,0.8982587259598418,0.24277219200174738
7,3,0.9186059951652403,0.24277219200174738
7,3,0.9186059951652403,0.2949403294366997
7,3,0.9186059951652403,0.24277219200174738
7,3,0.9389532643706389,0.2949403294366997
7,3,0.9186059951652403,0.2949403294366997
7,3,0.9186059951652403,0.2949403294366997
7,3,0.9389532643706389,0.2949403294366997
7,3,0.9389532643706389,0.347108466871652
7,3,0.9389532643706389,0.2949403294366997
7,3,0.9593005335760374,0.347108466871652
7,3,0.9389532643706389,0.347108466871652
7,3,0.9389532643706389,0.347108466871652
7,3,0.9593005335760374,0.347108466871652
7,3,0.9593005335760374,0.3992766043066043
7,3,0.9186059951652403,0.24277219200174738
7,3,0.9389532643706389,0.24277219200174738
7,3,0.9389532643706389,0.2949403294366997
7,3,0.9389532643706389,0.24277219200174738
7,3,0.9593005335760374,0.2949403294366997
7,3,0.9389532643706389,0.2949403294366997
7,3,0.9389532643706389,0.2949403294366997
7,3,0.9593005335760374,0.2949403294366997
7,3,0.9593005335760374,0.347108466871652
7,3,0.9389532643706389,0.24277219200174738
7,3,0.9593005335760374,0.24277219200174738
7,3,0.9593005335760374,0.2949403294366997
7,3,0.9593005335760374,0.7122854289163176
7,3,0.9593005335760374,0.6601172914813653
7,3,0.979685482909594,0.6601172914813653
7,3,0.9593005335760374,0.6601172914813653
7,3,0.979685482909594,0.607949154046413
7,3,0.979685482909594,0.6601172914813653
7,3,0.979685482909594,0.6601172914813653
7,3,0.979685482909594,0.607949154046413
8,3,7.043224315061991e-05,0.607949154046413
7,3,0.979685482909594,0.607949154046413
8,3,7.043224315061991e-05,0.5557810166114607
8,3,7.043224315061991e-05,0.607949154046413
8,3,7.043224315061991e-05,0.607949154046413
8,3,7.043224315061991e-05,0.5557810166114607
8,3,0.02045538157670812,0.5557810166114607
8,3,7.043224315061991e-05,0.5557810166114607
8,3,0.02045538157670812,0.5036128791765084
8,3,0.02045538157670812,0.5557810166114607
8,3,0.02045538157670812,0.5557810166114607
8,3,0.02045538157670812,0.5036128791765084
8,3,0.040840330910263845,0.5036128791765084
8,3,0.02045538157670812,0.5036128791765084
8,3,0.040840330910263845,0.4514447417415566
8,3,0.040840330910263845,0.5036128791765084
8,3,0.040840330910263845,0.5036128791765084
8,3,0.040840330910263845,0.4514447417415566
8,3,0.061225280243821345,0.45144474174155613
8,3,0.040840330910263845,0.4514447417415566
8,3,0.061225280243821345,0.3992766043066043
8,3,0.061225280243821345,0.45144474174155613
8,3,0.061225280243821345,0.45144474174155613
8,3,0.061225280243821345,0.3992766043066043
8,3,0.08161022957737707,0.3992766043066043
8,3,0.061225280243821345,0.3992766043066043
8,3,0.08161022957737707,0.347108466871652
8,3,0.08161022957737707,0.3992766043066043
8,3,0.08161022957737707,0.3992766043066043
8,3,0.08161022957737707,0.347108466871652
8,3,0.10199517891093457,0.347108466871652
8,3,0.08161022957737707,0.347108466871652
8,3,0.10199517891093457,0.2949403294366997
8,3,0.10199517891093457,0.347108466871652
8,3,0.10199517891093457,0.347108466871652
8,3,0.10199517891093457,0.2949403294366997
8,3,0.1223801282444903,0.2949403294366997
8,3,0.10199517891093457,0.2949403294366997
8,3,0.1223801282444903,0.24277219200174738
8,3,0.1223801282444903,0.2949403294366997
8,3,0.1223801282444903,0.2949403294366997
8,3,0.1223801282444903,0.24277219200174738
8,3,0.1427650775780478,0.24277219200174738
7,3,0.9593005335760374,0.6601172914813653
7,3,0.9593005335760374,0.607949154046413
7,3,0.979685482909594,0.607949154046413
7,3,0.9593005335760374,0.607949154046413
7,3,0.979685482909594,0.5557810166114607
7,3,0.979685482909594,0.607949154046413
7,3,0.979685482909594,0.607949154046413
7,3,0.979685482909594,0.5557810166114607
8,3,7.043224315061991e-05,0.5557810166114607
7,3,0.979685482909594,0.5557810166114607
8,3,7.043224315061991e-05,0.5036128791765084
8,3,7.043224315061991e-05,0.5557810166114607
8,3,7.043224315061991e-05,0.5557810166114607
8,3,7.043224315061991e-05,0.5036128791765084
8,3,0.02045538157670812,0.5036128791765084
8,3,7.043224315061991e-05,0.5036128791765084
8,3,0.02045538157670812,0.4514447417415566
8,3,0.02045538157670812,0.5036128791765084
8,3,0.02045538157670812,0.5036128791765084
8,3,0.02045538157670812,0.4514447417415566
8,3,0.040840330910263845,0.4514447417415566
8,3,0.02045538157670812,0.4514447417415566
8,3,0.040840330910263845,0.3992766043066043
8,3,0.040840330910263845,0.4514447417415566
8,3,0.040840330910263845,0.4514447417415566
8,3,0.040840330910263845,0.3992766043066043
8,3,0.061225280243821345,0.3992766043066043
8,3,0.040840330910263845,0.3992766043066043
8,3,0.061225280243821345,0.347108466871652
8,3,0.061225280243821345,0.3992766043066043
8,3,0.061225280243821345,0.3992766043066043
8,3,0.061225280243821345,0.347108466871652
8,3,0.08161022957737707,0.347108466871652
8,3,0.061225280243821345,0.347108466871652
8,3,0.08161022957737707,0.2949403294366997
8,3,0.08161022957737707,0.347108466871652
8,3,0.08161022957737707,0.347108466871652
8,3,0.08161022957737707,0.2949403294366997
8,3,0.10199517891093457,0.2949403294366997
8,3,0.08161022957737707,0.2949403294366997
8,3,0.10199517891093457,0.24277219200174738
8,3,0.10199517891093457,0.2949403294366997
8,3,0.10199517891093457,0.2949403294366997
8,3,0.10199517891093457,0.24277219200174738
8,3,0.1223801282444903,0.24277219200174738
7,3,0.9593005335760374,0.607949154046413
7,3,0.9593005335760374,0.5557810166114607
7,3,0.979685482909594,0.5557810166114607
7,3,0.9593005335760374,0.5557810166114607
7,3,0.979685482909594,0.5036128791765084
7,3,0.979685482909594,0.5557810166114607
7,3,0.979685482909594,0.5557810166114607
7,3,0.979685482909594,0.5036128791765084
8,3,7.043224315061991e-05,0.5036128791765084
7,3,0.979685482909594,0.5036128791765084
8,3,7.043224315061991e-05,0.4514447417415566
8,3,7.043224315061991e-05,0.5036128791765084
8,3,7.043224315061991e-05,0.5036128791765084
8,3,7.043224315061991e-05,0.4514447417415566
8,3,0.02045538157670812,0.4514447417415566
8,3,7.043224315061991e-05,0.4514447417415566
8,3,0.02045538157670812,0.3992766043066043
8,3,0.02045538157670812,0.4514447417415566
8,3,0.02045538157670812,0.4514447417415566
8,3,0.02045538157670812,0.3992766043066043
8,3,0.040840330910263845,0.3992766043066043
8,3,0.02045538157670812,0.3992766043066043
8,3,0.040840330910263845,0.347108466871652
8,3,0.040840330910263845,0.3992766043066043
8,3,0.040840330910263845,0.3992766043066043
8,3,0.040840330910263845,0.347108466871652
8,3,0.061225280243821345,0.347108466871652
8,3,0.040840330910263845,0.347108466871652
8,3,0.061225280243821345,0.2949403294366997
8,3,0.061225280243821345,0.347108466871652
8,3,0.061225280243821345,0.347108466871652
8,3,0.061225280243821345,0.2949403294366997
8,3,0.08161022957737707,0.2949403294366997
8,3,0.061225280243821345,0.2949403294366997
8,3,0.08161022957737707,0.24277219200174738
8,3,0.08161022957737707,0.2949403294366997
8,3,0.08161022957737707,0.2949403294366997
8,3,0.08161022957737707,0.24277219200174738
8,3,0.10199517891093457,0.24277219200174738
7,3,0.9593005335760374,0.5557810166114607
7,3,0.9593005335760374,0.5036128791765084
7,3,0.979685482909594,0.5036128791765084
7,3,0.9593005335760374,0.5036128791765084
7,3,0.979685482909594,0.4514447417415566
7,3,0.979685482909594,0.5036128791765084
7,3,0.979685482909594,0.5036128791765084
7,3,0.979685482909594,0.4514447417415566
8,3,7.043224315061991e-05,0.4514447417415566
7,3,0.979685482909594,0.4514447417415566
8,3,7.043224315061991e-05,0.3992766043066043
8,3,7.043224315061991e-05,0.4514447417415566
8,3,7.043224315061991e-05,0.4514447417415566
8,3,7.043224315061991e-05,0.3992766043066043
8,3,0.02045538157670812,0.3992766043066043
8,3,7.043224315061991e-05,0.3992766043066043
8,3,0.02045538157670812,0.347108466871652
8,3,0.02045538157670812,0.3992766043066043
8,3,0.02045538157670812,0.3992766043066043
8,3,0.02045538157670812,0.347108466871652
8,3,0.040840330910263845,0.347108466871652
8,3,0.02045538157670812,0.347108466871652
8,3,0.040840330910263845,0.2949403294366997
8,3,0.040840330910263845,0.347108466871652
8,3,0.040840330910263845,0.347108466871652
8,3,0.040840330910263845,0.2949403294366997
8,3,0.061225280243821345,0.2949403294366997
8,3,0.040840330910263845,0.2949403294366997
8,3,0.061225280243821345,0.24277219200174738
8,3,0.061225280243821345,0.2949403294366997
8,3,0.061225280243821345,0.2949403294366997
8,3,0.061225280243821345,0.24277219200174738
8,3,0.08161022957737707,0.24277219200174738
7,3,0.9593005335760374,0.5036128791765084
7,3,0.9593005335760374,0.45144474174155613
7,3,0.979685482909594,0.4514447417415566
7,3,0.9593005335760374,0.45144474174155613
7,3,0.979685482909594,0.3992766043066043
7,3,0.979685482909594,0.4514447417415566
7,3,0.979685482909594,0.4514447417415566
7,3,0.979685482909594,0.3992766043066043
8,3,7.043224315061991e-05,0.3992766043066043
7,3,0.979685482909594,0.3992766043066043
8,3,7.043224315061991e-05,0.347108466871652
8,3,7.043224315061991e-05,0.3992766043066043
8,3,7.043224315061991e-05,0.3992766043066043
8,3,7.043224315061991e-05,0.347108466871652
8,3,0.02045538157670812,0.347108466871652
8,3,7.043224315061991e-05,0.347108466871652
8,3,0.02045538157670812,0.2949403294366997
8,3,0.02045538157670812,0.347108466871652
8,3,0.02045538157670812,0.347108466871652
8,3,0.02045538157670812,0.2949403294366997
8,3,0.040840330910263845,0.2949403294366997
8,3,0.02045538157670812,0.2949403294366997
8,3,0.040840330910263845,0.24277219200174738
8,3,0.040840330910263845,0.2949403294366997
8,3,0.040840330910263845,0.2949403294366997
8,3,0.040840330910263845,0.24277219200174738
8,3,0.061225280243821345,0.24277219200174738
7,3,0.9593005335760374,0.45144474174155613
7,3,0.9593005335760374,0.3992766043066043
7,3,0.979685482909594,0.3992766043066043
7,3,0.9593005335760374,0.3992766043066043
7,3,0.979685482909594,0.347108466871652
7,3,0.979685482909594,0.3992766043066043
7,3,0.979685482909594,0.3992766043066043
7,3,0.979685482909594,0.347108466871652
8,3,7.043224315061991e-05,0.347108466871652
7,3,0.979685482909594,0.347108466871652
8,3,7.043224315061991e-05,0.2949403294366997
8,3,7.043224315061991e-05,0.347108466871652
8,3,7.043224315061991e-05,0.347108466871652
8,3,7.043224315061991e-05,0.2949403294366997
8,3,0.02045538157670812,0.2949403294366997
8,3,7.043224315061991e-05,0.2949403294366997
8,3,0.02045538157670812,0.24277219200174738
8,3,0.02045538157670812,0.2949403294366997
8,3,0.02045538157670812,0.2949403294366997
8,3,0.02045538157670812,0.24277219200174738
8,3,0.040840330910263845,0.24277219200174738
7,3,0.9593005335760374,0.3992766043066043
7,3,0.9593005335760374,0.347108466871652
7,3,0.979685482909594,0.347108466871652
7,3,0.9593005335760374,0.347108466871652
7,3,0.979685482909594,0.2949403294366997
7,3,0.979685482909594,0.347108466871652
7,3,0.979685482909594,0.347108466871652
7,3,0.979685482909594,0.2949403294366997
8,3,7.043224315061991e-05,0.2949403294366997
7,3,0.979685482909594,0.2949403294366997
8,3,7.043224315061991e-05,0.24277219200174738
8,3,7.043224315061991e-05,0.2949403294366997
8,3,7.043224315061991e-05,0.2949403294366997
8,3,7.043224315061991e-05,0.24277219200174738
8,3,0.02045538157670812,0.24277219200174738
7,3,0.9593005335760374,0.347108466871652
7,3,0.9593005335760374,0.2949403294366997
7,3,0.979685482909594,0.2949403294366997
7,3,0.9593005335760374,0.2949403294366997
7,3,0.979685482909594,0.24277219200174738
7,3,0.979685482909594,0.2949403294366997
7,3,0.979685482909594,0.2949403294366997
7,3,0.979685482909594,0.24277219200174738
8,3,7.043224315061991e-05,0.24277219200174738
7,3,0.9593005335760374,0.2949403294366997
7,3,0.9593005335760374,0.24277219200174738
7,3,0.979685482909594,0.24277219200174738
8,3,0.1427650775780478,0.24277219200174738
8,3,0.1427650775780478,0.2949403294366997
8,3,0.1223801282444903,0.2949403294366997
8,3,0.1427650775780478,0.2949403294366997
8,3,0.1223801282444903,0.347108466871652
8,3,0.1223801282444903,0.2949403294366997
8,3,0.1223801282444903,0.2949403294366997
8,3,0.1223801282444903,0.347108466871652
8,3,0.10199517891093457,0.347108466871652
8,3,0.1223801282444903,0.347108466871652
8,3,0.10199517891093457,0.3992766043066043
8,3,0.10199517891093457,0.347108466871652
8,3,0.10199517891093457,0.347108466871652
8,3,0.10199517891093457,0.3992766043066043
8,3,0.08161022957737707,0.3992766043066043
8,3,0.10199517891093457,0.3992766043066043
8,3,0.08161022957737707,0.45144474174155613
8,3,0.08161022957737707,0.3992766043066043
8,3,0.08161022957737707,0.3992766043066043
8,3,0.08161022957737707,0.45144474174155613
8,3,0.061225280243821345,0.45144474174155613
8,3,0.08161022957737707,0.45144474174155613
8,3,0.061225280243821345,0.5036128791765084
8,3,0.061225280243821345,0.45144474174155613
8,3,0.061225280243821345,0.45144474174155613
8,3,0.061225280243821345,0.5036128791765084
8,3,0.040840330910263845,0.5036128791765084
8,3,0.061225280243821345,0.5036128791765084
8,3,0.040840330910263845,0.5557810166114607
8,3,0.040840330910263845,0.5036128791765084
8,3,0.040840330910263845,0.5036128791765084
8,3,0.040840330910263845,0.5557810166114607
8,3,0.02045538157670812,0.5557810166114607
8,3,0.040840330910263845,0.5557810166114607
8,3,0.02045538157670812,0.607949154046413
8,3,0.02045538157670812,0.5557810166114607
8,3,0.02045538157670812,0.5557810166114607
8,3,0.02045538157670812,0.607949154046413
8,3,7.043224315061991e-05,0.607949154046413
8,3,0.02045538157670812,0.607949154046413
8,3,7.043224315061991e-05,0.6601172914813653
8,3,7.043224315061991e-05,0.607949154046413
8,3,7.043224315061991e-05,0.607949154046413
8,3,7.043224315061991e-05,0.6601172914813653
7,3,0.979685482909594,0.6601172914813653
8,3,7.043224315061991e-05,0.6601172914813653
7,3,0.979685482909594,0.7122854289163176
7,3,0.979685482909594,0.6601172914813653
7,3,0.979685482909594,0.6601172914813653
7,3,0.979685482909594,0.7122854289163176
7,3,0.9593005335760374,0.7122854289163176
8,3,0.1427650775780478,0.2949403294366997
8,3,0.1427650775780478,0.347108466871652
8,3,0.1223801282444903,0.347108466871652
8,3,0.1427650775780478,0.347108466871652
8,3,0.1223801282444903,0.3992766043066043
8,3,0.1223801282444903,0.347108466871652
8,3,0.1223801282444903,0.347108466871652
8,3,0.1223801282444903,0.3992766043066043
8,3,0.10199517891093457,0.3992766043066043
8,3,0.1223801282444903,0.3992766043066043
8,3,0.10199517891093457,0.45144474174155613
8,3,0.10199517891093457,0.3992766043066043
8,3,0.10199517891093457,0.3992766043066043
8,3,0.10199517891093457,0.45144474174155613
8,3,0.08161022957737707,0.45144474174155613
8,3,0.10199517891093457,0.45144474174155613
8,3,0.08161022957737707,0.5036128791765084
8,3,0.08161022957737707,0.45144474174155613
8,3,0.08161022957737707,0.45144474174155613
8,3,0.08161022957737707,0.5036128791765084
8,3,0.061225280243821345,0.5036128791765084
8,3,0.08161022957737707,0.5036128791765084
8,3,0.061225280243821345,0.5557810166114607
8,3,0.061225280243821345,0.5036128791765084
8,3,0.061225280243821345,0.5036128791765084
8,3,0.061225280243821345,0.5557810166114607
8,3,0.040840330910263845,0.5557810166114607
8,3,0.061225280243821345,0.5557810166114607
8,3,0.040840330910263845,0.607949154046413
8,3,0.040840330910263845,0.5557810166114607
8,3,0.040840330910263845,0.5557810166114607
8,3,0.040840330910263845,0.607949154046413
8,3,0.02045538157670812,0.607949154046413
8,3,0.040840330910263845,0.607949154046413
8,3,0.02045538157670812,0.6601172914813653
8,3,0.02045538157670812,0.607949154046413
8,3,0.02045538157670812,0.607949154046413
8,3,0.02045538157670812,0.6601172914813653
8,3,7.043224315061991e-05,0.6601172914813653
8,3,0.02045538157670812,0.6601172914813653
8,3,7.043224315061991e-05,0.7122854289163176
8,3,7.043224315061991e-05,0.6601172914813653
8,3,7.043224315061991e-05,0.6601172914813653
8,3,7.043224315061991e-05,0.7122854289163176
7,3,0.979685482909594,0.7122854289163176
8,3,0.1427650775780478,0.347108466871652
8,3,0.1427650775780478,0.3992766043066043
8,3,0.1223801282444903,0.3992766043066043
8,3,0.1427650775780478,0.3992766043066043
8,3,0.1223801282444903,0.45144474174155613
8,3,0.1223801282444903,0.3992766043066043
8,3,0.1223801282444903,0.3992766043066043
8,3,0.1223801282444903,0.45144474174155613
8,3,0.10199517891093457,0.45144474174155613
8,3,0.1223801282444903,0.45144474174155613
8,3,0.10199517891093457,0.5036128791765084
8,3,0.10199517891093457,0.45144474174155613
8,3,0.10199517891093457,0.45144474174155613
8,3,0.10199517891093457,0.5036128791765084
8,3,0.08161022957737707,0.5036128791765084
8,3,0.10199517891093457,0.5036128791765084
8,3,0.08161022957737707,0.5557810166114607
8,3,0.08161022957737707,0.5036128791765084
8,3,0.08161022957737707,0.5036128791765084
8,3,0.08161022957737707,0.5557810166114607
8,3,0.061225280243821345,0.5557810166114607
8,3,0.08161022957737707,0.5557810166114607
8,3,0.061225280243821345,0.607949154046413
8,3,0.061225280243821345,0.5557810166114607
8,3,0.061225280243821345,0.5557810166114607
8,3,0.061225280243821345,0.607949154046413
8,3,0.040840330910263845,0.607949154046413
8,3,0.061225280243821345,0.607949154046413
8,3,0.040840330910263845,0.6601172914813653
8,3,0.040840330910263845,0.607949154046413
8,3,0.040840330910263845,0.607949154046413
8,3,0.040840330910263845,0.6601172914813653
8,3,0.02045538157670812,0.6601172914813653
8,3,0.040840330910263845,0.6601172914813653
8,3,0.02045538157670812,0.7122854289163176
8,3,0.02045538157670812,0.6601172914813653
8,3,0.02045538157670812,0.6601172914813653
8,3,0.02045538157670812,0.7122854289163176
8,3,7.043224315061991e-05,0.7122854289163176
8,3,0.1427650775780478,0.3992766043066043
8,3,0.1427650775780478,0.45144474174155613
8,3,0.1223801282444903,0.45144474174155613
8,3,0.1427650775780478,0.45144474174155613
8,3,0.1223801282444903,0.5036128791765084
8,3,0.1223801282444903,0.45144474174155613
8,3,0.1223801282444903,0.45144474174155613
8,3,0.1223801282444903,0.5036128791765084
8,3,0.10199517891093457,0.5036128791765084
8,3,0.1223801282444903,0.5036128791765084
8,3,0.10199517891093457,0.5557810166114607
8,3,0.10199517891093457,0.5036128791765084
8,3,0.10199517891093457,0.5036128791765084
8,3,0.10199517891093457,0.5557810166114607
8,3,0.08161022957737707,0.5557810166114607
8,3,0.10199517891093457,0.5557810166114607
8,3,0.08161022957737707,0.607949154046413
8,3,0.08161022957737707,0.5557810166114607
8,3,0.08161022957737707,0.5557810166114607
8,3,0.08161022957737707,0.607949154046413
8,3,0.061225280243821345,0.607949154046413
8,3,0.08161022957737707,0.607949154046413
8,3,0.061225280243821345,0.6601172914813653
8,3,0.061225280243821345,0.607949154046413
8,3,0.061225280243821345,0.607949154046413
8,3,0.061225280243821345,0.6601172914813653
8,3,0.040840330910263845,0.6601172914813653
8,3,0.061225280243821345,0.6601172914813653
8,3,0.040840330910263845,0.7122854289163176
8,3,0.040840330910263845,0.6601172914813653
8,3,0.040840330910263845,0.6601172914813653
8,3,0.040840330910263845,0.7122854289163176
8,3,0.02045538157670812,0.7122854289163176
8,3,0.1427650775780478,0.45144474174155613
8,3,0.1427650775780478,0.5036128791765084
8,3,0.1223801282444903,0.5036128791765084
8,3,0.1427650775780478,0.5036128791765084
8,3,0.1223801282444903,0.5557810166114607
8,3,0.1223801282444903,0.5036128791765084
8,3,0.1223801282444903,0.5036128791765084
8,3,0.1223801282444903,0.5557810166114607
8,3,0.10199517891093457,0.5557810166114607
8,3,0.1223801282444903,0.5557810166114607
8,3,0.10199517891093457,0.607949154046413
8,3,0.10199517891093457,0.5557810166114607
8,3,0.10199517891093457,0.5557810166114607
8,3,0.10199517891093457,0.607949154046413
8,3,0.08161022957737707,0.607949154046413
8,3,0.10199517891093457,0.607949154046413
8,3,0.08161022957737707,0.6601172914813653
8,3,0.08161022957737707,0.607949154046413
8,3,0.08161022957737707,0.607949154046413
8,3,0.08161022957737707,0.6601172914813653
8,3,0.061225280243821345,0.6601172914813653
8,3,0.08161022957737707,0.6601172914813653
8,3,0.061225280243821345,0.7122854289163176
8,3,0.061225280243821345,0.6601172914813653
8,3,0.061225280243821345,0.6601172914813653
8,3,0.061225280243821345,0.7122854289163176
8,3,0.040840330910263845,0.7122854289163176
8,3,0.1427650775780478,0.5036128791765084
8,3,0.1427650775780478,0.5557810166114607
8,3,0.1223801282444903,0.5557810166114607
8,3,0.1427650775780478,0.5557810166114607
8,3,0.1223801282444903,0.607949154046413
8,3,0.1223801282444903,0.5557810166114607
8,3,0.1223801282444903,0.5557810166114607
8,3,0.1223801282444903,0.607949154046413
8,3,0.10199517891093457,0.607949154046413
8,3,0.1223801282444903,0.607949154046413
8,3,0.10199517891093457,0.6601172914813653
8,3,0.10199517891093457,0.607949154046413
8,3,0.10199517891093457,0.607949154046413
8,3,0.10199517891093457,0.6601172914813653
8,3,0.08161022957737707,0.6601172914813653
8,3,0.10199517891093457,0.6601172914813653
8,3,0.08161022957737707,0.7122854289163176
8,3,0.08161022957737707,0.6601172914813653
8,3,0.08161022957737707,0.6601172914813653
8,3,0.08161022957737707,0.7122854289163176
8,3,0.061225280243821345,0.7122854289163176
8,3,0.1427650775780478,0.5557810166114607
8,3,0.1427650775780478,0.607949154046413
8,3,0.1223801282444903,0.607949154046413
8,3,0.1427650775780478,0.607949154046413
8,3,0.1223801282444903,0.6601172914813653
8,3,0.1223801282444903,0.607949154046413
8,3,0.1223801282444903,0.607949154046413
8,3,0.1223801282444903,0.6601172914813653
8,3,0.10199517891093457,0.6601172914813653
8,3,0.1223801282444903,0.6601172914813653
8,3,0.10199517891093457,0.7122854289163176
8,3,0.10199517891093457,0.6601172914813653
8,3,0.10199517891093457,0.6601172914813653
8,3,0.10199517891093457,0.7122854289163176
8,3,0.08161022957737707,0.7122854289163176
8,3,0.1427650775780478,0.607949154046413
8,3,0.1427650775780478,0.6601172914813653
8,3,0.1223801282444903,0.6601172914813653
8,3,0.1427650775780478,0.6601172914813653
8,3,0.1223801282444903,0.7122854289163176
8,3,0.1223801282444903,0.6601172914813653
8,3,0.1223801282444903,0.6601172914813653
8,3,0.1223801282444903,0.7122854289163176
8,3,0.10199517891093457,0.7122854289163176
8,3,0.1427650775780478,0.6601172914813653
8,3,0.1427650775780478,0.7122854289163176
8,3,0.1223801282444903,0.7122854289163176
8,3,0.7799999999999994,0.5
8,3,0.6406373764133253,0.3587396521883339
8,3,0.6406373764133253,0.6412603478116661
8,3,0.9193626235866734,0.3587396521883339
8,3,0.9193626235866734,0.6412603478116661
8,3,0.8324017595257711,0.2666857949996895
8,3,0.8540558384927834,0.2666857949996895
8,3,0.8540558384927834,0.3218671322547437
8,3,0.8540558384927834,0.2666857949996895
8,3,0.875709917459794,0.32186713225474417
8,3,0.8540558384927834,0.3218671322547437
8,3,0.8540558384927834,0.3218671322547437
8,3,0.875709917459794,0.32186713225474417
8,3,0.875709917459794,0.3770484695097984
8,3,0.875709917459794,0.32186713225474417
8,3,0.8973639964268063,0.3770484695097984
8,3,0.875709917459794,0.3770484695097984
8,3,0.875709917459794,0.3770484695097984
8,3,0.8973639964268063,0.3770484695097984
8,3,0.8973639964268063,0.4322298067648527
8,3,0.8973639964268063,0.3770484695097984
8,3,0.9190180753938186,0.4322298067648527
8,3,0.8973639964268063,0.4322298067648527
8,3,0.8973639964268063,0.4322298067648527
8,3,0.9190180753938186,0.4322298067648527
8,3,0.9190180753938186,0.48741114401990737
8,3,0.9190180753938186,0.4322298067648527
8,3,0.940672154360831,0.48741114401990737
8,3,0.9190180753938186,0.48741114401990737
8,3,0.9190180753938186,0.48741114401990737
8,3,0.940672154360831,0.48741114401990737
8,3,0.940672154360831,0.5425924812749616
8,3,0.940672154360831,0.48741114401990737
8,3,0.9623262333278433,0.5425924812749616
8,3,0.940672154360831,0.5425924812749616
8,3,0.940672154360831,0.5425924812749616
8,3,0.9623262333278433,0.5425924812749616
8,3,0.9623262333278433,0.5977738185300159
8,3,0.9623262333278433,0.5425924812749616
8,3,0.9839803122948538,0.5977738185300159
8,3,0.9623262333278433,0.5977738185300159
8,3,0.9623262333278433,0.5977738185300159
8,3,0.9839803122948538,0.5977738185300159
8,3,0.9839803122948538,0.6529551557850706
8,3,0.9839803122948538,0.5977738185300159
9,3,0.005634391261866156,0.6529551557850706
8,3,0.9839803122948538,0.6529551557850706
8,3,0.9839803122948538,0.6529551557850706
9,3,0.005634391261866156,0.6529551557850706
9,3,0.005634391261866156,0.7081364930401248
8,3,0.8540558384927834,0.2666857949996895
8,3,0.875709917459794,0.2666857949996895
8,3,0.875709917459794,0.32186713225474417
8,3,0.875709917459794,0.2666857949996895
8,3,0.8973639964268063,0.3218671322547437
8,3,0.875709917459794,0.32186713225474417
8,3,0.875709917459794,0.32186713225474417
8,3,0.8973639964268063,0.3218671322547437
8,3,0.8973639964268063,0.3770484695097984
8,3,0.8973639964268063,0.3218671322547437
8,3,0.9190180753938186,0.3770484695097984
8,3,0.8973639964268063,0.3770484695097984
8,3,0.8973639964268063,0.3770484695097984
8,3,0.9190180753938186,0.3770484695097984
8,3,0.9190180753938186,0.4322298067648527
8,3,0.9190180753938186,0.3770484695097984
8,3,0.940672154360831,0.4322298067648527
8,3,0.9190180753938186,0.4322298067648527
8,3,0.9190180753938186,0.4322298067648527
8,3,0.940672154360831,0.4322298067648527
8,3,0.940672154360831,0.48741114401990737
8,3,0.940672154360831,0.4322298067648527
8,3,0.9623262333278433,0.48741114401990737
8,3,0.940672154360831,0.48741114401990737
8,3,0.940672154360831,0.48741114401990737
8,3,0.9623262333278433,0.48741114401990737
8,3,0.9623262333278433,0.5425924812749616
8,3,0.9623262333278433,0.48741114401990737
8,3,0.9839803122948538,0.5425924812749616
8,3,0.9623262333278433,0.5425924812749616
8,3,0.9623262333278433,0.5425924812749616
8,3,0.9839803122948538,0.5425924812749616
8,3,0.9839803122948538,0.5977738185300159
8,3,0.9839803122948538,0.5425924812749616
9,3,0.005634391261866156,0.5977738185300159
8,3,0.9839803122948538,0.5977738185300159
8,3,0.9839803122948538,0.5977738185300159
9,3,0.005634391261866156,0.5977738185300159
9,3,0.005634391261866156,0.6529551557850706
8,3,0.875709917459794,0.2666857949996895
8,3,0.8973639964268063,0.2666857949996895
8,3,0.8973639964268063,0.3218671322547437
8,3,0.8973639964268063,0.2666857949996895
8,3,0.9190180753938186,0.32186713225474417
8,3,0.8973639964268063,0.3218671322547437
8,3,0.8973639964268063,0.3218671322547437
8,3,0.9190180753938186,0.32186713225474417
8,3,0.9190180753938186,0.3770484695097984
8,3,0.9190180753938186,0.32186713225474417
8,3,0.940672154360831,0.3770484695097984
8,3,0.9190180753938186,0.3770484695097984
8,3,0.9190180753938186,0.3770484695097984
8,3,0.940672154360831,0.3770484695097984
8,3,0.940672154360831,0.4322298067648527
8,3,0.940672154360831,0.3770484695097984
8,3,0.9623262333278433,0.4322298067648527
8,3,0.940672154360831,0.4322298067648527
8,3,0.940672154360831,0.4322298067648527
8,3,0.9623262333278433,0.4322298067648527
8,3,0.9623262333278433,0.48741114401990737
8,3,0.9623262333278433,0.4322298067648527
8,3,0.9839803122948538,0.48741114401990737
8,3,0.9623262333278433,0.48741114401990737
8,3,0.9623262333278433,0.48741114401990737
8,3,0.9839803122948538,0.48741114401990737
8,3,0.9839803122948538,0.5425924812749616
8,3,0.9839803122948538,0.48741114401990737
9,3,0.005634391261866156,0.5425924812749616
8,3,0.9839803122948538,0.5425924812749616
8,3,0.9839803122948538,0.5425924812749616
9,3,0.005634391261866156,0.5425924812749616
9,3,0.005634391261866156,0.5977738185300159
8,3,0.8973639964268063,0.2666857949996895
8,3,0.9190180753938186,0.2666857949996895
8,3,0.9190180753938186,0.32186713225474417
8,3,0.9190180753938186,0.2666857949996895
8,3,0.940672154360831,0.32186713225474417
8,3,0.9190180753938186,0.32186713225474417
8,3,0.9190180753938186,0.32186713225474417
8,3,0.940672154360831,0.32186713225474417
8,3,0.940672154360831,0.3770484695097984
8,3,0.940672154360831,0.32186713225474417
8,3,0.9623262333278433,0.3770484695097984
8,3,0.940672154360831,0.3770484695097984
8,3,0.940672154360831,0.3770484695097984
8,3,0.9623262333278433,0.3770484695097984
8,3,0.9623262333278433,0.4322298067648527
8,3,0.9623262333278433,0.3770484695097984
8,3,0.9839803122948538,0.4322298067648527
8,3,0.9623262333278433,0.4322298067648527
8,3,0.9623262333278433,0.4322298067648527
8,3,0.9839803122948538,0.4322298067648527
8,3,0.9839803122948538,0.48741114401990737
8,3,0.9839803122948538,0.4322298067648527
9,3,0.005634391261866156,0.48741114401990737
8,3,0.9839803122948538,0.48741114401990737
8,3,0.9839803122948538,0.48741114401990737
9,3,0.005634391261866156,0.48741114401990737
9,3,0.005634391261866156,0.5425924812749616
8,3,0.9190180753938186,0.2666857949996895
8,3,0.940672154360831,0.2666857949996895
8,3,0.940672154360831,0.32186713225474417
8,3,0.940672154360831,0.2666857949996895
8,3,0.9623262333278433,0.3218671322547437
8,3,0.940672154360831,0.32186713225474417
8,3,0.940672154360831,0.32186713225474417
8,3,0.9623262333278433,0.3218671322547437
8,3,0.9623262333278433,0.3770484695097984
8,3,0.9623262333278433,0.3218671322547437
8,3,0.9839803122948538,0.3770484695097984
8,3,0.9623262333278433,0.3770484695097984
8,3,0.9623262333278433,0.3770484695097984
8,3,0.9839803122948538,0.3770484695097984
8,3,0.9839803122948538,0.4322298067648527
8,3,0.9839803122948538,0.3770484695097984
9,3,0.005634391261866156,0.4322298067648527
8,3,0.9839803122948538,0.4322298067648527
8,3,0.9839803122948538,0.4322298067648527
9,3,0.005634391261866156,0.4322298067648527
9,3,0.005634391261866156,0.48741114401990737
8,3,0.940672154360831,0.2666857949996895
8,3,0.9623262333278433,0.2666857949996895
8,3,0.9623262333278433,0.3218671322547437
8,3,0.9623262333278433,0.2666857949996895
8,3,0.9839803122948538,0.32186713225474417
8,3,0.9623262333278433,0.3218671322547437
8,3,0.9623262333278433,0.3218671322547437
8,3,0.9839803122948538,0.32186713225474417
8,3,0.9839803122948538,0.3770484695097984
8,3,0.9839803122948538,0.32186713225474417
9,3,0.005634391261866156,0.3770484695097984
8,3,0.9839803122948538,0.3770484695097984
8,3,0.9839803122948538,0.3770484695097984
9,3,0.005634391261866156,0.3770484695097984
9,3,0.005634391261866156,0.4322298067648527
8,3,0.9623262333278433,0.2666857949996895
8,3,0.9839803122948538,0.2666857949996895
8,3,0.9839803122948538,0.32186713225474417
8,3,0.9839803122948538,0.2666857949996895
9,3,0.005634391261866156,0.3218671322547437
8,3,0.9839803122948538,0.32186713225474417
8,3,0.9839803122948538,0.32186713225474417
9,3,0.005634391261866156,0.3218671322547437
9,3,0.005634391261866156,0.3770484695097984
8,3,0.9839803122948538,0.2666857949996895
9,3,0.005634391261866156,0.2666857949996895
9,3,0.005634391261866156,0.3218671322547437
9,3,0.005634391261866156,0.7081364930401248
8,3,0.9839803122948538,0.7081364930401248
8,3,0.9839803122948538,0.6529551557850706
8,3,0.9839803122948538,0.7081364930401248
8,3,0.9623262333278433,0.6529551557850706
8,3,0.9839803122948538,0.6529551557850706
8,3,0.9839803122948538,0.6529551557850706
8,3,0.9623262333278433,0.6529551557850706
8,3,0.9623262333278433,0.5977738185300159
8,3,0.9623262333278433,0.6529551557850706
8,3,0.940672154360831,0.5977738185300159
8,3,0.9623262333278433,0.5977738185300159
8,3,0.9623262333278433,0.5977738185300159
8,3,0.940672154360831,0.5977738185300159
8,3,0.940672154360831,0.5425924812749616
8,3,0.940672154360831,0.5977738185300159
8,3,0.9190180753938186,0.5425924812749616
8,3,0.940672154360831,0.5425924812749616
8,3,0.940672154360831,0.5425924812749616
8,3,0.9190180753938186,0.5425924812749616
8,3,0.9190180753938186,0.48741114401990737
8,3,0.9190180753938186,0.5425924812749616
8,3,0.8973639964268063,0.48741114401990737
8,3,0.9190180753938186,0.48741114401990737
8,3,0.9190180753938186,0.48741114401990737
8,3,0.8973639964268063,0.48741114401990737
8,3,0.8973639964268063,0.4322298067648527
8,3,0.8973639964268063,0.48741114401990737
8,3,0.875709917459794,0.4322298067648527
8,3,0.8973639964268063,0.4322298067648527
8,3,0.8973639964268063,0.4322298067648527
8,3,0.875709917459794,0.4322298067648527
8,3,0.875709917459794,0.3770484695097984
8,3,0.875709917459794,0.4322298067648527
8,3,0.8540558384927834,0.3770484695097984
8,3,0.875709917459794,0.3770484695097984
8,3,0.875709917459794,0.3770484695097984
8,3,0.8540558384927834,0.3770484695097984
8,3,0.8540558384927834,0.3218671322547437
8,3,0.8540558384927834,0.3770484695097984
8,3,0.8324017595257711,0.3218671322547437
8,3,0.8540558384927834,0.3218671322547437
8,3,0.8540558384927834,0.3218671322547437
8,3,0.8324017595257711,0.3218671322547437
8,3,0.8324017595257711,0.2666857949996895
8,3,0.9839803122948538,0.7081364930401248
8,3,0.9623262333278433,0.7081364930401248
8,3,0.9623262333278433,0.6529551557850706
8,3,0.9623262333278433,0.7081364930401248
8,3,0.940672154360831,0.6529551557850706
8,3,0.9623262333278433,0.6529551557850706
8,3,0.9623262333278433,0.6529551557850706
8,3,0.940672154360831,0.6529551557850706
8,3,0.940672154360831,0.5977738185300159
8,3,0.940672154360831,0.6529551557850706
8,3,0.9190180753938186,0.5977738185300159
8,3,0.940672154360831,0.5977738185300159
8,3,0.940672154360831,0.5977738185300159
8,3,0.9190180753938186,0.5977738185300159
8,3,0.9190180753938186,0.5425924812749616
8,3,0.9190180753938186,0.5977738185300159
8,3,0.8973639964268063,0.5425924812749616
8,3,0.9190180753938186,0.5425924812749616
8,3,0.9190180753938186,0.5425924812749616
8,3,0.8973639964268063,0.5425924812749616
8,3,0.8973639964268063,0.48741114401990737
8,3,0.8973639964268063,0.5425924812749616
8,3,0.875709917459794,0.48741114401990737
8,3,0.8973639964268063,0.48741114401990737
8,3,0.8973639964268063,0.48741114401990737
8,3,0.875709917459794,0.48741114401990737
8,3,0.875709917459794,0.4322298067648527
8,3,0.875709917459794,0.48741114401990737
8,3,0.8540558384927834,0.4322298067648527
8,3,0.875709917459794,0.4322298067648527
8,3,0.875709917459794,0.4322298067648527
8,3,0.8540558384927834,0.4322298067648527
8,3,0.8540558384927834,0.3770484695097984
8,3,0.8540558384927834,0.4322298067648527
8,3,0.8324017595257711,0.3770484695097984
8,3,0.8540558384927834,0.3770484695097984
8,3,0.8540558384927834,0.3770484695097984
8,3,0.8324017595257711,0.3770484695097984
8,3,0.8324017595257711,0.3218671322547437
8,3,0.9623262333278433,0.7081364930401248
8,3,0.940672154360831,0.7081364930401248
8,3,0.940672154360831,0.6529551557850706
8,3,0.940672154360831,0.7081364930401248
8,3,0.9190180753938186,0.6529551557850706
8,3,0.940672154360831,0.6529551557850706
8,3,0.940672154360831,0.6529551557850706
8,3,0.9190180753938186,0.6529551557850706
8,3,0.9190180753938186,0.5977738185300159
8,3,0.9190180753938186,0.6529551557850706
8,3,0.8973639964268063,0.5977738185300159
8,3,0.9190180753938186,0.5977738185300159
8,3,0.9190180753938186,0.5977738185300159
8,3,0.8973639964268063,0.5977738185300159
8,3,0.8973639964268063,0.5425924812749616
8,3,0.8973639964268063,0.5977738185300159
8,3,0.875709917459794,0.5425924812749616
8,3,0.8973639964268063,0.5425924812749616
8,3,0.8973639964268063,0.5425924812749616
8,3,0.875709917459794,0.5425924812749616
8,3,0.875709917459794,0.48741114401990737
8,3,0.875709917459794,0.5425924812749616
8,3,0.8540558384927834,0.48741114401990737
8,3,0.875709917459794,0.48741114401990737
8,3,0.875709917459794,0.48741114401990737
8,3,0.8540558384927834,0.48741114401990737
8,3,0.8540558384927834,0.4322298067648527
8,3,0.8540558384927834,0.48741114401990737
8,3,0.8324017595257711,0.4322298067648527
8,3,0.8540558384927834,0.4322298067648527
8,3,0.8540558384927834,0.4322298067648527
8,3,0.8324017595257711,0.4322298067648527
8,3,0.8324017595257711,0.3770484695097984
8,3,0.940672154360831,0.7081364930401248
8,3,0.9190180753938186,0.7081364930401248
8,3,0.9190180753938186,0.6529551557850706
8,3,0.9190180753938186,0.7081364930401248
8,3,0.8973639964268063,0.6529551557850706
8,3,0.9190180753938186,0.6529551557850706
8,3,0.9190180753938186,0.6529551557850706
8,3,0.8973639964268063,0.6529551557850706
8,3,0.8973639964268063,0.5977738185300159
8,3,0.8973639964268063,0.6529551557850706
8,3,0.875709917459794,0.5977738185300159
8,3,0.8973639964268063,0.5977738185300159
8,3,0.8973639964268063,0.5977738185300159
8,3,0.875709917459794,0.5977738185300159
8,3,0.875709917459794,0.5425924812749616
8,3,0.875709917459794,0.5977738185300159
8,3,0.8540558384927834,0.5425924812749616
8,3,0.875709917459794,0.5425924812749616
8,3,0.875709917459794,0.5425924812749616
8,3,0.8540558384927834,0.5425924812749616
8,3,0.8540558384927834,0.48741114401990737
8,3,0.8540558384927834,0.5425924812749616
8,3,0.8324017595257711,0.48741114401990737
8,3,0.8540558384927834,0.48741114401990737
8,3,0.8540558384927834,0.48741114401990737
8,3,0.8324017595257711,0.48741114401990737
8,3,0.8324017595257711,0.4322298067648527
8,3,0.9190180753938186,0.7081364930401248
8,3,0.8973639964268063,0.7081364930401248
8,3,0.8973639964268063,0.6529551557850706
8,3,0.8973639964268063,0.7081364930401248
8,3,0.875709917459794,0.6529551557850706
8,3,0.8973639964268063,0.6529551557850706
8,3,0.8973639964268063,0.6529551557850706
8,3,0.875709917459794,0.6529551557850706
8,3,0.875709917459794,0.5977738185300159
8,3,0.875709917459794,0.6529551557850706
8,3,0.8540558384927834,0.5977738185300159
8,3,0.875709917459794,0.5977738185300159
8,3,0.875709917459794,0.5977738185300159
8,3,0.8540558384927834,0.5977738185300159
8,3,0.8540558384927834,0.5425924812749616
8,3,0.8540558384927834,0.5977738185300159
8,3,0.8324017595257711,0.5425924812749616
8,3,0.8540558384927834,0.5425924812749616
8,3,0.8540558384927834,0.5425924812749616
8,3,0.8324017595257711,0.5425924812749616
8,3,0.8324017595257711,0.48741114401990737
8,3,0.8973639964268063,0.7081364930401248
8,3,0.875709917459794,0.7081364930401248
8,3,0.875709917459794,0.6529551557850706
8,3,0.875709917459794,0.7081364930401248
8,3,0.8540558384927834,0.6529551557850706
8,3,0.875709917459794,0.6529551557850706
8,3,0.875709917459794,0.6529551557850706
8,3,0.8540558384927834,0.6529551557850706
8,3,0.8540558384927834,0.5977738185300159
8,3,0.8540558384927834,0.6529551557850706
8,3,0.8324017595257711,0.5977738185300159
8,3,0.8540558384927834,0.5977738185300159
8,3,0.8540558384927834,0.5977738185300159
8,3,0.8324017595257711,0.5977738185300159
8,3,0.8324017595257711,0.5425924812749616
8,3,0.875709917459794,0.7081364930401248
8,3,0.8540558384927834,0.7081364930401248
8,3,0.8540558384927834,0.6529551557850706
8,3,0.8540558384927834,0.7081364930401248
8,3,0.8324017595257711,0.6529551557850706
8,3,0.8540558384927834,0.6529551557850706
8,3,0.8540558384927834,0.6529551557850706
8,3,0.8324017595257711,0.6529551557850706
8,3,0.8324017595257711,0.5977738185300159
8,3,0.8540558384927834,0.7081364930401248
8,3,0.8324017595257711,0.7081364930401248
8,3,0.8324017595257711,0.6529551557850706
8,3,0.8324017595257711,0.2666857949996895
8,3,0.8324017595257711,0.3218671322547437
8,3,0.8106867403740488,0.3218671322547437
8,3,0.8324017595257711,0.3218671322547437
8,3,0.8106867403740488,0.3770484695097984
8,3,0.8106867403740488,0.3218671322547437
8,3,0.8106867403740488,0.3218671322547437
8,3,0.8106867403740488,0.3770484695097984
8,3,0.7889717212223264,0.3770484695097984
8,3,0.8106867403740488,0.3770484695097984
8,3,0.7889717212223264,0.4322298067648527
8,3,0.7889717212223264,0.3770484695097984
8,3,0.7889717212223264,0.3770484695097984
8,3,0.7889717212223264,0.4322298067648527
8,3,0.767256702070604,0.4322298067648527
8,3,0.7889717212223264,0.4322298067648527
8,3,0.767256702070604,0.48741114401990737
8,3,0.767256702070604,0.4322298067648527
8,3,0.767256702070604,0.4322298067648527
8,3,0.767256702070604,0.48741114401990737
8,3,0.7455416829188817,0.48741114401990737
8,3,0.767256702070604,0.48741114401990737
8,3,0.7455416829188817,0.5425924812749616
8,3,0.7455416829188817,0.48741114401990737
8,3,0.7455416829188817,0.48741114401990737
8,3,0.7455416829188817,0.5425924812749616
8,3,0.7238266637671593,0.5425924812749616
8,3,0.7455416829188817,0.5425924812749616
8,3,0.7238266637671593,0.5977738185300159
8,3,0.7238266637671593,0.5425924812749616
8,3,0.7238266637671593,0.5425924812749616
8,3,0.7238266637671593,0.5977738185300159
8,3,0.7021116446154387,0.5977738185300159
8,3,0.7238266637671593,0.5977738185300159
8,3,0.7021116446154387,0.6529551557850706
8,3,0.7021116446154387,0.5977738185300159
8,3,0.7021116446154387,0.5977738185300159
8,3,0.7021116446154387,0.6529551557850706
8,3,0.6803966254637164,0.6529551557850706
8,3,0.7021116446154387,0.6529551557850706
8,3,0.6803966254637164,0.7081364930401248
8,3,0.6803966254637164,0.6529551557850706
8,3,0.6803966254637164,0.6529551557850706
8,3,0.6803966254637164,0.7081364930401248
8,3,0.658681606311994,0.7081364930401248
8,3,0.8324017595257711,0.3218671322547437
8,3,0.8324017595257711,0.3770484695097984
8,3,0.8106867403740488,0.3770484695097984
8,3,0.8324017595257711,0.3770484695097984
8,3,0.8106867403740488,0.4322298067648527
8,3,0.8106867403740488,0.3770484695097984
8,3,0.8106867403740488,0.3770484695097984
8,3,0.8106867403740488,0.4322298067648527
8,3,0.7889717212223264,0.4322298067648527
8,3,0.8106867403740488,0.4322298067648527
8,3,0.7889717212223264,0.48741114401990737
8,3,0.7889717212223264,0.4322298067648527
8,3,0.7889717212223264,0.4322298067648527
8,3,0.7889717212223264,0.48741114401990737
8,3,0.767256702070604,0.48741114401990737
8,3,0.7889717212223264,0.48741114401990737
8,3,0.767256702070604,0.5425924812749616
8,3,0.767256702070604,0.48741114401990737
8,3,0.767256702070604,0.48741114401990737
8,3,0.767256702070604,0.5425924812749616
8,3,0.7455416829188817,0.5425924812749616
8,3,0.767256702070604,0.5425924812749616
8,3,0.7455416829188817,0.5977738185300159
8,3,0.7455416829188817,0.5425924812749616
8,3,0.7455416829188817,0.5425924812749616
8,3,0.7455416829188817,0.5977738185300159
8,3,0.7238266637671593,0.5977738185300159
8,3,0.7455416829188817,0.5977738185300159
8,3,0.7238266637671593,0.6529551557850706
8,3,0.7238266637671593,0.5977738185300159
8,3,0.7238266637671593,0.5977738185300159
8,3,0.7238266637671593,0.6529551557850706
8,3,0.7021116446154387,0.6529551557850706
8,3,0.7238266637671593,0.6529551557850706
8,3,0.7021116446154387,0.7081364930401248
8,3,0.7021116446154387,0.6529551557850706
8,3,0.7021116446154387,0.6529551557850706
8,3,0.7021116446154387,0.7081364930401248
8,3,0.6803966254637164,0.7081364930401248
8,3,0.8324017595257711,0.3770484695097984
8,3,0.8324017595257711,0.4322298067648527
8,3,0.8106867403740488,0.4322298067648527
8,3,0.8324017595257711,0.4322298067648527
8,3,0.8106867403740488,0.48741114401990737
8,3,0.8106867403740488,0.4322298067648527
8,3,0.8106867403740488,0.4322298067648527
8,3,0.8106867403740488,0.48741114401990737
8,3,0.7889717212223264,0.48741114401990737
8,3,0.8106867403740488,0.48741114401990737
8,3,0.7889717212223264,0.5425924812749616
8,3,0.7889717212223264,0.48741114401990737
8,3,0.7889717212223264,0.48741114401990737
8,3,0.7889717212223264,0.5425924812749616
8,3,0.767256702070604,0.5425924812749616
8,3,0.7889717212223264,0.5425924812749616
8,3,0.767256702070604,0.5977738185300159
8,3,0.767256702070604,0.5425924812749616
8,3,0.767256702070604,0.5425924812749616
8,3,0.767256702070604,0.5977738185300159
8,3,0.7455416829188817,0.5977738185300159
8,3,0.767256702070604,0.5977738185300159
8,3,0.7455416829188817,0.6529551557850706
8,3,0.7455416829188817,0.5977738185300159
8,3,0.7455416829188817,0.5977738185300159
8,3,0.7455416829188817,0.6529551557850706
8,3,0.7238266637671593,0.6529551557850706
8,3,0.7455416829188817,0.6529551557850706
8,3,0.7238266637671593,0.7081364930401248
8,3,0.7238266637671593,0.6529551557850706
8,3,0.7238266637671593,0.6529551557850706
8,3,0.7238266637671593,0.7081364930401248
8,3,0.7021116446154387,0.7081364930401248
8,3,0.8324017595257711,0.4322298067648527
8,3,0.8324017595257711,0.48741114401990737
8,3,0.8106867403740488,0.48741114401990737
8,3,0.8324017595257711,0.48741114401990737
8,3,0.8106867403740488,0.5425924812749616
8,3,0.8106867403740488,0.48741114401990737
8,3,0.8106867403740488,0.48741114401990737
8,3,0.8106867403740488,0.5425924812749616
8,3,0.7889717212223264,0.5425924812749616
8,3,0.8106867403740488,0.5425924812749616
8,3,0.7889717212223264,0.5977738185300159
8,3,0.7889717212223264,0.5425924812749616
8,3,0.7889717212223264,0.5425924812749616
8,3,0.7889717212223264,0.5977738185300159
8,3,0.767256702070604,0.5977738185300159
8,3,0.7889717212223264,0.5977738185300159
8,3,0.767256702070604,0.6529551557850706
8,3,0.767256702070604,0.5977738185300159
8,3,0.767256702070604,0.5977738185300159
8,3,0.767256702070604,0.6529551557850706
8,3,0.7455416829188817,0.6529551557850706
8,3,0.767256702070604,0.6529551557850706
8,3,0.7455416829188817,0.7081364930401248
8,3,0.7455416829188817,0.6529551557850706
8,3,0.7455416829188817,0.6529551557850706
8,3,0.7455416829188817,0.7081364930401248
8,3,0.7238266637671593,0.7081364930401248
8,3,0.8324017595257711,0.48741114401990737
8,3,0.8324017595257711,0.5425924812749616
8,3,0.8106867403740488,0.5425924812749616
8,3,0.8324017595257711,0.5425924812749616
8,3,0.8106867403740488,0.5977738185300159
8,3,0.8106867403740488,0.5425924812749616
8,3,0.8106867403740488,0.5425924812749616
8,3,0.8106867403740488,0.5977738185300159
8,3,0.7889717212223264,0.5977738185300159
8,3,0.8106867403740488,0.5977738185300159
8,3,0.7889717212223264,0.6529551557850706
8,3,0.7889717212223264,0.5977738185300159
8,3,0.7889717212223264,0.5977738185300159
8,3,0.7889717212223264,0.6529551557850706
8,3,0.767256702070604,0.6529551557850706
8,3,0.7889717212223264,0.6529551557850706
8,3,0.767256702070604,0.7081364930401248
8,3,0.767256702070604,0.6529551557850706
8,3,0.767256702070604,0.6529551557850706
8,3,0.767256702070604,0.7081364930401248
8,3,0.7455416829188817,0.7081364930401248
8,3,0.8324017595257711,0.5425924812749616
8,3,0.8324017595257711,0.5977738185300159
8,3,0.8106867403740488,0.5977738185300159
8,3,0.8324017595257711,0.5977738185300159
8,3,0.8106867403740488,0.6529551557850706
8,3,0.8106867403740488,0.5977738185300159
8,3,0.8106867403740488,0.5977738185300159
8,3,0.8106867403740488,0.6529551557850706
8,3,0.7889717212223264,0.6529551557850706
8,3,0.8106867403740488,0.6529551557850706
8,3,0.7889717212223264,0.7081364930401248
8,3,0.7889717212223264,0.6529551557850706
8,3,0.7889717212223264,0.6529551557850706
8,3,0.7889717212223264,0.7081364930401248
8,3,0.767256702070604,0.7081364930401248
8,3,0.8324017595257711,0.5977738185300159
8,3,0.8324017595257711,0.6529551557850706
8,3,0.8106867403740488,0.6529551557850706
8,3,0.8324017595257711,0.6529551557850706
8,3,0.8106867403740488,0.7081364930401248
8,3,0.8106867403740488,0.6529551557850706
8,3,0.8106867403740488,0.6529551557850706
8,3,0.8106867403740488,0.7081364930401248
8,3,0.7889717212223264,0.7081364930401248
8,3,0.8324017595257711,0.6529551557850706
8,3,0.8324017595257711,0.7081364930401248
8,3,0.8106867403740488,0.7081364930401248
8,3,0.658681606311994,0.7081364930401248
8,3,0.658681606311994,0.6529551557850706
8,3,0.6803966254637164,0.6529551557850706
8,3,0.658681606311994,0.6529551557850706
8,3,0.6803966254637164,0.5977738185300159
8,3,0.6803966254637164,0.6529551557850706
8,3,0.6803966254637164,0.6529551557850706
8,3,0.6803966254637164,0.5977738185300159
8,3,0.7021116446154387,0.5977738185300159
8,3,0.6803966254637164,0.5977738185300159
8,3,0.7021116446154387,0.5425924812749616
8,3,0.7021116446154387,0.5977738185300159
8,3,0.7021116446154387,0.5977738185300159
8,3,0.7021116446154387,0.5425924812749616
8,3,0.7238266637671593,0.5425924812749616
8,3,0.7021116446154387,0.5425924812749616
8,3,0.7238266637671593,0.48741114401990737
8,3,0.7238266637671593,0.5425924812749616
8,3,0.7238266637671593,0.5425924812749616
8,3,0.7238266637671593,0.48741114401990737
8,3,0.7455416829188817,0.48741114401990737
8,3,0.7238266637671593,0.48741114401990737
8,3,0.7455416829188817,0.4322298067648527
8,3,0.7455416829188817,0.48741114401990737
8,3,0.7455416829188817,0.48741114401990737
8,3,0.7455416829188817,0.4322298067648527
8,3,0.767256702070604,0.4322298067648527
8,3,0.7455416829188817,0.4322298067648527
8,3,0.767256702070604,0.3770484695097984
8,3,0.767256702070604,0.4322298067648527
8,3,0.767256702070604,0.4322298067648527
8,3,0.767256702070604,0.3770484695097984
8,3,0.7889717212223264,0.3770484695097984
8,3,0.767256702070604,0.3770484695097984
8,3,0.7889717212223264,0.32186713225474417
8,3,0.7889717212223264,0.3770484695097984
8,3,0.7889717212223264,0.3770484695097984
8,3,0.7889717212223264,0.32186713225474417
8,3,0.8106867403740488,0.3218671322547437
8,3,0.7889717212223264,0.32186713225474417
8,3,0.8106867403740488,0.2666857949996895
8,3,0.8106867403740488,0.3218671322547437
8,3,0.8106867403740488,0.3218671322547437
8,3,0.8106867403740488,0.2666857949996895
8,3,0.8324017595257711,0.2666857949996895
8,3,0.658681606311994,0.6529551557850706
8,3,0.658681606311994,0.5977738185300159
8,3,0.6803966254637164,0.5977738185300159
8,3,0.658681606311994,0.5977738185300159
8,3,0.6803966254637164,0.5425924812749616
8,3,0.6803966254637164,0.5977738185300159
8,3,0.6803966254637164,0.5977738185300159
8,3,0.6803966254637164,0.5425924812749616
8,3,0.7021116446154387,0.5425924812749616
8,3,0.6803966254637164,0.5425924812749616
8,3,0.7021116446154387,0.48741114401990737
8,3,0.7021116446154387,0.5425924812749616
8,3,0.7021116446154387,0.5425924812749616
8,3,0.7021116446154387,0.48741114401990737
8,3,0.7238266637671593,0.48741114401990737
8,3,0.7021116446154387,0.48741114401990737
8,3,0.7238266637671593,0.4322298067648527
8,3,0.7238266637671593,0.48741114401990737
8,3,0.7238266637671593,0.48741114401990737
8,3,0.7238266637671593,0.4322298067648527
8,3,0.7455416829188817,0.4322298067648527
8,3,0.7238266637671593,0.4322298067648527
8,3,0.7455416829188817,0.3770484695097984
8,3,0.7455416829188817,0.4322298067648527
8,3,0.7455416829188817,0.4322298067648527
8,3,0.7455416829188817,0.3770484695097984
8,3,0.767256702070604,0.3770484695097984
8,3,0.7455416829188817,0.3770484695097984
8,3,0.767256702070604,0.3218671322547437
8,3,0.767256702070604,0.3770484695097984
8,3,0.767256702070604,0.3770484695097984
8,3,0.767256702070604,0.3218671322547437
8,3,0.7889717212223264,0.32186713225474417
8,3,0.767256702070604,0.3218671322547437
8,3,0.7889717212223264,0.2666857949996895
8,3,0.7889717212223264,0.32186713225474417
8,3,0.7889717212223264,0.32186713225474417
8,3,0.7889717212223264,0.2666857949996895
8,3,0.8106867403740488,0.2666857949996895
8,3,0.658681606311994,0.5977738185300159
8,3,0.658681606311994,0.5425924812749616
8,3,0.6803966254637164,0.5425924812749616
8,3,0.658681606311994,0.5425924812749616
8,3,0.6803966254637164,0.48741114401990737
8,3,0.6803966254637164,0.5425924812749616
8,3,0.6803966254637164,0.5425924812749616
8,3,0.6803966254637164,0.48741114401990737
8,3,0.7021116446154387,0.48741114401990737
8,3,0.6803966254637164,0.48741114401990737
8,3,0.7021116446154387,0.4322298067648527
8,3,0.7021116446154387,0.48741114401990737
8,3,0.7021116446154387,0.48741114401990737
8,3,0.7021116446154387,0.4322298067648527
8,3,0.7238266637671593,0.4322298067648527
8,3,0.7021116446154387,0.4322298067648527
8,3,0.7238266637671593,0.3770484695097984
8,3,0.7238266637671593,0.4322298067648527
8,3,0.7238266637671593,0.4322298067648527
8,3,0.7238266637671593,0.3770484695097984
8,3,0.7455416829188817,0.3770484695097984
8,3,0.7238266637671593,0.3770484695097984
8,3,0.7455416829188817,0.32186713225474417
8,3,0.7455416829188817,0.3770484695097984
8,3,0.7455416829188817,0.3770484695097984
8,3,0.7455416829188817,0.32186713225474417
8,3,0.767256702070604,0.3218671322547437
8,3,0.7455416829188817,0.32186713225474417
8,3,0.767256702070604,0.2666857949996895
8,3,0.767256702070604,0.3218671322547437
8,3,0.767256702070604,0.3218671322547437
8,3,0.767256702070604,0.2666857949996895
8,3,0.7889717212223264,0.2666857949996895
8,3,0.658681606311994,0.5425924812749616
8,3,0.658681606311994,0.48741114401990737
8,3,0.6803966254637164,0.48741114401990737
8,3,0.658681606311994,0.48741114401990737
8,3,0.6803966254637164,0.4322298067648527
8,3,0.6803966254637164,0.48741114401990737
8,3,0.6803966254637164,0.48741114401990737
8,3,0.6803966254637164,0.4322298067648527
8,3,0.7021116446154387,0.4322298067648527
8,3,0.6803966254637164,0.4322298067648527
8,3,0.7021116446154387,0.3770484695097984
8,3,0.7021116446154387,0.4322298067648527
8,3,0.7021116446154387,0.4322298067648527
8,3,0.7021116446154387,0.3770484695097984
8,3,0.7238266637671593,0.3770484695097984
8,3,0.7021116446154387,0.3770484695097984
8,3,0.7238266637671593,0.32186713225474417
8,3,0.7238266637671593,0.3770484695097984
8,3,0.7238266637671593,0.3770484695097984
8,3,0.7238266637671593,0.32186713225474417
8,3,0.7455416829188817,0.32186713225474417
8,3,0.7238266637671593,0.32186713225474417
8,3,0.7455416829188817,0.2666857949996895
8,3,0.7455416829188817,0.32186713225474417
8,3,0.7455416829188817,0.32186713225474417
8,3,0.7455416829188817,0.2666857949996895
8,3,0.767256702070604,0.2666857949996895
8,3,0.658681606311994,0.48741114401990737
8,3,0.658681606311994,0.4322298067648527
8,3,0.6803966254637164,0.4322298067648527
8,3,0.658681606311994,0.4322298067648527
8,3,0.6803966254637164,0.3770484695097984
8,3,0.6803966254637164,0.4322298067648527
8,3,0.6803966254637164,0.4322298067648527
8,3,0.6803966254637164,0.3770484695097984
8,3,0.7021116446154387,0.3770484695097984
8,3,0.6803966254637164,0.3770484695097984
8,3,0.7021116446154387,0.3218671322547437
8,3,0.7021116446154387,0.3770484695097984
8,3,0.7021116446154387,0.3770484695097984
8,3,0.7021116446154387,0.3218671322547437
8,3,0.7238266637671593,0.32186713225474417
8,3,0.7021116446154387,0.3218671322547437
8,3,0.7238266637671593,0.2666857949996895
8,3,0.7238266637671593,0.32186713225474417
8,3,0.7238266637671593,0.32186713225474417
8,3,0.7238266637671593,0.2666857949996895
8,3,0.7455416829188817,0.2666857949996895
8,3,0.658681606311994,0.4322298067648527
8,3,0.658681606311994,0.3770484695097984
8,3,0.6803966254637164,0.3770484695097984
8,3,0.658681606311994,0.3770484695097984
8,3,0.6803966254637164,0.32186713225474417
8,3,0.6803966254637164,0.3770484695097984
8,3,0.6803966254637164,0.3770484695097984
8,3,0.6803966254637164,0.32186713225474417
8,3,0.7021116446154387,0.3218671322547437
8,3,0.6803966254637164,0.32186713225474417
8,3,0.7021116446154387,0.2666857949996895
8,3,0.7021116446154387,0.3218671322547437
8,3,0.7021116446154387,0.3218671322547437
8,3,0.7021116446154387,0.2666857949996895
8,3,0.7238266637671593,0.2666857949996895
8,3,0.658681606311994,0.3770484695097984
8,3,0.658681606311994,0.3218671322547437
8,3,0.6803966254637164,0.32186713225474417
8,3,0.658681606311994,0.3218671322547437
8,3,0.6803966254637164,0.2666857949996895
8,3,0.6803966254637164,0.32186713225474417
8,3,0.6803966254637164,0.32186713225474417
8,3,0.6803966254637164,0.2666857949996895
8,3,0.7021116446154387,0.2666857949996895
8,3,0.658681606311994,0.3218671322547437
8,3,0.658681606311994,0.2666857949996895
8,3,0.6803966254637164,0.2666857949996895
9,3,0.017334906726217625,0.5485544626791059
9,3,0.017334906726217625,0.5689220266355703
8,3,0.9651430240877783,0.5689220266355703
9,3,0.017334906726217625,0.5689220266355703
8,3,0.9651430240877783,0.5892895905920343
8,3,0.9651430240877783,0.5689220266355703
8,3,0.9651430240877783,0.5689220266355703
8,3,0.9651430240877783,0.5892895905920343
8,3,0.9129511414493408,0.5892895905920343
8,3,0.9651430240877783,0.5892895905920343
8,3,0.9129511414493408,0.6096571545484983
8,3,0.9129511414493408,0.5892895905920343
8,3,0.9129511414493408,0.5892895905920343
8,3,0.9129511414493408,0.6096571545484983
8,3,0.8607592588109014,0.6096571545484983
8,3,0.9129511414493408,0.6096571545484983
8,3,0.8607592588109014,0.6300247185049623
8,3,0.8607592588109014,0.6096571545484983
8,3,0.8607592588109014,0.6096571545484983
8,3,0.8607592588109014,0.6300247185049623
8,3,0.8085673761724621,0.6300247185049623
8,3,0.8607592588109014,0.6300247185049623
8,3,0.8085673761724621,0.6503922824614263
8,3,0.8085673761724621,0.6300247185049623
8,3,0.8085673761724621,0.6300247185049623
8,3,0.8085673761724621,0.6503922824614263
8,3,0.7563754935340228,0.6503922824614263
8,3,0.8085673761724621,0.6503922824614263
8,3,0.7563754935340228,0.6707598464178903
8,3,0.7563754935340228,0.6503922824614263
8,3,0.7563754935340228,0.6503922824614263
8,3,0.7563754935340228,0.6707598464178903
8,3,0.7041836108955835,0.6707598464178903
8,3,0.7563754935340228,0.6707598464178903
8,3,0.7041836108955835,0.6911274103743543
8,3,0.7041836108955835,0.6707598464178903
8,3,0.7041836108955835,0.6707598464178903
8,3,0.7041836108955835,0.6911274103743543
8,3,0.6519917282571441,0.6911274103743543
8,3,0.7041836108955835,0.6911274103743543
8,3,0.6519917282571441,0.7114949743308183
8,3,0.6519917282571441,0.6911274103743543
8,3,0.6519917282571441,0.6911274103743543
8,3,0.6519917282571441,0.7114949743308183
8,3,0.5997998456187048,0.7114949743308183
8,3,0.6519917282571441,0.7114949743308183
8,3,0.5997998456187048,0.7318625382872823
8,3,0.5997998456187048,0.7114949743308183
8,3,0.5997998456187048,0.7114949743308183
8,3,0.5997998456187048,0.7318625382872823
8,3,0.5476079629802655,0.7318625382872823
9,3,0.017334906726217625,0.5689220266355703
9,3,0.017334906726217625,0.5892895905920343
8,3,0.9651430240877783,0.5892895905920343
9,3,0.017334906726217625,0.5892895905920343
8,3,0.9651430240877783,0.6096571545484983
8,3,0.9651430240877783,0.5892895905920343
8,3,0.9651430240877783,0.5892895905920343
8,3,0.9651430240877783,0.6096571545484983
8,3,0.9129511414493408,0.6096571545484983
8,3,0.9651430240877783,0.6096571545484983
8,3,0.9129511414493408,0.6300247185049623
8,3,0.9129511414493408,0.6096571545484983
8,3,0.9129511414493408,0.6096571545484983
8,3,0.9129511414493408,0.6300247185049623
8,3,0.8607592588109014,0.6300247185049623
8,3,0.9129511414493408,0.6300247185049623
8,3,0.8607592588109014,0.6503922824614263
8,3,0.8607592588109014,0.6300247185049623
8,3,0.8607592588109014,0.6300247185049623
8,3,0.8607592588109014,0.6503922824614263
8,3,0.8085673761724621,0.6503922824614263
8,3,0.8607592588109014,0.6503922824614263
8,3,0.8085673761724621,0.6707598464178903
8,3,0.8085673761724621,0.6503922824614263
8,3,0.8085673761724621,0.6503922824614263
8,3,0.8085673761724621,0.6707598464178903
8,3,0.7563754935340228,0.6707598464178903
8,3,0.8085673761724621,0.6707598464178903
8,3,0.7563754935340228,0.6911274103743543
8,3,0.7563754935340228,0.6707598464178903
8,3,0.7563754935340228,0.6707598464178903
8,3,0.7563754935340228,0.6911274103743543
8,3,0.7041836108955835,0.6911274103743543
8,3,0.7563754935340228,0.6911274103743543
8,3,0.7041836108955835,0.7114949743308183
8,3,0.7041836108955835,0.6911274103743543
8,3,0.7041836108955835,0.6911274103743543
8,3,0.7041836108955835,0.7114949743308183
8,3,0.6519917282571441,0.7114949743308183
8,3,0.7041836108955835,0.7114949743308183
8,3,0.6519917282571441,0.7318625382872823
8,3,0.6519917282571441,0.7114949743308183
8,3,0.6519917282571441,0.7114949743308183
8,3,0.6519917282571441,0.7318625382872823
8,3,0.5997998456187048,0.7318625382872823
9,3,0.017334906726217625,0.5892895905920343
9,3,0.017334906726217625,0.6096571545484983
8,3,0.9651430240877783,0.6096571545484983
9,3,0.017334906726217625,0.6096571545484983
8,3,0.9651430240877783,0.6300247185049623
8,3,0.9651430240877783,0.6096571545484983
8,3,0.9651430240877783,0.6096571545484983
8,3,0.9651430240877783,0.6300247185049623
8,3,0.9129511414493408,0.6300247185049623
8,3,0.9651430240877783,0.6300247185049623
8,3,0.9129511414493408,0.6503922824614263
8,3,0.9129511414493408,0.6300247185049623
8,3,0.9129511414493408,0.6300247185049623
8,3,0.9129511414493408,0.6503922824614263
8,3,0.8607592588109014,0.6503922824614263
8,3,0.9129511414493408,0.6503922824614263
8,3,0.8607592588109014,0.6707598464178903
8,3,0.8607592588109014,0.6503922824614263
8,3,0.8607592588109014,0.6503922824614263
8,3,0.8607592588109014,0.6707598464178903
8,3,0.8085673761724621,0.6707598464178903
8,3,0.8607592588109014,0.6707598464178903
8,3,0.8085673761724621,0.6911274103743543
8,3,0.8085673761724621,0.6707598464178903
8,3,0.8085673761724621,0.6707598464178903
8,3,0.8085673761724621,0.6911274103743543
8,3,0.7563754935340228,0.6911274103743543
8,3,0.8085673761724621,0.6911274103743543
8,3,0.7563754935340228,0.7114949743308183
8,3,0.7563754935340228,0.6911274103743543
8,3,0.7563754935340228,0.6911274103743543
8,3,0.7563754935340228,0.7114949743308183
8,3,0.7041836108955835,0.7114949743308183
8,3,0.7563754935340228,0.7114949743308183
8,3,0.7041836108955835,0.7318625382872823
8,3,0.7041836108955835,0.7114949743308183
8,3,0.7041836108955835,0.7114949743308183
8,3,0.7041836108955835,0.7318625382872823
8,3,0.6519917282571441,0.7318625382872823
9,3,0.017334906726217625,0.6096571545484983
9,3,0.017334906726217625,0.6300247185049623
8,3,0.9651430240877783,0.6300247185049623
9,3,0.017334906726217625,0.6300247185049623
8,3,0.9651430240877783,0.6503922824614263
8,3,0.9651430240877783,0.6300247185049623
8,3,0.9651430240877783,0.6300247185049623
8,3,0.9651430240877783,0.6503922824614263
8,3,0.9129511414493408,0.6503922824614263
8,3,0.9651430240877783,0.6503922824614263
8,3,0.9129511414493408,0.6707598464178903
8,3,0.9129511414493408,0.6503922824614263
8,3,0.9129511414493408,0.6503922824614263
8,3,0.9129511414493408,0.6707598464178903
8,3,0.8607592588109014,0.6707598464178903
8,3,0.9129511414493408,0.6707598464178903
8,3,0.8607592588109014,0.6911274103743543
8,3,0.8607592588109014,0.6707598464178903
8,3,0.8607592588109014,0.6707598464178903
8,3,0.8607592588109014,0.6911274103743543
8,3,0.8085673761724621,0.6911274103743543
8,3,0.8607592588109014,0.6911274103743543
8,3,0.8085673761724621,0.7114949743308183
8,3,0.8085673761724621,0.6911274103743543
8,3,0.8085673761724621,0.6911274103743543
8,3,0.8085673761724621,0.7114949743308183
8,3,0.7563754935340228,0.7114949743308183
8,3,0.8085673761724621,0.7114949743308183
8,3,0.7563754935340228,0.7318625382872823
8,3,0.7563754935340228,0.7114949743308183
8,3,0.7563754935340228,0.7114949743308183
8,3,0.7563754935340228,0.7318625382872823
8,3,0.7041836108955835,0.7318625382872823
9,3,0.017334906726217625,0.6300247185049623
9,3,0.017334906726217625,0.6503922824614263
8,3,0.9651430240877783,0.6503922824614263
9,3,0.017334906726217625,0.6503922824614263
8,3,0.9651430240877783,0.6707598464178903
8,3,0.9651430240877783,0.6503922824614263
8,3,0.9651430240877783,0.6503922824614263
8,3,0.9651430240877783,0.6707598464178903
8,3,0.9129511414493408,0.6707598464178903
8,3,0.9651430240877783,0.6707598464178903
8,3,0.9129511414493408,0.6911274103743543
8,3,0.9129511414493408,0.6707598464178903
8,3,0.9129511414493408,0.6707598464178903
8,3,0.9129511414493408,0.6911274103743543
8,3,0.8607592588109014,0.6911274103743543
8,3,0.9129511414493408,0.6911274103743543
8,3,0.8607592588109014,0.7114949743308183
8,3,0.8607592588109014,0.6911274103743543
8,3,0.8607592588109014,0.6911274103743543
8,3,0.8607592588109014,0.7114949743308183
8,3,0.8085673761724621,0.7114949743308183
8,3,0.8607592588109014,0.7114949743308183
8,3,0.8085673761724621,0.7318625382872823
8,3,0.8085673761724621,0.7114949743308183
8,3,0.8085673761724621,0.7114949743308183
8,3,0.8085673761724621,0.7318625382872823
8,3,0.7563754935340228,0.7318625382872823
9,3,0.017334906726217625,0.6503922824614263
9,3,0.017334906726217625,0.6707598464178903
8,3,0.9651430240877783,0.6707598464178903
9,3,0.017334906726217625,0.6707598464178903
8,3,0.9651430240877783,0.6911274103743543
8,3,0.9651430240877783,0.6707598464178903
8,3,0.9651430240877783,0.6707598464178903
8,3,0.9651430240877783,0.6911274103743543
8,3,0.9129511414493408,0.6911274103743543
8,3,0.9651430240877783,0.6911274103743543
8,3,0.9129511414493408,0.7114949743308183
8,3,0.9129511414493408,0.6911274103743543
8,3,0.9129511414493408,0.6911274103743543
8,3,0.9129511414493408,0.7114949743308183
8,3,0.8607592588109014,0.7114949743308183
8,3,0.9129511414493408,0.7114949743308183
8,3,0.8607592588109014,0.7318625382872823
8,3,0.8607592588109014,0.7114949743308183
8,3,0.8607592588109014,0.7114949743308183
8,3,0.8607592588109014,0.7318625382872823
8,3,0.8085673761724621,0.7318625382872823
9,3,0.017334906726217625,0.6707598464178903
9,3,0.017334906726217625,0.6911274103743543
8,3,0.9651430240877783,0.6911274103743543
9,3,0.017334906726217625,0.6911274103743543
8,3,0.9651430240877783,0.7114949743308183
8,3,0.9651430240877783,0.6911274103743543
8,3,0.9651430240877783,0.6911274103743543
8,3,0.9651430240877783,0.7114949743308183
8,3,0.9129511414493408,0.7114949743308183
8,3,0.9651430240877783,0.7114949743308183
8,3,0.9129511414493408,0.7318625382872823
8,3,0.9129511414493408,0.7114949743308183
8,3,0.9129511414493408,0.7114949743308183
8,3,0.9129511414493408,0.7318625382872823
8,3,0.8607592588109014,0.7318625382872823
9,3,0.017334906726217625,0.6911274103743543
9,3,0.017334906726217625,0.7114949743308183
8,3,0.9651430240877783,0.7114949743308183
9,3,0.017334906726217625,0.7114949743308183
8,3,0.9651430240877783,0.7318625382872823
8,3,0.9651430240877783,0.7114949743308183
8,3,0.9651430240877783,0.7114949743308183
8,3,0.9651430240877783,0.7318625382872823
8,3,0.9129511414493408,0.7318625382872823
9,3,0.017334906726217625,0.7114949743308183
9,3,0.017334906726217625,0.7318625382872823
8,3,0.9651430240877783,0.7318625382872823
8,3,0.5476079629802655,0.7318625382872823
8,3,0.5476079629802655,0.7114949743308183
8,3,0.5997998456187048,0.7114949743308183
8,3,0.5476079629802655,0.7114949743308183
8,3,0.5997998456187048,0.6911274103743543
8,3,0.5997998456187048,0.7114949743308183
8,3,0.5997998456187048,0.7114949743308183
8,3,0.5997998456187048,0.6911274103743543
8,3,0.6519917282571441,0.6911274103743543
8,3,0.5997998456187048,0.6911274103743543
8,3,0.6519917282571441,0.6707598464178903
8,3,0.6519917282571441,0.6911274103743543
8,3,0.6519917282571441,0.6911274103743543
8,3,0.6519917282571441,0.6707598464178903
8,3,0.7041836108955835,0.6707598464178903
8,3,0.6519917282571441,0.6707598464178903
8,3,0.7041836108955835,0.6503922824614263
8,3,0.7041836108955835,0.6707598464178903
8,3,0.7041836108955835,0.6707598464178903
8,3,0.7041836108955835,0.6503922824614263
8,3,0.7563754935340228,0.6503922824614263
8,3,0.7041836108955835,0.6503922824614263
8,3,0.7563754935340228,0.6300247185049623
8,3,0.7563754935340228,0.6503922824614263
8,3,0.7563754935340228,0.6503922824614263
8,3,0.7563754935340228,0.6300247185049623
8,3,0.8085673761724621,0.6300247185049623
8,3,0.7563754935340228,0.6300247185049623
8,3,0.8085673761724621,0.6096571545484983
8,3,0.8085673761724621,0.6300247185049623
8,3,0.8085673761724621,0.6300247185049623
8,3,0.8085673761724621,0.6096571545484983
8,3,0.8607592588109014,0.6096571545484983
8,3,0.8085673761724621,0.6096571545484983
8,3,0.8607592588109014,0.5892895905920343
8,3,0.8607592588109014,0.6096571545484983
8,3,0.8607592588109014,0.6096571545484983
8,3,0.8607592588109014,0.5892895905920343
8,3,0.9129511414493408,0.5892895905920343
8,3,0.8607592588109014,0.5892895905920343
8,3,0.9129511414493408,0.5689220266355703
8,3,0.9129511414493408,0.5892895905920343
8,3,0.9129511414493408,0.5892895905920343
8,3,0.9129511414493408,0.5689220266355703
8,3,0.9651430240877783,0.5689220266355703
8,3,0.9129511414493408,0.5689220266355703
8,3,0.9651430240877783,0.5485544626791059
8,3,0.9651430240877783,0.5689220266355703
8,3,0.9651430240877783,0.5689220266355703
8,3,0.9651430240877783,0.5485544626791059
9,3,0.017334906726217625,0.5485544626791059
8,3,0.5476079629802655,0.7114949743308183
8,3,0.5476079629802655,0.6911274103743543
8,3,0.5997998456187048,0.6911274103743543
8,3,0.5476079629802655,0.6911274103743543
8,3,0.5997998456187048,0.6707598464178903
8,3,0.5997998456187048,0.6911274103743543
8,3,0.5997998456187048,0.6911274103743543
8,3,0.5997998456187048,0.6707598464178903
8,3,0.6519917282571441,0.6707598464178903
8,3,0.5997998456187048,0.6707598464178903
8,3,0.6519917282571441,0.6503922824614263
8,3,0.6519917282571441,0.6707598464178903
8,3,0.6519917282571441,0.6707598464178903
8,3,0.6519917282571441,0.6503922824614263
8,3,0.7041836108955835,0.6503922824614263
8,3,0.6519917282571441,0.6503922824614263
8,3,0.7041836108955835,0.6300247185049623
8,3,0.7041836108955835,0.6503922824614263
8,3,0.7041836108955835,0.6503922824614263
8,3,0.7041836108955835,0.6300247185049623
8,3,0.7563754935340228,0.6300247185049623
8,3,0.7041836108955835,0.6300247185049623
8,3,0.7563754935340228,0.6096571545484983
8,3,0.7563754935340228,0.6300247185049623
8,3,0.7563754935340228,0.6300247185049623
8,3,0.7563754935340228,0.6096571545484983
8,3,0.8085673761724621,0.6096571545484983
8,3,0.7563754935340228,0.6096571545484983
8,3,0.8085673761724621,0.5892895905920343
8,3,0.8085673761724621,0.6096571545484983
8,3,0.8085673761724621,0.6096571545484983
8,3,0.8085673761724621,0.5892895905920343
8,3,0.8607592588109014,0.5892895905920343
8,3,0.8085673761724621,0.5892895905920343
8,3,0.8607592588109014,0.5689220266355703
8,3,0.8607592588109014,0.5892895905920343
8,3,0.8607592588109014,0.5892895905920343
8,3,0.8607592588109014,0.5689220266355703
8,3,0.9129511414493408,0.5689220266355703
8,3,0.8607592588109014,0.5689220266355703
8,3,0.9129511414493408,0.5485544626791059
8,3,0.9129511414493408,0.5689220266355703
8,3,0.9129511414493408,0.5689220266355703
8,3,0.9129511414493408,0.5485544626791059
8,3,0.9651430240877783,0.5485544626791059
8,3,0.5476079629802655,0.6911274103743543
8,3,0.5476079629802655,0.6707598464178903
8,3,0.5997998456187048,0.6707598464178903
8,3,0.5476079629802655,0.6707598464178903
8,3,0.5997998456187048,0.6503922824614263
8,3,0.5997998456187048,0.6707598464178903
8,3,0.5997998456187048,0.6707598464178903
8,3,0.5997998456187048,0.6503922824614263
8,3,0.6519917282571441,0.6503922824614263
8,3,0.5997998456187048,0.6503922824614263
8,3,0.6519917282571441,0.6300247185049623
8,3,0.6519917282571441,0.6503922824614263
8,3,0.6519917282571441,0.6503922824614263
8,3,0.6519917282571441,0.6300247185049623
8,3,0.7041836108955835,0.6300247185049623
8,3,0.6519917282571441,0.6300247185049623
8,3,0.7041836108955835,0.6096571545484983
8,3,0.7041836108955835,0.6300247185049623
8,3,0.7041836108955835,0.6300247185049623
8,3,0.7041836108955835,0.6096571545484983
8,3,0.7563754935340228,0.6096571545484983
8,3,0.7041836108955835,0.6096571545484983
8,3,0.7563754935340228,0.5892895905920343
8,3,0.7563754935340228,0.6096571545484983
8,3,0.7563754935340228,0.6096571545484983
8,3,0.7563754935340228,0.5892895905920343
8,3,0.8085673761724621,0.5892895905920343
8,3,0.7563754935340228,0.5892895905920343
8,3,0.8085673761724621,0.5689220266355703
8,3,0.8085673761724621,0.5892895905920343
8,3,0.8085673761724621,0.5892895905920343
8,3,0.8085673761724621,0.5689220266355703
8,3,0.8607592588109014,0.5689220266355703
8,3,0.8085673761724621,0.5689220266355703
8,3,0.8607592588109014,0.5485544626791059
8,3,0.8607592588109014,0.5689220266355703
8,3,0.8607592588109014,0.5689220266355703
8,3,0.8607592588109014,0.5485544626791059
8,3,0.9129511414493408,0.5485544626791059
8,3,0.5476079629802655,0.6707598464178903
8,3,0.5476079629802655,0.6503922824614263
8,3,0.5997998456187048,0.6503922824614263
8,3,0.5476079629802655,0.6503922824614263
8,3,0.5997998456187048,0.6300247185049623
8,3,0.5997998456187048,0.6503922824614263
8,3,0.5997998456187048,0.6503922824614263
8,3,0.5997998456187048,0.6300247185049623
8,3,0.6519917282571441,0.6300247185049623
8,3,0.5997998456187048,0.6300247185049623
8,3,0.6519917282571441,0.6096571545484983
8,3,0.6519917282571441,0.6300247185049623
8,3,0.6519917282571441,0.6300247185049623
8,3,0.6519917282571441,0.6096571545484983
8,3,0.7041836108955835,0.6096571545484983
8,3,0.6519917282571441,0.6096571545484983
8,3,0.7041836108955835,0.5892895905920343
8,3,0.7041836108955835,0.6096571545484983
8,3,0.7041836108955835,0.6096571545484983
8,3,0.7041836108955835,0.5892895905920343
8,3,0.7563754935340228,0.5892895905920343
8,3,0.7041836108955835,0.5892895905920343
8,3,0.7563754935340228,0.5689220266355703
8,3,0.7563754935340228,0.5892895905920343
8,3,0.7563754935340228,0.5892895905920343
8,3,0.7563754935340228,0.5689220266355703
8,3,0.8085673761724621,0.5689220266355703
8,3,0.7563754935340228,0.5689220266355703
8,3,0.8085673761724621,0.5485544626791059
8,3,0.8085673761724621,0.5689220266355703
8,3,0.8085673761724621,0.5689220266355703
8,3,0.8085673761724621,0.5485544626791059
8,3,0.8607592588109014,0.5485544626791059
8,3,0.5476079629802655,0.6503922824614263
8,3,0.5476079629802655,0.6300247185049623
8,3,0.5997998456187048,0.6300247185049623
8,3,0.5476079629802655,0.6300247185049623
8,3,0.5997998456187048,0.6096571545484983
8,3,0.5997998456187048,0.6300247185049623
8,3,0.5997998456187048,0.6300247185049623
8,3,0.5997998456187048,0.6096571545484983
8,3,0.6519917282571441,0.6096571545484983
8,3,0.5997998456187048,0.6096571545484983
8,3,0.6519917282571441,0.5892895905920343
8,3,0.6519917282571441,0.6096571545484983
8,3,0.6519917282571441,0.6096571545484983
8,3,0.6519917282571441,0.5892895905920343
8,3,0.7041836108955835,0.5892895905920343
8,3,0.6519917282571441,0.5892895905920343
8,3,0.7041836108955835,0.5689220266355703
8,3,0.7041836108955835,0.5892895905920343
8,3,0.7041836108955835,0.5892895905920343
8,3,0.7041836108955835,0.5689220266355703
8,3,0.7563754935340228,0.5689220266355703
8,3,0.7041836108955835,0.5689220266355703
8,3,0.7563754935340228,0.5485544626791059
8,3,0.7563754935340228,0.5689220266355703
8,3,0.7563754935340228,0.5689220266355703
8,3,0.7563754935340228,0.5485544626791059
8,3,0.8085673761724621,0.5485544626791059
8,3,0.5476079629802655,0.6300247185049623
8,3,0.5476079629802655,0.6096571545484983
8,3,0.5997998456187048,0.6096571545484983
8,3,0.5476079629802655,0.6096571545484983
8,3,0.5997998456187048,0.5892895905920343
8,3,0.5997998456187048,0.6096571545484983
8,3,0.5997998456187048,0.6096571545484983
8,3,0.5997998456187048,0.5892895905920343
8,3,0.6519917282571441,0.5892895905920343
8,3,0.5997998456187048,0.5892895905920343
8,3,0.6519917282571441,0.5689220266355703
8,3,0.6519917282571441,0.5892895905920343
8,3,0.6519917282571441,0.5892895905920343
8,3,0.6519917282571441,0.5689220266355703
8,3,0.7041836108955835,0.5689220266355703
8,3,0.6519917282571441,0.5689220266355703
8,3,0.7041836108955835,0.5485544626791059
8,3,0.7041836108955835,0.5689220266355703
8,3,0.7041836108955835,0.5689220266355703
8,3,0.7041836108955835,0.5485544626791059
8,3,0.7563754935340228,0.5485544626791059
8,3,0.5476079629802655,0.6096571545484983
8,3,0.5476079629802655,0.5892895905920343
8,3,0.5997998456187048,0.5892895905920343
8,3,0.5476079629802655,0.5892895905920343
8,3,0.5997998456187048,0.5689220266355703
8,3,0.5997998456187048,0.5892895905920343
8,3,0.5997998456187048,0.5892895905920343
8,3,0.5997998456187048,0.5689220266355703
8,3,0.6519917282571441,0.5689220266355703
8,3,0.5997998456187048,0.5689220266355703
8,3,0.6519917282571441,0.5485544626791059
8,3,0.6519917282571441,0.5689220266355703
8,3,0.6519917282571441,0.5689220266355703
8,3,0.6519917282571441,0.5485544626791059
8,3,0.7041836108955835,0.5485544626791059
8,3,0.5476079629802655,0.5892895905920343
8,3,0.5476079629802655,0.5689220266355703
8,3,0.5997998456187048,0.5689220266355703
8,3,0.5476079629802655,0.5689220266355703
8,3,0.5997998456187048,0.5485544626791059
8,3,0.5997998456187048,0.5689220266355703
8,3,0.5997998456187048,0.5689220266355703
8,3,0.5997998456187048,0.5485544626791059
8,3,0.6519917282571441,0.5485544626791059
8,3,0.5476079629802655,0.5689220266355703
8,3,0.5476079629802655,0.5485544626791059
8,3,0.5997998456187048,0.5485544626791059
9,3,0.017334906726217625,0.5485544626791059
8,3,0.9651430240877783,0.5485544626791059
8,3,0.9651430240877783,0.5281688423716169
8,3,0.9651430240877783,0.5485544626791059
8,3,0.9129511414493408,0.5281688423716169
8,3,0.9651430240877783,0.5281688423716169
8,3,0.9651430240877783,0.5281688423716169
8,3,0.9129511414493408,0.5281688423716169
8,3,0.9129511414493408,0.5077832220641274
8,3,0.9129511414493408,0.5281688423716169
8,3,0.8607592588109014,0.5077832220641274
8,3,0.9129511414493408,0.5077832220641274
8,3,0.9129511414493408,0.5077832220641274
8,3,0.8607592588109014,0.5077832220641274
8,3,0.8607592588109014,0.4873976017566384
8,3,0.8607592588109014,0.5077832220641274
8,3,0.8085673761724621,0.4873976017566384
8,3,0.8607592588109014,0.4873976017566384
8,3,0.8607592588109014,0.4873976017566384
8,3,0.8085673761724621,0.4873976017566384
8,3,0.8085673761724621,0.4670119814491489
8,3,0.8085673761724621,0.4873976017566384
8,3,0.7563754935340228,0.4670119814491489
8,3,0.8085673761724621,0.4670119814491489
8,3,0.8085673761724621,0.4670119814491489
8,3,0.7563754935340228,0.4670119814491489
8,3,0.7563754935340228,0.4466263611416599
8,3,0.7563754935340228,0.4670119814491489
8,3,0.7041836108955835,0.4466263611416599
8,3,0.7563754935340228,0.4466263611416599
8,3,0.7563754935340228,0.4466263611416599
8,3,0.7041836108955835,0.4466263611416599
8,3,0.7041836108955835,0.4262407408341704
8,3,0.7041836108955835,0.4466263611416599
8,3,0.6519917282571441,0.4262407408341704
8,3,0.7041836108955835,0.4262407408341704
8,3,0.7041836108955835,0.4262407408341704
8,3,0.6519917282571441,0.4262407408341704
8,3,0.6519917282571441,0.4058551205266814
8,3,0.6519917282571441,0.4262407408341704
8,3,0.5997998456187048,0.4058551205266814
8,3,0.6519917282571441,0.4058551205266814
8,3,0.6519917282571441,0.4058551205266814
8,3,0.5997998456187048,0.4058551205266814
8,3,0.5997998456187048,0.3854695002191919
8,3,0.5997998456187048,0.4058551205266814
8,3,0.5476079629802655,0.3854695002191919
8,3,0.5997998456187048,0.3854695002191919
8,3,0.5997998456187048,0.3854695002191919
8,3,0.5476079629802655,0.3854695002191919
8,3,0.5476079629802655,0.36508387991170244
8,3,0.9651430240877783,0.5485544626791059
8,3,0.9129511414493408,0.5485544626791059
8,3,0.9129511414493408,0.5281688423716169
8,3,0.9129511414493408,0.5485544626791059
8,3,0.8607592588109014,0.5281688423716169
8,3,0.9129511414493408,0.5281688423716169
8,3,0.9129511414493408,0.5281688423716169
8,3,0.8607592588109014,0.5281688423716169
8,3,0.8607592588109014,0.5077832220641274
8,3,0.8607592588109014,0.5281688423716169
8,3,0.8085673761724621,0.5077832220641274
8,3,0.8607592588109014,0.5077832220641274
8,3,0.8607592588109014,0.5077832220641274
8,3,0.8085673761724621,0.5077832220641274
8,3,0.8085673761724621,0.4873976017566384
8,3,0.8085673761724621,0.5077832220641274
8,3,0.7563754935340228,0.4873976017566384
8,3,0.8085673761724621,0.4873976017566384
8,3,0.8085673761724621,0.4873976017566384
8,3,0.7563754935340228,0.4873976017566384
8,3,0.7563754935340228,0.4670119814491489
8,3,0.7563754935340228,0.4873976017566384
8,3,0.7041836108955835,0.4670119814491489
8,3,0.7563754935340228,0.4670119814491489
8,3,0.7563754935340228,0.4670119814491489
8,3,0.7041836108955835,0.4670119814491489
8,3,0.7041836108955835,0.4466263611416599
8,3,0.7041836108955835,0.4670119814491489
8,3,0.6519917282571441,0.4466263611416599
8,3,0.7041836108955835,0.4466263611416599
8,3,0.7041836108955835,0.4466263611416599
8,3,0.6519917282571441,0.4466263611416599
8,3,0.6519917282571441,0.4262407408341704
8,3,0.6519917282571441,0.4466263611416599
8,3,0.5997998456187048,0.4262407408341704
8,3,0.6519917282571441,0.4262407408341704
8,3,0.6519917282571441,0.4262407408341704
8,3,0.5997998456187048,0.4262407408341704
8,3,0.5997998456187048,0.4058551205266814
8,3,0.5997998456187048,0.4262407408341704
8,3,0.5476079629802655,0.4058551205266814
8,3,0.5997998456187048,0.4058551205266814
8,3,0.5997998456187048,0.4058551205266814
8,3,0.5476079629802655,0.4058551205266814
8,3,0.5476079629802655,0.3854695002191919
8,3,0.9129511414493408,0.5485544626791059
8,3,0.8607592588109014,0.5485544626791059
8,3,0.8607592588109014,0.5281688423716169
8,3,0.8607592588109014,0.5485544626791059
8,3,0.8085673761724621,0.5281688423716169
8,3,0.8607592588109014,0.5281688423716169
8,3,0.8607592588109014,0.5281688423716169
8,3,0.8085673761724621,0.5281688423716169
8,3,0.8085673761724621,0.5077832220641274
8,3,0.8085673761724621,0.5281688423716169
8,3,0.7563754935340228,0.5077832220641274
8,3,0.8085673761724621,0.5077832220641274
8,3,0.8085673761724621,0.5077832220641274
8,3,0.7563754935340228,0.5077832220641274
8,3,0.7563754935340228,0.4873976017566384
8,3,0.7563754935340228,0.5077832220641274
8,3,0.7041836108955835,0.4873976017566384
8,3,0.7563754935340228,0.4873976017566384
8,3,0.7563754935340228,0.4873976017566384
8,3,0.7041836108955835,0.4873976017566384
8,3,0.7041836108955835,0.4670119814491489
8,3,0.7041836108955835,0.4873976017566384
8,3,0.6519917282571441,0.4670119814491489
8,3,0.7041836108955835,0.4670119814491489
8,3,0.7041836108955835,0.4670119814491489
8,3,0.6519917282571441,0.4670119814491489
8,3,0.6519917282571441,0.4466263611416599
8,3,0.6519917282571441,0.4670119814491489
8,3,0.5997998456187048,0.4466263611416599
8,3,0.6519917282571441,0.4466263611416599
8,3,0.6519917282571441,0.4466263611416599
8,3,0.5997998456187048,0.4466263611416599
8,3,0.5997998456187048,0.4262407408341704
8,3,0.5997998456187048,0.4466263611416599
8,3,0.5476079629802655,0.4262407408341704
8,3,0.5997998456187048,0.4262407408341704
8,3,0.5997998456187048,0.4262407408341704
8,3,0.5476079629802655,0.4262407408341704
8,3,0.5476079629802655,0.4058551205266814
8,3,0.8607592588109014,0.5485544626791059
8,3,0.8085673761724621,0.5485544626791059
8,3,0.8085673761724621,0.5281688423716169
8,3,0.8085673761724621,0.5485544626791059
8,3,0.7563754935340228,0.5281688423716169
8,3,0.8085673761724621,0.5281688423716169
8,3,0.8085673761724621,0.5281688423716169
8,3,0.7563754935340228,0.5281688423716169
8,3,0.7563754935340228,0.5077832220641274
8,3,0.7563754935340228,0.5281688423716169
8,3,0.7041836108955835,0.5077832220641274
8,3,0.7563754935340228,0.5077832220641274
8,3,0.7563754935340228,0.5077832220641274
8,3,0.7041836108955835,0.5077832220641274
8,3,0.7041836108955835,0.4873976017566384
8,3,0.7041836108955835,0.5077832220641274
8,3,0.6519917282571441,0.4873976017566384
8,3,0.7041836108955835,0.4873976017566384
8,3,0.7041836108955835,0.4873976017566384
8,3,0.6519917282571441,0.4873976017566384
8,3,0.6519917282571441,0.4670119814491489
8,3,0.6519917282571441,0.4873976017566384
8,3,0.5997998456187048,0.4670119814491489
8,3,0.6519917282571441,0.4670119814491489
8,3,0.6519917282571441,0.4670119814491489
8,3,0.5997998456187048,0.4670119814491489
8,3,0.5997998456187048,0.4466263611416599
8,3,0.5997998456187048,0.4670119814491489
8,3,0.5476079629802655,0.4466263611416599
8,3,0.5997998456187048,0.4466263611416599
8,3,0.5997998456187048,0.4466263611416599
8,3,0.5476079629802655,0.4466263611416599
8,3,0.5476079629802655,0.4262407408341704
8,3,0.8085673761724621,0.5485544626791059
8,3,0.7563754935340228,0.5485544626791059
8,3,0.7563754935340228,0.5281688423716169
8,3,0.7563754935340228,0.5485544626791059
8,3,0.7041836108955835,0.5281688423716169
8,3,0.7563754935340228,0.5281688423716169
8,3,0.7563754935340228,0.5281688423716169
8,3,0.7041836108955835,0.5281688423716169
8,3,0.7041836108955835,0.5077832220641274
8,3,0.7041836108955835,0.5281688423716169
8,3,0.6519917282571441,0.5077832220641274
8,3,0.7041836108955835,0.5077832220641274
8,3,0.7041836108955835,0.5077832220641274
8,3,0.6519917282571441,0.5077832220641274
8,3,0.6519917282571441,0.4873976017566384
8,3,0.6519917282571441,0.5077832220641274
8,3,0.5997998456187048,0.4873976017566384
8,3,0.6519917282571441,0.4873976017566384
8,3,0.6519917282571441,0.4873976017566384
8,3,0.5997998456187048,0.4873976017566384
8,3,0.5997998456187048,0.4670119814491489
8,3,0.5997998456187048,0.4873976017566384
8,3,0.5476079629802655,0.4670119814491489
8,3,0.5997998456187048,0.4670119814491489
8,3,0.5997998456187048,0.4670119814491489
8,3,0.5476079629802655,0.4670119814491489
8,3,0.5476079629802655,0.4466263611416599
8,3,0.7563754935340228,0.5485544626791059
8,3,0.7041836108955835,0.5485544626791059
8,3,0.7041836108955835,0.5281688423716169
8,3,0.7041836108955835,0.5485544626791059
8,3,0.6519917282571441,0.5281688423716169
8,3,0.7041836108955835,0.5281688423716169
8,3,0.7041836108955835,0.5281688423716169
8,3,0.6519917282571441,0.5281688423716169
8,3,0.6519917282571441,0.5077832220641274
8,3,0.6519917282571441,0.5281688423716169
8,3,0.5997998456187048,0.5077832220641274
8,3,0.6519917282571441,0.5077832220641274
8,3,0.6519917282571441,0.5077832220641274
8,3,0.5997998456187048,0.5077832220641274
8,3,0.5997998456187048,0.4873976017566384
8,3,0.5997998456187048,0.5077832220641274
8,3,0.5476079629802655,0.4873976017566384
8,3,0.5997998456187048,0.4873976017566384
8,3,0.5997998456187048,0.4873976017566384
8,3,0.5476079629802655,0.4873976017566384
8,3,0.5476079629802655,0.4670119814491489
8,3,0.7041836108955835,0.5485544626791059
8,3,0.6519917282571441,0.5485544626791059
8,3,0.6519917282571441,0.5281688423716169
8,3,0.6519917282571441,0.5485544626791059
8,3,0.5997998456187048,0.5281688423716169
8,3,0.6519917282571441,0.5281688423716169
8,3,0.6519917282571441,0.5281688423716169
8,3,0.5997998456187048,0.5281688423716169
8,3,0.5997998456187048,0.5077832220641274
8,3,0.5997998456187048,0.5281688423716169
8,3,0.5476079629802655,0.5077832220641274
8,3,0.5997998456187048,0.5077832220641274
8,3,0.5997998456187048,0.5077832220641274
8,3,0.5476079629802655,0.5077832220641274
8,3,0.5476079629802655,0.4873976017566384
8,3,0.6519917282571441,0.5485544626791059
8,3,0.5997998456187048,0.5485544626791059
8,3,0.5997998456187048,0.5281688423716169
8,3,0.5997998456187048,0.5485544626791059
8,3,0.5476079629802655,0.5281688423716169
8,3,0.5997998456187048,0.5281688423716169
8,3,0.5997998456187048,0.5281688423716169
8,3,0.5476079629802655,0.5281688423716169
8,3,0.5476079629802655,0.5077832220641274
8,3,0.5997998456187048,0.5485544626791059
8,3,0.5476079629802655,0.5485544626791059
8,3,0.5476079629802655,0.5281688423716169
8,3,0.5476079629802655,0.36508387991170244
8,3,0.5997998456187048,0.36508387991170244
8,3,0.5997998456187048,0.3854695002191919
8,3,0.5997998456187048,0.36508387991170244
8,3,0.6519917282571441,0.3854695002191919
8,3,0.5997998456187048,0.3854695002191919
8,3,0.5997998456187048,0.3854695002191919
8,3,0.6519917282571441,0.3854695002191919
8,3,0.6519917282571441,0.4058551205266814
8,3,0.6519917282571441,0.3854695002191919
8,3,0.7041836108955835,0.4058551205266814
8,3,0.6519917282571441,0.4058551205266814
8,3,0.6519917282571441,0.4058551205266814
8,3,0.7041836108955835,0.4058551205266814
8,3,0.7041836108955835,0.4262407408341704
8,3,0.7041836108955835,0.4058551205266814
8,3,0.7563754935340228,0.4262407408341704
8,3,0.7041836108955835,0.4262407408341704
8,3,0.7041836108955835,0.4262407408341704
8,3,0.7563754935340228,0.4262407408341704
8,3,0.7563754935340228,0.4466263611416599
8,3,0.7563754935340228,0.4262407408341704
8,3,0.8085673761724621,0.4466263611416599
8,3,0.7563754935340228,0.4466263611416599
8,3,0.7563754935340228,0.4466263611416599
8,3,0.8085673761724621,0.4466263611416599
8,3,0.8085673761724621,0.4670119814491489
8,3,0.8085673761724621,0.4466263611416599
8,3,0.8607592588109014,0.4670119814491489
8,3,0.8085673761724621,0.4670119814491489
8,3,0.8085673761724621,0.4670119814491489
8,3,0.8607592588109014,0.4670119814491489
8,3,0.8607592588109014,0.4873976017566384
8,3,0.8607592588109014,0.4670119814491489
8,3,0.9129511414493408,0.4873976017566384
8,3,0.8607592588109014,0.4873976017566384
8,3,0.8607592588109014,0.4873976017566384
8,3,0.9129511414493408,0.4873976017566384
8,3,0.9129511414493408,0.5077832220641274
8,3,0.9129511414493408,0.4873976017566384
8,3,0.9651430240877783,0.5077832220641274
8,3,0.9129511414493408,0.5077832220641274
8,3,0.9129511414493408,0.5077832220641274
8,3,0.9651430240877783,0.5077832220641274
8,3,0.9651430240877783,0.5281688423716169
8,3,0.9651430240877783,0.5077832220641274
9,3,0.017334906726217625,0.5281688423716169
8,3,0.9651430240877783,0.5281688423716169
8,3,0.9651430240877783,0.5281688423716169
9,3,0.017334906726217625,0.5281688423716169
9,3,0.017334906726217625,0.5485544626791059
8,3,0.5997998456187048,0.36508387991170244
8,3,0.6519917282571441,0.36508387991170244
8,3,0.6519917282571441,0.3854695002191919
8,3,0.6519917282571441,0.36508387991170244
8,3,0.7041836108955835,0.3854695002191919
8,3,0.6519917282571441,0.3854695002191919
8,3,0.6519917282571441,0.3854695002191919
8,3,0.7041836108955835,0.3854695002191919
8,3,0.7041836108955835,0.4058551205266814
8,3,0.7041836108955835,0.3854695002191919
8,3,0.7563754935340228,0.4058551205266814
8,3,0.7041836108955835,0.4058551205266814
8,3,0.7041836108955835,0.4058551205266814
8,3,0.7563754935340228,0.4058551205266814
8,3,0.7563754935340228,0.4262407408341704
8,3,0.7563754935340228,0.4058551205266814
8,3,0.8085673761724621,0.4262407408341704
8,3,0.7563754935340228,0.4262407408341704
8,3,0.7563754935340228,0.4262407408341704
8,3,0.8085673761724621,0.4262407408341704
8,3,0.8085673761724621,0.4466263611416599
8,3,0.8085673761724621,0.4262407408341704
8,3,0.8607592588109014,0.4466263611416599
8,3,0.8085673761724621,0.4466263611416599
8,3,0.8085673761724621,0.4466263611416599
8,3,0.8607592588109014,0.4466263611416599
8,3,0.8607592588109014,0.4670119814491489
8,3,0.8607592588109014,0.4466263611416599
8,3,0.9129511414493408,0.4670119814491489
8,3,0.8607592588109014,0.4670119814491489
8,3,0.8607592588109014,0.4670119814491489
8,3,0.9129511414493408,0.4670119814491489
8,3,0.9129511414493408,0.4873976017566384
8,3,0.9129511414493408,0.4670119814491489
8,3,0.9651430240877783,0.4873976017566384
8,3,0.9129511414493408,0.4873976017566384
8,3,0.9129511414493408,0.4873976017566384
8,3,0.9651430240877783,0.4873976017566384
8,3,0.9651430240877783,0.5077832220641274
8,3,0.9651430240877783,0.4873976017566384
9,3,0.017334906726217625,0.5077832220641274
8,3,0.9651430240877783,0.5077832220641274
8,3,0.9651430240877783,0.5077832220641274
9,3,0.017334906726217625,0.5077832220641274
9,3,0.017334906726217625,0.5281688423716169
8,3,0.6519917282571441,0.36508387991170244
8,3,0.7041836108955835,0.36508387991170244
8,3,0.7041836108955835,0.3854695002191919
8,3,0.7041836108955835,0.36508387991170244
8,3,0.7563754935340228,0.3854695002191919
8,3,0.7041836108955835,0.3854695002191919
8,3,0.7041836108955835,0.3854695002191919
8,3,0.7563754935340228,0.3854695002191919
8,3,0.7563754935340228,0.4058551205266814
8,3,0.7563754935340228,0.3854695002191919
8,3,0.8085673761724621,0.4058551205266814
8,3,0.7563754935340228,0.4058551205266814
8,3,0.7563754935340228,0.4058551205266814
8,3,0.8085673761724621,0.4058551205266814
8,3,0.8085673761724621,0.4262407408341704
8,3,0.8085673761724621,0.4058551205266814
8,3,0.8607592588109014,0.4262407408341704
8,3,0.8085673761724621,0.4262407408341704
8,3,0.8085673761724621,0.4262407408341704
8,3,0.8607592588109014,0.4262407408341704
8,3,0.8607592588109014,0.4466263611416599
8,3,0.8607592588109014,0.4262407408341704
8,3,0.9129511414493408,0.4466263611416599
8,3,0.8607592588109014,0.4466263611416599
8,3,0.8607592588109014,0.4466263611416599
8,3,0.9129511414493408,0.4466263611416599
8,3,0.9129511414493408,0.4670119814491489
8,3,0.9129511414493408,0.4466263611416599
8,3,0.9651430240877783,0.4670119814491489
8,3,0.9129511414493408,0.4670119814491489
8,3,0.9129511414493408,0.4670119814491489
8,3,0.9651430240877783,0.4670119814491489
8,3,0.9651430240877783,0.4873976017566384
8,3,0.9651430240877783,0.4670119814491489
9,3,0.017334906726217625,0.4873976017566384
8,3,0.9651430240877783,0.4873976017566384
8,3,0.9651430240877783,0.4873976017566384
9,3,0.017334906726217625,0.4873976017566384
9,3,0.017334906726217625,0.5077832220641274
8,3,0.7041836108955835,0.36508387991170244
8,3,0.7563754935340228,0.36508387991170244
8,3,0.7563754935340228,0.3854695002191919
8,3,0.7563754935340228,0.36508387991170244
8,3,0.8085673761724621,0.3854695002191919
8,3,0.7563754935340228,0.3854695002191919
8,3,0.7563754935340228,0.3854695002191919
8,3,0.8085673761724621,0.3854695002191919
8,3,0.8085673761724621,0.4058551205266814
8,3,0.8085673761724621,0.3854695002191919
8,3,0.8607592588109014,0.4058551205266814
8,3,0.8085673761724621,0.4058551205266814
8,3,0.8085673761724621,0.4058551205266814
8,3,0.8607592588109014,0.4058551205266814
8,3,0.8607592588109014,0.4262407408341704
8,3,0.8607592588109014,0.4058551205266814
8,3,0.9129511414493408,0.4262407408341704
8,3,0.8607592588109014,0.4262407408341704
8,3,0.8607592588109014,0.4262407408341704
8,3,0.9129511414493408,0.4262407408341704
8,3,0.9129511414493408,0.4466263611416599
8,3,0.9129511414493408,0.4262407408341704
8,3,0.9651430240877783,0.4466263611416599
8,3,0.9129511414493408,0.4466263611416599
8,3,0.9129511414493408,0.4466263611416599
8,3,0.9651430240877783,0.4466263611416599
8,3,0.9651430240877783,0.4670119814491489
8,3,0.9651430240877783,0.4466263611416599
9,3,0.017334906726217625,0.4670119814491489
8,3,0.9651430240877783,0.4670119814491489
8,3,0.9651430240877783,0.4670119814491489
9,3,0.017334906726217625,0.4670119814491489
9,3,0.017334906726217625,0.4873976017566384
8,3,0.7563754935340228,0.36508387991170244
8,3,0.8085673761724621,0.36508387991170244
8,3,0.8085673761724621,0.3854695002191919
8,3,0.8085673761724621,0.36508387991170244
8,3,0.8607592588109014,0.3854695002191919
8,3,0.8085673761724621,0.3854695002191919
8,3,0.8085673761724621,0.3854695002191919
8,3,0.8607592588109014,0.3854695002191919
8,3,0.8607592588109014,0.4058551205266814
8,3,0.8607592588109014,0.3854695002191919
8,3,0.9129511414493408,0.4058551205266814
8,3,0.8607592588109014,0.4058551205266814
8,3,0.8607592588109014,0.4058551205266814
8,3,0.9129511414493408,0.4058551205266814
8,3,0.9129511414493408,0.4262407408341704
8,3,0.9129511414493408,0.4058551205266814
8,3,0.9651430240877783,0.4262407408341704
8,3,0.9129511414493408,0.4262407408341704
8,3,0.9129511414493408,0.4262407408341704
8,3,0.9651430240877783,0.4262407408341704
8,3,0.9651430240877783,0.4466263611416599
8,3,0.9651430240877783,0.4262407408341704
9,3,0.017334906726217625,0.4466263611416599
8,3,0.9651430240877783,0.4466263611416599
8,3,0.9651430240877783,0.4466263611416599
9,3,0.017334906726217625,0.4466263611416599
9,3,0.017334906726217625,0.4670119814491489
8,3,0.8085673761724621,0.36508387991170244
8,3,0.8607592588109014,0.36508387991170244
8,3,0.8607592588109014,0.3854695002191919
8,3,0.8607592588109014,0.36508387991170244
8,3,0.9129511414493408,0.3854695002191919
8,3,0.8607592588109014,0.3854695002191919
8,3,0.8607592588109014,0.3854695002191919
8,3,0.9129511414493408,0.3854695002191919
8,3,0.9129511414493408,0.4058551205266814
8,3,0.9129511414493408,0.3854695002191919
8,3,0.9651430240877783,0.4058551205266814
8,3,0.9129511414493408,0.4058551205266814
8,3,0.9129511414493408,0.4058551205266814
8,3,0.9651430240877783,0.4058551205266814
8,3,0.9651430240877783,0.4262407408341704
8,3,0.9651430240877783,0.4058551205266814
9,3,0.017334906726217625,0.4262407408341704
8,3,0.9651430240877783,0.4262407408341704
8,3,0.9651430240877783,0.4262407408341704
9,3,0.017334906726217625,0.4262407408341704
9,3,0.017334906726217625,0.4466263611416599
8,3,0.8607592588109014,0.36508387991170244
8,3,0.9129511414493408,0.36508387991170244
8,3,0.9129511414493408,0.3854695002191919
8,3,0.9129511414493408,0.36508387991170244
8,3,0.9651430240877783,0.3854695002191919
8,3,0.9129511414493408,0.3854695002191919
8,3,0.9129511414493408,0.3854695002191919
8,3,0.9651430240877783,0.3854695002191919
8,3,0.9651430240877783,0.4058551205266814
8,3,0.9651430240877783,0.3854695002191919
9,3,0.017334906726217625,0.4058551205266814
8,3,0.9651430240877783,0.4058551205266814
8,3,0.9651430240877783,0.4058551205266814
9,3,0.017334906726217625,0.4058551205266814
9,3,0.017334906726217625,0.4262407408341704
8,3,0.9129511414493408,0.36508387991170244
8,3,0.9651430240877783,0.36508387991170244
8,3,0.9651430240877783,0.3854695002191919
8,3,0.9651430240877783,0.36508387991170244
9,3,0.017334906726217625,0.3854695002191919
8,3,0.9651430240877783,0.3854695002191919
8,3,0.9651430240877783,0.3854695002191919
9,3,0.017334906726217625,0.3854695002191919
9,3,0.017334906726217625,0.4058551205266814
8,3,0.9651430240877783,0.36508387991170244
9,3,0.017334906726217625,0.36508387991170244
9,3,0.017334906726217625,0.3854695002191919
8,3,0.5700000000000003,0.7800000000000002
8,3,0.4825474849129936,0.6810821748351836
8,3,0.4825474849129936,0.8789178251648169
8,3,0.657452515087007,0.6810821748351836
8,3,0.657452515087007,0.8789178251648169
8,3,0.3961307719670675,0.7962259622512962
8,3,0.3961307719670675,0.7559672496547427
8,3,0.43888126170419817,0.7559672496547427
8,3,0.3961307719670675,0.7559672496547427
8,3,0.43888126170419817,0.7157085370581893
8,3,0.43888126170419817,0.7559672496547427
8,3,0.43888126170419817,0.7559672496547427
8,3,0.43888126170419817,0.7157085370581893
8,3,0.48163175144132886,0.7157085370581893
8,3,0.43888126170419817,0.7157085370581893
8,3,0.48163175144132886,0.6754498244616358
8,3,0.48163175144132886,0.7157085370581893
8,3,0.48163175144132886,0.7157085370581893
8,3,0.48163175144132886,0.6754498244616358
8,3,0.5243822411784596,0.6754498244616358
8,3,0.48163175144132886,0.6754498244616358
8,3,0.5243822411784596,0.6351911118650828
8,3,0.5243822411784596,0.6754498244616358
8,3,0.5243822411784596,0.6754498244616358
8,3,0.5243822411784596,0.6351911118650828
8,3,0.5671327309155902,0.6351911118650828
8,3,0.3961307719670675,0.7559672496547427
8,3,0.3961307719670675,0.7157085370581893
8,3,0.43888126170419817,0.7157085370581893
8,3,0.3961307719670675,0.7157085370581893
8,3,0.43888126170419817,0.6754498244616358
8,3,0.43888126170419817,0.7157085370581893
8,3,0.43888126170419817,0.7157085370581893
8,3,0.43888126170419817,0.6754498244616358
8,3,0.48163175144132886,0.6754498244616358
8,3,0.43888126170419817,0.6754498244616358
8,3,0.48163175144132886,0.6351911118650828
8,3,0.48163175144132886,0.6754498244616358
8,3,0.48163175144132886,0.6754498244616358
8,3,0.48163175144132886,0.6351911118650828
8,3,0.5243822411784596,0.6351911118650828
8,3,0.3961307719670675,0.7157085370581893
8,3,0.3961307719670675,0.6754498244616358
8,3,0.43888126170419817,0.6754498244616358
8,3,0.3961307719670675,0.6754498244616358
8,3,0.43888126170419817,0.6351911118650828
8,3,0.43888126170419817,0.6754498244616358
8,3,0.43888126170419817,0.6754498244616358
8,3,0.43888126170419817,0.6351911118650828
8,3,0.48163175144132886,0.6351911118650828
8,3,0.3961307719670675,0.6754498244616358
8,3,0.3961307719670675,0.6351911118650828
8,3,0.43888126170419817,0.6351911118650828
8,3,0.5671327309155902,0.6351911118650828
8,3,0.5671327309155902,0.6754498244616358
8,3,0.5243822411784596,0.6754498244616358
8,3,0.5671327309155902,0.6754498244616358
8,3,0.5243822411784596,0.7157085370581893
8,3,0.5243822411784596,0.6754498244616358
8,3,0.5243822411784596,0.6754498244616358
8,3,0.5243822411784596,0.7157085370581893
8,3,0.48163175144132886,0.7157085370581893
8,3,0.5243822411784596,0.7157085370581893
8,3,0.48163175144132886,0.7559672496547427
8,3,0.48163175144132886,0.7157085370581893
8,3,0.48163175144132886,0.7157085370581893
8,3,0.48163175144132886,0.7559672496547427
8,3,0.43888126170419817,0.7559672496547427
8,3,0.48163175144132886,0.7559672496547427
8,3,0.43888126170419817,0.7962259622512962
8,3,0.43888126170419817,0.7559672496547427
8,3,0.43888126170419817,0.7559672496547427
8,3,0.43888126170419817,0.7962259622512962
8,3,0.3961307719670675,0.7962259622512962
8,3,0.5671327309155902,0.6754498244616358
8,3,0.5671327309155902,0.7157085370581893
8,3,0.5243822411784596,0.7157085370581893
8,3,0.5671327309155902,0.7157085370581893
8,3,0.5243822411784596,0.7559672496547427
8,3,0.5243822411784596,0.7157085370581893
8,3,0.5243822411784596,0.7157085370581893
8,3,0.5243822411784596,0.7559672496547427
8,3,0.48163175144132886,0.7559672496547427
8,3,0.5243822411784596,0.7559672496547427
8,3,0.48163175144132886,0.7962259622512962
8,3,0.48163175144132886,0.7559672496547427
8,3,0.48163175144132886,0.7559672496547427
8,3,0.48163175144132886,0.7962259622512962
8,3,0.43888126170419817,0.7962259622512962
8,3,0.5671327309155902,0.7157085370581893
8,3,0.5671327309155902,0.7559672496547427
8,3,0.5243822411784596,0.7559672496547427
8,3,0.5671327309155902,0.7559672496547427
8,3,0.5243822411784596,0.7962259622512962
8,3,0.5243822411784596,0.7559672496547427
8,3,0.5243822411784596,0.7559672496547427
8,3,0.5243822411784596,0.7962259622512962
8,3,0.48163175144132886,0.7962259622512962
8,3,0.5671327309155902,0.7559672496547427
8,3,0.5671327309155902,0.7962259622512962
8,3,0.5243822411784596,0.7962259622512962
8,3,0.5671327309155902,0.7962259622512962
8,3,0.5671327309155902,0.7559672496547427
8,3,0.6098531992413889,0.7559672496547427
8,3,0.5671327309155902,0.7559672496547427
8,3,0.6098531992413889,0.7157085370581893
8,3,0.6098531992413889,0.7559672496547427
8,3,0.6098531992413889,0.7559672496547427
8,3,0.6098531992413889,0.7157085370581893
8,3,0.6525736675671858,0.7157085370581893
8,3,0.6098531992413889,0.7157085370581893
8,3,0.6525736675671858,0.6754498244616358
8,3,0.6525736675671858,0.7157085370581893
8,3,0.6525736675671858,0.7157085370581893
8,3,0.6525736675671858,0.6754498244616358
8,3,0.6952941358929845,0.6754498244616358
8,3,0.6525736675671858,0.6754498244616358
8,3,0.6952941358929845,0.6351911118650828
8,3,0.6952941358929845,0.6754498244616358
8,3,0.6952941358929845,0.6754498244616358
8,3,0.6952941358929845,0.6351911118650828
8,3,0.7380146042187832,0.6351911118650828
8,3,0.5671327309155902,0.7559672496547427
8,3,0.5671327309155902,0.7157085370581893
8,3,0.6098531992413889,0.7157085370581893
8,3,0.5671327309155902,0.7157085370581893
8,3,0.6098531992413889,0.6754498244616358
8,3,0.6098531992413889,0.7157085370581893
8,3,0.6098531992413889,0.7157085370581893
8,3,0.6098531992413889,0.6754498244616358
8,3,0.6525736675671858,0.6754498244616358
8,3,0.6098531992413889,0.6754498244616358
8,3,0.6525736675671858,0.6351911118650828
8,3,0.6525736675671858,0.6754498244616358
8,3,0.6525736675671858,0.6754498244616358
8,3,0.6525736675671858,0.6351911118650828
8,3,0.6952941358929845,0.6351911118650828
8,3,0.5671327309155902,0.7157085370581893
8,3,0.5671327309155902,0.6754498244616358
8,3,0.6098531992413889,0.6754498244616358
8,3,0.5671327309155902,0.6754498244616358
8,3,0.6098531992413889,0.6351911118650828
8,3,0.6098531992413889,0.6754498244616358
8,3,0.6098531992413889,0.6754498244616358
8,3,0.6098531992413889,0.6351911118650828
8,3,0.6525736675671858,0.6351911118650828
8,3,0.5671327309155902,0.6754498244616358
8,3,0.5671327309155902,0.6351911118650828
8,3,0.6098531992413889,0.6351911118650828
8,3,0.7380146042187832,0.6351911118650828
8,3,0.7380146042187832,0.6754498244616358
8,3,0.6952941358929845,0.6754498244616358
8,3,0.7380146042187832,0.6754498244616358
8,3,0.6952941358929845,0.7157085370581893
8,3,0.6952941358929845,0.6754498244616358
8,3,0.6952941358929845,0.6754498244616358
8,3,0.6952941358929845,0.7157085370581893
8,3,0.6525736675671858,0.7157085370581893
8,3,0.6952941358929845,0.7157085370581893
8,3,0.6525736675671858,0.7559672496547427
8,3,0.6525736675671858,0.7157085370581893
8,3,0.6525736675671858,0.7157085370581893
8,3,0.6525736675671858,0.7559672496547427
8,3,0.6098531992413889,0.7559672496547427
8,3,0.6525736675671858,0.7559672496547427
8,3,0.6098531992413889,0.7962259622512962
8,3,0.6098531992413889,0.7559672496547427
8,3,0.6098531992413889,0.7559672496547427
8,3,0.6098531992413889,0.7962259622512962
8,3,0.5671327309155902,0.7962259622512962
8,3,0.7380146042187832,0.6754498244616358
8,3,0.7380146042187832,0.7157085370581893
8,3,0.6952941358929845,0.7157085370581893
8,3,0.7380146042187832,0.7157085370581893
8,3,0.6952941358929845,0.7559672496547427
8,3,0.6952941358929845,0.7157085370581893
8,3,0.6952941358929845,0.7157085370581893
8,3,0.6952941358929845,0.7559672496547427
8,3,0.6525736675671858,0.7559672496547427
8,3,0.6952941358929845,0.7559672496547427
8,3,0.6525736675671858,0.7962259622512962
8,3,0.6525736675671858,0.7559672496547427
8,3,0.6525736675671858,0.7559672496547427
8,3,0.6525736675671858,0.7962259622512962
8,3,0.6098531992413889,0.7962259622512962
8,3,0.7380146042187832,0.7157085370581893
8,3,0.7380146042187832,0.7559672496547427
8,3,0.6952941358929845,0.7559672496547427
8,3,0.7380146042187832,0.7559672496547427
8,3,0.6952941358929845,0.7962259622512962
8,3,0.6952941358929845,0.7559672496547427
8,3,0.6952941358929845,0.7559672496547427
8,3,0.6952941358929845,0.7962259622512962
8,3,0.6525736675671858,0.7962259622512962
8,3,0.7380146042187832,0.7559672496547427
8,3,0.7380146042187832,0.7962259622512962
8,3,0.6952941358929845,0.7962259622512962
8,3,0.3961307719670675,0.7962259622512962
8,3,0.43888126170419817,0.7962259622512962
8,3,0.43888126170419817,0.8364546534365171
8,3,0.43888126170419817,0.7962259622512962
8,3,0.48163175144132886,0.8364546534365171
8,3,0.43888126170419817,0.8364546534365171
8,3,0.43888126170419817,0.8364546534365171
8,3,0.48163175144132886,0.8364546534365171
8,3,0.48163175144132886,0.8766833446217381
8,3,0.48163175144132886,0.8364546534365171
8,3,0.5243822411784596,0.8766833446217381
8,3,0.48163175144132886,0.8766833446217381
8,3,0.48163175144132886,0.8766833446217381
8,3,0.5243822411784596,0.8766833446217381
8,3,0.5243822411784596,0.9169120358069596
8,3,0.5243822411784596,0.8766833446217381
8,3,0.5671327309155902,0.9169120358069596
8,3,0.5243822411784596,0.9169120358069596
8,3,0.5243822411784596,0.9169120358069596
8,3,0.5671327309155902,0.9169120358069596
8,3,0.5671327309155902,0.9571407269921806
8,3,0.43888126170419817,0.7962259622512962
8,3,0.48163175144132886,0.7962259622512962
8,3,0.48163175144132886,0.8364546534365171
8,3,0.48163175144132886,0.7962259622512962
8,3,0.5243822411784596,0.8364546534365171
8,3,0.48163175144132886,0.8364546534365171
8,3,0.48163175144132886,0.8364546534365171
8,3,0.5243822411784596,0.8364546534365171
8,3,0.5243822411784596,0.8766833446217381
8,3,0.5243822411784596,0.8364546534365171
8,3,0.5671327309155902,0.8766833446217381
8,3,0.5243822411784596,0.8766833446217381
8,3,0.5243822411784596,0.8766833446217381
8,3,0.5671327309155902,0.8766833446217381
8,3,0.5671327309155902,0.9169120358069596
8,3,0.48163175144132886,0.7962259622512962
8,3,0.5243822411784596,0.7962259622512962
8,3,0.5243822411784596,0.8364546534365171
8,3,0.5243822411784596,0.7962259622512962
8,3,0.5671327309155902,0.8364546534365171
8,3,0.5243822411784596,0.8364546534365171
8,3,0.5243822411784596,0.8364546534365171
8,3,0.5671327309155902,0.8364546534365171
8,3,0.5671327309155902,0.8766833446217381
8,3,0.5243822411784596,0.7962259622512962
8,3,0.5671327309155902,0.7962259622512962
8,3,0.5671327309155902,0.8364546534365171
8,3,0.5671327309155902,0.9571407269921806
8,3,0.5243822411784596,0.9571407269921806
8,3,0.5243822411784596,0.9169120358069596
8,3,0.5243822411784596,0.9571407269921806
8,3,0.48163175144132886,0.9169120358069596
8,3,0.5243822411784596,0.9169120358069596
8,3,0.5243822411784596,0.9169120358069596
8,3,0.48163175144132886,0.9169120358069596
8,3,0.48163175144132886,0.8766833446217381
8,3,0.48163175144132886,0.9169120358069596
8,3,0.43888126170419817,0.8766833446217381
8,3,0.48163175144132886,0.8766833446217381
8,3,0.48163175144132886,0.8766833446217381
8,3,0.43888126170419817,0.8766833446217381
8,3,0.43888126170419817,0.8364546534365171
8,3,0.43888126170419817,0.8766833446217381
8,3,0.3961307719670675,0.8364546534365171
8,3,0.43888126170419817,0.8364546534365171
8,3,0.43888126170419817,0.8364546534365171
8,3,0.3961307719670675,0.8364546534365171
8,3,0.3961307719670675,0.7962259622512962
8,3,0.5243822411784596,0.9571407269921806
8,3,0.48163175144132886,0.9571407269921806
8,3,0.48163175144132886,0.9169120358069596
8,3,0.48163175144132886,0.9571407269921806
8,3,0.43888126170419817,0.9169120358069596
8,3,0.48163175144132886,0.9169120358069596
8,3,0.48163175144132886,0.9169120358069596
8,3,0.43888126170419817,0.9169120358069596
8,3,0.43888126170419817,0.8766833446217381
8,3,0.43888126170419817,0.9169120358069596
8,3,0.3961307719670675,0.8766833446217381
8,3,0.43888126170419817,0.8766833446217381
8,3,0.43888126170419817,0.8766833446217381
8,3,0.3961307719670675,0.8766833446217381
8,3,0.3961307719670675,0.8364546534365171
8,3,0.48163175144132886,0.9571407269921806
8,3,0.43888126170419817,0.9571407269921806
8,3,0.43888126170419817,0.9169120358069596
8,3,0.43888126170419817,0.9571407269921806
8,3,0.3961307719670675,0.9169120358069596
8,3,0.43888126170419817,0.9169120358069596
8,3,0.43888126170419817,0.9169120358069596
8,3,0.3961307719670675,0.9169120358069596
8,3,0.3961307719670675,0.8766833446217381
8,3,0.43888126170419817,0.9571407269921806
8,3,0.3961307719670675,0.9571407269921806
8,3,0.3961307719670675,0.9169120358069596
8,3,0.5671327309155902,0.7962259622512962
8,3,0.6098531992413889,0.7962259622512962
8,3,0.6098531992413889,0.8364546534365171
8,3,0.6098531992413889,0.7962259622512962
8,3,0.6525736675671858,0.8364546534365171
8,3,0.6098531992413889,0.8364546534365171
8,3,0.6098531992413889,0.8364546534365171
8,3,0.6525736675671858,0.8364546534365171
8,3,0.6525736675671858,0.8766833446217381
8,3,0.6525736675671858,0.8364546534365171
8,3,0.6952941358929845,0.8766833446217381
8,3,0.6525736675671858,0.8766833446217381
8,3,0.6525736675671858,0.8766833446217381
8,3,0.6952941358929845,0.8766833446217381
8,3,0.6952941358929845,0.9169120358069596
8,3,0.6952941358929845,0.8766833446217381
8,3,0.7380146042187832,0.9169120358069596
8,3,0.6952941358929845,0.9169120358069596
8,3,0.6952941358929845,0.9169120358069596
8,3,0.7380146042187832,0.9169120358069596
8,3,0.7380146042187832,0.9571407269921806
8,3,0.6098531992413889,0.7962259622512962
8,3,0.6525736675671858,0.7962259622512962
8,3,0.6525736675671858,0.8364546534365171
8,3,0.6525736675671858,0.7962259622512962
8,3,0.6952941358929845,0.8364546534365171
8,3,0.6525736675671858,0.8364546534365171
8,3,0.6525736675671858,0.8364546534365171
8,3,0.6952941358929845,0.8364546534365171
8,3,0.6952941358929845,0.8766833446217381
8,3,0.6952941358929845,0.8364546534365171
8,3,0.7380146042187832,0.8766833446217381
8,3,0.6952941358929845,0.8766833446217381
8,3,0.6952941358929845,0.8766833446217381
8,3,0.7380146042187832,0.8766833446217381
8,3,0.7380146042187832,0.9169120358069596
8,3,0.6525736675671858,0.7962259622512962
8,3,0.6952941358929845,0.7962259622512962
8,3,0.6952941358929845,0.8364546534365171
8,3,0.6952941358929845,0.7962259622512962
8,3,0.7380146042187832,0.8364546534365171
8,3,0.6952941358929845,0.8364546534365171
8,3,0.6952941358929845,0.8364546534365171
8,3,0.7380146042187832,0.8364546534365171
8,3,0.7380146042187832,0.8766833446217381
8,3,0.6952941358929845,0.7962259622512962
8,3,0.7380146042187832,0.7962259622512962
8,3,0.7380146042187832,0.8364546534365171
8,3,0.7380146042187832,0.9571407269921806
8,3,0.6952941358929845,0.9571407269921806
8,3,0.6952941358929845,0.9169120358069596
8,3,0.6952941358929845,0.9571407269921806
8,3,0.6525736675671858,0.9169120358069596
8,3,0.6952941358929845,0.9169120358069596
8,3,0.6952941358929845,0.9169120358069596
8,3,0.6525736675671858,0.9169120358069596
8,3,0.6525736675671858,0.8766833446217381
8,3,0.6525736675671858,0.9169120358069596
8,3,0.6098531992413889,0.8766833446217381
8,3,0.6525736675671858,0.8766833446217381
8,3,0.6525736675671858,0.8766833446217381
8,3,0.6098531992413889,0.8766833446217381
8,3,0.6098531992413889,0.8364546534365171
8,3,0.6098531992413889,0.8766833446217381
8,3,0.5671327309155902,0.8364546534365171
8,3,0.6098531992413889,0.8364546534365171
8,3,0.6098531992413889,0.8364546534365171
8,3,0.5671327309155902,0.8364546534365171
8,3,0.5671327309155902,0.7962259622512962
8,3,0.6952941358929845,0.9571407269921806
8,3,0.6525736675671858,0.9571407269921806
8,3,0.6525736675671858,0.9169120358069596
8,3,0.6525736675671858,0.9571407269921806
8,3,0.6098531992413889,0.9169120358069596
8,3,0.6525736675671858,0.9169120358069596
8,3,0.6525736675671858,0.9169120358069596
8,3,0.6098531992413889,0.9169120358069596
8,3,0.6098531992413889,0.8766833446217381
8,3,0.6098531992413889,0.9169120358069596
8,3,0.5671327309155902,0.8766833446217381
8,3,0.6098531992413889,0.8766833446217381
8,3,0.6098531992413889,0.8766833446217381
8,3,0.5671327309155902,0.8766833446217381
8,3,0.5671327309155902,0.8364546534365171
8,3,0.6525736675671858,0.9571407269921806
8,3,0.6098531992413889,0.9571407269921806
8,3,0.6098531992413889,0.9169120358069596
8,3,0.6098531992413889,0.9571407269921806
8,3,0.5671327309155902,0.9169120358069596
8,3,0.6098531992413889,0.9169120358069596
8,3,0.6098531992413889,0.9169120358069596
8,3,0.5671327309155902,0.9169120358069596
8,3,0.5671327309155902,0.8766833446217381
8,3,0.6098531992413889,0.9571407269921806
8,3,0.5671327309155902,0.9571407269921806
8,3,0.5671327309155902,0.9169120358069596
8,2,0.6400000000000006,0.20000000000000018
8,2,0.5405286727796526,0.112547464670818
8,2,0.5405286727796526,0.28745253532918236
8,2,0.7394713272203486,0.112547464670818
8,2,0.7394713272203486,0.28745253532918236
8,2,0.6439936828093824,0.020900860726751347
8,2,0.6842388107535626,0.020900860726751347
8,2,0.6842388107535626,0.06363813076257285
8,2,0.6842388107535626,0.020900860726751347
8,2,0.7244839386977429,0.06363813076257285
8,2,0.6842388107535626,0.06363813076257285
8,2,0.6842388107535626,0.06363813076257285
8,2,0.7244839386977429,0.06363813076257285
8,2,0.7244839386977429,0.10637540079839436
8,2,0.7244839386977429,0.06363813076257285
8,2,0.7647290666419231,0.10637540079839436
8,2,0.7244839386977429,0.10637540079839436
8,2,0.7244839386977429,0.10637540079839436
8,2,0.7647290666419231,0.10637540079839436
8,2,0.7647290666419231,0.14911267083421542
8,2,0.7647290666419231,0.10637540079839436
8,2,0.8049741945861033,0.14911267083421542
8,2,0.7647290666419231,0.14911267083421542
8,2,0.7647290666419231,0.14911267083421542
8,2,0.8049741945861033,0.14911267083421542
8,2,0.8049741945861033,0.19184994087003693
8,2,0.6842388107535626,0.020900860726751347
8,2,0.7244839386977429,0.020900860726751347
8,2,0.7244839386977429,0.06363813076257285
8,2,0.7244839386977429,0.020900860726751347
8,2,0.7647290666419231,0.06363813076257285
8,2,0.7244839386977429,0.06363813076257285
8,2,0.7244839386977429,0.06363813076257285
8,2,0.7647290666419231,0.06363813076257285
8,2,0.7647290666419231,0.10637540079839436
8,2,0.7647290666419231,0.06363813076257285
8,2,0.8049741945861033,0.10637540079839436
8,2,0.7647290666419231,0.10637540079839436
8,2,0.7647290666419231,0.10637540079839436
8,2,0.8049741945861033,0.10637540079839436
8,2,0.8049741945861033,0.14911267083421542
8,2,0.7244839386977429,0.020900860726751347
8,2,0.7647290666419231,0.020900860726751347
8,2,0.7647290666419231,0.06363813076257285
8,2,0.7647290666419231,0.020900860726751347
8,2,0.8049741945861033,0.06363813076257285
8,2,0.7647290666419231,0.06363813076257285
8,2,0.7647290666419231,0.06363813076257285
8,2,0.8049741945861033,0.06363813076257285
8,2,0.8049741945861033,0.10637540079839436
8,2,0.7647290666419231,0.020900860726751347
8,2,0.8049741945861033,0.020900860726751347
8,2,0.8049741945861033,0.06363813076257285
8,2,0.8049741945861033,0.19184994087003693
8,2,0.7647290666419231,0.19184994087003693
8,2,0.7647290666419231,0.14911267083421542
8,2,0.7647290666419231,0.19184994087003693
8,2,0.7244839386977429,0.14911267083421542
8,2,0.7647290666419231,0.14911267083421542
8,2,0.7647290666419231,0.14911267083421542
8,2,0.7244839386977429,0.14911267083421542
8,2,0.7244839386977429,0.10637540079839436
8,2,0.7244839386977429,0.14911267083421542
8,2,0.6842388107535626,0.10637540079839436
8,2,0.7244839386977429,0.10637540079839436
8,2,0.7244839386977429,0.10637540079839436
8,2,0.6842388107535626,0.10637540079839436
8,2,0.6842388107535626,0.06363813076257285
8,2,0.6842388107535626,0.10637540079839436
8,2,0.6439936828093824,0.06363813076257285
8,2,0.6842388107535626,0.06363813076257285
8,2,0.6842388107535626,0.06363813076257285
8,2,0.6439936828093824,0.06363813076257285
8,2,0.6439936828093824,0.020900860726751347
8,2,0.7647290666419231,0.19184994087003693
8,2,0.7244839386977429,0.19184994087003693
8,2,0.7244839386977429,0.14911267083421542
8,2,0.7244839386977429,0.19184994087003693
8,2,0.6842388107535626,0.14911267083421542
8,2,0.7244839386977429,0.14911267083421542
8,2,0.7244839386977429,0.14911267083421542
8,2,0.6842388107535626,0.14911267083421542
8,2,0.6842388107535626,0.10637540079839436
8,2,0.6842388107535626,0.14911267083421542
8,2,0.6439936828093824,0.10637540079839436
8,2,0.6842388107535626,0.10637540079839436
8,2,0.6842388107535626,0.10637540079839436
8,2,0.6439936828093824,0.10637540079839436
8,2,0.6439936828093824,0.06363813076257285
8,2,0.7244839386977429,0.19184994087003693
8,2,0.6842388107535626,0.19184994087003693
8,2,0.6842388107535626,0.14911267083421542
8,2,0.6842388107535626,0.19184994087003693
8,2,0.6439936828093824,0.14911267083421542
8,2,0.6842388107535626,0.14911267083421542
8,2,0.6842388107535626,0.14911267083421542
8,2,0.6439936828093824,0.14911267083421542
8,2,0.6439936828093824,0.10637540079839436
8,2,0.6842388107535626,0.19184994087003693
8,2,0.6439936828093824,0.19184994087003693
8,2,0.6439936828093824,0.14911267083421542
8,2,0.6439936828093824,0.19184994087003693
8,2,0.6842388107535626,0.19184994087003693
8,2,0.6842388107535626,0.23457237672674136
8,2,0.6842388107535626,0.19184994087003693
8,2,0.7244839386977429,0.23457237672674136
8,2,0.6842388107535626,0.23457237672674136
8,2,0.6842388107535626,0.23457237672674136
8,2,0.7244839386977429,0.23457237672674136
8,2,0.7244839386977429,0.2772948125834458
8,2,0.7244839386977429,0.23457237672674136
8,2,0.7647290666419231,0.2772948125834458
8,2,0.7244839386977429,0.2772948125834458
8,2,0.7244839386977429,0.2772948125834458
8,2,0.7647290666419231,0.2772948125834458
8,2,0.7647290666419231,0.3200172484401502
8,2,0.7647290666419231,0.2772948125834458
8,2,0.8049741945861033,0.3200172484401502
8,2,0.7647290666419231,0.3200172484401502
8,2,0.7647290666419231,0.3200172484401502
8,2,0.8049741945861033,0.3200172484401502
8,2,0.8049741945861033,0.36273968429685466
8,2,0.6842388107535626,0.19184994087003693
8,2,0.7244839386977429,0.19184994087003693
8,2,0.7244839386977429,0.23457237672674136
8,2,0.7244839386977429,0.19184994087003693
8,2,0.7647290666419231,0.23457237672674136
8,2,0.7244839386977429,0.23457237672674136
8,2,0.7244839386977429,0.23457237672674136
8,2,0.7647290666419231,0.23457237672674136
8,2,0.7647290666419231,0.2772948125834458
8,2,0.7647290666419231,0.23457237672674136
8,2,0.8049741945861033,0.2772948125834458
8,2,0.7647290666419231,0.2772948125834458
8,2,0.7647290666419231,0.2772948125834458
8,2,0.8049741945861033,0.2772948125834458
8,2,0.8049741945861033,0.3200172484401502
8,2,0.7244839386977429,0.19184994087003693
8,2,0.7647290666419231,0.19184994087003693
8,2,0.7647290666419231,0.23457237672674136
8,2,0.7647290666419231,0.19184994087003693
8,2,0.8049741945861033,0.23457237672674136
8,2,0.7647290666419231,0.23457237672674136
8,2,0.7647290666419231,0.23457237672674136
8,2,0.8049741945861033,0.23457237672674136
8,2,0.8049741945861033,0.2772948125834458
8,2,0.7647290666419231,0.19184994087003693
8,2,0.8049741945861033,0.19184994087003693
8,2,0.8049741945861033,0.23457237672674136
8,2,0.8049741945861033,0.36273968429685466
8,2,0.7647290666419231,0.36273968429685466
8,2,0.7647290666419231,0.3200172484401502
8,2,0.7647290666419231,0.36273968429685466
8,2,0.7244839386977429,0.3200172484401502
8,2,0.7647290666419231,0.3200172484401502
8,2,0.7647290666419231,0.3200172484401502
8,2,0.7244839386977429,0.3200172484401502
8,2,0.7244839386977429,0.2772948125834458
8,2,0.7244839386977429,0.3200172484401502
8,2,0.6842388107535626,0.2772948125834458
8,2,0.7244839386977429,0.2772948125834458
8,2,0.7244839386977429,0.2772948125834458
8,2,0.6842388107535626,0.2772948125834458
8,2,0.6842388107535626,0.23457237672674136
8,2,0.6842388107535626,0.2772948125834458
8,2,0.6439936828093824,0.23457237672674136
8,2,0.6842388107535626,0.23457237672674136
8,2,0.6842388107535626,0.23457237672674136
8,2,0.6439936828093824,0.23457237672674136
8,2,0.6439936828093824,0.19184994087003693
8,2,0.7647290666419231,0.36273968429685466
8,2,0.7244839386977429,0.36273968429685466
8,2,0.7244839386977429,0.3200172484401502
8,2,0.7244839386977429,0.36273968429685466
8,2,0.6842388107535626,0.3200172484401502
8,2,0.7244839386977429,0.3200172484401502
8,2,0.7244839386977429,0.3200172484401502
8,2,0.6842388107535626,0.3200172484401502
8,2,0.6842388107535626,0.2772948125834458
8,2,0.6842388107535626,0.3200172484401502
8,2,0.6439936828093824,0.2772948125834458
8,2,0.6842388107535626,0.2772948125834458
8,2,0.6842388107535626,0.2772948125834458
8,2,0.6439936828093824,0.2772948125834458
8,2,0.6439936828093824,0.23457237672674136
8,2,0.7244839386977429,0.36273968429685466
8,2,0.6842388107535626,0.36273968429685466
8,2,0.6842388107535626,0.3200172484401502
8,2,0.6842388107535626,0.36273968429685466
8,2,0.6439936828093824,0.3200172484401502
8,2,0.6842388107535626,0.3200172484401502
8,2,0.6842388107535626,0.3200172484401502
8,2,0.6439936828093824,0.3200172484401502
8,2,0.6439936828093824,0.2772948125834458
8,2,0.6842388107535626,0.36273968429685466
8,2,0.6439936828093824,0.36273968429685466
8,2,0.6439936828093824,0.3200172484401502
8,2,0.6439936828093824,0.020900860726751347
8,2,0.6439936828093824,0.06363813076257285
8,2,0.6037337206860851,0.06363813076257285
8,2,0.6439936828093824,0.06363813076257285
8,2,0.6037337206860851,0.10637540079839436
8,2,0.6037337206860851,0.06363813076257285
8,2,0.6037337206860851,0.06363813076257285
8,2,0.6037337206860851,0.10637540079839436
8,2,0.5634737585627878,0.10637540079839436
8,2,0.6037337206860851,0.10637540079839436
8,2,0.5634737585627878,0.14911267083421542
8,2,0.5634737585627878,0.10637540079839436
8,2,0.5634737585627878,0.10637540079839436
8,2,0.5634737585627878,0.14911267083421542
8,2,0.5232137964394905,0.14911267083421542
8,2,0.5634737585627878,0.14911267083421542
8,2,0.5232137964394905,0.19184994087003693
8,2,0.5232137964394905,0.14911267083421542
8,2,0.5232137964394905,0.14911267083421542
8,2,0.5232137964394905,0.19184994087003693
8,2,0.4829538343161932,0.19184994087003693
8,2,0.6439936828093824,0.06363813076257285
8,2,0.6439936828093824,0.10637540079839436
8,2,0.6037337206860851,0.10637540079839436
8,2,0.6439936828093824,0.10637540079839436
8,2,0.6037337206860851,0.14911267083421542
8,2,0.6037337206860851,0.10637540079839436
8,2,0.6037337206860851,0.10637540079839436
8,2,0.6037337206860851,0.14911267083421542
8,2,0.5634737585627878,0.14911267083421542
8,2,0.6037337206860851,0.14911267083421542
8,2,0.5634737585627878,0.19184994087003693
8,2,0.5634737585627878,0.14911267083421542
8,2,0.5634737585627878,0.14911267083421542
8,2,0.5634737585627878,0.19184994087003693
8,2,0.5232137964394905,0.19184994087003693
8,2,0.6439936828093824,0.10637540079839436
8,2,0.6439936828093824,0.14911267083421542
8,2,0.6037337206860851,0.14911267083421542
8,2,0.6439936828093824,0.14911267083421542
8,2,0.6037337206860851,0.19184994087003693
8,2,0.6037337206860851,0.14911267083421542
8,2,0.6037337206860851,0.14911267083421542
8,2,0.6037337206860851,0.19184994087003693
8,2,0.5634737585627878,0.19184994087003693
8,2,0.6439936828093824,0.14911267083421542
8,2,0.6439936828093824,0.19184994087003693
8,2,0.6037337206860851,0.19184994087003693
8,2,0.4829538343161932,0.19184994087003693
8,2,0.4829538343161932,0.14911267083421542
8,2,0.5232137964394905,0.14911267083421542
8,2,0.4829538343161932,0.14911267083421542
8,2,0.5232137964394905,0.10637540079839436
8,2,0.5232137964394905,0.14911267083421542
8,2,0.5232137964394905,0.14911267083421542
8,2,0.5232137964394905,0.10637540079839436
8,2,0.5634737585627878,0.10637540079839436
8,2,0.5232137964394905,0.10637540079839436
8,2,0.5634737585627878,0.06363813076257285
8,2,0.5634737585627878,0.10637540079839436
8,2,0.5634737585627878,0.10637540079839436
8,2,0.5634737585627878,0.06363813076257285
8,2,0.6037337206860851,0.06363813076257285
8,2,0.5634737585627878,0.06363813076257285
8,2,0.6037337206860851,0.020900860726751347
8,2,0.6037337206860851,0.06363813076257285
8,2,0.6037337206860851,0.06363813076257285
8,2,0.6037337206860851,0.020900860726751347
8,2,0.6439936828093824,0.020900860726751347
8,2,0.4829538343161932,0.14911267083421542
8,2,0.4829538343161932,0.10637540079839436
8,2,0.5232137964394905,0.10637540079839436
8,2,0.4829538343161932,0.10637540079839436
8,2,0.5232137964394905,0.06363813076257285
8,2,0.5232137964394905,0.10637540079839436
8,2,0.5232137964394905,0.10637540079839436
8,2,0.5232137964394905,0.06363813076257285
8,2,0.5634737585627878,0.06363813076257285
8,2,0.5232137964394905,0.06363813076257285
8,2,0.5634737585627878,0.020900860726751347
8,2,0.5634737585627878,0.06363813076257285
8,2,0.5634737585627878,0.06363813076257285
8,2,0.5634737585627878,0.020900860726751347
8,2,0.6037337206860851,0.020900860726751347
8,2,0.4829538343161932,0.10637540079839436
8,2,0.4829538343161932,0.06363813076257285
8,2,0.5232137964394905,0.06363813076257285
8,2,0.4829538343161932,0.06363813076257285
8,2,0.5232137964394905,0.020900860726751347
8,2,0.5232137964394905,0.06363813076257285
8,2,0.5232137964394905,0.06363813076257285
8,2,0.5232137964394905,0.020900860726751347
8,2,0.5634737585627878,0.020900860726751347
8,2,0.4829538343161932,0.06363813076257285
8,2,0.4829538343161932,0.020900860726751347
8,2,0.5232137964394905,0.020900860726751347
8,2,0.6439936828093824,0.19184994087003693
8,2,0.6439936828093824,0.23457237672674136
8,2,0.6037337206860851,0.23457237672674136
8,2,0.6439936828093824,0.23457237672674136
8,2,0.6037337206860851,0.2772948125834458
8,2,0.6037337206860851,0.23457237672674136
8,2,0.6037337206860851,0.23457237672674136
8,2,0.6037337206860851,0.2772948125834458
8,2,0.5634737585627878,0.2772948125834458
8,2,0.6037337206860851,0.2772948125834458
8,2,0.5634737585627878,0.3200172484401502
8,2,0.5634737585627878,0.2772948125834458
8,2,0.5634737585627878,0.2772948125834458
8,2,0.5634737585627878,0.3200172484401502
8,2,0.5232137964394905,0.3200172484401502
8,2,0.5634737585627878,0.3200172484401502
8,2,0.5232137964394905,0.36273968429685466
8,2,0.5232137964394905,0.3200172484401502
8,2,0.5232137964394905,0.3200172484401502
8,2,0.5232137964394905,0.36273968429685466
8,2,0.4829538343161932,0.36273968429685466
8,2,0.6439936828093824,0.23457237672674136
8,2,0.6439936828093824,0.2772948125834458
8,2,0.6037337206860851,0.2772948125834458
8,2,0.6439936828093824,0.2772948125834458
8,2,0.6037337206860851,0.3200172484401502
8,2,0.6037337206860851,0.2772948125834458
8,2,0.6037337206860851,0.2772948125834458
8,2,0.6037337206860851,0.3200172484401502
8,2,0.5634737585627878,0.3200172484401502
8,2,0.6037337206860851,0.3200172484401502
8,2,0.5634737585627878,0.36273968429685466
8,2,0.5634737585627878,0.3200172484401502
8,2,0.5634737585627878,0.3200172484401502
8,2,0.5634737585627878,0.36273968429685466
8,2,0.5232137964394905,0.36273968429685466
8,2,0.6439936828093824,0.2772948125834458
8,2,0.6439936828093824,0.3200172484401502
8,2,0.6037337206860851,0.3200172484401502
8,2,0.6439936828093824,0.3200172484401502
8,2,0.6037337206860851,0.36273968429685466
8,2,0.6037337206860851,0.3200172484401502
8,2,0.6037337206860851,0.3200172484401502
8,2,0.6037337206860851,0.36273968429685466
8,2,0.5634737585627878,0.36273968429685466
8,2,0.6439936828093824,0.3200172484401502
8,2,0.6439936828093824,0.36273968429685466
8,2,0.6037337206860851,0.36273968429685466
8,2,0.4829538343161932,0.36273968429685466
8,2,0.4829538343161932,0.3200172484401502
8,2,0.5232137964394905,0.3200172484401502
8,2,0.4829538343161932,0.3200172484401502
8,2,0.5232137964394905,0.2772948125834458
8,2,0.5232137964394905,0.3200172484401502
8,2,0.5232137964394905,0.3200172484401502
8,2,0.5232137964394905,0.2772948125834458
8,2,0.5634737585627878,0.2772948125834458
8,2,0.5232137964394905,0.2772948125834458
8,2,0.5634737585627878,0.23457237672674136
8,2,0.5634737585627878,0.2772948125834458
8,2,0.5634737585627878,0.2772948125834458
8,2,0.5634737585627878,0.23457237672674136
8,2,0.6037337206860851,0.23457237672674136
8,2,0.5634737585627878,0.23457237672674136
8,2,0.6037337206860851,0.19184994087003693
8,2,0.6037337206860851,0.23457237672674136
8,2,0.6037337206860851,0.23457237672674136
8,2,0.6037337206860851,0.19184994087003693
8,2,0.6439936828093824,0.19184994087003693
8,2,0.4829538343161932,0.3200172484401502
8,2,0.4829538343161932,0.2772948125834458
8,2,0.5232137964394905,0.2772948125834458
8,2,0.4829538343161932,0.2772948125834458
8,2,0.5232137964394905,0.23457237672674136
8,2,0.5232137964394905,0.2772948125834458
8,2,0.5232137964394905,0.2772948125834458
8,2,0.5232137964394905,0.23457237672674136
8,2,0.5634737585627878,0.23457237672674136
8,2,0.5232137964394905,0.23457237672674136
8,2,0.5634737585627878,0.19184994087003693
8,2,0.5634737585627878,0.23457237672674136
8,2,0.5634737585627878,0.23457237672674136
8,2,0.5634737585627878,0.19184994087003693
8,2,0.6037337206860851,0.19184994087003693
8,2,0.4829538343161932,0.2772948125834458
8,2,0.4829538343161932,0.23457237672674136
8,2,0.5232137964394905,0.23457237672674136
8,2,0.4829538343161932,0.23457237672674136
8,2,0.5232137964394905,0.19184994087003693
8,2,0.5232137964394905,0.23457237672674136
8,2,0.5232137964394905,0.23457237672674136
8,2,0.5232137964394905,0.19184994087003693
8,2,0.5634737585627878,0.19184994087003693
8,2,0.4829538343161932,0.23457237672674136
8,2,0.4829538343161932,0.19184994087003693
8,2,0.5232137964394905,0.19184994087003693
8,2,0.8499999999999996,0.06000000000000005
8,3,0.7679440692279016,0.918146617163432
8,2,0.7679440692279016,0.20185338283656806
8,3,0.9320559307720977,0.918146617163432
8,2,0.9320559307720977,0.20185338283656806
8,2,0.8544541576146951,0.27620798346503816
8,2,0.8329464065461778,0.27620798346503816
8,2,0.8329464065461778,0.22187868620113926
8,2,0.8329464065461778,0.27620798346503816
8,2,0.8114386554776587,0.22187868620113926
8,2,0.8329464065461778,0.22187868620113926
8,2,0.8329464065461778,0.22187868620113926
8,2,0.8114386554776587,0.22187868620113926
8,2,0.8114386554776587,0.16754938893724036
8,2,0.8114386554776587,0.22187868620113926
8,2,0.7899309044091396,0.16754938893724036
8,2,0.8114386554776587,0.16754938893724036
8,2,0.8114386554776587,0.16754938893724036
8,2,0.7899309044091396,0.16754938893724036
8,2,0.7899309044091396,0.1132200916733419
8,2,0.7899309044091396,0.16754938893724036
8,2,0.7684231533406223,0.1132200916733419
8,2,0.7899309044091396,0.1132200916733419
8,2,0.7899309044091396,0.1132200916733419
8,2,0.7684231533406223,0.1132200916733419
8,2,0.7684231533406223,0.058890794409443004
8,2,0.7684231533406223,0.1132200916733419
8,2,0.7469154022721032,0.058890794409443004
8,2,0.7684231533406223,0.058890794409443004
8,2,0.7684231533406223,0.058890794409443004
8,2,0.7469154022721032,0.058890794409443004
8,2,0.7469154022721032,0.004561497145544102
8,2,0.7469154022721032,0.058890794409443004
8,2,0.7254076512035841,0.004561497145544102
8,2,0.7469154022721032,0.004561497145544102
8,2,0.7469154022721032,0.004561497145544102
8,2,0.7254076512035841,0.004561497145544102
8,3,0.7254076512035841,0.9502321998816452
8,2,0.7254076512035841,0.004561497145544102
8,3,0.7038999001350668,0.9502321998816452
8,3,0.7254076512035841,0.9502321998816452
8,3,0.7254076512035841,0.9502321998816452
8,3,0.7038999001350668,0.9502321998816452
8,3,0.7038999001350668,0.8959029026177467
8,3,0.7038999001350668,0.9502321998816452
8,3,0.6823921490665477,0.8959029026177467
8,3,0.7038999001350668,0.8959029026177467
8,3,0.7038999001350668,0.8959029026177467
8,3,0.6823921490665477,0.8959029026177467
8,3,0.6823921490665477,0.8415736053538478
8,2,0.8329464065461778,0.27620798346503816
8,2,0.8114386554776587,0.27620798346503816
8,2,0.8114386554776587,0.22187868620113926
8,2,0.8114386554776587,0.27620798346503816
8,2,0.7899309044091396,0.22187868620113926
8,2,0.8114386554776587,0.22187868620113926
8,2,0.8114386554776587,0.22187868620113926
8,2,0.7899309044091396,0.22187868620113926
8,2,0.7899309044091396,0.16754938893724036
8,2,0.7899309044091396,0.22187868620113926
8,2,0.7684231533406223,0.16754938893724036
8,2,0.7899309044091396,0.16754938893724036
8,2,0.7899309044091396,0.16754938893724036
8,2,0.7684231533406223,0.16754938893724036
8,2,0.7684231533406223,0.1132200916733419
8,2,0.7684231533406223,0.16754938893724036
8,2,0.7469154022721032,0.11322009167334146
8,2,0.7684231533406223,0.1132200916733419
8,2,0.7684231533406223,0.1132200916733419
8,2,0.7469154022721032,0.11322009167334146
8,2,0.7469154022721032,0.058890794409443004
8,2,0.7469154022721032,0.11322009167334146
8,2,0.7254076512035841,0.058890794409443004
8,2,0.7469154022721032,0.058890794409443004
8,2,0.7469154022721032,0.058890794409443004
8,2,0.7254076512035841,0.058890794409443004
8,2,0.7254076512035841,0.004561497145544102
8,2,0.7254076512035841,0.058890794409443004
8,2,0.7038999001350668,0.004561497145544102
8,2,0.7254076512035841,0.004561497145544102
8,2,0.7254076512035841,0.004561497145544102
8,2,0.7038999001350668,0.004561497145544102
8,3,0.7038999001350668,0.9502321998816452
8,2,0.7038999001350668,0.004561497145544102
8,3,0.6823921490665477,0.9502321998816452
8,3,0.7038999001350668,0.9502321998816452
8,3,0.7038999001350668,0.9502321998816452
8,3,0.6823921490665477,0.9502321998816452
8,3,0.6823921490665477,0.8959029026177467
8,2,0.8114386554776587,0.27620798346503816
8,2,0.7899309044091396,0.27620798346503816
8,2,0.7899309044091396,0.22187868620113926
8,2,0.7899309044091396,0.27620798346503816
8,2,0.7684231533406223,0.22187868620113926
8,2,0.7899309044091396,0.22187868620113926
8,2,0.7899309044091396,0.22187868620113926
8,2,0.7684231533406223,0.22187868620113926
8,2,0.7684231533406223,0.16754938893724036
8,2,0.7684231533406223,0.22187868620113926
8,2,0.7469154022721032,0.16754938893724036
8,2,0.7684231533406223,0.16754938893724036
8,2,0.7684231533406223,0.16754938893724036
8,2,0.7469154022721032,0.16754938893724036
8,2,0.7469154022721032,0.11322009167334146
8,2,0.7469154022721032,0.16754938893724036
8,2,0.7254076512035841,0.11322009167334146
8,2,0.7469154022721032,0.11322009167334146
8,2,0.7469154022721032,0.11322009167334146
8,2,0.7254076512035841,0.11322009167334146
8,2,0.7254076512035841,0.058890794409443004
8,2,0.7254076512035841,0.11322009167334146
8,2,0.7038999001350668,0.058890794409443004
8,2,0.7254076512035841,0.058890794409443004
8,2,0.7254076512035841,0.058890794409443004
8,2,0.7038999001350668,0.058890794409443004
8,2,0.7038999001350668,0.004561497145544102
8,2,0.7038999001350668,0.058890794409443004
8,2,0.6823921490665477,0.004561497145544102
8,2,0.7038999001350668,0.004561497145544102
8,2,0.7038999001350668,0.004561497145544102
8,2,0.6823921490665477,0.004561497145544102
8,3,0.6823921490665477,0.9502321998816452
8,2,0.7899309044091396,0.27620798346503816
8,2,0.7684231533406223,0.27620798346503816
8,2,0.7684231533406223,0.22187868620113926
8,2,0.7684231533406223,0.27620798346503816
8,2,0.7469154022721032,0.22187868620113926
8,2,0.7684231533406223,0.22187868620113926
8,2,0.7684231533406223,0.22187868620113926
8,2,0.7469154022721032,0.22187868620113926
8,2,0.7469154022721032,0.16754938893724036
8,2,0.7469154022721032,0.22187868620113926
8,2,0.7254076512035841,0.16754938893724036
8,2,0.7469154022721032,0.16754938893724036
8,2,0.7469154022721032,0.16754938893724036
8,2,0.7254076512035841,0.16754938893724036
8,2,0.7254076512035841,0.11322009167334146
8,2,0.7254076512035841,0.16754938893724036
8,2,0.7038999001350668,0.1132200916733419
8,2,0.7254076512035841,0.11322009167334146
8,2,0.7254076512035841,0.11322009167334146
8,2,0.7038999001350668,0.1132200916733419
8,2,0.7038999001350668,0.058890794409443004
8,2,0.7038999001350668,0.1132200916733419
8,2,0.6823921490665477,0.058890794409443004
8,2,0.7038999001350668,0.058890794409443004
8,2,0.7038999001350668,0.058890794409443004
8,2,0.6823921490665477,0.058890794409443004
8,2,0.6823921490665477,0.004561497145544102
8,2,0.7684231533406223,0.27620798346503816
8,2,0.7469154022721032,0.27620798346503816
8,2,0.7469154022721032,0.22187868620113926
8,2,0.7469154022721032,0.27620798346503816
8,2,0.7254076512035841,0.22187868620113926
8,2,0.7469154022721032,0.22187868620113926
8,2,0.7469154022721032,0.22187868620113926
8,2,0.7254076512035841,0.22187868620113926
8,2,0.7254076512035841,0.16754938893724036
8,2,0.7254076512035841,0.22187868620113926
8,2,0.7038999001350668,0.16754938893724036
8,2,0.7254076512035841,0.16754938893724036
8,2,0.7254076512035841,0.16754938893724036
8,2,0.7038999001350668,0.16754938893724036
8,2,0.7038999001350668,0.1132200916733419
8,2,0.7038999001350668,0.16754938893724036
8,2,0.6823921490665477,0.1132200916733419
8,2,0.7038999001350668,0.1132200916733419
8,2,0.7038999001350668,0.1132200916733419
8,2,0.6823921490665477,0.1132200916733419
8,2,0.6823921490665477,0.058890794409443004
8,2,0.7469154022721032,0.27620798346503816
8,2,0.7254076512035841,0.27620798346503816
8,2,0.7254076512035841,0.22187868620113926
8,2,0.7254076512035841,0.27620798346503816
8,2,0.7038999001350668,0.22187868620113926
8,2,0.7254076512035841,0.22187868620113926
8,2,0.7254076512035841,0.22187868620113926
8,2,0.7038999001350668,0.22187868620113926
8,2,0.7038999001350668,0.16754938893724036
8,2,0.7038999001350668,0.22187868620113926
8,2,0.6823921490665477,0.16754938893724036
8,2,0.7038999001350668,0.16754938893724036
8,2,0.7038999001350668,0.16754938893724036
8,2,0.6823921490665477,0.16754938893724036
8,2,0.6823921490665477,0.1132200916733419
8,2,0.7254076512035841,0.27620798346503816
8,2,0.7038999001350668,0.27620798346503816
8,2,0.7038999001350668,0.22187868620113926
8,2,0.7038999001350668,0.27620798346503816
8,2,0.6823921490665477,0.22187868620113926
8,2,0.7038999001350668,0.22187868620113926
8,2,0.7038999001350668,0.22187868620113926
8,2,0.6823921490665477,0.22187868620113926
8,2,0.6823921490665477,0.16754938893724036
8,2,0.7038999001350668,0.27620798346503816
8,2,0.6823921490665477,0.27620798346503816
8,2,0.6823921490665477,0.22187868620113926
8,3,0.6823921490665477,0.8415736053538478
8,3,0.7038999001350668,0.8415736053538478
8,3,0.7038999001350668,0.8959029026177467
8,3,0.7038999001350668,0.8415736053538478
8,3,0.7254076512035841,0.8959029026177467
8,3,0.7038999001350668,0.8959029026177467
8,3,0.7038999001350668,0.8959029026177467
8,3,0.7254076512035841,0.8959029026177467
8,3,0.7254076512035841,0.9502321998816452
8,3,0.7254076512035841,0.8959029026177467
8,3,0.7469154022721032,0.9502321998816452
8,3,0.7254076512035841,0.9502321998816452
8,3,0.7254076512035841,0.9502321998816452
8,3,0.7469154022721032,0.9502321998816452
8,2,0.7469154022721032,0.004561497145544102
8,3,0.7469154022721032,0.9502321998816452
8,2,0.7684231533406223,0.004561497145544102
8,2,0.7469154022721032,0.004561497145544102
8,2,0.7469154022721032,0.004561497145544102
8,2,0.7684231533406223,0.004561497145544102
8,2,0.7684231533406223,0.058890794409443004
8,2,0.7684231533406223,0.004561497145544102
8,2,0.7899309044091396,0.058890794409443004
8,2,0.7684231533406223,0.058890794409443004
8,2,0.7684231533406223,0.058890794409443004
8,2,0.7899309044091396,0.058890794409443004
8,2,0.7899309044091396,0.1132200916733419
8,2,0.7899309044091396,0.058890794409443004
8,2,0.8114386554776587,0.11322009167334146
8,2,0.7899309044091396,0.1132200916733419
8,2,0.7899309044091396,0.1132200916733419
8,2,0.8114386554776587,0.11322009167334146
8,2,0.8114386554776587,0.16754938893724036
8,2,0.8114386554776587,0.11322009167334146
8,2,0.8329464065461778,0.16754938893724036
8,2,0.8114386554776587,0.16754938893724036
8,2,0.8114386554776587,0.16754938893724036
8,2,0.8329464065461778,0.16754938893724036
8,2,0.8329464065461778,0.22187868620113926
8,2,0.8329464065461778,0.16754938893724036
8,2,0.8544541576146951,0.22187868620113926
8,2,0.8329464065461778,0.22187868620113926
8,2,0.8329464065461778,0.22187868620113926
8,2,0.8544541576146951,0.22187868620113926
8,2,0.8544541576146951,0.27620798346503816
8,3,0.7038999001350668,0.8415736053538478
8,3,0.7254076512035841,0.8415736053538478
8,3,0.7254076512035841,0.8959029026177467
8,3,0.7254076512035841,0.8415736053538478
8,3,0.7469154022721032,0.8959029026177467
8,3,0.7254076512035841,0.8959029026177467
8,3,0.7254076512035841,0.8959029026177467
8,3,0.7469154022721032,0.8959029026177467
8,3,0.7469154022721032,0.9502321998816452
8,3,0.7469154022721032,0.8959029026177467
8,3,0.7684231533406223,0.9502321998816452
8,3,0.7469154022721032,0.9502321998816452
8,3,0.7469154022721032,0.9502321998816452
8,3,0.7684231533406223,0.9502321998816452
8,2,0.7684231533406223,0.004561497145544102
8,3,0.7684231533406223,0.9502321998816452
8,2,0.7899309044091396,0.004561497145544102
8,2,0.7684231533406223,0.004561497145544102
8,2,0.7684231533406223,0.004561497145544102
8,2,0.7899309044091396,0.004561497145544102
8,2,0.7899309044091396,0.058890794409443004
8,2,0.7899309044091396,0.004561497145544102
8,2,0.8114386554776587,0.058890794409443004
8,2,0.7899309044091396,0.058890794409443004
8,2,0.7899309044091396,0.058890794409443004
8,2,0.8114386554776587,0.058890794409443004
8,2,0.8114386554776587,0.11322009167334146
8,2,0.8114386554776587,0.058890794409443004
8,2,0.8329464065461778,0.11322009167334146
8,2,0.8114386554776587,0.11322009167334146
8,2,0.8114386554776587,0.11322009167334146
8,2,0.8329464065461778,0.11322009167334146
8,2,0.8329464065461778,0.16754938893724036
8,2,0.8329464065461778,0.11322009167334146
8,2,0.8544541576146951,0.16754938893724036
8,2,0.8329464065461778,0.16754938893724036
8,2,0.8329464065461778,0.16754938893724036
8,2,0.8544541576146951,0.16754938893724036
8,2,0.8544541576146951,0.22187868620113926
8,3,0.7254076512035841,0.8415736053538478
8,3,0.7469154022721032,0.8415736053538478
8,3,0.7469154022721032,0.8959029026177467
8,3,0.7469154022721032,0.8415736053538478
8,3,0.7684231533406223,0.8959029026177467
8,3,0.7469154022721032,0.8959029026177467
8,3,0.7469154022721032,0.8959029026177467
8,3,0.7684231533406223,0.8959029026177467
8,3,0.7684231533406223,0.9502321998816452
8,3,0.7684231533406223,0.8959029026177467
8,3,0.7899309044091396,0.9502321998816452
8,3,0.7684231533406223,0.9502321998816452
8,3,0.7684231533406223,0.9502321998816452
8,3,0.7899309044091396,0.9502321998816452
8,2,0.7899309044091396,0.004561497145544102
8,3,0.7899309044091396,0.9502321998816452
8,2,0.8114386554776587,0.004561497145544102
8,2,0.7899309044091396,0.004561497145544102
8,2,0.7899309044091396,0.004561497145544102
8,2,0.8114386554776587,0.004561497145544102
8,2,0.8114386554776587,0.058890794409443004
8,2,0.8114386554776587,0.004561497145544102
8,2,0.8329464065461778,0.058890794409443004
8,2,0.8114386554776587,0.058890794409443004
8,2,0.8114386554776587,0.058890794409443004
8,2,0.8329464065461778,0.058890794409443004
8,2,0.8329464065461778,0.11322009167334146
8,2,0.8329464065461778,0.058890794409443004
8,2,0.8544541576146951,0.11322009167334146
8,2,0.8329464065461778,0.11322009167334146
8,2,0.8329464065461778,0.11322009167334146
8,2,0.8544541576146951,0.11322009167334146
8,2,0.8544541576146951,0.16754938893724036
8,3,0.7469154022721032,0.8415736053538478
8,3,0.7684231533406223,0.8415736053538478
8,3,0.7684231533406223,0.8959029026177467
8,3,0.7684231533406223,0.8415736053538478
8,3,0.7899309044091396,0.8959029026177467
8,3,0.7684231533406223,0.8959029026177467
8,3,0.7684231533406223,0.8959029026177467
8,3,0.7899309044091396,0.8959029026177467
8,3,0.7899309044091396,0.9502321998816452
8,3,0.7899309044091396,0.8959029026177467
8,3,0.8114386554776587,0.9502321998816452
8,3,0.7899309044091396,0.9502321998816452
8,3,0.7899309044091396,0.9502321998816452
8,3,0.8114386554776587,0.9502321998816452
8,2,0.8114386554776587,0.004561497145544102
8,3,0.8114386554776587,0.9502321998816452
8,2,0.8329464065461778,0.004561497145544102
8,2,0.8114386554776587,0.004561497145544102
8,2,0.8114386554776587,0.004561497145544102
8,2,0.8329464065461778,0.004561497145544102
8,2,0.8329464065461778,0.058890794409443004
8,2,0.8329464065461778,0.004561497145544102
8,2,0.8544541576146951,0.058890794409443004
8,2,0.8329464065461778,0.058890794409443004
8,2,0.8329464065461778,0.058890794409443004
8,2,0.8544541576146951,0.058890794409443004
8,2,0.8544541576146951,0.11322009167334146
8,3,0.7684231533406223,0.8415736053538478
8,3,0.7899309044091396,0.8415736053538478
8,3,0.7899309044091396,0.8959029026177467
8,3,0.7899309044091396,0.8415736053538478
8,3,0.8114386554776587,0.8959029026177467
8,3,0.7899309044091396,0.8959029026177467
8,3,0.7899309044091396,0.8959029026177467
8,3,0.8114386554776587,0.8959029026177467
8,3,0.8114386554776587,0.9502321998816452
8,3,0.8114386554776587,0.8959029026177467
8,3,0.8329464065461778,0.9502321998816452
8,3,0.8114386554776587,0.9502321998816452
8,3,0.8114386554776587,0.9502321998816452
8,3,0.8329464065461778,0.9502321998816452
8,2,0.8329464065461778,0.004561497145544102
8,3,0.8329464065461778,0.9502321998816452
8,2,0.8544541576146951,0.004561497145544102
8,2,0.8329464065461778,0.004561497145544102
8,2,0.8329464065461778,0.004561497145544102
8,2,0.8544541576146951,0.004561497145544102
8,2,0.8544541576146951,0.058890794409443004
8,3,0.7899309044091396,0.8415736053538478
8,3,0.8114386554776587,0.8415736053538478
8,3,0.8114386554776587,0.8959029026177467
8,3,0.8114386554776587,0.8415736053538478
8,3,0.8329464065461778,0.8959029026177467
8,3,0.8114386554776587,0.8959029026177467
8,3,0.8114386554776587,0.8959029026177467
8,3,0.8329464065461778,0.8959029026177467
8,3,0.8329464065461778,0.9502321998816452
8,3,0.8329464065461778,0.8959029026177467
8,3,0.8544541576146951,0.9502321998816452
8,3,0.8329464065461778,0.9502321998816452
8,3,0.8329464065461778,0.9502321998816452
8,3,0.8544541576146951,0.9502321998816452
8,2,0.8544541576146951,0.004561497145544102
8,3,0.8114386554776587,0.8415736053538478
8,3,0.8329464065461778,0.8415736053538478
8,3,0.8329464065461778,0.8959029026177467
8,3,0.8329464065461778,0.8415736053538478
8,3,0.8544541576146951,0.8959029026177467
8,3,0.8329464065461778,0.8959029026177467
8,3,0.8329464065461778,0.8959029026177467
8,3,0.8544541576146951,0.8959029026177467
8,3,0.8544541576146951,0.9502321998816452
8,3,0.8329464065461778,0.8415736053538478
8,3,0.8544541576146951,0.8415736053538478
8,3,0.8544541576146951,0.8959029026177467
8,2,0.8544541576146951,0.27620798346503816
8,2,0.8544541576146951,0.22187868620113926
8,2,0.8759619086832142,0.22187868620113926
8,2,0.8544541576146951,0.22187868620113926
8,2,0.8759619086832142,0.16754938893724036
8,2,0.8759619086832142,0.22187868620113926
8,2,0.8759619086832142,0.22187868620113926
8,2,0.8759619086832142,0.16754938893724036
8,2,0.8974696597517333,0.16754938893724036
8,2,0.8759619086832142,0.16754938893724036
8,2,0.8974696597517333,0.11322009167334146
8,2,0.8974696597517333,0.16754938893724036
8,2,0.8974696597517333,0.16754938893724036
8,2,0.8974696597517333,0.11322009167334146
8,2,0.9189774108202506,0.11322009167334146
8,2,0.8974696597517333,0.11322009167334146
8,2,0.9189774108202506,0.058890794409443004
8,2,0.9189774108202506,0.11322009167334146
8,2,0.9189774108202506,0.11322009167334146
8,2,0.9189774108202506,0.058890794409443004
8,2,0.9404851618887697,0.058890794409443004
8,2,0.9189774108202506,0.058890794409443004
8,2,0.9404851618887697,0.004561497145544102
8,2,0.9404851618887697,0.058890794409443004
8,2,0.9404851618887697,0.058890794409443004
8,2,0.9404851618887697,0.004561497145544102
8,2,0.9619929129572888,0.004561497145544102
8,2,0.9404851618887697,0.004561497145544102
8,3,0.9619929129572888,0.9502321998816452
8,2,0.9619929129572888,0.004561497145544102
8,2,0.9619929129572888,0.004561497145544102
8,3,0.9619929129572888,0.9502321998816452
8,3,0.9835006640258062,0.9502321998816452
8,3,0.9619929129572888,0.9502321998816452
8,3,0.9835006640258062,0.8959029026177467
8,3,0.9835006640258062,0.9502321998816452
8,3,0.9835006640258062,0.9502321998816452
8,3,0.9835006640258062,0.8959029026177467
9,3,0.005008415094325258,0.8959029026177467
8,3,0.9835006640258062,0.8959029026177467
9,3,0.005008415094325258,0.8415736053538478
9,3,0.005008415094325258,0.8959029026177467
9,3,0.005008415094325258,0.8959029026177467
9,3,0.005008415094325258,0.8415736053538478
9,3,0.026516166162844357,0.8415736053538478
8,2,0.8544541576146951,0.22187868620113926
8,2,0.8544541576146951,0.16754938893724036
8,2,0.8759619086832142,0.16754938893724036
8,2,0.8544541576146951,0.16754938893724036
8,2,0.8759619086832142,0.11322009167334146
8,2,0.8759619086832142,0.16754938893724036
8,2,0.8759619086832142,0.16754938893724036
8,2,0.8759619086832142,0.11322009167334146
8,2,0.8974696597517333,0.11322009167334146
8,2,0.8759619086832142,0.11322009167334146
8,2,0.8974696597517333,0.058890794409443004
8,2,0.8974696597517333,0.11322009167334146
8,2,0.8974696597517333,0.11322009167334146
8,2,0.8974696597517333,0.058890794409443004
8,2,0.9189774108202506,0.058890794409443004
8,2,0.8974696597517333,0.058890794409443004
8,2,0.9189774108202506,0.004561497145544102
8,2,0.9189774108202506,0.058890794409443004
8,2,0.9189774108202506,0.058890794409443004
8,2,0.9189774108202506,0.004561497145544102
8,2,0.9404851618887697,0.004561497145544102
8,2,0.9189774108202506,0.004561497145544102
8,3,0.9404851618887697,0.9502321998816452
8,2,0.9404851618887697,0.004561497145544102
8,2,0.9404851618887697,0.004561497145544102
8,3,0.9404851618887697,0.9502321998816452
8,3,0.9619929129572888,0.9502321998816452
8,3,0.9404851618887697,0.9502321998816452
8,3,0.9619929129572888,0.8959029026177467
8,3,0.9619929129572888,0.9502321998816452
8,3,0.9619929129572888,0.9502321998816452
8,3,0.9619929129572888,0.8959029026177467
8,3,0.9835006640258062,0.8959029026177467
8,3,0.9619929129572888,0.8959029026177467
8,3,0.9835006640258062,0.8415736053538478
8,3,0.9835006640258062,0.8959029026177467
8,3,0.9835006640258062,0.8959029026177467
8,3,0.9835006640258062,0.8415736053538478
9,3,0.005008415094325258,0.8415736053538478
8,2,0.8544541576146951,0.16754938893724036
8,2,0.8544541576146951,0.11322009167334146
8,2,0.8759619086832142,0.11322009167334146
8,2,0.8544541576146951,0.11322009167334146
8,2,0.8759619086832142,0.058890794409443004
8,2,0.8759619086832142,0.11322009167334146
8,2,0.8759619086832142,0.11322009167334146
8,2,0.8759619086832142,0.058890794409443004
8,2,0.8974696597517333,0.058890794409443004
8,2,0.8759619086832142,0.058890794409443004
8,2,0.8974696597517333,0.004561497145544102
8,2,0.8974696597517333,0.058890794409443004
8,2,0.8974696597517333,0.058890794409443004
8,2,0.8974696597517333,0.004561497145544102
8,2,0.9189774108202506,0.004561497145544102
8,2,0.8974696597517333,0.004561497145544102
8,3,0.9189774108202506,0.9502321998816452
8,2,0.9189774108202506,0.004561497145544102
8,2,0.9189774108202506,0.004561497145544102
8,3,0.9189774108202506,0.9502321998816452
8,3,0.9404851618887697,0.9502321998816452
8,3,0.9189774108202506,0.9502321998816452
8,3,0.9404851618887697,0.8959029026177467
8,3,0.9404851618887697,0.9502321998816452
8,3,0.9404851618887697,0.9502321998816452
8,3,0.9404851618887697,0.8959029026177467
8,3,0.9619929129572888,0.8959029026177467
8,3,0.9404851618887697,0.8959029026177467
8,3,0.9619929129572888,0.8415736053538478
8,3,0.9619929129572888,0.8959029026177467
8,3,0.9619929129572888,0.8959029026177467
8,3,0.9619929129572888,0.8415736053538478
8,3,0.9835006640258062,0.8415736053538478
8,2,0.8544541576146951,0.11322009167334146
8,2,0.8544541576146951,0.058890794409443004
8,2,0.8759619086832142,0.058890794409443004
8,2,0.8544541576146951,0.058890794409443004
8,2,0.8759619086832142,0.004561497145544102
8,2,0.8759619086832142,0.058890794409443004
8,2,0.8759619086832142,0.058890794409443004
8,2,0.8759619086832142,0.004561497145544102
8,2,0.8974696597517333,0.004561497145544102
8,2,0.8759619086832142,0.004561497145544102
8,3,0.8974696597517333,0.9502321998816452
8,2,0.8974696597517333,0.004561497145544102
8,2,0.8974696597517333,0.004561497145544102
8,3,0.8974696597517333,0.9502321998816452
8,3,0.9189774108202506,0.9502321998816452
8,3,0.8974696597517333,0.9502321998816452
8,3,0.9189774108202506,0.8959029026177467
8,3,0.9189774108202506,0.9502321998816452
8,3,0.9189774108202506,0.9502321998816452
8,3,0.9189774108202506,0.8959029026177467
8,3,0.9404851618887697,0.8959029026177467
8,3,0.9189774108202506,0.8959029026177467
8,3,0.9404851618887697,0.8415736053538478
8,3,0.9404851618887697,0.8959029026177467
8,3,0.9404851618887697,0.8959029026177467
8,3,0.9404851618887697,0.8415736053538478
8,3,0.9619929129572888,0.8415736053538478
8,2,0.8544541576146951,0.058890794409443004
8,2,0.8544541576146951,0.004561497145544102
8,2,0.8759619086832142,0.004561497145544102
8,2,0.8544541576146951,0.004561497145544102
8,3,0.8759619086832142,0.9502321998816452
8,2,0.8759619086832142,0.004561497145544102
8,2,0.8759619086832142,0.004561497145544102
8,3,0.8759619086832142,0.9502321998816452
8,3,0.8974696597517333,0.9502321998816452
8,3,0.8759619086832142,0.9502321998816452
8,3,0.8974696597517333,0.8959029026177467
8,3,0.8974696597517333,0.9502321998816452
8,3,0.8974696597517333,0.9502321998816452
8,3,0.8974696597517333,0.8959029026177467
8,3,0.9189774108202506,0.8959029026177467
8,3,0.8974696597517333,0.8959029026177467
8,3,0.9189774108202506,0.8415736053538478
8,3,0.9189774108202506,0.8959029026177467
8,3,0.9189774108202506,0.8959029026177467
8,3,0.9189774108202506,0.8415736053538478
8,3,0.9404851618887697,0.8415736053538478
8,2,0.8544541576146951,0.004561497145544102
8,3,0.8544541576146951,0.9502321998816452
8,3,0.8759619086832142,0.9502321998816452
8,3,0.8544541576146951,0.9502321998816452
8,3,0.8759619086832142,0.8959029026177467
8,3,0.8759619086832142,0.9502321998816452
8,3,0.8759619086832142,0.9502321998816452
8,3,0.8759619086832142,0.8959029026177467
8,3,0.8974696597517333,0.8959029026177467
8,3,0.8759619086832142,0.8959029026177467
8,3,0.8974696597517333,0.8415736053538478
8,3,0.8974696597517333,0.8959029026177467
8,3,0.8974696597517333,0.8959029026177467
8,3,0.8974696597517333,0.8415736053538478
8,3,0.9189774108202506,0.8415736053538478
8,3,0.8544541576146951,0.9502321998816452
8,3,0.8544541576146951,0.8959029026177467
8,3,0.8759619086832142,0.8959029026177467
8,3,0.8544541576146951,0.8959029026177467
8,3,0.8759619086832142,0.8415736053538478
8,3,0.8759619086832142,0.8959029026177467
8,3,0.8759619086832142,0.8959029026177467
8,3,0.8759619086832142,0.8415736053538478
8,3,0.8974696597517333,0.8415736053538478
8,3,0.8544541576146951,0.8959029026177467
8,3,0.8544541576146951,0.8415736053538478
8,3,0.8759619086832142,0.8415736053538478
9,3,0.026516166162844357,0.8415736053538478
9,3,0.026516166162844357,0.8959029026177467
9,3,0.005008415094325258,0.8959029026177467
9,3,0.026516166162844357,0.8959029026177467
9,3,0.005008415094325258,0.9502321998816452
9,3,0.005008415094325258,0.8959029026177467
9,3,0.005008415094325258,0.8959029026177467
9,3,0.005008415094325258,0.9502321998816452
8,3,0.9835006640258062,0.9502321998816452
9,3,0.005008415094325258,0.9502321998816452
8,2,0.9835006640258062,0.004561497145544102
8,3,0.9835006640258062,0.9502321998816452
8,3,0.9835006640258062,0.9502321998816452
8,2,0.9835006640258062,0.004561497145544102
8,2,0.9619929129572888,0.004561497145544102
8,2,0.9835006640258062,0.004561497145544102
8,2,0.9619929129572888,0.058890794409443004
8,2,0.9619929129572888,0.004561497145544102
8,2,0.9619929129572888,0.004561497145544102
8,2,0.9619929129572888,0.058890794409443004
8,2,0.9404851618887697,0.058890794409443004
8,2,0.9619929129572888,0.058890794409443004
8,2,0.9404851618887697,0.11322009167334146
8,2,0.9404851618887697,0.058890794409443004
8,2,0.9404851618887697,0.058890794409443004
8,2,0.9404851618887697,0.11322009167334146
8,2,0.9189774108202506,0.11322009167334146
8,2,0.9404851618887697,0.11322009167334146
8,2,0.9189774108202506,0.16754938893724036
8,2,0.9189774108202506,0.11322009167334146
8,2,0.9189774108202506,0.11322009167334146
8,2,0.9189774108202506,0.16754938893724036
8,2,0.8974696597517333,0.16754938893724036
8,2,0.9189774108202506,0.16754938893724036
8,2,0.8974696597517333,0.22187868620113926
8,2,0.8974696597517333,0.16754938893724036
8,2,0.8974696597517333,0.16754938893724036
8,2,0.8974696597517333,0.22187868620113926
8,2,0.8759619086832142,0.22187868620113926
8,2,0.8974696597517333,0.22187868620113926
8,2,0.8759619086832142,0.27620798346503816
8,2,0.8759619086832142,0.22187868620113926
8,2,0.8759619086832142,0.22187868620113926
8,2,0.8759619086832142,0.27620798346503816
8,2,0.8544541576146951,0.27620798346503816
9,3,0.026516166162844357,0.8959029026177467
9,3,0.026516166162844357,0.9502321998816452
9,3,0.005008415094325258,0.9502321998816452
9,3,0.026516166162844357,0.9502321998816452
9,2,0.005008415094325258,0.004561497145544102
9,3,0.005008415094325258,0.9502321998816452
9,3,0.005008415094325258,0.9502321998816452
9,2,0.005008415094325258,0.004561497145544102
8,2,0.9835006640258062,0.004561497145544102
9,2,0.005008415094325258,0.004561497145544102
8,2,0.9835006640258062,0.058890794409443004
8,2,0.9835006640258062,0.004561497145544102
8,2,0.9835006640258062,0.004561497145544102
8,2,0.9835006640258062,0.058890794409443004
8,2,0.9619929129572888,0.058890794409443004
8,2,0.9835006640258062,0.058890794409443004
8,2,0.9619929129572888,0.11322009167334146
8,2,0.9619929129572888,0.058890794409443004
8,2,0.9619929129572888,0.058890794409443004
8,2,0.9619929129572888,0.11322009167334146
8,2,0.9404851618887697,0.11322009167334146
8,2,0.9619929129572888,0.11322009167334146
8,2,0.9404851618887697,0.16754938893724036
8,2,0.9404851618887697,0.11322009167334146
8,2,0.9404851618887697,0.11322009167334146
8,2,0.9404851618887697,0.16754938893724036
8,2,0.9189774108202506,0.16754938893724036
8,2,0.9404851618887697,0.16754938893724036
8,2,0.9189774108202506,0.22187868620113926
8,2,0.9189774108202506,0.16754938893724036
8,2,0.9189774108202506,0.16754938893724036
8,2,0.9189774108202506,0.22187868620113926
8,2,0.8974696597517333,0.22187868620113926
8,2,0.9189774108202506,0.22187868620113926
8,2,0.8974696597517333,0.27620798346503816
8,2,0.8974696597517333,0.22187868620113926
8,2,0.8974696597517333,0.22187868620113926
8,2,0.8974696597517333,0.27620798346503816
8,2,0.8759619086832142,0.27620798346503816
9,3,0.026516166162844357,0.9502321998816452
9,2,0.026516166162844357,0.004561497145544102
9,2,0.005008415094325258,0.004561497145544102
9,2,0.026516166162844357,0.004561497145544102
9,2,0.005008415094325258,0.058890794409443004
9,2,0.005008415094325258,0.004561497145544102
9,2,0.005008415094325258,0.004561497145544102
9,2,0.005008415094325258,0.058890794409443004
8,2,0.9835006640258062,0.058890794409443004
9,2,0.005008415094325258,0.058890794409443004
8,2,0.9835006640258062,0.11322009167334146
8,2,0.9835006640258062,0.058890794409443004
8,2,0.9835006640258062,0.058890794409443004
8,2,0.9835006640258062,0.11322009167334146
8,2,0.9619929129572888,0.11322009167334146
8,2,0.9835006640258062,0.11322009167334146
8,2,0.9619929129572888,0.16754938893724036
8,2,0.9619929129572888,0.11322009167334146
8,2,0.9619929129572888,0.11322009167334146
8,2,0.9619929129572888,0.16754938893724036
8,2,0.9404851618887697,0.16754938893724036
8,2,0.9619929129572888,0.16754938893724036
8,2,0.9404851618887697,0.22187868620113926
8,2,0.9404851618887697,0.16754938893724036
8,2,0.9404851618887697,0.16754938893724036
8,2,0.9404851618887697,0.22187868620113926
8,2,0.9189774108202506,0.22187868620113926
8,2,0.9404851618887697,0.22187868620113926
8,2,0.9189774108202506,0.27620798346503816
8,2,0.9189774108202506,0.22187868620113926
8,2,0.9189774108202506,0.22187868620113926
8,2,0.9189774108202506,0.27620798346503816
8,2,0.8974696597517333,0.27620798346503816
9,2,0.026516166162844357,0.004561497145544102
9,2,0.026516166162844357,0.058890794409443004
9,2,0.005008415094325258,0.058890794409443004
9,2,0.026516166162844357,0.058890794409443004
9,2,0.005008415094325258,0.11322009167334146
9,2,0.005008415094325258,0.058890794409443004
9,2,0.005008415094325258,0.058890794409443004
9,2,0.005008415094325258,0.11322009167334146
8,2,0.9835006640258062,0.11322009167334146
9,2,0.005008415094325258,0.11322009167334146
8,2,0.9835006640258062,0.16754938893724036
8,2,0.9835006640258062,0.11322009167334146
8,2,0.9835006640258062,0.11322009167334146
8,2,0.9835006640258062,0.16754938893724036
8,2,0.9619929129572888,0.16754938893724036
8,2,0.9835006640258062,0.16754938893724036
8,2,0.9619929129572888,0.22187868620113926
8,2,0.9619929129572888,0.16754938893724036
8,2,0.9619929129572888,0.16754938893724036
8,2,0.9619929129572888,0.22187868620113926
8,2,0.9404851618887697,0.22187868620113926
8,2,0.9619929129572888,0.22187868620113926
8,2,0.9404851618887697,0.27620798346503816
8,2,0.9404851618887697,0.22187868620113926
8,2,0.9404851618887697,0.22187868620113926
8,2,0.9404851618887697,0.27620798346503816
8,2,0.9189774108202506,0.27620798346503816
9,2,0.026516166162844357,0.058890794409443004
9,2,0.026516166162844357,0.11322009167334146
9,2,0.005008415094325258,0.11322009167334146
9,2,0.026516166162844357,0.11322009167334146
9,2,0.005008415094325258,0.16754938893724036
9,2,0.005008415094325258,0.11322009167334146
9,2,0.005008415094325258,0.11322009167334146
9,2,0.005008415094325258,0.16754938893724036
8,2,0.9835006640258062,0.16754938893724036
9,2,0.005008415094325258,0.16754938893724036
8,2,0.9835006640258062,0.22187868620113926
8,2,0.9835006640258062,0.16754938893724036
8,2,0.9835006640258062,0.16754938893724036
8,2,0.9835006640258062,0.22187868620113926
8,2,0.9619929129572888,0.22187868620113926
8,2,0.9835006640258062,0.22187868620113926
8,2,0.9619929129572888,0.27620798346503816
8,2,0.9619929129572888,0.22187868620113926
8,2,0.9619929129572888,0.22187868620113926
8,2,0.9619929129572888,0.27620798346503816
8,2,0.9404851618887697,0.27620798346503816
9,2,0.026516166162844357,0.11322009167334146
9,2,0.026516166162844357,0.16754938893724036
9,2,0.005008415094325258,0.16754938893724036
9,2,0.026516166162844357,0.16754938893724036
9,2,0.005008415094325258,0.22187868620113926
9,2,0.005008415094325258,0.16754938893724036
9,2,0.005008415094325258,0.16754938893724036
9,2,0.005008415094325258,0.22187868620113926
8,2,0.9835006640258062,0.22187868620113926
9,2,0.005008415094325258,0.22187868620113926
8,2,0.9835006640258062,0.27620798346503816
8,2,0.9835006640258062,0.22187868620113926
8,2,0.9835006640258062,0.22187868620113926
8,2,0.9835006640258062,0.27620798346503816
8,2,0.9619929129572888,0.27620798346503816
9,2,0.026516166162844357,0.16754938893724036
9,2,0.026516166162844357,0.22187868620113926
9,2,0.005008415094325258,0.22187868620113926
9,2,0.026516166162844357,0.22187868620113926
9,2,0.005008415094325258,0.27620798346503816
9,2,0.005008415094325258,0.22187868620113926
9,2,0.005008415094325258,0.22187868620113926
9,2,0.005008415094325258,0.27620798346503816
8,2,0.9835006640258062,0.27620798346503816
9,2,0.026516166162844357,0.22187868620113926
9,2,0.026516166162844357,0.27620798346503816
9,2,0.005008415094325258,0.27620798346503816
7,2,0.7999999999999998,0.1299999999999999
7,2,0.716580090694845,0.04385215387090735
7,2,0.716580090694845,0.21614784612909244
7,2,0.8834199093051547,0.04385215387090735
7,2,0.8834199093051547,0.21614784612909244
7,2,0.804517270002779,0.29936556329790687
7,2,0.7642528442901986,0.29936556329790687
7,2,0.7642528442901986,0.25662646210769147
7,2,0.7642528442901986,0.29936556329790687
7,2,0.7239884185776182,0.25662646210769147
7,2,0.7642528442901986,0.25662646210769147
7,2,0.7642528442901986,0.25662646210769147
7,2,0.7239884185776182,0.25662646210769147
7,2,0.7239884185776182,0.21388736091747607
7,2,0.7239884185776182,0.25662646210769147
7,2,0.6837239928650378,0.21388736091747607
7,2,0.7239884185776182,0.21388736091747607
7,2,0.7239884185776182,0.21388736091747607
7,2,0.6837239928650378,0.21388736091747607
7,2,0.6837239928650378,0.1711482597272611
7,2,0.6837239928650378,0.21388736091747607
7,2,0.6434595671524574,0.1711482597272611
7,2,0.6837239928650378,0.1711482597272611
7,2,0.6837239928650378,0.1711482597272611
7,2,0.6434595671524574,0.1711482597272611
7,2,0.6434595671524574,0.1284091585370457
7,2,0.7642528442901986,0.29936556329790687
7,2,0.7239884185776182,0.29936556329790687
7,2,0.7239884185776182,0.25662646210769147
7,2,0.7239884185776182,0.29936556329790687
7,2,0.6837239928650378,0.25662646210769147
7,2,0.7239884185776182,0.25662646210769147
7,2,0.7239884185776182,0.25662646210769147
7,2,0.6837239928650378,0.25662646210769147
7,2,0.6837239928650378,0.21388736091747607
7,2,0.6837239928650378,0.25662646210769147
7,2,0.6434595671524574,0.21388736091747607
7,2,0.6837239928650378,0.21388736091747607
7,2,0.6837239928650378,0.21388736091747607
7,2,0.6434595671524574,0.21388736091747607
7,2,0.6434595671524574,0.1711482597272611
7,2,0.7239884185776182,0.29936556329790687
7,2,0.6837239928650378,0.29936556329790687
7,2,0.6837239928650378,0.25662646210769147
7,2,0.6837239928650378,0.29936556329790687
7,2,0.6434595671524574,0.25662646210769147
7,2,0.6837239928650378,0.25662646210769147
7,2,0.6837239928650378,0.25662646210769147
7,2,0.6434595671524574,0.25662646210769147
7,2,0.6434595671524574,0.21388736091747607
7,2,0.6837239928650378,0.29936556329790687
7,2,0.6434595671524574,0.29936556329790687
7,2,0.6434595671524574,0.25662646210769147
7,2,0.6434595671524574,0.1284091585370457
7,2,0.6837239928650378,0.1284091585370457
7,2,0.6837239928650378,0.1711482597272611
7,2,0.6837239928650378,0.1284091585370457
7,2,0.7239884185776182,0.1711482597272611
7,2,0.6837239928650378,0.1711482597272611
7,2,0.6837239928650378,0.1711482597272611
7,2,0.7239884185776182,0.1711482597272611
7,2,0.7239884185776182,0.21388736091747607
7,2,0.7239884185776182,0.1711482597272611
7,2,0.7642528442901986,0.21388736091747607
7,2,0.7239884185776182,0.21388736091747607
7,2,0.7239884185776182,0.21388736091747607
7,2,0.7642528442901986,0.21388736091747607
7,2,0.7642528442901986,0.25662646210769147
7,2,0.7642528442901986,0.21388736091747607
7,2,0.804517270002779,0.25662646210769147
7,2,0.7642528442901986,0.25662646210769147
7,2,0.7642528442901986,0.25662646210769147
7,2,0.804517270002779,0.25662646210769147
7,2,0.804517270002779,0.29936556329790687
7,2,0.6837239928650378,0.1284091585370457
7,2,0.7239884185776182,0.1284091585370457
7,2,0.7239884185776182,0.1711482597272611
7,2,0.7239884185776182,0.1284091585370457
7,2,0.7642528442901986,0.1711482597272611
7,2,0.7239884185776182,0.1711482597272611
7,2,0.7239884185776182,0.1711482597272611
7,2,0.7642528442901986,0.1711482597272611
7,2,0.7642528442901986,0.21388736091747607
7,2,0.7642528442901986,0.1711482597272611
7,2,0.804517270002779,0.21388736091747607
7,2,0.7642528442901986,0.21388736091747607
7,2,0.7642528442901986,0.21388736091747607
7,2,0.804517270002779,0.21388736091747607
7,2,0.804517270002779,0.25662646210769147
7,2,0.7239884185776182,0.1284091585370457
7,2,0.7642528442901986,0.1284091585370457
7,2,0.7642528442901986,0.1711482597272611
7,2,0.7642528442901986,0.1284091585370457
7,2,0.804517270002779,0.1711482597272611
7,2,0.7642528442901986,0.1711482597272611
7,2,0.7642528442901986,0.1711482597272611
7,2,0.804517270002779,0.1711482597272611
7,2,0.804517270002779,0.21388736091747607
7,2,0.7642528442901986,0.1284091585370457
7,2,0.804517270002779,0.1284091585370457
7,2,0.804517270002779,0.1711482597272611
7,2,0.804517270002779,0.1284091585370457
7,2,0.7642528442901986,0.1284091585370457
7,2,0.7642528442901986,0.0856846142614045
7,2,0.7642528442901986,0.1284091585370457
7,2,0.7239884185776182,0.0856846142614045
7,2,0.7642528442901986,0.0856846142614045
7,2,0.7642528442901986,0.0856846142614045
7,2,0.7239884185776182,0.0856846142614045
7,2,0.7239884185776182,0.04296006998576374
7,2,0.7239884185776182,0.0856846142614045
7,2,0.6837239928650378,0.04296006998576374
7,2,0.7239884185776182,0.04296006998576374
7,2,0.7239884185776182,0.04296006998576374
7,2,0.6837239928650378,0.04296006998576374
7,2,0.6837239928650378,0.00023552571012253054
7,2,0.6837239928650378,0.04296006998576374
7,2,0.6434595671524574,0.00023552571012253054
7,2,0.6837239928650378,0.00023552571012253054
7,2,0.6837239928650378,0.00023552571012253054
7,2,0.6434595671524574,0.00023552571012253054
7,3,0.6434595671524574,0.9575109814344818
7,2,0.7642528442901986,0.1284091585370457
7,2,0.7239884185776182,0.1284091585370457
7,2,0.7239884185776182,0.0856846142614045
7,2,0.7239884185776182,0.1284091585370457
7,2,0.6837239928650378,0.0856846142614045
7,2,0.7239884185776182,0.0856846142614045
7,2,0.7239884185776182,0.0856846142614045
7,2,0.6837239928650378,0.0856846142614045
7,2,0.6837239928650378,0.04296006998576374
7,2,0.6837239928650378,0.0856846142614045
7,2,0.6434595671524574,0.04296006998576374
7,2,0.6837239928650378,0.04296006998576374
7,2,0.6837239928650378,0.04296006998576374
7,2,0.6434595671524574,0.04296006998576374
7,2,0.6434595671524574,0.00023552571012253054
7,2,0.7239884185776182,0.1284091585370457
7,2,0.6837239928650378,0.1284091585370457
7,2,0.6837239928650378,0.0856846142614045
7,2,0.6837239928650378,0.1284091585370457
7,2,0.6434595671524574,0.0856846142614045
7,2,0.6837239928650378,0.0856846142614045
7,2,0.6837239928650378,0.0856846142614045
7,2,0.6434595671524574,0.0856846142614045
7,2,0.6434595671524574,0.04296006998576374
7,2,0.6837239928650378,0.1284091585370457
7,2,0.6434595671524574,0.1284091585370457
7,2,0.6434595671524574,0.0856846142614045
7,3,0.6434595671524574,0.9575109814344818
7,3,0.6837239928650378,0.9575109814344818
7,2,0.6837239928650378,0.00023552571012253054
7,3,0.6837239928650378,0.9575109814344818
7,2,0.7239884185776182,0.00023552571012253054
7,2,0.6837239928650378,0.00023552571012253054
7,2,0.6837239928650378,0.00023552571012253054
7,2,0.7239884185776182,0.00023552571012253054
7,2,0.7239884185776182,0.04296006998576374
7,2,0.7239884185776182,0.00023552571012253054
7,2,0.7642528442901986,0.04296006998576374
7,2,0.7239884185776182,0.04296006998576374
7,2,0.7239884185776182,0.04296006998576374
7,2,0.7642528442901986,0.04296006998576374
7,2,0.7642528442901986,0.0856846142614045
7,2,0.7642528442901986,0.04296006998576374
7,2,0.804517270002779,0.0856846142614045
7,2,0.7642528442901986,0.0856846142614045
7,2,0.7642528442901986,0.0856846142614045
7,2,0.804517270002779,0.0856846142614045
7,2,0.804517270002779,0.1284091585370457
7,3,0.6837239928650378,0.9575109814344818
7,3,0.7239884185776182,0.9575109814344818
7,2,0.7239884185776182,0.00023552571012253054
7,3,0.7239884185776182,0.9575109814344818
7,2,0.7642528442901986,0.00023552571012253054
7,2,0.7239884185776182,0.00023552571012253054
7,2,0.7239884185776182,0.00023552571012253054
7,2,0.7642528442901986,0.00023552571012253054
7,2,0.7642528442901986,0.04296006998576374
7,2,0.7642528442901986,0.00023552571012253054
7,2,0.804517270002779,0.04296006998576374
7,2,0.7642528442901986,0.04296006998576374
7,2,0.7642528442901986,0.04296006998576374
7,2,0.804517270002779,0.04296006998576374
7,2,0.804517270002779,0.0856846142614045
7,3,0.7239884185776182,0.9575109814344818
7,3,0.7642528442901986,0.9575109814344818
7,2,0.7642528442901986,0.00023552571012253054
7,3,0.7642528442901986,0.9575109814344818
7,2,0.804517270002779,0.00023552571012253054
7,2,0.7642528442901986,0.00023552571012253054
7,2,0.7642528442901986,0.00023552571012253054
7,2,0.804517270002779,0.00023552571012253054
7,2,0.804517270002779,0.04296006998576374
7,3,0.7642528442901986,0.9575109814344818
7,3,0.804517270002779,0.9575109814344818
7,2,0.804517270002779,0.00023552571012253054
7,2,0.804517270002779,0.29936556329790687
7,2,0.804517270002779,0.25662646210769147
7,2,0.84475258188621,0.25662646210769147
7,2,0.804517270002779,0.25662646210769147
7,2,0.84475258188621,0.21388736091747607
7,2,0.84475258188621,0.25662646210769147
7,2,0.84475258188621,0.25662646210769147
7,2,0.84475258188621,0.21388736091747607
7,2,0.884987893769642,0.21388736091747607
7,2,0.84475258188621,0.21388736091747607
7,2,0.884987893769642,0.1711482597272611
7,2,0.884987893769642,0.21388736091747607
7,2,0.884987893769642,0.21388736091747607
7,2,0.884987893769642,0.1711482597272611
7,2,0.9252232056530731,0.1711482597272611
7,2,0.884987893769642,0.1711482597272611
7,2,0.9252232056530731,0.1284091585370457
7,2,0.9252232056530731,0.1711482597272611
7,2,0.9252232056530731,0.1711482597272611
7,2,0.9252232056530731,0.1284091585370457
7,2,0.9654585175365051,0.1284091585370457
7,2,0.804517270002779,0.25662646210769147
7,2,0.804517270002779,0.21388736091747607
7,2,0.84475258188621,0.21388736091747607
7,2,0.804517270002779,0.21388736091747607
7,2,0.84475258188621,0.1711482597272611
7,2,0.84475258188621,0.21388736091747607
7,2,0.84475258188621,0.21388736091747607
7,2,0.84475258188621,0.1711482597272611
7,2,0.884987893769642,0.1711482597272611
7,2,0.84475258188621,0.1711482597272611
7,2,0.884987893769642,0.1284091585370457
7,2,0.884987893769642,0.1711482597272611
7,2,0.884987893769642,0.1711482597272611
7,2,0.884987893769642,0.1284091585370457
7,2,0.9252232056530731,0.1284091585370457
7,2,0.804517270002779,0.21388736091747607
7,2,0.804517270002779,0.1711482597272611
7,2,0.84475258188621,0.1711482597272611
7,2,0.804517270002779,0.1711482597272611
7,2,0.84475258188621,0.1284091585370457
7,2,0.84475258188621,0.1711482597272611
7,2,0.84475258188621,0.1711482597272611
7,2,0.84475258188621,0.1284091585370457
7,2,0.884987893769642,0.1284091585370457
7,2,0.804517270002779,0.1711482597272611
7,2,0.804517270002779,0.1284091585370457
7,2,0.84475258188621,0.1284091585370457
7,2,0.9654585175365051,0.1284091585370457
7,2,0.9654585175365051,0.1711482597272611
7,2,0.9252232056530731,0.1711482597272611
7,2,0.9654585175365051,0.1711482597272611
7,2,0.9252232056530731,0.21388736091747607
7,2,0.9252232056530731,0.1711482597272611
7,2,0.9252232056530731,0.1711482597272611
7,2,0.9252232056530731,0.21388736091747607
7,2,0.884987893769642,0.21388736091747607
7,2,0.9252232056530731,0.21388736091747607
7,2,0.884987893769642,0.25662646210769147
7,2,0.884987893769642,0.21388736091747607
7,2,0.884987893769642,0.21388736091747607
7,2,0.884987893769642,0.25662646210769147
7,2,0.84475258188621,0.25662646210769147
7,2,0.884987893769642,0.25662646210769147
7,2,0.84475258188621,0.29936556329790687
7,2,0.84475258188621,0.25662646210769147
7,2,0.84475258188621,0.25662646210769147
7,2,0.84475258188621,0.29936556329790687
7,2,0.804517270002779,0.29936556329790687
7,2,0.9654585175365051,0.1711482597272611
7,2,0.9654585175365051,0.21388736091747607
7,2,0.9252232056530731,0.21388736091747607
7,2,0.9654585175365051,0.21388736091747607
7,2,0.9252232056530731,0.25662646210769147
7,2,0.9252232056530731,0.21388736091747607
7,2,0.9252232056530731,0.21388736091747607
7,2,0.9252232056530731,0.25662646210769147
7,2,0.884987893769642,0.25662646210769147
7,2,0.9252232056530731,0.25662646210769147
7,2,0.884987893769642,0.29936556329790687
7,2,0.884987893769642,0.25662646210769147
7,2,0.884987893769642,0.25662646210769147
7,2,0.884987893769642,0.29936556329790687
7,2,0.84475258188621,0.29936556329790687
7,2,0.9654585175365051,0.21388736091747607
7,2,0.9654585175365051,0.25662646210769147
7,2,0.9252232056530731,0.25662646210769147
7,2,0.9654585175365051,0.25662646210769147
7,2,0.9252232056530731,0.29936556329790687
7,2,0.9252232056530731,0.25662646210769147
7,2,0.9252232056530731,0.25662646210769147
7,2,0.9252232056530731,0.29936556329790687
7,2,0.884987893769642,0.29936556329790687
7,2,0.9654585175365051,0.25662646210769147
7,2,0.9654585175365051,0.29936556329790687
7,2,0.9252232056530731,0.29936556329790687
7,2,0.804517270002779,0.1284091585370457
7,2,0.804517270002779,0.0856846142614045
7,2,0.84475258188621,0.0856846142614045
7,2,0.804517270002779,0.0856846142614045
7,2,0.84475258188621,0.04296006998576374
7,2,0.84475258188621,0.0856846142614045
7,2,0.84475258188621,0.0856846142614045
7,2,0.84475258188621,0.04296006998576374
7,2,0.884987893769642,0.04296006998576374
7,2,0.84475258188621,0.04296006998576374
7,2,0.884987893769642,0.00023552571012253054
7,2,0.884987893769642,0.04296006998576374
7,2,0.884987893769642,0.04296006998576374
7,2,0.884987893769642,0.00023552571012253054
7,2,0.9252232056530731,0.00023552571012253054
7,2,0.884987893769642,0.00023552571012253054
7,3,0.9252232056530731,0.9575109814344818
7,2,0.9252232056530731,0.00023552571012253054
7,2,0.9252232056530731,0.00023552571012253054
7,3,0.9252232056530731,0.9575109814344818
7,3,0.9654585175365051,0.9575109814344818
7,2,0.804517270002779,0.0856846142614045
7,2,0.804517270002779,0.04296006998576374
7,2,0.84475258188621,0.04296006998576374
7,2,0.804517270002779,0.04296006998576374
7,2,0.84475258188621,0.00023552571012253054
7,2,0.84475258188621,0.04296006998576374
7,2,0.84475258188621,0.04296006998576374
7,2,0.84475258188621,0.00023552571012253054
7,2,0.884987893769642,0.00023552571012253054
7,2,0.84475258188621,0.00023552571012253054
7,3,0.884987893769642,0.9575109814344818
7,2,0.884987893769642,0.00023552571012253054
7,2,0.884987893769642,0.00023552571012253054
7,3,0.884987893769642,0.9575109814344818
7,3,0.9252232056530731,0.9575109814344818
7,2,0.804517270002779,0.04296006998576374
7,2,0.804517270002779,0.00023552571012253054
7,2,0.84475258188621,0.00023552571012253054
7,2,0.804517270002779,0.00023552571012253054
7,3,0.84475258188621,0.9575109814344818
7,2,0.84475258188621,0.00023552571012253054
7,2,0.84475258188621,0.00023552571012253054
7,3,0.84475258188621,0.9575109814344818
7,3,0.884987893769642,0.9575109814344818
7,2,0.804517270002779,0.00023552571012253054
7,3,0.804517270002779,0.9575109814344818
7,3,0.84475258188621,0.9575109814344818
7,3,0.9654585175365051,0.9575109814344818
7,2,0.9654585175365051,0.00023552571012253054
7,2,0.9252232056530731,0.00023552571012253054
7,2,0.9654585175365051,0.00023552571012253054
7,2,0.9252232056530731,0.04296006998576374
7,2,0.9252232056530731,0.00023552571012253054
7,2,0.9252232056530731,0.00023552571012253054
7,2,0.9252232056530731,0.04296006998576374
7,2,0.884987893769642,0.04296006998576374
7,2,0.9252232056530731,0.04296006998576374
7,2,0.884987893769642,0.0856846142614045
7,2,0.884987893769642,0.04296006998576374
7,2,0.884987893769642,0.04296006998576374
7,2,0.884987893769642,0.0856846142614045
7,2,0.84475258188621,0.0856846142614045
7,2,0.884987893769642,0.0856846142614045
7,2,0.84475258188621,0.1284091585370457
7,2,0.84475258188621,0.0856846142614045
7,2,0.84475258188621,0.0856846142614045
7,2,0.84475258188621,0.1284091585370457
7,2,0.804517270002779,0.1284091585370457
7,2,0.9654585175365051,0.00023552571012253054
7,2,0.9654585175365051,0.04296006998576374
7,2,0.9252232056530731,0.04296006998576374
7,2,0.9654585175365051,0.04296006998576374
7,2,0.9252232056530731,0.0856846142614045
7,2,0.9252232056530731,0.04296006998576374
7,2,0.9252232056530731,0.04296006998576374
7,2,0.9252232056530731,0.0856846142614045
7,2,0.884987893769642,0.0856846142614045
7,2,0.9252232056530731,0.0856846142614045
7,2,0.884987893769642,0.1284091585370457
7,2,0.884987893769642,0.0856846142614045
7,2,0.884987893769642,0.0856846142614045
7,2,0.884987893769642,0.1284091585370457
7,2,0.84475258188621,0.1284091585370457
7,2,0.9654585175365051,0.04296006998576374
7,2,0.9654585175365051,0.0856846142614045
7,2,0.9252232056530731,0.0856846142614045
7,2,0.9654585175365051,0.0856846142614045
7,2,0.9252232056530731,0.1284091585370457
7,2,0.9252232056530731,0.0856846142614045
7,2,0.9252232056530731,0.0856846142614045
7,2,0.9252232056530731,0.1284091585370457
7,2,0.884987893769642,0.1284091585370457
7,2,0.9654585175365051,0.0856846142614045
7,2,0.9654585175365051,0.1284091585370457
7,2,0.9252232056530731,0.1284091585370457
8,2,0.35999999999999943,0.20000000000000018
8,2,0.2591844910945422,0.11254748491299393
8,2,0.2591844910945422,0.2874525150870064
8,2,0.46081550890545664,0.11254748491299393
8,2,0.46081550890545664,0.2874525150870064
8,2,0.3599859729548829,0.015918564002151303
8,2,0.40021922806206334,0.015918564002151303
8,2,0.40021922806206334,0.05865702179497578
8,2,0.40021922806206334,0.015918564002151303
8,2,0.4404524831692438,0.05865702179497578
8,2,0.40021922806206334,0.05865702179497578
8,2,0.40021922806206334,0.05865702179497578
8,2,0.4404524831692438,0.05865702179497578
8,2,0.4404524831692438,0.10139547958779982
8,2,0.4404524831692438,0.05865702179497578
8,2,0.48068573827642247,0.10139547958779982
8,2,0.4404524831692438,0.10139547958779982
8,2,0.4404524831692438,0.10139547958779982
8,2,0.48068573827642247,0.10139547958779982
8,2,0.48068573827642247,0.1441339373806243
8,2,0.48068573827642247,0.10139547958779982
8,2,0.5209189933836029,0.1441339373806243
8,2,0.48068573827642247,0.1441339373806243
8,2,0.48068573827642247,0.1441339373806243
8,2,0.5209189933836029,0.1441339373806243
8,2,0.5209189933836029,0.18687239517344878
8,2,0.40021922806206334,0.015918564002151303
8,2,0.4404524831692438,0.015918564002151303
8,2,0.4404524831692438,0.05865702179497578
8,2,0.4404524831692438,0.015918564002151303
8,2,0.48068573827642247,0.05865702179497578
8,2,0.4404524831692438,0.05865702179497578
8,2,0.4404524831692438,0.05865702179497578
8,2,0.48068573827642247,0.05865702179497578
8,2,0.48068573827642247,0.10139547958779982
8,2,0.48068573827642247,0.05865702179497578
8,2,0.5209189933836029,0.10139547958779982
8,2,0.48068573827642247,0.10139547958779982
8,2,0.48068573827642247,0.10139547958779982
8,2,0.5209189933836029,0.10139547958779982
8,2,0.5209189933836029,0.1441339373806243
8,2,0.4404524831692438,0.015918564002151303
8,2,0.48068573827642247,0.015918564002151303
8,2,0.48068573827642247,0.05865702179497578
8,2,0.48068573827642247,0.015918564002151303
8,2,0.5209189933836029,0.05865702179497578
8,2,0.48068573827642247,0.05865702179497578
8,2,0.48068573827642247,0.05865702179497578
8,2,0.5209189933836029,0.05865702179497578
8,2,0.5209189933836029,0.10139547958779982
8,2,0.48068573827642247,0.015918564002151303
8,2,0.5209189933836029,0.015918564002151303
8,2,0.5209189933836029,0.05865702179497578
8,2,0.5209189933836029,0.18687239517344878
8,2,0.48068573827642247,0.18687239517344878
8,2,0.48068573827642247,0.1441339373806243
8,2,0.48068573827642247,0.18687239517344878
8,2,0.4404524831692438,0.1441339373806243
8,2,0.48068573827642247,0.1441339373806243
8,2,0.48068573827642247,0.1441339373806243
8,2,0.4404524831692438,0.1441339373806243
8,2,0.4404524831692438,0.10139547958779982
8,2,0.4404524831692438,0.1441339373806243
8,2,0.40021922806206334,0.10139547958779982
8,2,0.4404524831692438,0.10139547958779982
8,2,0.4404524831692438,0.10139547958779982
8,2,0.40021922806206334,0.10139547958779982
8,2,0.40021922806206334,0.05865702179497578
8,2,0.40021922806206334,0.10139547958779982
8,2,0.3599859729548829,0.05865702179497578
8,2,0.40021922806206334,0.05865702179497578
8,2,0.40021922806206334,0.05865702179497578
8,2,0.3599859729548829,0.05865702179497578
8,2,0.3599859729548829,0.015918564002151303
8,2,0.48068573827642247,0.18687239517344878
8,2,0.4404524831692438,0.18687239517344878
8,2,0.4404524831692438,0.1441339373806243
8,2,0.4404524831692438,0.18687239517344878
8,2,0.40021922806206334,0.1441339373806243
8,2,0.4404524831692438,0.1441339373806243
8,2,0.4404524831692438,0.1441339373806243
8,2,0.40021922806206334,0.1441339373806243
8,2,0.40021922806206334,0.10139547958779982
8,2,0.40021922806206334,0.1441339373806243
8,2,0.3599859729548829,0.10139547958779982
8,2,0.40021922806206334,0.10139547958779982
8,2,0.40021922806206334,0.10139547958779982
8,2,0.3599859729548829,0.10139547958779982
8,2,0.3599859729548829,0.05865702179497578
8,2,0.4404524831692438,0.18687239517344878
8,2,0.40021922806206334,0.18687239517344878
8,2,0.40021922806206334,0.1441339373806243
8,2,0.40021922806206334,0.18687239517344878
8,2,0.3599859729548829,0.1441339373806243
8,2,0.40021922806206334,0.1441339373806243
8,2,0.40021922806206334,0.1441339373806243
8,2,0.3599859729548829,0.1441339373806243
8,2,0.3599859729548829,0.10139547958779982
8,2,0.40021922806206334,0.18687239517344878
8,2,0.3599859729548829,0.18687239517344878
8,2,0.3599859729548829,0.1441339373806243
8,2,0.3599859729548829,0.18687239517344878
8,2,0.40021922806206334,0.18687239517344878
8,2,0.40021922806206334,0.22959585175258646
8,2,0.40021922806206334,0.18687239517344878
8,2,0.4404524831692438,0.22959585175258646
8,2,0.40021922806206334,0.22959585175258646
8,2,0.40021922806206334,0.22959585175258646
8,2,0.4404524831692438,0.22959585175258646
8,2,0.4404524831692438,0.27231930833172413
8,2,0.4404524831692438,0.22959585175258646
8,2,0.48068573827642247,0.27231930833172413
8,2,0.4404524831692438,0.27231930833172413
8,2,0.4404524831692438,0.27231930833172413
8,2,0.48068573827642247,0.27231930833172413
8,2,0.48068573827642247,0.31504276491086225
8,2,0.48068573827642247,0.27231930833172413
8,2,0.5209189933836029,0.31504276491086225
8,2,0.48068573827642247,0.31504276491086225
8,2,0.48068573827642247,0.31504276491086225
8,2,0.5209189933836029,0.31504276491086225
8,2,0.5209189933836029,0.3577662214899999
8,2,0.40021922806206334,0.18687239517344878
8,2,0.4404524831692438,0.18687239517344878
8,2,0.4404524831692438,0.22959585175258646
8,2,0.4404524831692438,0.18687239517344878
8,2,0.48068573827642247,0.22959585175258646
8,2,0.4404524831692438,0.22959585175258646
8,2,0.4404524831692438,0.22959585175258646
8,2,0.48068573827642247,0.22959585175258646
8,2,0.48068573827642247,0.27231930833172413
8,2,0.48068573827642247,0.22959585175258646
8,2,0.5209189933836029,0.27231930833172413
8,2,0.48068573827642247,0.27231930833172413
8,2,0.48068573827642247,0.27231930833172413
8,2,0.5209189933836029,0.27231930833172413
8,2,0.5209189933836029,0.31504276491086225
8,2,0.4404524831692438,0.18687239517344878
8,2,0.48068573827642247,0.18687239517344878
8,2,0.48068573827642247,0.22959585175258646
8,2,0.48068573827642247,0.18687239517344878
8,2,0.5209189933836029,0.22959585175258646
8,2,0.48068573827642247,0.22959585175258646
8,2,0.48068573827642247,0.22959585175258646
8,2,0.5209189933836029,0.22959585175258646
8,2,0.5209189933836029,0.27231930833172413
8,2,0.48068573827642247,0.18687239517344878
8,2,0.5209189933836029,0.18687239517344878
8,2,0.5209189933836029,0.22959585175258646
8,2,0.5209189933836029,0.3577662214899999
8,2,0.48068573827642247,0.3577662214899999
8,2,0.48068573827642247,0.31504276491086225
8,2,0.48068573827642247,0.3577662214899999
8,2,0.4404524831692438,0.31504276491086225
8,2,0.48068573827642247,0.31504276491086225
8,2,0.48068573827642247,0.31504276491086225
8,2,0.4404524831692438,0.31504276491086225
8,2,0.4404524831692438,0.27231930833172413
8,2,0.4404524831692438,0.31504276491086225
8,2,0.40021922806206334,0.27231930833172413
8,2,0.4404524831692438,0.27231930833172413
8,2,0.4404524831692438,0.27231930833172413
8,2,0.40021922806206334,0.27231930833172413
8,2,0.40021922806206334,0.22959585175258646
8,2,0.40021922806206334,0.27231930833172413
8,2,0.3599859729548829,0.22959585175258646
8,2,0.40021922806206334,0.22959585175258646
8,2,0.40021922806206334,0.22959585175258646
8,2,0.3599859729548829,0.22959585175258646
8,2,0.3599859729548829,0.18687239517344878
8,2,0.48068573827642247,0.3577662214899999
8,2,0.4404524831692438,0.3577662214899999
8,2,0.4404524831692438,0.31504276491086225
8,2,0.4404524831692438,0.3577662214899999
8,2,0.40021922806206334,0.31504276491086225
8,2,0.4404524831692438,0.31504276491086225
8,2,0.4404524831692438,0.31504276491086225
8,2,0.40021922806206334,0.31504276491086225
8,2,0.40021922806206334,0.27231930833172413
8,2,0.40021922806206334,0.31504276491086225
8,2,0.3599859729548829,0.27231930833172413
8,2,0.40021922806206334,0.27231930833172413
8,2,0.40021922806206334,0.27231930833172413
8,2,0.3599859729548829,0.27231930833172413
8,2,0.3599859729548829,0.22959585175258646
8,2,0.4404524831692438,0.3577662214899999
8,2,0.40021922806206334,0.3577662214899999
8,2,0.40021922806206334,0.31504276491086225
8,2,0.40021922806206334,0.3577662214899999
8,2,0.3599859729548829,0.31504276491086225
8,2,0.40021922806206334,0.31504276491086225
8,2,0.40021922806206334,0.31504276491086225
8,2,0.3599859729548829,0.31504276491086225
8,2,0.3599859729548829,0.27231930833172413
8,2,0.40021922806206334,0.3577662214899999
8,2,0.3599859729548829,0.3577662214899999
8,2,0.3599859729548829,0.31504276491086225
8,2,0.3599859729548829,0.015918564002151303
8,2,0.3599859729548829,0.05865702179497578
8,2,0.3197227154203315,0.05865702179497578
8,2,0.3599859729548829,0.05865702179497578
8,2,0.3197227154203315,0.10139547958779982
8,2,0.3197227154203315,0.05865702179497578
8,2,0.3197227154203315,0.05865702179497578
8,2,0.3197227154203315,0.10139547958779982
8,2,0.2794594578857783,0.10139547958779982
8,2,0.3197227154203315,0.10139547958779982
8,2,0.2794594578857783,0.1441339373806243
8,2,0.2794594578857783,0.10139547958779982
8,2,0.2794594578857783,0.10139547958779982
8,2,0.2794594578857783,0.1441339373806243
8,2,0.23919620035122513,0.1441339373806243
8,2,0.2794594578857783,0.1441339373806243
8,2,0.23919620035122513,0.18687239517344878
8,2,0.23919620035122513,0.1441339373806243
8,2,0.23919620035122513,0.1441339373806243
8,2,0.23919620035122513,0.18687239517344878
8,2,0.19893294281667373,0.18687239517344878
8,2,0.3599859729548829,0.05865702179497578
8,2,0.3599859729548829,0.10139547958779982
8,2,0.3197227154203315,0.10139547958779982
8,2,0.3599859729548829,0.10139547958779982
8,2,0.3197227154203315,0.1441339373806243
8,2,0.3197227154203315,0.10139547958779982
8,2,0.3197227154203315,0.10139547958779982
8,2,0.3197227154203315,0.1441339373806243
8,2,0.2794594578857783,0.1441339373806243
8,2,0.3197227154203315,0.1441339373806243
8,2,0.2794594578857783,0.18687239517344878
8,2,0.2794594578857783,0.1441339373806243
8,2,0.2794594578857783,0.1441339373806243
8,2,0.2794594578857783,0.18687239517344878
8,2,0.23919620035122513,0.18687239517344878
8,2,0.3599859729548829,0.10139547958779982
8,2,0.3599859729548829,0.1441339373806243
8,2,0.3197227154203315,0.1441339373806243
8,2,0.3599859729548829,0.1441339373806243
8,2,0.3197227154203315,0.18687239517344878
8,2,0.3197227154203315,0.1441339373806243
8,2,0.3197227154203315,0.1441339373806243
8,2,0.3197227154203315,0.18687239517344878
8,2,0.2794594578857783,0.18687239517344878
8,2,0.3599859729548829,0.1441339373806243
8,2,0.3599859729548829,0.18687239517344878
8,2,0.3197227154203315,0.18687239517344878
8,2,0.19893294281667373,0.18687239517344878
8,2,0.19893294281667373,0.1441339373806243
8,2,0.23919620035122513,0.1441339373806243
8,2,0.19893294281667373,0.1441339373806243
8,2,0.23919620035122513,0.10139547958779982
8,2,0.23919620035122513,0.1441339373806243
8,2,0.23919620035122513,0.1441339373806243
8,2,0.23919620035122513,0.10139547958779982
8,2,0.2794594578857783,0.10139547958779982
8,2,0.23919620035122513,0.10139547958779982
8,2,0.2794594578857783,0.05865702179497578
8,2,0.2794594578857783,0.10139547958779982
8,2,0.2794594578857783,0.10139547958779982
8,2,0.2794594578857783,0.05865702179497578
8,2,0.3197227154203315,0.05865702179497578
8,2,0.2794594578857783,0.05865702179497578
8,2,0.3197227154203315,0.015918564002151303
8,2,0.3197227154203315,0.05865702179497578
8,2,0.3197227154203315,0.05865702179497578
8,2,0.3197227154203315,0.015918564002151303
8,2,0.3599859729548829,0.015918564002151303
8,2,0.19893294281667373,0.1441339373806243
8,2,0.19893294281667373,0.10139547958779982
8,2,0.23919620035122513,0.10139547958779982
8,2,0.19893294281667373,0.10139547958779982
8,2,0.23919620035122513,0.05865702179497578
8,2,0.23919620035122513,0.10139547958779982
8,2,0.23919620035122513,0.10139547958779982
8,2,0.23919620035122513,0.05865702179497578
8,2,0.2794594578857783,0.05865702179497578
8,2,0.23919620035122513,0.05865702179497578
8,2,0.2794594578857783,0.015918564002151303
8,2,0.2794594578857783,0.05865702179497578
8,2,0.2794594578857783,0.05865702179497578
8,2,0.2794594578857783,0.015918564002151303
8,2,0.3197227154203315,0.015918564002151303
8,2,0.19893294281667373,0.10139547958779982
8,2,0.19893294281667373,0.05865702179497578
8,2,0.23919620035122513,0.05865702179497578
8,2,0.19893294281667373,0.05865702179497578
8,2,0.23919620035122513,0.015918564002151303
8,2,0.23919620035122513,0.05865702179497578
8,2,0.23919620035122513,0.05865702179497578
8,2,0.23919620035122513,0.015918564002151303
8,2,0.2794594578857783,0.015918564002151303
8,2,0.19893294281667373,0.05865702179497578
8,2,0.19893294281667373,0.015918564002151303
8,2,0.23919620035122513,0.015918564002151303
8,2,0.3599859729548829,0.18687239517344878
8,2,0.3599859729548829,0.22959585175258646
8,2,0.3197227154203315,0.22959585175258646
8,2,0.3599859729548829,0.22959585175258646
8,2,0.3197227154203315,0.27231930833172413
8,2,0.3197227154203315,0.22959585175258646
8,2,0.3197227154203315,0.22959585175258646
8,2,0.3197227154203315,0.27231930833172413
8,2,0.2794594578857783,0.27231930833172413
8,2,0.3197227154203315,0.27231930833172413
8,2,0.2794594578857783,0.31504276491086225
8,2,0.2794594578857783,0.27231930833172413
8,2,0.2794594578857783,0.27231930833172413
8,2,0.2794594578857783,0.31504276491086225
8,2,0.23919620035122513,0.31504276491086225
8,2,0.2794594578857783,0.31504276491086225
8,2,0.23919620035122513,0.3577662214899999
8,2,0.23919620035122513,0.31504276491086225
8,2,0.23919620035122513,0.31504276491086225
8,2,0.23919620035122513,0.3577662214899999
8,2,0.19893294281667373,0.3577662214899999
8,2,0.3599859729548829,0.22959585175258646
8,2,0.3599859729548829,0.27231930833172413
8,2,0.3197227154203315,0.27231930833172413
8,2,0.3599859729548829,0.27231930833172413
8,2,0.3197227154203315,0.31504276491086225
8,2,0.3197227154203315,0.27231930833172413
8,2,0.3197227154203315,0.27231930833172413
8,2,0.3197227154203315,0.31504276491086225
8,2,0.2794594578857783,0.31504276491086225
8,2,0.3197227154203315,0.31504276491086225
8,2,0.2794594578857783,0.3577662214899999
8,2,0.2794594578857783,0.31504276491086225
8,2,0.2794594578857783,0.31504276491086225
8,2,0.2794594578857783,0.3577662214899999
8,2,0.23919620035122513,0.3577662214899999
8,2,0.3599859729548829,0.27231930833172413
8,2,0.3599859729548829,0.31504276491086225
8,2,0.3197227154203315,0.31504276491086225
8,2,0.3599859729548829,0.31504276491086225
8,2,0.3197227154203315,0.3577662214899999
8,2,0.3197227154203315,0.31504276491086225
8,2,0.3197227154203315,0.31504276491086225
8,2,0.3197227154203315,0.3577662214899999
8,2,0.2794594578857783,0.3577662214899999
8,2,0.3599859729548829,0.31504276491086225
8,2,0.3599859729548829,0.3577662214899999
8,2,0.3197227154203315,0.3577662214899999
8,2,0.19893294281667373,0.3577662214899999
8,2,0.19893294281667373,0.31504276491086225
8,2,0.23919620035122513,0.31504276491086225
8,2,0.19893294281667373,0.31504276491086225
8,2,0.23919620035122513,0.27231930833172413
8,2,0.23919620035122513,0.31504276491086225
8,2,0.23919620035122513,0.31504276491086225
8,2,0.23919620035122513,0.27231930833172413
8,2,0.2794594578857783,0.27231930833172413
8,2,0.23919620035122513,0.27231930833172413
8,2,0.2794594578857783,0.22959585175258646
8,2,0.2794594578857783,0.27231930833172413
8,2,0.2794594578857783,0.27231930833172413
8,2,0.2794594578857783,0.22959585175258646
8,2,0.3197227154203315,0.22959585175258646
8,2,0.2794594578857783,0.22959585175258646
8,2,0.3197227154203315,0.18687239517344878
8,2,0.3197227154203315,0.22959585175258646
8,2,0.3197227154203315,0.22959585175258646
8,2,0.3197227154203315,0.18687239517344878
8,2,0.3599859729548829,0.18687239517344878
8,2,0.19893294281667373,0.31504276491086225
8,2,0.19893294281667373,0.27231930833172413
8,2,0.23919620035122513,0.27231930833172413
8,2,0.19893294281667373,0.27231930833172413
8,2,0.23919620035122513,0.22959585175258646
8,2,0.23919620035122513,0.27231930833172413
8,2,0.23919620035122513,0.27231930833172413
8,2,0.23919620035122513,0.22959585175258646
8,2,0.2794594578857783,0.22959585175258646
8,2,0.23919620035122513,0.22959585175258646
8,2,0.2794594578857783,0.18687239517344878
8,2,0.2794594578857783,0.22959585175258646
8,2,0.2794594578857783,0.22959585175258646
8,2,0.2794594578857783,0.18687239517344878
8,2,0.3197227154203315,0.18687239517344878
8,2,0.19893294281667373,0.27231930833172413
8,2,0.19893294281667373,0.22959585175258646
8,2,0.23919620035122513,0.22959585175258646
8,2,0.19893294281667373,0.22959585175258646
8,2,0.23919620035122513,0.18687239517344878
8,2,0.23919620035122513,0.22959585175258646
8,2,0.23919620035122513,0.22959585175258646
8,2,0.23919620035122513,0.18687239517344878
8,2,0.2794594578857783,0.18687239517344878
8,2,0.19893294281667373,0.22959585175258646
8,2,0.19893294281667373,0.18687239517344878
8,2,0.23919620035122513,0.18687239517344878
8,2,0.009999999999999787,0.1299999999999999
7,2,0.90032851893256,0.02491464701211976
7,2,0.90032851893256,0.23508535298788003
8,2,0.11967148106743863,0.02491464701211976
8,2,0.11967148106743863,0.23508535298788003
7,2,0.8656494119017131,0.10876286429041615
7,2,0.8656494119017131,0.06850737315934508
7,2,0.9084107307386589,0.06850737315934508
7,2,0.8656494119017131,0.06850737315934508
7,2,0.9084107307386589,0.028251882028274
7,2,0.9084107307386589,0.06850737315934508
7,2,0.9084107307386589,0.06850737315934508
7,2,0.9084107307386589,0.028251882028274
7,2,0.9511720495756055,0.028251882028274
7,2,0.9084107307386589,0.028251882028274
7,3,0.9511720495756055,0.9879963908972025
7,2,0.9511720495756055,0.028251882028274
7,2,0.9511720495756055,0.028251882028274
7,3,0.9511720495756055,0.9879963908972025
7,3,0.9939333684125513,0.9879963908972025
7,3,0.9511720495756055,0.9879963908972025
7,3,0.9939333684125513,0.9477408997661314
7,3,0.9939333684125513,0.9879963908972025
7,3,0.9939333684125513,0.9879963908972025
7,3,0.9939333684125513,0.9477408997661314
8,3,0.03669468724949709,0.9477408997661314
7,2,0.8656494119017131,0.06850737315934508
7,2,0.8656494119017131,0.028251882028274
7,2,0.9084107307386589,0.028251882028274
7,2,0.8656494119017131,0.028251882028274
7,3,0.9084107307386589,0.9879963908972025
7,2,0.9084107307386589,0.028251882028274
7,2,0.9084107307386589,0.028251882028274
7,3,0.9084107307386589,0.9879963908972025
7,3,0.9511720495756055,0.9879963908972025
7,3,0.9084107307386589,0.9879963908972025
7,3,0.9511720495756046,0.9477408997661314
7,3,0.9511720495756055,0.9879963908972025
7,3,0.9511720495756055,0.9879963908972025
7,3,0.9511720495756046,0.9477408997661314
7,3,0.9939333684125513,0.9477408997661314
7,2,0.8656494119017131,0.028251882028274
7,3,0.8656494119017131,0.9879963908972025
7,3,0.9084107307386589,0.9879963908972025
7,3,0.8656494119017131,0.9879963908972025
7,3,0.9084107307386589,0.9477408997661314
7,3,0.9084107307386589,0.9879963908972025
7,3,0.9084107307386589,0.9879963908972025
7,3,0.9084107307386589,0.9477408997661314
7,3,0.9511720495756046,0.9477408997661314
7,3,0.8656494119017131,0.9879963908972025
7,3,0.8656494119017131,0.9477408997661314
7,3,0.9084107307386589,0.9477408997661314
8,3,0.03669468724949709,0.9477408997661314
8,3,0.03669468724949709,0.9879963908972025
7,3,0.9939333684125513,0.9879963908972025
8,3,0.03669468724949709,0.9879963908972025
7,2,0.9939333684125513,0.028251882028274
7,3,0.9939333684125513,0.9879963908972025
7,3,0.9939333684125513,0.9879963908972025
7,2,0.9939333684125513,0.028251882028274
7,2,0.9511720495756055,0.028251882028274
7,2,0.9939333684125513,0.028251882028274
7,2,0.9511720495756055,0.06850737315934508
7,2,0.9511720495756055,0.028251882028274
7,2,0.9511720495756055,0.028251882028274
7,2,0.9511720495756055,0.06850737315934508
7,2,0.9084107307386589,0.06850737315934508
7,2,0.9511720495756055,0.06850737315934508
7,2,0.9084107307386589,0.10876286429041615
7,2,0.9084107307386589,0.06850737315934508
7,2,0.9084107307386589,0.06850737315934508
7,2,0.9084107307386589,0.10876286429041615
7,2,0.8656494119017131,0.10876286429041615
8,3,0.03669468724949709,0.9879963908972025
8,2,0.03669468724949709,0.028251882028274
7,2,0.9939333684125513,0.028251882028274
8,2,0.03669468724949709,0.028251882028274
7,2,0.9939333684125513,0.06850737315934508
7,2,0.9939333684125513,0.028251882028274
7,2,0.9939333684125513,0.028251882028274
7,2,0.9939333684125513,0.06850737315934508
7,2,0.9511720495756055,0.06850737315934508
7,2,0.9939333684125513,0.06850737315934508
7,2,0.9511720495756055,0.10876286429041615
7,2,0.9511720495756055,0.06850737315934508
7,2,0.9511720495756055,0.06850737315934508
7,2,0.9511720495756055,0.10876286429041615
7,2,0.9084107307386589,0.10876286429041615
8,2,0.03669468724949709,0.028251882028274
8,2,0.03669468724949709,0.06850737315934508
7,2,0.9939333684125513,0.06850737315934508
8,2,0.03669468724949709,0.06850737315934508
7,2,0.9939333684125513,0.10876286429041615
7,2,0.9939333684125513,0.06850737315934508
7,2,0.9939333684125513,0.06850737315934508
7,2,0.9939333684125513,0.10876286429041615
7,2,0.9511720495756055,0.10876286429041615
8,2,0.03669468724949709,0.06850737315934508
8,2,0.03669468724949709,0.10876286429041615
7,2,0.9939333684125513,0.10876286429041615
8,2,0.03669468724949709,0.10876286429041615
8,2,0.03669468724949709,0.06850737315934508
8,2,0.0794379785489916,0.06850737315934508
8,2,0.03669468724949709,0.06850737315934508
8,2,0.0794379785489916,0.028251882028274
8,2,0.0794379785489916,0.06850737315934508
8,2,0.0794379785489916,0.06850737315934508
8,2,0.0794379785489916,0.028251882028274
8,2,0.1221812698484861,0.028251882028274
8,2,0.0794379785489916,0.028251882028274
8,3,0.1221812698484861,0.9879963908972025
8,2,0.1221812698484861,0.028251882028274
8,2,0.1221812698484861,0.028251882028274
8,3,0.1221812698484861,0.9879963908972025
8,3,0.16492456114797882,0.9879963908972025
8,3,0.1221812698484861,0.9879963908972025
8,3,0.16492456114797882,0.9477408997661314
8,3,0.16492456114797882,0.9879963908972025
8,3,0.16492456114797882,0.9879963908972025
8,3,0.16492456114797882,0.9477408997661314
8,3,0.20766785244747332,0.9477408997661314
8,2,0.03669468724949709,0.06850737315934508
8,2,0.03669468724949709,0.028251882028274
8,2,0.0794379785489916,0.028251882028274
8,2,0.03669468724949709,0.028251882028274
8,3,0.0794379785489916,0.9879963908972025
8,2,0.0794379785489916,0.028251882028274
8,2,0.0794379785489916,0.028251882028274
8,3,0.0794379785489916,0.9879963908972025
8,3,0.1221812698484861,0.9879963908972025
8,3,0.0794379785489916,0.9879963908972025
8,3,0.1221812698484861,0.9477408997661314
8,3,0.1221812698484861,0.9879963908972025
8,3,0.1221812698484861,0.9879963908972025
8,3,0.1221812698484861,0.9477408997661314
8,3,0.16492456114797882,0.9477408997661314
8,2,0.03669468724949709,0.028251882028274
8,3,0.03669468724949709,0.9879963908972025
8,3,0.0794379785489916,0.9879963908972025
8,3,0.03669468724949709,0.9879963908972025
8,3,0.0794379785489916,0.9477408997661314
8,3,0.0794379785489916,0.9879963908972025
8,3,0.0794379785489916,0.9879963908972025
8,3,0.0794379785489916,0.9477408997661314
8,3,0.1221812698484861,0.9477408997661314
8,3,0.03669468724949709,0.9879963908972025
8,3,0.03669468724949709,0.9477408997661314
8,3,0.0794379785489916,0.9477408997661314
8,3,0.20766785244747332,0.9477408997661314
8,3,0.20766785244747332,0.9879963908972025
8,3,0.16492456114797882,0.9879963908972025
8,3,0.20766785244747332,0.9879963908972025
8,2,0.16492456114797882,0.028251882028273556
8,3,0.16492456114797882,0.9879963908972025
8,3,0.16492456114797882,0.9879963908972025
8,2,0.16492456114797882,0.028251882028273556
8,2,0.1221812698484861,0.028251882028274
8,2,0.16492456114797882,0.028251882028273556
8,2,0.1221812698484861,0.06850737315934508
8,2,0.1221812698484861,0.028251882028274
8,2,0.1221812698484861,0.028251882028274
8,2,0.1221812698484861,0.06850737315934508
8,2,0.0794379785489916,0.06850737315934508
8,2,0.1221812698484861,0.06850737315934508
8,2,0.0794379785489916,0.10876286429041615
8,2,0.0794379785489916,0.06850737315934508
8,2,0.0794379785489916,0.06850737315934508
8,2,0.0794379785489916,0.10876286429041615
8,2,0.03669468724949709,0.10876286429041615
8,3,0.20766785244747332,0.9879963908972025
8,2,0.20766785244747332,0.028251882028273556
8,2,0.16492456114797882,0.028251882028273556
8,2,0.20766785244747332,0.028251882028273556
8,2,0.16492456114797882,0.06850737315934508
8,2,0.16492456114797882,0.028251882028273556
8,2,0.16492456114797882,0.028251882028273556
8,2,0.16492456114797882,0.06850737315934508
8,2,0.1221812698484861,0.06850737315934508
8,2,0.16492456114797882,0.06850737315934508
8,2,0.1221812698484861,0.10876286429041615
8,2,0.1221812698484861,0.06850737315934508
8,2,0.1221812698484861,0.06850737315934508
8,2,0.1221812698484861,0.10876286429041615
8,2,0.0794379785489916,0.10876286429041615
8,2,0.20766785244747332,0.028251882028273556
8,2,0.20766785244747332,0.06850737315934508
8,2,0.16492456114797882,0.06850737315934508
8,2,0.20766785244747332,0.06850737315934508
8,2,0.16492456114797882,0.10876286429041615
8,2,0.16492456114797882,0.06850737315934508
8,2,0.16492456114797882,0.06850737315934508
8,2,0.16492456114797882,0.10876286429041615
8,2,0.1221812698484861,0.10876286429041615
8,2,0.20766785244747332,0.06850737315934508
8,2,0.20766785244747332,0.10876286429041615
8,2,0.16492456114797882,0.10876286429041615
7,2,0.8656494119017131,0.10876286429041615
7,2,0.9084107307386589,0.10876286429041615
7,2,0.9084107307386589,0.14903638295893984
7,2,0.9084107307386589,0.10876286429041615
7,2,0.9511720495756055,0.14903638295893984
7,2,0.9084107307386589,0.14903638295893984
7,2,0.9084107307386589,0.14903638295893984
7,2,0.9511720495756055,0.14903638295893984
7,2,0.9511720495756055,0.18930990162746308
7,2,0.9511720495756055,0.14903638295893984
7,2,0.9939333684125513,0.18930990162746308
7,2,0.9511720495756055,0.18930990162746308
7,2,0.9511720495756055,0.18930990162746308
7,2,0.9939333684125513,0.18930990162746308
7,2,0.9939333684125513,0.22958342029598677
7,2,0.9939333684125513,0.18930990162746308
8,2,0.03669468724949709,0.22958342029598677
7,2,0.9939333684125513,0.22958342029598677
7,2,0.9939333684125513,0.22958342029598677
8,2,0.03669468724949709,0.22958342029598677
8,2,0.03669468724949709,0.26985693896451046
7,2,0.9084107307386589,0.10876286429041615
7,2,0.9511720495756055,0.10876286429041615
7,2,0.9511720495756055,0.14903638295893984
7,2,0.9511720495756055,0.10876286429041615
7,2,0.9939333684125513,0.14903638295893984
7,2,0.9511720495756055,0.14903638295893984
7,2,0.9511720495756055,0.14903638295893984
7,2,0.9939333684125513,0.14903638295893984
7,2,0.9939333684125513,0.18930990162746308
7,2,0.9939333684125513,0.14903638295893984
8,2,0.03669468724949709,0.18930990162746308
7,2,0.9939333684125513,0.18930990162746308
7,2,0.9939333684125513,0.18930990162746308
8,2,0.03669468724949709,0.18930990162746308
8,2,0.03669468724949709,0.22958342029598677
7,2,0.9511720495756055,0.10876286429041615
7,2,0.9939333684125513,0.10876286429041615
7,2,0.9939333684125513,0.14903638295893984
7,2,0.9939333684125513,0.10876286429041615
8,2,0.03669468724949709,0.14903638295893984
7,2,0.9939333684125513,0.14903638295893984
7,2,0.9939333684125513,0.14903638295893984
8,2,0.03669468724949709,0.14903638295893984
8,2,0.03669468724949709,0.18930990162746308
7,2,0.9939333684125513,0.10876286429041615
8,2,0.03669468724949709,0.10876286429041615
8,2,0.03669468724949709,0.14903638295893984
8,2,0.03669468724949709,0.26985693896451046
7,2,0.9939333684125513,0.26985693896451046
7,2,0.9939333684125513,0.22958342029598677
7,2,0.9939333684125513,0.26985693896451046
7,2,0.9511720495756055,0.22958342029598677
7,2,0.9939333684125513,0.22958342029598677
7,2,0.9939333684125513,0.22958342029598677
7,2,0.9511720495756055,0.22958342029598677
7,2,0.9511720495756055,0.18930990162746308
7,2,0.9511720495756055,0.22958342029598677
7,2,0.9084107307386589,0.18930990162746308
7,2,0.9511720495756055,0.18930990162746308
7,2,0.9511720495756055,0.18930990162746308
7,2,0.9084107307386589,0.18930990162746308
7,2,0.9084107307386589,0.14903638295893984
7,2,0.9084107307386589,0.18930990162746308
7,2,0.8656494119017131,0.14903638295893984
7,2,0.9084107307386589,0.14903638295893984
7,2,0.9084107307386589,0.14903638295893984
7,2,0.8656494119017131,0.14903638295893984
7,2,0.8656494119017131,0.10876286429041615
7,2,0.9939333684125513,0.26985693896451046
7,2,0.9511720495756055,0.26985693896451046
7,2,0.9511720495756055,0.22958342029598677
7,2,0.9511720495756055,0.26985693896451046
7,2,0.9084107307386589,0.22958342029598677
7,2,0.9511720495756055,0.22958342029598677
7,2,0.9511720495756055,0.22958342029598677
7,2,0.9084107307386589,0.22958342029598677
7,2,0.9084107307386589,0.18930990162746308
7,2,0.9084107307386589,0.22958342029598677
7,2,0.8656494119017131,0.18930990162746308
7,2,0.9084107307386589,0.18930990162746308
7,2,0.9084107307386589,0.18930990162746308
7,2,0.8656494119017131,0.18930990162746308
7,2,0.8656494119017131,0.14903638295893984
7,2,0.9511720495756055,0.26985693896451046
7,2,0.9084107307386589,0.26985693896451046
7,2,0.9084107307386589,0.22958342029598677
7,2,0.9084107307386589,0.26985693896451046
7,2,0.8656494119017131,0.22958342029598677
7,2,0.9084107307386589,0.22958342029598677
7,2,0.9084107307386589,0.22958342029598677
7,2,0.8656494119017131,0.22958342029598677
7,2,0.8656494119017131,0.18930990162746308
7,2,0.9084107307386589,0.26985693896451046
7,2,0.8656494119017131,0.26985693896451046
7,2,0.8656494119017131,0.22958342029598677
8,2,0.03669468724949709,0.10876286429041615
8,2,0.0794379785489916,0.10876286429041615
8,2,0.0794379785489916,0.14903638295893984
8,2,0.0794379785489916,0.10876286429041615
8,2,0.1221812698484861,0.14903638295893984
8,2,0.0794379785489916,0.14903638295893984
8,2,0.0794379785489916,0.14903638295893984
8,2,0.1221812698484861,0.14903638295893984
8,2,0.1221812698484861,0.18930990162746308
8,2,0.1221812698484861,0.14903638295893984
8,2,0.16492456114797882,0.18930990162746308
8,2,0.1221812698484861,0.18930990162746308
8,2,0.1221812698484861,0.18930990162746308
8,2,0.16492456114797882,0.18930990162746308
8,2,0.16492456114797882,0.22958342029598677
8,2,0.16492456114797882,0.18930990162746308
8,2,0.20766785244747332,0.22958342029598677
8,2,0.16492456114797882,0.22958342029598677
8,2,0.16492456114797882,0.22958342029598677
8,2,0.20766785244747332,0.22958342029598677
8,2,0.20766785244747332,0.26985693896451046
8,2,0.0794379785489916,0.10876286429041615
8,2,0.1221812698484861,0.10876286429041615
8,2,0.1221812698484861,0.14903638295893984
8,2,0.1221812698484861,0.10876286429041615
8,2,0.16492456114797882,0.14903638295893984
8,2,0.1221812698484861,0.14903638295893984
8,2,0.1221812698484861,0.14903638295893984
8,2,0.16492456114797882,0.14903638295893984
8,2,0.16492456114797882,0.18930990162746308
8,2,0.16492456114797882,0.14903638295893984
8,2,0.20766785244747332,0.18930990162746308
8,2,0.16492456114797882,0.18930990162746308
8,2,0.16492456114797882,0.18930990162746308
8,2,0.20766785244747332,0.18930990162746308
8,2,0.20766785244747332,0.22958342029598677
8,2,0.1221812698484861,0.10876286429041615
8,2,0.16492456114797882,0.10876286429041615
8,2,0.16492456114797882,0.14903638295893984
8,2,0.16492456114797882,0.10876286429041615
8,2,0.20766785244747332,0.14903638295893984
8,2,0.16492456114797882,0.14903638295893984
8,2,0.16492456114797882,0.14903638295893984
8,2,0.20766785244747332,0.14903638295893984
8,2,0.20766785244747332,0.18930990162746308
8,2,0.16492456114797882,0.10876286429041615
8,2,0.20766785244747332,0.10876286429041615
8,2,0.20766785244747332,0.14903638295893984
8,2,0.20766785244747332,0.26985693896451046
8,2,0.16492456114797882,0.26985693896451046
8,2,0.16492456114797882,0.22958342029598677
8,2,0.16492456114797882,0.26985693896451046
8,2,0.1221812698484861,0.22958342029598677
8,2,0.16492456114797882,0.22958342029598677
8,2,0.16492456114797882,0.22958342029598677
8,2,0.1221812698484861,0.22958342029598677
8,2,0.1221812698484861,0.18930990162746308
8,2,0.1221812698484861,0.22958342029598677
8,2,0.0794379785489916,0.18930990162746308
8,2,0.1221812698484861,0.18930990162746308
8,2,0.1221812698484861,0.18930990162746308
8,2,0.0794379785489916,0.18930990162746308
8,2,0.0794379785489916,0.14903638295893984
8,2,0.0794379785489916,0.18930990162746308
8,2,0.03669468724949709,0.14903638295893984
8,2,0.0794379785489916,0.14903638295893984
8,2,0.0794379785489916,0.14903638295893984
8,2,0.03669468724949709,0.14903638295893984
8,2,0.03669468724949709,0.10876286429041615
8,2,0.16492456114797882,0.26985693896451046
8,2,0.1221812698484861,0.26985693896451046
8,2,0.1221812698484861,0.22958342029598677
8,2,0.1221812698484861,0.26985693896451046
8,2,0.0794379785489916,0.22958342029598677
8,2,0.1221812698484861,0.22958342029598677
8,2,0.1221812698484861,0.22958342029598677
8,2,0.0794379785489916,0.22958342029598677
8,2,0.0794379785489916,0.18930990162746308
8,2,0.0794379785489916,0.22958342029598677
8,2,0.03669468724949709,0.18930990162746308
8,2,0.0794379785489916,0.18930990162746308
8,2,0.0794379785489916,0.18930990162746308
8,2,0.03669468724949709,0.18930990162746308
8,2,0.03669468724949709,0.14903638295893984
8,2,0.1221812698484861,0.26985693896451046
8,2,0.0794379785489916,0.26985693896451046
8,2,0.0794379785489916,0.22958342029598677
8,2,0.0794379785489916,0.26985693896451046
8,2,0.03669468724949709,0.22958342029598677
8,2,0.0794379785489916,0.22958342029598677
8,2,0.0794379785489916,0.22958342029598677
8,2,0.03669468724949709,0.22958342029598677
8,2,0.03669468724949709,0.18930990162746308
8,2,0.0794379785489916,0.26985693896451046
8,2,0.03669468724949709,0.26985693896451046
8,2,0.03669468724949709,0.22958342029598677
7,2,0.9893904289745619,0.034922070885639034
8,2,0.03238610579838941,0.034922070885639034
8,2,0.03238610579838941,0.07454659820587839
8,2,0.03238610579838941,0.034922070885639034
8,2,0.07538178262221606,0.07454659820587839
8,2,0.03238610579838941,0.07454659820587839
8,2,0.03238610579838941,0.07454659820587839
8,2,0.07538178262221606,0.07454659820587839
8,2,0.07538178262221606,0.11417112552611774
8,2,0.07538178262221606,0.07454659820587839
8,2,0.11837745944604272,0.11417112552611774
8,2,0.07538178262221606,0.11417112552611774
8,2,0.07538178262221606,0.11417112552611774
8,2,0.11837745944604272,0.11417112552611774
8,2,0.11837745944604272,0.1537956528463571
8,2,0.11837745944604272,0.11417112552611774
8,2,0.16137313626986938,0.1537956528463571
8,2,0.11837745944604272,0.1537956528463571
8,2,0.11837745944604272,0.1537956528463571
8,2,0.16137313626986938,0.1537956528463571
8,2,0.16137313626986938,0.19342018016659646
8,2,0.03238610579838941,0.034922070885639034
8,2,0.07538178262221606,0.034922070885639034
8,2,0.07538178262221606,0.07454659820587839
8,2,0.07538178262221606,0.034922070885639034
8,2,0.11837745944604272,0.07454659820587839
8,2,0.07538178262221606,0.07454659820587839
8,2,0.07538178262221606,0.07454659820587839
8,2,0.11837745944604272,0.07454659820587839
8,2,0.11837745944604272,0.11417112552611774
8,2,0.11837745944604272,0.07454659820587839
8,2,0.16137313626986938,0.11417112552611774
8,2,0.11837745944604272,0.11417112552611774
8,2,0.11837745944604272,0.11417112552611774
8,2,0.16137313626986938,0.11417112552611774
8,2,0.16137313626986938,0.1537956528463571
8,2,0.07538178262221606,0.034922070885639034
8,2,0.11837745944604272,0.034922070885639034
8,2,0.11837745944604272,0.07454659820587839
8,2,0.11837745944604272,0.034922070885639034
8,2,0.16137313626986938,0.07454659820587839
8,2,0.11837745944604272,0.07454659820587839
8,2,0.11837745944604272,0.07454659820587839
8,2,0.16137313626986938,0.07454659820587839
8,2,0.16137313626986938,0.11417112552611774
8,2,0.11837745944604272,0.034922070885639034
8,2,0.16137313626986938,0.034922070885639034
8,2,0.16137313626986938,0.07454659820587839
8,2,0.16137313626986938,0.19342018016659646
8,2,0.11837745944604272,0.19342018016659646
8,2,0.11837745944604272,0.1537956528463571
8,2,0.11837745944604272,0.19342018016659646
8,2,0.07538178262221606,0.1537956528463571
8,2,0.11837745944604272,0.1537956528463571
8,2,0.11837745944604272,0.1537956528463571
8,2,0.07538178262221606,0.1537956528463571
8,2,0.07538178262221606,0.11417112552611774
8,2,0.07538178262221606,0.1537956528463571
8,2,0.03238610579838941,0.11417112552611774
8,2,0.07538178262221606,0.11417112552611774
8,2,0.07538178262221606,0.11417112552611774
8,2,0.03238610579838941,0.11417112552611774
8,2,0.03238610579838941,0.07454659820587839
8,2,0.03238610579838941,0.11417112552611774
7,2,0.9893904289745619,0.07454659820587839
8,2,0.03238610579838941,0.07454659820587839
8,2,0.03238610579838941,0.07454659820587839
7,2,0.9893904289745619,0.07454659820587839
7,2,0.9893904289745619,0.034922070885639034
8,2,0.11837745944604272,0.19342018016659646
8,2,0.07538178262221606,0.19342018016659646
8,2,0.07538178262221606,0.1537956528463571
8,2,0.07538178262221606,0.19342018016659646
8,2,0.03238610579838941,0.1537956528463571
8,2,0.07538178262221606,0.1537956528463571
8,2,0.07538178262221606,0.1537956528463571
8,2,0.03238610579838941,0.1537956528463571
8,2,0.03238610579838941,0.11417112552611774
8,2,0.03238610579838941,0.1537956528463571
7,2,0.9893904289745619,0.11417112552611774
8,2,0.03238610579838941,0.11417112552611774
8,2,0.03238610579838941,0.11417112552611774
7,2,0.9893904289745619,0.11417112552611774
7,2,0.9893904289745619,0.07454659820587839
8,2,0.07538178262221606,0.19342018016659646
8,2,0.03238610579838941,0.19342018016659646
8,2,0.03238610579838941,0.1537956528463571
8,2,0.03238610579838941,0.19342018016659646
7,2,0.9893904289745619,0.1537956528463571
8,2,0.03238610579838941,0.1537956528463571
8,2,0.03238610579838941,0.1537956528463571
7,2,0.9893904289745619,0.1537956528463571
7,2,0.9893904289745619,0.11417112552611774
8,2,0.03238610579838941,0.19342018016659646
7,2,0.9893904289745619,0.19342018016659646
7,2,0.9893904289745619,0.1537956528463571
7,2,0.9893904289745619,0.19342018016659646
8,2,0.03238610579838941,0.19342018016659646
8,2,0.03238610579838941,0.23300865241193103
8,2,0.03238610579838941,0.19342018016659646
8,2,0.07538178262221606,0.23300865241193103
8,2,0.03238610579838941,0.23300865241193103
8,2,0.03238610579838941,0.23300865241193103
8,2,0.07538178262221606,0.23300865241193103
8,2,0.07538178262221606,0.2725971246572656
8,2,0.07538178262221606,0.23300865241193103
8,2,0.11837745944604272,0.2725971246572656
8,2,0.07538178262221606,0.2725971246572656
8,2,0.07538178262221606,0.2725971246572656
8,2,0.11837745944604272,0.2725971246572656
8,2,0.11837745944604272,0.3121855969026006
8,2,0.11837745944604272,0.2725971246572656
8,2,0.16137313626986938,0.3121855969026006
8,2,0.11837745944604272,0.3121855969026006
8,2,0.11837745944604272,0.3121855969026006
8,2,0.16137313626986938,0.3121855969026006
8,2,0.16137313626986938,0.3517740691479352
8,2,0.03238610579838941,0.19342018016659646
8,2,0.07538178262221606,0.19342018016659646
8,2,0.07538178262221606,0.23300865241193103
8,2,0.07538178262221606,0.19342018016659646
8,2,0.11837745944604272,0.23300865241193103
8,2,0.07538178262221606,0.23300865241193103
8,2,0.07538178262221606,0.23300865241193103
8,2,0.11837745944604272,0.23300865241193103
8,2,0.11837745944604272,0.2725971246572656
8,2,0.11837745944604272,0.23300865241193103
8,2,0.16137313626986938,0.2725971246572656
8,2,0.11837745944604272,0.2725971246572656
8,2,0.11837745944604272,0.2725971246572656
8,2,0.16137313626986938,0.2725971246572656
8,2,0.16137313626986938,0.3121855969026006
8,2,0.07538178262221606,0.19342018016659646
8,2,0.11837745944604272,0.19342018016659646
8,2,0.11837745944604272,0.23300865241193103
8,2,0.11837745944604272,0.19342018016659646
8,2,0.16137313626986938,0.23300865241193103
8,2,0.11837745944604272,0.23300865241193103
8,2,0.11837745944604272,0.23300865241193103
8,2,0.16137313626986938,0.23300865241193103
8,2,0.16137313626986938,0.2725971246572656
8,2,0.11837745944604272,0.19342018016659646
8,2,0.16137313626986938,0.19342018016659646
8,2,0.16137313626986938,0.23300865241193103
8,2,0.16137313626986938,0.3517740691479352
8,2,0.11837745944604272,0.3517740691479352
8,2,0.11837745944604272,0.3121855969026006
8,2,0.11837745944604272,0.3517740691479352
8,2,0.07538178262221606,0.3121855969026006
8,2,0.11837745944604272,0.3121855969026006
8,2,0.11837745944604272,0.3121855969026006
8,2,0.07538178262221606,0.3121855969026006
8,2,0.07538178262221606,0.2725971246572656
8,2,0.07538178262221606,0.3121855969026006
8,2,0.03238610579838941,0.2725971246572656
8,2,0.07538178262221606,0.2725971246572656
8,2,0.07538178262221606,0.2725971246572656
8,2,0.03238610579838941,0.2725971246572656
8,2,0.03238610579838941,0.23300865241193103
8,2,0.03238610579838941,0.2725971246572656
7,2,0.9893904289745619,0.23300865241193103
8,2,0.03238610579838941,0.23300865241193103
8,2,0.03238610579838941,0.23300865241193103
7,2,0.9893904289745619,0.23300865241193103
7,2,0.9893904289745619,0.19342018016659646
8,2,0.11837745944604272,0.3517740691479352
8,2,0.07538178262221606,0.3517740691479352
8,2,0.07538178262221606,0.3121855969026006
8,2,0.07538178262221606,0.3517740691479352
8,2,0.03238610579838941,0.3121855969026006
8,2,0.07538178262221606,0.3121855969026006
8,2,0.07538178262221606,0.3121855969026006
8,2,0.03238610579838941,0.3121855969026006
8,2,0.03238610579838941,0.2725971246572656
8,2,0.03238610579838941,0.3121855969026006
7,2,0.9893904289745619,0.2725971246572656
8,2,0.03238610579838941,0.2725971246572656
8,2,0.03238610579838941,0.2725971246572656
7,2,0.9893904289745619,0.2725971246572656
7,2,0.9893904289745619,0.23300865241193103
8,2,0.07538178262221606,0.3517740691479352
8,2,0.03238610579838941,0.3517740691479352
8,2,0.03238610579838941,0.3121855969026006
8,2,0.03238610579838941,0.3517740691479352
7,2,0.9893904289745619,0.3121855969026006
8,2,0.03238610579838941,0.3121855969026006
8,2,0.03238610579838941,0.3121855969026006
7,2,0.9893904289745619,0.3121855969026006
7,2,0.9893904289745619,0.2725971246572656
8,2,0.03238610579838941,0.3517740691479352
7,2,0.9893904289745619,0.3517740691479352
7,2,0.9893904289745619,0.3121855969026006
7,2,0.9893904289745619,0.034922070885639034
7,2,0.9893904289745619,0.07454659820587839
7,2,0.9464127796881874,0.07454659820587839
7,2,0.9893904289745619,0.07454659820587839
7,2,0.9464127796881874,0.11417112552611774
7,2,0.9464127796881874,0.07454659820587839
7,2,0.9464127796881874,0.07454659820587839
7,2,0.9464127796881874,0.11417112552611774
7,2,0.9034351304018138,0.11417112552611774
7,2,0.9464127796881874,0.11417112552611774
7,2,0.9034351304018138,0.1537956528463571
7,2,0.9034351304018138,0.11417112552611774
7,2,0.9034351304018138,0.11417112552611774
7,2,0.9034351304018138,0.1537956528463571
7,2,0.8604574811154393,0.1537956528463571
7,2,0.9034351304018138,0.1537956528463571
7,2,0.8604574811154393,0.19342018016659646
7,2,0.8604574811154393,0.1537956528463571
7,2,0.8604574811154393,0.1537956528463571
7,2,0.8604574811154393,0.19342018016659646
7,2,0.8174798318290648,0.19342018016659646
7,2,0.9893904289745619,0.07454659820587839
7,2,0.9893904289745619,0.11417112552611774
7,2,0.9464127796881874,0.11417112552611774
7,2,0.9893904289745619,0.11417112552611774
7,2,0.9464127796881874,0.1537956528463571
7,2,0.9464127796881874,0.11417112552611774
7,2,0.9464127796881874,0.11417112552611774
7,2,0.9464127796881874,0.1537956528463571
7,2,0.9034351304018138,0.1537956528463571
7,2,0.9464127796881874,0.1537956528463571
7,2,0.9034351304018138,0.19342018016659646
7,2,0.9034351304018138,0.1537956528463571
7,2,0.9034351304018138,0.1537956528463571
7,2,0.9034351304018138,0.19342018016659646
7,2,0.8604574811154393,0.19342018016659646
7,2,0.9893904289745619,0.11417112552611774
7,2,0.9893904289745619,0.1537956528463571
7,2,0.9464127796881874,0.1537956528463571
7,2,0.9893904289745619,0.1537956528463571
7,2,0.9464127796881874,0.19342018016659646
7,2,0.9464127796881874,0.1537956528463571
7,2,0.9464127796881874,0.1537956528463571
7,2,0.9464127796881874,0.19342018016659646
7,2,0.9034351304018138,0.19342018016659646
7,2,0.9893904289745619,0.1537956528463571
7,2,0.9893904289745619,0.19342018016659646
7,2,0.9464127796881874,0.19342018016659646
7,2,0.8174798318290648,0.19342018016659646
7,2,0.8174798318290648,0.1537956528463571
7,2,0.8604574811154393,0.1537956528463571
7,2,0.8174798318290648,0.1537956528463571
7,2,0.8604574811154393,0.11417112552611774
7,2,0.8604574811154393,0.1537956528463571
7,2,0.8604574811154393,0.1537956528463571
7,2,0.8604574811154393,0.11417112552611774
7,2,0.9034351304018138,0.11417112552611774
7,2,0.8604574811154393,0.11417112552611774
7,2,0.9034351304018138,0.07454659820587839
7,2,0.9034351304018138,0.11417112552611774
7,2,0.9034351304018138,0.11417112552611774
7,2,0.9034351304018138,0.07454659820587839
7,2,0.9464127796881874,0.07454659820587839
7,2,0.9034351304018138,0.07454659820587839
7,2,0.9464127796881874,0.034922070885639034
7,2,0.9464127796881874,0.07454659820587839
7,2,0.9464127796881874,0.07454659820587839
7,2,0.9464127796881874,0.034922070885639034
7,2,0.9893904289745619,0.034922070885639034
7,2,0.8174798318290648,0.1537956528463571
7,2,0.8174798318290648,0.11417112552611774
7,2,0.8604574811154393,0.11417112552611774
7,2,0.8174798318290648,0.11417112552611774
7,2,0.8604574811154393,0.07454659820587839
7,2,0.8604574811154393,0.11417112552611774
7,2,0.8604574811154393,0.11417112552611774
7,2,0.8604574811154393,0.07454659820587839
7,2,0.9034351304018138,0.07454659820587839
7,2,0.8604574811154393,0.07454659820587839
7,2,0.9034351304018138,0.034922070885639034
7,2,0.9034351304018138,0.07454659820587839
7,2,0.9034351304018138,0.07454659820587839
7,2,0.9034351304018138,0.034922070885639034
7,2,0.9464127796881874,0.034922070885639034
7,2,0.8174798318290648,0.11417112552611774
7,2,0.8174798318290648,0.07454659820587839
7,2,0.8604574811154393,0.07454659820587839
7,2,0.8174798318290648,0.07454659820587839
7,2,0.8604574811154393,0.034922070885639034
7,2,0.8604574811154393,0.07454659820587839
7,2,0.8604574811154393,0.07454659820587839
7,2,0.8604574811154393,0.034922070885639034
7,2,0.9034351304018138,0.034922070885639034
7,2,0.8174798318290648,0.07454659820587839
7,2,0.8174798318290648,0.034922070885639034
7,2,0.8604574811154393,0.034922070885639034
7,2,0.9893904289745619,0.19342018016659646
7,2,0.9893904289745619,0.23300865241193103
7,2,0.9464127796881874,0.23300865241193103
7,2,0.9893904289745619,0.23300865241193103
7,2,0.9464127796881883,0.2725971246572656
7,2,0.9464127796881874,0.23300865241193103
7,2,0.9464127796881874,0.23300865241193103
7,2,0.9464127796881883,0.2725971246572656
7,2,0.9034351304018138,0.2725971246572656
7,2,0.9464127796881883,0.2725971246572656
7,2,0.9034351304018138,0.3121855969026006
7,2,0.9034351304018138,0.2725971246572656
7,2,0.9034351304018138,0.2725971246572656
7,2,0.9034351304018138,0.3121855969026006
7,2,0.8604574811154393,0.3121855969026006
7,2,0.9034351304018138,0.3121855969026006
7,2,0.8604574811154393,0.3517740691479352
7,2,0.8604574811154393,0.3121855969026006
7,2,0.8604574811154393,0.3121855969026006
7,2,0.8604574811154393,0.3517740691479352
7,2,0.8174798318290648,0.3517740691479352
7,2,0.9893904289745619,0.23300865241193103
7,2,0.9893904289745619,0.2725971246572656
7,2,0.9464127796881883,0.2725971246572656
7,2,0.9893904289745619,0.2725971246572656
7,2,0.9464127796881883,0.3121855969026006
7,2,0.9464127796881883,0.2725971246572656
7,2,0.9464127796881883,0.2725971246572656
7,2,0.9464127796881883,0.3121855969026006
7,2,0.9034351304018138,0.3121855969026006
7,2,0.9464127796881883,0.3121855969026006
7,2,0.9034351304018138,0.3517740691479352
7,2,0.9034351304018138,0.3121855969026006
7,2,0.9034351304018138,0.3121855969026006
7,2,0.9034351304018138,0.3517740691479352
7,2,0.8604574811154393,0.3517740691479352
7,2,0.9893904289745619,0.2725971246572656
7,2,0.9893904289745619,0.3121855969026006
7,2,0.9464127796881883,0.3121855969026006
7,2,0.9893904289745619,0.3121855969026006
7,2,0.9464127796881883,0.3517740691479352
7,2,0.9464127796881883,0.3121855969026006
7,2,0.9464127796881883,0.3121855969026006
7,2,0.9464127796881883,0.3517740691479352
7,2,0.9034351304018138,0.3517740691479352
7,2,0.9893904289745619,0.3121855969026006
7,2,0.9893904289745619,0.3517740691479352
7,2,0.9464127796881883,0.3517740691479352
7,2,0.8174798318290648,0.3517740691479352
7,2,0.8174798318290648,0.3121855969026006
7,2,0.8604574811154393,0.3121855969026006
7,2,0.8174798318290648,0.3121855969026006
7,2,0.8604574811154393,0.2725971246572656
7,2,0.8604574811154393,0.3121855969026006
7,2,0.8604574811154393,0.3121855969026006
7,2,0.8604574811154393,0.2725971246572656
7,2,0.9034351304018138,0.2725971246572656
7,2,0.8604574811154393,0.2725971246572656
7,2,0.9034351304018138,0.23300865241193103
7,2,0.9034351304018138,0.2725971246572656
7,2,0.9034351304018138,0.2725971246572656
7,2,0.9034351304018138,0.23300865241193103
7,2,0.9464127796881874,0.23300865241193103
7,2,0.9034351304018138,0.23300865241193103
7,2,0.9464127796881874,0.19342018016659646
7,2,0.9464127796881874,0.23300865241193103
7,2,0.9464127796881874,0.23300865241193103
7,2,0.9464127796881874,0.19342018016659646
7,2,0.9893904289745619,0.19342018016659646
7,2,0.8174798318290648,0.3121855969026006
7,2,0.8174798318290648,0.2725971246572656
7,2,0.8604574811154393,0.2725971246572656
7,2,0.8174798318290648,0.2725971246572656
7,2,0.8604574811154393,0.23300865241193103
7,2,0.8604574811154393,0.2725971246572656
7,2,0.8604574811154393,0.2725971246572656
7,2,0.8604574811154393,0.23300865241193103
7,2,0.9034351304018138,0.23300865241193103
7,2,0.8604574811154393,0.23300865241193103
7,2,0.9034351304018138,0.19342018016659646
7,2,0.9034351304018138,0.23300865241193103
7,2,0.9034351304018138,0.23300865241193103
7,2,0.9034351304018138,0.19342018016659646
7,2,0.9464127796881874,0.19342018016659646
7,2,0.8174798318290648,0.2725971246572656
7,2,0.8174798318290648,0.23300865241193103
7,2,0.8604574811154393,0.23300865241193103
7,2,0.8174798318290648,0.23300865241193103
7,2,0.8604574811154393,0.19342018016659646
7,2,0.8604574811154393,0.23300865241193103
7,2,0.8604574811154393,0.23300865241193103
7,2,0.8604574811154393,0.19342018016659646
7,2,0.9034351304018138,0.19342018016659646
7,2,0.8174798318290648,0.23300865241193103
7,2,0.8174798318290648,0.19342018016659646
7,2,0.8604574811154393,0.19342018016659646
9,3,0.0600000000000005,0.5
8,3,0.977173145961924,0.41456378780391967
8,3,0.977173145961924,0.5854362121960803
9,3,0.14282685403807704,0.41456378780391967
9,3,0.14282685403807704,0.5854362121960803
9,3,0.058506624719504075,0.6671047715315619
9,3,0.018265148511677154,0.6671047715315619
9,3,0.018265148511677154,0.6243810562252841
9,3,0.018265148511677154,0.6671047715315619
8,3,0.9780236723038502,0.6243810562252841
9,3,0.018265148511677154,0.6243810562252841
9,3,0.018265148511677154,0.6243810562252841
8,3,0.9780236723038502,0.6243810562252841
8,3,0.9780236723038502,0.5816573409190062
8,3,0.9780236723038502,0.6243810562252841
8,3,0.9377821960960233,0.5816573409190062
8,3,0.9780236723038502,0.5816573409190062
8,3,0.9780236723038502,0.5816573409190062
8,3,0.9377821960960233,0.5816573409190062
8,3,0.9377821960960233,0.5389336256127288
8,3,0.9377821960960233,0.5816573409190062
8,3,0.8975407198881964,0.5389336256127288
8,3,0.9377821960960233,0.5389336256127288
8,3,0.9377821960960233,0.5389336256127288
8,3,0.8975407198881964,0.5389336256127288
8,3,0.8975407198881964,0.496209910306451
9,3,0.018265148511677154,0.6671047715315619
8,3,0.9780236723038502,0.6671047715315619
8,3,0.9780236723038502,0.6243810562252841
8,3,0.9780236723038502,0.6671047715315619
8,3,0.9377821960960233,0.6243810562252841
8,3,0.9780236723038502,0.6243810562252841
8,3,0.9780236723038502,0.6243810562252841
8,3,0.9377821960960233,0.6243810562252841
8,3,0.9377821960960233,0.5816573409190062
8,3,0.9377821960960233,0.6243810562252841
8,3,0.8975407198881964,0.5816573409190062
8,3,0.9377821960960233,0.5816573409190062
8,3,0.9377821960960233,0.5816573409190062
8,3,0.8975407198881964,0.5816573409190062
8,3,0.8975407198881964,0.5389336256127288
8,3,0.9780236723038502,0.6671047715315619
8,3,0.9377821960960233,0.6671047715315619
8,3,0.9377821960960233,0.6243810562252841
8,3,0.9377821960960233,0.6671047715315619
8,3,0.8975407198881964,0.6243810562252841
8,3,0.9377821960960233,0.6243810562252841
8,3,0.9377821960960233,0.6243810562252841
8,3,0.8975407198881964,0.6243810562252841
8,3,0.8975407198881964,0.5816573409190062
8,3,0.9377821960960233,0.6671047715315619
8,3,0.8975407198881964,0.6671047715315619
8,3,0.8975407198881964,0.6243810562252841
8,3,0.8975407198881964,0.496209910306451
8,3,0.9377821960960233,0.496209910306451
8,3,0.9377821960960233,0.5389336256127288
8,3,0.9377821960960233,0.496209910306451
8,3,0.9780236723038502,0.5389336256127288
8,3,0.9377821960960233,0.5389336256127288
8,3,0.9377821960960233,0.5389336256127288
8,3,0.9780236723038502,0.5389336256127288
8,3,0.9780236723038502,0.5816573409190062
8,3,0.9780236723038502,0.5389336256127288
9,3,0.018265148511677154,0.5816573409190062
8,3,0.9780236723038502,0.5816573409190062
8,3,0.9780236723038502,0.5816573409190062
9,3,0.018265148511677154,0.5816573409190062
9,3,0.018265148511677154,0.6243810562252841
9,3,0.018265148511677154,0.5816573409190062
9,3,0.058506624719504075,0.6243810562252841
9,3,0.018265148511677154,0.6243810562252841
9,3,0.018265148511677154,0.6243810562252841
9,3,0.058506624719504075,0.6243810562252841
9,3,0.058506624719504075,0.6671047715315619
8,3,0.9377821960960233,0.496209910306451
8,3,0.9780236723038502,0.496209910306451
8,3,0.9780236723038502,0.5389336256127288
8,3,0.9780236723038502,0.496209910306451
9,3,0.018265148511677154,0.5389336256127288
8,3,0.9780236723038502,0.5389336256127288
8,3,0.9780236723038502,0.5389336256127288
9,3,0.018265148511677154,0.5389336256127288
9,3,0.018265148511677154,0.5816573409190062
9,3,0.018265148511677154,0.5389336256127288
9,3,0.058506624719504075,0.5816573409190062
9,3,0.018265148511677154,0.5816573409190062
9,3,0.018265148511677154,0.5816573409190062
9,3,0.058506624719504075,0.5816573409190062
9,3,0.058506624719504075,0.6243810562252841
8,3,0.9780236723038502,0.496209910306451
9,3,0.018265148511677154,0.496209910306451
9,3,0.018265148511677154,0.5389336256127288
9,3,0.018265148511677154,0.496209910306451
9,3,0.058506624719504075,0.5389336256127288
9,3,0.018265148511677154,0.5389336256127288
9,3,0.018265148511677154,0.5389336256127288
9,3,0.058506624719504075,0.5389336256127288
9,3,0.058506624719504075,0.5816573409190062
9,3,0.018265148511677154,0.496209910306451
9,3,0.058506624719504075,0.496209910306451
9,3,0.058506624719504075,0.5389336256127288
9,3,0.058506624719504075,0.496209910306451
9,3,0.018265148511677154,0.496209910306451
9,3,0.018265148511677154,0.4534715935937115
9,3,0.018265148511677154,0.496209910306451
8,3,0.9780236723038502,0.4534715935937115
9,3,0.018265148511677154,0.4534715935937115
9,3,0.018265148511677154,0.4534715935937115
8,3,0.9780236723038502,0.4534715935937115
8,3,0.9780236723038502,0.4107332768809724
8,3,0.9780236723038502,0.4534715935937115
8,3,0.9377821960960233,0.4107332768809724
8,3,0.9780236723038502,0.4107332768809724
8,3,0.9780236723038502,0.4107332768809724
8,3,0.9377821960960233,0.4107332768809724
8,3,0.9377821960960233,0.36799496016823285
8,3,0.9377821960960233,0.4107332768809724
8,3,0.8975407198881964,0.36799496016823285
8,3,0.9377821960960233,0.36799496016823285
8,3,0.9377821960960233,0.36799496016823285
8,3,0.8975407198881964,0.36799496016823285
8,3,0.8975407198881964,0.32525664345549377
9,3,0.018265148511677154,0.496209910306451
8,3,0.9780236723038502,0.496209910306451
8,3,0.9780236723038502,0.4534715935937115
8,3,0.9780236723038502,0.496209910306451
8,3,0.9377821960960233,0.4534715935937115
8,3,0.9780236723038502,0.4534715935937115
8,3,0.9780236723038502,0.4534715935937115
8,3,0.9377821960960233,0.4534715935937115
8,3,0.9377821960960233,0.4107332768809724
8,3,0.9377821960960233,0.4534715935937115
8,3,0.8975407198881964,0.4107332768809724
8,3,0.9377821960960233,0.4107332768809724
8,3,0.9377821960960233,0.4107332768809724
8,3,0.8975407198881964,0.4107332768809724
8,3,0.8975407198881964,0.36799496016823285
8,3,0.9780236723038502,0.496209910306451
8,3,0.9377821960960233,0.496209910306451
8,3,0.9377821960960233,0.4534715935937115
8,3,0.9377821960960233,0.496209910306451
8,3,0.8975407198881964,0.4534715935937115
8,3,0.9377821960960233,0.4534715935937115
8,3,0.9377821960960233,0.4534715935937115
8,3,0.8975407198881964,0.4534715935937115
8,3,0.8975407198881964,0.4107332768809724
8,3,0.9377821960960233,0.496209910306451
8,3,0.8975407198881964,0.496209910306451
8,3,0.8975407198881964,0.4534715935937115
8,3,0.8975407198881964,0.32525664345549377
8,3,0.9377821960960233,0.32525664345549377
8,3,0.9377821960960233,0.36799496016823285
8,3,0.9377821960960233,0.32525664345549377
8,3,0.9780236723038502,0.36799496016823285
8,3,0.9377821960960233,0.36799496016823285
8,3,0.9377821960960233,0.36799496016823285
8,3,0.9780236723038502,0.36799496016823285
8,3,0.9780236723038502,0.4107332768809724
8,3,0.9780236723038502,0.36799496016823285
9,3,0.018265148511677154,0.4107332768809724
8,3,0.9780236723038502,0.4107332768809724
8,3,0.9780236723038502,0.4107332768809724
9,3,0.018265148511677154,0.4107332768809724
9,3,0.018265148511677154,0.4534715935937115
9,3,0.018265148511677154,0.4107332768809724
9,3,0.058506624719504075,0.4534715935937115
9,3,0.018265148511677154,0.4534715935937115
9,3,0.018265148511677154,0.4534715935937115
9,3,0.058506624719504075,0.4534715935937115
9,3,0.058506624719504075,0.496209910306451
8,3,0.9377821960960233,0.32525664345549377
8,3,0.9780236723038502,0.32525664345549377
8,3,0.9780236723038502,0.36799496016823285
8,3,0.9780236723038502,0.32525664345549377
9,3,0.018265148511677154,0.36799496016823285
8,3,0.9780236723038502,0.36799496016823285
8,3,0.9780236723038502,0.36799496016823285
9,3,0.018265148511677154,0.36799496016823285
9,3,0.018265148511677154,0.4107332768809724
9,3,0.018265148511677154,0.36799496016823285
9,3,0.058506624719504075,0.4107332768809724
9,3,0.018265148511677154,0.4107332768809724
9,3,0.018265148511677154,0.4107332768809724
9,3,0.058506624719504075,0.4107332768809724
9,3,0.058506624719504075,0.4534715935937115
8,3,0.9780236723038502,0.32525664345549377
9,3,0.018265148511677154,0.32525664345549377
9,3,0.018265148511677154,0.36799496016823285
9,3,0.018265148511677154,0.32525664345549377
9,3,0.058506624719504075,0.36799496016823285
9,3,0.018265148511677154,0.36799496016823285
9,3,0.018265148511677154,0.36799496016823285
9,3,0.058506624719504075,0.36799496016823285
9,3,0.058506624719504075,0.4107332768809724
9,3,0.018265148511677154,0.32525664345549377
9,3,0.058506624719504075,0.32525664345549377
9,3,0.058506624719504075,0.36799496016823285
9,3,0.058506624719504075,0.6671047715315619
9,3,0.058506624719504075,0.6243810562252841
9,3,0.09877730374025262,0.6243810562252841
9,3,0.058506624719504075,0.6243810562252841
9,3,0.09877730374025262,0.5816573409190062
9,3,0.09877730374025262,0.6243810562252841
9,3,0.09877730374025262,0.6243810562252841
9,3,0.09877730374025262,0.5816573409190062
9,3,0.13904798276100294,0.5816573409190062
9,3,0.09877730374025262,0.5816573409190062
9,3,0.13904798276100294,0.5389336256127288
9,3,0.13904798276100294,0.5816573409190062
9,3,0.13904798276100294,0.5816573409190062
9,3,0.13904798276100294,0.5389336256127288
9,3,0.17931866178175326,0.5389336256127288
9,3,0.13904798276100294,0.5389336256127288
9,3,0.17931866178175326,0.496209910306451
9,3,0.17931866178175326,0.5389336256127288
9,3,0.17931866178175326,0.5389336256127288
9,3,0.17931866178175326,0.496209910306451
9,3,0.21958934080250359,0.496209910306451
9,3,0.058506624719504075,0.6243810562252841
9,3,0.058506624719504075,0.5816573409190062
9,3,0.09877730374025262,0.5816573409190062
9,3,0.058506624719504075,0.5816573409190062
9,3,0.09877730374025262,0.5389336256127288
9,3,0.09877730374025262,0.5816573409190062
9,3,0.09877730374025262,0.5816573409190062
9,3,0.09877730374025262,0.5389336256127288
9,3,0.13904798276100294,0.5389336256127288
9,3,0.09877730374025262,0.5389336256127288
9,3,0.13904798276100294,0.496209910306451
9,3,0.13904798276100294,0.5389336256127288
9,3,0.13904798276100294,0.5389336256127288
9,3,0.13904798276100294,0.496209910306451
9,3,0.17931866178175326,0.496209910306451
9,3,0.058506624719504075,0.5816573409190062
9,3,0.058506624719504075,0.5389336256127288
9,3,0.09877730374025262,0.5389336256127288
9,3,0.058506624719504075,0.5389336256127288
9,3,0.09877730374025262,0.496209910306451
9,3,0.09877730374025262,0.5389336256127288
9,3,0.09877730374025262,0.5389336256127288
9,3,0.09877730374025262,0.496209910306451
9,3,0.13904798276100294,0.496209910306451
9,3,0.058506624719504075,0.5389336256127288
9,3,0.058506624719504075,0.496209910306451
9,3,0.09877730374025262,0.496209910306451
9,3,0.21958934080250359,0.496209910306451
9,3,0.21958934080250359,0.5389336256127288
9,3,0.17931866178175326,0.5389336256127288
9,3,0.21958934080250359,0.5389336256127288
9,3,0.17931866178175326,0.5816573409190062
9,3,0.17931866178175326,0.5389336256127288
9,3,0.17931866178175326,0.5389336256127288
9,3,0.17931866178175326,0.5816573409190062
9,3,0.13904798276100294,0.5816573409190062
9,3,0.17931866178175326,0.5816573409190062
9,3,0.13904798276100294,0.6243810562252841
9,3,0.13904798276100294,0.5816573409190062
9,3,0.13904798276100294,0.5816573409190062
9,3,0.13904798276100294,0.6243810562252841
9,3,0.09877730374025262,0.6243810562252841
9,3,0.13904798276100294,0.6243810562252841
9,3,0.09877730374025262,0.6671047715315619
9,3,0.09877730374025262,0.6243810562252841
9,3,0.09877730374025262,0.6243810562252841
9,3,0.09877730374025262,0.6671047715315619
9,3,0.058506624719504075,0.6671047715315619
9,3,0.21958934080250359,0.5389336256127288
9,3,0.21958934080250359,0.5816573409190062
9,3,0.17931866178175326,0.5816573409190062
9,3,0.21958934080250359,0.5816573409190062
9,3,0.17931866178175326,0.6243810562252841
9,3,0.17931866178175326,0.5816573409190062
9,3,0.17931866178175326,0.5816573409190062
9,3,0.17931866178175326,0.6243810562252841
9,3,0.13904798276100294,0.6243810562252841
9,3,0.17931866178175326,0.6243810562252841
9,3,0.13904798276100294,0.6671047715315619
9,3,0.13904798276100294,0.6243810562252841
9,3,0.13904798276100294,0.6243810562252841
9,3,0.13904798276100294,0.6671047715315619
9,3,0.09877730374025262,0.6671047715315619
9,3,0.21958934080250359,0.5816573409190062
9,3,0.21958934080250359,0.6243810562252841
9,3,0.17931866178175326,0.6243810562252841
9,3,0.21958934080250359,0.6243810562252841
9,3,0.17931866178175326,0.6671047715315619
9,3,0.17931866178175326,0.6243810562252841
9,3,0.17931866178175326,0.6243810562252841
9,3,0.17931866178175326,0.6671047715315619
9,3,0.13904798276100294,0.6671047715315619
9,3,0.21958934080250359,0.6243810562252841
9,3,0.21958934080250359,0.6671047715315619
9,3,0.17931866178175326,0.6671047715315619
9,3,0.058506624719504075,0.496209910306451
9,3,0.058506624719504075,0.4534715935937115
9,3,0.09877730374025262,0.4534715935937115
9,3,0.058506624719504075,0.4534715935937115
9,3,0.09877730374025262,0.4107332768809724
9,3,0.09877730374025262,0.4534715935937115
9,3,0.09877730374025262,0.4534715935937115
9,3,0.09877730374025262,0.4107332768809724
9,3,0.13904798276100294,0.4107332768809724
9,3,0.09877730374025262,0.4107332768809724
9,3,0.13904798276100294,0.3679949601682333
9,3,0.13904798276100294,0.4107332768809724
9,3,0.13904798276100294,0.4107332768809724
9,3,0.13904798276100294,0.3679949601682333
9,3,0.17931866178175326,0.36799496016823285
9,3,0.13904798276100294,0.3679949601682333
9,3,0.17931866178175326,0.32525664345549377
9,3,0.17931866178175326,0.36799496016823285
9,3,0.17931866178175326,0.36799496016823285
9,3,0.17931866178175326,0.32525664345549377
9,3,0.21958934080250359,0.32525664345549377
9,3,0.058506624719504075,0.4534715935937115
9,3,0.058506624719504075,0.4107332768809724
9,3,0.09877730374025262,0.4107332768809724
9,3,0.058506624719504075,0.4107332768809724
9,3,0.09877730374025262,0.36799496016823285
9,3,0.09877730374025262,0.4107332768809724
9,3,0.09877730374025262,0.4107332768809724
9,3,0.09877730374025262,0.36799496016823285
9,3,0.13904798276100294,0.3679949601682333
9,3,0.09877730374025262,0.36799496016823285
9,3,0.13904798276100294,0.32525664345549377
9,3,0.13904798276100294,0.3679949601682333
9,3,0.13904798276100294,0.3679949601682333
9,3,0.13904798276100294,0.32525664345549377
9,3,0.17931866178175326,0.32525664345549377
9,3,0.058506624719504075,0.4107332768809724
9,3,0.058506624719504075,0.36799496016823285
9,3,0.09877730374025262,0.36799496016823285
9,3,0.058506624719504075,0.36799496016823285
9,3,0.09877730374025262,0.32525664345549377
9,3,0.09877730374025262,0.36799496016823285
9,3,0.09877730374025262,0.36799496016823285
9,3,0.09877730374025262,0.32525664345549377
9,3,0.13904798276100294,0.32525664345549377
9,3,0.058506624719504075,0.36799496016823285
9,3,0.058506624719504075,0.32525664345549377
9,3,0.09877730374025262,0.32525664345549377
9,3,0.21958934080250359,0.32525664345549377
9,3,0.21958934080250359,0.36799496016823285
9,3,0.17931866178175326,0.36799496016823285
9,3,0.21958934080250359,0.36799496016823285
9,3,0.17931866178175326,0.4107332768809724
9,3,0.17931866178175326,0.36799496016823285
9,3,0.17931866178175326,0.36799496016823285
9,3,0.17931866178175326,0.4107332768809724
9,3,0.13904798276100294,0.4107332768809724
9,3,0.17931866178175326,0.4107332768809724
9,3,0.13904798276100294,0.4534715935937115
9,3,0.13904798276100294,0.4107332768809724
9,3,0.13904798276100294,0.4107332768809724
9,3,0.13904798276100294,0.4534715935937115
9,3,0.09877730374025262,0.4534715935937115
9,3,0.13904798276100294,0.4534715935937115
9,3,0.09877730374025262,0.496209910306451
9,3,0.09877730374025262,0.4534715935937115
9,3,0.09877730374025262,0.4534715935937115
9,3,0.09877730374025262,0.496209910306451
9,3,0.058506624719504075,0.496209910306451
9,3,0.21958934080250359,0.36799496016823285
9,3,0.21958934080250359,0.4107332768809724
9,3,0.17931866178175326,0.4107332768809724
9,3,0.21958934080250359,0.4107332768809724
9,3,0.17931866178175326,0.4534715935937115
9,3,0.17931866178175326,0.4107332768809724
9,3,0.17931866178175326,0.4107332768809724
9,3,0.17931866178175326,0.4534715935937115
9,3,0.13904798276100294,0.4534715935937115
9,3,0.17931866178175326,0.4534715935937115
9,3,0.13904798276100294,0.496209910306451
9,3,0.13904798276100294,0.4534715935937115
9,3,0.13904798276100294,0.4534715935937115
9,3,0.13904798276100294,0.496209910306451
9,3,0.09877730374025262,0.496209910306451
9,3,0.21958934080250359,0.4107332768809724
9,3,0.21958934080250359,0.4534715935937115
9,3,0.17931866178175326,0.4534715935937115
9,3,0.21958934080250359,0.4534715935937115
9,3,0.17931866178175326,0.496209910306451
9,3,0.17931866178175326,0.4534715935937115
9,3,0.17931866178175326,0.4534715935937115
9,3,0.17931866178175326,0.496209910306451
9,3,0.13904798276100294,0.496209910306451
9,3,0.21958934080250359,0.4534715935937115
9,3,0.21958934080250359,0.496209910306451
9,3,0.17931866178175326,0.496209910306451
7,3,0.9399999999999995,0.8500000000000001
7,3,0.8350332459202292,0.7106769093826957
7,3,0.8350332459202292,0.9893230906173045
8,3,0.0449667540797698,0.7106769093826957
8,3,0.0449667540797698,0.9893230906173045
7,2,0.964114137927587,0.07128566819183657
7,2,0.9442033147477016,0.07128566819183657
7,2,0.9442033147477016,0.020471760321345123
7,2,0.9442033147477016,0.07128566819183657
7,2,0.9242924915678161,0.020471760321345123
7,2,0.9442033147477016,0.020471760321345123
7,2,0.9442033147477016,0.020471760321345123
7,2,0.9242924915678161,0.020471760321345123
7,3,0.9242924915678161,0.9696578524508537
7,2,0.9242924915678161,0.020471760321345123
7,3,0.9043816683879315,0.9696578524508537
7,3,0.9242924915678161,0.9696578524508537
7,3,0.9242924915678161,0.9696578524508537
7,3,0.9043816683879315,0.9696578524508537
7,3,0.9043816683879315,0.9188439445803627
7,3,0.9043816683879315,0.9696578524508537
7,3,0.8844708452080461,0.9188439445803622
7,3,0.9043816683879315,0.9188439445803627
7,3,0.9043816683879315,0.9188439445803627
7,3,0.8844708452080461,0.9188439445803622
7,3,0.8844708452080461,0.8680300367098712
7,3,0.8844708452080461,0.9188439445803622
7,3,0.8645600220281606,0.8680300367098712
7,3,0.8844708452080461,0.8680300367098712
7,3,0.8844708452080461,0.8680300367098712
7,3,0.8645600220281606,0.8680300367098712
7,3,0.8645600220281606,0.8172161288393798
7,3,0.8645600220281606,0.8680300367098712
7,3,0.8446491988482752,0.8172161288393798
7,3,0.8645600220281606,0.8172161288393798
7,3,0.8645600220281606,0.8172161288393798
7,3,0.8446491988482752,0.8172161288393798
7,3,0.8446491988482752,0.7664022209688883
7,3,0.8446491988482752,0.8172161288393798
7,3,0.8247383756683906,0.7664022209688883
7,3,0.8446491988482752,0.7664022209688883
7,3,0.8446491988482752,0.7664022209688883
7,3,0.8247383756683906,0.7664022209688883
7,3,0.8247383756683906,0.7155883130983969
7,3,0.8247383756683906,0.7664022209688883
7,3,0.8048275524885051,0.7155883130983969
7,3,0.8247383756683906,0.7155883130983969
7,3,0.8247383756683906,0.7155883130983969
7,3,0.8048275524885051,0.7155883130983969
7,3,0.8048275524885051,0.6647744052279059
7,3,0.8048275524885051,0.7155883130983969
7,3,0.7849167293086197,0.6647744052279059
7,3,0.8048275524885051,0.6647744052279059
7,3,0.8048275524885051,0.6647744052279059
7,3,0.7849167293086197,0.6647744052279059
7,3,0.7849167293086197,0.6139604973574144
7,2,0.9442033147477016,0.07128566819183657
7,2,0.9242924915678161,0.07128566819183657
7,2,0.9242924915678161,0.020471760321345123
7,2,0.9242924915678161,0.07128566819183657
7,2,0.9043816683879315,0.020471760321345123
7,2,0.9242924915678161,0.020471760321345123
7,2,0.9242924915678161,0.020471760321345123
7,2,0.9043816683879315,0.020471760321345123
7,3,0.9043816683879315,0.9696578524508537
7,2,0.9043816683879315,0.020471760321345123
7,3,0.8844708452080461,0.9696578524508537
7,3,0.9043816683879315,0.9696578524508537
7,3,0.9043816683879315,0.9696578524508537
7,3,0.8844708452080461,0.9696578524508537
7,3,0.8844708452080461,0.9188439445803622
7,3,0.8844708452080461,0.9696578524508537
7,3,0.8645600220281606,0.9188439445803622
7,3,0.8844708452080461,0.9188439445803622
7,3,0.8844708452080461,0.9188439445803622
7,3,0.8645600220281606,0.9188439445803622
7,3,0.8645600220281606,0.8680300367098712
7,3,0.8645600220281606,0.9188439445803622
7,3,0.8446491988482752,0.8680300367098712
7,3,0.8645600220281606,0.8680300367098712
7,3,0.8645600220281606,0.8680300367098712
7,3,0.8446491988482752,0.8680300367098712
7,3,0.8446491988482752,0.8172161288393798
7,3,0.8446491988482752,0.8680300367098712
7,3,0.8247383756683906,0.8172161288393798
7,3,0.8446491988482752,0.8172161288393798
7,3,0.8446491988482752,0.8172161288393798
7,3,0.8247383756683906,0.8172161288393798
7,3,0.8247383756683906,0.7664022209688883
7,3,0.8247383756683906,0.8172161288393798
7,3,0.8048275524885051,0.7664022209688883
7,3,0.8247383756683906,0.7664022209688883
7,3,0.8247383756683906,0.7664022209688883
7,3,0.8048275524885051,0.7664022209688883
7,3,0.8048275524885051,0.7155883130983969
7,3,0.8048275524885051,0.7664022209688883
7,3,0.7849167293086197,0.7155883130983969
7,3,0.8048275524885051,0.7155883130983969
7,3,0.8048275524885051,0.7155883130983969
7,3,0.7849167293086197,0.7155883130983969
7,3,0.7849167293086197,0.6647744052279059
7,2,0.9242924915678161,0.07128566819183657
7,2,0.9043816683879315,0.07128566819183657
7,2,0.9043816683879315,0.020471760321345123
7,2,0.9043816683879315,0.07128566819183657
7,2,0.8844708452080461,0.020471760321345123
7,2,0.9043816683879315,0.020471760321345123
7,2,0.9043816683879315,0.020471760321345123
7,2,0.8844708452080461,0.020471760321345123
7,3,0.8844708452080461,0.9696578524508537
7,2,0.8844708452080461,0.020471760321345123
7,3,0.8645600220281606,0.9696578524508537
7,3,0.8844708452080461,0.9696578524508537
7,3,0.8844708452080461,0.9696578524508537
7,3,0.8645600220281606,0.9696578524508537
7,3,0.8645600220281606,0.9188439445803622
7,3,0.8645600220281606,0.9696578524508537
7,3,0.8446491988482752,0.9188439445803622
7,3,0.8645600220281606,0.9188439445803622
7,3,0.8645600220281606,0.9188439445803622
7,3,0.8446491988482752,0.9188439445803622
7,3,0.8446491988482752,0.8680300367098712
7,3,0.8446491988482752,0.9188439445803622
7,3,0.8247383756683906,0.8680300367098712
7,3,0.8446491988482752,0.8680300367098712
7,3,0.8446491988482752,0.8680300367098712
7,3,0.8247383756683906,0.8680300367098712
7,3,0.8247383756683906,0.8172161288393798
7,3,0.8247383756683906,0.8680300367098712
7,3,0.8048275524885051,0.8172161288393798
7,3,0.8247383756683906,0.8172161288393798
7,3,0.8247383756683906,0.8172161288393798
7,3,0.8048275524885051,0.8172161288393798
7,3,0.8048275524885051,0.7664022209688883
7,3,0.8048275524885051,0.8172161288393798
7,3,0.7849167293086197,0.7664022209688883
7,3,0.8048275524885051,0.7664022209688883
7,3,0.8048275524885051,0.7664022209688883
7,3,0.7849167293086197,0.7664022209688883
7,3,0.7849167293086197,0.7155883130983969
7,2,0.9043816683879315,0.07128566819183657
7,2,0.8844708452080461,0.07128566819183657
7,2,0.8844708452080461,0.020471760321345123
7,2,0.8844708452080461,0.07128566819183657
7,2,0.8645600220281606,0.020471760321345123
7,2,0.8844708452080461,0.020471760321345123
7,2,0.8844708452080461,0.020471760321345123
7,2,0.8645600220281606,0.020471760321345123
7,3,0.8645600220281606,0.9696578524508537
7,2,0.8645600220281606,0.020471760321345123
7,3,0.8446491988482752,0.9696578524508537
7,3,0.8645600220281606,0.9696578524508537
7,3,0.8645600220281606,0.9696578524508537
7,3,0.8446491988482752,0.9696578524508537
7,3,0.8446491988482752,0.9188439445803622
7,3,0.8446491988482752,0.9696578524508537
7,3,0.8247383756683906,0.9188439445803622
7,3,0.8446491988482752,0.9188439445803622
7,3,0.8446491988482752,0.9188439445803622
7,3,0.8247383756683906,0.9188439445803622
7,3,0.8247383756683906,0.8680300367098712
7,3,0.8247383756683906,0.9188439445803622
7,3,0.8048275524885051,0.8680300367098712
7,3,0.8247383756683906,0.8680300367098712
7,3,0.8247383756683906,0.8680300367098712
7,3,0.8048275524885051,0.8680300367098712
7,3,0.8048275524885051,0.8172161288393798
7,3,0.8048275524885051,0.8680300367098712
7,3,0.7849167293086197,0.8172161288393798
7,3,0.8048275524885051,0.8172161288393798
7,3,0.8048275524885051,0.8172161288393798
7,3,0.7849167293086197,0.8172161288393798
7,3,0.7849167293086197,0.7664022209688883
7,2,0.8844708452080461,0.07128566819183657
7,2,0.8645600220281606,0.07128566819183657
7,2,0.8645600220281606,0.020471760321345123
7,2,0.8645600220281606,0.07128566819183657
7,2,0.8446491988482752,0.020471760321345123
7,2,0.8645600220281606,0.020471760321345123
7,2,0.8645600220281606,0.020471760321345123
7,2,0.8446491988482752,0.020471760321345123
7,3,0.8446491988482752,0.9696578524508537
7,2,0.8446491988482752,0.020471760321345123
7,3,0.8247383756683906,0.9696578524508537
7,3,0.8446491988482752,0.9696578524508537
7,3,0.8446491988482752,0.9696578524508537
7,3,0.8247383756683906,0.9696578524508537
7,3,0.8247383756683906,0.9188439445803622
7,3,0.8247383756683906,0.9696578524508537
7,3,0.8048275524885051,0.9188439445803627
7,3,0.8247383756683906,0.9188439445803622
7,3,0.8247383756683906,0.9188439445803622
7,3,0.8048275524885051,0.9188439445803627
7,3,0.8048275524885051,0.8680300367098712
7,3,0.8048275524885051,0.9188439445803627
7,3,0.7849167293086197,0.8680300367098712
7,3,0.8048275524885051,0.8680300367098712
7,3,0.8048275524885051,0.8680300367098712
7,3,0.7849167293086197,0.8680300367098712
7,3,0.7849167293086197,0.8172161288393798
7,2,0.8645600220281606,0.07128566819183657
7,2,0.8446491988482752,0.07128566819183657
7,2,0.8446491988482752,0.020471760321345123
7,2,0.8446491988482752,0.07128566819183657
7,2,0.8247383756683906,0.020471760321345123
7,2,0.8446491988482752,0.020471760321345123
7,2,0.8446491988482752,0.020471760321345123
7,2,0.8247383756683906,0.020471760321345123
7,3,0.8247383756683906,0.9696578524508537
7,2,0.8247383756683906,0.020471760321345123
7,3,0.8048275524885051,0.9696578524508537
7,3,0.8247383756683906,0.9696578524508537
7,3,0.8247383756683906,0.9696578524508537
7,3,0.8048275524885051,0.9696578524508537
7,3,0.8048275524885051,0.9188439445803627
7,3,0.8048275524885051,0.9696578524508537
7,3,0.7849167293086197,0.9188439445803622
7,3,0.8048275524885051,0.9188439445803627
7,3,0.8048275524885051,0.9188439445803627
7,3,0.7849167293086197,0.9188439445803622
7,3,0.7849167293086197,0.8680300367098712
7,2,0.8446491988482752,0.07128566819183657
7,2,0.8247383756683906,0.07128566819183657
7,2,0.8247383756683906,0.020471760321345123
7,2,0.8247383756683906,0.07128566819183657
7,2,0.8048275524885051,0.020471760321345123
7,2,0.8247383756683906,0.020471760321345123
7,2,0.8247383756683906,0.020471760321345123
7,2,0.8048275524885051,0.020471760321345123
7,3,0.8048275524885051,0.9696578524508537
7,2,0.8048275524885051,0.020471760321345123
7,3,0.7849167293086197,0.9696578524508537
7,3,0.8048275524885051,0.9696578524508537
7,3,0.8048275524885051,0.9696578524508537
7,3,0.7849167293086197,0.9696578524508537
7,3,0.7849167293086197,0.9188439445803622
7,2,0.8247383756683906,0.07128566819183657
7,2,0.8048275524885051,0.07128566819183657
7,2,0.8048275524885051,0.020471760321345123
7,2,0.8048275524885051,0.07128566819183657
7,2,0.7849167293086197,0.020471760321345123
7,2,0.8048275524885051,0.020471760321345123
7,2,0.8048275524885051,0.020471760321345123
7,2,0.7849167293086197,0.020471760321345123
7,3,0.7849167293086197,0.9696578524508537
7,2,0.8048275524885051,0.07128566819183657
7,2,0.7849167293086197,0.07128566819183657
7,2,0.7849167293086197,0.020471760321345123
7,3,0.7849167293086197,0.6139604973574144
7,3,0.8048275524885051,0.6139604973574144
7,3,0.8048275524885051,0.6647744052279059
7,3,0.8048275524885051,0.6139604973574144
7,3,0.8247383756683906,0.6647744052279059
7,3,0.8048275524885051,0.6647744052279059
7,3,0.8048275524885051,0.6647744052279059
7,3,0.8247383756683906,0.6647744052279059
7,3,0.8247383756683906,0.7155883130983969
7,3,0.8247383756683906,0.6647744052279059
7,3,0.8446491988482752,0.7155883130983969
7,3,0.8247383756683906,0.7155883130983969
7,3,0.8247383756683906,0.7155883130983969
7,3,0.8446491988482752,0.7155883130983969
7,3,0.8446491988482752,0.7664022209688883
7,3,0.8446491988482752,0.7155883130983969
7,3,0.8645600220281606,0.7664022209688883
7,3,0.8446491988482752,0.7664022209688883
7,3,0.8446491988482752,0.7664022209688883
7,3,0.8645600220281606,0.7664022209688883
7,3,0.8645600220281606,0.8172161288393798
7,3,0.8645600220281606,0.7664022209688883
7,3,0.8844708452080461,0.8172161288393798
7,3,0.8645600220281606,0.8172161288393798
7,3,0.8645600220281606,0.8172161288393798
7,3,0.8844708452080461,0.8172161288393798
7,3,0.8844708452080461,0.8680300367098712
7,3,0.8844708452080461,0.8172161288393798
7,3,0.9043816683879315,0.8680300367098712
7,3,0.8844708452080461,0.8680300367098712
7,3,0.8844708452080461,0.8680300367098712
7,3,0.9043816683879315,0.8680300367098712
7,3,0.9043816683879315,0.9188439445803622
7,3,0.9043816683879315,0.8680300367098712
7,3,0.9242924915678161,0.9188439445803622
7,3,0.9043816683879315,0.9188439445803622
7,3,0.9043816683879315,0.9188439445803622
7,3,0.9242924915678161,0.9188439445803622
7,3,0.9242924915678161,0.9696578524508537
7,3,0.9242924915678161,0.9188439445803622
7,3,0.9442033147477016,0.9696578524508537
7,3,0.9242924915678161,0.9696578524508537
7,3,0.9242924915678161,0.9696578524508537
7,3,0.9442033147477016,0.9696578524508537
7,2,0.9442033147477016,0.020471760321345123
7,3,0.9442033147477016,0.9696578524508537
7,2,0.964114137927587,0.020471760321345123
7,2,0.9442033147477016,0.020471760321345123
7,2,0.9442033147477016,0.020471760321345123
7,2,0.964114137927587,0.020471760321345123
7,2,0.964114137927587,0.07128566819183657
7,3,0.8048275524885051,0.6139604973574144
7,3,0.8247383756683906,0.6139604973574144
7,3,0.8247383756683906,0.6647744052279059
7,3,0.8247383756683906,0.6139604973574144
7,3,0.8446491988482752,0.6647744052279054
7,3,0.8247383756683906,0.6647744052279059
7,3,0.8247383756683906,0.6647744052279059
7,3,0.8446491988482752,0.6647744052279054
7,3,0.8446491988482752,0.7155883130983969
7,3,0.8446491988482752,0.6647744052279054
7,3,0.8645600220281606,0.7155883130983969
7,3,0.8446491988482752,0.7155883130983969
7,3,0.8446491988482752,0.7155883130983969
7,3,0.8645600220281606,0.7155883130983969
7,3,0.8645600220281606,0.7664022209688883
7,3,0.8645600220281606,0.7155883130983969
7,3,0.8844708452080461,0.7664022209688883
7,3,0.8645600220281606,0.7664022209688883
7,3,0.8645600220281606,0.7664022209688883
7,3,0.8844708452080461,0.7664022209688883
7,3,0.8844708452080461,0.8172161288393798
7,3,0.8844708452080461,0.7664022209688883
7,3,0.9043816683879315,0.8172161288393798
7,3,0.8844708452080461,0.8172161288393798
7,3,0.8844708452080461,0.8172161288393798
7,3,0.9043816683879315,0.8172161288393798
7,3,0.9043816683879315,0.8680300367098712
7,3,0.9043816683879315,0.8172161288393798
7,3,0.9242924915678161,0.8680300367098712
7,3,0.9043816683879315,0.8680300367098712
7,3,0.9043816683879315,0.8680300367098712
7,3,0.9242924915678161,0.8680300367098712
7,3,0.9242924915678161,0.9188439445803622
7,3,0.9242924915678161,0.8680300367098712
7,3,0.9442033147477016,0.9188439445803622
7,3,0.9242924915678161,0.9188439445803622
7,3,0.9242924915678161,0.9188439445803622
7,3,0.9442033147477016,0.9188439445803622
7,3,0.9442033147477016,0.9696578524508537
7,3,0.9442033147477016,0.9188439445803622
7,3,0.964114137927587,0.9696578524508537
7,3,0.9442033147477016,0.9696578524508537
7,3,0.9442033147477016,0.9696578524508537
7,3,0.964114137927587,0.9696578524508537
7,2,0.964114137927587,0.020471760321345123
7,3,0.8247383756683906,0.6139604973574144
7,3,0.8446491988482752,0.6139604973574144
7,3,0.8446491988482752,0.6647744052279054
7,3,0.8446491988482752,0.6139604973574144
7,3,0.8645600220281606,0.6647744052279059
7,3,0.8446491988482752,0.6647744052279054
7,3,0.8446491988482752,0.6647744052279054
7,3,0.8645600220281606,0.6647744052279059
7,3,0.8645600220281606,0.7155883130983969
7,3,0.8645600220281606,0.6647744052279059
7,3,0.8844708452080461,0.7155883130983969
7,3,0.8645600220281606,0.7155883130983969
7,3,0.8645600220281606,0.7155883130983969
7,3,0.8844708452080461,0.7155883130983969
7,3,0.8844708452080461,0.7664022209688883
7,3,0.8844708452080461,0.7155883130983969
7,3,0.9043816683879315,0.7664022209688883
7,3,0.8844708452080461,0.7664022209688883
7,3,0.8844708452080461,0.7664022209688883
7,3,0.9043816683879315,0.7664022209688883
7,3,0.9043816683879315,0.8172161288393798
7,3,0.9043816683879315,0.7664022209688883
7,3,0.9242924915678161,0.8172161288393798
7,3,0.9043816683879315,0.8172161288393798
7,3,0.9043816683879315,0.8172161288393798
7,3,0.9242924915678161,0.8172161288393798
7,3,0.9242924915678161,0.8680300367098712
7,3,0.9242924915678161,0.8172161288393798
7,3,0.9442033147477016,0.8680300367098712
7,3,0.9242924915678161,0.8680300367098712
7,3,0.9242924915678161,0.8680300367098712
7,3,0.9442033147477016,0.8680300367098712
7,3,0.9442033147477016,0.9188439445803622
7,3,0.9442033147477016,0.8680300367098712
7,3,0.964114137927587,0.9188439445803622
7,3,0.9442033147477016,0.9188439445803622
7,3,0.9442033147477016,0.9188439445803622
7,3,0.964114137927587,0.9188439445803622
7,3,0.964114137927587,0.9696578524508537
7,3,0.8446491988482752,0.6139604973574144
7,3,0.8645600220281606,0.6139604973574144
7,3,0.8645600220281606,0.6647744052279059
7,3,0.8645600220281606,0.6139604973574144
7,3,0.8844708452080461,0.6647744052279059
7,3,0.8645600220281606,0.6647744052279059
7,3,0.8645600220281606,0.6647744052279059
7,3,0.8844708452080461,0.6647744052279059
7,3,0.8844708452080461,0.7155883130983969
7,3,0.8844708452080461,0.6647744052279059
7,3,0.9043816683879315,0.7155883130983969
7,3,0.8844708452080461,0.7155883130983969
7,3,0.8844708452080461,0.7155883130983969
7,3,0.9043816683879315,0.7155883130983969
7,3,0.9043816683879315,0.7664022209688883
7,3,0.9043816683879315,0.7155883130983969
7,3,0.9242924915678161,0.7664022209688883
7,3,0.9043816683879315,0.7664022209688883
7,3,0.9043816683879315,0.7664022209688883
7,3,0.9242924915678161,0.7664022209688883
7,3,0.9242924915678161,0.8172161288393798
7,3,0.9242924915678161,0.7664022209688883
7,3,0.9442033147477016,0.8172161288393798
7,3,0.9242924915678161,0.8172161288393798
7,3,0.9242924915678161,0.8172161288393798
7,3,0.9442033147477016,0.8172161288393798
7,3,0.9442033147477016,0.8680300367098712
7,3,0.9442033147477016,0.8172161288393798
7,3,0.964114137927587,0.8680300367098712
7,3,0.9442033147477016,0.8680300367098712
7,3,0.9442033147477016,0.8680300367098712
7,3,0.964114137927587,0.8680300367098712
7,3,0.964114137927587,0.9188439445803622
7,3,0.8645600220281606,0.6139604973574144
7,3,0.8844708452080461,0.6139604973574144
7,3,0.8844708452080461,0.6647744052279059
7,3,0.8844708452080461,0.6139604973574144
7,3,0.9043816683879315,0.6647744052279054
7,3,0.8844708452080461,0.6647744052279059
7,3,0.8844708452080461,0.6647744052279059
7,3,0.9043816683879315,0.6647744052279054
7,3,0.9043816683879315,0.7155883130983969
7,3,0.9043816683879315,0.6647744052279054
7,3,0.9242924915678161,0.7155883130983969
7,3,0.9043816683879315,0.7155883130983969
7,3,0.9043816683879315,0.7155883130983969
7,3,0.9242924915678161,0.7155883130983969
7,3,0.9242924915678161,0.7664022209688883
7,3,0.9242924915678161,0.7155883130983969
7,3,0.9442033147477016,0.7664022209688883
7,3,0.9242924915678161,0.7664022209688883
7,3,0.9242924915678161,0.7664022209688883
7,3,0.9442033147477016,0.7664022209688883
7,3,0.9442033147477016,0.8172161288393798
7,3,0.9442033147477016,0.7664022209688883
7,3,0.964114137927587,0.8172161288393798
7,3,0.9442033147477016,0.8172161288393798
7,3,0.9442033147477016,0.8172161288393798
7,3,0.964114137927587,0.8172161288393798
7,3,0.964114137927587,0.8680300367098712
7,3,0.8844708452080461,0.6139604973574144
7,3,0.9043816683879315,0.6139604973574144
7,3,0.9043816683879315,0.6647744052279054
7,3,0.9043816683879315,0.6139604973574144
7,3,0.9242924915678161,0.6647744052279059
7,3,0.9043816683879315,0.6647744052279054
7,3,0.9043816683879315,0.6647744052279054
7,3,0.9242924915678161,0.6647744052279059
7,3,0.9242924915678161,0.7155883130983969
7,3,0.9242924915678161,0.6647744052279059
7,3,0.9442033147477016,0.7155883130983969
7,3,0.9242924915678161,0.7155883130983969
7,3,0.9242924915678161,0.7155883130983969
7,3,0.9442033147477016,0.7155883130983969
7,3,0.9442033147477016,0.7664022209688883
7,3,0.9442033147477016,0.7155883130983969
7,3,0.964114137927587,0.7664022209688883
7,3,0.9442033147477016,0.7664022209688883
7,3,0.9442033147477016,0.7664022209688883
7,3,0.964114137927587,0.7664022209688883
7,3,0.964114137927587,0.8172161288393798
7,3,0.9043816683879315,0.6139604973574144
7,3,0.9242924915678161,0.6139604973574144
7,3,0.9242924915678161,0.6647744052279059
7,3,0.9242924915678161,0.6139604973574144
7,3,0.9442033147477016,0.6647744052279059
7,3,0.9242924915678161,0.6647744052279059
7,3,0.9242924915678161,0.6647744052279059
7,3,0.9442033147477016,0.6647744052279059
7,3,0.9442033147477016,0.7155883130983969
7,3,0.9442033147477016,0.6647744052279059
7,3,0.964114137927587,0.7155883130983969
7,3,0.9442033147477016,0.7155883130983969
7,3,0.9442033147477016,0.7155883130983969
7,3,0.964114137927587,0.7155883130983969
7,3,0.964114137927587,0.7664022209688883
7,3,0.9242924915678161,0.6139604973574144
7,3,0.9442033147477016,0.6139604973574144
7,3,0.9442033147477016,0.6647744052279059
7,3,0.9442033147477016,0.6139604973574144
7,3,0.964114137927587,0.6647744052279059
7,3,0.9442033147477016,0.6647744052279059
7,3,0.9442033147477016,0.6647744052279059
7,3,0.964114137927587,0.6647744052279059
7,3,0.964114137927587,0.7155883130983969
7,3,0.9442033147477016,0.6139604973574144
7,3,0.964114137927587,0.6139604973574144
7,3,0.964114137927587,0.6647744052279059
7,2,0.964114137927587,0.07128566819183657
7,2,0.964114137927587,0.020471760321345123
7,2,0.9840166993551156,0.020471760321345123
7,2,0.964114137927587,0.020471760321345123
7,3,0.9840166993551156,0.9696578524508537
7,2,0.9840166993551156,0.020471760321345123
7,2,0.9840166993551156,0.020471760321345123
7,3,0.9840166993551156,0.9696578524508537
8,3,0.0039192607826432635,0.9696578524508537
7,3,0.9840166993551156,0.9696578524508537
8,3,0.0039192607826432635,0.9188439445803627
8,3,0.0039192607826432635,0.9696578524508537
8,3,0.0039192607826432635,0.9696578524508537
8,3,0.0039192607826432635,0.9188439445803627
8,3,0.023821822210171817,0.9188439445803627
8,3,0.0039192607826432635,0.9188439445803627
8,3,0.023821822210171817,0.8680300367098712
8,3,0.023821822210171817,0.9188439445803627
8,3,0.023821822210171817,0.9188439445803627
8,3,0.023821822210171817,0.8680300367098712
8,3,0.04372438363770037,0.8680300367098712
8,3,0.023821822210171817,0.8680300367098712
8,3,0.04372438363770037,0.8172161288393798
8,3,0.04372438363770037,0.8680300367098712
8,3,0.04372438363770037,0.8680300367098712
8,3,0.04372438363770037,0.8172161288393798
8,3,0.06362694506522892,0.8172161288393798
8,3,0.04372438363770037,0.8172161288393798
8,3,0.06362694506522892,0.7664022209688883
8,3,0.06362694506522892,0.8172161288393798
8,3,0.06362694506522892,0.8172161288393798
8,3,0.06362694506522892,0.7664022209688883
8,3,0.08352950649275748,0.7664022209688883
8,3,0.06362694506522892,0.7664022209688883
8,3,0.08352950649275748,0.7155883130983969
8,3,0.08352950649275748,0.7664022209688883
8,3,0.08352950649275748,0.7664022209688883
8,3,0.08352950649275748,0.7155883130983969
8,3,0.10343206792028603,0.7155883130983969
8,3,0.08352950649275748,0.7155883130983969
8,3,0.10343206792028603,0.6647744052279059
8,3,0.10343206792028603,0.7155883130983969
8,3,0.10343206792028603,0.7155883130983969
8,3,0.10343206792028603,0.6647744052279059
8,3,0.12333462934781458,0.6647744052279059
8,3,0.10343206792028603,0.6647744052279059
8,3,0.12333462934781458,0.6139604973574144
8,3,0.12333462934781458,0.6647744052279059
8,3,0.12333462934781458,0.6647744052279059
8,3,0.12333462934781458,0.6139604973574144
8,3,0.14323719077534314,0.6139604973574144
7,2,0.964114137927587,0.020471760321345123
7,3,0.964114137927587,0.9696578524508537
7,3,0.9840166993551156,0.9696578524508537
7,3,0.964114137927587,0.9696578524508537
7,3,0.9840166993551156,0.9188439445803627
7,3,0.9840166993551156,0.9696578524508537
7,3,0.9840166993551156,0.9696578524508537
7,3,0.9840166993551156,0.9188439445803627
8,3,0.0039192607826432635,0.9188439445803627
7,3,0.9840166993551156,0.9188439445803627
8,3,0.0039192607826432635,0.8680300367098712
8,3,0.0039192607826432635,0.9188439445803627
8,3,0.0039192607826432635,0.9188439445803627
8,3,0.0039192607826432635,0.8680300367098712
8,3,0.023821822210171817,0.8680300367098712
8,3,0.0039192607826432635,0.8680300367098712
8,3,0.023821822210171817,0.8172161288393798
8,3,0.023821822210171817,0.8680300367098712
8,3,0.023821822210171817,0.8680300367098712
8,3,0.023821822210171817,0.8172161288393798
8,3,0.04372438363770037,0.8172161288393798
8,3,0.023821822210171817,0.8172161288393798
8,3,0.04372438363770037,0.7664022209688883
8,3,0.04372438363770037,0.8172161288393798
8,3,0.04372438363770037,0.8172161288393798
8,3,0.04372438363770037,0.7664022209688883
8,3,0.06362694506522892,0.7664022209688883
8,3,0.04372438363770037,0.7664022209688883
8,3,0.06362694506522892,0.7155883130983969
8,3,0.06362694506522892,0.7664022209688883
8,3,0.06362694506522892,0.7664022209688883
8,3,0.06362694506522892,0.7155883130983969
8,3,0.08352950649275748,0.7155883130983969
8,3,0.06362694506522892,0.7155883130983969
8,3,0.08352950649275748,0.6647744052279059
8,3,0.08352950649275748,0.7155883130983969
8,3,0.08352950649275748,0.7155883130983969
8,3,0.08352950649275748,0.6647744052279059
8,3,0.10343206792028603,0.6647744052279059
8,3,0.08352950649275748,0.6647744052279059
8,3,0.10343206792028603,0.6139604973574144
8,3,0.10343206792028603,0.6647744052279059
8,3,0.10343206792028603,0.6647744052279059
8,3,0.10343206792028603,0.6139604973574144
8,3,0.12333462934781458,0.6139604973574144
7,3,0.964114137927587,0.9696578524508537
7,3,0.964114137927587,0.9188439445803627
7,3,0.9840166993551156,0.9188439445803627
7,3,0.964114137927587,0.9188439445803627
7,3,0.9840166993551156,0.8680300367098712
7,3,0.9840166993551156,0.9188439445803627
7,3,0.9840166993551156,0.9188439445803627
7,3,0.9840166993551156,0.8680300367098712
8,3,0.0039192607826432635,0.8680300367098712
7,3,0.9840166993551156,0.8680300367098712
8,3,0.0039192607826432635,0.8172161288393798
8,3,0.0039192607826432635,0.8680300367098712
8,3,0.0039192607826432635,0.8680300367098712
8,3,0.0039192607826432635,0.8172161288393798
8,3,0.023821822210171817,0.8172161288393798
8,3,0.0039192607826432635,0.8172161288393798
8,3,0.023821822210171817,0.7664022209688883
8,3,0.023821822210171817,0.8172161288393798
8,3,0.023821822210171817,0.8172161288393798
8,3,0.023821822210171817,0.7664022209688883
8,3,0.04372438363770037,0.7664022209688883
8,3,0.023821822210171817,0.7664022209688883
8,3,0.04372438363770037,0.7155883130983969
8,3,0.04372438363770037,0.7664022209688883
8,3,0.04372438363770037,0.7664022209688883
8,3,0.04372438363770037,0.7155883130983969
8,3,0.06362694506522892,0.7155883130983969
8,3,0.04372438363770037,0.7155883130983969
8,3,0.06362694506522892,0.6647744052279059
8,3,0.06362694506522892,0.7155883130983969
8,3,0.06362694506522892,0.7155883130983969
8,3,0.06362694506522892,0.6647744052279059
8,3,0.08352950649275748,0.6647744052279059
8,3,0.06362694506522892,0.6647744052279059
8,3,0.08352950649275748,0.6139604973574144
8,3,0.08352950649275748,0.6647744052279059
8,3,0.08352950649275748,0.6647744052279059
8,3,0.08352950649275748,0.6139604973574144
8,3,0.10343206792028603,0.6139604973574144
7,3,0.964114137927587,0.9188439445803627
7,3,0.964114137927587,0.8680300367098712
7,3,0.9840166993551156,0.8680300367098712
7,3,0.964114137927587,0.8680300367098712
7,3,0.9840166993551156,0.8172161288393798
7,3,0.9840166993551156,0.8680300367098712
7,3,0.9840166993551156,0.8680300367098712
7,3,0.9840166993551156,0.8172161288393798
8,3,0.0039192607826432635,0.8172161288393798
7,3,0.9840166993551156,0.8172161288393798
8,3,0.0039192607826432635,0.7664022209688883
8,3,0.0039192607826432635,0.8172161288393798
8,3,0.0039192607826432635,0.8172161288393798
8,3,0.0039192607826432635,0.7664022209688883
8,3,0.023821822210171817,0.7664022209688883
8,3,0.0039192607826432635,0.7664022209688883
8,3,0.023821822210171817,0.7155883130983969
8,3,0.023821822210171817,0.7664022209688883
8,3,0.023821822210171817,0.7664022209688883
8,3,0.023821822210171817,0.7155883130983969
8,3,0.04372438363770037,0.7155883130983969
8,3,0.023821822210171817,0.7155883130983969
8,3,0.04372438363770037,0.6647744052279059
8,3,0.04372438363770037,0.7155883130983969
8,3,0.04372438363770037,0.7155883130983969
8,3,0.04372438363770037,0.6647744052279059
8,3,0.06362694506522892,0.6647744052279059
8,3,0.04372438363770037,0.6647744052279059
8,3,0.06362694506522892,0.6139604973574144
8,3,0.06362694506522892,0.6647744052279059
8,3,0.06362694506522892,0.6647744052279059
8,3,0.06362694506522892,0.6139604973574144
8,3,0.08352950649275748,0.6139604973574144
7,3,0.964114137927587,0.8680300367098712
7,3,0.964114137927587,0.8172161288393798
7,3,0.9840166993551156,0.8172161288393798
7,3,0.964114137927587,0.8172161288393798
7,3,0.9840166993551156,0.7664022209688883
7,3,0.9840166993551156,0.8172161288393798
7,3,0.9840166993551156,0.8172161288393798
7,3,0.9840166993551156,0.7664022209688883
8,3,0.0039192607826432635,0.7664022209688883
7,3,0.9840166993551156,0.7664022209688883
8,3,0.0039192607826432635,0.7155883130983969
8,3,0.0039192607826432635,0.7664022209688883
8,3,0.0039192607826432635,0.7664022209688883
8,3,0.0039192607826432635,0.7155883130983969
8,3,0.023821822210171817,0.7155883130983969
8,3,0.0039192607826432635,0.7155883130983969
8,3,0.023821822210171817,0.6647744052279059
8,3,0.023821822210171817,0.7155883130983969
8,3,0.023821822210171817,0.7155883130983969
8,3,0.023821822210171817,0.6647744052279059
8,3,0.04372438363770037,0.6647744052279059
8,3,0.023821822210171817,0.6647744052279059
8,3,0.04372438363770037,0.6139604973574144
8,3,0.04372438363770037,0.6647744052279059
8,3,0.04372438363770037,0.6647744052279059
8,3,0.04372438363770037,0.6139604973574144
8,3,0.06362694506522892,0.6139604973574144
7,3,0.964114137927587,0.8172161288393798
7,3,0.964114137927587,0.7664022209688883
7,3,0.9840166993551156,0.7664022209688883
7,3,0.964114137927587,0.7664022209688883
7,3,0.9840166993551156,0.7155883130983969
7,3,0.9840166993551156,0.7664022209688883
7,3,0.9840166993551156,0.7664022209688883
7,3,0.9840166993551156,0.7155883130983969
8,3,0.0039192607826432635,0.7155883130983969
7,3,0.9840166993551156,0.7155883130983969
8,3,0.0039192607826432635,0.6647744052279059
8,3,0.0039192607826432635,0.7155883130983969
8,3,0.0039192607826432635,0.7155883130983969
8,3,0.0039192607826432635,0.6647744052279059
8,3,0.023821822210171817,0.6647744052279059
8,3,0.0039192607826432635,0.6647744052279059
8,3,0.023821822210171817,0.6139604973574144
8,3,0.023821822210171817,0.6647744052279059
8,3,0.023821822210171817,0.6647744052279059
8,3,0.023821822210171817,0.6139604973574144
8,3,0.04372438363770037,0.6139604973574144
7,3,0.964114137927587,0.7664022209688883
7,3,0.964114137927587,0.7155883130983969
7,3,0.9840166993551156,0.7155883130983969
7,3,0.964114137927587,0.7155883130983969
7,3,0.9840166993551156,0.6647744052279059
7,3,0.9840166993551156,0.7155883130983969
7,3,0.9840166993551156,0.7155883130983969
7,3,0.9840166993551156,0.6647744052279059
8,3,0.0039192607826432635,0.6647744052279059
7,3,0.9840166993551156,0.6647744052279059
8,3,0.0039192607826432635,0.6139604973574144
8,3,0.0039192607826432635,0.6647744052279059
8,3,0.0039192607826432635,0.6647744052279059
8,3,0.0039192607826432635,0.6139604973574144
8,3,0.023821822210171817,0.6139604973574144
7,3,0.964114137927587,0.7155883130983969
7,3,0.964114137927587,0.6647744052279059
7,3,0.9840166993551156,0.6647744052279059
7,3,0.964114137927587,0.6647744052279059
7,3,0.9840166993551156,0.6139604973574144
7,3,0.9840166993551156,0.6647744052279059
7,3,0.9840166993551156,0.6647744052279059
7,3,0.9840166993551156,0.6139604973574144
8,3,0.0039192607826432635,0.6139604973574144
7,3,0.964114137927587,0.6647744052279059
7,3,0.964114137927587,0.6139604973574144
7,3,0.9840166993551156,0.6139604973574144
8,3,0.14323719077534314,0.6139604973574144
8,3,0.14323719077534314,0.6647744052279059
8,3,0.12333462934781458,0.6647744052279059
8,3,0.14323719077534314,0.6647744052279059
8,3,0.12333462934781458,0.7155883130983969
8,3,0.12333462934781458,0.6647744052279059
8,3,0.12333462934781458,0.6647744052279059
8,3,0.12333462934781458,0.7155883130983969
8,3,0.10343206792028603,0.7155883130983969
8,3,0.12333462934781458,0.7155883130983969
8,3,0.10343206792028603,0.7664022209688883
8,3,0.10343206792028603,0.7155883130983969
8,3,0.10343206792028603,0.7155883130983969
8,3,0.10343206792028603,0.7664022209688883
8,3,0.08352950649275748,0.7664022209688883
8,3,0.10343206792028603,0.7664022209688883
8,3,0.08352950649275748,0.8172161288393798
8,3,0.08352950649275748,0.7664022209688883
8,3,0.08352950649275748,0.7664022209688883
8,3,0.08352950649275748,0.8172161288393798
8,3,0.06362694506522892,0.8172161288393798
8,3,0.08352950649275748,0.8172161288393798
8,3,0.06362694506522892,0.8680300367098712
8,3,0.06362694506522892,0.8172161288393798
8,3,0.06362694506522892,0.8172161288393798
8,3,0.06362694506522892,0.8680300367098712
8,3,0.04372438363770037,0.8680300367098712
8,3,0.06362694506522892,0.8680300367098712
8,3,0.04372438363770037,0.9188439445803622
8,3,0.04372438363770037,0.8680300367098712
8,3,0.04372438363770037,0.8680300367098712
8,3,0.04372438363770037,0.9188439445803622
8,3,0.023821822210171817,0.9188439445803622
8,3,0.04372438363770037,0.9188439445803622
8,3,0.023821822210171817,0.9696578524508537
8,3,0.023821822210171817,0.9188439445803622
8,3,0.023821822210171817,0.9188439445803622
8,3,0.023821822210171817,0.9696578524508537
8,3,0.0039192607826432635,0.9696578524508537
8,3,0.023821822210171817,0.9696578524508537
8,2,0.0039192607826432635,0.020471760321345123
8,3,0.0039192607826432635,0.9696578524508537
8,3,0.0039192607826432635,0.9696578524508537
8,2,0.0039192607826432635,0.020471760321345123
7,2,0.9840166993551156,0.020471760321345123
8,2,0.0039192607826432635,0.020471760321345123
7,2,0.9840166993551156,0.07128566819183657
7,2,0.9840166993551156,0.020471760321345123
7,2,0.9840166993551156,0.020471760321345123
7,2,0.9840166993551156,0.07128566819183657
7,2,0.964114137927587,0.07128566819183657
8,3,0.14323719077534314,0.6647744052279059
8,3,0.14323719077534314,0.7155883130983969
8,3,0.12333462934781458,0.7155883130983969
8,3,0.14323719077534314,0.7155883130983969
8,3,0.12333462934781458,0.7664022209688883
8,3,0.12333462934781458,0.7155883130983969
8,3,0.12333462934781458,0.7155883130983969
8,3,0.12333462934781458,0.7664022209688883
8,3,0.10343206792028603,0.7664022209688883
8,3,0.12333462934781458,0.7664022209688883
8,3,0.10343206792028603,0.8172161288393798
8,3,0.10343206792028603,0.7664022209688883
8,3,0.10343206792028603,0.7664022209688883
8,3,0.10343206792028603,0.8172161288393798
8,3,0.08352950649275748,0.8172161288393798
8,3,0.10343206792028603,0.8172161288393798
8,3,0.08352950649275748,0.8680300367098712
8,3,0.08352950649275748,0.8172161288393798
8,3,0.08352950649275748,0.8172161288393798
8,3,0.08352950649275748,0.8680300367098712
8,3,0.06362694506522892,0.8680300367098712
8,3,0.08352950649275748,0.8680300367098712
8,3,0.06362694506522892,0.9188439445803622
8,3,0.06362694506522892,0.8680300367098712
8,3,0.06362694506522892,0.8680300367098712
8,3,0.06362694506522892,0.9188439445803622
8,3,0.04372438363770037,0.9188439445803622
8,3,0.06362694506522892,0.9188439445803622
8,3,0.04372438363770037,0.9696578524508537
8,3,0.04372438363770037,0.9188439445803622
8,3,0.04372438363770037,0.9188439445803622
8,3,0.04372438363770037,0.9696578524508537
8,3,0.023821822210171817,0.9696578524508537
8,3,0.04372438363770037,0.9696578524508537
8,2,0.023821822210171817,0.020471760321345123
8,3,0.023821822210171817,0.9696578524508537
8,3,0.023821822210171817,0.9696578524508537
8,2,0.023821822210171817,0.020471760321345123
8,2,0.0039192607826432635,0.020471760321345123
8,2,0.023821822210171817,0.020471760321345123
8,2,0.0039192607826432635,0.07128566819183657
8,2,0.0039192607826432635,0.020471760321345123
8,2,0.0039192607826432635,0.020471760321345123
8,2,0.0039192607826432635,0.07128566819183657
7,2,0.9840166993551156,0.07128566819183657
8,3,0.14323719077534314,0.7155883130983969
8,3,0.14323719077534314,0.7664022209688883
8,3,0.12333462934781458,0.7664022209688883
8,3,0.14323719077534314,0.7664022209688883
8,3,0.12333462934781458,0.8172161288393798
8,3,0.12333462934781458,0.7664022209688883
8,3,0.12333462934781458,0.7664022209688883
8,3,0.12333462934781458,0.8172161288393798
8,3,0.10343206792028603,0.8172161288393798
8,3,0.12333462934781458,0.8172161288393798
8,3,0.10343206792028603,0.8680300367098712
8,3,0.10343206792028603,0.8172161288393798
8,3,0.10343206792028603,0.8172161288393798
8,3,0.10343206792028603,0.8680300367098712
8,3,0.08352950649275748,0.8680300367098712
8,3,0.10343206792028603,0.8680300367098712
8,3,0.08352950649275748,0.9188439445803622
8,3,0.08352950649275748,0.8680300367098712
8,3,0.08352950649275748,0.8680300367098712
8,3,0.08352950649275748,0.9188439445803622
8,3,0.06362694506522892,0.9188439445803622
8,3,0.08352950649275748,0.9188439445803622
8,3,0.06362694506522892,0.9696578524508537
8,3,0.06362694506522892,0.9188439445803622
8,3,0.06362694506522892,0.9188439445803622
8,3,0.06362694506522892,0.9696578524508537
8,3,0.04372438363770037,0.9696578524508537
8,3,0.06362694506522892,0.9696578524508537
8,2,0.04372438363770037,0.020471760321345123
8,3,0.04372438363770037,0.9696578524508537
8,3,0.04372438363770037,0.9696578524508537
8,2,0.04372438363770037,0.020471760321345123
8,2,0.023821822210171817,0.020471760321345123
8,2,0.04372438363770037,0.020471760321345123
8,2,0.023821822210171817,0.07128566819183657
8,2,0.023821822210171817,0.020471760321345123
8,2,0.023821822210171817,0.020471760321345123
8,2,0.023821822210171817,0.07128566819183657
8,2,0.0039192607826432635,0.07128566819183657
8,3,0.14323719077534314,0.7664022209688883
8,3,0.14323719077534314,0.8172161288393798
8,3,0.12333462934781458,0.8172161288393798
8,3,0.14323719077534314,0.8172161288393798
8,3,0.12333462934781458,0.8680300367098712
8,3,0.12333462934781458,0.8172161288393798
8,3,0.12333462934781458,0.8172161288393798
8,3,0.12333462934781458,0.8680300367098712
8,3,0.10343206792028603,0.8680300367098712
8,3,0.12333462934781458,0.8680300367098712
8,3,0.10343206792028603,0.9188439445803622
8,3,0.10343206792028603,0.8680300367098712
8,3,0.10343206792028603,0.8680300367098712
8,3,0.10343206792028603,0.9188439445803622
8,3,0.08352950649275748,0.9188439445803622
8,3,0.10343206792028603,0.9188439445803622
8,3,0.08352950649275748,0.9696578524508537
8,3,0.08352950649275748,0.9188439445803622
8,3,0.08352950649275748,0.9188439445803622
8,3,0.08352950649275748,0.9696578524508537
8,3,0.06362694506522892,0.9696578524508537
8,3,0.08352950649275748,0.9696578524508537
8,2,0.06362694506522892,0.020471760321345123
8,3,0.06362694506522892,0.9696578524508537
8,3,0.06362694506522892,0.9696578524508537
8,2,0.06362694506522892,0.020471760321345123
8,2,0.04372438363770037,0.020471760321345123
8,2,0.06362694506522892,0.020471760321345123
8,2,0.04372438363770037,0.07128566819183657
8,2,0.04372438363770037,0.020471760321345123
8,2,0.04372438363770037,0.020471760321345123
8,2,0.04372438363770037,0.07128566819183657
8,2,0.023821822210171817,0.07128566819183657
8,3,0.14323719077534314,0.8172161288393798
8,3,0.14323719077534314,0.8680300367098712
8,3,0.12333462934781458,0.8680300367098712
8,3,0.14323719077534314,0.8680300367098712
8,3,0.12333462934781458,0.9188439445803622
8,3,0.12333462934781458,0.8680300367098712
8,3,0.12333462934781458,0.8680300367098712
8,3,0.12333462934781458,0.9188439445803622
8,3,0.10343206792028603,0.9188439445803622
8,3,0.12333462934781458,0.9188439445803622
8,3,0.10343206792028603,0.9696578524508537
8,3,0.10343206792028603,0.9188439445803622
8,3,0.10343206792028603,0.9188439445803622
8,3,0.10343206792028603,0.9696578524508537
8,3,0.08352950649275748,0.9696578524508537
8,3,0.10343206792028603,0.9696578524508537
8,2,0.08352950649275748,0.020471760321345123
8,3,0.08352950649275748,0.9696578524508537
8,3,0.08352950649275748,0.9696578524508537
8,2,0.08352950649275748,0.020471760321345123
8,2,0.06362694506522892,0.020471760321345123
8,2,0.08352950649275748,0.020471760321345123
8,2,0.06362694506522892,0.07128566819183657
8,2,0.06362694506522892,0.020471760321345123
8,2,0.06362694506522892,0.020471760321345123
8,2,0.06362694506522892,0.07128566819183657
8,2,0.04372438363770037,0.07128566819183657
8,3,0.14323719077534314,0.8680300367098712
8,3,0.14323719077534314,0.9188439445803622
8,3,0.12333462934781458,0.9188439445803622
8,3,0.14323719077534314,0.9188439445803622
8,3,0.12333462934781458,0.9696578524508537
8,3,0.12333462934781458,0.9188439445803622
8,3,0.12333462934781458,0.9188439445803622
8,3,0.12333462934781458,0.9696578524508537
8,3,0.10343206792028603,0.9696578524508537
8,3,0.12333462934781458,0.9696578524508537
8,2,0.10343206792028603,0.020471760321345123
8,3,0.10343206792028603,0.9696578524508537
8,3,0.10343206792028603,0.9696578524508537
8,2,0.10343206792028603,0.020471760321345123
8,2,0.08352950649275748,0.020471760321345123
8,2,0.10343206792028603,0.020471760321345123
8,2,0.08352950649275748,0.07128566819183657
8,2,0.08352950649275748,0.020471760321345123
8,2,0.08352950649275748,0.020471760321345123
8,2,0.08352950649275748,0.07128566819183657
8,2,0.06362694506522892,0.07128566819183657
8,3,0.14323719077534314,0.9188439445803622
8,3,0.14323719077534314,0.9696578524508537
8,3,0.12333462934781458,0.9696578524508537
8,3,0.14323719077534314,0.9696578524508537
8,2,0.12333462934781458,0.020471760321345123
8,3,0.12333462934781458,0.9696578524508537
8,3,0.12333462934781458,0.9696578524508537
8,2,0.12333462934781458,0.020471760321345123
8,2,0.10343206792028603,0.020471760321345123
8,2,0.12333462934781458,0.020471760321345123
8,2,0.10343206792028603,0.07128566819183657
8,2,0.10343206792028603,0.020471760321345123
8,2,0.10343206792028603,0.020471760321345123
8,2,0.10343206792028603,0.07128566819183657
8,2,0.08352950649275748,0.07128566819183657
8,3,0.14323719077534314,0.9696578524508537
8,2,0.14323719077534314,0.020471760321345123
8,2,0.12333462934781458,0.020471760321345123
8,2,0.14323719077534314,0.020471760321345123
8,2,0.12333462934781458,0.07128566819183657
8,2,0.12333462934781458,0.020471760321345123
8,2,0.12333462934781458,0.020471760321345123
8,2,0.12333462934781458,0.07128566819183657
8,2,0.10343206792028603,0.07128566819183657
8,2,0.14323719077534314,0.020471760321345123
8,2,0.14323719077534314,0.07128566819183657
8,2,0.12333462934781458,0.07128566819183657
7,3,0.724242420000289,0.8213015653798168
7,3,0.724242420000289,0.7840493240030106
7,3,0.7559477208447403,0.7840493240030106
7,3,0.724242420000289,0.7840493240030106
7,3,0.7559477208447403,0.7467970826262049
7,3,0.7559477208447403,0.7840493240030106
7,3,0.7559477208447403,0.7840493240030106
7,3,0.7559477208447403,0.7467970826262049
7,3,0.7876530216891915,0.7467970826262049
7,3,0.7559477208447403,0.7467970826262049
7,3,0.7876530216891915,0.7095448412493988
7,3,0.7876530216891915,0.7467970826262049
7,3,0.7876530216891915,0.7467970826262049
7,3,0.7876530216891915,0.7095448412493988
7,3,0.8193583225336427,0.7095448412493988
7,3,0.7876530216891915,0.7095448412493988
7,3,0.8193583225336427,0.6722925998725926
7,3,0.8193583225336427,0.7095448412493988
7,3,0.8193583225336427,0.7095448412493988
7,3,0.8193583225336427,0.6722925998725926
7,3,0.8510636233780939,0.6722925998725926
7,3,0.8193583225336427,0.6722925998725926
7,3,0.8510636233780939,0.6350403584957864
7,3,0.8510636233780939,0.6722925998725926
7,3,0.8510636233780939,0.6722925998725926
7,3,0.8510636233780939,0.6350403584957864
7,3,0.8827689242225452,0.6350403584957864
7,3,0.724242420000289,0.7840493240030106
7,3,0.724242420000289,0.7467970826262049
7,3,0.7559477208447403,0.7467970826262049
7,3,0.724242420000289,0.7467970826262049
7,3,0.7559477208447403,0.7095448412493988
7,3,0.7559477208447403,0.7467970826262049
7,3,0.7559477208447403,0.7467970826262049
7,3,0.7559477208447403,0.7095448412493988
7,3,0.7876530216891915,0.7095448412493988
7,3,0.7559477208447403,0.7095448412493988
7,3,0.7876530216891915,0.6722925998725926
7,3,0.7876530216891915,0.7095448412493988
7,3,0.7876530216891915,0.7095448412493988
7,3,0.7876530216891915,0.6722925998725926
7,3,0.8193583225336427,0.6722925998725926
7,3,0.7876530216891915,0.6722925998725926
7,3,0.8193583225336427,0.6350403584957864
7,3,0.8193583225336427,0.6722925998725926
7,3,0.8193583225336427,0.6722925998725926
7,3,0.8193583225336427,0.6350403584957864
7,3,0.8510636233780939,0.6350403584957864
7,3,0.724242420000289,0.7467970826262049
7,3,0.724242420000289,0.7095448412493988
7,3,0.7559477208447403,0.7095448412493988
7,3,0.724242420000289,0.7095448412493988
7,3,0.7559477208447403,0.6722925998725926
7,3,0.7559477208447403,0.7095448412493988
7,3,0.7559477208447403,0.7095448412493988
7,3,0.7559477208447403,0.6722925998725926
7,3,0.7876530216891915,0.6722925998725926
7,3,0.7559477208447403,0.6722925998725926
7,3,0.7876530216891915,0.6350403584957864
7,3,0.7876530216891915,0.6722925998725926
7,3,0.7876530216891915,0.6722925998725926
7,3,0.7876530216891915,0.6350403584957864
7,3,0.8193583225336427,0.6350403584957864
7,3,0.724242420000289,0.7095448412493988
7,3,0.724242420000289,0.6722925998725926
7,3,0.7559477208447403,0.6722925998725926
7,3,0.724242420000289,0.6722925998725926
7,3,0.7559477208447403,0.6350403584957864
7,3,0.7559477208447403,0.6722925998725926
7,3,0.7559477208447403,0.6722925998725926
7,3,0.7559477208447403,0.6350403584957864
7,3,0.7876530216891915,0.6350403584957864
7,3,0.724242420000289,0.6722925998725926
7,3,0.724242420000289,0.6350403584957864
7,3,0.7559477208447403,0.6350403584957864
7,3,0.8827689242225452,0.6350403584957864
7,3,0.8827689242225452,0.6722925998725926
7,3,0.8510636233780939,0.6722925998725926
7,3,0.8827689242225452,0.6722925998725926
7,3,0.8510636233780939,0.7095448412493988
7,3,0.8510636233780939,0.6722925998725926
7,3,0.8510636233780939,0.6722925998725926
7,3,0.8510636233780939,0.7095448412493988
7,3,0.8193583225336427,0.7095448412493988
7,3,0.8510636233780939,0.7095448412493988
7,3,0.8193583225336427,0.7467970826262049
7,3,0.8193583225336427,0.7095448412493988
7,3,0.8193583225336427,0.7095448412493988
7,3,0.8193583225336427,0.7467970826262049
7,3,0.7876530216891915,0.7467970826262049
7,3,0.8193583225336427,0.7467970826262049
7,3,0.7876530216891915,0.7840493240030106
7,3,0.7876530216891915,0.7467970826262049
7,3,0.7876530216891915,0.7467970826262049
7,3,0.7876530216891915,0.7840493240030106
7,3,0.7559477208447403,0.7840493240030106
7,3,0.7876530216891915,0.7840493240030106
7,3,0.7559477208447403,0.8213015653798168
7,3,0.7559477208447403,0.7840493240030106
7,3,0.7559477208447403,0.7840493240030106
7,3,0.7559477208447403,0.8213015653798168
7,3,0.724242420000289,0.8213015653798168
7,3,0.8827689242225452,0.6722925998725926
7,3,0.8827689242225452,0.7095448412493988
7,3,0.8510636233780939,0.7095448412493988
7,3,0.8827689242225452,0.7095448412493988
7,3,0.8510636233780939,0.7467970826262049
7,3,0.8510636233780939,0.7095448412493988
7,3,0.8510636233780939,0.7095448412493988
7,3,0.8510636233780939,0.7467970826262049
7,3,0.8193583225336427,0.7467970826262049
7,3,0.8510636233780939,0.7467970826262049
7,3,0.8193583225336427,0.7840493240030106
7,3,0.8193583225336427,0.7467970826262049
7,3,0.8193583225336427,0.7467970826262049
7,3,0.8193583225336427,0.7840493240030106
7,3,0.7876530216891915,0.7840493240030106
7,3,0.8193583225336427,0.7840493240030106
7,3,0.7876530216891915,0.8213015653798168
7,3,0.7876530216891915,0.7840493240030106
7,3,0.7876530216891915,0.7840493240030106
7,3,0.7876530216891915,0.8213015653798168
7,3,0.7559477208447403,0.8213015653798168
7,3,0.8827689242225452,0.7095448412493988
7,3,0.8827689242225452,0.7467970826262045
7,3,0.8510636233780939,0.7467970826262049
7,3,0.8827689242225452,0.7467970826262045
7,3,0.8510636233780939,0.7840493240030106
7,3,0.8510636233780939,0.7467970826262049
7,3,0.8510636233780939,0.7467970826262049
7,3,0.8510636233780939,0.7840493240030106
7,3,0.8193583225336427,0.7840493240030106
7,3,0.8510636233780939,0.7840493240030106
7,3,0.8193583225336427,0.8213015653798168
7,3,0.8193583225336427,0.7840493240030106
7,3,0.8193583225336427,0.7840493240030106
7,3,0.8193583225336427,0.8213015653798168
7,3,0.7876530216891915,0.8213015653798168
7,3,0.8827689242225452,0.7467970826262045
7,3,0.8827689242225452,0.7840493240030106
7,3,0.8510636233780939,0.7840493240030106
7,3,0.8827689242225452,0.7840493240030106
7,3,0.8510636233780939,0.8213015653798168
7,3,0.8510636233780939,0.7840493240030106
7,3,0.8510636233780939,0.7840493240030106
7,3,0.8510636233780939,0.8213015653798168
7,3,0.8193583225336427,0.8213015653798168
7,3,0.8827689242225452,0.7840493240030106
7,3,0.8827689242225452,0.8213015653798168
7,3,0.8510636233780939,0.8213015653798168
7,3,0.8827689242225452,0.8213015653798168
7,3,0.8827689242225452,0.7840493240030106
7,3,0.9144444827585119,0.7840493240030106
7,3,0.8827689242225452,0.7840493240030106
7,3,0.9144444827585119,0.7467970826262045
7,3,0.9144444827585119,0.7840493240030106
7,3,0.9144444827585119,0.7840493240030106
7,3,0.9144444827585119,0.7467970826262045
7,3,0.9461200412944786,0.7467970826262045
7,3,0.9144444827585119,0.7467970826262045
7,3,0.9461200412944786,0.7095448412493988
7,3,0.9461200412944786,0.7467970826262045
7,3,0.9461200412944786,0.7467970826262045
7,3,0.9461200412944786,0.7095448412493988
7,3,0.9777955998304462,0.7095448412493988
7,3,0.9461200412944786,0.7095448412493988
7,3,0.9777955998304462,0.6722925998725926
7,3,0.9777955998304462,0.7095448412493988
7,3,0.9777955998304462,0.7095448412493988
7,3,0.9777955998304462,0.6722925998725926
8,3,0.00947115836641288,0.6722925998725926
7,3,0.9777955998304462,0.6722925998725926
8,3,0.00947115836641288,0.6350403584957864
8,3,0.00947115836641288,0.6722925998725926
8,3,0.00947115836641288,0.6722925998725926
8,3,0.00947115836641288,0.6350403584957864
8,3,0.0411467169023787,0.6350403584957864
7,3,0.8827689242225452,0.7840493240030106
7,3,0.8827689242225452,0.7467970826262045
7,3,0.9144444827585119,0.7467970826262045
7,3,0.8827689242225452,0.7467970826262045
7,3,0.9144444827585119,0.7095448412493988
7,3,0.9144444827585119,0.7467970826262045
7,3,0.9144444827585119,0.7467970826262045
7,3,0.9144444827585119,0.7095448412493988
7,3,0.9461200412944786,0.7095448412493988
7,3,0.9144444827585119,0.7095448412493988
7,3,0.9461200412944786,0.6722925998725926
7,3,0.9461200412944786,0.7095448412493988
7,3,0.9461200412944786,0.7095448412493988
7,3,0.9461200412944786,0.6722925998725926
7,3,0.9777955998304462,0.6722925998725926
7,3,0.9461200412944786,0.6722925998725926
7,3,0.9777955998304462,0.6350403584957864
7,3,0.9777955998304462,0.6722925998725926
7,3,0.9777955998304462,0.6722925998725926
7,3,0.9777955998304462,0.6350403584957864
8,3,0.00947115836641288,0.6350403584957864
7,3,0.8827689242225452,0.7467970826262045
7,3,0.8827689242225452,0.7095448412493988
7,3,0.9144444827585119,0.7095448412493988
7,3,0.8827689242225452,0.7095448412493988
7,3,0.9144444827585119,0.6722925998725926
7,3,0.9144444827585119,0.7095448412493988
7,3,0.9144444827585119,0.7095448412493988
7,3,0.9144444827585119,0.6722925998725926
7,3,0.9461200412944786,0.6722925998725926
7,3,0.9144444827585119,0.6722925998725926
7,3,0.9461200412944786,0.6350403584957864
7,3,0.9461200412944786,0.6722925998725926
7,3,0.9461200412944786,0.6722925998725926
7,3,0.9461200412944786,0.6350403584957864
7,3,0.9777955998304462,0.6350403584957864
7,3,0.8827689242225452,0.7095448412493988
7,3,0.8827689242225452,0.6722925998725926
7,3,0.9144444827585119,0.6722925998725926
7,3,0.8827689242225452,0.6722925998725926
7,3,0.9144444827585119,0.6350403584957864
7,3,0.9144444827585119,0.6722925998725926
7,3,0.9144444827585119,0.6722925998725926
7,3,0.9144444827585119,0.6350403584957864
7,3,0.9461200412944786,0.6350403584957864
7,3,0.8827689242225452,0.6722925998725926
7,3,0.8827689242225452,0.6350403584957864
7,3,0.9144444827585119,0.6350403584957864
8,3,0.0411467169023787,0.6350403584957864
8,3,0.0411467169023787,0.6722925998725926
8,3,0.00947115836641288,0.6722925998725926
8,3,0.0411467169023787,0.6722925998725926
8,3,0.00947115836641288,0.7095448412493988
8,3,0.00947115836641288,0.6722925998725926
8,3,0.00947115836641288,0.6722925998725926
8,3,0.00947115836641288,0.7095448412493988
7,3,0.9777955998304462,0.7095448412493988
8,3,0.00947115836641288,0.7095448412493988
7,3,0.9777955998304462,0.7467970826262049
7,3,0.9777955998304462,0.7095448412493988
7,3,0.9777955998304462,0.7095448412493988
7,3,0.9777955998304462,0.7467970826262049
7,3,0.9461200412944786,0.7467970826262045
7,3,0.9777955998304462,0.7467970826262049
7,3,0.9461200412944786,0.7840493240030106
7,3,0.9461200412944786,0.7467970826262045
7,3,0.9461200412944786,0.7467970826262045
7,3,0.9461200412944786,0.7840493240030106
7,3,0.9144444827585119,0.7840493240030106
7,3,0.9461200412944786,0.7840493240030106
7,3,0.9144444827585119,0.8213015653798168
7,3,0.9144444827585119,0.7840493240030106
7,3,0.9144444827585119,0.7840493240030106
7,3,0.9144444827585119,0.8213015653798168
7,3,0.8827689242225452,0.8213015653798168
8,3,0.0411467169023787,0.6722925998725926
8,3,0.0411467169023787,0.7095448412493988
8,3,0.00947115836641288,0.7095448412493988
8,3,0.0411467169023787,0.7095448412493988
8,3,0.00947115836641288,0.7467970826262049
8,3,0.00947115836641288,0.7095448412493988
8,3,0.00947115836641288,0.7095448412493988
8,3,0.00947115836641288,0.7467970826262049
7,3,0.9777955998304462,0.7467970826262049
8,3,0.00947115836641288,0.7467970826262049
7,3,0.9777955998304462,0.7840493240030106
7,3,0.9777955998304462,0.7467970826262049
7,3,0.9777955998304462,0.7467970826262049
7,3,0.9777955998304462,0.7840493240030106
7,3,0.9461200412944786,0.7840493240030106
7,3,0.9777955998304462,0.7840493240030106
7,3,0.9461200412944786,0.8213015653798168
7,3,0.9461200412944786,0.7840493240030106
7,3,0.9461200412944786,0.7840493240030106
7,3,0.9461200412944786,0.8213015653798168
7,3,0.9144444827585119,0.8213015653798168
8,3,0.0411467169023787,0.7095448412493988
8,3,0.0411467169023787,0.7467970826262045
8,3,0.00947115836641288,0.7467970826262049
8,3,0.0411467169023787,0.7467970826262045
8,3,0.00947115836641288,0.7840493240030106
8,3,0.00947115836641288,0.7467970826262049
8,3,0.00947115836641288,0.7467970826262049
8,3,0.00947115836641288,0.7840493240030106
7,3,0.9777955998304462,0.7840493240030106
8,3,0.00947115836641288,0.7840493240030106
7,3,0.9777955998304462,0.8213015653798168
7,3,0.9777955998304462,0.7840493240030106
7,3,0.9777955998304462,0.7840493240030106
7,3,0.9777955998304462,0.8213015653798168
7,3,0.9461200412944786,0.8213015653798168
8,3,0.0411467169023787,0.7467970826262045
8,3,0.0411467169023787,0.7840493240030106
8,3,0.00947115836641288,0.7840493240030106
8,3,0.0411467169023787,0.7840493240030106
8,3,0.00947115836641288,0.8213015653798168
8,3,0.00947115836641288,0.7840493240030106
8,3,0.00947115836641288,0.7840493240030106
8,3,0.00947115836641288,0.8213015653798168
7,3,0.9777955998304462,0.8213015653798168
8,3,0.0411467169023787,0.7840493240030106
8,3,0.0411467169023787,0.8213015653798168
8,3,0.00947115836641288,0.8213015653798168
7,3,0.724242420000289,0.8213015653798168
7,3,0.7559477208447403,0.8213015653798168
7,3,0.7559477208447403,0.8585686779108652
7,3,0.7559477208447403,0.8213015653798168
7,3,0.7876530216891915,0.8585686779108652
7,3,0.7559477208447403,0.8585686779108652
7,3,0.7559477208447403,0.8585686779108652
7,3,0.7876530216891915,0.8585686779108652
7,3,0.7876530216891915,0.8958357904419132
7,3,0.7876530216891915,0.8585686779108652
7,3,0.8193583225336427,0.8958357904419132
7,3,0.7876530216891915,0.8958357904419132
7,3,0.7876530216891915,0.8958357904419132
7,3,0.8193583225336427,0.8958357904419132
7,3,0.8193583225336427,0.9331029029729616
7,3,0.8193583225336427,0.8958357904419132
7,3,0.8510636233780939,0.9331029029729616
7,3,0.8193583225336427,0.9331029029729616
7,3,0.8193583225336427,0.9331029029729616
7,3,0.8510636233780939,0.9331029029729616
7,3,0.8510636233780939,0.97037001550401
7,3,0.8510636233780939,0.9331029029729616
7,3,0.8827689242225452,0.97037001550401
7,3,0.8510636233780939,0.97037001550401
7,3,0.8510636233780939,0.97037001550401
7,3,0.8827689242225452,0.97037001550401
7,2,0.8827689242225452,0.007637128035058005
7,3,0.7559477208447403,0.8213015653798168
7,3,0.7876530216891915,0.8213015653798168
7,3,0.7876530216891915,0.8585686779108652
7,3,0.7876530216891915,0.8213015653798168
7,3,0.8193583225336427,0.8585686779108652
7,3,0.7876530216891915,0.8585686779108652
7,3,0.7876530216891915,0.8585686779108652
7,3,0.8193583225336427,0.8585686779108652
7,3,0.8193583225336427,0.8958357904419132
7,3,0.8193583225336427,0.8585686779108652
7,3,0.8510636233780939,0.8958357904419132
7,3,0.8193583225336427,0.8958357904419132
7,3,0.8193583225336427,0.8958357904419132
7,3,0.8510636233780939,0.8958357904419132
7,3,0.8510636233780939,0.9331029029729616
7,3,0.8510636233780939,0.8958357904419132
7,3,0.8827689242225452,0.9331029029729616
7,3,0.8510636233780939,0.9331029029729616
7,3,0.8510636233780939,0.9331029029729616
7,3,0.8827689242225452,0.9331029029729616
7,3,0.8827689242225452,0.97037001550401
7,3,0.7876530216891915,0.8213015653798168
7,3,0.8193583225336427,0.8213015653798168
7,3,0.8193583225336427,0.8585686779108652
7,3,0.8193583225336427,0.8213015653798168
7,3,0.8510636233780939,0.8585686779108652
7,3,0.8193583225336427,0.8585686779108652
7,3,0.8193583225336427,0.8585686779108652
7,3,0.8510636233780939,0.8585686779108652
7,3,0.8510636233780939,0.8958357904419132
7,3,0.8510636233780939,0.8585686779108652
7,3,0.8827689242225452,0.8958357904419132
7,3,0.8510636233780939,0.8958357904419132
7,3,0.8510636233780939,0.8958357904419132
7,3,0.8827689242225452,0.8958357904419132
7,3,0.8827689242225452,0.9331029029729616
7,3,0.8193583225336427,0.8213015653798168
7,3,0.8510636233780939,0.8213015653798168
7,3,0.8510636233780939,0.8585686779108652
7,3,0.8510636233780939,0.8213015653798168
7,3,0.8827689242225452,0.8585686779108652
7,3,0.8510636233780939,0.8585686779108652
7,3,0.8510636233780939,0.8585686779108652
7,3,0.8827689242225452,0.8585686779108652
7,3,0.8827689242225452,0.8958357904419132
7,3,0.8510636233780939,0.8213015653798168
7,3,0.8827689242225452,0.8213015653798168
7,3,0.8827689242225452,0.8585686779108652
7,2,0.8827689242225452,0.007637128035058005
7,2,0.8510636233780939,0.007637128035058005
7,3,0.8510636233780939,0.97037001550401
7,2,0.8510636233780939,0.007637128035058005
7,3,0.8193583225336427,0.97037001550401
7,3,0.8510636233780939,0.97037001550401
7,3,0.8510636233780939,0.97037001550401
7,3,0.8193583225336427,0.97037001550401
7,3,0.8193583225336427,0.9331029029729616
7,3,0.8193583225336427,0.97037001550401
7,3,0.7876530216891915,0.9331029029729616
7,3,0.8193583225336427,0.9331029029729616
7,3,0.8193583225336427,0.9331029029729616
7,3,0.7876530216891915,0.9331029029729616
7,3,0.7876530216891915,0.8958357904419132
7,3,0.7876530216891915,0.9331029029729616
7,3,0.7559477208447403,0.8958357904419132
7,3,0.7876530216891915,0.8958357904419132
7,3,0.7876530216891915,0.8958357904419132
7,3,0.7559477208447403,0.8958357904419132
7,3,0.7559477208447403,0.8585686779108652
7,3,0.7559477208447403,0.8958357904419132
7,3,0.724242420000289,0.8585686779108652
7,3,0.7559477208447403,0.8585686779108652
7,3,0.7559477208447403,0.8585686779108652
7,3,0.724242420000289,0.8585686779108652
7,3,0.724242420000289,0.8213015653798168
7,2,0.8510636233780939,0.007637128035058005
7,2,0.8193583225336427,0.007637128035058005
7,3,0.8193583225336427,0.97037001550401
7,2,0.8193583225336427,0.007637128035058005
7,3,0.7876530216891915,0.97037001550401
7,3,0.8193583225336427,0.97037001550401
7,3,0.8193583225336427,0.97037001550401
7,3,0.7876530216891915,0.97037001550401
7,3,0.7876530216891915,0.9331029029729616
7,3,0.7876530216891915,0.97037001550401
7,3,0.7559477208447403,0.9331029029729616
7,3,0.7876530216891915,0.9331029029729616
7,3,0.7876530216891915,0.9331029029729616
7,3,0.7559477208447403,0.9331029029729616
7,3,0.7559477208447403,0.8958357904419132
7,3,0.7559477208447403,0.9331029029729616
7,3,0.724242420000289,0.8958357904419132
7,3,0.7559477208447403,0.8958357904419132
7,3,0.7559477208447403,0.8958357904419132
7,3,0.724242420000289,0.8958357904419132
7,3,0.724242420000289,0.8585686779108652
7,2,0.8193583225336427,0.007637128035058005
7,2,0.7876530216891915,0.007637128035058005
7,3,0.7876530216891915,0.97037001550401
7,2,0.7876530216891915,0.007637128035058005
7,3,0.7559477208447403,0.97037001550401
7,3,0.7876530216891915,0.97037001550401
7,3,0.7876530216891915,0.97037001550401
7,3,0.7559477208447403,0.97037001550401
7,3,0.7559477208447403,0.9331029029729616
7,3,0.7559477208447403,0.97037001550401
7,3,0.724242420000289,0.9331029029729616
7,3,0.7559477208447403,0.9331029029729616
7,3,0.7559477208447403,0.9331029029729616
7,3,0.724242420000289,0.9331029029729616
7,3,0.724242420000289,0.8958357904419132
7,2,0.7876530216891915,0.007637128035058005
7,2,0.7559477208447403,0.007637128035058005
7,3,0.7559477208447403,0.97037001550401
7,2,0.7559477208447403,0.007637128035058005
7,3,0.724242420000289,0.97037001550401
7,3,0.7559477208447403,0.97037001550401
7,3,0.7559477208447403,0.97037001550401
7,3,0.724242420000289,0.97037001550401
7,3,0.724242420000289,0.9331029029729616
7,2,0.7559477208447403,0.007637128035058005
7,2,0.724242420000289,0.007637128035058005
7,3,0.724242420000289,0.97037001550401
7,3,0.8827689242225452,0.8213015653798168
7,3,0.9144444827585119,0.8213015653798168
7,3,0.9144444827585119,0.8585686779108652
7,3,0.9144444827585119,0.8213015653798168
7,3,0.9461200412944786,0.8585686779108652
7,3,0.9144444827585119,0.8585686779108652
7,3,0.9144444827585119,0.8585686779108652
7,3,0.9461200412944786,0.8585686779108652
7,3,0.9461200412944786,0.8958357904419132
7,3,0.9461200412944786,0.8585686779108652
7,3,0.9777955998304462,0.8958357904419132
7,3,0.9461200412944786,0.8958357904419132
7,3,0.9461200412944786,0.8958357904419132
7,3,0.9777955998304462,0.8958357904419132
7,3,0.9777955998304462,0.9331029029729616
7,3,0.9777955998304462,0.8958357904419132
8,3,0.00947115836641288,0.9331029029729616
7,3,0.9777955998304462,0.9331029029729616
7,3,0.9777955998304462,0.9331029029729616
8,3,0.00947115836641288,0.9331029029729616
8,3,0.00947115836641288,0.97037001550401
8,3,0.00947115836641288,0.9331029029729616
8,3,0.0411467169023787,0.97037001550401
8,3,0.00947115836641288,0.97037001550401
8,3,0.00947115836641288,0.97037001550401
8,3,0.0411467169023787,0.97037001550401
8,2,0.0411467169023787,0.007637128035058005
7,3,0.9144444827585119,0.8213015653798168
7,3,0.9461200412944786,0.8213015653798168
7,3,0.9461200412944786,0.8585686779108652
7,3,0.9461200412944786,0.8213015653798168
7,3,0.9777955998304462,0.8585686779108652
7,3,0.9461200412944786,0.8585686779108652
7,3,0.9461200412944786,0.8585686779108652
7,3,0.9777955998304462,0.8585686779108652
7,3,0.9777955998304462,0.8958357904419132
7,3,0.9777955998304462,0.8585686779108652
8,3,0.00947115836641288,0.8958357904419132
7,3,0.9777955998304462,0.8958357904419132
7,3,0.9777955998304462,0.8958357904419132
8,3,0.00947115836641288,0.8958357904419132
8,3,0.00947115836641288,0.9331029029729616
8,3,0.00947115836641288,0.8958357904419132
8,3,0.0411467169023787,0.9331029029729616
8,3,0.00947115836641288,0.9331029029729616
8,3,0.00947115836641288,0.9331029029729616
8,3,0.0411467169023787,0.9331029029729616
8,3,0.0411467169023787,0.97037001550401
7,3,0.9461200412944786,0.8213015653798168
7,3,0.9777955998304462,0.8213015653798168
7,3,0.9777955998304462,0.8585686779108652
7,3,0.9777955998304462,0.8213015653798168
8,3,0.00947115836641288,0.8585686779108652
7,3,0.9777955998304462,0.8585686779108652
7,3,0.9777955998304462,0.8585686779108652
8,3,0.00947115836641288,0.8585686779108652
8,3,0.00947115836641288,0.8958357904419132
8,3,0.00947115836641288,0.8585686779108652
8,3,0.0411467169023787,0.8958357904419132
8,3,0.00947115836641288,0.8958357904419132
8,3,0.00947115836641288,0.8958357904419132
8,3,0.0411467169023787,0.8958357904419132
8,3,0.0411467169023787,0.9331029029729616
7,3,0.9777955998304462,0.8213015653798168
8,3,0.00947115836641288,0.8213015653798168
8,3,0.00947115836641288,0.8585686779108652
8,3,0.00947115836641288,0.8213015653798168
8,3,0.0411467169023787,0.8585686779108652
8,3,0.00947115836641288,0.8585686779108652
8,3,0.00947115836641288,0.8585686779108652
8,3,0.0411467169023787,0.8585686779108652
8,3,0.0411467169023787,0.8958357904419132
8,3,0.00947115836641288,0.8213015653798168
8,3,0.0411467169023787,0.8213015653798168
8,3,0.0411467169023787,0.8585686779108652
8,2,0.0411467169023787,0.007637128035058005
8,2,0.00947115836641288,0.007637128035058005
8,3,0.00947115836641288,0.97037001550401
8,2,0.00947115836641288,0.007637128035058005
7,3,0.9777955998304462,0.97037001550401
8,3,0.00947115836641288,0.97037001550401
8,3,0.00947115836641288,0.97037001550401
7,3,0.9777955998304462,0.97037001550401
7,3,0.9777955998304462,0.9331029029729616
7,3,0.9777955998304462,0.97037001550401
7,3,0.9461200412944786,0.9331029029729616
7,3,0.9777955998304462,0.9331029029729616
7,3,0.9777955998304462,0.9331029029729616
7,3,0.9461200412944786,0.9331029029729616
7,3,0.9461200412944786,0.8958357904419132
7,3,0.9461200412944786,0.9331029029729616
7,3,0.9144444827585119,0.8958357904419132
7,3,0.9461200412944786,0.8958357904419132
7,3,0.9461200412944786,0.8958357904419132
7,3,0.9144444827585119,0.8958357904419132
7,3,0.9144444827585119,0.8585686779108652
7,3,0.9144444827585119,0.8958357904419132
7,3,0.8827689242225452,0.8585686779108652
7,3,0.9144444827585119,0.8585686779108652
7,3,0.9144444827585119,0.8585686779108652
7,3,0.8827689242225452,0.8585686779108652
7,3,0.8827689242225452,0.8213015653798168
8,2,0.00947115836641288,0.007637128035058005
7,2,0.9777955998304462,0.007637128035058005
7,3,0.9777955998304462,0.97037001550401
7,2,0.9777955998304462,0.007637128035058005
7,3,0.9461200412944786,0.97037001550401
7,3,0.9777955998304462,0.97037001550401
7,3,0.9777955998304462,0.97037001550401
7,3,0.9461200412944786,0.97037001550401
7,3,0.9461200412944786,0.9331029029729616
7,3,0.9461200412944786,0.97037001550401
7,3,0.9144444827585119,0.9331029029729616
7,3,0.9461200412944786,0.9331029029729616
7,3,0.9461200412944786,0.9331029029729616
7,3,0.9144444827585119,0.9331029029729616
7,3,0.9144444827585119,0.8958357904419132
7,3,0.9144444827585119,0.9331029029729616
7,3,0.8827689242225452,0.8958357904419132
7,3,0.9144444827585119,0.8958357904419132
7,3,0.9144444827585119,0.8958357904419132
7,3,0.8827689242225452,0.8958357904419132
7,3,0.8827689242225452,0.8585686779108652
7,2,0.9777955998304462,0.007637128035058005
7,2,0.9461200412944786,0.007637128035058005
7,3,0.9461200412944786,0.97037001550401
7,2,0.9461200412944786,0.007637128035058005
7,3,0.9144444827585119,0.97037001550401
7,3,0.9461200412944786,0.97037001550401
7,3,0.9461200412944786,0.97037001550401
7,3,0.9144444827585119,0.97037001550401
7,3,0.9144444827585119,0.9331029029729616
7,3,0.9144444827585119,0.97037001550401
7,3,0.8827689242225452,0.9331029029729616
7,3,0.9144444827585119,0.9331029029729616
7,3,0.9144444827585119,0.9331029029729616
7,3,0.8827689242225452,0.9331029029729616
7,3,0.8827689242225452,0.8958357904419132
7,2,0.9461200412944786,0.007637128035058005
7,2,0.9144444827585119,0.007637128035058005
7,3,0.9144444827585119,0.97037001550401
7,2,0.9144444827585119,0.007637128035058005
7,3,0.8827689242225452,0.97037001550401
7,3,0.9144444827585119,0.97037001550401
7,3,0.9144444827585119,0.97037001550401
7,3,0.8827689242225452,0.97037001550401
7,3,0.8827689242225452,0.9331029029729616
7,2,0.9144444827585119,0.007637128035058005
7,2,0.8827689242225452,0.007637128035058005
7,3,0.8827689242225452,0.97037001550401
8,3,0.35999999999999943,0.9900000000000002
8,3,0.19754862438022336,0.8995427768191142
8,2,0.19754862438022336,0.08045722318088622
8,3,0.5224513756197755,0.8995427768191142
8,2,0.5224513756197755,0.08045722318088622
8,3,0.5123699772318684,0.9828735082121183
8,2,0.5123699772318684,0.003565533552515987
8,2,0.4594947071803883,0.003565533552515987
8,2,0.5123699772318684,0.003565533552515987
8,2,0.4594947071803883,0.024257558892913256
8,2,0.4594947071803883,0.003565533552515987
8,2,0.4594947071803883,0.003565533552515987
8,2,0.4594947071803883,0.024257558892913256
8,2,0.40661943712890825,0.024257558892913256
8,2,0.4594947071803883,0.024257558892913256
8,2,0.40661943712890825,0.04494958423331097
8,2,0.40661943712890825,0.024257558892913256
8,2,0.40661943712890825,0.024257558892913256
8,2,0.40661943712890825,0.04494958423331097
8,2,0.3537441670774282,0.04494958423331097
8,2,0.40661943712890825,0.04494958423331097
8,2,0.3537441670774282,0.06564160957370868
8,2,0.3537441670774282,0.04494958423331097
8,2,0.3537441670774282,0.04494958423331097
8,2,0.3537441670774282,0.06564160957370868
8,2,0.3008688970259481,0.06564160957370868
8,2,0.3537441670774282,0.06564160957370868
8,2,0.3008688970259481,0.0863336349141064
8,2,0.3008688970259481,0.06564160957370868
8,2,0.3008688970259481,0.06564160957370868
8,2,0.3008688970259481,0.0863336349141064
8,2,0.24799362697446803,0.0863336349141064
8,2,0.3008688970259481,0.0863336349141064
8,2,0.24799362697446803,0.1070256602545041
8,2,0.24799362697446803,0.0863336349141064
8,2,0.24799362697446803,0.0863336349141064
8,2,0.24799362697446803,0.1070256602545041
8,2,0.19511835692298973,0.1070256602545041
8,2,0.24799362697446803,0.1070256602545041
8,2,0.19511835692298973,0.12771768559490182
8,2,0.19511835692298973,0.1070256602545041
8,2,0.19511835692298973,0.1070256602545041
8,2,0.19511835692298973,0.12771768559490182
8,2,0.14224308687150966,0.12771768559490182
8,2,0.19511835692298973,0.12771768559490182
8,2,0.14224308687150966,0.14840971093529953
8,2,0.14224308687150966,0.12771768559490182
8,2,0.14224308687150966,0.12771768559490182
8,2,0.14224308687150966,0.14840971093529953
8,2,0.08936781682002959,0.14840971093529953
8,2,0.5123699772318684,0.003565533552515987
8,2,0.5123699772318684,0.024257558892913256
8,2,0.4594947071803883,0.024257558892913256
8,2,0.5123699772318684,0.024257558892913256
8,2,0.4594947071803883,0.04494958423331097
8,2,0.4594947071803883,0.024257558892913256
8,2,0.4594947071803883,0.024257558892913256
8,2,0.4594947071803883,0.04494958423331097
8,2,0.40661943712890825,0.04494958423331097
8,2,0.4594947071803883,0.04494958423331097
8,2,0.40661943712890825,0.06564160957370868
8,2,0.40661943712890825,0.04494958423331097
8,2,0.40661943712890825,0.04494958423331097
8,2,0.40661943712890825,0.06564160957370868
8,2,0.3537441670774282,0.06564160957370868
8,2,0.40661943712890825,0.06564160957370868
8,2,0.3537441670774282,0.0863336349141064
8,2,0.3537441670774282,0.06564160957370868
8,2,0.3537441670774282,0.06564160957370868
8,2,0.3537441670774282,0.0863336349141064
8,2,0.3008688970259481,0.0863336349141064
8,2,0.3537441670774282,0.0863336349141064
8,2,0.3008688970259481,0.1070256602545041
8,2,0.3008688970259481,0.0863336349141064
8,2,0.3008688970259481,0.0863336349141064
8,2,0.3008688970259481,0.1070256602545041
8,2,0.24799362697446803,0.1070256602545041
8,2,0.3008688970259481,0.1070256602545041
8,2,0.24799362697446803,0.12771768559490182
8,2,0.24799362697446803,0.1070256602545041
8,2,0.24799362697446803,0.1070256602545041
8,2,0.24799362697446803,0.12771768559490182
8,2,0.19511835692298973,0.12771768559490182
8,2,0.24799362697446803,0.12771768559490182
8,2,0.19511835692298973,0.14840971093529953
8,2,0.19511835692298973,0.12771768559490182
8,2,0.19511835692298973,0.12771768559490182
8,2,0.19511835692298973,0.14840971093529953
8,2,0.14224308687150966,0.14840971093529953
8,2,0.5123699772318684,0.024257558892913256
8,2,0.5123699772318684,0.04494958423331097
8,2,0.4594947071803883,0.04494958423331097
8,2,0.5123699772318684,0.04494958423331097
8,2,0.4594947071803883,0.06564160957370868
8,2,0.4594947071803883,0.04494958423331097
8,2,0.4594947071803883,0.04494958423331097
8,2,0.4594947071803883,0.06564160957370868
8,2,0.40661943712890825,0.06564160957370868
8,2,0.4594947071803883,0.06564160957370868
8,2,0.40661943712890825,0.0863336349141064
8,2,0.40661943712890825,0.06564160957370868
8,2,0.40661943712890825,0.06564160957370868
8,2,0.40661943712890825,0.0863336349141064
8,2,0.3537441670774282,0.0863336349141064
8,2,0.40661943712890825,0.0863336349141064
8,2,0.3537441670774282,0.1070256602545041
8,2,0.3537441670774282,0.0863336349141064
8,2,0.3537441670774282,0.0863336349141064
8,2,0.3537441670774282,0.1070256602545041
8,2,0.3008688970259481,0.1070256602545041
8,2,0.3537441670774282,0.1070256602545041
8,2,0.3008688970259481,0.12771768559490182
8,2,0.3008688970259481,0.1070256602545041
8,2,0.3008688970259481,0.1070256602545041
8,2,0.3008688970259481,0.12771768559490182
8,2,0.24799362697446803,0.12771768559490182
8,2,0.3008688970259481,0.12771768559490182
8,2,0.24799362697446803,0.14840971093529953
8,2,0.24799362697446803,0.12771768559490182
8,2,0.24799362697446803,0.12771768559490182
8,2,0.24799362697446803,0.14840971093529953
8,2,0.19511835692298973,0.14840971093529953
8,2,0.5123699772318684,0.04494958423331097
8,2,0.5123699772318684,0.06564160957370868
8,2,0.4594947071803883,0.06564160957370868
8,2,0.5123699772318684,0.06564160957370868
8,2,0.4594947071803883,0.0863336349141064
8,2,0.4594947071803883,0.06564160957370868
8,2,0.4594947071803883,0.06564160957370868
8,2,0.4594947071803883,0.0863336349141064
8,2,0.40661943712890825,0.0863336349141064
8,2,0.4594947071803883,0.0863336349141064
8,2,0.40661943712890825,0.1070256602545041
8,2,0.40661943712890825,0.0863336349141064
8,2,0.40661943712890825,0.0863336349141064
8,2,0.40661943712890825,0.1070256602545041
8,2,0.3537441670774282,0.1070256602545041
8,2,0.40661943712890825,0.1070256602545041
8,2,0.3537441670774282,0.12771768559490182
8,2,0.3537441670774282,0.1070256602545041
8,2,0.3537441670774282,0.1070256602545041
8,2,0.3537441670774282,0.12771768559490182
8,2,0.3008688970259481,0.12771768559490182
8,2,0.3537441670774282,0.12771768559490182
8,2,0.3008688970259481,0.14840971093529953
8,2,0.3008688970259481,0.12771768559490182
8,2,0.3008688970259481,0.12771768559490182
8,2,0.3008688970259481,0.14840971093529953
8,2,0.24799362697446803,0.14840971093529953
8,2,0.5123699772318684,0.06564160957370868
8,2,0.5123699772318684,0.0863336349141064
8,2,0.4594947071803883,0.0863336349141064
8,2,0.5123699772318684,0.0863336349141064
8,2,0.4594947071803883,0.1070256602545041
8,2,0.4594947071803883,0.0863336349141064
8,2,0.4594947071803883,0.0863336349141064
8,2,0.4594947071803883,0.1070256602545041
8,2,0.40661943712890825,0.1070256602545041
8,2,0.4594947071803883,0.1070256602545041
8,2,0.40661943712890825,0.12771768559490182
8,2,0.40661943712890825,0.1070256602545041
8,2,0.40661943712890825,0.1070256602545041
8,2,0.40661943712890825,0.12771768559490182
8,2,0.3537441670774282,0.12771768559490182
8,2,0.40661943712890825,0.12771768559490182
8,2,0.3537441670774282,0.14840971093529953
8,2,0.3537441670774282,0.12771768559490182
8,2,0.3537441670774282,0.12771768559490182
8,2,0.3537441670774282,0.14840971093529953
8,2,0.3008688970259481,0.14840971093529953
8,2,0.5123699772318684,0.0863336349141064
8,2,0.5123699772318684,0.1070256602545041
8,2,0.4594947071803883,0.1070256602545041
8,2,0.5123699772318684,0.1070256602545041
8,2,0.4594947071803883,0.12771768559490182
8,2,0.4594947071803883,0.1070256602545041
8,2,0.4594947071803883,0.1070256602545041
8,2,0.4594947071803883,0.12771768559490182
8,2,0.40661943712890825,0.12771768559490182
8,2,0.4594947071803883,0.12771768559490182
8,2,0.40661943712890825,0.14840971093529953
8,2,0.40661943712890825,0.12771768559490182
8,2,0.40661943712890825,0.12771768559490182
8,2,0.40661943712890825,0.14840971093529953
8,2,0.3537441670774282,0.14840971093529953
8,2,0.5123699772318684,0.1070256602545041
8,2,0.5123699772318684,0.12771768559490182
8,2,0.4594947071803883,0.12771768559490182
8,2,0.5123699772318684,0.12771768559490182
8,2,0.4594947071803883,0.14840971093529953
8,2,0.4594947071803883,0.12771768559490182
8,2,0.4594947071803883,0.12771768559490182
8,2,0.4594947071803883,0.14840971093529953
8,2,0.40661943712890825,0.14840971093529953
8,2,0.5123699772318684,0.12771768559490182
8,2,0.5123699772318684,0.14840971093529953
8,2,0.4594947071803883,0.14840971093529953
8,2,0.08936781682002959,0.14840971093529953
8,2,0.08936781682002959,0.12771768559490182
8,2,0.14224308687150966,0.12771768559490182
8,2,0.08936781682002959,0.12771768559490182
8,2,0.14224308687150966,0.1070256602545041
8,2,0.14224308687150966,0.12771768559490182
8,2,0.14224308687150966,0.12771768559490182
8,2,0.14224308687150966,0.1070256602545041
8,2,0.19511835692298973,0.1070256602545041
8,2,0.14224308687150966,0.1070256602545041
8,2,0.19511835692298973,0.0863336349141064
8,2,0.19511835692298973,0.1070256602545041
8,2,0.19511835692298973,0.1070256602545041
8,2,0.19511835692298973,0.0863336349141064
8,2,0.24799362697446803,0.0863336349141064
8,2,0.19511835692298973,0.0863336349141064
8,2,0.24799362697446803,0.06564160957370868
8,2,0.24799362697446803,0.0863336349141064
8,2,0.24799362697446803,0.0863336349141064
8,2,0.24799362697446803,0.06564160957370868
8,2,0.3008688970259481,0.06564160957370868
8,2,0.24799362697446803,0.06564160957370868
8,2,0.3008688970259481,0.04494958423331097
8,2,0.3008688970259481,0.06564160957370868
8,2,0.3008688970259481,0.06564160957370868
8,2,0.3008688970259481,0.04494958423331097
8,2,0.3537441670774282,0.04494958423331097
8,2,0.3008688970259481,0.04494958423331097
8,2,0.3537441670774282,0.024257558892913256
8,2,0.3537441670774282,0.04494958423331097
8,2,0.3537441670774282,0.04494958423331097
8,2,0.3537441670774282,0.024257558892913256
8,2,0.40661943712890825,0.024257558892913256
8,2,0.3537441670774282,0.024257558892913256
8,2,0.40661943712890825,0.003565533552515987
8,2,0.40661943712890825,0.024257558892913256
8,2,0.40661943712890825,0.024257558892913256
8,2,0.40661943712890825,0.003565533552515987
8,2,0.4594947071803883,0.003565533552515987
8,2,0.40661943712890825,0.003565533552515987
8,3,0.4594947071803883,0.9828735082121183
8,2,0.4594947071803883,0.003565533552515987
8,2,0.4594947071803883,0.003565533552515987
8,3,0.4594947071803883,0.9828735082121183
8,3,0.5123699772318684,0.9828735082121183
8,2,0.08936781682002959,0.12771768559490182
8,2,0.08936781682002959,0.1070256602545041
8,2,0.14224308687150966,0.1070256602545041
8,2,0.08936781682002959,0.1070256602545041
8,2,0.14224308687150966,0.0863336349141064
8,2,0.14224308687150966,0.1070256602545041
8,2,0.14224308687150966,0.1070256602545041
8,2,0.14224308687150966,0.0863336349141064
8,2,0.19511835692298973,0.0863336349141064
8,2,0.14224308687150966,0.0863336349141064
8,2,0.19511835692298973,0.06564160957370868
8,2,0.19511835692298973,0.0863336349141064
8,2,0.19511835692298973,0.0863336349141064
8,2,0.19511835692298973,0.06564160957370868
8,2,0.24799362697446803,0.06564160957370868
8,2,0.19511835692298973,0.06564160957370868
8,2,0.24799362697446803,0.04494958423331097
8,2,0.24799362697446803,0.06564160957370868
8,2,0.24799362697446803,0.06564160957370868
8,2,0.24799362697446803,0.04494958423331097
8,2,0.3008688970259481,0.04494958423331097
8,2,0.24799362697446803,0.04494958423331097
8,2,0.3008688970259481,0.024257558892913256
8,2,0.3008688970259481,0.04494958423331097
8,2,0.3008688970259481,0.04494958423331097
8,2,0.3008688970259481,0.024257558892913256
8,2,0.3537441670774282,0.024257558892913256
8,2,0.3008688970259481,0.024257558892913256
8,2,0.3537441670774282,0.003565533552515987
8,2,0.3537441670774282,0.024257558892913256
8,2,0.3537441670774282,0.024257558892913256
8,2,0.3537441670774282,0.003565533552515987
8,2,0.40661943712890825,0.003565533552515987
8,2,0.3537441670774282,0.003565533552515987
8,3,0.40661943712890825,0.9828735082121183
8,2,0.40661943712890825,0.003565533552515987
8,2,0.40661943712890825,0.003565533552515987
8,3,0.40661943712890825,0.9828735082121183
8,3,0.4594947071803883,0.9828735082121183
8,2,0.08936781682002959,0.1070256602545041
8,2,0.08936781682002959,0.0863336349141064
8,2,0.14224308687150966,0.0863336349141064
8,2,0.08936781682002959,0.0863336349141064
8,2,0.14224308687150966,0.06564160957370868
8,2,0.14224308687150966,0.0863336349141064
8,2,0.14224308687150966,0.0863336349141064
8,2,0.14224308687150966,0.06564160957370868
8,2,0.19511835692298973,0.06564160957370868
8,2,0.14224308687150966,0.06564160957370868
8,2,0.19511835692298973,0.04494958423331097
8,2,0.19511835692298973,0.06564160957370868
8,2,0.19511835692298973,0.06564160957370868
8,2,0.19511835692298973,0.04494958423331097
8,2,0.24799362697446803,0.04494958423331097
8,2,0.19511835692298973,0.04494958423331097
8,2,0.24799362697446803,0.024257558892913256
8,2,0.24799362697446803,0.04494958423331097
8,2,0.24799362697446803,0.04494958423331097
8,2,0.24799362697446803,0.024257558892913256
8,2,0.3008688970259481,0.024257558892913256
8,2,0.24799362697446803,0.024257558892913256
8,2,0.3008688970259481,0.003565533552515987
8,2,0.3008688970259481,0.024257558892913256
8,2,0.3008688970259481,0.024257558892913256
8,2,0.3008688970259481,0.003565533552515987
8,2,0.3537441670774282,0.003565533552515987
8,2,0.3008688970259481,0.003565533552515987
8,3,0.3537441670774282,0.9828735082121183
8,2,0.3537441670774282,0.003565533552515987
8,2,0.3537441670774282,0.003565533552515987
8,3,0.3537441670774282,0.9828735082121183
8,3,0.40661943712890825,0.9828735082121183
8,2,0.08936781682002959,0.0863336349141064
8,2,0.08936781682002959,0.06564160957370868
8,2,0.14224308687150966,0.06564160957370868
8,2,0.08936781682002959,0.06564160957370868
8,2,0.14224308687150966,0.04494958423331097
8,2,0.14224308687150966,0.06564160957370868
8,2,0.14224308687150966,0.06564160957370868
8,2,0.14224308687150966,0.04494958423331097
8,2,0.19511835692298973,0.04494958423331097
8,2,0.14224308687150966,0.04494958423331097
8,2,0.19511835692298973,0.024257558892913256
8,2,0.19511835692298973,0.04494958423331097
8,2,0.19511835692298973,0.04494958423331097
8,2,0.19511835692298973,0.024257558892913256
8,2,0.24799362697446803,0.024257558892913256
8,2,0.19511835692298973,0.024257558892913256
8,2,0.24799362697446803,0.003565533552515987
8,2,0.24799362697446803,0.024257558892913256
8,2,0.24799362697446803,0.024257558892913256
8,2,0.24799362697446803,0.003565533552515987
8,2,0.3008688970259481,0.003565533552515987
8,2,0.24799362697446803,0.003565533552515987
8,3,0.3008688970259481,0.9828735082121183
8,2,0.3008688970259481,0.003565533552515987
8,2,0.3008688970259481,0.003565533552515987
8,3,0.3008688970259481,0.9828735082121183
8,3,0.3537441670774282,0.9828735082121183
8,2,0.08936781682002959,0.06564160957370868
8,2,0.08936781682002959,0.04494958423331097
8,2,0.14224308687150966,0.04494958423331097
8,2,0.08936781682002959,0.04494958423331097
8,2,0.14224308687150966,0.024257558892913256
8,2,0.14224308687150966,0.04494958423331097
8,2,0.14224308687150966,0.04494958423331097
8,2,0.14224308687150966,0.024257558892913256
8,2,0.19511835692298973,0.024257558892913256
8,2,0.14224308687150966,0.024257558892913256
8,2,0.19511835692298973,0.003565533552515987
8,2,0.19511835692298973,0.024257558892913256
8,2,0.19511835692298973,0.024257558892913256
8,2,0.19511835692298973,0.003565533552515987
8,2,0.24799362697446803,0.003565533552515987
8,2,0.19511835692298973,0.003565533552515987
8,3,0.24799362697446803,0.9828735082121183
8,2,0.24799362697446803,0.003565533552515987
8,2,0.24799362697446803,0.003565533552515987
8,3,0.24799362697446803,0.9828735082121183
8,3,0.3008688970259481,0.9828735082121183
8,2,0.08936781682002959,0.04494958423331097
8,2,0.08936781682002959,0.024257558892913256
8,2,0.14224308687150966,0.024257558892913256
8,2,0.08936781682002959,0.024257558892913256
8,2,0.14224308687150966,0.003565533552515987
8,2,0.14224308687150966,0.024257558892913256
8,2,0.14224308687150966,0.024257558892913256
8,2,0.14224308687150966,0.003565533552515987
8,2,0.19511835692298973,0.003565533552515987
8,2,0.14224308687150966,0.003565533552515987
8,3,0.19511835692298973,0.9828735082121183
8,2,0.19511835692298973,0.003565533552515987
8,2,0.19511835692298973,0.003565533552515987
8,3,0.19511835692298973,0.9828735082121183
8,3,0.24799362697446803,0.9828735082121183
8,2,0.08936781682002959,0.024257558892913256
8,2,0.08936781682002959,0.003565533552515987
8,2,0.14224308687150966,0.003565533552515987
8,2,0.08936781682002959,0.003565533552515987
8,3,0.14224308687150966,0.9828735082121183
8,2,0.14224308687150966,0.003565533552515987
8,2,0.14224308687150966,0.003565533552515987
8,3,0.14224308687150966,0.9828735082121183
8,3,0.19511835692298973,0.9828735082121183
8,2,0.08936781682002959,0.003565533552515987
8,3,0.08936781682002959,0.9828735082121183
8,3,0.14224308687150966,0.9828735082121183
8,3,0.5123699772318684,0.9828735082121183
8,3,0.4594947071803883,0.9828735082121183
8,3,0.4594947071803883,0.962152118597349
8,3,0.4594947071803883,0.9828735082121183
8,3,0.40661943712890825,0.962152118597349
8,3,0.4594947071803883,0.962152118597349
8,3,0.4594947071803883,0.962152118597349
8,3,0.40661943712890825,0.962152118597349
8,3,0.40661943712890825,0.9414307289825801
8,3,0.40661943712890825,0.962152118597349
8,3,0.3537441670774282,0.9414307289825801
8,3,0.40661943712890825,0.9414307289825801
8,3,0.40661943712890825,0.9414307289825801
8,3,0.3537441670774282,0.9414307289825801
8,3,0.3537441670774282,0.9207093393678107
8,3,0.3537441670774282,0.9414307289825801
8,3,0.3008688970259481,0.9207093393678107
8,3,0.3537441670774282,0.9207093393678107
8,3,0.3537441670774282,0.9207093393678107
8,3,0.3008688970259481,0.9207093393678107
8,3,0.3008688970259481,0.8999879497530419
8,3,0.3008688970259481,0.9207093393678107
8,3,0.24799362697446803,0.8999879497530419
8,3,0.3008688970259481,0.8999879497530419
8,3,0.3008688970259481,0.8999879497530419
8,3,0.24799362697446803,0.8999879497530419
8,3,0.24799362697446803,0.8792665601382725
8,3,0.24799362697446803,0.8999879497530419
8,3,0.19511835692298973,0.8792665601382725
8,3,0.24799362697446803,0.8792665601382725
8,3,0.24799362697446803,0.8792665601382725
8,3,0.19511835692298973,0.8792665601382725
8,3,0.19511835692298973,0.8585451705235032
8,3,0.19511835692298973,0.8792665601382725
8,3,0.14224308687150966,0.8585451705235032
8,3,0.19511835692298973,0.8585451705235032
8,3,0.19511835692298973,0.8585451705235032
8,3,0.14224308687150966,0.8585451705235032
8,3,0.14224308687150966,0.8378237809087343
8,3,0.14224308687150966,0.8585451705235032
8,3,0.08936781682002959,0.8378237809087343
8,3,0.14224308687150966,0.8378237809087343
8,3,0.14224308687150966,0.8378237809087343
8,3,0.08936781682002959,0.8378237809087343
8,3,0.08936781682002959,0.8171023912939654
8,3,0.4594947071803883,0.9828735082121183
8,3,0.40661943712890825,0.9828735082121183
8,3,0.40661943712890825,0.962152118597349
8,3,0.40661943712890825,0.9828735082121183
8,3,0.3537441670774282,0.962152118597349
8,3,0.40661943712890825,0.962152118597349
8,3,0.40661943712890825,0.962152118597349
8,3,0.3537441670774282,0.962152118597349
8,3,0.3537441670774282,0.9414307289825801
8,3,0.3537441670774282,0.962152118597349
8,3,0.3008688970259481,0.9414307289825801
8,3,0.3537441670774282,0.9414307289825801
8,3,0.3537441670774282,0.9414307289825801
8,3,0.3008688970259481,0.9414307289825801
8,3,0.3008688970259481,0.9207093393678107
8,3,0.3008688970259481,0.9414307289825801
8,3,0.24799362697446803,0.9207093393678107
8,3,0.3008688970259481,0.9207093393678107
8,3,0.3008688970259481,0.9207093393678107
8,3,0.24799362697446803,0.9207093393678107
8,3,0.24799362697446803,0.8999879497530419
8,3,0.24799362697446803,0.9207093393678107
8,3,0.19511835692298973,0.8999879497530419
8,3,0.24799362697446803,0.8999879497530419
8,3,0.24799362697446803,0.8999879497530419
8,3,0.19511835692298973,0.8999879497530419
8,3,0.19511835692298973,0.8792665601382725
8,3,0.19511835692298973,0.8999879497530419
8,3,0.14224308687150966,0.8792665601382725
8,3,0.19511835692298973,0.8792665601382725
8,3,0.19511835692298973,0.8792665601382725
8,3,0.14224308687150966,0.8792665601382725
8,3,0.14224308687150966,0.8585451705235032
8,3,0.14224308687150966,0.8792665601382725
8,3,0.08936781682002959,0.8585451705235032
8,3,0.14224308687150966,0.8585451705235032
8,3,0.14224308687150966,0.8585451705235032
8,3,0.08936781682002959,0.8585451705235032
8,3,0.08936781682002959,0.8378237809087343
8,3,0.40661943712890825,0.9828735082121183
8,3,0.3537441670774282,0.9828735082121183
8,3,0.3537441670774282,0.962152118597349
8,3,0.3537441670774282,0.9828735082121183
8,3,0.3008688970259481,0.962152118597349
8,3,0.3537441670774282,0.962152118597349
8,3,0.3537441670774282,0.962152118597349
8,3,0.3008688970259481,0.962152118597349
8,3,0.3008688970259481,0.9414307289825801
8,3,0.3008688970259481,0.962152118597349
8,3,0.24799362697446803,0.9414307289825801
8,3,0.3008688970259481,0.9414307289825801
8,3,0.3008688970259481,0.9414307289825801
8,3,0.24799362697446803,0.9414307289825801
8,3,0.24799362697446803,0.9207093393678107
8,3,0.24799362697446803,0.9414307289825801
8,3,0.19511835692298973,0.9207093393678107
8,3,0.24799362697446803,0.9207093393678107
8,3,0.24799362697446803,0.9207093393678107
8,3,0.19511835692298973,0.9207093393678107
8,3,0.19511835692298973,0.8999879497530419
8,3,0.19511835692298973,0.9207093393678107
8,3,0.14224308687150966,0.8999879497530419
8,3,0.19511835692298973,0.8999879497530419
8,3,0.19511835692298973,0.8999879497530419
8,3,0.14224308687150966,0.8999879497530419
8,3,0.14224308687150966,0.8792665601382725
8,3,0.14224308687150966,0.8999879497530419
8,3,0.08936781682002959,0.8792665601382725
8,3,0.14224308687150966,0.8792665601382725
8,3,0.14224308687150966,0.8792665601382725
8,3,0.08936781682002959,0.8792665601382725
8,3,0.08936781682002959,0.8585451705235032
8,3,0.3537441670774282,0.9828735082121183
8,3,0.3008688970259481,0.9828735082121183
8,3,0.3008688970259481,0.962152118597349
8,3,0.3008688970259481,0.9828735082121183
8,3,0.24799362697446803,0.962152118597349
8,3,0.3008688970259481,0.962152118597349
8,3,0.3008688970259481,0.962152118597349
8,3,0.24799362697446803,0.962152118597349
8,3,0.24799362697446803,0.9414307289825801
8,3,0.24799362697446803,0.962152118597349
8,3,0.19511835692298973,0.9414307289825801
8,3,0.24799362697446803,0.9414307289825801
8,3,0.24799362697446803,0.9414307289825801
8,3,0.19511835692298973,0.9414307289825801
8,3,0.19511835692298973,0.9207093393678107
8,3,0.19511835692298973,0.9414307289825801
8,3,0.14224308687150966,0.9207093393678107
8,3,0.19511835692298973,0.9207093393678107
8,3,0.19511835692298973,0.9207093393678107
8,3,0.14224308687150966,0.9207093393678107
8,3,0.14224308687150966,0.8999879497530419
8,3,0.14224308687150966,0.9207093393678107
8,3,0.08936781682002959,0.8999879497530419
8,3,0.14224308687150966,0.8999879497530419
8,3,0.14224308687150966,0.8999879497530419
8,3,0.08936781682002959,0.8999879497530419
8,3,0.08936781682002959,0.8792665601382725
8,3,0.3008688970259481,0.9828735082121183
8,3,0.24799362697446803,0.9828735082121183
8,3,0.24799362697446803,0.962152118597349
8,3,0.24799362697446803,0.9828735082121183
8,3,0.19511835692298973,0.962152118597349
8,3,0.24799362697446803,0.962152118597349
8,3,0.24799362697446803,0.962152118597349
8,3,0.19511835692298973,0.962152118597349
8,3,0.19511835692298973,0.9414307289825801
8,3,0.19511835692298973,0.962152118597349
8,3,0.14224308687150966,0.9414307289825801
8,3,0.19511835692298973,0.9414307289825801
8,3,0.19511835692298973,0.9414307289825801
8,3,0.14224308687150966,0.9414307289825801
8,3,0.14224308687150966,0.9207093393678107
8,3,0.14224308687150966,0.9414307289825801
8,3,0.08936781682002959,0.9207093393678107
8,3,0.14224308687150966,0.9207093393678107
8,3,0.14224308687150966,0.9207093393678107
8,3,0.08936781682002959,0.9207093393678107
8,3,0.08936781682002959,0.8999879497530419
8,3,0.24799362697446803,0.9828735082121183
8,3,0.19511835692298973,0.9828735082121183
8,3,0.19511835692298973,0.962152118597349
8,3,0.19511835692298973,0.9828735082121183
8,3,0.14224308687150966,0.962152118597349
8,3,0.19511835692298973,0.962152118597349
8,3,0.19511835692298973,0.962152118597349
8,3,0.14224308687150966,0.962152118597349
8,3,0.14224308687150966,0.9414307289825801
8,3,0.14224308687150966,0.962152118597349
8,3,0.08936781682002959,0.9414307289825801
8,3,0.14224308687150966,0.9414307289825801
8,3,0.14224308687150966,0.9414307289825801
8,3,0.08936781682002959,0.9414307289825801
8,3,0.08936781682002959,0.9207093393678107
8,3,0.19511835692298973,0.9828735082121183
8,3,0.14224308687150966,0.9828735082121183
8,3,0.14224308687150966,0.962152118597349
8,3,0.14224308687150966,0.9828735082121183
8,3,0.08936781682002959,0.962152118597349
8,3,0.14224308687150966,0.962152118597349
8,3,0.14224308687150966,0.962152118597349
8,3,0.08936781682002959,0.962152118597349
8,3,0.08936781682002959,0.9414307289825801
8,3,0.14224308687150966,0.9828735082121183
8,3,0.08936781682002959,0.9828735082121183
8,3,0.08936781682002959,0.962152118597349
8,3,0.08936781682002959,0.8171023912939654
8,3,0.14224308687150966,0.8171023912939654
8,3,0.14224308687150966,0.8378237809087343
8,3,0.14224308687150966,0.8171023912939654
8,3,0.19511835692298973,0.8378237809087343
8,3,0.14224308687150966,0.8378237809087343
8,3,0.14224308687150966,0.8378237809087343
8,3,0.19511835692298973,0.8378237809087343
8,3,0.19511835692298973,0.8585451705235032
8,3,0.19511835692298973,0.8378237809087343
8,3,0.24799362697446803,0.8585451705235037
8,3,0.19511835692298973,0.8585451705235032
8,3,0.19511835692298973,0.8585451705235032
8,3,0.24799362697446803,0.8585451705235037
8,3,0.24799362697446803,0.8792665601382725
8,3,0.24799362697446803,0.8585451705235037
8,3,0.3008688970259481,0.8792665601382725
8,3,0.24799362697446803,0.8792665601382725
8,3,0.24799362697446803,0.8792665601382725
8,3,0.3008688970259481,0.8792665601382725
8,3,0.3008688970259481,0.8999879497530419
8,3,0.3008688970259481,0.8792665601382725
8,3,0.3537441670774282,0.8999879497530419
8,3,0.3008688970259481,0.8999879497530419
8,3,0.3008688970259481,0.8999879497530419
8,3,0.3537441670774282,0.8999879497530419
8,3,0.3537441670774282,0.9207093393678107
8,3,0.3537441670774282,0.8999879497530419
8,3,0.40661943712890825,0.9207093393678107
8,3,0.3537441670774282,0.9207093393678107
8,3,0.3537441670774282,0.9207093393678107
8,3,0.40661943712890825,0.9207093393678107
8,3,0.40661943712890825,0.9414307289825801
8,3,0.40661943712890825,0.9207093393678107
8,3,0.4594947071803883,0.9414307289825801
8,3,0.40661943712890825,0.9414307289825801
8,3,0.40661943712890825,0.9414307289825801
8,3,0.4594947071803883,0.9414307289825801
8,3,0.4594947071803883,0.962152118597349
8,3,0.4594947071803883,0.9414307289825801
8,3,0.5123699772318684,0.962152118597349
8,3,0.4594947071803883,0.962152118597349
8,3,0.4594947071803883,0.962152118597349
8,3,0.5123699772318684,0.962152118597349
8,3,0.5123699772318684,0.9828735082121183
8,3,0.14224308687150966,0.8171023912939654
8,3,0.19511835692298973,0.8171023912939654
8,3,0.19511835692298973,0.8378237809087343
8,3,0.19511835692298973,0.8171023912939654
8,3,0.24799362697446803,0.8378237809087343
8,3,0.19511835692298973,0.8378237809087343
8,3,0.19511835692298973,0.8378237809087343
8,3,0.24799362697446803,0.8378237809087343
8,3,0.24799362697446803,0.8585451705235037
8,3,0.24799362697446803,0.8378237809087343
8,3,0.3008688970259481,0.8585451705235032
8,3,0.24799362697446803,0.8585451705235037
8,3,0.24799362697446803,0.8585451705235037
8,3,0.3008688970259481,0.8585451705235032
8,3,0.3008688970259481,0.8792665601382725
8,3,0.3008688970259481,0.8585451705235032
8,3,0.3537441670774282,0.8792665601382725
8,3,0.3008688970259481,0.8792665601382725
8,3,0.3008688970259481,0.8792665601382725
8,3,0.3537441670774282,0.8792665601382725
8,3,0.3537441670774282,0.8999879497530419
8,3,0.3537441670774282,0.8792665601382725
8,3,0.40661943712890825,0.8999879497530419
8,3,0.3537441670774282,0.8999879497530419
8,3,0.3537441670774282,0.8999879497530419
8,3,0.40661943712890825,0.8999879497530419
8,3,0.40661943712890825,0.9207093393678107
8,3,0.40661943712890825,0.8999879497530419
8,3,0.4594947071803883,0.9207093393678107
8,3,0.40661943712890825,0.9207093393678107
8,3,0.40661943712890825,0.9207093393678107
8,3,0.4594947071803883,0.9207093393678107
8,3,0.4594947071803883,0.9414307289825801
8,3,0.4594947071803883,0.9207093393678107
8,3,0.5123699772318684,0.9414307289825801
8,3,0.4594947071803883,0.9414307289825801
8,3,0.4594947071803883,0.9414307289825801
8,3,0.5123699772318684,0.9414307289825801
8,3,0.5123699772318684,0.962152118597349
8,3,0.19511835692298973,0.8171023912939654
8,3,0.24799362697446803,0.8171023912939654
8,3,0.24799362697446803,0.8378237809087343
8,3,0.24799362697446803,0.8171023912939654
8,3,0.3008688970259481,0.8378237809087343
8,3,0.24799362697446803,0.8378237809087343
8,3,0.24799362697446803,0.8378237809087343
8,3,0.3008688970259481,0.8378237809087343
8,3,0.3008688970259481,0.8585451705235032
8,3,0.3008688970259481,0.8378237809087343
8,3,0.3537441670774282,0.8585451705235032
8,3,0.3008688970259481,0.8585451705235032
8,3,0.3008688970259481,0.8585451705235032
8,3,0.3537441670774282,0.8585451705235032
8,3,0.3537441670774282,0.8792665601382725
8,3,0.3537441670774282,0.8585451705235032
8,3,0.40661943712890825,0.8792665601382725
8,3,0.3537441670774282,0.8792665601382725
8,3,0.3537441670774282,0.8792665601382725
8,3,0.40661943712890825,0.8792665601382725
8,3,0.40661943712890825,0.8999879497530419
8,3,0.40661943712890825,0.8792665601382725
8,3,0.4594947071803883,0.8999879497530419
8,3,0.40661943712890825,0.8999879497530419
8,3,0.40661943712890825,0.8999879497530419
8,3,0.4594947071803883,0.8999879497530419
8,3,0.4594947071803883,0.9207093393678107
8,3,0.4594947071803883,0.8999879497530419
8,3,0.5123699772318684,0.9207093393678107
8,3,0.4594947071803883,0.9207093393678107
8,3,0.4594947071803883,0.9207093393678107
8,3,0.5123699772318684,0.9207093393678107
8,3,0.5123699772318684,0.9414307289825801
8,3,0.24799362697446803,0.8171023912939654
8,3,0.3008688970259481,0.8171023912939654
8,3,0.3008688970259481,0.8378237809087343
8,3,0.3008688970259481,0.8171023912939654
8,3,0.3537441670774282,0.8378237809087343
8,3,0.3008688970259481,0.8378237809087343
8,3,0.3008688970259481,0.8378237809087343
8,3,0.3537441670774282,0.8378237809087343
8,3,0.3537441670774282,0.8585451705235032
8,3,0.3537441670774282,0.8378237809087343
8,3,0.40661943712890825,0.8585451705235032
8,3,0.3537441670774282,0.8585451705235032
8,3,0.3537441670774282,0.8585451705235032
8,3,0.40661943712890825,0.8585451705235032
8,3,0.40661943712890825,0.8792665601382725
8,3,0.40661943712890825,0.8585451705235032
8,3,0.4594947071803883,0.8792665601382725
8,3,0.40661943712890825,0.8792665601382725
8,3,0.40661943712890825,0.8792665601382725
8,3,0.4594947071803883,0.8792665601382725
8,3,0.4594947071803883,0.8999879497530419
8,3,0.4594947071803883,0.8792665601382725
8,3,0.5123699772318684,0.8999879497530419
8,3,0.4594947071803883,0.8999879497530419
8,3,0.4594947071803883,0.8999879497530419
8,3,0.5123699772318684,0.8999879497530419
8,3,0.5123699772318684,0.9207093393678107
8,3,0.3008688970259481,0.8171023912939654
8,3,0.3537441670774282,0.8171023912939654
8,3,0.3537441670774282,0.8378237809087343
8,3,0.3537441670774282,0.8171023912939654
8,3,0.40661943712890825,0.8378237809087343
8,3,0.3537441670774282,0.8378237809087343
8,3,0.3537441670774282,0.8378237809087343
8,3,0.40661943712890825,0.8378237809087343
8,3,0.40661943712890825,0.8585451705235032
8,3,0.40661943712890825,0.8378237809087343
8,3,0.4594947071803883,0.8585451705235037
8,3,0.40661943712890825,0.8585451705235032
8,3,0.40661943712890825,0.8585451705235032
8,3,0.4594947071803883,0.8585451705235037
8,3,0.4594947071803883,0.8792665601382725
8,3,0.4594947071803883,0.8585451705235037
8,3,0.5123699772318684,0.8792665601382725
8,3,0.4594947071803883,0.8792665601382725
8,3,0.4594947071803883,0.8792665601382725
8,3,0.5123699772318684,0.8792665601382725
8,3,0.5123699772318684,0.8999879497530419
8,3,0.3537441670774282,0.8171023912939654
8,3,0.40661943712890825,0.8171023912939654
8,3,0.40661943712890825,0.8378237809087343
8,3,0.40661943712890825,0.8171023912939654
8,3,0.4594947071803883,0.8378237809087343
8,3,0.40661943712890825,0.8378237809087343
8,3,0.40661943712890825,0.8378237809087343
8,3,0.4594947071803883,0.8378237809087343
8,3,0.4594947071803883,0.8585451705235037
8,3,0.4594947071803883,0.8378237809087343
8,3,0.5123699772318684,0.8585451705235032
8,3,0.4594947071803883,0.8585451705235037
8,3,0.4594947071803883,0.8585451705235037
8,3,0.5123699772318684,0.8585451705235032
8,3,0.5123699772318684,0.8792665601382725
8,3,0.40661943712890825,0.8171023912939654
8,3,0.4594947071803883,0.8171023912939654
8,3,0.4594947071803883,0.8378237809087343
8,3,0.4594947071803883,0.8171023912939654
8,3,0.5123699772318684,0.8378237809087343
8,3,0.4594947071803883,0.8378237809087343
8,3,0.4594947071803883,0.8378237809087343
8,3,0.5123699772318684,0.8378237809087343
8,3,0.5123699772318684,0.8585451705235032
8,3,0.4594947071803883,0.8171023912939654
8,3,0.5123699772318684,0.8171023912939654
8,3,0.5123699772318684,0.8378237809087343
8,3,0.6126000337529991,0.9647068104676628
8,3,0.6126000337529991,0.9854379881738891
8,3,0.5597149756100617,0.9854379881738891
8,3,0.6126000337529991,0.9854379881738891
8,2,0.5597149756100617,0.0061691658801152904
8,3,0.5597149756100617,0.9854379881738891
8,3,0.5597149756100617,0.9854379881738891
8,2,0.5597149756100617,0.0061691658801152904
8,2,0.506829917467126,0.0061691658801152904
8,2,0.5597149756100617,0.0061691658801152904
8,2,0.506829917467126,0.026900343586341968
8,2,0.506829917467126,0.0061691658801152904
8,2,0.506829917467126,0.0061691658801152904
8,2,0.506829917467126,0.026900343586341968
8,2,0.4539448593241886,0.026900343586341968
8,2,0.506829917467126,0.026900343586341968
8,2,0.4539448593241886,0.0476315212925682
8,2,0.4539448593241886,0.026900343586341968
8,2,0.4539448593241886,0.026900343586341968
8,2,0.4539448593241886,0.0476315212925682
8,2,0.4010598011812512,0.0476315212925682
8,2,0.4539448593241886,0.0476315212925682
8,2,0.4010598011812512,0.06836269899879444
8,2,0.4010598011812512,0.0476315212925682
8,2,0.4010598011812512,0.0476315212925682
8,2,0.4010598011812512,0.06836269899879444
8,2,0.3481747430383155,0.06836269899879444
8,2,0.4010598011812512,0.06836269899879444
8,2,0.3481747430383155,0.08909387670502067
8,2,0.3481747430383155,0.06836269899879444
8,2,0.3481747430383155,0.06836269899879444
8,2,0.3481747430383155,0.08909387670502067
8,2,0.2952896848953781,0.08909387670502067
8,2,0.3481747430383155,0.08909387670502067
8,2,0.2952896848953781,0.1098250544112469
8,2,0.2952896848953781,0.08909387670502067
8,2,0.2952896848953781,0.08909387670502067
8,2,0.2952896848953781,0.1098250544112469
8,2,0.24240462675244068,0.1098250544112469
8,2,0.2952896848953781,0.1098250544112469
8,2,0.24240462675244068,0.13055623211747314
8,2,0.24240462675244068,0.1098250544112469
8,2,0.24240462675244068,0.1098250544112469
8,2,0.24240462675244068,0.13055623211747314
8,2,0.18951956860950325,0.13055623211747314
8,3,0.6126000337529991,0.9854379881738891
8,2,0.6126000337529991,0.0061691658801152904
8,2,0.5597149756100617,0.0061691658801152904
8,2,0.6126000337529991,0.0061691658801152904
8,2,0.5597149756100617,0.026900343586341968
8,2,0.5597149756100617,0.0061691658801152904
8,2,0.5597149756100617,0.0061691658801152904
8,2,0.5597149756100617,0.026900343586341968
8,2,0.506829917467126,0.026900343586341968
8,2,0.5597149756100617,0.026900343586341968
8,2,0.506829917467126,0.0476315212925682
8,2,0.506829917467126,0.026900343586341968
8,2,0.506829917467126,0.026900343586341968
8,2,0.506829917467126,0.0476315212925682
8,2,0.4539448593241886,0.0476315212925682
8,2,0.506829917467126,0.0476315212925682
8,2,0.4539448593241886,0.06836269899879444
8,2,0.4539448593241886,0.0476315212925682
8,2,0.4539448593241886,0.0476315212925682
8,2,0.4539448593241886,0.06836269899879444
8,2,0.4010598011812512,0.06836269899879444
8,2,0.4539448593241886,0.06836269899879444
8,2,0.4010598011812512,0.08909387670502067
8,2,0.4010598011812512,0.06836269899879444
8,2,0.4010598011812512,0.06836269899879444
8,2,0.4010598011812512,0.08909387670502067
8,2,0.3481747430383155,0.08909387670502067
8,2,0.4010598011812512,0.08909387670502067
8,2,0.3481747430383155,0.1098250544112469
8,2,0.3481747430383155,0.08909387670502067
8,2,0.3481747430383155,0.08909387670502067
8,2,0.3481747430383155,0.1098250544112469
8,2,0.2952896848953781,0.1098250544112469
8,2,0.3481747430383155,0.1098250544112469
8,2,0.2952896848953781,0.13055623211747314
8,2,0.2952896848953781,0.1098250544112469
8,2,0.2952896848953781,0.1098250544112469
8,2,0.2952896848953781,0.13055623211747314
8,2,0.24240462675244068,0.13055623211747314
8,2,0.6126000337529991,0.0061691658801152904
8,2,0.6126000337529991,0.026900343586341968
8,2,0.5597149756100617,0.026900343586341968
8,2,0.6126000337529991,0.026900343586341968
8,2,0.5597149756100617,0.0476315212925682
8,2,0.5597149756100617,0.026900343586341968
8,2,0.5597149756100617,0.026900343586341968
8,2,0.5597149756100617,0.0476315212925682
8,2,0.506829917467126,0.0476315212925682
8,2,0.5597149756100617,0.0476315212925682
8,2,0.506829917467126,0.06836269899879444
8,2,0.506829917467126,0.0476315212925682
8,2,0.506829917467126,0.0476315212925682
8,2,0.506829917467126,0.06836269899879444
8,2,0.4539448593241886,0.06836269899879444
8,2,0.506829917467126,0.06836269899879444
8,2,0.4539448593241886,0.08909387670502067
8,2,0.4539448593241886,0.06836269899879444
8,2,0.4539448593241886,0.06836269899879444
8,2,0.4539448593241886,0.08909387670502067
8,2,0.4010598011812512,0.08909387670502067
8,2,0.4539448593241886,0.08909387670502067
8,2,0.4010598011812512,0.1098250544112469
8,2,0.4010598011812512,0.08909387670502067
8,2,0.4010598011812512,0.08909387670502067
8,2,0.4010598011812512,0.1098250544112469
8,2,0.3481747430383155,0.1098250544112469
8,2,0.4010598011812512,0.1098250544112469
8,2,0.3481747430383155,0.13055623211747314
8,2,0.3481747430383155,0.1098250544112469
8,2,0.3481747430383155,0.1098250544112469
8,2,0.3481747430383155,0.13055623211747314
8,2,0.2952896848953781,0.13055623211747314
8,2,0.6126000337529991,0.026900343586341968
8,2,0.6126000337529991,0.0476315212925682
8,2,0.5597149756100617,0.0476315212925682
8,2,0.6126000337529991,0.0476315212925682
8,2,0.5597149756100617,0.06836269899879444
8,2,0.5597149756100617,0.0476315212925682
8,2,0.5597149756100617,0.0476315212925682
8,2,0.5597149756100617,0.06836269899879444
8,2,0.506829917467126,0.06836269899879444
8,2,0.5597149756100617,0.06836269899879444
8,2,0.506829917467126,0.08909387670502067
8,2,0.506829917467126,0.06836269899879444
8,2,0.506829917467126,0.06836269899879444
8,2,0.506829917467126,0.08909387670502067
8,2,0.4539448593241886,0.08909387670502067
8,2,0.506829917467126,0.08909387670502067
8,2,0.4539448593241886,0.1098250544112469
8,2,0.4539448593241886,0.08909387670502067
8,2,0.4539448593241886,0.08909387670502067
8,2,0.4539448593241886,0.1098250544112469
8,2,0.4010598011812512,0.1098250544112469
8,2,0.4539448593241886,0.1098250544112469
8,2,0.4010598011812512,0.13055623211747314
8,2,0.4010598011812512,0.1098250544112469
8,2,0.4010598011812512,0.1098250544112469
8,2,0.4010598011812512,0.13055623211747314
8,2,0.3481747430383155,0.13055623211747314
8,2,0.6126000337529991,0.0476315212925682
8,2,0.6126000337529991,0.06836269899879444
8,2,0.5597149756100617,0.06836269899879444
8,2,0.6126000337529991,0.06836269899879444
8,2,0.5597149756100617,0.08909387670502067
8,2,0.5597149756100617,0.06836269899879444
8,2,0.5597149756100617,0.06836269899879444
8,2,0.5597149756100617,0.08909387670502067
8,2,0.506829917467126,0.08909387670502067
8,2,0.5597149756100617,0.08909387670502067
8,2,0.506829917467126,0.1098250544112469
8,2,0.506829917467126,0.08909387670502067
8,2,0.506829917467126,0.08909387670502067
8,2,0.506829917467126,0.1098250544112469
8,2,0.4539448593241886,0.1098250544112469
8,2,0.506829917467126,0.1098250544112469
8,2,0.4539448593241886,0.13055623211747314
8,2,0.4539448593241886,0.1098250544112469
8,2,0.4539448593241886,0.1098250544112469
8,2,0.4539448593241886,0.13055623211747314
8,2,0.4010598011812512,0.13055623211747314
8,2,0.6126000337529991,0.06836269899879444
8,2,0.6126000337529991,0.08909387670502067
8,2,0.5597149756100617,0.08909387670502067
8,2,0.6126000337529991,0.08909387670502067
8,2,0.5597149756100617,0.1098250544112469
8,2,0.5597149756100617,0.08909387670502067
8,2,0.5597149756100617,0.08909387670502067
8,2,0.5597149756100617,0.1098250544112469
8,2,0.506829917467126,0.1098250544112469
8,2,0.5597149756100617,0.1098250544112469
8,2,0.506829917467126,0.13055623211747314
8,2,0.506829917467126,0.1098250544112469
8,2,0.506829917467126,0.1098250544112469
8,2,0.506829917467126,0.13055623211747314
8,2,0.4539448593241886,0.13055623211747314
8,2,0.6126000337529991,0.08909387670502067
8,2,0.6126000337529991,0.1098250544112469
8,2,0.5597149756100617,0.1098250544112469
8,2,0.6126000337529991,0.1098250544112469
8,2,0.5597149756100617,0.13055623211747314
8,2,0.5597149756100617,0.1098250544112469
8,2,0.5597149756100617,0.1098250544112469
8,2,0.5597149756100617,0.13055623211747314
8,2,0.506829917467126,0.13055623211747314
8,2,0.6126000337529991,0.1098250544112469
8,2,0.6126000337529991,0.13055623211747314
8,2,0.5597149756100617,0.13055623211747314
8,2,0.18951956860950325,0.13055623211747314
8,2,0.18951956860950325,0.1098250544112469
8,2,0.24240462675244068,0.1098250544112469
8,2,0.18951956860950325,0.1098250544112469
8,2,0.24240462675244068,0.08909387670502067
8,2,0.24240462675244068,0.1098250544112469
8,2,0.24240462675244068,0.1098250544112469
8,2,0.24240462675244068,0.08909387670502067
8,2,0.2952896848953781,0.08909387670502067
8,2,0.24240462675244068,0.08909387670502067
8,2,0.2952896848953781,0.06836269899879444
8,2,0.2952896848953781,0.08909387670502067
8,2,0.2952896848953781,0.08909387670502067
8,2,0.2952896848953781,0.06836269899879444
8,2,0.3481747430383155,0.06836269899879444
8,2,0.2952896848953781,0.06836269899879444
8,2,0.3481747430383155,0.0476315212925682
8,2,0.3481747430383155,0.06836269899879444
8,2,0.3481747430383155,0.06836269899879444
8,2,0.3481747430383155,0.0476315212925682
8,2,0.4010598011812512,0.0476315212925682
8,2,0.3481747430383155,0.0476315212925682
8,2,0.4010598011812512,0.026900343586341968
8,2,0.4010598011812512,0.0476315212925682
8,2,0.4010598011812512,0.0476315212925682
8,2,0.4010598011812512,0.026900343586341968
8,2,0.4539448593241886,0.026900343586341968
8,2,0.4010598011812512,0.026900343586341968
8,2,0.4539448593241886,0.0061691658801152904
8,2,0.4539448593241886,0.026900343586341968
8,2,0.4539448593241886,0.026900343586341968
8,2,0.4539448593241886,0.0061691658801152904
8,2,0.506829917467126,0.0061691658801152904
8,2,0.4539448593241886,0.0061691658801152904
8,3,0.506829917467126,0.9854379881738891
8,2,0.506829917467126,0.0061691658801152904
8,2,0.506829917467126,0.0061691658801152904
8,3,0.506829917467126,0.9854379881738891
8,3,0.5597149756100617,0.9854379881738891
8,3,0.506829917467126,0.9854379881738891
8,3,0.5597149756100617,0.9647068104676628
8,3,0.5597149756100617,0.9854379881738891
8,3,0.5597149756100617,0.9854379881738891
8,3,0.5597149756100617,0.9647068104676628
8,3,0.6126000337529991,0.9647068104676628
8,2,0.18951956860950325,0.1098250544112469
8,2,0.18951956860950325,0.08909387670502067
8,2,0.24240462675244068,0.08909387670502067
8,2,0.18951956860950325,0.08909387670502067
8,2,0.24240462675244068,0.06836269899879444
8,2,0.24240462675244068,0.08909387670502067
8,2,0.24240462675244068,0.08909387670502067
8,2,0.24240462675244068,0.06836269899879444
8,2,0.2952896848953781,0.06836269899879444
8,2,0.24240462675244068,0.06836269899879444
8,2,0.2952896848953781,0.0476315212925682
8,2,0.2952896848953781,0.06836269899879444
8,2,0.2952896848953781,0.06836269899879444
8,2,0.2952896848953781,0.0476315212925682
8,2,0.3481747430383155,0.0476315212925682
8,2,0.2952896848953781,0.0476315212925682
8,2,0.3481747430383155,0.026900343586341968
8,2,0.3481747430383155,0.0476315212925682
8,2,0.3481747430383155,0.0476315212925682
8,2,0.3481747430383155,0.026900343586341968
8,2,0.4010598011812512,0.026900343586341968
8,2,0.3481747430383155,0.026900343586341968
8,2,0.4010598011812512,0.0061691658801152904
8,2,0.4010598011812512,0.026900343586341968
8,2,0.4010598011812512,0.026900343586341968
8,2,0.4010598011812512,0.0061691658801152904
8,2,0.4539448593241886,0.0061691658801152904
8,2,0.4010598011812512,0.0061691658801152904
8,3,0.4539448593241886,0.9854379881738891
8,2,0.4539448593241886,0.0061691658801152904
8,2,0.4539448593241886,0.0061691658801152904
8,3,0.4539448593241886,0.9854379881738891
8,3,0.506829917467126,0.9854379881738891
8,3,0.4539448593241886,0.9854379881738891
8,3,0.506829917467126,0.9647068104676628
8,3,0.506829917467126,0.9854379881738891
8,3,0.506829917467126,0.9854379881738891
8,3,0.506829917467126,0.9647068104676628
8,3,0.5597149756100617,0.9647068104676628
8,2,0.18951956860950325,0.08909387670502067
8,2,0.18951956860950325,0.06836269899879444
8,2,0.24240462675244068,0.06836269899879444
8,2,0.18951956860950325,0.06836269899879444
8,2,0.24240462675244068,0.0476315212925682
8,2,0.24240462675244068,0.06836269899879444
8,2,0.24240462675244068,0.06836269899879444
8,2,0.24240462675244068,0.0476315212925682
8,2,0.2952896848953781,0.0476315212925682
8,2,0.24240462675244068,0.0476315212925682
8,2,0.2952896848953781,0.026900343586341968
8,2,0.2952896848953781,0.0476315212925682
8,2,0.2952896848953781,0.0476315212925682
8,2,0.2952896848953781,0.026900343586341968
8,2,0.3481747430383155,0.026900343586341968
8,2,0.2952896848953781,0.026900343586341968
8,2,0.3481747430383155,0.0061691658801152904
8,2,0.3481747430383155,0.026900343586341968
8,2,0.3481747430383155,0.026900343586341968
8,2,0.3481747430383155,0.0061691658801152904
8,2,0.4010598011812512,0.0061691658801152904
8,2,0.3481747430383155,0.0061691658801152904
8,3,0.4010598011812512,0.9854379881738891
8,2,0.4010598011812512,0.0061691658801152904
8,2,0.4010598011812512,0.0061691658801152904
8,3,0.4010598011812512,0.9854379881738891
8,3,0.4539448593241886,0.9854379881738891
8,3,0.4010598011812512,0.9854379881738891
8,3,0.4539448593241886,0.9647068104676628
8,3,0.4539448593241886,0.9854379881738891
8,3,0.4539448593241886,0.9854379881738891
8,3,0.4539448593241886,0.9647068104676628
8,3,0.506829917467126,0.9647068104676628
8,2,0.18951956860950325,0.06836269899879444
8,2,0.18951956860950325,0.0476315212925682
8,2,0.24240462675244068,0.0476315212925682
8,2,0.18951956860950325,0.0476315212925682
8,2,0.24240462675244068,0.026900343586341968
8,2,0.24240462675244068,0.0476315212925682
8,2,0.24240462675244068,0.0476315212925682
8,2,0.24240462675244068,0.026900343586341968
8,2,0.2952896848953781,0.026900343586341968
8,2,0.24240462675244068,0.026900343586341968
8,2,0.2952896848953781,0.0061691658801152904
8,2,0.2952896848953781,0.026900343586341968
8,2,0.2952896848953781,0.026900343586341968
8,2,0.2952896848953781,0.0061691658801152904
8,2,0.3481747430383155,0.0061691658801152904
8,2,0.2952896848953781,0.0061691658801152904
8,3,0.3481747430383155,0.9854379881738891
8,2,0.3481747430383155,0.0061691658801152904
8,2,0.3481747430383155,0.0061691658801152904
8,3,0.3481747430383155,0.9854379881738891
8,3,0.4010598011812512,0.9854379881738891
8,3,0.3481747430383155,0.9854379881738891
8,3,0.4010598011812512,0.9647068104676628
8,3,0.4010598011812512,0.9854379881738891
8,3,0.4010598011812512,0.9854379881738891
8,3,0.4010598011812512,0.9647068104676628
8,3,0.4539448593241886,0.9647068104676628
8,2,0.18951956860950325,0.0476315212925682
8,2,0.18951956860950325,0.026900343586341968
8,2,0.24240462675244068,0.026900343586341968
8,2,0.18951956860950325,0.026900343586341968
8,2,0.24240462675244068,0.0061691658801152904
8,2,0.24240462675244068,0.026900343586341968
8,2,0.24240462675244068,0.026900343586341968
8,2,0.24240462675244068,0.0061691658801152904
8,2,0.2952896848953781,0.0061691658801152904
8,2,0.24240462675244068,0.0061691658801152904
8,3,0.2952896848953781,0.9854379881738891
8,2,0.2952896848953781,0.0061691658801152904
8,2,0.2952896848953781,0.0061691658801152904
8,3,0.2952896848953781,0.9854379881738891
8,3,0.3481747430383155,0.9854379881738891
8,3,0.2952896848953781,0.9854379881738891
8,3,0.3481747430383155,0.9647068104676628
8,3,0.3481747430383155,0.9854379881738891
8,3,0.3481747430383155,0.9854379881738891
8,3,0.3481747430383155,0.9647068104676628
8,3,0.4010598011812512,0.9647068104676628
8,2,0.18951956860950325,0.026900343586341968
8,2,0.18951956860950325,0.0061691658801152904
8,2,0.24240462675244068,0.0061691658801152904
8,2,0.18951956860950325,0.0061691658801152904
8,3,0.24240462675244068,0.9854379881738891
8,2,0.24240462675244068,0.0061691658801152904
8,2,0.24240462675244068,0.0061691658801152904
8,3,0.24240462675244068,0.9854379881738891
8,3,0.2952896848953781,0.9854379881738891
8,3,0.24240462675244068,0.9854379881738891
8,3,0.2952896848953781,0.9647068104676628
8,3,0.2952896848953781,0.9854379881738891
8,3,0.2952896848953781,0.9854379881738891
8,3,0.2952896848953781,0.9647068104676628
8,3,0.3481747430383155,0.9647068104676628
8,2,0.18951956860950325,0.0061691658801152904
8,3,0.18951956860950325,0.9854379881738891
8,3,0.24240462675244068,0.9854379881738891
8,3,0.18951956860950325,0.9854379881738891
8,3,0.24240462675244068,0.9647068104676628
8,3,0.24240462675244068,0.9854379881738891
8,3,0.24240462675244068,0.9854379881738891
8,3,0.24240462675244068,0.9647068104676628
8,3,0.2952896848953781,0.9647068104676628
8,3,0.18951956860950325,0.9854379881738891
8,3,0.18951956860950325,0.9647068104676628
8,3,0.24240462675244068,0.9647068104676628
8,3,0.6126000337529991,0.9647068104676628
8,3,0.5597149756100617,0.9647068104676628
8,3,0.5597149756100617,0.9439952089443508
8,3,0.5597149756100617,0.9647068104676628
8,3,0.506829917467126,0.9439952089443508
8,3,0.5597149756100617,0.9439952089443508
8,3,0.5597149756100617,0.9439952089443508
8,3,0.506829917467126,0.9439952089443508
8,3,0.506829917467126,0.9232836074210389
8,3,0.506829917467126,0.9439952089443508
8,3,0.4539448593241886,0.9232836074210389
8,3,0.506829917467126,0.9232836074210389
8,3,0.506829917467126,0.9232836074210389
8,3,0.4539448593241886,0.9232836074210389
8,3,0.4539448593241886,0.9025720058977269
8,3,0.4539448593241886,0.9232836074210389
8,3,0.4010598011812512,0.9025720058977269
8,3,0.4539448593241886,0.9025720058977269
8,3,0.4539448593241886,0.9025720058977269
8,3,0.4010598011812512,0.9025720058977269
8,3,0.4010598011812512,0.8818604043744149
8,3,0.4010598011812512,0.9025720058977269
8,3,0.3481747430383155,0.8818604043744149
8,3,0.4010598011812512,0.8818604043744149
8,3,0.4010598011812512,0.8818604043744149
8,3,0.3481747430383155,0.8818604043744149
8,3,0.3481747430383155,0.861148802851103
8,3,0.3481747430383155,0.8818604043744149
8,3,0.2952896848953781,0.861148802851103
8,3,0.3481747430383155,0.861148802851103
8,3,0.3481747430383155,0.861148802851103
8,3,0.2952896848953781,0.861148802851103
8,3,0.2952896848953781,0.8404372013277914
8,3,0.2952896848953781,0.861148802851103
8,3,0.24240462675244068,0.8404372013277914
8,3,0.2952896848953781,0.8404372013277914
8,3,0.2952896848953781,0.8404372013277914
8,3,0.24240462675244068,0.8404372013277914
8,3,0.24240462675244068,0.8197255998044795
8,3,0.24240462675244068,0.8404372013277914
8,3,0.18951956860950325,0.8197255998044795
8,3,0.24240462675244068,0.8197255998044795
8,3,0.24240462675244068,0.8197255998044795
8,3,0.18951956860950325,0.8197255998044795
8,3,0.18951956860950325,0.7990139982811675
8,3,0.5597149756100617,0.9647068104676628
8,3,0.506829917467126,0.9647068104676628
8,3,0.506829917467126,0.9439952089443508
8,3,0.506829917467126,0.9647068104676628
8,3,0.4539448593241886,0.9439952089443508
8,3,0.506829917467126,0.9439952089443508
8,3,0.506829917467126,0.9439952089443508
8,3,0.4539448593241886,0.9439952089443508
8,3,0.4539448593241886,0.9232836074210389
8,3,0.4539448593241886,0.9439952089443508
8,3,0.4010598011812512,0.9232836074210389
8,3,0.4539448593241886,0.9232836074210389
8,3,0.4539448593241886,0.9232836074210389
8,3,0.4010598011812512,0.9232836074210389
8,3,0.4010598011812512,0.9025720058977269
8,3,0.4010598011812512,0.9232836074210389
8,3,0.3481747430383155,0.9025720058977269
8,3,0.4010598011812512,0.9025720058977269
8,3,0.4010598011812512,0.9025720058977269
8,3,0.3481747430383155,0.9025720058977269
8,3,0.3481747430383155,0.8818604043744149
8,3,0.3481747430383155,0.9025720058977269
8,3,0.2952896848953781,0.8818604043744149
8,3,0.3481747430383155,0.8818604043744149
8,3,0.3481747430383155,0.8818604043744149
8,3,0.2952896848953781,0.8818604043744149
8,3,0.2952896848953781,0.861148802851103
8,3,0.2952896848953781,0.8818604043744149
8,3,0.24240462675244068,0.861148802851103
8,3,0.2952896848953781,0.861148802851103
8,3,0.2952896848953781,0.861148802851103
8,3,0.24240462675244068,0.861148802851103
8,3,0.24240462675244068,0.8404372013277914
8,3,0.24240462675244068,0.861148802851103
8,3,0.18951956860950325,0.8404372013277914
8,3,0.24240462675244068,0.8404372013277914
8,3,0.24240462675244068,0.8404372013277914
8,3,0.18951956860950325,0.8404372013277914
8,3,0.18951956860950325,0.8197255998044795
8,3,0.506829917467126,0.9647068104676628
8,3,0.4539448593241886,0.9647068104676628
8,3,0.4539448593241886,0.9439952089443508
8,3,0.4539448593241886,0.9647068104676628
8,3,0.4010598011812512,0.9439952089443508
8,3,0.4539448593241886,0.9439952089443508
8,3,0.4539448593241886,0.9439952089443508
8,3,0.4010598011812512,0.9439952089443508
8,3,0.4010598011812512,0.9232836074210389
8,3,0.4010598011812512,0.9439952089443508
8,3,0.3481747430383155,0.9232836074210389
8,3,0.4010598011812512,0.9232836074210389
8,3,0.4010598011812512,0.9232836074210389
8,3,0.3481747430383155,0.9232836074210389
8,3,0.3481747430383155,0.9025720058977269
8,3,0.3481747430383155,0.9232836074210389
8,3,0.2952896848953781,0.9025720058977269
8,3,0.3481747430383155,0.9025720058977269
8,3,0.3481747430383155,0.9025720058977269
8,3,0.2952896848953781,0.9025720058977269
8,3,0.2952896848953781,0.8818604043744149
8,3,0.2952896848953781,0.9025720058977269
8,3,0.24240462675244068,0.8818604043744149
8,3,0.2952896848953781,0.8818604043744149
8,3,0.2952896848953781,0.8818604043744149
8,3,0.24240462675244068,0.8818604043744149
8,3,0.24240462675244068,0.861148802851103
8,3,0.24240462675244068,0.8818604043744149
8,3,0.18951956860950325,0.861148802851103
8,3,0.24240462675244068,0.861148802851103
8,3,0.24240462675244068,0.861148802851103
8,3,0.18951956860950325,0.861148802851103
8,3,0.18951956860950325,0.8404372013277914
8,3,0.4539448593241886,0.9647068104676628
8,3,0.4010598011812512,0.9647068104676628
8,3,0.4010598011812512,0.9439952089443508
8,3,0.4010598011812512,0.9647068104676628
8,3,0.3481747430383155,0.9439952089443508
8,3,0.4010598011812512,0.9439952089443508
8,3,0.4010598011812512,0.9439952089443508
8,3,0.3481747430383155,0.9439952089443508
8,3,0.3481747430383155,0.9232836074210389
8,3,0.3481747430383155,0.9439952089443508
8,3,0.2952896848953781,0.9232836074210389
8,3,0.3481747430383155,0.9232836074210389
8,3,0.3481747430383155,0.9232836074210389
8,3,0.2952896848953781,0.9232836074210389
8,3,0.2952896848953781,0.9025720058977269
8,3,0.2952896848953781,0.9232836074210389
8,3,0.24240462675244068,0.9025720058977269
8,3,0.2952896848953781,0.9025720058977269
8,3,0.2952896848953781,0.9025720058977269
8,3,0.24240462675244068,0.9025720058977269
8,3,0.24240462675244068,0.8818604043744149
8,3,0.24240462675244068,0.9025720058977269
8,3,0.18951956860950325,0.8818604043744149
8,3,0.24240462675244068,0.8818604043744149
8,3,0.24240462675244068,0.8818604043744149
8,3,0.18951956860950325,0.8818604043744149
8,3,0.18951956860950325,0.861148802851103
8,3,0.4010598011812512,0.9647068104676628
8,3,0.3481747430383155,0.9647068104676628
8,3,0.3481747430383155,0.9439952089443508
8,3,0.3481747430383155,0.9647068104676628
8,3,0.2952896848953781,0.9439952089443508
8,3,0.3481747430383155,0.9439952089443508
8,3,0.3481747430383155,0.9439952089443508
8,3,0.2952896848953781,0.9439952089443508
8,3,0.2952896848953781,0.9232836074210389
8,3,0.2952896848953781,0.9439952089443508
8,3,0.24240462675244068,0.9232836074210389
8,3,0.2952896848953781,0.9232836074210389
8,3,0.2952896848953781,0.9232836074210389
8,3,0.24240462675244068,0.9232836074210389
8,3,0.24240462675244068,0.9025720058977269
8,3,0.24240462675244068,0.9232836074210389
8,3,0.18951956860950325,0.9025720058977269
8,3,0.24240462675244068,0.9025720058977269
8,3,0.24240462675244068,0.9025720058977269
8,3,0.18951956860950325,0.9025720058977269
8,3,0.18951956860950325,0.8818604043744149
8,3,0.3481747430383155,0.9647068104676628
8,3,0.2952896848953781,0.9647068104676628
8,3,0.2952896848953781,0.9439952089443508
8,3,0.2952896848953781,0.9647068104676628
8,3,0.24240462675244068,0.9439952089443508
8,3,0.2952896848953781,0.9439952089443508
8,3,0.2952896848953781,0.9439952089443508
8,3,0.24240462675244068,0.9439952089443508
8,3,0.24240462675244068,0.9232836074210389
8,3,0.24240462675244068,0.9439952089443508
8,3,0.18951956860950325,0.9232836074210389
8,3,0.24240462675244068,0.9232836074210389
8,3,0.24240462675244068,0.9232836074210389
8,3,0.18951956860950325,0.9232836074210389
8,3,0.18951956860950325,0.9025720058977269
8,3,0.2952896848953781,0.9647068104676628
8,3,0.24240462675244068,0.9647068104676628
8,3,0.24240462675244068,0.9439952089443508
8,3,0.24240462675244068,0.9647068104676628
8,3,0.18951956860950325,0.9439952089443508
8,3,0.24240462675244068,0.9439952089443508
8,3,0.24240462675244068,0.9439952089443508
8,3,0.18951956860950325,0.9439952089443508
8,3,0.18951956860950325,0.9232836074210389
8,3,0.24240462675244068,0.9647068104676628
8,3,0.18951956860950325,0.9647068104676628
8,3,0.18951956860950325,0.9439952089443508
8,3,0.18951956860950325,0.7990139982811675
8,3,0.24240462675244068,0.7990139982811675
8,3,0.24240462675244068,0.8197255998044795
8,3,0.24240462675244068,0.7990139982811675
8,3,0.2952896848953781,0.8197255998044795
8,3,0.24240462675244068,0.8197255998044795
8,3,0.24240462675244068,0.8197255998044795
8,3,0.2952896848953781,0.8197255998044795
8,3,0.2952896848953781,0.8404372013277914
8,3,0.2952896848953781,0.8197255998044795
8,3,0.3481747430383155,0.8404372013277914
8,3,0.2952896848953781,0.8404372013277914
8,3,0.2952896848953781,0.8404372013277914
8,3,0.3481747430383155,0.8404372013277914
8,3,0.3481747430383155,0.861148802851103
8,3,0.3481747430383155,0.8404372013277914
8,3,0.4010598011812512,0.861148802851103
8,3,0.3481747430383155,0.861148802851103
8,3,0.3481747430383155,0.861148802851103
8,3,0.4010598011812512,0.861148802851103
8,3,0.4010598011812512,0.8818604043744149
8,3,0.4010598011812512,0.861148802851103
8,3,0.4539448593241886,0.8818604043744149
8,3,0.4010598011812512,0.8818604043744149
8,3,0.4010598011812512,0.8818604043744149
8,3,0.4539448593241886,0.8818604043744149
8,3,0.4539448593241886,0.9025720058977269
8,3,0.4539448593241886,0.8818604043744149
8,3,0.506829917467126,0.9025720058977269
8,3,0.4539448593241886,0.9025720058977269
8,3,0.4539448593241886,0.9025720058977269
8,3,0.506829917467126,0.9025720058977269
8,3,0.506829917467126,0.9232836074210389
8,3,0.506829917467126,0.9025720058977269
8,3,0.5597149756100617,0.9232836074210389
8,3,0.506829917467126,0.9232836074210389
8,3,0.506829917467126,0.9232836074210389
8,3,0.5597149756100617,0.9232836074210389
8,3,0.5597149756100617,0.9439952089443508
8,3,0.5597149756100617,0.9232836074210389
8,3,0.6126000337529991,0.9439952089443508
8,3,0.5597149756100617,0.9439952089443508
8,3,0.5597149756100617,0.9439952089443508
8,3,0.6126000337529991,0.9439952089443508
8,3,0.6126000337529991,0.9647068104676628
8,3,0.24240462675244068,0.7990139982811675
8,3,0.2952896848953781,0.7990139982811675
8,3,0.2952896848953781,0.8197255998044795
8,3,0.2952896848953781,0.7990139982811675
8,3,0.3481747430383155,0.8197255998044795
8,3,0.2952896848953781,0.8197255998044795
8,3,0.2952896848953781,0.8197255998044795
8,3,0.3481747430383155,0.8197255998044795
8,3,0.3481747430383155,0.8404372013277914
8,3,0.3481747430383155,0.8197255998044795
8,3,0.4010598011812512,0.8404372013277914
8,3,0.3481747430383155,0.8404372013277914
8,3,0.3481747430383155,0.8404372013277914
8,3,0.4010598011812512,0.8404372013277914
8,3,0.4010598011812512,0.861148802851103
8,3,0.4010598011812512,0.8404372013277914
8,3,0.4539448593241886,0.8611488028511034
8,3,0.4010598011812512,0.861148802851103
8,3,0.4010598011812512,0.861148802851103
8,3,0.4539448593241886,0.8611488028511034
8,3,0.4539448593241886,0.8818604043744149
8,3,0.4539448593241886,0.8611488028511034
8,3,0.506829917467126,0.8818604043744149
8,3,0.4539448593241886,0.8818604043744149
8,3,0.4539448593241886,0.8818604043744149
8,3,0.506829917467126,0.8818604043744149
8,3,0.506829917467126,0.9025720058977269
8,3,0.506829917467126,0.8818604043744149
8,3,0.5597149756100617,0.9025720058977269
8,3,0.506829917467126,0.9025720058977269
8,3,0.506829917467126,0.9025720058977269
8,3,0.5597149756100617,0.9025720058977269
8,3,0.5597149756100617,0.9232836074210389
8,3,0.5597149756100617,0.9025720058977269
8,3,0.6126000337529991,0.9232836074210389
8,3,0.5597149756100617,0.9232836074210389
8,3,0.5597149756100617,0.9232836074210389
8,3,0.6126000337529991,0.9232836074210389
8,3,0.6126000337529991,0.9439952089443508
8,3,0.2952896848953781,0.7990139982811675
8,3,0.3481747430383155,0.7990139982811675
8,3,0.3481747430383155,0.8197255998044795
8,3,0.3481747430383155,0.7990139982811675
8,3,0.4010598011812512,0.8197255998044795
8,3,0.3481747430383155,0.8197255998044795
8,3,0.3481747430383155,0.8197255998044795
8,3,0.4010598011812512,0.8197255998044795
8,3,0.4010598011812512,0.8404372013277914
8,3,0.4010598011812512,0.8197255998044795
8,3,0.4539448593241886,0.8404372013277914
8,3,0.4010598011812512,0.8404372013277914
8,3,0.4010598011812512,0.8404372013277914
8,3,0.4539448593241886,0.8404372013277914
8,3,0.4539448593241886,0.8611488028511034
8,3,0.4539448593241886,0.8404372013277914
8,3,0.506829917467126,0.8611488028511034
8,3,0.4539448593241886,0.8611488028511034
8,3,0.4539448593241886,0.8611488028511034
8,3,0.506829917467126,0.8611488028511034
8,3,0.506829917467126,0.8818604043744149
8,3,0.506829917467126,0.8611488028511034
8,3,0.5597149756100617,0.8818604043744149
8,3,0.506829917467126,0.8818604043744149
8,3,0.506829917467126,0.8818604043744149
8,3,0.5597149756100617,0.8818604043744149
8,3,0.5597149756100617,0.9025720058977269
8,3,0.5597149756100617,0.8818604043744149
8,3,0.6126000337529991,0.9025720058977269
8,3,0.5597149756100617,0.9025720058977269
8,3,0.5597149756100617,0.9025720058977269
8,3,0.6126000337529991,0.9025720058977269
8,3,0.6126000337529991,0.9232836074210389
8,3,0.3481747430383155,0.7990139982811675
8,3,0.4010598011812512,0.7990139982811675
8,3,0.4010598011812512,0.8197255998044795
8,3,0.4010598011812512,0.7990139982811675
8,3,0.4539448593241886,0.8197255998044795
8,3,0.4010598011812512,0.8197255998044795
8,3,0.4010598011812512,0.8197255998044795
8,3,0.4539448593241886,0.8197255998044795
8,3,0.4539448593241886,0.8404372013277914
8,3,0.4539448593241886,0.8197255998044795
8,3,0.506829917467126,0.8404372013277914
8,3,0.4539448593241886,0.8404372013277914
8,3,0.4539448593241886,0.8404372013277914
8,3,0.506829917467126,0.8404372013277914
8,3,0.506829917467126,0.8611488028511034
8,3,0.506829917467126,0.8404372013277914
8,3,0.5597149756100617,0.861148802851103
8,3,0.506829917467126,0.8611488028511034
8,3,0.506829917467126,0.8611488028511034
8,3,0.5597149756100617,0.861148802851103
8,3,0.5597149756100617,0.8818604043744149
8,3,0.5597149756100617,0.861148802851103
8,3,0.6126000337529991,0.8818604043744149
8,3,0.5597149756100617,0.8818604043744149
8,3,0.5597149756100617,0.8818604043744149
8,3,0.6126000337529991,0.8818604043744149
8,3,0.6126000337529991,0.9025720058977269
8,3,0.4010598011812512,0.7990139982811675
8,3,0.4539448593241886,0.7990139982811675
8,3,0.4539448593241886,0.8197255998044795
8,3,0.4539448593241886,0.7990139982811675
8,3,0.506829917467126,0.8197255998044795
8,3,0.4539448593241886,0.8197255998044795
8,3,0.4539448593241886,0.8197255998044795
8,3,0.506829917467126,0.8197255998044795
8,3,0.506829917467126,0.8404372013277914
8,3,0.506829917467126,0.8197255998044795
8,3,0.5597149756100617,0.8404372013277914
8,3,0.506829917467126,0.8404372013277914
8,3,0.506829917467126,0.8404372013277914
8,3,0.5597149756100617,0.8404372013277914
8,3,0.5597149756100617,0.861148802851103
8,3,0.5597149756100617,0.8404372013277914
8,3,0.6126000337529991,0.861148802851103
8,3,0.5597149756100617,0.861148802851103
8,3,0.5597149756100617,0.861148802851103
8,3,0.6126000337529991,0.861148802851103
8,3,0.6126000337529991,0.8818604043744149
8,3,0.4539448593241886,0.7990139982811675
8,3,0.506829917467126,0.7990139982811675
8,3,0.506829917467126,0.8197255998044795
8,3,0.506829917467126,0.7990139982811675
8,3,0.5597149756100617,0.8197255998044795
8,3,0.506829917467126,0.8197255998044795
8,3,0.506829917467126,0.8197255998044795
8,3,0.5597149756100617,0.8197255998044795
8,3,0.5597149756100617,0.8404372013277914
8,3,0.5597149756100617,0.8197255998044795
8,3,0.6126000337529991,0.8404372013277914
8,3,0.5597149756100617,0.8404372013277914
8,3,0.5597149756100617,0.8404372013277914
8,3,0.6126000337529991,0.8404372013277914
8,3,0.6126000337529991,0.861148802851103
8,3,0.506829917467126,0.7990139982811675
8,3,0.5597149756100617,0.7990139982811675
8,3,0.5597149756100617,0.8197255998044795
8,3,0.5597149756100617,0.7990139982811675
8,3,0.6126000337529991,0.8197255998044795
8,3,0.5597149756100617,0.8197255998044795
8,3,0.5597149756100617,0.8197255998044795
8,3,0.6126000337529991,0.8197255998044795
8,3,0.6126000337529991,0.8404372013277914
8,3,0.5597149756100617,0.7990139982811675
8,3,0.6126000337529991,0.7990139982811675
8,3,0.6126000337529991,0.8197255998044795
