7,4,0.08000000000000007,0.5700000000000003
7,4,0.01055867441509406,0.4872505756981136
7,4,0.01055867441509406,0.652749424301887
7,4,0.14944132558490608,0.4872505756981136
7,4,0.14944132558490608,0.652749424301887
7,4,0.21730789082567625,0.7061442646322389
7,4,0.17899134259889848,0.7061442646322389
7,4,0.17899134259889848,0.6662000250039259
7,4,0.17899134259889848,0.7061442646322389
7,4,0.14067479437212072,0.6662000250039259
7,4,0.17899134259889848,0.6662000250039259
7,4,0.17899134259889848,0.6662000250039259
7,4,0.14067479437212072,0.6662000250039259
7,4,0.14067479437212072,0.626255785375613
7,4,0.14067479437212072,0.6662000250039259
7,4,0.10235824614534295,0.626255785375613
7,4,0.14067479437212072,0.626255785375613
7,4,0.14067479437212072,0.626255785375613
7,4,0.10235824614534295,0.626255785375613
7,4,0.10235824614534295,0.5863115457473
7,4,0.10235824614534295,0.626255785375613
7,4,0.06404169791856518,0.5863115457473
7,4,0.10235824614534295,0.5863115457473
7,4,0.10235824614534295,0.5863115457473
7,4,0.06404169791856518,0.5863115457473
7,4,0.06404169791856518,0.5463673061189871
7,4,0.06404169791856518,0.5863115457473
7,4,0.025725149691787408,0.5463673061189871
7,4,0.06404169791856518,0.5463673061189871
7,4,0.06404169791856518,0.5463673061189871
7,4,0.025725149691787408,0.5463673061189871
7,4,0.025725149691787408,0.5064230664906741
7,4,0.025725149691787408,0.5463673061189871
6,4,0.9874086014650096,0.5064230664906741
7,4,0.025725149691787408,0.5064230664906741
7,4,0.025725149691787408,0.5064230664906741
6,4,0.9874086014650096,0.5064230664906741
6,4,0.9874086014650096,0.4664788268623612
6,4,0.9874086014650096,0.5064230664906741
6,4,0.9490920532382319,0.4664788268623612
6,4,0.9874086014650096,0.4664788268623612
6,4,0.9874086014650096,0.4664788268623612
6,4,0.9490920532382319,0.4664788268623612
6,4,0.9490920532382319,0.42653458723404825
7,4,0.17899134259889848,0.7061442646322389
7,4,0.14067479437212072,0.7061442646322389
7,4,0.14067479437212072,0.6662000250039259
7,4,0.14067479437212072,0.7061442646322389
7,4,0.10235824614534295,0.6662000250039259
7,4,0.14067479437212072,0.6662000250039259
7,4,0.14067479437212072,0.6662000250039259
7,4,0.10235824614534295,0.6662000250039259
7,4,0.10235824614534295,0.626255785375613
7,4,0.10235824614534295,0.6662000250039259
7,4,0.06404169791856518,0.626255785375613
7,4,0.10235824614534295,0.626255785375613
7,4,0.10235824614534295,0.626255785375613
7,4,0.06404169791856518,0.626255785375613
7,4,0.06404169791856518,0.5863115457473
7,4,0.06404169791856518,0.626255785375613
7,4,0.025725149691787408,0.5863115457473
7,4,0.06404169791856518,0.5863115457473
7,4,0.06404169791856518,0.5863115457473
7,4,0.025725149691787408,0.5863115457473
7,4,0.025725149691787408,0.5463673061189871
7,4,0.025725149691787408,0.5863115457473
6,4,0.9874086014650096,0.5463673061189871
7,4,0.025725149691787408,0.5463673061189871
7,4,0.025725149691787408,0.5463673061189871
6,4,0.9874086014650096,0.5463673061189871
6,4,0.9874086014650096,0.5064230664906741
6,4,0.9874086014650096,0.5463673061189871
6,4,0.9490920532382319,0.5064230664906741
6,4,0.9874086014650096,0.5064230664906741
6,4,0.9874086014650096,0.5064230664906741
6,4,0.9490920532382319,0.5064230664906741
6,4,0.9490920532382319,0.4664788268623612
7,4,0.14067479437212072,0.7061442646322389
7,4,0.10235824614534295,0.7061442646322389
7,4,0.10235824614534295,0.6662000250039259
7,4,0.10235824614534295,0.7061442646322389
7,4,0.06404169791856518,0.6662000250039259
7,4,0.10235824614534295,0.6662000250039259
7,4,0.10235824614534295,0.6662000250039259
7,4,0.06404169791856518,0.6662000250039259
7,4,0.06404169791856518,0.626255785375613
7,4,0.06404169791856518,0.6662000250039259
7,4,0.025725149691787408,0.626255785375613
7,4,0.06404169791856518,0.626255785375613
7,4,0.06404169791856518,0.626255785375613
7,4,0.025725149691787408,0.626255785375613
7,4,0.025725149691787408,0.5863115457473
7,4,0.025725149691787408,0.626255785375613
6,4,0.9874086014650096,0.5863115457473
7,4,0.025725149691787408,0.5863115457473
7,4,0.025725149691787408,0.5863115457473
6,4,0.9874086014650096,0.5863115457473
6,4,0.9874086014650096,0.5463673061189871
6,4,0.9874086014650096,0.5863115457473
6,4,0.9490920532382319,0.5463673061189871
6,4,0.9874086014650096,0.5463673061189871
6,4,0.9874086014650096,0.5463673061189871
6,4,0.9490920532382319,0.5463673061189871
6,4,0.9490920532382319,0.5064230664906741
7,4,0.10235824614534295,0.7061442646322389
7,4,0.06404169791856518,0.7061442646322389
7,4,0.06404169791856518,0.6662000250039259
7,4,0.06404169791856518,0.7061442646322389
7,4,0.025725149691787408,0.6662000250039259
7,4,0.06404169791856518,0.6662000250039259
7,4,0.06404169791856518,0.6662000250039259
7,4,0.025725149691787408,0.6662000250039259
7,4,0.025725149691787408,0.626255785375613
7,4,0.025725149691787408,0.6662000250039259
6,4,0.9874086014650096,0.626255785375613
7,4,0.025725149691787408,0.626255785375613
7,4,0.025725149691787408,0.626255785375613
6,4,0.9874086014650096,0.626255785375613
6,4,0.9874086014650096,0.5863115457473
6,4,0.9874086014650096,0.626255785375613
6,4,0.9490920532382319,0.5863115457473
6,4,0.9874086014650096,0.5863115457473
6,4,0.9874086014650096,0.5863115457473
6,4,0.9490920532382319,0.5863115457473
6,4,0.9490920532382319,0.5463673061189871
7,4,0.06404169791856518,0.7061442646322389
7,4,0.025725149691787408,0.7061442646322389
7,4,0.025725149691787408,0.6662000250039259
7,4,0.025725149691787408,0.7061442646322389
6,4,0.9874086014650096,0.6662000250039259
7,4,0.025725149691787408,0.6662000250039259
7,4,0.025725149691787408,0.6662000250039259
6,4,0.9874086014650096,0.6662000250039259
6,4,0.9874086014650096,0.626255785375613
6,4,0.9874086014650096,0.6662000250039259
6,4,0.9490920532382319,0.626255785375613
6,4,0.9874086014650096,0.626255785375613
6,4,0.9874086014650096,0.626255785375613
6,4,0.9490920532382319,0.626255785375613
6,4,0.9490920532382319,0.5863115457473
7,4,0.025725149691787408,0.7061442646322389
6,4,0.9874086014650096,0.7061442646322389
6,4,0.9874086014650096,0.6662000250039259
6,4,0.9874086014650096,0.7061442646322389
6,4,0.9490920532382319,0.6662000250039259
6,4,0.9874086014650096,0.6662000250039259
6,4,0.9874086014650096,0.6662000250039259
6,4,0.9490920532382319,0.6662000250039259
6,4,0.9490920532382319,0.626255785375613
6,4,0.9874086014650096,0.7061442646322389
6,4,0.9490920532382319,0.7061442646322389
6,4,0.9490920532382319,0.6662000250039259
6,4,0.9490920532382319,0.42653458723404825
6,4,0.9874086014650096,0.42653458723404825
6,4,0.9874086014650096,0.4664788268623612
6,4,0.9874086014650096,0.42653458723404825
7,4,0.025725149691787408,0.4664788268623612
6,4,0.9874086014650096,0.4664788268623612
6,4,0.9874086014650096,0.4664788268623612
7,4,0.025725149691787408,0.4664788268623612
7,4,0.025725149691787408,0.5064230664906741
7,4,0.025725149691787408,0.4664788268623612
7,4,0.06404169791856518,0.5064230664906741
7,4,0.025725149691787408,0.5064230664906741
7,4,0.025725149691787408,0.5064230664906741
7,4,0.06404169791856518,0.5064230664906741
7,4,0.06404169791856518,0.5463673061189871
7,4,0.06404169791856518,0.5064230664906741
7,4,0.10235824614534295,0.5463673061189871
7,4,0.06404169791856518,0.5463673061189871
7,4,0.06404169791856518,0.5463673061189871
7,4,0.10235824614534295,0.5463673061189871
7,4,0.10235824614534295,0.5863115457473
7,4,0.10235824614534295,0.5463673061189871
7,4,0.14067479437212072,0.5863115457473
7,4,0.10235824614534295,0.5863115457473
7,4,0.10235824614534295,0.5863115457473
7,4,0.14067479437212072,0.5863115457473
7,4,0.14067479437212072,0.626255785375613
7,4,0.14067479437212072,0.5863115457473
7,4,0.17899134259889848,0.626255785375613
7,4,0.14067479437212072,0.626255785375613
7,4,0.14067479437212072,0.626255785375613
7,4,0.17899134259889848,0.626255785375613
7,4,0.17899134259889848,0.6662000250039259
7,4,0.17899134259889848,0.626255785375613
7,4,0.21730789082567625,0.6662000250039259
7,4,0.17899134259889848,0.6662000250039259
7,4,0.17899134259889848,0.6662000250039259
7,4,0.21730789082567625,0.6662000250039259
7,4,0.21730789082567625,0.7061442646322389
6,4,0.9874086014650096,0.42653458723404825
7,4,0.025725149691787408,0.42653458723404825
7,4,0.025725149691787408,0.4664788268623612
7,4,0.025725149691787408,0.42653458723404825
7,4,0.06404169791856518,0.4664788268623612
7,4,0.025725149691787408,0.4664788268623612
7,4,0.025725149691787408,0.4664788268623612
7,4,0.06404169791856518,0.4664788268623612
7,4,0.06404169791856518,0.5064230664906741
7,4,0.06404169791856518,0.4664788268623612
7,4,0.10235824614534295,0.5064230664906741
7,4,0.06404169791856518,0.5064230664906741
7,4,0.06404169791856518,0.5064230664906741
7,4,0.10235824614534295,0.5064230664906741
7,4,0.10235824614534295,0.5463673061189871
7,4,0.10235824614534295,0.5064230664906741
7,4,0.14067479437212072,0.5463673061189871
7,4,0.10235824614534295,0.5463673061189871
7,4,0.10235824614534295,0.5463673061189871
7,4,0.14067479437212072,0.5463673061189871
7,4,0.14067479437212072,0.5863115457473
7,4,0.14067479437212072,0.5463673061189871
7,4,0.17899134259889848,0.5863115457473
7,4,0.14067479437212072,0.5863115457473
7,4,0.14067479437212072,0.5863115457473
7,4,0.17899134259889848,0.5863115457473
7,4,0.17899134259889848,0.626255785375613
7,4,0.17899134259889848,0.5863115457473
7,4,0.21730789082567625,0.626255785375613
7,4,0.17899134259889848,0.626255785375613
7,4,0.17899134259889848,0.626255785375613
7,4,0.21730789082567625,0.626255785375613
7,4,0.21730789082567625,0.6662000250039259
7,4,0.025725149691787408,0.42653458723404825
7,4,0.06404169791856518,0.42653458723404825
7,4,0.06404169791856518,0.4664788268623612
7,4,0.06404169791856518,0.42653458723404825
7,4,0.10235824614534295,0.4664788268623612
7,4,0.06404169791856518,0.4664788268623612
7,4,0.06404169791856518,0.4664788268623612
7,4,0.10235824614534295,0.4664788268623612
7,4,0.10235824614534295,0.5064230664906741
7,4,0.10235824614534295,0.4664788268623612
7,4,0.14067479437212072,0.5064230664906741
7,4,0.10235824614534295,0.5064230664906741
7,4,0.10235824614534295,0.5064230664906741
7,4,0.14067479437212072,0.5064230664906741
7,4,0.14067479437212072,0.5463673061189871
7,4,0.14067479437212072,0.5064230664906741
7,4,0.17899134259889848,0.5463673061189871
7,4,0.14067479437212072,0.5463673061189871
7,4,0.14067479437212072,0.5463673061189871
7,4,0.17899134259889848,0.5463673061189871
7,4,0.17899134259889848,0.5863115457473
7,4,0.17899134259889848,0.5463673061189871
7,4,0.21730789082567625,0.5863115457473
7,4,0.17899134259889848,0.5863115457473
7,4,0.17899134259889848,0.5863115457473
7,4,0.21730789082567625,0.5863115457473
7,4,0.21730789082567625,0.626255785375613
7,4,0.06404169791856518,0.42653458723404825
7,4,0.10235824614534295,0.42653458723404825
7,4,0.10235824614534295,0.4664788268623612
7,4,0.10235824614534295,0.42653458723404825
7,4,0.14067479437212072,0.4664788268623612
7,4,0.10235824614534295,0.4664788268623612
7,4,0.10235824614534295,0.4664788268623612
7,4,0.14067479437212072,0.4664788268623612
7,4,0.14067479437212072,0.5064230664906741
7,4,0.14067479437212072,0.4664788268623612
7,4,0.17899134259889848,0.5064230664906741
7,4,0.14067479437212072,0.5064230664906741
7,4,0.14067479437212072,0.5064230664906741
7,4,0.17899134259889848,0.5064230664906741
7,4,0.17899134259889848,0.5463673061189871
7,4,0.17899134259889848,0.5064230664906741
7,4,0.21730789082567625,0.5463673061189871
7,4,0.17899134259889848,0.5463673061189871
7,4,0.17899134259889848,0.5463673061189871
7,4,0.21730789082567625,0.5463673061189871
7,4,0.21730789082567625,0.5863115457473
7,4,0.10235824614534295,0.42653458723404825
7,4,0.14067479437212072,0.42653458723404825
7,4,0.14067479437212072,0.4664788268623612
7,4,0.14067479437212072,0.42653458723404825
7,4,0.17899134259889848,0.4664788268623612
7,4,0.14067479437212072,0.4664788268623612
7,4,0.14067479437212072,0.4664788268623612
7,4,0.17899134259889848,0.4664788268623612
7,4,0.17899134259889848,0.5064230664906741
7,4,0.17899134259889848,0.4664788268623612
7,4,0.21730789082567625,0.5064230664906741
7,4,0.17899134259889848,0.5064230664906741
7,4,0.17899134259889848,0.5064230664906741
7,4,0.21730789082567625,0.5064230664906741
7,4,0.21730789082567625,0.5463673061189871
7,4,0.14067479437212072,0.42653458723404825
7,4,0.17899134259889848,0.42653458723404825
7,4,0.17899134259889848,0.4664788268623612
7,4,0.17899134259889848,0.42653458723404825
7,4,0.21730789082567625,0.4664788268623612
7,4,0.17899134259889848,0.4664788268623612
7,4,0.17899134259889848,0.4664788268623612
7,4,0.21730789082567625,0.4664788268623612
7,4,0.21730789082567625,0.5064230664906741
7,4,0.17899134259889848,0.42653458723404825
7,4,0.21730789082567625,0.42653458723404825
7,4,0.21730789082567625,0.4664788268623612
7,4,0.4299999999999997,0.009999999999999787
7,5,0.347250575698113,0.9405586744150938
7,4,0.347250575698113,0.0794413255849058
7,5,0.5127494243018864,0.9405586744150938
7,4,0.5127494243018864,0.0794413255849058
7,4,0.29411896673294713,0.14530281610421358
7,4,0.29411896673294713,0.10699592906616218
7,4,0.33405036865706883,0.10699592906616218
7,4,0.29411896673294713,0.10699592906616218
7,4,0.33405036865706883,0.06868904202810988
7,4,0.33405036865706883,0.10699592906616218
7,4,0.33405036865706883,0.10699592906616218
7,4,0.33405036865706883,0.06868904202810988
7,4,0.3739817705811914,0.06868904202810988
7,4,0.33405036865706883,0.06868904202810988
7,4,0.3739817705811914,0.030382154990057586
7,4,0.3739817705811914,0.06868904202810988
7,4,0.3739817705811914,0.06868904202810988
7,4,0.3739817705811914,0.030382154990057586
7,4,0.413913172505314,0.030382154990057586
7,4,0.3739817705811914,0.030382154990057586
7,5,0.413913172505314,0.9920752679520053
7,4,0.413913172505314,0.030382154990057586
7,4,0.413913172505314,0.030382154990057586
7,5,0.413913172505314,0.9920752679520053
7,5,0.4538445744294357,0.9920752679520053
7,5,0.413913172505314,0.9920752679520053
7,5,0.4538445744294357,0.9537683809139539
7,5,0.4538445744294357,0.9920752679520053
7,5,0.4538445744294357,0.9920752679520053
7,5,0.4538445744294357,0.9537683809139539
7,5,0.4937759763535583,0.9537683809139539
7,5,0.4538445744294357,0.9537683809139539
7,5,0.4937759763535583,0.9154614938759016
7,5,0.4937759763535583,0.9537683809139539
7,5,0.4937759763535583,0.9537683809139539
7,5,0.4937759763535583,0.9154614938759016
7,5,0.53370737827768,0.9154614938759016
7,5,0.4937759763535583,0.9154614938759016
7,5,0.53370737827768,0.8771546068378493
7,5,0.53370737827768,0.9154614938759016
7,5,0.53370737827768,0.9154614938759016
7,5,0.53370737827768,0.8771546068378493
7,5,0.5736387802018026,0.8771546068378493
7,4,0.29411896673294713,0.10699592906616218
7,4,0.29411896673294713,0.06868904202810988
7,4,0.33405036865706883,0.06868904202810988
7,4,0.29411896673294713,0.06868904202810988
7,4,0.33405036865706883,0.030382154990057586
7,4,0.33405036865706883,0.06868904202810988
7,4,0.33405036865706883,0.06868904202810988
7,4,0.33405036865706883,0.030382154990057586
7,4,0.3739817705811914,0.030382154990057586
7,4,0.33405036865706883,0.030382154990057586
7,5,0.3739817705811914,0.9920752679520053
7,4,0.3739817705811914,0.030382154990057586
7,4,0.3739817705811914,0.030382154990057586
7,5,0.3739817705811914,0.9920752679520053
7,5,0.413913172505314,0.9920752679520053
7,5,0.3739817705811914,0.9920752679520053
7,5,0.413913172505314,0.9537683809139539
7,5,0.413913172505314,0.9920752679520053
7,5,0.413913172505314,0.9920752679520053
7,5,0.413913172505314,0.9537683809139539
7,5,0.4538445744294357,0.9537683809139539
7,5,0.413913172505314,0.9537683809139539
7,5,0.4538445744294357,0.9154614938759016
7,5,0.4538445744294357,0.9537683809139539
7,5,0.4538445744294357,0.9537683809139539
7,5,0.4538445744294357,0.9154614938759016
7,5,0.4937759763535583,0.9154614938759016
7,5,0.4538445744294357,0.9154614938759016
7,5,0.4937759763535583,0.8771546068378493
7,5,0.4937759763535583,0.9154614938759016
7,5,0.4937759763535583,0.9154614938759016
7,5,0.4937759763535583,0.8771546068378493
7,5,0.53370737827768,0.8771546068378493
7,4,0.29411896673294713,0.06868904202810988
7,4,0.29411896673294713,0.030382154990057586
7,4,0.33405036865706883,0.030382154990057586
7,4,0.29411896673294713,0.030382154990057586
7,5,0.33405036865706883,0.9920752679520053
7,4,0.33405036865706883,0.030382154990057586
7,4,0.33405036865706883,0.030382154990057586
7,5,0.33405036865706883,0.9920752679520053
7,5,0.3739817705811914,0.9920752679520053
7,5,0.33405036865706883,0.9920752679520053
7,5,0.3739817705811914,0.9537683809139539
7,5,0.3739817705811914,0.9920752679520053
7,5,0.3739817705811914,0.9920752679520053
7,5,0.3739817705811914,0.9537683809139539
7,5,0.413913172505314,0.9537683809139539
7,5,0.3739817705811914,0.9537683809139539
7,5,0.413913172505314,0.9154614938759016
7,5,0.413913172505314,0.9537683809139539
7,5,0.413913172505314,0.9537683809139539
7,5,0.413913172505314,0.9154614938759016
7,5,0.4538445744294357,0.9154614938759016
7,5,0.413913172505314,0.9154614938759016
7,5,0.4538445744294357,0.8771546068378493
7,5,0.4538445744294357,0.9154614938759016
7,5,0.4538445744294357,0.9154614938759016
7,5,0.4538445744294357,0.8771546068378493
7,5,0.4937759763535583,0.8771546068378493
7,4,0.29411896673294713,0.030382154990057586
7,5,0.29411896673294713,0.9920752679520053
7,5,0.33405036865706883,0.9920752679520053
7,5,0.29411896673294713,0.9920752679520053
7,5,0.33405036865706883,0.9537683809139539
7,5,0.33405036865706883,0.9920752679520053
7,5,0.33405036865706883,0.9920752679520053
7,5,0.33405036865706883,0.9537683809139539
7,5,0.3739817705811914,0.9537683809139539
7,5,0.33405036865706883,0.9537683809139539
7,5,0.3739817705811914,0.9154614938759016
7,5,0.3739817705811914,0.9537683809139539
7,5,0.3739817705811914,0.9537683809139539
7,5,0.3739817705811914,0.9154614938759016
7,5,0.413913172505314,0.9154614938759016
7,5,0.3739817705811914,0.9154614938759016
7,5,0.413913172505314,0.8771546068378493
7,5,0.413913172505314,0.9154614938759016
7,5,0.413913172505314,0.9154614938759016
7,5,0.413913172505314,0.8771546068378493
7,5,0.4538445744294357,0.8771546068378493
7,5,0.29411896673294713,0.9920752679520053
7,5,0.29411896673294713,0.9537683809139539
7,5,0.33405036865706883,0.9537683809139539
7,5,0.29411896673294713,0.9537683809139539
7,5,0.33405036865706883,0.9154614938759016
7,5,0.33405036865706883,0.9537683809139539
7,5,0.33405036865706883,0.9537683809139539
7,5,0.33405036865706883,0.9154614938759016
7,5,0.3739817705811914,0.9154614938759016
7,5,0.33405036865706883,0.9154614938759016
7,5,0.3739817705811914,0.8771546068378493
7,5,0.3739817705811914,0.9154614938759016
7,5,0.3739817705811914,0.9154614938759016
7,5,0.3739817705811914,0.8771546068378493
7,5,0.413913172505314,0.8771546068378493
7,5,0.29411896673294713,0.9537683809139539
7,5,0.29411896673294713,0.9154614938759016
7,5,0.33405036865706883,0.9154614938759016
7,5,0.29411896673294713,0.9154614938759016
7,5,0.33405036865706883,0.8771546068378493
7,5,0.33405036865706883,0.9154614938759016
7,5,0.33405036865706883,0.9154614938759016
7,5,0.33405036865706883,0.8771546068378493
7,5,0.3739817705811914,0.8771546068378493
7,5,0.29411896673294713,0.9154614938759016
7,5,0.29411896673294713,0.8771546068378493
7,5,0.33405036865706883,0.8771546068378493
7,5,0.5736387802018026,0.8771546068378493
7,5,0.5736387802018026,0.9154614938759016
7,5,0.53370737827768,0.9154614938759016
7,5,0.5736387802018026,0.9154614938759016
7,5,0.53370737827768,0.9537683809139539
7,5,0.53370737827768,0.9154614938759016
7,5,0.53370737827768,0.9154614938759016
7,5,0.53370737827768,0.9537683809139539
7,5,0.4937759763535583,0.9537683809139539
7,5,0.53370737827768,0.9537683809139539
7,5,0.4937759763535583,0.9920752679520053
7,5,0.4937759763535583,0.9537683809139539
7,5,0.4937759763535583,0.9537683809139539
7,5,0.4937759763535583,0.9920752679520053
7,5,0.4538445744294357,0.9920752679520053
7,5,0.4937759763535583,0.9920752679520053
7,4,0.4538445744294357,0.030382154990057586
7,5,0.4538445744294357,0.9920752679520053
7,5,0.4538445744294357,0.9920752679520053
7,4,0.4538445744294357,0.030382154990057586
7,4,0.413913172505314,0.030382154990057586
7,4,0.4538445744294357,0.030382154990057586
7,4,0.413913172505314,0.06868904202810988
7,4,0.413913172505314,0.030382154990057586
7,4,0.413913172505314,0.030382154990057586
7,4,0.413913172505314,0.06868904202810988
7,4,0.3739817705811914,0.06868904202810988
7,4,0.413913172505314,0.06868904202810988
7,4,0.3739817705811914,0.10699592906616218
7,4,0.3739817705811914,0.06868904202810988
7,4,0.3739817705811914,0.06868904202810988
7,4,0.3739817705811914,0.10699592906616218
7,4,0.33405036865706883,0.10699592906616218
7,4,0.3739817705811914,0.10699592906616218
7,4,0.33405036865706883,0.14530281610421358
7,4,0.33405036865706883,0.10699592906616218
7,4,0.33405036865706883,0.10699592906616218
7,4,0.33405036865706883,0.14530281610421358
7,4,0.29411896673294713,0.14530281610421358
7,5,0.5736387802018026,0.9154614938759016
7,5,0.5736387802018026,0.9537683809139539
7,5,0.53370737827768,0.9537683809139539
7,5,0.5736387802018026,0.9537683809139539
7,5,0.53370737827768,0.9920752679520053
7,5,0.53370737827768,0.9537683809139539
7,5,0.53370737827768,0.9537683809139539
7,5,0.53370737827768,0.9920752679520053
7,5,0.4937759763535583,0.9920752679520053
7,5,0.53370737827768,0.9920752679520053
7,4,0.4937759763535583,0.030382154990057586
7,5,0.4937759763535583,0.9920752679520053
7,5,0.4937759763535583,0.9920752679520053
7,4,0.4937759763535583,0.030382154990057586
7,4,0.4538445744294357,0.030382154990057586
7,4,0.4937759763535583,0.030382154990057586
7,4,0.4538445744294357,0.06868904202810988
7,4,0.4538445744294357,0.030382154990057586
7,4,0.4538445744294357,0.030382154990057586
7,4,0.4538445744294357,0.06868904202810988
7,4,0.413913172505314,0.06868904202810988
7,4,0.4538445744294357,0.06868904202810988
7,4,0.413913172505314,0.10699592906616218
7,4,0.413913172505314,0.06868904202810988
7,4,0.413913172505314,0.06868904202810988
7,4,0.413913172505314,0.10699592906616218
7,4,0.3739817705811914,0.10699592906616218
7,4,0.413913172505314,0.10699592906616218
7,4,0.3739817705811914,0.14530281610421358
7,4,0.3739817705811914,0.10699592906616218
7,4,0.3739817705811914,0.10699592906616218
7,4,0.3739817705811914,0.14530281610421358
7,4,0.33405036865706883,0.14530281610421358
7,5,0.5736387802018026,0.9537683809139539
7,5,0.5736387802018026,0.9920752679520053
7,5,0.53370737827768,0.9920752679520053
7,5,0.5736387802018026,0.9920752679520053
7,4,0.53370737827768,0.030382154990057586
7,5,0.53370737827768,0.9920752679520053
7,5,0.53370737827768,0.9920752679520053
7,4,0.53370737827768,0.030382154990057586
7,4,0.4937759763535583,0.030382154990057586
7,4,0.53370737827768,0.030382154990057586
7,4,0.4937759763535583,0.06868904202810988
7,4,0.4937759763535583,0.030382154990057586
7,4,0.4937759763535583,0.030382154990057586
7,4,0.4937759763535583,0.06868904202810988
7,4,0.4538445744294357,0.06868904202810988
7,4,0.4937759763535583,0.06868904202810988
7,4,0.4538445744294357,0.10699592906616218
7,4,0.4538445744294357,0.06868904202810988
7,4,0.4538445744294357,0.06868904202810988
7,4,0.4538445744294357,0.10699592906616218
7,4,0.413913172505314,0.10699592906616218
7,4,0.4538445744294357,0.10699592906616218
7,4,0.413913172505314,0.14530281610421358
7,4,0.413913172505314,0.10699592906616218
7,4,0.413913172505314,0.10699592906616218
7,4,0.413913172505314,0.14530281610421358
7,4,0.3739817705811914,0.14530281610421358
7,5,0.5736387802018026,0.9920752679520053
7,4,0.5736387802018026,0.030382154990057586
7,4,0.53370737827768,0.030382154990057586
7,4,0.5736387802018026,0.030382154990057586
7,4,0.53370737827768,0.06868904202810988
7,4,0.53370737827768,0.030382154990057586
7,4,0.53370737827768,0.030382154990057586
7,4,0.53370737827768,0.06868904202810988
7,4,0.4937759763535583,0.06868904202810988
7,4,0.53370737827768,0.06868904202810988
7,4,0.4937759763535583,0.10699592906616218
7,4,0.4937759763535583,0.06868904202810988
7,4,0.4937759763535583,0.06868904202810988
7,4,0.4937759763535583,0.10699592906616218
7,4,0.4538445744294357,0.10699592906616218
7,4,0.4937759763535583,0.10699592906616218
7,4,0.4538445744294357,0.14530281610421358
7,4,0.4538445744294357,0.10699592906616218
7,4,0.4538445744294357,0.10699592906616218
7,4,0.4538445744294357,0.14530281610421358
7,4,0.413913172505314,0.14530281610421358
7,4,0.5736387802018026,0.030382154990057586
7,4,0.5736387802018026,0.06868904202810988
7,4,0.53370737827768,0.06868904202810988
7,4,0.5736387802018026,0.06868904202810988
7,4,0.53370737827768,0.10699592906616218
7,4,0.53370737827768,0.06868904202810988
7,4,0.53370737827768,0.06868904202810988
7,4,0.53370737827768,0.10699592906616218
7,4,0.4937759763535583,0.10699592906616218
7,4,0.53370737827768,0.10699592906616218
7,4,0.4937759763535583,0.14530281610421358
7,4,0.4937759763535583,0.10699592906616218
7,4,0.4937759763535583,0.10699592906616218
7,4,0.4937759763535583,0.14530281610421358
7,4,0.4538445744294357,0.14530281610421358
7,4,0.5736387802018026,0.06868904202810988
7,4,0.5736387802018026,0.10699592906616218
7,4,0.53370737827768,0.10699592906616218
7,4,0.5736387802018026,0.10699592906616218
7,4,0.53370737827768,0.14530281610421358
7,4,0.53370737827768,0.10699592906616218
7,4,0.53370737827768,0.10699592906616218
7,4,0.53370737827768,0.14530281610421358
7,4,0.4937759763535583,0.14530281610421358
7,4,0.5736387802018026,0.10699592906616218
7,4,0.5736387802018026,0.14530281610421358
7,4,0.53370737827768,0.14530281610421358
7,4,0.6399999999999997,0.009999999999999787
7,5,0.557250575698113,0.9405586744150938
7,4,0.557250575698113,0.0794413255849058
7,5,0.7227494243018864,0.9405586744150938
7,4,0.7227494243018864,0.0794413255849058
7,4,0.5010152396812755,0.14706772914191468
7,4,0.5010152396812746,0.1087476452254661
7,4,0.5409442604782599,0.1087476452254661
7,4,0.5010152396812746,0.1087476452254661
7,4,0.5409442604782608,0.0704275613090175
7,4,0.5409442604782599,0.1087476452254661
7,4,0.5409442604782599,0.1087476452254661
7,4,0.5409442604782608,0.0704275613090175
7,4,0.5808732812752453,0.0704275613090175
7,4,0.5409442604782608,0.0704275613090175
7,4,0.5808732812752453,0.03210747739256892
7,4,0.5808732812752453,0.0704275613090175
7,4,0.5808732812752453,0.0704275613090175
7,4,0.5808732812752453,0.03210747739256892
7,4,0.6208023020722306,0.03210747739256892
7,4,0.5808732812752453,0.03210747739256892
7,5,0.6208023020722306,0.9937873934761212
7,4,0.6208023020722306,0.03210747739256892
7,4,0.6208023020722306,0.03210747739256892
7,5,0.6208023020722306,0.9937873934761212
7,5,0.660731322869216,0.9937873934761212
7,5,0.6208023020722306,0.9937873934761212
7,5,0.660731322869216,0.9554673095596726
7,5,0.660731322869216,0.9937873934761212
7,5,0.660731322869216,0.9937873934761212
7,5,0.660731322869216,0.9554673095596726
7,5,0.7006603436662013,0.9554673095596726
7,5,0.660731322869216,0.9554673095596726
7,5,0.7006603436662013,0.917147225643224
7,5,0.7006603436662013,0.9554673095596726
7,5,0.7006603436662013,0.9554673095596726
7,5,0.7006603436662013,0.917147225643224
7,5,0.7405893644631867,0.917147225643224
7,5,0.7006603436662013,0.917147225643224
7,5,0.7405893644631867,0.8788271417267763
7,5,0.7405893644631867,0.917147225643224
7,5,0.7405893644631867,0.917147225643224
7,5,0.7405893644631867,0.8788271417267763
7,5,0.780518385260172,0.8788271417267755
7,4,0.5010152396812746,0.1087476452254661
7,4,0.5010152396812755,0.0704275613090175
7,4,0.5409442604782608,0.0704275613090175
7,4,0.5010152396812755,0.0704275613090175
7,4,0.5409442604782608,0.03210747739256892
7,4,0.5409442604782608,0.0704275613090175
7,4,0.5409442604782608,0.0704275613090175
7,4,0.5409442604782608,0.03210747739256892
7,4,0.5808732812752453,0.03210747739256892
7,4,0.5409442604782608,0.03210747739256892
7,5,0.5808732812752453,0.9937873934761212
7,4,0.5808732812752453,0.03210747739256892
7,4,0.5808732812752453,0.03210747739256892
7,5,0.5808732812752453,0.9937873934761212
7,5,0.6208023020722306,0.9937873934761212
7,5,0.5808732812752453,0.9937873934761212
7,5,0.6208023020722306,0.9554673095596726
7,5,0.6208023020722306,0.9937873934761212
7,5,0.6208023020722306,0.9937873934761212
7,5,0.6208023020722306,0.9554673095596726
7,5,0.660731322869216,0.9554673095596726
7,5,0.6208023020722306,0.9554673095596726
7,5,0.660731322869216,0.917147225643224
7,5,0.660731322869216,0.9554673095596726
7,5,0.660731322869216,0.9554673095596726
7,5,0.660731322869216,0.917147225643224
7,5,0.7006603436662013,0.917147225643224
7,5,0.660731322869216,0.917147225643224
7,5,0.7006603436662013,0.8788271417267755
7,5,0.7006603436662013,0.917147225643224
7,5,0.7006603436662013,0.917147225643224
7,5,0.7006603436662013,0.8788271417267755
7,5,0.7405893644631867,0.8788271417267763
7,4,0.5010152396812755,0.0704275613090175
7,4,0.5010152396812755,0.03210747739256892
7,4,0.5409442604782608,0.03210747739256892
7,4,0.5010152396812755,0.03210747739256892
7,5,0.5409442604782608,0.9937873934761212
7,4,0.5409442604782608,0.03210747739256892
7,4,0.5409442604782608,0.03210747739256892
7,5,0.5409442604782608,0.9937873934761212
7,5,0.5808732812752453,0.9937873934761212
7,5,0.5409442604782608,0.9937873934761212
7,5,0.5808732812752453,0.9554673095596726
7,5,0.5808732812752453,0.9937873934761212
7,5,0.5808732812752453,0.9937873934761212
7,5,0.5808732812752453,0.9554673095596726
7,5,0.6208023020722306,0.9554673095596726
7,5,0.5808732812752453,0.9554673095596726
7,5,0.6208023020722306,0.917147225643224
7,5,0.6208023020722306,0.9554673095596726
7,5,0.6208023020722306,0.9554673095596726
7,5,0.6208023020722306,0.917147225643224
7,5,0.660731322869216,0.917147225643224
7,5,0.6208023020722306,0.917147225643224
7,5,0.660731322869216,0.8788271417267763
7,5,0.660731322869216,0.917147225643224
7,5,0.660731322869216,0.917147225643224
7,5,0.660731322869216,0.8788271417267763
7,5,0.7006603436662013,0.8788271417267755
7,4,0.5010152396812755,0.03210747739256892
7,5,0.5010152396812755,0.9937873934761212
7,5,0.5409442604782608,0.9937873934761212
7,5,0.5010152396812755,0.9937873934761212
7,5,0.5409442604782608,0.9554673095596726
7,5,0.5409442604782608,0.9937873934761212
7,5,0.5409442604782608,0.9937873934761212
7,5,0.5409442604782608,0.9554673095596726
7,5,0.5808732812752453,0.9554673095596726
7,5,0.5409442604782608,0.9554673095596726
7,5,0.5808732812752453,0.917147225643224
7,5,0.5808732812752453,0.9554673095596726
7,5,0.5808732812752453,0.9554673095596726
7,5,0.5808732812752453,0.917147225643224
7,5,0.6208023020722306,0.917147225643224
7,5,0.5808732812752453,0.917147225643224
7,5,0.6208023020722306,0.8788271417267763
7,5,0.6208023020722306,0.917147225643224
7,5,0.6208023020722306,0.917147225643224
7,5,0.6208023020722306,0.8788271417267763
7,5,0.660731322869216,0.8788271417267763
7,5,0.5010152396812755,0.9937873934761212
7,5,0.5010152396812755,0.9554673095596726
7,5,0.5409442604782608,0.9554673095596726
7,5,0.5010152396812755,0.9554673095596726
7,5,0.5409442604782608,0.917147225643224
7,5,0.5409442604782608,0.9554673095596726
7,5,0.5409442604782608,0.9554673095596726
7,5,0.5409442604782608,0.917147225643224
7,5,0.5808732812752453,0.917147225643224
7,5,0.5409442604782608,0.917147225643224
7,5,0.5808732812752453,0.8788271417267755
7,5,0.5808732812752453,0.917147225643224
7,5,0.5808732812752453,0.917147225643224
7,5,0.5808732812752453,0.8788271417267755
7,5,0.6208023020722306,0.8788271417267763
7,5,0.5010152396812755,0.9554673095596726
7,5,0.5010152396812755,0.917147225643224
7,5,0.5409442604782608,0.917147225643224
7,5,0.5010152396812755,0.917147225643224
7,5,0.5409442604782608,0.8788271417267763
7,5,0.5409442604782608,0.917147225643224
7,5,0.5409442604782608,0.917147225643224
7,5,0.5409442604782608,0.8788271417267763
7,5,0.5808732812752453,0.8788271417267755
7,5,0.5010152396812755,0.917147225643224
7,5,0.5010152396812755,0.8788271417267755
7,5,0.5409442604782608,0.8788271417267763
7,5,0.780518385260172,0.8788271417267755
7,5,0.780518385260172,0.917147225643224
7,5,0.7405893644631867,0.917147225643224
7,5,0.780518385260172,0.917147225643224
7,5,0.7405893644631867,0.9554673095596726
7,5,0.7405893644631867,0.917147225643224
7,5,0.7405893644631867,0.917147225643224
7,5,0.7405893644631867,0.9554673095596726
7,5,0.7006603436662013,0.9554673095596726
7,5,0.7405893644631867,0.9554673095596726
7,5,0.7006603436662013,0.9937873934761212
7,5,0.7006603436662013,0.9554673095596726
7,5,0.7006603436662013,0.9554673095596726
7,5,0.7006603436662013,0.9937873934761212
7,5,0.660731322869216,0.9937873934761212
7,5,0.7006603436662013,0.9937873934761212
7,4,0.660731322869216,0.03210747739256892
7,5,0.660731322869216,0.9937873934761212
7,5,0.660731322869216,0.9937873934761212
7,4,0.660731322869216,0.03210747739256892
7,4,0.6208023020722306,0.03210747739256892
7,4,0.660731322869216,0.03210747739256892
7,4,0.6208023020722306,0.0704275613090175
7,4,0.6208023020722306,0.03210747739256892
7,4,0.6208023020722306,0.03210747739256892
7,4,0.6208023020722306,0.0704275613090175
7,4,0.5808732812752453,0.0704275613090175
7,4,0.6208023020722306,0.0704275613090175
7,4,0.5808732812752453,0.1087476452254661
7,4,0.5808732812752453,0.0704275613090175
7,4,0.5808732812752453,0.0704275613090175
7,4,0.5808732812752453,0.1087476452254661
7,4,0.5409442604782608,0.1087476452254661
7,4,0.5808732812752453,0.1087476452254661
7,4,0.5409442604782608,0.14706772914191468
7,4,0.5409442604782608,0.1087476452254661
7,4,0.5409442604782608,0.1087476452254661
7,4,0.5409442604782608,0.14706772914191468
7,4,0.5010152396812755,0.14706772914191468
7,5,0.780518385260172,0.917147225643224
7,5,0.780518385260172,0.9554673095596726
7,5,0.7405893644631867,0.9554673095596726
7,5,0.780518385260172,0.9554673095596726
7,5,0.7405893644631867,0.9937873934761212
7,5,0.7405893644631867,0.9554673095596726
7,5,0.7405893644631867,0.9554673095596726
7,5,0.7405893644631867,0.9937873934761212
7,5,0.7006603436662013,0.9937873934761212
7,5,0.7405893644631867,0.9937873934761212
7,4,0.7006603436662013,0.03210747739256892
7,5,0.7006603436662013,0.9937873934761212
7,5,0.7006603436662013,0.9937873934761212
7,4,0.7006603436662013,0.03210747739256892
7,4,0.660731322869216,0.03210747739256892
7,4,0.7006603436662013,0.03210747739256892
7,4,0.660731322869216,0.0704275613090175
7,4,0.660731322869216,0.03210747739256892
7,4,0.660731322869216,0.03210747739256892
7,4,0.660731322869216,0.0704275613090175
7,4,0.6208023020722306,0.0704275613090175
7,4,0.660731322869216,0.0704275613090175
7,4,0.6208023020722306,0.1087476452254661
7,4,0.6208023020722306,0.0704275613090175
7,4,0.6208023020722306,0.0704275613090175
7,4,0.6208023020722306,0.1087476452254661
7,4,0.5808732812752453,0.1087476452254661
7,4,0.6208023020722306,0.1087476452254661
7,4,0.5808732812752453,0.14706772914191468
7,4,0.5808732812752453,0.1087476452254661
7,4,0.5808732812752453,0.1087476452254661
7,4,0.5808732812752453,0.14706772914191468
7,4,0.5409442604782608,0.14706772914191468
7,5,0.780518385260172,0.9554673095596726
7,5,0.780518385260172,0.9937873934761212
7,5,0.7405893644631867,0.9937873934761212
7,5,0.780518385260172,0.9937873934761212
7,4,0.7405893644631867,0.03210747739256892
7,5,0.7405893644631867,0.9937873934761212
7,5,0.7405893644631867,0.9937873934761212
7,4,0.7405893644631867,0.03210747739256892
7,4,0.7006603436662013,0.03210747739256892
7,4,0.7405893644631867,0.03210747739256892
7,4,0.7006603436662013,0.0704275613090175
7,4,0.7006603436662013,0.03210747739256892
7,4,0.7006603436662013,0.03210747739256892
7,4,0.7006603436662013,0.0704275613090175
7,4,0.660731322869216,0.0704275613090175
7,4,0.7006603436662013,0.0704275613090175
7,4,0.660731322869216,0.1087476452254661
7,4,0.660731322869216,0.0704275613090175
7,4,0.660731322869216,0.0704275613090175
7,4,0.660731322869216,0.1087476452254661
7,4,0.6208023020722306,0.1087476452254661
7,4,0.660731322869216,0.1087476452254661
7,4,0.6208023020722306,0.14706772914191468
7,4,0.6208023020722306,0.1087476452254661
7,4,0.6208023020722306,0.1087476452254661
7,4,0.6208023020722306,0.14706772914191468
7,4,0.5808732812752453,0.14706772914191468
7,5,0.780518385260172,0.9937873934761212
7,4,0.780518385260172,0.03210747739256892
7,4,0.7405893644631867,0.03210747739256892
7,4,0.780518385260172,0.03210747739256892
7,4,0.7405893644631867,0.0704275613090175
7,4,0.7405893644631867,0.03210747739256892
7,4,0.7405893644631867,0.03210747739256892
7,4,0.7405893644631867,0.0704275613090175
7,4,0.7006603436662013,0.0704275613090175
7,4,0.7405893644631867,0.0704275613090175
7,4,0.7006603436662013,0.1087476452254661
7,4,0.7006603436662013,0.0704275613090175
7,4,0.7006603436662013,0.0704275613090175
7,4,0.7006603436662013,0.1087476452254661
7,4,0.660731322869216,0.1087476452254661
7,4,0.7006603436662013,0.1087476452254661
7,4,0.660731322869216,0.14706772914191468
7,4,0.660731322869216,0.1087476452254661
7,4,0.660731322869216,0.1087476452254661
7,4,0.660731322869216,0.14706772914191468
7,4,0.6208023020722306,0.14706772914191468
7,4,0.780518385260172,0.03210747739256892
7,4,0.780518385260172,0.0704275613090175
7,4,0.7405893644631867,0.0704275613090175
7,4,0.780518385260172,0.0704275613090175
7,4,0.7405893644631867,0.1087476452254661
7,4,0.7405893644631867,0.0704275613090175
7,4,0.7405893644631867,0.0704275613090175
7,4,0.7405893644631867,0.1087476452254661
7,4,0.7006603436662013,0.1087476452254661
7,4,0.7405893644631867,0.1087476452254661
7,4,0.7006603436662013,0.14706772914191468
7,4,0.7006603436662013,0.1087476452254661
7,4,0.7006603436662013,0.1087476452254661
7,4,0.7006603436662013,0.14706772914191468
7,4,0.660731322869216,0.14706772914191468
7,4,0.780518385260172,0.0704275613090175
7,4,0.780518385260172,0.1087476452254661
7,4,0.7405893644631867,0.1087476452254661
7,4,0.780518385260172,0.1087476452254661
7,4,0.7405893644631867,0.14706772914191468
7,4,0.7405893644631867,0.1087476452254661
7,4,0.7405893644631867,0.1087476452254661
7,4,0.7405893644631867,0.14706772914191468
7,4,0.7006603436662013,0.14706772914191468
7,4,0.780518385260172,0.1087476452254661
7,4,0.780518385260172,0.14706772914191468
7,4,0.7405893644631867,0.14706772914191468
7,4,0.8499999999999996,0.009999999999999787
7,5,0.7805586744150936,0.9272505756981131
7,4,0.7805586744150936,0.09274942430188649
7,5,0.9194413255849057,0.9272505756981131
7,4,0.9194413255849057,0.09274942430188649
7,4,0.9858119216055234,0.14619775092826703
7,4,0.9475045817046146,0.14619775092826703
7,4,0.9475045817046146,0.10625752621503537
7,4,0.9475045817046146,0.14619775092826703
7,4,0.9091972418037058,0.10625752621503537
7,4,0.9475045817046146,0.10625752621503537
7,4,0.9475045817046146,0.10625752621503537
7,4,0.9091972418037058,0.10625752621503537
7,4,0.9091972418037058,0.0663173015018037
7,4,0.9091972418037058,0.10625752621503537
7,4,0.8708899019027978,0.0663173015018037
7,4,0.9091972418037058,0.0663173015018037
7,4,0.9091972418037058,0.0663173015018037
7,4,0.8708899019027978,0.0663173015018037
7,4,0.8708899019027978,0.02637707678857204
7,4,0.8708899019027978,0.0663173015018037
7,4,0.832582562001889,0.02637707678857204
7,4,0.8708899019027978,0.02637707678857204
7,4,0.8708899019027978,0.02637707678857204
7,4,0.832582562001889,0.02637707678857204
7,5,0.832582562001889,0.9864368520753404
7,4,0.832582562001889,0.02637707678857204
7,5,0.7942752221009801,0.9864368520753404
7,5,0.832582562001889,0.9864368520753404
7,5,0.832582562001889,0.9864368520753404
7,5,0.7942752221009801,0.9864368520753404
7,5,0.7942752221009801,0.9464966273621087
7,5,0.7942752221009801,0.9864368520753404
7,5,0.7559678822000713,0.9464966273621087
7,5,0.7942752221009801,0.9464966273621087
7,5,0.7942752221009801,0.9464966273621087
7,5,0.7559678822000713,0.9464966273621087
7,5,0.7559678822000713,0.906556402648877
7,5,0.7559678822000713,0.9464966273621087
7,5,0.7176605422991624,0.906556402648877
7,5,0.7559678822000713,0.906556402648877
7,5,0.7559678822000713,0.906556402648877
7,5,0.7176605422991624,0.906556402648877
7,5,0.7176605422991624,0.8666161779356454
7,4,0.9475045817046146,0.14619775092826703
7,4,0.9091972418037058,0.14619775092826703
7,4,0.9091972418037058,0.10625752621503537
7,4,0.9091972418037058,0.14619775092826703
7,4,0.8708899019027978,0.10625752621503537
7,4,0.9091972418037058,0.10625752621503537
7,4,0.9091972418037058,0.10625752621503537
7,4,0.8708899019027978,0.10625752621503537
7,4,0.8708899019027978,0.0663173015018037
7,4,0.8708899019027978,0.10625752621503537
7,4,0.832582562001889,0.0663173015018037
7,4,0.8708899019027978,0.0663173015018037
7,4,0.8708899019027978,0.0663173015018037
7,4,0.832582562001889,0.0663173015018037
7,4,0.832582562001889,0.02637707678857204
7,4,0.832582562001889,0.0663173015018037
7,4,0.7942752221009801,0.02637707678857204
7,4,0.832582562001889,0.02637707678857204
7,4,0.832582562001889,0.02637707678857204
7,4,0.7942752221009801,0.02637707678857204
7,5,0.7942752221009801,0.9864368520753404
7,4,0.7942752221009801,0.02637707678857204
7,5,0.7559678822000713,0.9864368520753404
7,5,0.7942752221009801,0.9864368520753404
7,5,0.7942752221009801,0.9864368520753404
7,5,0.7559678822000713,0.9864368520753404
7,5,0.7559678822000713,0.9464966273621087
7,5,0.7559678822000713,0.9864368520753404
7,5,0.7176605422991624,0.9464966273621087
7,5,0.7559678822000713,0.9464966273621087
7,5,0.7559678822000713,0.9464966273621087
7,5,0.7176605422991624,0.9464966273621087
7,5,0.7176605422991624,0.906556402648877
7,4,0.9091972418037058,0.14619775092826703
7,4,0.8708899019027978,0.14619775092826703
7,4,0.8708899019027978,0.10625752621503537
7,4,0.8708899019027978,0.14619775092826703
7,4,0.832582562001889,0.10625752621503537
7,4,0.8708899019027978,0.10625752621503537
7,4,0.8708899019027978,0.10625752621503537
7,4,0.832582562001889,0.10625752621503537
7,4,0.832582562001889,0.0663173015018037
7,4,0.832582562001889,0.10625752621503537
7,4,0.7942752221009801,0.0663173015018037
7,4,0.832582562001889,0.0663173015018037
7,4,0.832582562001889,0.0663173015018037
7,4,0.7942752221009801,0.0663173015018037
7,4,0.7942752221009801,0.02637707678857204
7,4,0.7942752221009801,0.0663173015018037
7,4,0.7559678822000713,0.02637707678857204
7,4,0.7942752221009801,0.02637707678857204
7,4,0.7942752221009801,0.02637707678857204
7,4,0.7559678822000713,0.02637707678857204
7,5,0.7559678822000713,0.9864368520753404
7,4,0.7559678822000713,0.02637707678857204
7,5,0.7176605422991624,0.9864368520753404
7,5,0.7559678822000713,0.9864368520753404
7,5,0.7559678822000713,0.9864368520753404
7,5,0.7176605422991624,0.9864368520753404
7,5,0.7176605422991624,0.9464966273621087
7,4,0.8708899019027978,0.14619775092826703
7,4,0.832582562001889,0.14619775092826703
7,4,0.832582562001889,0.10625752621503537
7,4,0.832582562001889,0.14619775092826703
7,4,0.7942752221009801,0.10625752621503537
7,4,0.832582562001889,0.10625752621503537
7,4,0.832582562001889,0.10625752621503537
7,4,0.7942752221009801,0.10625752621503537
7,4,0.7942752221009801,0.0663173015018037
7,4,0.7942752221009801,0.10625752621503537
7,4,0.7559678822000713,0.0663173015018037
7,4,0.7942752221009801,0.0663173015018037
7,4,0.7942752221009801,0.0663173015018037
7,4,0.7559678822000713,0.0663173015018037
7,4,0.7559678822000713,0.02637707678857204
7,4,0.7559678822000713,0.0663173015018037
7,4,0.7176605422991624,0.02637707678857204
7,4,0.7559678822000713,0.02637707678857204
7,4,0.7559678822000713,0.02637707678857204
7,4,0.7176605422991624,0.02637707678857204
7,5,0.7176605422991624,0.9864368520753404
7,4,0.832582562001889,0.14619775092826703
7,4,0.7942752221009801,0.14619775092826703
7,4,0.7942752221009801,0.10625752621503537
7,4,0.7942752221009801,0.14619775092826703
7,4,0.7559678822000713,0.10625752621503537
7,4,0.7942752221009801,0.10625752621503537
7,4,0.7942752221009801,0.10625752621503537
7,4,0.7559678822000713,0.10625752621503537
7,4,0.7559678822000713,0.0663173015018037
7,4,0.7559678822000713,0.10625752621503537
7,4,0.7176605422991624,0.0663173015018037
7,4,0.7559678822000713,0.0663173015018037
7,4,0.7559678822000713,0.0663173015018037
7,4,0.7176605422991624,0.0663173015018037
7,4,0.7176605422991624,0.02637707678857204
7,4,0.7942752221009801,0.14619775092826703
7,4,0.7559678822000713,0.14619775092826703
7,4,0.7559678822000713,0.10625752621503537
7,4,0.7559678822000713,0.14619775092826703
7,4,0.7176605422991624,0.10625752621503537
7,4,0.7559678822000713,0.10625752621503537
7,4,0.7559678822000713,0.10625752621503537
7,4,0.7176605422991624,0.10625752621503537
7,4,0.7176605422991624,0.0663173015018037
7,4,0.7559678822000713,0.14619775092826703
7,4,0.7176605422991624,0.14619775092826703
7,4,0.7176605422991624,0.10625752621503537
7,5,0.7176605422991624,0.8666161779356454
7,5,0.7559678822000713,0.8666161779356454
7,5,0.7559678822000713,0.906556402648877
7,5,0.7559678822000713,0.8666161779356454
7,5,0.7942752221009801,0.906556402648877
7,5,0.7559678822000713,0.906556402648877
7,5,0.7559678822000713,0.906556402648877
7,5,0.7942752221009801,0.906556402648877
7,5,0.7942752221009801,0.9464966273621087
7,5,0.7942752221009801,0.906556402648877
7,5,0.832582562001889,0.9464966273621087
7,5,0.7942752221009801,0.9464966273621087
7,5,0.7942752221009801,0.9464966273621087
7,5,0.832582562001889,0.9464966273621087
7,5,0.832582562001889,0.9864368520753404
7,5,0.832582562001889,0.9464966273621087
7,5,0.8708899019027978,0.9864368520753404
7,5,0.832582562001889,0.9864368520753404
7,5,0.832582562001889,0.9864368520753404
7,5,0.8708899019027978,0.9864368520753404
7,4,0.8708899019027978,0.02637707678857204
7,5,0.8708899019027978,0.9864368520753404
7,4,0.9091972418037058,0.02637707678857204
7,4,0.8708899019027978,0.02637707678857204
7,4,0.8708899019027978,0.02637707678857204
7,4,0.9091972418037058,0.02637707678857204
7,4,0.9091972418037058,0.0663173015018037
7,4,0.9091972418037058,0.02637707678857204
7,4,0.9475045817046146,0.0663173015018037
7,4,0.9091972418037058,0.0663173015018037
7,4,0.9091972418037058,0.0663173015018037
7,4,0.9475045817046146,0.0663173015018037
7,4,0.9475045817046146,0.10625752621503537
7,4,0.9475045817046146,0.0663173015018037
7,4,0.9858119216055234,0.10625752621503537
7,4,0.9475045817046146,0.10625752621503537
7,4,0.9475045817046146,0.10625752621503537
7,4,0.9858119216055234,0.10625752621503537
7,4,0.9858119216055234,0.14619775092826703
7,5,0.7559678822000713,0.8666161779356454
7,5,0.7942752221009801,0.8666161779356454
7,5,0.7942752221009801,0.906556402648877
7,5,0.7942752221009801,0.8666161779356454
7,5,0.832582562001889,0.906556402648877
7,5,0.7942752221009801,0.906556402648877
7,5,0.7942752221009801,0.906556402648877
7,5,0.832582562001889,0.906556402648877
7,5,0.832582562001889,0.9464966273621087
7,5,0.832582562001889,0.906556402648877
7,5,0.8708899019027978,0.9464966273621087
7,5,0.832582562001889,0.9464966273621087
7,5,0.832582562001889,0.9464966273621087
7,5,0.8708899019027978,0.9464966273621087
7,5,0.8708899019027978,0.9864368520753404
7,5,0.8708899019027978,0.9464966273621087
7,5,0.9091972418037058,0.9864368520753404
7,5,0.8708899019027978,0.9864368520753404
7,5,0.8708899019027978,0.9864368520753404
7,5,0.9091972418037058,0.9864368520753404
7,4,0.9091972418037058,0.02637707678857204
7,5,0.9091972418037058,0.9864368520753404
7,4,0.9475045817046146,0.02637707678857204
7,4,0.9091972418037058,0.02637707678857204
7,4,0.9091972418037058,0.02637707678857204
7,4,0.9475045817046146,0.02637707678857204
7,4,0.9475045817046146,0.0663173015018037
7,4,0.9475045817046146,0.02637707678857204
7,4,0.9858119216055234,0.0663173015018037
7,4,0.9475045817046146,0.0663173015018037
7,4,0.9475045817046146,0.0663173015018037
7,4,0.9858119216055234,0.0663173015018037
7,4,0.9858119216055234,0.10625752621503537
7,5,0.7942752221009801,0.8666161779356454
7,5,0.832582562001889,0.8666161779356454
7,5,0.832582562001889,0.906556402648877
7,5,0.832582562001889,0.8666161779356454
7,5,0.8708899019027978,0.906556402648877
7,5,0.832582562001889,0.906556402648877
7,5,0.832582562001889,0.906556402648877
7,5,0.8708899019027978,0.906556402648877
7,5,0.8708899019027978,0.9464966273621087
7,5,0.8708899019027978,0.906556402648877
7,5,0.9091972418037058,0.9464966273621087
7,5,0.8708899019027978,0.9464966273621087
7,5,0.8708899019027978,0.9464966273621087
7,5,0.9091972418037058,0.9464966273621087
7,5,0.9091972418037058,0.9864368520753404
7,5,0.9091972418037058,0.9464966273621087
7,5,0.9475045817046146,0.9864368520753404
7,5,0.9091972418037058,0.9864368520753404
7,5,0.9091972418037058,0.9864368520753404
7,5,0.9475045817046146,0.9864368520753404
7,4,0.9475045817046146,0.02637707678857204
7,5,0.9475045817046146,0.9864368520753404
7,4,0.9858119216055234,0.02637707678857204
7,4,0.9475045817046146,0.02637707678857204
7,4,0.9475045817046146,0.02637707678857204
7,4,0.9858119216055234,0.02637707678857204
7,4,0.9858119216055234,0.0663173015018037
7,5,0.832582562001889,0.8666161779356454
7,5,0.8708899019027978,0.8666161779356454
7,5,0.8708899019027978,0.906556402648877
7,5,0.8708899019027978,0.8666161779356454
7,5,0.9091972418037058,0.906556402648877
7,5,0.8708899019027978,0.906556402648877
7,5,0.8708899019027978,0.906556402648877
7,5,0.9091972418037058,0.906556402648877
7,5,0.9091972418037058,0.9464966273621087
7,5,0.9091972418037058,0.906556402648877
7,5,0.9475045817046146,0.9464966273621087
7,5,0.9091972418037058,0.9464966273621087
7,5,0.9091972418037058,0.9464966273621087
7,5,0.9475045817046146,0.9464966273621087
7,5,0.9475045817046146,0.9864368520753404
7,5,0.9475045817046146,0.9464966273621087
7,5,0.9858119216055234,0.9864368520753404
7,5,0.9475045817046146,0.9864368520753404
7,5,0.9475045817046146,0.9864368520753404
7,5,0.9858119216055234,0.9864368520753404
7,4,0.9858119216055234,0.02637707678857204
7,5,0.8708899019027978,0.8666161779356454
7,5,0.9091972418037058,0.8666161779356454
7,5,0.9091972418037058,0.906556402648877
7,5,0.9091972418037058,0.8666161779356454
7,5,0.9475045817046146,0.906556402648877
7,5,0.9091972418037058,0.906556402648877
7,5,0.9091972418037058,0.906556402648877
7,5,0.9475045817046146,0.906556402648877
7,5,0.9475045817046146,0.9464966273621087
7,5,0.9475045817046146,0.906556402648877
7,5,0.9858119216055234,0.9464966273621087
7,5,0.9475045817046146,0.9464966273621087
7,5,0.9475045817046146,0.9464966273621087
7,5,0.9858119216055234,0.9464966273621087
7,5,0.9858119216055234,0.9864368520753404
7,5,0.9091972418037058,0.8666161779356454
7,5,0.9475045817046146,0.8666161779356454
7,5,0.9475045817046146,0.906556402648877
7,5,0.9475045817046146,0.8666161779356454
7,5,0.9858119216055234,0.906556402648877
7,5,0.9475045817046146,0.906556402648877
7,5,0.9475045817046146,0.906556402648877
7,5,0.9858119216055234,0.906556402648877
7,5,0.9858119216055234,0.9464966273621087
7,5,0.9475045817046146,0.8666161779356454
7,5,0.9858119216055234,0.8666161779356454
7,5,0.9858119216055234,0.906556402648877
7,4,0.7800000000000002,0.29000000000000004
7,4,0.7105586744150942,0.1463307643773586
7,4,0.7105586744150942,0.4336692356226415
7,4,0.8494413255849063,0.1463307643773586
7,4,0.8494413255849063,0.4336692356226415
7,4,0.9326175048148864,0.06549938219673201
7,4,0.9326175048148864,0.11015810724361863
7,4,0.9015307406531194,0.11015810724361863
7,4,0.9326175048148864,0.11015810724361863
7,4,0.9015307406531194,0.15481683229050525
7,4,0.9015307406531194,0.11015810724361863
7,4,0.9015307406531194,0.11015810724361863
7,4,0.9015307406531194,0.15481683229050525
7,4,0.8704439764913525,0.15481683229050525
7,4,0.9015307406531194,0.15481683229050525
7,4,0.8704439764913525,0.19947555733739186
7,4,0.8704439764913525,0.15481683229050525
7,4,0.8704439764913525,0.15481683229050525
7,4,0.8704439764913525,0.19947555733739186
7,4,0.8393572123295856,0.19947555733739186
7,4,0.8704439764913525,0.19947555733739186
7,4,0.8393572123295856,0.24413428238427848
7,4,0.8393572123295856,0.19947555733739186
7,4,0.8393572123295856,0.19947555733739186
7,4,0.8393572123295856,0.24413428238427848
7,4,0.8082704481678196,0.24413428238427848
7,4,0.8393572123295856,0.24413428238427848
7,4,0.8082704481678196,0.2887930074311651
7,4,0.8082704481678196,0.24413428238427848
7,4,0.8082704481678196,0.24413428238427848
7,4,0.8082704481678196,0.2887930074311651
7,4,0.7771836840060526,0.2887930074311651
7,4,0.9326175048148864,0.11015810724361863
7,4,0.9326175048148864,0.15481683229050525
7,4,0.9015307406531194,0.15481683229050525
7,4,0.9326175048148864,0.15481683229050525
7,4,0.9015307406531194,0.19947555733739186
7,4,0.9015307406531194,0.15481683229050525
7,4,0.9015307406531194,0.15481683229050525
7,4,0.9015307406531194,0.19947555733739186
7,4,0.8704439764913525,0.19947555733739186
7,4,0.9015307406531194,0.19947555733739186
7,4,0.8704439764913525,0.24413428238427848
7,4,0.8704439764913525,0.19947555733739186
7,4,0.8704439764913525,0.19947555733739186
7,4,0.8704439764913525,0.24413428238427848
7,4,0.8393572123295856,0.24413428238427848
7,4,0.8704439764913525,0.24413428238427848
7,4,0.8393572123295856,0.2887930074311651
7,4,0.8393572123295856,0.24413428238427848
7,4,0.8393572123295856,0.24413428238427848
7,4,0.8393572123295856,0.2887930074311651
7,4,0.8082704481678196,0.2887930074311651
7,4,0.9326175048148864,0.15481683229050525
7,4,0.9326175048148864,0.19947555733739186
7,4,0.9015307406531194,0.19947555733739186
7,4,0.9326175048148864,0.19947555733739186
7,4,0.9015307406531194,0.24413428238427848
7,4,0.9015307406531194,0.19947555733739186
7,4,0.9015307406531194,0.19947555733739186
7,4,0.9015307406531194,0.24413428238427848
7,4,0.8704439764913525,0.24413428238427848
7,4,0.9015307406531194,0.24413428238427848
7,4,0.8704439764913525,0.2887930074311651
7,4,0.8704439764913525,0.24413428238427848
7,4,0.8704439764913525,0.24413428238427848
7,4,0.8704439764913525,0.2887930074311651
7,4,0.8393572123295856,0.2887930074311651
7,4,0.9326175048148864,0.19947555733739186
7,4,0.9326175048148864,0.24413428238427848
7,4,0.9015307406531194,0.24413428238427848
7,4,0.9326175048148864,0.24413428238427848
7,4,0.9015307406531194,0.2887930074311651
7,4,0.9015307406531194,0.24413428238427848
7,4,0.9015307406531194,0.24413428238427848
7,4,0.9015307406531194,0.2887930074311651
7,4,0.8704439764913525,0.2887930074311651
7,4,0.9326175048148864,0.24413428238427848
7,4,0.9326175048148864,0.2887930074311651
7,4,0.9015307406531194,0.2887930074311651
7,4,0.7771836840060526,0.2887930074311651
7,4,0.7771836840060526,0.24413428238427848
7,4,0.8082704481678196,0.24413428238427848
7,4,0.7771836840060526,0.24413428238427848
7,4,0.8082704481678196,0.19947555733739186
7,4,0.8082704481678196,0.24413428238427848
7,4,0.8082704481678196,0.24413428238427848
7,4,0.8082704481678196,0.19947555733739186
7,4,0.8393572123295856,0.19947555733739186
7,4,0.8082704481678196,0.19947555733739186
7,4,0.8393572123295856,0.15481683229050525
7,4,0.8393572123295856,0.19947555733739186
7,4,0.8393572123295856,0.19947555733739186
7,4,0.8393572123295856,0.15481683229050525
7,4,0.8704439764913525,0.15481683229050525
7,4,0.8393572123295856,0.15481683229050525
7,4,0.8704439764913525,0.11015810724361863
7,4,0.8704439764913525,0.15481683229050525
7,4,0.8704439764913525,0.15481683229050525
7,4,0.8704439764913525,0.11015810724361863
7,4,0.9015307406531194,0.11015810724361863
7,4,0.8704439764913525,0.11015810724361863
7,4,0.9015307406531194,0.06549938219673201
7,4,0.9015307406531194,0.11015810724361863
7,4,0.9015307406531194,0.11015810724361863
7,4,0.9015307406531194,0.06549938219673201
7,4,0.9326175048148864,0.06549938219673201
7,4,0.7771836840060526,0.24413428238427848
7,4,0.7771836840060526,0.19947555733739186
7,4,0.8082704481678196,0.19947555733739186
7,4,0.7771836840060526,0.19947555733739186
7,4,0.8082704481678196,0.15481683229050525
7,4,0.8082704481678196,0.19947555733739186
7,4,0.8082704481678196,0.19947555733739186
7,4,0.8082704481678196,0.15481683229050525
7,4,0.8393572123295856,0.15481683229050525
7,4,0.8082704481678196,0.15481683229050525
7,4,0.8393572123295856,0.11015810724361863
7,4,0.8393572123295856,0.15481683229050525
7,4,0.8393572123295856,0.15481683229050525
7,4,0.8393572123295856,0.11015810724361863
7,4,0.8704439764913525,0.11015810724361863
7,4,0.8393572123295856,0.11015810724361863
7,4,0.8704439764913525,0.06549938219673201
7,4,0.8704439764913525,0.11015810724361863
7,4,0.8704439764913525,0.11015810724361863
7,4,0.8704439764913525,0.06549938219673201
7,4,0.9015307406531194,0.06549938219673201
7,4,0.7771836840060526,0.19947555733739186
7,4,0.7771836840060526,0.15481683229050525
7,4,0.8082704481678196,0.15481683229050525
7,4,0.7771836840060526,0.15481683229050525
7,4,0.8082704481678196,0.11015810724361863
7,4,0.8082704481678196,0.15481683229050525
7,4,0.8082704481678196,0.15481683229050525
7,4,0.8082704481678196,0.11015810724361863
7,4,0.8393572123295856,0.11015810724361863
7,4,0.8082704481678196,0.11015810724361863
7,4,0.8393572123295856,0.06549938219673201
7,4,0.8393572123295856,0.11015810724361863
7,4,0.8393572123295856,0.11015810724361863
7,4,0.8393572123295856,0.06549938219673201
7,4,0.8704439764913525,0.06549938219673201
7,4,0.7771836840060526,0.15481683229050525
7,4,0.7771836840060526,0.11015810724361863
7,4,0.8082704481678196,0.11015810724361863
7,4,0.7771836840060526,0.11015810724361863
7,4,0.8082704481678196,0.06549938219673201
7,4,0.8082704481678196,0.11015810724361863
7,4,0.8082704481678196,0.11015810724361863
7,4,0.8082704481678196,0.06549938219673201
7,4,0.8393572123295856,0.06549938219673201
7,4,0.7771836840060526,0.11015810724361863
7,4,0.7771836840060526,0.06549938219673201
7,4,0.8082704481678196,0.06549938219673201
7,4,0.7771836840060526,0.2887930074311651
7,4,0.7460969198442857,0.2887930074311651
7,4,0.7460969198442857,0.24413428238427848
7,4,0.7460969198442857,0.2887930074311651
7,4,0.7150101556825188,0.24413428238427848
7,4,0.7460969198442857,0.24413428238427848
7,4,0.7460969198442857,0.24413428238427848
7,4,0.7150101556825188,0.24413428238427848
7,4,0.7150101556825188,0.19947555733739186
7,4,0.7150101556825188,0.24413428238427848
7,4,0.6839233915207519,0.19947555733739186
7,4,0.7150101556825188,0.19947555733739186
7,4,0.7150101556825188,0.19947555733739186
7,4,0.6839233915207519,0.19947555733739186
7,4,0.6839233915207528,0.15481683229050525
7,4,0.6839233915207519,0.19947555733739186
7,4,0.6528366273589858,0.15481683229050525
7,4,0.6839233915207528,0.15481683229050525
7,4,0.6839233915207528,0.15481683229050525
7,4,0.6528366273589858,0.15481683229050525
7,4,0.6528366273589858,0.11015810724361863
7,4,0.6528366273589858,0.15481683229050525
7,4,0.6217498631972189,0.11015810724361863
7,4,0.6528366273589858,0.11015810724361863
7,4,0.6528366273589858,0.11015810724361863
7,4,0.6217498631972189,0.11015810724361863
7,4,0.6217498631972189,0.06549938219673201
7,4,0.7460969198442857,0.2887930074311651
7,4,0.7150101556825188,0.2887930074311651
7,4,0.7150101556825188,0.24413428238427848
7,4,0.7150101556825188,0.2887930074311651
7,4,0.6839233915207519,0.24413428238427848
7,4,0.7150101556825188,0.24413428238427848
7,4,0.7150101556825188,0.24413428238427848
7,4,0.6839233915207519,0.24413428238427848
7,4,0.6839233915207519,0.19947555733739186
7,4,0.6839233915207519,0.24413428238427848
7,4,0.6528366273589858,0.19947555733739186
7,4,0.6839233915207519,0.19947555733739186
7,4,0.6839233915207519,0.19947555733739186
7,4,0.6528366273589858,0.19947555733739186
7,4,0.6528366273589858,0.15481683229050525
7,4,0.6528366273589858,0.19947555733739186
7,4,0.6217498631972189,0.15481683229050525
7,4,0.6528366273589858,0.15481683229050525
7,4,0.6528366273589858,0.15481683229050525
7,4,0.6217498631972189,0.15481683229050525
7,4,0.6217498631972189,0.11015810724361863
7,4,0.7150101556825188,0.2887930074311651
7,4,0.6839233915207528,0.2887930074311651
7,4,0.6839233915207519,0.24413428238427848
7,4,0.6839233915207528,0.2887930074311651
7,4,0.6528366273589858,0.24413428238427848
7,4,0.6839233915207519,0.24413428238427848
7,4,0.6839233915207519,0.24413428238427848
7,4,0.6528366273589858,0.24413428238427848
7,4,0.6528366273589858,0.19947555733739186
7,4,0.6528366273589858,0.24413428238427848
7,4,0.6217498631972189,0.19947555733739186
7,4,0.6528366273589858,0.19947555733739186
7,4,0.6528366273589858,0.19947555733739186
7,4,0.6217498631972189,0.19947555733739186
7,4,0.6217498631972189,0.15481683229050525
7,4,0.6839233915207528,0.2887930074311651
7,4,0.6528366273589858,0.2887930074311651
7,4,0.6528366273589858,0.24413428238427848
7,4,0.6528366273589858,0.2887930074311651
7,4,0.6217498631972189,0.24413428238427848
7,4,0.6528366273589858,0.24413428238427848
7,4,0.6528366273589858,0.24413428238427848
7,4,0.6217498631972189,0.24413428238427848
7,4,0.6217498631972189,0.19947555733739186
7,4,0.6528366273589858,0.2887930074311651
7,4,0.6217498631972189,0.2887930074311651
7,4,0.6217498631972189,0.24413428238427848
7,4,0.6217498631972189,0.06549938219673201
7,4,0.6528366273589858,0.06549938219673201
7,4,0.6528366273589858,0.11015810724361863
7,4,0.6528366273589858,0.06549938219673201
7,4,0.6839233915207528,0.11015810724361863
7,4,0.6528366273589858,0.11015810724361863
7,4,0.6528366273589858,0.11015810724361863
7,4,0.6839233915207528,0.11015810724361863
7,4,0.6839233915207528,0.15481683229050525
7,4,0.6839233915207528,0.11015810724361863
7,4,0.7150101556825188,0.15481683229050525
7,4,0.6839233915207528,0.15481683229050525
7,4,0.6839233915207528,0.15481683229050525
7,4,0.7150101556825188,0.15481683229050525
7,4,0.7150101556825188,0.19947555733739186
7,4,0.7150101556825188,0.15481683229050525
7,4,0.7460969198442857,0.19947555733739186
7,4,0.7150101556825188,0.19947555733739186
7,4,0.7150101556825188,0.19947555733739186
7,4,0.7460969198442857,0.19947555733739186
7,4,0.7460969198442857,0.24413428238427848
7,4,0.7460969198442857,0.19947555733739186
7,4,0.7771836840060526,0.24413428238427848
7,4,0.7460969198442857,0.24413428238427848
7,4,0.7460969198442857,0.24413428238427848
7,4,0.7771836840060526,0.24413428238427848
7,4,0.7771836840060526,0.2887930074311651
7,4,0.6528366273589858,0.06549938219673201
7,4,0.6839233915207528,0.06549938219673201
7,4,0.6839233915207528,0.11015810724361863
7,4,0.6839233915207528,0.06549938219673201
7,4,0.7150101556825188,0.11015810724361863
7,4,0.6839233915207528,0.11015810724361863
7,4,0.6839233915207528,0.11015810724361863
7,4,0.7150101556825188,0.11015810724361863
7,4,0.7150101556825188,0.15481683229050525
7,4,0.7150101556825188,0.11015810724361863
7,4,0.7460969198442857,0.15481683229050525
7,4,0.7150101556825188,0.15481683229050525
7,4,0.7150101556825188,0.15481683229050525
7,4,0.7460969198442857,0.15481683229050525
7,4,0.7460969198442857,0.19947555733739186
7,4,0.7460969198442857,0.15481683229050525
7,4,0.7771836840060526,0.19947555733739186
7,4,0.7460969198442857,0.19947555733739186
7,4,0.7460969198442857,0.19947555733739186
7,4,0.7771836840060526,0.19947555733739186
7,4,0.7771836840060526,0.24413428238427848
7,4,0.6839233915207528,0.06549938219673201
7,4,0.7150101556825188,0.06549938219673201
7,4,0.7150101556825188,0.11015810724361863
7,4,0.7150101556825188,0.06549938219673201
7,4,0.7460969198442857,0.11015810724361863
7,4,0.7150101556825188,0.11015810724361863
7,4,0.7150101556825188,0.11015810724361863
7,4,0.7460969198442857,0.11015810724361863
7,4,0.7460969198442857,0.15481683229050525
7,4,0.7460969198442857,0.11015810724361863
7,4,0.7771836840060526,0.15481683229050525
7,4,0.7460969198442857,0.15481683229050525
7,4,0.7460969198442857,0.15481683229050525
7,4,0.7771836840060526,0.15481683229050525
7,4,0.7771836840060526,0.19947555733739186
7,4,0.7150101556825188,0.06549938219673201
7,4,0.7460969198442857,0.06549938219673201
7,4,0.7460969198442857,0.11015810724361863
7,4,0.7460969198442857,0.06549938219673201
7,4,0.7771836840060526,0.11015810724361863
7,4,0.7460969198442857,0.11015810724361863
7,4,0.7460969198442857,0.11015810724361863
7,4,0.7771836840060526,0.11015810724361863
7,4,0.7771836840060526,0.15481683229050525
7,4,0.7460969198442857,0.06549938219673201
7,4,0.7771836840060526,0.06549938219673201
7,4,0.7771836840060526,0.11015810724361863
7,4,0.9326175048148864,0.5120866326655982
7,4,0.9015307406531194,0.5120866326655982
7,4,0.9015307406531194,0.46742790761871156
7,4,0.9015307406531194,0.5120866326655982
7,4,0.8704439764913525,0.46742790761871156
7,4,0.9015307406531194,0.46742790761871156
7,4,0.9015307406531194,0.46742790761871156
7,4,0.8704439764913525,0.46742790761871156
7,4,0.8704439764913525,0.42276918257182494
7,4,0.8704439764913525,0.46742790761871156
7,4,0.8393572123295856,0.42276918257182494
7,4,0.8704439764913525,0.42276918257182494
7,4,0.8704439764913525,0.42276918257182494
7,4,0.8393572123295856,0.42276918257182494
7,4,0.8393572123295856,0.3781104575249383
7,4,0.8393572123295856,0.42276918257182494
7,4,0.8082704481678196,0.3781104575249383
7,4,0.8393572123295856,0.3781104575249383
7,4,0.8393572123295856,0.3781104575249383
7,4,0.8082704481678196,0.3781104575249383
7,4,0.8082704481678196,0.3334517324780517
7,4,0.8082704481678196,0.3781104575249383
7,4,0.7771836840060526,0.3334517324780517
7,4,0.8082704481678196,0.3334517324780517
7,4,0.8082704481678196,0.3334517324780517
7,4,0.7771836840060526,0.3334517324780517
7,4,0.7771836840060526,0.2887930074311651
7,4,0.9015307406531194,0.5120866326655982
7,4,0.8704439764913525,0.5120866326655982
7,4,0.8704439764913525,0.46742790761871156
7,4,0.8704439764913525,0.5120866326655982
7,4,0.8393572123295856,0.46742790761871156
7,4,0.8704439764913525,0.46742790761871156
7,4,0.8704439764913525,0.46742790761871156
7,4,0.8393572123295856,0.46742790761871156
7,4,0.8393572123295856,0.42276918257182494
7,4,0.8393572123295856,0.46742790761871156
7,4,0.8082704481678196,0.42276918257182494
7,4,0.8393572123295856,0.42276918257182494
7,4,0.8393572123295856,0.42276918257182494
7,4,0.8082704481678196,0.42276918257182494
7,4,0.8082704481678196,0.3781104575249383
7,4,0.8082704481678196,0.42276918257182494
7,4,0.7771836840060526,0.3781104575249383
7,4,0.8082704481678196,0.3781104575249383
7,4,0.8082704481678196,0.3781104575249383
7,4,0.7771836840060526,0.3781104575249383
7,4,0.7771836840060526,0.3334517324780517
7,4,0.8704439764913525,0.5120866326655982
7,4,0.8393572123295856,0.5120866326655982
7,4,0.8393572123295856,0.46742790761871156
7,4,0.8393572123295856,0.5120866326655982
7,4,0.8082704481678196,0.46742790761871156
7,4,0.8393572123295856,0.46742790761871156
7,4,0.8393572123295856,0.46742790761871156
7,4,0.8082704481678196,0.46742790761871156
7,4,0.8082704481678196,0.42276918257182494
7,4,0.8082704481678196,0.46742790761871156
7,4,0.7771836840060526,0.42276918257182494
7,4,0.8082704481678196,0.42276918257182494
7,4,0.8082704481678196,0.42276918257182494
7,4,0.7771836840060526,0.42276918257182494
7,4,0.7771836840060526,0.3781104575249383
7,4,0.8393572123295856,0.5120866326655982
7,4,0.8082704481678196,0.5120866326655982
7,4,0.8082704481678196,0.46742790761871156
7,4,0.8082704481678196,0.5120866326655982
7,4,0.7771836840060526,0.46742790761871156
7,4,0.8082704481678196,0.46742790761871156
7,4,0.8082704481678196,0.46742790761871156
7,4,0.7771836840060526,0.46742790761871156
7,4,0.7771836840060526,0.42276918257182494
7,4,0.8082704481678196,0.5120866326655982
7,4,0.7771836840060526,0.5120866326655982
7,4,0.7771836840060526,0.46742790761871156
7,4,0.7771836840060526,0.2887930074311651
7,4,0.8082704481678196,0.2887930074311651
7,4,0.8082704481678196,0.3334517324780517
7,4,0.8082704481678196,0.2887930074311651
7,4,0.8393572123295856,0.3334517324780517
7,4,0.8082704481678196,0.3334517324780517
7,4,0.8082704481678196,0.3334517324780517
7,4,0.8393572123295856,0.3334517324780517
7,4,0.8393572123295856,0.3781104575249383
7,4,0.8393572123295856,0.3334517324780517
7,4,0.8704439764913525,0.3781104575249383
7,4,0.8393572123295856,0.3781104575249383
7,4,0.8393572123295856,0.3781104575249383
7,4,0.8704439764913525,0.3781104575249383
7,4,0.8704439764913525,0.42276918257182494
7,4,0.8704439764913525,0.3781104575249383
7,4,0.9015307406531194,0.42276918257182494
7,4,0.8704439764913525,0.42276918257182494
7,4,0.8704439764913525,0.42276918257182494
7,4,0.9015307406531194,0.42276918257182494
7,4,0.9015307406531194,0.46742790761871156
7,4,0.9015307406531194,0.42276918257182494
7,4,0.9326175048148864,0.46742790761871156
7,4,0.9015307406531194,0.46742790761871156
7,4,0.9015307406531194,0.46742790761871156
7,4,0.9326175048148864,0.46742790761871156
7,4,0.9326175048148864,0.5120866326655982
7,4,0.8082704481678196,0.2887930074311651
7,4,0.8393572123295856,0.2887930074311651
7,4,0.8393572123295856,0.3334517324780517
7,4,0.8393572123295856,0.2887930074311651
7,4,0.8704439764913525,0.3334517324780517
7,4,0.8393572123295856,0.3334517324780517
7,4,0.8393572123295856,0.3334517324780517
7,4,0.8704439764913525,0.3334517324780517
7,4,0.8704439764913525,0.3781104575249383
7,4,0.8704439764913525,0.3334517324780517
7,4,0.9015307406531194,0.3781104575249383
7,4,0.8704439764913525,0.3781104575249383
7,4,0.8704439764913525,0.3781104575249383
7,4,0.9015307406531194,0.3781104575249383
7,4,0.9015307406531194,0.42276918257182494
7,4,0.9015307406531194,0.3781104575249383
7,4,0.9326175048148864,0.42276918257182494
7,4,0.9015307406531194,0.42276918257182494
7,4,0.9015307406531194,0.42276918257182494
7,4,0.9326175048148864,0.42276918257182494
7,4,0.9326175048148864,0.46742790761871156
7,4,0.8393572123295856,0.2887930074311651
7,4,0.8704439764913525,0.2887930074311651
7,4,0.8704439764913525,0.3334517324780517
7,4,0.8704439764913525,0.2887930074311651
7,4,0.9015307406531194,0.3334517324780517
7,4,0.8704439764913525,0.3334517324780517
7,4,0.8704439764913525,0.3334517324780517
7,4,0.9015307406531194,0.3334517324780517
7,4,0.9015307406531194,0.3781104575249383
7,4,0.9015307406531194,0.3334517324780517
7,4,0.9326175048148864,0.3781104575249383
7,4,0.9015307406531194,0.3781104575249383
7,4,0.9015307406531194,0.3781104575249383
7,4,0.9326175048148864,0.3781104575249383
7,4,0.9326175048148864,0.42276918257182494
7,4,0.8704439764913525,0.2887930074311651
7,4,0.9015307406531194,0.2887930074311651
7,4,0.9015307406531194,0.3334517324780517
7,4,0.9015307406531194,0.2887930074311651
7,4,0.9326175048148864,0.3334517324780517
7,4,0.9015307406531194,0.3334517324780517
7,4,0.9015307406531194,0.3334517324780517
7,4,0.9326175048148864,0.3334517324780517
7,4,0.9326175048148864,0.3781104575249383
7,4,0.9015307406531194,0.2887930074311651
7,4,0.9326175048148864,0.2887930074311651
7,4,0.9326175048148864,0.3334517324780517
7,4,0.7771836840060526,0.2887930074311651
7,4,0.7771836840060526,0.3334517324780517
7,4,0.7460969198442857,0.3334517324780517
7,4,0.7771836840060526,0.3334517324780517
7,4,0.7460969198442857,0.3781104575249383
7,4,0.7460969198442857,0.3334517324780517
7,4,0.7460969198442857,0.3334517324780517
7,4,0.7460969198442857,0.3781104575249383
7,4,0.7150101556825188,0.3781104575249383
7,4,0.7460969198442857,0.3781104575249383
7,4,0.7150101556825188,0.42276918257182494
7,4,0.7150101556825188,0.3781104575249383
7,4,0.7150101556825188,0.3781104575249383
7,4,0.7150101556825188,0.42276918257182494
7,4,0.6839233915207528,0.42276918257182494
7,4,0.7150101556825188,0.42276918257182494
7,4,0.6839233915207528,0.46742790761871156
7,4,0.6839233915207528,0.42276918257182494
7,4,0.6839233915207528,0.42276918257182494
7,4,0.6839233915207528,0.46742790761871156
7,4,0.6528366273589858,0.46742790761871156
7,4,0.6839233915207528,0.46742790761871156
7,4,0.6528366273589858,0.5120866326655982
7,4,0.6528366273589858,0.46742790761871156
7,4,0.6528366273589858,0.46742790761871156
7,4,0.6528366273589858,0.5120866326655982
7,4,0.6217498631972189,0.5120866326655982
7,4,0.7771836840060526,0.3334517324780517
7,4,0.7771836840060526,0.3781104575249383
7,4,0.7460969198442857,0.3781104575249383
7,4,0.7771836840060526,0.3781104575249383
7,4,0.7460969198442857,0.42276918257182494
7,4,0.7460969198442857,0.3781104575249383
7,4,0.7460969198442857,0.3781104575249383
7,4,0.7460969198442857,0.42276918257182494
7,4,0.7150101556825188,0.42276918257182494
7,4,0.7460969198442857,0.42276918257182494
7,4,0.7150101556825188,0.46742790761871156
7,4,0.7150101556825188,0.42276918257182494
7,4,0.7150101556825188,0.42276918257182494
7,4,0.7150101556825188,0.46742790761871156
7,4,0.6839233915207528,0.46742790761871156
7,4,0.7150101556825188,0.46742790761871156
7,4,0.6839233915207528,0.5120866326655982
7,4,0.6839233915207528,0.46742790761871156
7,4,0.6839233915207528,0.46742790761871156
7,4,0.6839233915207528,0.5120866326655982
7,4,0.6528366273589858,0.5120866326655982
7,4,0.7771836840060526,0.3781104575249383
7,4,0.7771836840060526,0.42276918257182494
7,4,0.7460969198442857,0.42276918257182494
7,4,0.7771836840060526,0.42276918257182494
7,4,0.7460969198442857,0.46742790761871156
7,4,0.7460969198442857,0.42276918257182494
7,4,0.7460969198442857,0.42276918257182494
7,4,0.7460969198442857,0.46742790761871156
7,4,0.7150101556825188,0.46742790761871156
7,4,0.7460969198442857,0.46742790761871156
7,4,0.7150101556825188,0.5120866326655982
7,4,0.7150101556825188,0.46742790761871156
7,4,0.7150101556825188,0.46742790761871156
7,4,0.7150101556825188,0.5120866326655982
7,4,0.6839233915207528,0.5120866326655982
7,4,0.7771836840060526,0.42276918257182494
7,4,0.7771836840060526,0.46742790761871156
7,4,0.7460969198442857,0.46742790761871156
7,4,0.7771836840060526,0.46742790761871156
7,4,0.7460969198442857,0.5120866326655982
7,4,0.7460969198442857,0.46742790761871156
7,4,0.7460969198442857,0.46742790761871156
7,4,0.7460969198442857,0.5120866326655982
7,4,0.7150101556825188,0.5120866326655982
7,4,0.7771836840060526,0.46742790761871156
7,4,0.7771836840060526,0.5120866326655982
7,4,0.7460969198442857,0.5120866326655982
7,4,0.6217498631972189,0.5120866326655982
7,4,0.6217498631972189,0.46742790761871156
7,4,0.6528366273589858,0.46742790761871156
7,4,0.6217498631972189,0.46742790761871156
7,4,0.6528366273589858,0.42276918257182494
7,4,0.6528366273589858,0.46742790761871156
7,4,0.6528366273589858,0.46742790761871156
7,4,0.6528366273589858,0.42276918257182494
7,4,0.6839233915207528,0.42276918257182494
7,4,0.6528366273589858,0.42276918257182494
7,4,0.6839233915207528,0.3781104575249383
7,4,0.6839233915207528,0.42276918257182494
7,4,0.6839233915207528,0.42276918257182494
7,4,0.6839233915207528,0.3781104575249383
7,4,0.7150101556825188,0.3781104575249383
7,4,0.6839233915207528,0.3781104575249383
7,4,0.7150101556825188,0.3334517324780517
7,4,0.7150101556825188,0.3781104575249383
7,4,0.7150101556825188,0.3781104575249383
7,4,0.7150101556825188,0.3334517324780517
7,4,0.7460969198442857,0.3334517324780517
7,4,0.7150101556825188,0.3334517324780517
7,4,0.7460969198442857,0.2887930074311651
7,4,0.7460969198442857,0.3334517324780517
7,4,0.7460969198442857,0.3334517324780517
7,4,0.7460969198442857,0.2887930074311651
7,4,0.7771836840060526,0.2887930074311651
7,4,0.6217498631972189,0.46742790761871156
7,4,0.6217498631972189,0.42276918257182494
7,4,0.6528366273589858,0.42276918257182494
7,4,0.6217498631972189,0.42276918257182494
7,4,0.6528366273589858,0.3781104575249383
7,4,0.6528366273589858,0.42276918257182494
7,4,0.6528366273589858,0.42276918257182494
7,4,0.6528366273589858,0.3781104575249383
7,4,0.6839233915207528,0.3781104575249383
7,4,0.6528366273589858,0.3781104575249383
7,4,0.6839233915207528,0.3334517324780517
7,4,0.6839233915207528,0.3781104575249383
7,4,0.6839233915207528,0.3781104575249383
7,4,0.6839233915207528,0.3334517324780517
7,4,0.7150101556825188,0.3334517324780517
7,4,0.6839233915207528,0.3334517324780517
7,4,0.7150101556825188,0.2887930074311651
7,4,0.7150101556825188,0.3334517324780517
7,4,0.7150101556825188,0.3334517324780517
7,4,0.7150101556825188,0.2887930074311651
7,4,0.7460969198442857,0.2887930074311651
7,4,0.6217498631972189,0.42276918257182494
7,4,0.6217498631972189,0.3781104575249383
7,4,0.6528366273589858,0.3781104575249383
7,4,0.6217498631972189,0.3781104575249383
7,4,0.6528366273589858,0.3334517324780517
7,4,0.6528366273589858,0.3781104575249383
7,4,0.6528366273589858,0.3781104575249383
7,4,0.6528366273589858,0.3334517324780517
7,4,0.6839233915207528,0.3334517324780517
7,4,0.6528366273589858,0.3334517324780517
7,4,0.6839233915207528,0.2887930074311651
7,4,0.6839233915207528,0.3334517324780517
7,4,0.6839233915207528,0.3334517324780517
7,4,0.6839233915207528,0.2887930074311651
7,4,0.7150101556825188,0.2887930074311651
7,4,0.6217498631972189,0.3781104575249383
7,4,0.6217498631972189,0.3334517324780517
7,4,0.6528366273589858,0.3334517324780517
7,4,0.6217498631972189,0.3334517324780517
7,4,0.6528366273589858,0.2887930074311651
7,4,0.6528366273589858,0.3334517324780517
7,4,0.6528366273589858,0.3334517324780517
7,4,0.6528366273589858,0.2887930074311651
7,4,0.6839233915207528,0.2887930074311651
7,4,0.6217498631972189,0.3334517324780517
7,4,0.6217498631972189,0.2887930074311651
7,4,0.6528366273589858,0.2887930074311651
7,4,0.15000000000000036,0.08000000000000007
7,4,0.006330764377358911,0.01055867441509406
7,4,0.006330764377358911,0.14944132558490608
7,4,0.2936692356226418,0.01055867441509406
7,4,0.2936692356226418,0.14944132558490608
7,4,0.3745006178032684,0.2326175048148862
7,4,0.32984189275638176,0.2326175048148862
7,4,0.32984189275638176,0.20153074065311927
7,4,0.32984189275638176,0.2326175048148862
7,4,0.28518316770949514,0.20153074065311927
7,4,0.32984189275638176,0.20153074065311927
7,4,0.32984189275638176,0.20153074065311927
7,4,0.28518316770949514,0.20153074065311927
7,4,0.28518316770949514,0.17044397649135234
7,4,0.28518316770949514,0.20153074065311927
7,4,0.24052444266260853,0.17044397649135234
7,4,0.28518316770949514,0.17044397649135234
7,4,0.28518316770949514,0.17044397649135234
7,4,0.24052444266260853,0.17044397649135234
7,4,0.24052444266260853,0.13935721232958542
7,4,0.24052444266260853,0.17044397649135234
7,4,0.1958657176157219,0.13935721232958542
7,4,0.24052444266260853,0.13935721232958542
7,4,0.24052444266260853,0.13935721232958542
7,4,0.1958657176157219,0.13935721232958542
7,4,0.1958657176157219,0.10827044816781939
7,4,0.1958657176157219,0.13935721232958542
7,4,0.1512069925688353,0.10827044816781939
7,4,0.1958657176157219,0.10827044816781939
7,4,0.1958657176157219,0.10827044816781939
7,4,0.1512069925688353,0.10827044816781939
7,4,0.1512069925688353,0.07718368400605247
7,4,0.32984189275638176,0.2326175048148862
7,4,0.28518316770949514,0.2326175048148862
7,4,0.28518316770949514,0.20153074065311927
7,4,0.28518316770949514,0.2326175048148862
7,4,0.24052444266260853,0.20153074065311927
7,4,0.28518316770949514,0.20153074065311927
7,4,0.28518316770949514,0.20153074065311927
7,4,0.24052444266260853,0.20153074065311927
7,4,0.24052444266260853,0.17044397649135234
7,4,0.24052444266260853,0.20153074065311927
7,4,0.1958657176157219,0.17044397649135234
7,4,0.24052444266260853,0.17044397649135234
7,4,0.24052444266260853,0.17044397649135234
7,4,0.1958657176157219,0.17044397649135234
7,4,0.1958657176157219,0.13935721232958542
7,4,0.1958657176157219,0.17044397649135234
7,4,0.1512069925688353,0.13935721232958542
7,4,0.1958657176157219,0.13935721232958542
7,4,0.1958657176157219,0.13935721232958542
7,4,0.1512069925688353,0.13935721232958542
7,4,0.1512069925688353,0.10827044816781939
7,4,0.28518316770949514,0.2326175048148862
7,4,0.24052444266260853,0.2326175048148862
7,4,0.24052444266260853,0.20153074065311927
7,4,0.24052444266260853,0.2326175048148862
7,4,0.1958657176157219,0.20153074065311927
7,4,0.24052444266260853,0.20153074065311927
7,4,0.24052444266260853,0.20153074065311927
7,4,0.1958657176157219,0.20153074065311927
7,4,0.1958657176157219,0.17044397649135234
7,4,0.1958657176157219,0.20153074065311927
7,4,0.1512069925688353,0.17044397649135234
7,4,0.1958657176157219,0.17044397649135234
7,4,0.1958657176157219,0.17044397649135234
7,4,0.1512069925688353,0.17044397649135234
7,4,0.1512069925688353,0.13935721232958542
7,4,0.24052444266260853,0.2326175048148862
7,4,0.1958657176157219,0.2326175048148862
7,4,0.1958657176157219,0.20153074065311927
7,4,0.1958657176157219,0.2326175048148862
7,4,0.1512069925688353,0.20153074065311927
7,4,0.1958657176157219,0.20153074065311927
7,4,0.1958657176157219,0.20153074065311927
7,4,0.1512069925688353,0.20153074065311927
7,4,0.1512069925688353,0.17044397649135234
7,4,0.1958657176157219,0.2326175048148862
7,4,0.1512069925688353,0.2326175048148862
7,4,0.1512069925688353,0.20153074065311927
7,4,0.1512069925688353,0.07718368400605247
7,4,0.1958657176157219,0.07718368400605247
7,4,0.1958657176157219,0.10827044816781939
7,4,0.1958657176157219,0.07718368400605247
7,4,0.24052444266260853,0.10827044816781939
7,4,0.1958657176157219,0.10827044816781939
7,4,0.1958657176157219,0.10827044816781939
7,4,0.24052444266260853,0.10827044816781939
7,4,0.24052444266260853,0.13935721232958542
7,4,0.24052444266260853,0.10827044816781939
7,4,0.28518316770949514,0.13935721232958542
7,4,0.24052444266260853,0.13935721232958542
7,4,0.24052444266260853,0.13935721232958542
7,4,0.28518316770949514,0.13935721232958542
7,4,0.28518316770949514,0.17044397649135234
7,4,0.28518316770949514,0.13935721232958542
7,4,0.32984189275638176,0.17044397649135234
7,4,0.28518316770949514,0.17044397649135234
7,4,0.28518316770949514,0.17044397649135234
7,4,0.32984189275638176,0.17044397649135234
7,4,0.32984189275638176,0.20153074065311927
7,4,0.32984189275638176,0.17044397649135234
7,4,0.3745006178032684,0.20153074065311927
7,4,0.32984189275638176,0.20153074065311927
7,4,0.32984189275638176,0.20153074065311927
7,4,0.3745006178032684,0.20153074065311927
7,4,0.3745006178032684,0.2326175048148862
7,4,0.1958657176157219,0.07718368400605247
7,4,0.24052444266260853,0.07718368400605247
7,4,0.24052444266260853,0.10827044816781939
7,4,0.24052444266260853,0.07718368400605247
7,4,0.28518316770949514,0.10827044816781939
7,4,0.24052444266260853,0.10827044816781939
7,4,0.24052444266260853,0.10827044816781939
7,4,0.28518316770949514,0.10827044816781939
7,4,0.28518316770949514,0.13935721232958542
7,4,0.28518316770949514,0.10827044816781939
7,4,0.32984189275638176,0.13935721232958542
7,4,0.28518316770949514,0.13935721232958542
7,4,0.28518316770949514,0.13935721232958542
7,4,0.32984189275638176,0.13935721232958542
7,4,0.32984189275638176,0.17044397649135234
7,4,0.32984189275638176,0.13935721232958542
7,4,0.3745006178032684,0.17044397649135234
7,4,0.32984189275638176,0.17044397649135234
7,4,0.32984189275638176,0.17044397649135234
7,4,0.3745006178032684,0.17044397649135234
7,4,0.3745006178032684,0.20153074065311927
7,4,0.24052444266260853,0.07718368400605247
7,4,0.28518316770949514,0.07718368400605247
7,4,0.28518316770949514,0.10827044816781939
7,4,0.28518316770949514,0.07718368400605247
7,4,0.32984189275638176,0.10827044816781939
7,4,0.28518316770949514,0.10827044816781939
7,4,0.28518316770949514,0.10827044816781939
7,4,0.32984189275638176,0.10827044816781939
7,4,0.32984189275638176,0.13935721232958542
7,4,0.32984189275638176,0.10827044816781939
7,4,0.3745006178032684,0.13935721232958542
7,4,0.32984189275638176,0.13935721232958542
7,4,0.32984189275638176,0.13935721232958542
7,4,0.3745006178032684,0.13935721232958542
7,4,0.3745006178032684,0.17044397649135234
7,4,0.28518316770949514,0.07718368400605247
7,4,0.32984189275638176,0.07718368400605247
7,4,0.32984189275638176,0.10827044816781939
7,4,0.32984189275638176,0.07718368400605247
7,4,0.3745006178032684,0.10827044816781939
7,4,0.32984189275638176,0.10827044816781939
7,4,0.32984189275638176,0.10827044816781939
7,4,0.3745006178032684,0.10827044816781939
7,4,0.3745006178032684,0.13935721232958542
7,4,0.32984189275638176,0.07718368400605247
7,4,0.3745006178032684,0.07718368400605247
7,4,0.3745006178032684,0.10827044816781939
7,4,0.1512069925688353,0.07718368400605247
7,4,0.1512069925688353,0.046096919844285544
7,4,0.1958657176157219,0.046096919844285544
7,4,0.1512069925688353,0.046096919844285544
7,4,0.1958657176157219,0.015010155682518622
7,4,0.1958657176157219,0.046096919844285544
7,4,0.1958657176157219,0.046096919844285544
7,4,0.1958657176157219,0.015010155682518622
7,4,0.24052444266260853,0.015010155682518622
7,4,0.1958657176157219,0.015010155682518622
7,5,0.24052444266260853,0.9839233915207526
7,4,0.24052444266260853,0.015010155682518622
7,4,0.24052444266260853,0.015010155682518622
7,5,0.24052444266260853,0.9839233915207526
7,5,0.28518316770949514,0.9839233915207526
7,5,0.24052444266260853,0.9839233915207526
7,5,0.28518316770949514,0.9528366273589857
7,5,0.28518316770949514,0.9839233915207526
7,5,0.28518316770949514,0.9839233915207526
7,5,0.28518316770949514,0.9528366273589857
7,5,0.32984189275638176,0.9528366273589857
7,5,0.28518316770949514,0.9528366273589857
7,5,0.32984189275638176,0.9217498631972187
7,5,0.32984189275638176,0.9528366273589857
7,5,0.32984189275638176,0.9528366273589857
7,5,0.32984189275638176,0.9217498631972187
7,5,0.3745006178032684,0.9217498631972187
7,4,0.1512069925688353,0.046096919844285544
7,4,0.1512069925688353,0.015010155682518622
7,4,0.1958657176157219,0.015010155682518622
7,4,0.1512069925688353,0.015010155682518622
7,5,0.1958657176157219,0.9839233915207526
7,4,0.1958657176157219,0.015010155682518622
7,4,0.1958657176157219,0.015010155682518622
7,5,0.1958657176157219,0.9839233915207526
7,5,0.24052444266260853,0.9839233915207526
7,5,0.1958657176157219,0.9839233915207526
7,5,0.24052444266260853,0.9528366273589857
7,5,0.24052444266260853,0.9839233915207526
7,5,0.24052444266260853,0.9839233915207526
7,5,0.24052444266260853,0.9528366273589857
7,5,0.28518316770949514,0.9528366273589857
7,5,0.24052444266260853,0.9528366273589857
7,5,0.28518316770949514,0.9217498631972187
7,5,0.28518316770949514,0.9528366273589857
7,5,0.28518316770949514,0.9528366273589857
7,5,0.28518316770949514,0.9217498631972187
7,5,0.32984189275638176,0.9217498631972187
7,4,0.1512069925688353,0.015010155682518622
7,5,0.1512069925688353,0.9839233915207526
7,5,0.1958657176157219,0.9839233915207526
7,5,0.1512069925688353,0.9839233915207526
7,5,0.1958657176157219,0.9528366273589857
7,5,0.1958657176157219,0.9839233915207526
7,5,0.1958657176157219,0.9839233915207526
7,5,0.1958657176157219,0.9528366273589857
7,5,0.24052444266260853,0.9528366273589857
7,5,0.1958657176157219,0.9528366273589857
7,5,0.24052444266260853,0.9217498631972187
7,5,0.24052444266260853,0.9528366273589857
7,5,0.24052444266260853,0.9528366273589857
7,5,0.24052444266260853,0.9217498631972187
7,5,0.28518316770949514,0.9217498631972187
7,5,0.1512069925688353,0.9839233915207526
7,5,0.1512069925688353,0.9528366273589857
7,5,0.1958657176157219,0.9528366273589857
7,5,0.1512069925688353,0.9528366273589857
7,5,0.1958657176157219,0.9217498631972187
7,5,0.1958657176157219,0.9528366273589857
7,5,0.1958657176157219,0.9528366273589857
7,5,0.1958657176157219,0.9217498631972187
7,5,0.24052444266260853,0.9217498631972187
7,5,0.1512069925688353,0.9528366273589857
7,5,0.1512069925688353,0.9217498631972187
7,5,0.1958657176157219,0.9217498631972187
7,5,0.3745006178032684,0.9217498631972187
7,5,0.3745006178032684,0.9528366273589857
7,5,0.32984189275638176,0.9528366273589857
7,5,0.3745006178032684,0.9528366273589857
7,5,0.32984189275638176,0.9839233915207526
7,5,0.32984189275638176,0.9528366273589857
7,5,0.32984189275638176,0.9528366273589857
7,5,0.32984189275638176,0.9839233915207526
7,5,0.28518316770949514,0.9839233915207526
7,5,0.32984189275638176,0.9839233915207526
7,4,0.28518316770949514,0.015010155682518622
7,5,0.28518316770949514,0.9839233915207526
7,5,0.28518316770949514,0.9839233915207526
7,4,0.28518316770949514,0.015010155682518622
7,4,0.24052444266260853,0.015010155682518622
7,4,0.28518316770949514,0.015010155682518622
7,4,0.24052444266260853,0.046096919844285544
7,4,0.24052444266260853,0.015010155682518622
7,4,0.24052444266260853,0.015010155682518622
7,4,0.24052444266260853,0.046096919844285544
7,4,0.1958657176157219,0.046096919844285544
7,4,0.24052444266260853,0.046096919844285544
7,4,0.1958657176157219,0.07718368400605247
7,4,0.1958657176157219,0.046096919844285544
7,4,0.1958657176157219,0.046096919844285544
7,4,0.1958657176157219,0.07718368400605247
7,4,0.1512069925688353,0.07718368400605247
7,5,0.3745006178032684,0.9528366273589857
7,5,0.3745006178032684,0.9839233915207526
7,5,0.32984189275638176,0.9839233915207526
7,5,0.3745006178032684,0.9839233915207526
7,4,0.32984189275638176,0.015010155682518622
7,5,0.32984189275638176,0.9839233915207526
7,5,0.32984189275638176,0.9839233915207526
7,4,0.32984189275638176,0.015010155682518622
7,4,0.28518316770949514,0.015010155682518622
7,4,0.32984189275638176,0.015010155682518622
7,4,0.28518316770949514,0.046096919844285544
7,4,0.28518316770949514,0.015010155682518622
7,4,0.28518316770949514,0.015010155682518622
7,4,0.28518316770949514,0.046096919844285544
7,4,0.24052444266260853,0.046096919844285544
7,4,0.28518316770949514,0.046096919844285544
7,4,0.24052444266260853,0.07718368400605247
7,4,0.24052444266260853,0.046096919844285544
7,4,0.24052444266260853,0.046096919844285544
7,4,0.24052444266260853,0.07718368400605247
7,4,0.1958657176157219,0.07718368400605247
7,5,0.3745006178032684,0.9839233915207526
7,4,0.3745006178032684,0.015010155682518622
7,4,0.32984189275638176,0.015010155682518622
7,4,0.3745006178032684,0.015010155682518622
7,4,0.32984189275638176,0.046096919844285544
7,4,0.32984189275638176,0.015010155682518622
7,4,0.32984189275638176,0.015010155682518622
7,4,0.32984189275638176,0.046096919844285544
7,4,0.28518316770949514,0.046096919844285544
7,4,0.32984189275638176,0.046096919844285544
7,4,0.28518316770949514,0.07718368400605247
7,4,0.28518316770949514,0.046096919844285544
7,4,0.28518316770949514,0.046096919844285544
7,4,0.28518316770949514,0.07718368400605247
7,4,0.24052444266260853,0.07718368400605247
7,4,0.3745006178032684,0.015010155682518622
7,4,0.3745006178032684,0.046096919844285544
7,4,0.32984189275638176,0.046096919844285544
7,4,0.3745006178032684,0.046096919844285544
7,4,0.32984189275638176,0.07718368400605247
7,4,0.32984189275638176,0.046096919844285544
7,4,0.32984189275638176,0.046096919844285544
7,4,0.32984189275638176,0.07718368400605247
7,4,0.28518316770949514,0.07718368400605247
7,4,0.3745006178032684,0.046096919844285544
7,4,0.3745006178032684,0.07718368400605247
7,4,0.32984189275638176,0.07718368400605247
6,4,0.9279133673344022,0.2326175048148862
6,4,0.9279133673344022,0.20153074065311927
6,4,0.9725720923812888,0.20153074065311927
6,4,0.9279133673344022,0.20153074065311927
6,4,0.9725720923812888,0.17044397649135234
6,4,0.9725720923812888,0.20153074065311927
6,4,0.9725720923812888,0.20153074065311927
6,4,0.9725720923812888,0.17044397649135234
7,4,0.01723081742817545,0.17044397649135234
6,4,0.9725720923812888,0.17044397649135234
7,4,0.01723081742817545,0.13935721232958542
7,4,0.01723081742817545,0.17044397649135234
7,4,0.01723081742817545,0.17044397649135234
7,4,0.01723081742817545,0.13935721232958542
7,4,0.061889542475062065,0.13935721232958542
7,4,0.01723081742817545,0.13935721232958542
7,4,0.061889542475062065,0.10827044816781939
7,4,0.061889542475062065,0.13935721232958542
7,4,0.061889542475062065,0.13935721232958542
7,4,0.061889542475062065,0.10827044816781939
7,4,0.10654826752194868,0.10827044816781939
7,4,0.061889542475062065,0.10827044816781939
7,4,0.10654826752194868,0.07718368400605247
7,4,0.10654826752194868,0.10827044816781939
7,4,0.10654826752194868,0.10827044816781939
7,4,0.10654826752194868,0.07718368400605247
7,4,0.1512069925688353,0.07718368400605247
6,4,0.9279133673344022,0.20153074065311927
6,4,0.9279133673344022,0.17044397649135234
6,4,0.9725720923812888,0.17044397649135234
6,4,0.9279133673344022,0.17044397649135234
6,4,0.9725720923812888,0.13935721232958542
6,4,0.9725720923812888,0.17044397649135234
6,4,0.9725720923812888,0.17044397649135234
6,4,0.9725720923812888,0.13935721232958542
7,4,0.01723081742817545,0.13935721232958542
6,4,0.9725720923812888,0.13935721232958542
7,4,0.01723081742817545,0.10827044816781939
7,4,0.01723081742817545,0.13935721232958542
7,4,0.01723081742817545,0.13935721232958542
7,4,0.01723081742817545,0.10827044816781939
7,4,0.061889542475062065,0.10827044816781939
7,4,0.01723081742817545,0.10827044816781939
7,4,0.061889542475062065,0.07718368400605247
7,4,0.061889542475062065,0.10827044816781939
7,4,0.061889542475062065,0.10827044816781939
7,4,0.061889542475062065,0.07718368400605247
7,4,0.10654826752194868,0.07718368400605247
6,4,0.9279133673344022,0.17044397649135234
6,4,0.9279133673344022,0.13935721232958542
6,4,0.9725720923812888,0.13935721232958542
6,4,0.9279133673344022,0.13935721232958542
6,4,0.9725720923812888,0.10827044816781939
6,4,0.9725720923812888,0.13935721232958542
6,4,0.9725720923812888,0.13935721232958542
6,4,0.9725720923812888,0.10827044816781939
7,4,0.01723081742817545,0.10827044816781939
6,4,0.9725720923812888,0.10827044816781939
7,4,0.01723081742817545,0.07718368400605247
7,4,0.01723081742817545,0.10827044816781939
7,4,0.01723081742817545,0.10827044816781939
7,4,0.01723081742817545,0.07718368400605247
7,4,0.061889542475062065,0.07718368400605247
6,4,0.9279133673344022,0.13935721232958542
6,4,0.9279133673344022,0.10827044816781939
6,4,0.9725720923812888,0.10827044816781939
6,4,0.9279133673344022,0.10827044816781939
6,4,0.9725720923812888,0.07718368400605247
6,4,0.9725720923812888,0.10827044816781939
6,4,0.9725720923812888,0.10827044816781939
6,4,0.9725720923812888,0.07718368400605247
7,4,0.01723081742817545,0.07718368400605247
6,4,0.9279133673344022,0.10827044816781939
6,4,0.9279133673344022,0.07718368400605247
6,4,0.9725720923812888,0.07718368400605247
7,4,0.1512069925688353,0.07718368400605247
7,4,0.1512069925688353,0.10827044816781939
7,4,0.10654826752194868,0.10827044816781939
7,4,0.1512069925688353,0.10827044816781939
7,4,0.10654826752194868,0.13935721232958542
7,4,0.10654826752194868,0.10827044816781939
7,4,0.10654826752194868,0.10827044816781939
7,4,0.10654826752194868,0.13935721232958542
7,4,0.061889542475062065,0.13935721232958542
7,4,0.10654826752194868,0.13935721232958542
7,4,0.061889542475062065,0.17044397649135234
7,4,0.061889542475062065,0.13935721232958542
7,4,0.061889542475062065,0.13935721232958542
7,4,0.061889542475062065,0.17044397649135234
7,4,0.01723081742817545,0.17044397649135234
7,4,0.061889542475062065,0.17044397649135234
7,4,0.01723081742817545,0.20153074065311927
7,4,0.01723081742817545,0.17044397649135234
7,4,0.01723081742817545,0.17044397649135234
7,4,0.01723081742817545,0.20153074065311927
6,4,0.9725720923812888,0.20153074065311927
7,4,0.01723081742817545,0.20153074065311927
6,4,0.9725720923812888,0.2326175048148862
6,4,0.9725720923812888,0.20153074065311927
6,4,0.9725720923812888,0.20153074065311927
6,4,0.9725720923812888,0.2326175048148862
6,4,0.9279133673344022,0.2326175048148862
7,4,0.1512069925688353,0.10827044816781939
7,4,0.1512069925688353,0.13935721232958542
7,4,0.10654826752194868,0.13935721232958542
7,4,0.1512069925688353,0.13935721232958542
7,4,0.10654826752194868,0.17044397649135234
7,4,0.10654826752194868,0.13935721232958542
7,4,0.10654826752194868,0.13935721232958542
7,4,0.10654826752194868,0.17044397649135234
7,4,0.061889542475062065,0.17044397649135234
7,4,0.10654826752194868,0.17044397649135234
7,4,0.061889542475062065,0.20153074065311927
7,4,0.061889542475062065,0.17044397649135234
7,4,0.061889542475062065,0.17044397649135234
7,4,0.061889542475062065,0.20153074065311927
7,4,0.01723081742817545,0.20153074065311927
7,4,0.061889542475062065,0.20153074065311927
7,4,0.01723081742817545,0.2326175048148862
7,4,0.01723081742817545,0.20153074065311927
7,4,0.01723081742817545,0.20153074065311927
7,4,0.01723081742817545,0.2326175048148862
6,4,0.9725720923812888,0.2326175048148862
7,4,0.1512069925688353,0.13935721232958542
7,4,0.1512069925688353,0.17044397649135234
7,4,0.10654826752194868,0.17044397649135234
7,4,0.1512069925688353,0.17044397649135234
7,4,0.10654826752194868,0.20153074065311927
7,4,0.10654826752194868,0.17044397649135234
7,4,0.10654826752194868,0.17044397649135234
7,4,0.10654826752194868,0.20153074065311927
7,4,0.061889542475062065,0.20153074065311927
7,4,0.10654826752194868,0.20153074065311927
7,4,0.061889542475062065,0.2326175048148862
7,4,0.061889542475062065,0.20153074065311927
7,4,0.061889542475062065,0.20153074065311927
7,4,0.061889542475062065,0.2326175048148862
7,4,0.01723081742817545,0.2326175048148862
7,4,0.1512069925688353,0.17044397649135234
7,4,0.1512069925688353,0.20153074065311927
7,4,0.10654826752194868,0.20153074065311927
7,4,0.1512069925688353,0.20153074065311927
7,4,0.10654826752194868,0.2326175048148862
7,4,0.10654826752194868,0.20153074065311927
7,4,0.10654826752194868,0.20153074065311927
7,4,0.10654826752194868,0.2326175048148862
7,4,0.061889542475062065,0.2326175048148862
7,4,0.1512069925688353,0.20153074065311927
7,4,0.1512069925688353,0.2326175048148862
7,4,0.10654826752194868,0.2326175048148862
7,4,0.1512069925688353,0.07718368400605247
7,4,0.10654826752194868,0.07718368400605247
7,4,0.10654826752194868,0.046096919844285544
7,4,0.10654826752194868,0.07718368400605247
7,4,0.061889542475062065,0.046096919844285544
7,4,0.10654826752194868,0.046096919844285544
7,4,0.10654826752194868,0.046096919844285544
7,4,0.061889542475062065,0.046096919844285544
7,4,0.061889542475062065,0.015010155682518622
7,4,0.061889542475062065,0.046096919844285544
7,4,0.01723081742817545,0.015010155682518622
7,4,0.061889542475062065,0.015010155682518622
7,4,0.061889542475062065,0.015010155682518622
7,4,0.01723081742817545,0.015010155682518622
7,5,0.01723081742817545,0.9839233915207526
7,4,0.01723081742817545,0.015010155682518622
6,5,0.9725720923812888,0.9839233915207526
7,5,0.01723081742817545,0.9839233915207526
7,5,0.01723081742817545,0.9839233915207526
6,5,0.9725720923812888,0.9839233915207526
6,5,0.9725720923812888,0.9528366273589857
6,5,0.9725720923812888,0.9839233915207526
6,5,0.9279133673344022,0.9528366273589857
6,5,0.9725720923812888,0.9528366273589857
6,5,0.9725720923812888,0.9528366273589857
6,5,0.9279133673344022,0.9528366273589857
6,5,0.9279133673344022,0.9217498631972187
7,4,0.10654826752194868,0.07718368400605247
7,4,0.061889542475062065,0.07718368400605247
7,4,0.061889542475062065,0.046096919844285544
7,4,0.061889542475062065,0.07718368400605247
7,4,0.01723081742817545,0.046096919844285544
7,4,0.061889542475062065,0.046096919844285544
7,4,0.061889542475062065,0.046096919844285544
7,4,0.01723081742817545,0.046096919844285544
7,4,0.01723081742817545,0.015010155682518622
7,4,0.01723081742817545,0.046096919844285544
6,4,0.9725720923812888,0.015010155682518622
7,4,0.01723081742817545,0.015010155682518622
7,4,0.01723081742817545,0.015010155682518622
6,4,0.9725720923812888,0.015010155682518622
6,5,0.9725720923812888,0.9839233915207526
6,4,0.9725720923812888,0.015010155682518622
6,5,0.9279133673344022,0.9839233915207526
6,5,0.9725720923812888,0.9839233915207526
6,5,0.9725720923812888,0.9839233915207526
6,5,0.9279133673344022,0.9839233915207526
6,5,0.9279133673344022,0.9528366273589857
7,4,0.061889542475062065,0.07718368400605247
7,4,0.01723081742817545,0.07718368400605247
7,4,0.01723081742817545,0.046096919844285544
7,4,0.01723081742817545,0.07718368400605247
6,4,0.9725720923812888,0.046096919844285544
7,4,0.01723081742817545,0.046096919844285544
7,4,0.01723081742817545,0.046096919844285544
6,4,0.9725720923812888,0.046096919844285544
6,4,0.9725720923812888,0.015010155682518622
6,4,0.9725720923812888,0.046096919844285544
6,4,0.9279133673344022,0.015010155682518622
6,4,0.9725720923812888,0.015010155682518622
6,4,0.9725720923812888,0.015010155682518622
6,4,0.9279133673344022,0.015010155682518622
6,5,0.9279133673344022,0.9839233915207526
7,4,0.01723081742817545,0.07718368400605247
6,4,0.9725720923812888,0.07718368400605247
6,4,0.9725720923812888,0.046096919844285544
6,4,0.9725720923812888,0.07718368400605247
6,4,0.9279133673344022,0.046096919844285544
6,4,0.9725720923812888,0.046096919844285544
6,4,0.9725720923812888,0.046096919844285544
6,4,0.9279133673344022,0.046096919844285544
6,4,0.9279133673344022,0.015010155682518622
6,4,0.9725720923812888,0.07718368400605247
6,4,0.9279133673344022,0.07718368400605247
6,4,0.9279133673344022,0.046096919844285544
6,5,0.9279133673344022,0.9217498631972187
6,5,0.9725720923812888,0.9217498631972187
6,5,0.9725720923812888,0.9528366273589857
6,5,0.9725720923812888,0.9217498631972187
7,5,0.01723081742817545,0.9528366273589857
6,5,0.9725720923812888,0.9528366273589857
6,5,0.9725720923812888,0.9528366273589857
7,5,0.01723081742817545,0.9528366273589857
7,5,0.01723081742817545,0.9839233915207526
7,5,0.01723081742817545,0.9528366273589857
7,5,0.061889542475062065,0.9839233915207526
7,5,0.01723081742817545,0.9839233915207526
7,5,0.01723081742817545,0.9839233915207526
7,5,0.061889542475062065,0.9839233915207526
7,4,0.061889542475062065,0.015010155682518622
7,5,0.061889542475062065,0.9839233915207526
7,4,0.10654826752194868,0.015010155682518622
7,4,0.061889542475062065,0.015010155682518622
7,4,0.061889542475062065,0.015010155682518622
7,4,0.10654826752194868,0.015010155682518622
7,4,0.10654826752194868,0.046096919844285544
7,4,0.10654826752194868,0.015010155682518622
7,4,0.1512069925688353,0.046096919844285544
7,4,0.10654826752194868,0.046096919844285544
7,4,0.10654826752194868,0.046096919844285544
7,4,0.1512069925688353,0.046096919844285544
7,4,0.1512069925688353,0.07718368400605247
6,5,0.9725720923812888,0.9217498631972187
7,5,0.01723081742817545,0.9217498631972187
7,5,0.01723081742817545,0.9528366273589857
7,5,0.01723081742817545,0.9217498631972187
7,5,0.061889542475062065,0.9528366273589857
7,5,0.01723081742817545,0.9528366273589857
7,5,0.01723081742817545,0.9528366273589857
7,5,0.061889542475062065,0.9528366273589857
7,5,0.061889542475062065,0.9839233915207526
7,5,0.061889542475062065,0.9528366273589857
7,5,0.10654826752194868,0.9839233915207526
7,5,0.061889542475062065,0.9839233915207526
7,5,0.061889542475062065,0.9839233915207526
7,5,0.10654826752194868,0.9839233915207526
7,4,0.10654826752194868,0.015010155682518622
7,5,0.10654826752194868,0.9839233915207526
7,4,0.1512069925688353,0.015010155682518622
7,4,0.10654826752194868,0.015010155682518622
7,4,0.10654826752194868,0.015010155682518622
7,4,0.1512069925688353,0.015010155682518622
7,4,0.1512069925688353,0.046096919844285544
7,5,0.01723081742817545,0.9217498631972187
7,5,0.061889542475062065,0.9217498631972187
7,5,0.061889542475062065,0.9528366273589857
7,5,0.061889542475062065,0.9217498631972187
7,5,0.10654826752194868,0.9528366273589857
7,5,0.061889542475062065,0.9528366273589857
7,5,0.061889542475062065,0.9528366273589857
7,5,0.10654826752194868,0.9528366273589857
7,5,0.10654826752194868,0.9839233915207526
7,5,0.10654826752194868,0.9528366273589857
7,5,0.1512069925688353,0.9839233915207526
7,5,0.10654826752194868,0.9839233915207526
7,5,0.10654826752194868,0.9839233915207526
7,5,0.1512069925688353,0.9839233915207526
7,4,0.1512069925688353,0.015010155682518622
7,5,0.061889542475062065,0.9217498631972187
7,5,0.10654826752194868,0.9217498631972187
7,5,0.10654826752194868,0.9528366273589857
7,5,0.10654826752194868,0.9217498631972187
7,5,0.1512069925688353,0.9528366273589857
7,5,0.10654826752194868,0.9528366273589857
7,5,0.10654826752194868,0.9528366273589857
7,5,0.1512069925688353,0.9528366273589857
7,5,0.1512069925688353,0.9839233915207526
7,5,0.10654826752194868,0.9217498631972187
7,5,0.1512069925688353,0.9217498631972187
7,5,0.1512069925688353,0.9528366273589857
7,4,0.5,0.29000000000000004
7,4,0.3336308869433964,0.13683018867924535
7,4,0.3336308869433964,0.4431698113207547
7,4,0.6663691130566036,0.13683018867924535
7,4,0.6663691130566036,0.4431698113207547
7,4,0.30613368554947495,0.5174258619288228
7,4,0.30613368554947495,0.47152119519957925
7,4,0.3371762669669005,0.47152119519957925
7,4,0.30613368554947495,0.47152119519957925
7,4,0.3371762669669005,0.4256165284703366
7,4,0.3371762669669005,0.47152119519957925
7,4,0.3371762669669005,0.47152119519957925
7,4,0.3371762669669005,0.4256165284703366
7,4,0.36821884838432606,0.4256165284703366
7,4,0.3371762669669005,0.4256165284703366
7,4,0.36821884838432606,0.37971186174109306
7,4,0.36821884838432606,0.4256165284703366
7,4,0.36821884838432606,0.4256165284703366
7,4,0.36821884838432606,0.37971186174109306
7,4,0.3992614298017516,0.37971186174109306
7,4,0.36821884838432606,0.37971186174109306
7,4,0.3992614298017516,0.3338071950118495
7,4,0.3992614298017516,0.37971186174109306
7,4,0.3992614298017516,0.37971186174109306
7,4,0.3992614298017516,0.3338071950118495
7,4,0.43030401121917805,0.3338071950118495
7,4,0.3992614298017516,0.3338071950118495
7,4,0.43030401121917805,0.287902528282606
7,4,0.43030401121917805,0.3338071950118495
7,4,0.43030401121917805,0.3338071950118495
7,4,0.43030401121917805,0.287902528282606
7,4,0.4613465926366036,0.287902528282606
7,4,0.30613368554947495,0.47152119519957925
7,4,0.30613368554947495,0.4256165284703366
7,4,0.3371762669669005,0.4256165284703366
7,4,0.30613368554947495,0.4256165284703366
7,4,0.3371762669669005,0.37971186174109306
7,4,0.3371762669669005,0.4256165284703366
7,4,0.3371762669669005,0.4256165284703366
7,4,0.3371762669669005,0.37971186174109306
7,4,0.36821884838432606,0.37971186174109306
7,4,0.3371762669669005,0.37971186174109306
7,4,0.36821884838432606,0.3338071950118495
7,4,0.36821884838432606,0.37971186174109306
7,4,0.36821884838432606,0.37971186174109306
7,4,0.36821884838432606,0.3338071950118495
7,4,0.3992614298017516,0.3338071950118495
7,4,0.36821884838432606,0.3338071950118495
7,4,0.3992614298017516,0.287902528282606
7,4,0.3992614298017516,0.3338071950118495
7,4,0.3992614298017516,0.3338071950118495
7,4,0.3992614298017516,0.287902528282606
7,4,0.43030401121917805,0.287902528282606
7,4,0.30613368554947495,0.4256165284703366
7,4,0.30613368554947495,0.37971186174109306
7,4,0.3371762669669005,0.37971186174109306
7,4,0.30613368554947495,0.37971186174109306
7,4,0.3371762669669005,0.3338071950118495
7,4,0.3371762669669005,0.37971186174109306
7,4,0.3371762669669005,0.37971186174109306
7,4,0.3371762669669005,0.3338071950118495
7,4,0.36821884838432606,0.3338071950118495
7,4,0.3371762669669005,0.3338071950118495
7,4,0.36821884838432606,0.287902528282606
7,4,0.36821884838432606,0.3338071950118495
7,4,0.36821884838432606,0.3338071950118495
7,4,0.36821884838432606,0.287902528282606
7,4,0.3992614298017516,0.287902528282606
7,4,0.30613368554947495,0.37971186174109306
7,4,0.30613368554947495,0.3338071950118495
7,4,0.3371762669669005,0.3338071950118495
7,4,0.30613368554947495,0.3338071950118495
7,4,0.3371762669669005,0.287902528282606
7,4,0.3371762669669005,0.3338071950118495
7,4,0.3371762669669005,0.3338071950118495
7,4,0.3371762669669005,0.287902528282606
7,4,0.36821884838432606,0.287902528282606
7,4,0.30613368554947495,0.3338071950118495
7,4,0.30613368554947495,0.287902528282606
7,4,0.3371762669669005,0.287902528282606
7,4,0.4613465926366036,0.287902528282606
7,4,0.4613465926366036,0.3338071950118495
7,4,0.43030401121917805,0.3338071950118495
7,4,0.4613465926366036,0.3338071950118495
7,4,0.43030401121917805,0.37971186174109306
7,4,0.43030401121917805,0.3338071950118495
7,4,0.43030401121917805,0.3338071950118495
7,4,0.43030401121917805,0.37971186174109306
7,4,0.3992614298017516,0.37971186174109306
7,4,0.43030401121917805,0.37971186174109306
7,4,0.3992614298017516,0.4256165284703366
7,4,0.3992614298017516,0.37971186174109306
7,4,0.3992614298017516,0.37971186174109306
7,4,0.3992614298017516,0.4256165284703366
7,4,0.36821884838432606,0.4256165284703366
7,4,0.3992614298017516,0.4256165284703366
7,4,0.36821884838432606,0.47152119519957925
7,4,0.36821884838432606,0.4256165284703366
7,4,0.36821884838432606,0.4256165284703366
7,4,0.36821884838432606,0.47152119519957925
7,4,0.3371762669669005,0.47152119519957925
7,4,0.36821884838432606,0.47152119519957925
7,4,0.3371762669669005,0.5174258619288228
7,4,0.3371762669669005,0.47152119519957925
7,4,0.3371762669669005,0.47152119519957925
7,4,0.3371762669669005,0.5174258619288228
7,4,0.30613368554947495,0.5174258619288228
7,4,0.4613465926366036,0.3338071950118495
7,4,0.4613465926366036,0.37971186174109306
7,4,0.43030401121917805,0.37971186174109306
7,4,0.4613465926366036,0.37971186174109306
7,4,0.43030401121917805,0.4256165284703366
7,4,0.43030401121917805,0.37971186174109306
7,4,0.43030401121917805,0.37971186174109306
7,4,0.43030401121917805,0.4256165284703366
7,4,0.3992614298017516,0.4256165284703366
7,4,0.43030401121917805,0.4256165284703366
7,4,0.3992614298017516,0.47152119519957925
7,4,0.3992614298017516,0.4256165284703366
7,4,0.3992614298017516,0.4256165284703366
7,4,0.3992614298017516,0.47152119519957925
7,4,0.36821884838432606,0.47152119519957925
7,4,0.3992614298017516,0.47152119519957925
7,4,0.36821884838432606,0.5174258619288228
7,4,0.36821884838432606,0.47152119519957925
7,4,0.36821884838432606,0.47152119519957925
7,4,0.36821884838432606,0.5174258619288228
7,4,0.3371762669669005,0.5174258619288228
7,4,0.4613465926366036,0.37971186174109306
7,4,0.4613465926366036,0.4256165284703366
7,4,0.43030401121917805,0.4256165284703366
7,4,0.4613465926366036,0.4256165284703366
7,4,0.43030401121917805,0.47152119519957925
7,4,0.43030401121917805,0.4256165284703366
7,4,0.43030401121917805,0.4256165284703366
7,4,0.43030401121917805,0.47152119519957925
7,4,0.3992614298017516,0.47152119519957925
7,4,0.43030401121917805,0.47152119519957925
7,4,0.3992614298017516,0.5174258619288228
7,4,0.3992614298017516,0.47152119519957925
7,4,0.3992614298017516,0.47152119519957925
7,4,0.3992614298017516,0.5174258619288228
7,4,0.36821884838432606,0.5174258619288228
7,4,0.4613465926366036,0.4256165284703366
7,4,0.4613465926366036,0.47152119519957925
7,4,0.43030401121917805,0.47152119519957925
7,4,0.4613465926366036,0.47152119519957925
7,4,0.43030401121917805,0.5174258619288228
7,4,0.43030401121917805,0.47152119519957925
7,4,0.43030401121917805,0.47152119519957925
7,4,0.43030401121917805,0.5174258619288228
7,4,0.3992614298017516,0.5174258619288228
7,4,0.4613465926366036,0.47152119519957925
7,4,0.4613465926366036,0.5174258619288228
7,4,0.43030401121917805,0.5174258619288228
7,4,0.4613465926366036,0.287902528282606
7,4,0.49244910181738266,0.287902528282606
7,4,0.49244910181738266,0.3338071950118495
7,4,0.49244910181738266,0.287902528282606
7,4,0.5235516109981626,0.3338071950118495
7,4,0.49244910181738266,0.3338071950118495
7,4,0.49244910181738266,0.3338071950118495
7,4,0.5235516109981626,0.3338071950118495
7,4,0.5235516109981626,0.37971186174109306
7,4,0.5235516109981626,0.3338071950118495
7,4,0.5546541201789426,0.37971186174109306
7,4,0.5235516109981626,0.37971186174109306
7,4,0.5235516109981626,0.37971186174109306
7,4,0.5546541201789426,0.37971186174109306
7,4,0.5546541201789426,0.4256165284703366
7,4,0.5546541201789426,0.37971186174109306
7,4,0.5857566293597225,0.4256165284703366
7,4,0.5546541201789426,0.4256165284703366
7,4,0.5546541201789426,0.4256165284703366
7,4,0.5857566293597225,0.4256165284703366
7,4,0.5857566293597225,0.47152119519957925
7,4,0.5857566293597225,0.4256165284703366
7,4,0.6168591385405016,0.47152119519957925
7,4,0.5857566293597225,0.47152119519957925
7,4,0.5857566293597225,0.47152119519957925
7,4,0.6168591385405016,0.47152119519957925
7,4,0.6168591385405016,0.5174258619288228
7,4,0.49244910181738266,0.287902528282606
7,4,0.5235516109981626,0.287902528282606
7,4,0.5235516109981626,0.3338071950118495
7,4,0.5235516109981626,0.287902528282606
7,4,0.5546541201789426,0.3338071950118495
7,4,0.5235516109981626,0.3338071950118495
7,4,0.5235516109981626,0.3338071950118495
7,4,0.5546541201789426,0.3338071950118495
7,4,0.5546541201789426,0.37971186174109306
7,4,0.5546541201789426,0.3338071950118495
7,4,0.5857566293597225,0.37971186174109306
7,4,0.5546541201789426,0.37971186174109306
7,4,0.5546541201789426,0.37971186174109306
7,4,0.5857566293597225,0.37971186174109306
7,4,0.5857566293597225,0.4256165284703366
7,4,0.5857566293597225,0.37971186174109306
7,4,0.6168591385405016,0.4256165284703366
7,4,0.5857566293597225,0.4256165284703366
7,4,0.5857566293597225,0.4256165284703366
7,4,0.6168591385405016,0.4256165284703366
7,4,0.6168591385405016,0.47152119519957925
7,4,0.5235516109981626,0.287902528282606
7,4,0.5546541201789426,0.287902528282606
7,4,0.5546541201789426,0.3338071950118495
7,4,0.5546541201789426,0.287902528282606
7,4,0.5857566293597225,0.3338071950118495
7,4,0.5546541201789426,0.3338071950118495
7,4,0.5546541201789426,0.3338071950118495
7,4,0.5857566293597225,0.3338071950118495
7,4,0.5857566293597225,0.37971186174109306
7,4,0.5857566293597225,0.3338071950118495
7,4,0.6168591385405016,0.37971186174109306
7,4,0.5857566293597225,0.37971186174109306
7,4,0.5857566293597225,0.37971186174109306
7,4,0.6168591385405016,0.37971186174109306
7,4,0.6168591385405016,0.4256165284703366
7,4,0.5546541201789426,0.287902528282606
7,4,0.5857566293597225,0.287902528282606
7,4,0.5857566293597225,0.3338071950118495
7,4,0.5857566293597225,0.287902528282606
7,4,0.6168591385405016,0.3338071950118495
7,4,0.5857566293597225,0.3338071950118495
7,4,0.5857566293597225,0.3338071950118495
7,4,0.6168591385405016,0.3338071950118495
7,4,0.6168591385405016,0.37971186174109306
7,4,0.5857566293597225,0.287902528282606
7,4,0.6168591385405016,0.287902528282606
7,4,0.6168591385405016,0.3338071950118495
7,4,0.6168591385405016,0.5174258619288228
7,4,0.5857566293597225,0.5174258619288228
7,4,0.5857566293597225,0.47152119519957925
7,4,0.5857566293597225,0.5174258619288228
7,4,0.5546541201789426,0.47152119519957925
7,4,0.5857566293597225,0.47152119519957925
7,4,0.5857566293597225,0.47152119519957925
7,4,0.5546541201789426,0.47152119519957925
7,4,0.5546541201789426,0.4256165284703366
7,4,0.5546541201789426,0.47152119519957925
7,4,0.5235516109981626,0.4256165284703366
7,4,0.5546541201789426,0.4256165284703366
7,4,0.5546541201789426,0.4256165284703366
7,4,0.5235516109981626,0.4256165284703366
7,4,0.5235516109981626,0.37971186174109306
7,4,0.5235516109981626,0.4256165284703366
7,4,0.49244910181738266,0.37971186174109306
7,4,0.5235516109981626,0.37971186174109306
7,4,0.5235516109981626,0.37971186174109306
7,4,0.49244910181738266,0.37971186174109306
7,4,0.49244910181738266,0.3338071950118495
7,4,0.49244910181738266,0.37971186174109306
7,4,0.4613465926366036,0.3338071950118495
7,4,0.49244910181738266,0.3338071950118495
7,4,0.49244910181738266,0.3338071950118495
7,4,0.4613465926366036,0.3338071950118495
7,4,0.4613465926366036,0.287902528282606
7,4,0.5857566293597225,0.5174258619288228
7,4,0.5546541201789426,0.5174258619288228
7,4,0.5546541201789426,0.47152119519957925
7,4,0.5546541201789426,0.5174258619288228
7,4,0.5235516109981626,0.47152119519957925
7,4,0.5546541201789426,0.47152119519957925
7,4,0.5546541201789426,0.47152119519957925
7,4,0.5235516109981626,0.47152119519957925
7,4,0.5235516109981626,0.4256165284703366
7,4,0.5235516109981626,0.47152119519957925
7,4,0.49244910181738266,0.4256165284703366
7,4,0.5235516109981626,0.4256165284703366
7,4,0.5235516109981626,0.4256165284703366
7,4,0.49244910181738266,0.4256165284703366
7,4,0.49244910181738266,0.37971186174109306
7,4,0.49244910181738266,0.4256165284703366
7,4,0.4613465926366036,0.37971186174109306
7,4,0.49244910181738266,0.37971186174109306
7,4,0.49244910181738266,0.37971186174109306
7,4,0.4613465926366036,0.37971186174109306
7,4,0.4613465926366036,0.3338071950118495
7,4,0.5546541201789426,0.5174258619288228
7,4,0.5235516109981626,0.5174258619288228
7,4,0.5235516109981626,0.47152119519957925
7,4,0.5235516109981626,0.5174258619288228
7,4,0.49244910181738266,0.47152119519957925
7,4,0.5235516109981626,0.47152119519957925
7,4,0.5235516109981626,0.47152119519957925
7,4,0.49244910181738266,0.47152119519957925
7,4,0.49244910181738266,0.4256165284703366
7,4,0.49244910181738266,0.47152119519957925
7,4,0.4613465926366036,0.4256165284703366
7,4,0.49244910181738266,0.4256165284703366
7,4,0.49244910181738266,0.4256165284703366
7,4,0.4613465926366036,0.4256165284703366
7,4,0.4613465926366036,0.37971186174109306
7,4,0.5235516109981626,0.5174258619288228
7,4,0.49244910181738266,0.5174258619288228
7,4,0.49244910181738266,0.47152119519957925
7,4,0.49244910181738266,0.5174258619288228
7,4,0.4613465926366036,0.47152119519957925
7,4,0.49244910181738266,0.47152119519957925
7,4,0.49244910181738266,0.47152119519957925
7,4,0.4613465926366036,0.47152119519957925
7,4,0.4613465926366036,0.4256165284703366
7,4,0.49244910181738266,0.5174258619288228
7,4,0.4613465926366036,0.5174258619288228
7,4,0.4613465926366036,0.47152119519957925
7,4,0.30613368554947495,0.05856646889687145
7,4,0.3371762669669005,0.05856646889687145
7,4,0.3371762669669005,0.10443368077401871
7,4,0.3371762669669005,0.05856646889687145
7,4,0.36821884838432606,0.10443368077401871
7,4,0.3371762669669005,0.10443368077401871
7,4,0.3371762669669005,0.10443368077401871
7,4,0.36821884838432606,0.10443368077401871
7,4,0.36821884838432606,0.15030089265116509
7,4,0.36821884838432606,0.10443368077401871
7,4,0.3992614298017516,0.15030089265116509
7,4,0.36821884838432606,0.15030089265116509
7,4,0.36821884838432606,0.15030089265116509
7,4,0.3992614298017516,0.15030089265116509
7,4,0.3992614298017516,0.19616810452831235
7,4,0.3992614298017516,0.15030089265116509
7,4,0.43030401121917805,0.19616810452831235
7,4,0.3992614298017516,0.19616810452831235
7,4,0.3992614298017516,0.19616810452831235
7,4,0.43030401121917805,0.19616810452831235
7,4,0.43030401121917805,0.2420353164054596
7,4,0.43030401121917805,0.19616810452831235
7,4,0.4613465926366036,0.2420353164054596
7,4,0.43030401121917805,0.2420353164054596
7,4,0.43030401121917805,0.2420353164054596
7,4,0.4613465926366036,0.2420353164054596
7,4,0.4613465926366036,0.287902528282606
7,4,0.3371762669669005,0.05856646889687145
7,4,0.36821884838432606,0.05856646889687145
7,4,0.36821884838432606,0.10443368077401871
7,4,0.36821884838432606,0.05856646889687145
7,4,0.3992614298017516,0.10443368077401871
7,4,0.36821884838432606,0.10443368077401871
7,4,0.36821884838432606,0.10443368077401871
7,4,0.3992614298017516,0.10443368077401871
7,4,0.3992614298017516,0.15030089265116509
7,4,0.3992614298017516,0.10443368077401871
7,4,0.43030401121917716,0.15030089265116509
7,4,0.3992614298017516,0.15030089265116509
7,4,0.3992614298017516,0.15030089265116509
7,4,0.43030401121917716,0.15030089265116509
7,4,0.43030401121917805,0.19616810452831235
7,4,0.43030401121917716,0.15030089265116509
7,4,0.4613465926366036,0.19616810452831235
7,4,0.43030401121917805,0.19616810452831235
7,4,0.43030401121917805,0.19616810452831235
7,4,0.4613465926366036,0.19616810452831235
7,4,0.4613465926366036,0.2420353164054596
7,4,0.36821884838432606,0.05856646889687145
7,4,0.3992614298017516,0.05856646889687145
7,4,0.3992614298017516,0.10443368077401871
7,4,0.3992614298017516,0.05856646889687145
7,4,0.43030401121917805,0.10443368077401871
7,4,0.3992614298017516,0.10443368077401871
7,4,0.3992614298017516,0.10443368077401871
7,4,0.43030401121917805,0.10443368077401871
7,4,0.43030401121917716,0.15030089265116509
7,4,0.43030401121917805,0.10443368077401871
7,4,0.4613465926366036,0.15030089265116509
7,4,0.43030401121917716,0.15030089265116509
7,4,0.43030401121917716,0.15030089265116509
7,4,0.4613465926366036,0.15030089265116509
7,4,0.4613465926366036,0.19616810452831235
7,4,0.3992614298017516,0.05856646889687145
7,4,0.43030401121917716,0.05856646889687145
7,4,0.43030401121917805,0.10443368077401871
7,4,0.43030401121917716,0.05856646889687145
7,4,0.4613465926366036,0.10443368077401871
7,4,0.43030401121917805,0.10443368077401871
7,4,0.43030401121917805,0.10443368077401871
7,4,0.4613465926366036,0.10443368077401871
7,4,0.4613465926366036,0.15030089265116509
7,4,0.43030401121917716,0.05856646889687145
7,4,0.4613465926366036,0.05856646889687145
7,4,0.4613465926366036,0.10443368077401871
7,4,0.4613465926366036,0.287902528282606
7,4,0.43030401121917805,0.287902528282606
7,4,0.43030401121917805,0.2420353164054596
7,4,0.43030401121917805,0.287902528282606
7,4,0.3992614298017516,0.2420353164054596
7,4,0.43030401121917805,0.2420353164054596
7,4,0.43030401121917805,0.2420353164054596
7,4,0.3992614298017516,0.2420353164054596
7,4,0.3992614298017516,0.19616810452831235
7,4,0.3992614298017516,0.2420353164054596
7,4,0.36821884838432606,0.19616810452831235
7,4,0.3992614298017516,0.19616810452831235
7,4,0.3992614298017516,0.19616810452831235
7,4,0.36821884838432606,0.19616810452831235
7,4,0.36821884838432606,0.15030089265116509
7,4,0.36821884838432606,0.19616810452831235
7,4,0.3371762669669005,0.15030089265116509
7,4,0.36821884838432606,0.15030089265116509
7,4,0.36821884838432606,0.15030089265116509
7,4,0.3371762669669005,0.15030089265116509
7,4,0.3371762669669005,0.10443368077401871
7,4,0.3371762669669005,0.15030089265116509
7,4,0.30613368554947495,0.10443368077401871
7,4,0.3371762669669005,0.10443368077401871
7,4,0.3371762669669005,0.10443368077401871
7,4,0.30613368554947495,0.10443368077401871
7,4,0.30613368554947495,0.05856646889687145
7,4,0.43030401121917805,0.287902528282606
7,4,0.3992614298017516,0.287902528282606
7,4,0.3992614298017516,0.2420353164054596
7,4,0.3992614298017516,0.287902528282606
7,4,0.36821884838432606,0.2420353164054596
7,4,0.3992614298017516,0.2420353164054596
7,4,0.3992614298017516,0.2420353164054596
7,4,0.36821884838432606,0.2420353164054596
7,4,0.36821884838432606,0.19616810452831235
7,4,0.36821884838432606,0.2420353164054596
7,4,0.3371762669669005,0.19616810452831235
7,4,0.36821884838432606,0.19616810452831235
7,4,0.36821884838432606,0.19616810452831235
7,4,0.3371762669669005,0.19616810452831235
7,4,0.3371762669669005,0.15030089265116509
7,4,0.3371762669669005,0.19616810452831235
7,4,0.30613368554947495,0.15030089265116509
7,4,0.3371762669669005,0.15030089265116509
7,4,0.3371762669669005,0.15030089265116509
7,4,0.30613368554947495,0.15030089265116509
7,4,0.30613368554947495,0.10443368077401871
7,4,0.3992614298017516,0.287902528282606
7,4,0.36821884838432606,0.287902528282606
7,4,0.36821884838432606,0.2420353164054596
7,4,0.36821884838432606,0.287902528282606
7,4,0.3371762669669005,0.2420353164054596
7,4,0.36821884838432606,0.2420353164054596
7,4,0.36821884838432606,0.2420353164054596
7,4,0.3371762669669005,0.2420353164054596
7,4,0.3371762669669005,0.19616810452831235
7,4,0.3371762669669005,0.2420353164054596
7,4,0.30613368554947495,0.19616810452831235
7,4,0.3371762669669005,0.19616810452831235
7,4,0.3371762669669005,0.19616810452831235
7,4,0.30613368554947495,0.19616810452831235
7,4,0.30613368554947495,0.15030089265116509
7,4,0.36821884838432606,0.287902528282606
7,4,0.3371762669669005,0.287902528282606
7,4,0.3371762669669005,0.2420353164054596
7,4,0.3371762669669005,0.287902528282606
7,4,0.30613368554947495,0.2420353164054596
7,4,0.3371762669669005,0.2420353164054596
7,4,0.3371762669669005,0.2420353164054596
7,4,0.30613368554947495,0.2420353164054596
7,4,0.30613368554947495,0.19616810452831235
7,4,0.3371762669669005,0.287902528282606
7,4,0.30613368554947495,0.287902528282606
7,4,0.30613368554947495,0.2420353164054596
7,4,0.4613465926366036,0.287902528282606
7,4,0.4613465926366036,0.2420353164054596
7,4,0.49244910181738266,0.2420353164054596
7,4,0.4613465926366036,0.2420353164054596
7,4,0.49244910181738266,0.19616810452831235
7,4,0.49244910181738266,0.2420353164054596
7,4,0.49244910181738266,0.2420353164054596
7,4,0.49244910181738266,0.19616810452831235
7,4,0.5235516109981626,0.19616810452831235
7,4,0.49244910181738266,0.19616810452831235
7,4,0.5235516109981626,0.15030089265116509
7,4,0.5235516109981626,0.19616810452831235
7,4,0.5235516109981626,0.19616810452831235
7,4,0.5235516109981626,0.15030089265116509
7,4,0.5546541201789426,0.15030089265116509
7,4,0.5235516109981626,0.15030089265116509
7,4,0.5546541201789426,0.10443368077401871
7,4,0.5546541201789426,0.15030089265116509
7,4,0.5546541201789426,0.15030089265116509
7,4,0.5546541201789426,0.10443368077401871
7,4,0.5857566293597225,0.10443368077401871
7,4,0.5546541201789426,0.10443368077401871
7,4,0.5857566293597225,0.05856646889687145
7,4,0.5857566293597225,0.10443368077401871
7,4,0.5857566293597225,0.10443368077401871
7,4,0.5857566293597225,0.05856646889687145
7,4,0.6168591385405016,0.05856646889687145
7,4,0.4613465926366036,0.2420353164054596
7,4,0.4613465926366036,0.19616810452831235
7,4,0.49244910181738266,0.19616810452831235
7,4,0.4613465926366036,0.19616810452831235
7,4,0.49244910181738266,0.15030089265116509
7,4,0.49244910181738266,0.19616810452831235
7,4,0.49244910181738266,0.19616810452831235
7,4,0.49244910181738266,0.15030089265116509
7,4,0.5235516109981626,0.15030089265116509
7,4,0.49244910181738266,0.15030089265116509
7,4,0.5235516109981626,0.10443368077401871
7,4,0.5235516109981626,0.15030089265116509
7,4,0.5235516109981626,0.15030089265116509
7,4,0.5235516109981626,0.10443368077401871
7,4,0.5546541201789426,0.10443368077401871
7,4,0.5235516109981626,0.10443368077401871
7,4,0.5546541201789426,0.05856646889687145
7,4,0.5546541201789426,0.10443368077401871
7,4,0.5546541201789426,0.10443368077401871
7,4,0.5546541201789426,0.05856646889687145
7,4,0.5857566293597225,0.05856646889687145
7,4,0.4613465926366036,0.19616810452831235
7,4,0.4613465926366036,0.15030089265116509
7,4,0.49244910181738266,0.15030089265116509
7,4,0.4613465926366036,0.15030089265116509
7,4,0.49244910181738266,0.10443368077401871
7,4,0.49244910181738266,0.15030089265116509
7,4,0.49244910181738266,0.15030089265116509
7,4,0.49244910181738266,0.10443368077401871
7,4,0.5235516109981626,0.10443368077401871
7,4,0.49244910181738266,0.10443368077401871
7,4,0.5235516109981626,0.05856646889687145
7,4,0.5235516109981626,0.10443368077401871
7,4,0.5235516109981626,0.10443368077401871
7,4,0.5235516109981626,0.05856646889687145
7,4,0.5546541201789426,0.05856646889687145
7,4,0.4613465926366036,0.15030089265116509
7,4,0.4613465926366036,0.10443368077401871
7,4,0.49244910181738266,0.10443368077401871
7,4,0.4613465926366036,0.10443368077401871
7,4,0.49244910181738266,0.05856646889687145
7,4,0.49244910181738266,0.10443368077401871
7,4,0.49244910181738266,0.10443368077401871
7,4,0.49244910181738266,0.05856646889687145
7,4,0.5235516109981626,0.05856646889687145
7,4,0.4613465926366036,0.10443368077401871
7,4,0.4613465926366036,0.05856646889687145
7,4,0.49244910181738266,0.05856646889687145
7,4,0.6168591385405016,0.05856646889687145
7,4,0.6168591385405016,0.10443368077401871
7,4,0.5857566293597225,0.10443368077401871
7,4,0.6168591385405016,0.10443368077401871
7,4,0.5857566293597225,0.15030089265116509
7,4,0.5857566293597225,0.10443368077401871
7,4,0.5857566293597225,0.10443368077401871
7,4,0.5857566293597225,0.15030089265116509
7,4,0.5546541201789426,0.15030089265116509
7,4,0.5857566293597225,0.15030089265116509
7,4,0.5546541201789426,0.19616810452831235
7,4,0.5546541201789426,0.15030089265116509
7,4,0.5546541201789426,0.15030089265116509
7,4,0.5546541201789426,0.19616810452831235
7,4,0.5235516109981626,0.19616810452831235
7,4,0.5546541201789426,0.19616810452831235
7,4,0.5235516109981626,0.2420353164054596
7,4,0.5235516109981626,0.19616810452831235
7,4,0.5235516109981626,0.19616810452831235
7,4,0.5235516109981626,0.2420353164054596
7,4,0.49244910181738266,0.2420353164054596
7,4,0.5235516109981626,0.2420353164054596
7,4,0.49244910181738266,0.287902528282606
7,4,0.49244910181738266,0.2420353164054596
7,4,0.49244910181738266,0.2420353164054596
7,4,0.49244910181738266,0.287902528282606
7,4,0.4613465926366036,0.287902528282606
7,4,0.6168591385405016,0.10443368077401871
7,4,0.6168591385405016,0.15030089265116509
7,4,0.5857566293597225,0.15030089265116509
7,4,0.6168591385405016,0.15030089265116509
7,4,0.5857566293597225,0.19616810452831235
7,4,0.5857566293597225,0.15030089265116509
7,4,0.5857566293597225,0.15030089265116509
7,4,0.5857566293597225,0.19616810452831235
7,4,0.5546541201789426,0.19616810452831235
7,4,0.5857566293597225,0.19616810452831235
7,4,0.5546541201789426,0.2420353164054596
7,4,0.5546541201789426,0.19616810452831235
7,4,0.5546541201789426,0.19616810452831235
7,4,0.5546541201789426,0.2420353164054596
7,4,0.5235516109981626,0.2420353164054596
7,4,0.5546541201789426,0.2420353164054596
7,4,0.5235516109981626,0.287902528282606
7,4,0.5235516109981626,0.2420353164054596
7,4,0.5235516109981626,0.2420353164054596
7,4,0.5235516109981626,0.287902528282606
7,4,0.49244910181738266,0.287902528282606
7,4,0.6168591385405016,0.15030089265116509
7,4,0.6168591385405016,0.19616810452831235
7,4,0.5857566293597225,0.19616810452831235
7,4,0.6168591385405016,0.19616810452831235
7,4,0.5857566293597225,0.2420353164054596
7,4,0.5857566293597225,0.19616810452831235
7,4,0.5857566293597225,0.19616810452831235
7,4,0.5857566293597225,0.2420353164054596
7,4,0.5546541201789426,0.2420353164054596
7,4,0.5857566293597225,0.2420353164054596
7,4,0.5546541201789426,0.287902528282606
7,4,0.5546541201789426,0.2420353164054596
7,4,0.5546541201789426,0.2420353164054596
7,4,0.5546541201789426,0.287902528282606
7,4,0.5235516109981626,0.287902528282606
7,4,0.6168591385405016,0.19616810452831235
7,4,0.6168591385405016,0.2420353164054596
7,4,0.5857566293597225,0.2420353164054596
7,4,0.6168591385405016,0.2420353164054596
7,4,0.5857566293597225,0.287902528282606
7,4,0.5857566293597225,0.2420353164054596
7,4,0.5857566293597225,0.2420353164054596
7,4,0.5857566293597225,0.287902528282606
7,4,0.5546541201789426,0.287902528282606
7,4,0.6168591385405016,0.2420353164054596
7,4,0.6168591385405016,0.287902528282606
7,4,0.5857566293597225,0.287902528282606
7,4,0.2507005044469297,0.11119053609219343
7,4,0.29654524341281885,0.11119053609219343
7,4,0.29654524341281885,0.14227806333213522
7,4,0.29654524341281885,0.11119053609219343
7,4,0.342389982378708,0.14227806333213522
7,4,0.29654524341281885,0.14227806333213522
7,4,0.29654524341281885,0.14227806333213522
7,4,0.342389982378708,0.14227806333213522
7,4,0.342389982378708,0.17336559057207612
7,4,0.342389982378708,0.14227806333213522
7,4,0.38823472134459713,0.17336559057207612
7,4,0.342389982378708,0.17336559057207612
7,4,0.342389982378708,0.17336559057207612
7,4,0.38823472134459713,0.17336559057207612
7,4,0.38823472134459713,0.20445311781201703
7,4,0.38823472134459713,0.17336559057207612
7,4,0.4340794603104863,0.20445311781201703
7,4,0.38823472134459713,0.20445311781201703
7,4,0.38823472134459713,0.20445311781201703
7,4,0.4340794603104863,0.20445311781201703
7,4,0.4340794603104863,0.23554064505195882
7,4,0.4340794603104863,0.20445311781201703
7,4,0.4799241992763754,0.23554064505195882
7,4,0.4340794603104863,0.23554064505195882
7,4,0.4340794603104863,0.23554064505195882
7,4,0.4799241992763754,0.23554064505195882
7,4,0.4799241992763754,0.2666281722918997
7,4,0.29654524341281885,0.11119053609219343
7,4,0.342389982378708,0.11119053609219343
7,4,0.342389982378708,0.14227806333213522
7,4,0.342389982378708,0.11119053609219343
7,4,0.38823472134459713,0.14227806333213522
7,4,0.342389982378708,0.14227806333213522
7,4,0.342389982378708,0.14227806333213522
7,4,0.38823472134459713,0.14227806333213522
7,4,0.38823472134459713,0.17336559057207612
7,4,0.38823472134459713,0.14227806333213522
7,4,0.4340794603104863,0.17336559057207612
7,4,0.38823472134459713,0.17336559057207612
7,4,0.38823472134459713,0.17336559057207612
7,4,0.4340794603104863,0.17336559057207612
7,4,0.4340794603104863,0.20445311781201703
7,4,0.4340794603104863,0.17336559057207612
7,4,0.4799241992763754,0.20445311781201703
7,4,0.4340794603104863,0.20445311781201703
7,4,0.4340794603104863,0.20445311781201703
7,4,0.4799241992763754,0.20445311781201703
7,4,0.4799241992763754,0.23554064505195882
7,4,0.342389982378708,0.11119053609219343
7,4,0.38823472134459713,0.11119053609219343
7,4,0.38823472134459713,0.14227806333213522
7,4,0.38823472134459713,0.11119053609219343
7,4,0.4340794603104863,0.14227806333213522
7,4,0.38823472134459713,0.14227806333213522
7,4,0.38823472134459713,0.14227806333213522
7,4,0.4340794603104863,0.14227806333213522
7,4,0.4340794603104863,0.17336559057207612
7,4,0.4340794603104863,0.14227806333213522
7,4,0.4799241992763754,0.17336559057207612
7,4,0.4340794603104863,0.17336559057207612
7,4,0.4340794603104863,0.17336559057207612
7,4,0.4799241992763754,0.17336559057207612
7,4,0.4799241992763754,0.20445311781201703
7,4,0.38823472134459713,0.11119053609219343
7,4,0.4340794603104863,0.11119053609219343
7,4,0.4340794603104863,0.14227806333213522
7,4,0.4340794603104863,0.11119053609219343
7,4,0.4799241992763754,0.14227806333213522
7,4,0.4340794603104863,0.14227806333213522
7,4,0.4340794603104863,0.14227806333213522
7,4,0.4799241992763754,0.14227806333213522
7,4,0.4799241992763754,0.17336559057207612
7,4,0.4340794603104863,0.11119053609219343
7,4,0.4799241992763754,0.11119053609219343
7,4,0.4799241992763754,0.14227806333213522
7,4,0.4799241992763754,0.2666281722918997
7,4,0.4340794603104863,0.2666281722918997
7,4,0.4340794603104863,0.23554064505195882
7,4,0.4340794603104863,0.2666281722918997
7,4,0.38823472134459713,0.23554064505195882
7,4,0.4340794603104863,0.23554064505195882
7,4,0.4340794603104863,0.23554064505195882
7,4,0.38823472134459713,0.23554064505195882
7,4,0.38823472134459713,0.20445311781201703
7,4,0.38823472134459713,0.23554064505195882
7,4,0.342389982378708,0.20445311781201703
7,4,0.38823472134459713,0.20445311781201703
7,4,0.38823472134459713,0.20445311781201703
7,4,0.342389982378708,0.20445311781201703
7,4,0.342389982378708,0.17336559057207612
7,4,0.342389982378708,0.20445311781201703
7,4,0.29654524341281885,0.17336559057207612
7,4,0.342389982378708,0.17336559057207612
7,4,0.342389982378708,0.17336559057207612
7,4,0.29654524341281885,0.17336559057207612
7,4,0.29654524341281885,0.14227806333213522
7,4,0.29654524341281885,0.17336559057207612
7,4,0.2507005044469297,0.14227806333213522
7,4,0.29654524341281885,0.14227806333213522
7,4,0.29654524341281885,0.14227806333213522
7,4,0.2507005044469297,0.14227806333213522
7,4,0.2507005044469297,0.11119053609219343
7,4,0.4340794603104863,0.2666281722918997
7,4,0.38823472134459713,0.2666281722918997
7,4,0.38823472134459713,0.23554064505195882
7,4,0.38823472134459713,0.2666281722918997
7,4,0.342389982378708,0.23554064505195882
7,4,0.38823472134459713,0.23554064505195882
7,4,0.38823472134459713,0.23554064505195882
7,4,0.342389982378708,0.23554064505195882
7,4,0.342389982378708,0.20445311781201703
7,4,0.342389982378708,0.23554064505195882
7,4,0.29654524341281885,0.20445311781201703
7,4,0.342389982378708,0.20445311781201703
7,4,0.342389982378708,0.20445311781201703
7,4,0.29654524341281885,0.20445311781201703
7,4,0.29654524341281885,0.17336559057207612
7,4,0.29654524341281885,0.20445311781201703
7,4,0.2507005044469297,0.17336559057207612
7,4,0.29654524341281885,0.17336559057207612
7,4,0.29654524341281885,0.17336559057207612
7,4,0.2507005044469297,0.17336559057207612
7,4,0.2507005044469297,0.14227806333213522
7,4,0.38823472134459713,0.2666281722918997
7,4,0.342389982378708,0.2666281722918997
7,4,0.342389982378708,0.23554064505195882
7,4,0.342389982378708,0.2666281722918997
7,4,0.29654524341281885,0.23554064505195882
7,4,0.342389982378708,0.23554064505195882
7,4,0.342389982378708,0.23554064505195882
7,4,0.29654524341281885,0.23554064505195882
7,4,0.29654524341281885,0.20445311781201703
7,4,0.29654524341281885,0.23554064505195882
7,4,0.2507005044469297,0.20445311781201703
7,4,0.29654524341281885,0.20445311781201703
7,4,0.29654524341281885,0.20445311781201703
7,4,0.2507005044469297,0.20445311781201703
7,4,0.2507005044469297,0.17336559057207612
7,4,0.342389982378708,0.2666281722918997
7,4,0.29654524341281885,0.2666281722918997
7,4,0.29654524341281885,0.23554064505195882
7,4,0.29654524341281885,0.2666281722918997
7,4,0.2507005044469297,0.23554064505195882
7,4,0.29654524341281885,0.23554064505195882
7,4,0.29654524341281885,0.23554064505195882
7,4,0.2507005044469297,0.23554064505195882
7,4,0.2507005044469297,0.20445311781201703
7,4,0.29654524341281885,0.2666281722918997
7,4,0.2507005044469297,0.2666281722918997
7,4,0.2507005044469297,0.23554064505195882
7,4,0.4799241992763754,0.2666281722918997
7,4,0.4799241992763754,0.29773068147267967
7,4,0.4340794603104863,0.29773068147267967
7,4,0.4799241992763754,0.29773068147267967
7,4,0.4340794603104863,0.32883319065345873
7,4,0.4340794603104863,0.29773068147267967
7,4,0.4340794603104863,0.29773068147267967
7,4,0.4340794603104863,0.32883319065345873
7,4,0.38823472134459713,0.32883319065345873
7,4,0.4340794603104863,0.32883319065345873
7,4,0.38823472134459713,0.3599356998342387
7,4,0.38823472134459713,0.32883319065345873
7,4,0.38823472134459713,0.32883319065345873
7,4,0.38823472134459713,0.3599356998342387
7,4,0.342389982378708,0.3599356998342387
7,4,0.38823472134459713,0.3599356998342387
7,4,0.342389982378708,0.3910382090150186
7,4,0.342389982378708,0.3599356998342387
7,4,0.342389982378708,0.3599356998342387
7,4,0.342389982378708,0.3910382090150186
7,4,0.29654524341281885,0.3910382090150186
7,4,0.342389982378708,0.3910382090150186
7,4,0.29654524341281885,0.42214071819579857
7,4,0.29654524341281885,0.3910382090150186
7,4,0.29654524341281885,0.3910382090150186
7,4,0.29654524341281885,0.42214071819579857
7,4,0.2507005044469297,0.42214071819579857
7,4,0.4799241992763754,0.29773068147267967
7,4,0.4799241992763754,0.32883319065345873
7,4,0.4340794603104863,0.32883319065345873
7,4,0.4799241992763754,0.32883319065345873
7,4,0.4340794603104863,0.3599356998342387
7,4,0.4340794603104863,0.32883319065345873
7,4,0.4340794603104863,0.32883319065345873
7,4,0.4340794603104863,0.3599356998342387
7,4,0.38823472134459713,0.3599356998342387
7,4,0.4340794603104863,0.3599356998342387
7,4,0.38823472134459713,0.3910382090150186
7,4,0.38823472134459713,0.3599356998342387
7,4,0.38823472134459713,0.3599356998342387
7,4,0.38823472134459713,0.3910382090150186
7,4,0.342389982378708,0.3910382090150186
7,4,0.38823472134459713,0.3910382090150186
7,4,0.342389982378708,0.42214071819579857
7,4,0.342389982378708,0.3910382090150186
7,4,0.342389982378708,0.3910382090150186
7,4,0.342389982378708,0.42214071819579857
7,4,0.29654524341281885,0.42214071819579857
7,4,0.4799241992763754,0.32883319065345873
7,4,0.4799241992763754,0.3599356998342387
7,4,0.4340794603104863,0.3599356998342387
7,4,0.4799241992763754,0.3599356998342387
7,4,0.4340794603104863,0.3910382090150186
7,4,0.4340794603104863,0.3599356998342387
7,4,0.4340794603104863,0.3599356998342387
7,4,0.4340794603104863,0.3910382090150186
7,4,0.38823472134459713,0.3910382090150186
7,4,0.4340794603104863,0.3910382090150186
7,4,0.38823472134459713,0.42214071819579857
7,4,0.38823472134459713,0.3910382090150186
7,4,0.38823472134459713,0.3910382090150186
7,4,0.38823472134459713,0.42214071819579857
7,4,0.342389982378708,0.42214071819579857
7,4,0.4799241992763754,0.3599356998342387
7,4,0.4799241992763754,0.3910382090150186
7,4,0.4340794603104863,0.3910382090150186
7,4,0.4799241992763754,0.3910382090150186
7,4,0.4340794603104863,0.42214071819579857
7,4,0.4340794603104863,0.3910382090150186
7,4,0.4340794603104863,0.3910382090150186
7,4,0.4340794603104863,0.42214071819579857
7,4,0.38823472134459713,0.42214071819579857
7,4,0.4799241992763754,0.3910382090150186
7,4,0.4799241992763754,0.42214071819579857
7,4,0.4340794603104863,0.42214071819579857
7,4,0.2507005044469297,0.42214071819579857
7,4,0.2507005044469297,0.3910382090150186
7,4,0.29654524341281885,0.3910382090150186
7,4,0.2507005044469297,0.3910382090150186
7,4,0.29654524341281885,0.3599356998342387
7,4,0.29654524341281885,0.3910382090150186
7,4,0.29654524341281885,0.3910382090150186
7,4,0.29654524341281885,0.3599356998342387
7,4,0.342389982378708,0.3599356998342387
7,4,0.29654524341281885,0.3599356998342387
7,4,0.342389982378708,0.32883319065345873
7,4,0.342389982378708,0.3599356998342387
7,4,0.342389982378708,0.3599356998342387
7,4,0.342389982378708,0.32883319065345873
7,4,0.38823472134459713,0.32883319065345873
7,4,0.342389982378708,0.32883319065345873
7,4,0.38823472134459713,0.29773068147267967
7,4,0.38823472134459713,0.32883319065345873
7,4,0.38823472134459713,0.32883319065345873
7,4,0.38823472134459713,0.29773068147267967
7,4,0.4340794603104863,0.29773068147267967
7,4,0.38823472134459713,0.29773068147267967
7,4,0.4340794603104863,0.2666281722918997
7,4,0.4340794603104863,0.29773068147267967
7,4,0.4340794603104863,0.29773068147267967
7,4,0.4340794603104863,0.2666281722918997
7,4,0.4799241992763754,0.2666281722918997
7,4,0.2507005044469297,0.3910382090150186
7,4,0.2507005044469297,0.3599356998342387
7,4,0.29654524341281885,0.3599356998342387
7,4,0.2507005044469297,0.3599356998342387
7,4,0.29654524341281885,0.32883319065345873
7,4,0.29654524341281885,0.3599356998342387
7,4,0.29654524341281885,0.3599356998342387
7,4,0.29654524341281885,0.32883319065345873
7,4,0.342389982378708,0.32883319065345873
7,4,0.29654524341281885,0.32883319065345873
7,4,0.342389982378708,0.29773068147267967
7,4,0.342389982378708,0.32883319065345873
7,4,0.342389982378708,0.32883319065345873
7,4,0.342389982378708,0.29773068147267967
7,4,0.38823472134459713,0.29773068147267967
7,4,0.342389982378708,0.29773068147267967
7,4,0.38823472134459713,0.2666281722918997
7,4,0.38823472134459713,0.29773068147267967
7,4,0.38823472134459713,0.29773068147267967
7,4,0.38823472134459713,0.2666281722918997
7,4,0.4340794603104863,0.2666281722918997
7,4,0.2507005044469297,0.3599356998342387
7,4,0.2507005044469297,0.32883319065345873
7,4,0.29654524341281885,0.32883319065345873
7,4,0.2507005044469297,0.32883319065345873
7,4,0.29654524341281885,0.29773068147267967
7,4,0.29654524341281885,0.32883319065345873
7,4,0.29654524341281885,0.32883319065345873
7,4,0.29654524341281885,0.29773068147267967
7,4,0.342389982378708,0.29773068147267967
7,4,0.29654524341281885,0.29773068147267967
7,4,0.342389982378708,0.2666281722918997
7,4,0.342389982378708,0.29773068147267967
7,4,0.342389982378708,0.29773068147267967
7,4,0.342389982378708,0.2666281722918997
7,4,0.38823472134459713,0.2666281722918997
7,4,0.2507005044469297,0.32883319065345873
7,4,0.2507005044469297,0.29773068147267967
7,4,0.29654524341281885,0.29773068147267967
7,4,0.2507005044469297,0.29773068147267967
7,4,0.29654524341281885,0.2666281722918997
7,4,0.29654524341281885,0.29773068147267967
7,4,0.29654524341281885,0.29773068147267967
7,4,0.29654524341281885,0.2666281722918997
7,4,0.342389982378708,0.2666281722918997
7,4,0.2507005044469297,0.29773068147267967
7,4,0.2507005044469297,0.2666281722918997
7,4,0.29654524341281885,0.2666281722918997
7,4,0.7094475329225922,0.11119053609219343
7,4,0.7094475329225922,0.14227806333213522
7,4,0.6635428661933487,0.14227806333213522
7,4,0.7094475329225922,0.14227806333213522
7,4,0.6635428661933487,0.17336559057207612
7,4,0.6635428661933487,0.14227806333213522
7,4,0.6635428661933487,0.14227806333213522
7,4,0.6635428661933487,0.17336559057207612
7,4,0.6176381994641051,0.17336559057207612
7,4,0.6635428661933487,0.17336559057207612
7,4,0.6176381994641051,0.20445311781201703
7,4,0.6176381994641051,0.17336559057207612
7,4,0.6176381994641051,0.17336559057207612
7,4,0.6176381994641051,0.20445311781201703
7,4,0.5717335327348616,0.20445311781201703
7,4,0.6176381994641051,0.20445311781201703
7,4,0.5717335327348616,0.23554064505195882
7,4,0.5717335327348616,0.20445311781201703
7,4,0.5717335327348616,0.20445311781201703
7,4,0.5717335327348616,0.23554064505195882
7,4,0.525828866005619,0.23554064505195882
7,4,0.5717335327348616,0.23554064505195882
7,4,0.525828866005619,0.2666281722918997
7,4,0.525828866005619,0.23554064505195882
7,4,0.525828866005619,0.23554064505195882
7,4,0.525828866005619,0.2666281722918997
7,4,0.4799241992763754,0.2666281722918997
7,4,0.7094475329225922,0.14227806333213522
7,4,0.7094475329225922,0.17336559057207612
7,4,0.6635428661933487,0.17336559057207612
7,4,0.7094475329225922,0.17336559057207612
7,4,0.6635428661933487,0.20445311781201703
7,4,0.6635428661933487,0.17336559057207612
7,4,0.6635428661933487,0.17336559057207612
7,4,0.6635428661933487,0.20445311781201703
7,4,0.6176381994641051,0.20445311781201703
7,4,0.6635428661933487,0.20445311781201703
7,4,0.6176381994641051,0.23554064505195882
7,4,0.6176381994641051,0.20445311781201703
7,4,0.6176381994641051,0.20445311781201703
7,4,0.6176381994641051,0.23554064505195882
7,4,0.5717335327348616,0.23554064505195882
7,4,0.6176381994641051,0.23554064505195882
7,4,0.5717335327348616,0.2666281722918997
7,4,0.5717335327348616,0.23554064505195882
7,4,0.5717335327348616,0.23554064505195882
7,4,0.5717335327348616,0.2666281722918997
7,4,0.525828866005619,0.2666281722918997
7,4,0.7094475329225922,0.17336559057207612
7,4,0.7094475329225922,0.20445311781201703
7,4,0.6635428661933487,0.20445311781201703
7,4,0.7094475329225922,0.20445311781201703
7,4,0.6635428661933487,0.23554064505195882
7,4,0.6635428661933487,0.20445311781201703
7,4,0.6635428661933487,0.20445311781201703
7,4,0.6635428661933487,0.23554064505195882
7,4,0.6176381994641051,0.23554064505195882
7,4,0.6635428661933487,0.23554064505195882
7,4,0.6176381994641051,0.2666281722918997
7,4,0.6176381994641051,0.23554064505195882
7,4,0.6176381994641051,0.23554064505195882
7,4,0.6176381994641051,0.2666281722918997
7,4,0.5717335327348616,0.2666281722918997
7,4,0.7094475329225922,0.20445311781201703
7,4,0.7094475329225922,0.23554064505195882
7,4,0.6635428661933487,0.23554064505195882
7,4,0.7094475329225922,0.23554064505195882
7,4,0.6635428661933487,0.2666281722918997
7,4,0.6635428661933487,0.23554064505195882
7,4,0.6635428661933487,0.23554064505195882
7,4,0.6635428661933487,0.2666281722918997
7,4,0.6176381994641051,0.2666281722918997
7,4,0.7094475329225922,0.23554064505195882
7,4,0.7094475329225922,0.2666281722918997
7,4,0.6635428661933487,0.2666281722918997
7,4,0.4799241992763754,0.2666281722918997
7,4,0.4799241992763754,0.23554064505195882
7,4,0.525828866005619,0.23554064505195882
7,4,0.4799241992763754,0.23554064505195882
7,4,0.525828866005619,0.20445311781201703
7,4,0.525828866005619,0.23554064505195882
7,4,0.525828866005619,0.23554064505195882
7,4,0.525828866005619,0.20445311781201703
7,4,0.5717335327348616,0.20445311781201703
7,4,0.525828866005619,0.20445311781201703
7,4,0.5717335327348616,0.17336559057207612
7,4,0.5717335327348616,0.20445311781201703
7,4,0.5717335327348616,0.20445311781201703
7,4,0.5717335327348616,0.17336559057207612
7,4,0.6176381994641051,0.17336559057207612
7,4,0.5717335327348616,0.17336559057207612
7,4,0.6176381994641051,0.14227806333213522
7,4,0.6176381994641051,0.17336559057207612
7,4,0.6176381994641051,0.17336559057207612
7,4,0.6176381994641051,0.14227806333213522
7,4,0.6635428661933487,0.14227806333213522
7,4,0.6176381994641051,0.14227806333213522
7,4,0.6635428661933487,0.11119053609219343
7,4,0.6635428661933487,0.14227806333213522
7,4,0.6635428661933487,0.14227806333213522
7,4,0.6635428661933487,0.11119053609219343
7,4,0.7094475329225922,0.11119053609219343
7,4,0.4799241992763754,0.23554064505195882
7,4,0.4799241992763754,0.20445311781201703
7,4,0.525828866005619,0.20445311781201703
7,4,0.4799241992763754,0.20445311781201703
7,4,0.525828866005619,0.17336559057207612
7,4,0.525828866005619,0.20445311781201703
7,4,0.525828866005619,0.20445311781201703
7,4,0.525828866005619,0.17336559057207612
7,4,0.5717335327348616,0.17336559057207612
7,4,0.525828866005619,0.17336559057207612
7,4,0.5717335327348616,0.14227806333213522
7,4,0.5717335327348616,0.17336559057207612
7,4,0.5717335327348616,0.17336559057207612
7,4,0.5717335327348616,0.14227806333213522
7,4,0.6176381994641051,0.14227806333213522
7,4,0.5717335327348616,0.14227806333213522
7,4,0.6176381994641051,0.11119053609219343
7,4,0.6176381994641051,0.14227806333213522
7,4,0.6176381994641051,0.14227806333213522
7,4,0.6176381994641051,0.11119053609219343
7,4,0.6635428661933487,0.11119053609219343
7,4,0.4799241992763754,0.20445311781201703
7,4,0.4799241992763754,0.17336559057207612
7,4,0.525828866005619,0.17336559057207612
7,4,0.4799241992763754,0.17336559057207612
7,4,0.525828866005619,0.14227806333213522
7,4,0.525828866005619,0.17336559057207612
7,4,0.525828866005619,0.17336559057207612
7,4,0.525828866005619,0.14227806333213522
7,4,0.5717335327348616,0.14227806333213522
7,4,0.525828866005619,0.14227806333213522
7,4,0.5717335327348616,0.11119053609219343
7,4,0.5717335327348616,0.14227806333213522
7,4,0.5717335327348616,0.14227806333213522
7,4,0.5717335327348616,0.11119053609219343
7,4,0.6176381994641051,0.11119053609219343
7,4,0.4799241992763754,0.17336559057207612
7,4,0.4799241992763754,0.14227806333213522
7,4,0.525828866005619,0.14227806333213522
7,4,0.4799241992763754,0.14227806333213522
7,4,0.525828866005619,0.11119053609219343
7,4,0.525828866005619,0.14227806333213522
7,4,0.525828866005619,0.14227806333213522
7,4,0.525828866005619,0.11119053609219343
7,4,0.5717335327348616,0.11119053609219343
7,4,0.4799241992763754,0.14227806333213522
7,4,0.4799241992763754,0.11119053609219343
7,4,0.525828866005619,0.11119053609219343
7,4,0.4799241992763754,0.2666281722918997
7,4,0.525828866005619,0.2666281722918997
7,4,0.525828866005619,0.29773068147267967
7,4,0.525828866005619,0.2666281722918997
7,4,0.5717335327348616,0.29773068147267967
7,4,0.525828866005619,0.29773068147267967
7,4,0.525828866005619,0.29773068147267967
7,4,0.5717335327348616,0.29773068147267967
7,4,0.5717335327348616,0.32883319065345873
7,4,0.5717335327348616,0.29773068147267967
7,4,0.6176381994641051,0.32883319065345873
7,4,0.5717335327348616,0.32883319065345873
7,4,0.5717335327348616,0.32883319065345873
7,4,0.6176381994641051,0.32883319065345873
7,4,0.6176381994641051,0.3599356998342387
7,4,0.6176381994641051,0.32883319065345873
7,4,0.6635428661933487,0.3599356998342387
7,4,0.6176381994641051,0.3599356998342387
7,4,0.6176381994641051,0.3599356998342387
7,4,0.6635428661933487,0.3599356998342387
7,4,0.6635428661933487,0.3910382090150186
7,4,0.6635428661933487,0.3599356998342387
7,4,0.7094475329225922,0.3910382090150186
7,4,0.6635428661933487,0.3910382090150186
7,4,0.6635428661933487,0.3910382090150186
7,4,0.7094475329225922,0.3910382090150186
7,4,0.7094475329225922,0.42214071819579857
7,4,0.525828866005619,0.2666281722918997
7,4,0.5717335327348616,0.2666281722918997
7,4,0.5717335327348616,0.29773068147267967
7,4,0.5717335327348616,0.2666281722918997
7,4,0.6176381994641051,0.29773068147267967
7,4,0.5717335327348616,0.29773068147267967
7,4,0.5717335327348616,0.29773068147267967
7,4,0.6176381994641051,0.29773068147267967
7,4,0.6176381994641051,0.32883319065345873
7,4,0.6176381994641051,0.29773068147267967
7,4,0.6635428661933487,0.32883319065345873
7,4,0.6176381994641051,0.32883319065345873
7,4,0.6176381994641051,0.32883319065345873
7,4,0.6635428661933487,0.32883319065345873
7,4,0.6635428661933487,0.3599356998342387
7,4,0.6635428661933487,0.32883319065345873
7,4,0.7094475329225922,0.3599356998342387
7,4,0.6635428661933487,0.3599356998342387
7,4,0.6635428661933487,0.3599356998342387
7,4,0.7094475329225922,0.3599356998342387
7,4,0.7094475329225922,0.3910382090150186
7,4,0.5717335327348616,0.2666281722918997
7,4,0.6176381994641051,0.2666281722918997
7,4,0.6176381994641051,0.29773068147267967
7,4,0.6176381994641051,0.2666281722918997
7,4,0.6635428661933487,0.29773068147267967
7,4,0.6176381994641051,0.29773068147267967
7,4,0.6176381994641051,0.29773068147267967
7,4,0.6635428661933487,0.29773068147267967
7,4,0.6635428661933487,0.32883319065345873
7,4,0.6635428661933487,0.29773068147267967
7,4,0.7094475329225922,0.32883319065345873
7,4,0.6635428661933487,0.32883319065345873
7,4,0.6635428661933487,0.32883319065345873
7,4,0.7094475329225922,0.32883319065345873
7,4,0.7094475329225922,0.3599356998342387
7,4,0.6176381994641051,0.2666281722918997
7,4,0.6635428661933487,0.2666281722918997
7,4,0.6635428661933487,0.29773068147267967
7,4,0.6635428661933487,0.2666281722918997
7,4,0.7094475329225922,0.29773068147267967
7,4,0.6635428661933487,0.29773068147267967
7,4,0.6635428661933487,0.29773068147267967
7,4,0.7094475329225922,0.29773068147267967
7,4,0.7094475329225922,0.32883319065345873
7,4,0.6635428661933487,0.2666281722918997
7,4,0.7094475329225922,0.2666281722918997
7,4,0.7094475329225922,0.29773068147267967
7,4,0.7094475329225922,0.42214071819579857
7,4,0.6635428661933487,0.42214071819579857
7,4,0.6635428661933487,0.3910382090150186
7,4,0.6635428661933487,0.42214071819579857
7,4,0.6176381994641051,0.3910382090150186
7,4,0.6635428661933487,0.3910382090150186
7,4,0.6635428661933487,0.3910382090150186
7,4,0.6176381994641051,0.3910382090150186
7,4,0.6176381994641051,0.3599356998342387
7,4,0.6176381994641051,0.3910382090150186
7,4,0.5717335327348616,0.3599356998342387
7,4,0.6176381994641051,0.3599356998342387
7,4,0.6176381994641051,0.3599356998342387
7,4,0.5717335327348616,0.3599356998342387
7,4,0.5717335327348616,0.32883319065345873
7,4,0.5717335327348616,0.3599356998342387
7,4,0.525828866005619,0.32883319065345873
7,4,0.5717335327348616,0.32883319065345873
7,4,0.5717335327348616,0.32883319065345873
7,4,0.525828866005619,0.32883319065345873
7,4,0.525828866005619,0.29773068147267967
7,4,0.525828866005619,0.32883319065345873
7,4,0.4799241992763754,0.29773068147267967
7,4,0.525828866005619,0.29773068147267967
7,4,0.525828866005619,0.29773068147267967
7,4,0.4799241992763754,0.29773068147267967
7,4,0.4799241992763754,0.2666281722918997
7,4,0.6635428661933487,0.42214071819579857
7,4,0.6176381994641051,0.42214071819579857
7,4,0.6176381994641051,0.3910382090150186
7,4,0.6176381994641051,0.42214071819579857
7,4,0.5717335327348616,0.3910382090150186
7,4,0.6176381994641051,0.3910382090150186
7,4,0.6176381994641051,0.3910382090150186
7,4,0.5717335327348616,0.3910382090150186
7,4,0.5717335327348616,0.3599356998342387
7,4,0.5717335327348616,0.3910382090150186
7,4,0.525828866005619,0.3599356998342387
7,4,0.5717335327348616,0.3599356998342387
7,4,0.5717335327348616,0.3599356998342387
7,4,0.525828866005619,0.3599356998342387
7,4,0.525828866005619,0.32883319065345873
7,4,0.525828866005619,0.3599356998342387
7,4,0.4799241992763754,0.32883319065345873
7,4,0.525828866005619,0.32883319065345873
7,4,0.525828866005619,0.32883319065345873
7,4,0.4799241992763754,0.32883319065345873
7,4,0.4799241992763754,0.29773068147267967
7,4,0.6176381994641051,0.42214071819579857
7,4,0.5717335327348616,0.42214071819579857
7,4,0.5717335327348616,0.3910382090150186
7,4,0.5717335327348616,0.42214071819579857
7,4,0.525828866005619,0.3910382090150186
7,4,0.5717335327348616,0.3910382090150186
7,4,0.5717335327348616,0.3910382090150186
7,4,0.525828866005619,0.3910382090150186
7,4,0.525828866005619,0.3599356998342387
7,4,0.525828866005619,0.3910382090150186
7,4,0.4799241992763754,0.3599356998342387
7,4,0.525828866005619,0.3599356998342387
7,4,0.525828866005619,0.3599356998342387
7,4,0.4799241992763754,0.3599356998342387
7,4,0.4799241992763754,0.32883319065345873
7,4,0.5717335327348616,0.42214071819579857
7,4,0.525828866005619,0.42214071819579857
7,4,0.525828866005619,0.3910382090150186
7,4,0.525828866005619,0.42214071819579857
7,4,0.4799241992763754,0.3910382090150186
7,4,0.525828866005619,0.3910382090150186
7,4,0.525828866005619,0.3910382090150186
7,4,0.4799241992763754,0.3910382090150186
7,4,0.4799241992763754,0.3599356998342387
7,4,0.525828866005619,0.42214071819579857
7,4,0.4799241992763754,0.42214071819579857
7,4,0.4799241992763754,0.3910382090150186
7,4,0.15000000000000036,0.29000000000000004
7,4,0.03468749071698163,0.16475176422641535
7,4,0.03468749071698163,0.4152482357735847
7,4,0.2653125092830191,0.16475176422641535
7,4,0.2653125092830191,0.4152482357735847
7,4,0.04185281920545503,0.5015190315280318
7,4,0.04185281920545503,0.4581197083260653
7,4,0.07078570134009965,0.4581197083260653
7,4,0.04185281920545503,0.4581197083260653
7,4,0.07078570134009965,0.4147203851240988
7,4,0.07078570134009965,0.4581197083260653
7,4,0.07078570134009965,0.4581197083260653
7,4,0.07078570134009965,0.4147203851240988
7,4,0.09971858347474427,0.4147203851240988
7,4,0.07078570134009965,0.4147203851240988
7,4,0.09971858347474427,0.37132106192213143
7,4,0.09971858347474427,0.4147203851240988
7,4,0.09971858347474427,0.4147203851240988
7,4,0.09971858347474427,0.37132106192213143
7,4,0.1286514656093889,0.3713210619221323
7,4,0.09971858347474427,0.37132106192213143
7,4,0.1286514656093889,0.32792173872016495
7,4,0.1286514656093889,0.3713210619221323
7,4,0.1286514656093889,0.3713210619221323
7,4,0.1286514656093889,0.32792173872016495
7,4,0.15758434774403351,0.32792173872016495
7,4,0.1286514656093889,0.32792173872016495
7,4,0.15758434774403351,0.28452241551819846
7,4,0.15758434774403351,0.32792173872016495
7,4,0.15758434774403351,0.32792173872016495
7,4,0.15758434774403351,0.28452241551819846
7,4,0.18651722987867814,0.28452241551819846
7,4,0.04185281920545503,0.4581197083260653
7,4,0.04185281920545503,0.4147203851240988
7,4,0.07078570134009965,0.4147203851240988
7,4,0.04185281920545503,0.4147203851240988
7,4,0.07078570134009965,0.37132106192213143
7,4,0.07078570134009965,0.4147203851240988
7,4,0.07078570134009965,0.4147203851240988
7,4,0.07078570134009965,0.37132106192213143
7,4,0.09971858347474427,0.37132106192213143
7,4,0.07078570134009965,0.37132106192213143
7,4,0.09971858347474427,0.32792173872016495
7,4,0.09971858347474427,0.37132106192213143
7,4,0.09971858347474427,0.37132106192213143
7,4,0.09971858347474427,0.32792173872016495
7,4,0.1286514656093889,0.32792173872016495
7,4,0.09971858347474427,0.32792173872016495
7,4,0.1286514656093889,0.28452241551819846
7,4,0.1286514656093889,0.32792173872016495
7,4,0.1286514656093889,0.32792173872016495
7,4,0.1286514656093889,0.28452241551819846
7,4,0.15758434774403351,0.28452241551819846
7,4,0.04185281920545503,0.4147203851240988
7,4,0.04185281920545503,0.3713210619221323
7,4,0.07078570134009965,0.37132106192213143
7,4,0.04185281920545503,0.3713210619221323
7,4,0.07078570134009965,0.32792173872016495
7,4,0.07078570134009965,0.37132106192213143
7,4,0.07078570134009965,0.37132106192213143
7,4,0.07078570134009965,0.32792173872016495
7,4,0.09971858347474427,0.32792173872016495
7,4,0.07078570134009965,0.32792173872016495
7,4,0.09971858347474427,0.28452241551819846
7,4,0.09971858347474427,0.32792173872016495
7,4,0.09971858347474427,0.32792173872016495
7,4,0.09971858347474427,0.28452241551819846
7,4,0.1286514656093889,0.28452241551819846
7,4,0.04185281920545503,0.3713210619221323
7,4,0.04185281920545503,0.32792173872016495
7,4,0.07078570134009965,0.32792173872016495
7,4,0.04185281920545503,0.32792173872016495
7,4,0.07078570134009965,0.28452241551819846
7,4,0.07078570134009965,0.32792173872016495
7,4,0.07078570134009965,0.32792173872016495
7,4,0.07078570134009965,0.28452241551819846
7,4,0.09971858347474427,0.28452241551819846
7,4,0.04185281920545503,0.32792173872016495
7,4,0.04185281920545503,0.28452241551819846
7,4,0.07078570134009965,0.28452241551819846
7,4,0.18651722987867814,0.28452241551819846
7,4,0.18651722987867814,0.32792173872016495
7,4,0.15758434774403351,0.32792173872016495
7,4,0.18651722987867814,0.32792173872016495
7,4,0.15758434774403351,0.37132106192213143
7,4,0.15758434774403351,0.32792173872016495
7,4,0.15758434774403351,0.32792173872016495
7,4,0.15758434774403351,0.37132106192213143
7,4,0.1286514656093889,0.3713210619221323
7,4,0.15758434774403351,0.37132106192213143
7,4,0.1286514656093889,0.4147203851240988
7,4,0.1286514656093889,0.3713210619221323
7,4,0.1286514656093889,0.3713210619221323
7,4,0.1286514656093889,0.4147203851240988
7,4,0.09971858347474427,0.4147203851240988
7,4,0.1286514656093889,0.4147203851240988
7,4,0.09971858347474427,0.4581197083260653
7,4,0.09971858347474427,0.4147203851240988
7,4,0.09971858347474427,0.4147203851240988
7,4,0.09971858347474427,0.4581197083260653
7,4,0.07078570134009965,0.4581197083260653
7,4,0.09971858347474427,0.4581197083260653
7,4,0.07078570134009965,0.5015190315280318
7,4,0.07078570134009965,0.4581197083260653
7,4,0.07078570134009965,0.4581197083260653
7,4,0.07078570134009965,0.5015190315280318
7,4,0.04185281920545503,0.5015190315280318
7,4,0.18651722987867814,0.32792173872016495
7,4,0.18651722987867814,0.3713210619221323
7,4,0.15758434774403351,0.37132106192213143
7,4,0.18651722987867814,0.3713210619221323
7,4,0.15758434774403351,0.4147203851240988
7,4,0.15758434774403351,0.37132106192213143
7,4,0.15758434774403351,0.37132106192213143
7,4,0.15758434774403351,0.4147203851240988
7,4,0.1286514656093889,0.4147203851240988
7,4,0.15758434774403351,0.4147203851240988
7,4,0.1286514656093889,0.4581197083260653
7,4,0.1286514656093889,0.4147203851240988
7,4,0.1286514656093889,0.4147203851240988
7,4,0.1286514656093889,0.4581197083260653
7,4,0.09971858347474427,0.4581197083260653
7,4,0.1286514656093889,0.4581197083260653
7,4,0.09971858347474427,0.5015190315280318
7,4,0.09971858347474427,0.4581197083260653
7,4,0.09971858347474427,0.4581197083260653
7,4,0.09971858347474427,0.5015190315280318
7,4,0.07078570134009965,0.5015190315280318
7,4,0.18651722987867814,0.3713210619221323
7,4,0.18651722987867814,0.4147203851240988
7,4,0.15758434774403351,0.4147203851240988
7,4,0.18651722987867814,0.4147203851240988
7,4,0.15758434774403351,0.4581197083260653
7,4,0.15758434774403351,0.4147203851240988
7,4,0.15758434774403351,0.4147203851240988
7,4,0.15758434774403351,0.4581197083260653
7,4,0.1286514656093889,0.4581197083260653
7,4,0.15758434774403351,0.4581197083260653
7,4,0.1286514656093889,0.5015190315280318
7,4,0.1286514656093889,0.4581197083260653
7,4,0.1286514656093889,0.4581197083260653
7,4,0.1286514656093889,0.5015190315280318
7,4,0.09971858347474427,0.5015190315280318
7,4,0.18651722987867814,0.4147203851240988
7,4,0.18651722987867814,0.4581197083260653
7,4,0.15758434774403351,0.4581197083260653
7,4,0.18651722987867814,0.4581197083260653
7,4,0.15758434774403351,0.5015190315280318
7,4,0.15758434774403351,0.4581197083260653
7,4,0.15758434774403351,0.4581197083260653
7,4,0.15758434774403351,0.5015190315280318
7,4,0.1286514656093889,0.5015190315280318
7,4,0.18651722987867814,0.4581197083260653
7,4,0.18651722987867814,0.5015190315280318
7,4,0.15758434774403351,0.5015190315280318
7,4,0.18651722987867814,0.28452241551819846
7,4,0.21545011201332276,0.28452241551819846
7,4,0.21545011201332276,0.32792173872016495
7,4,0.21545011201332276,0.28452241551819846
7,4,0.2443829941479665,0.32792173872016495
7,4,0.21545011201332276,0.32792173872016495
7,4,0.21545011201332276,0.32792173872016495
7,4,0.2443829941479665,0.32792173872016495
7,4,0.2443829941479665,0.3713210619221323
7,4,0.2443829941479665,0.32792173872016495
7,4,0.2733158762826111,0.3713210619221323
7,4,0.2443829941479665,0.3713210619221323
7,4,0.2443829941479665,0.3713210619221323
7,4,0.2733158762826111,0.3713210619221323
7,4,0.2733158762826111,0.4147203851240988
7,4,0.2733158762826111,0.3713210619221323
7,4,0.30224875841725574,0.4147203851240988
7,4,0.2733158762826111,0.4147203851240988
7,4,0.2733158762826111,0.4147203851240988
7,4,0.30224875841725574,0.4147203851240988
7,4,0.30224875841725574,0.4581197083260653
7,4,0.30224875841725574,0.4147203851240988
7,4,0.33118164055190036,0.4581197083260653
7,4,0.30224875841725574,0.4581197083260653
7,4,0.30224875841725574,0.4581197083260653
7,4,0.33118164055190036,0.4581197083260653
7,4,0.33118164055190036,0.5015190315280318
7,4,0.21545011201332276,0.28452241551819846
7,4,0.2443829941479665,0.28452241551819846
7,4,0.2443829941479665,0.32792173872016495
7,4,0.2443829941479665,0.28452241551819846
7,4,0.2733158762826111,0.32792173872016495
7,4,0.2443829941479665,0.32792173872016495
7,4,0.2443829941479665,0.32792173872016495
7,4,0.2733158762826111,0.32792173872016495
7,4,0.2733158762826111,0.3713210619221323
7,4,0.2733158762826111,0.32792173872016495
7,4,0.30224875841725574,0.3713210619221323
7,4,0.2733158762826111,0.3713210619221323
7,4,0.2733158762826111,0.3713210619221323
7,4,0.30224875841725574,0.3713210619221323
7,4,0.30224875841725574,0.4147203851240988
7,4,0.30224875841725574,0.3713210619221323
7,4,0.33118164055190036,0.4147203851240988
7,4,0.30224875841725574,0.4147203851240988
7,4,0.30224875841725574,0.4147203851240988
7,4,0.33118164055190036,0.4147203851240988
7,4,0.33118164055190036,0.4581197083260653
7,4,0.2443829941479665,0.28452241551819846
7,4,0.2733158762826111,0.28452241551819846
7,4,0.2733158762826111,0.32792173872016495
7,4,0.2733158762826111,0.28452241551819846
7,4,0.30224875841725574,0.32792173872016495
7,4,0.2733158762826111,0.32792173872016495
7,4,0.2733158762826111,0.32792173872016495
7,4,0.30224875841725574,0.32792173872016495
7,4,0.30224875841725574,0.3713210619221323
7,4,0.30224875841725574,0.32792173872016495
7,4,0.33118164055190036,0.3713210619221323
7,4,0.30224875841725574,0.3713210619221323
7,4,0.30224875841725574,0.3713210619221323
7,4,0.33118164055190036,0.3713210619221323
7,4,0.33118164055190036,0.4147203851240988
7,4,0.2733158762826111,0.28452241551819846
7,4,0.30224875841725574,0.28452241551819846
7,4,0.30224875841725574,0.32792173872016495
7,4,0.30224875841725574,0.28452241551819846
7,4,0.33118164055190036,0.32792173872016495
7,4,0.30224875841725574,0.32792173872016495
7,4,0.30224875841725574,0.32792173872016495
7,4,0.33118164055190036,0.32792173872016495
7,4,0.33118164055190036,0.3713210619221323
7,4,0.30224875841725574,0.28452241551819846
7,4,0.33118164055190036,0.28452241551819846
7,4,0.33118164055190036,0.32792173872016495
7,4,0.33118164055190036,0.5015190315280318
7,4,0.30224875841725574,0.5015190315280318
7,4,0.30224875841725574,0.4581197083260653
7,4,0.30224875841725574,0.5015190315280318
7,4,0.2733158762826111,0.4581197083260653
7,4,0.30224875841725574,0.4581197083260653
7,4,0.30224875841725574,0.4581197083260653
7,4,0.2733158762826111,0.4581197083260653
7,4,0.2733158762826111,0.4147203851240988
7,4,0.2733158762826111,0.4581197083260653
7,4,0.2443829941479665,0.4147203851240988
7,4,0.2733158762826111,0.4147203851240988
7,4,0.2733158762826111,0.4147203851240988
7,4,0.2443829941479665,0.4147203851240988
7,4,0.2443829941479665,0.3713210619221323
7,4,0.2443829941479665,0.4147203851240988
7,4,0.21545011201332276,0.3713210619221323
7,4,0.2443829941479665,0.3713210619221323
7,4,0.2443829941479665,0.3713210619221323
7,4,0.21545011201332276,0.3713210619221323
7,4,0.21545011201332276,0.32792173872016495
7,4,0.21545011201332276,0.3713210619221323
7,4,0.18651722987867814,0.32792173872016495
7,4,0.21545011201332276,0.32792173872016495
7,4,0.21545011201332276,0.32792173872016495
7,4,0.18651722987867814,0.32792173872016495
7,4,0.18651722987867814,0.28452241551819846
7,4,0.30224875841725574,0.5015190315280318
7,4,0.2733158762826111,0.5015190315280318
7,4,0.2733158762826111,0.4581197083260653
7,4,0.2733158762826111,0.5015190315280318
7,4,0.2443829941479665,0.4581197083260653
7,4,0.2733158762826111,0.4581197083260653
7,4,0.2733158762826111,0.4581197083260653
7,4,0.2443829941479665,0.4581197083260653
7,4,0.2443829941479665,0.4147203851240988
7,4,0.2443829941479665,0.4581197083260653
7,4,0.21545011201332276,0.4147203851240988
7,4,0.2443829941479665,0.4147203851240988
7,4,0.2443829941479665,0.4147203851240988
7,4,0.21545011201332276,0.4147203851240988
7,4,0.21545011201332276,0.3713210619221323
7,4,0.21545011201332276,0.4147203851240988
7,4,0.18651722987867814,0.3713210619221323
7,4,0.21545011201332276,0.3713210619221323
7,4,0.21545011201332276,0.3713210619221323
7,4,0.18651722987867814,0.3713210619221323
7,4,0.18651722987867814,0.32792173872016495
7,4,0.2733158762826111,0.5015190315280318
7,4,0.2443829941479665,0.5015190315280318
7,4,0.2443829941479665,0.4581197083260653
7,4,0.2443829941479665,0.5015190315280318
7,4,0.21545011201332276,0.4581197083260653
7,4,0.2443829941479665,0.4581197083260653
7,4,0.2443829941479665,0.4581197083260653
7,4,0.21545011201332276,0.4581197083260653
7,4,0.21545011201332276,0.4147203851240988
7,4,0.21545011201332276,0.4581197083260653
7,4,0.18651722987867814,0.4147203851240988
7,4,0.21545011201332276,0.4147203851240988
7,4,0.21545011201332276,0.4147203851240988
7,4,0.18651722987867814,0.4147203851240988
7,4,0.18651722987867814,0.3713210619221323
7,4,0.2443829941479665,0.5015190315280318
7,4,0.21545011201332276,0.5015190315280318
7,4,0.21545011201332276,0.4581197083260653
7,4,0.21545011201332276,0.5015190315280318
7,4,0.18651722987867814,0.4581197083260653
7,4,0.21545011201332276,0.4581197083260653
7,4,0.21545011201332276,0.4581197083260653
7,4,0.18651722987867814,0.4581197083260653
7,4,0.18651722987867814,0.4147203851240988
7,4,0.21545011201332276,0.5015190315280318
7,4,0.18651722987867814,0.5015190315280318
7,4,0.18651722987867814,0.4581197083260653
7,4,0.04185281920545503,0.06745557406629032
7,4,0.07078570134009965,0.06745557406629032
7,4,0.07078570134009965,0.11086894235667177
7,4,0.07078570134009965,0.06745557406629032
7,4,0.09971858347474427,0.11086894235667177
7,4,0.07078570134009965,0.11086894235667177
7,4,0.07078570134009965,0.11086894235667177
7,4,0.09971858347474427,0.11086894235667177
7,4,0.09971858347474427,0.15428231064705322
7,4,0.09971858347474427,0.11086894235667177
7,4,0.1286514656093889,0.15428231064705322
7,4,0.09971858347474427,0.15428231064705322
7,4,0.09971858347474427,0.15428231064705322
7,4,0.1286514656093889,0.15428231064705322
7,4,0.1286514656093889,0.19769567893743556
7,4,0.1286514656093889,0.15428231064705322
7,4,0.15758434774403351,0.19769567893743556
7,4,0.1286514656093889,0.19769567893743556
7,4,0.1286514656093889,0.19769567893743556
7,4,0.15758434774403351,0.19769567893743556
7,4,0.15758434774403351,0.241109047227817
7,4,0.15758434774403351,0.19769567893743556
7,4,0.18651722987867814,0.241109047227817
7,4,0.15758434774403351,0.241109047227817
7,4,0.15758434774403351,0.241109047227817
7,4,0.18651722987867814,0.241109047227817
7,4,0.18651722987867814,0.28452241551819846
7,4,0.07078570134009965,0.06745557406629032
7,4,0.09971858347474427,0.06745557406629032
7,4,0.09971858347474427,0.11086894235667177
7,4,0.09971858347474427,0.06745557406629032
7,4,0.1286514656093889,0.11086894235667177
7,4,0.09971858347474427,0.11086894235667177
7,4,0.09971858347474427,0.11086894235667177
7,4,0.1286514656093889,0.11086894235667177
7,4,0.1286514656093889,0.15428231064705322
7,4,0.1286514656093889,0.11086894235667177
7,4,0.15758434774403351,0.15428231064705322
7,4,0.1286514656093889,0.15428231064705322
7,4,0.1286514656093889,0.15428231064705322
7,4,0.15758434774403351,0.15428231064705322
7,4,0.15758434774403351,0.19769567893743556
7,4,0.15758434774403351,0.15428231064705322
7,4,0.18651722987867814,0.19769567893743556
7,4,0.15758434774403351,0.19769567893743556
7,4,0.15758434774403351,0.19769567893743556
7,4,0.18651722987867814,0.19769567893743556
7,4,0.18651722987867814,0.241109047227817
7,4,0.09971858347474427,0.06745557406629032
7,4,0.1286514656093889,0.06745557406629032
7,4,0.1286514656093889,0.11086894235667177
7,4,0.1286514656093889,0.06745557406629032
7,4,0.15758434774403351,0.11086894235667177
7,4,0.1286514656093889,0.11086894235667177
7,4,0.1286514656093889,0.11086894235667177
7,4,0.15758434774403351,0.11086894235667177
7,4,0.15758434774403351,0.15428231064705322
7,4,0.15758434774403351,0.11086894235667177
7,4,0.18651722987867814,0.15428231064705322
7,4,0.15758434774403351,0.15428231064705322
7,4,0.15758434774403351,0.15428231064705322
7,4,0.18651722987867814,0.15428231064705322
7,4,0.18651722987867814,0.19769567893743556
7,4,0.1286514656093889,0.06745557406629032
7,4,0.15758434774403351,0.06745557406629032
7,4,0.15758434774403351,0.11086894235667177
7,4,0.15758434774403351,0.06745557406629032
7,4,0.18651722987867814,0.11086894235667177
7,4,0.15758434774403351,0.11086894235667177
7,4,0.15758434774403351,0.11086894235667177
7,4,0.18651722987867814,0.11086894235667177
7,4,0.18651722987867814,0.15428231064705322
7,4,0.15758434774403351,0.06745557406629032
7,4,0.18651722987867814,0.06745557406629032
7,4,0.18651722987867814,0.11086894235667177
7,4,0.18651722987867814,0.28452241551819846
7,4,0.15758434774403351,0.28452241551819846
7,4,0.15758434774403351,0.241109047227817
7,4,0.15758434774403351,0.28452241551819846
7,4,0.1286514656093889,0.241109047227817
7,4,0.15758434774403351,0.241109047227817
7,4,0.15758434774403351,0.241109047227817
7,4,0.1286514656093889,0.241109047227817
7,4,0.1286514656093889,0.19769567893743556
7,4,0.1286514656093889,0.241109047227817
7,4,0.09971858347474427,0.19769567893743556
7,4,0.1286514656093889,0.19769567893743556
7,4,0.1286514656093889,0.19769567893743556
7,4,0.09971858347474427,0.19769567893743556
7,4,0.09971858347474427,0.15428231064705322
7,4,0.09971858347474427,0.19769567893743556
7,4,0.07078570134009965,0.15428231064705322
7,4,0.09971858347474427,0.15428231064705322
7,4,0.09971858347474427,0.15428231064705322
7,4,0.07078570134009965,0.15428231064705322
7,4,0.07078570134009965,0.11086894235667177
7,4,0.07078570134009965,0.15428231064705322
7,4,0.04185281920545503,0.11086894235667177
7,4,0.07078570134009965,0.11086894235667177
7,4,0.07078570134009965,0.11086894235667177
7,4,0.04185281920545503,0.11086894235667177
7,4,0.04185281920545503,0.06745557406629032
7,4,0.15758434774403351,0.28452241551819846
7,4,0.1286514656093889,0.28452241551819846
7,4,0.1286514656093889,0.241109047227817
7,4,0.1286514656093889,0.28452241551819846
7,4,0.09971858347474427,0.241109047227817
7,4,0.1286514656093889,0.241109047227817
7,4,0.1286514656093889,0.241109047227817
7,4,0.09971858347474427,0.241109047227817
7,4,0.09971858347474427,0.19769567893743556
7,4,0.09971858347474427,0.241109047227817
7,4,0.07078570134009965,0.19769567893743556
7,4,0.09971858347474427,0.19769567893743556
7,4,0.09971858347474427,0.19769567893743556
7,4,0.07078570134009965,0.19769567893743556
7,4,0.07078570134009965,0.15428231064705322
7,4,0.07078570134009965,0.19769567893743556
7,4,0.04185281920545503,0.15428231064705322
7,4,0.07078570134009965,0.15428231064705322
7,4,0.07078570134009965,0.15428231064705322
7,4,0.04185281920545503,0.15428231064705322
7,4,0.04185281920545503,0.11086894235667177
7,4,0.1286514656093889,0.28452241551819846
7,4,0.09971858347474427,0.28452241551819846
7,4,0.09971858347474427,0.241109047227817
7,4,0.09971858347474427,0.28452241551819846
7,4,0.07078570134009965,0.241109047227817
7,4,0.09971858347474427,0.241109047227817
7,4,0.09971858347474427,0.241109047227817
7,4,0.07078570134009965,0.241109047227817
7,4,0.07078570134009965,0.19769567893743556
7,4,0.07078570134009965,0.241109047227817
7,4,0.04185281920545503,0.19769567893743556
7,4,0.07078570134009965,0.19769567893743556
7,4,0.07078570134009965,0.19769567893743556
7,4,0.04185281920545503,0.19769567893743556
7,4,0.04185281920545503,0.15428231064705322
7,4,0.09971858347474427,0.28452241551819846
7,4,0.07078570134009965,0.28452241551819846
7,4,0.07078570134009965,0.241109047227817
7,4,0.07078570134009965,0.28452241551819846
7,4,0.04185281920545503,0.241109047227817
7,4,0.07078570134009965,0.241109047227817
7,4,0.07078570134009965,0.241109047227817
7,4,0.04185281920545503,0.241109047227817
7,4,0.04185281920545503,0.19769567893743556
7,4,0.07078570134009965,0.28452241551819846
7,4,0.04185281920545503,0.28452241551819846
7,4,0.04185281920545503,0.241109047227817
7,4,0.18651722987867814,0.28452241551819846
7,4,0.18651722987867814,0.241109047227817
7,4,0.21545011201332276,0.241109047227817
7,4,0.18651722987867814,0.241109047227817
7,4,0.21545011201332276,0.19769567893743556
7,4,0.21545011201332276,0.241109047227817
7,4,0.21545011201332276,0.241109047227817
7,4,0.21545011201332276,0.19769567893743556
7,4,0.2443829941479665,0.19769567893743556
7,4,0.21545011201332276,0.19769567893743556
7,4,0.2443829941479665,0.15428231064705322
7,4,0.2443829941479665,0.19769567893743556
7,4,0.2443829941479665,0.19769567893743556
7,4,0.2443829941479665,0.15428231064705322
7,4,0.2733158762826111,0.15428231064705322
7,4,0.2443829941479665,0.15428231064705322
7,4,0.2733158762826111,0.11086894235667177
7,4,0.2733158762826111,0.15428231064705322
7,4,0.2733158762826111,0.15428231064705322
7,4,0.2733158762826111,0.11086894235667177
7,4,0.30224875841725574,0.11086894235667177
7,4,0.2733158762826111,0.11086894235667177
7,4,0.30224875841725574,0.06745557406629032
7,4,0.30224875841725574,0.11086894235667177
7,4,0.30224875841725574,0.11086894235667177
7,4,0.30224875841725574,0.06745557406629032
7,4,0.33118164055190036,0.06745557406629032
7,4,0.18651722987867814,0.241109047227817
7,4,0.18651722987867814,0.19769567893743556
7,4,0.21545011201332276,0.19769567893743556
7,4,0.18651722987867814,0.19769567893743556
7,4,0.21545011201332276,0.15428231064705322
7,4,0.21545011201332276,0.19769567893743556
7,4,0.21545011201332276,0.19769567893743556
7,4,0.21545011201332276,0.15428231064705322
7,4,0.2443829941479665,0.15428231064705322
7,4,0.21545011201332276,0.15428231064705322
7,4,0.2443829941479665,0.11086894235667177
7,4,0.2443829941479665,0.15428231064705322
7,4,0.2443829941479665,0.15428231064705322
7,4,0.2443829941479665,0.11086894235667177
7,4,0.2733158762826111,0.11086894235667177
7,4,0.2443829941479665,0.11086894235667177
7,4,0.2733158762826111,0.06745557406629032
7,4,0.2733158762826111,0.11086894235667177
7,4,0.2733158762826111,0.11086894235667177
7,4,0.2733158762826111,0.06745557406629032
7,4,0.30224875841725574,0.06745557406629032
7,4,0.18651722987867814,0.19769567893743556
7,4,0.18651722987867814,0.15428231064705322
7,4,0.21545011201332276,0.15428231064705322
7,4,0.18651722987867814,0.15428231064705322
7,4,0.21545011201332276,0.11086894235667177
7,4,0.21545011201332276,0.15428231064705322
7,4,0.21545011201332276,0.15428231064705322
7,4,0.21545011201332276,0.11086894235667177
7,4,0.2443829941479665,0.11086894235667177
7,4,0.21545011201332276,0.11086894235667177
7,4,0.2443829941479665,0.06745557406629032
7,4,0.2443829941479665,0.11086894235667177
7,4,0.2443829941479665,0.11086894235667177
7,4,0.2443829941479665,0.06745557406629032
7,4,0.2733158762826111,0.06745557406629032
7,4,0.18651722987867814,0.15428231064705322
7,4,0.18651722987867814,0.11086894235667177
7,4,0.21545011201332276,0.11086894235667177
7,4,0.18651722987867814,0.11086894235667177
7,4,0.21545011201332276,0.06745557406629032
7,4,0.21545011201332276,0.11086894235667177
7,4,0.21545011201332276,0.11086894235667177
7,4,0.21545011201332276,0.06745557406629032
7,4,0.2443829941479665,0.06745557406629032
7,4,0.18651722987867814,0.11086894235667177
7,4,0.18651722987867814,0.06745557406629032
7,4,0.21545011201332276,0.06745557406629032
7,4,0.33118164055190036,0.06745557406629032
7,4,0.33118164055190036,0.11086894235667177
7,4,0.30224875841725574,0.11086894235667177
7,4,0.33118164055190036,0.11086894235667177
7,4,0.30224875841725574,0.15428231064705322
7,4,0.30224875841725574,0.11086894235667177
7,4,0.30224875841725574,0.11086894235667177
7,4,0.30224875841725574,0.15428231064705322
7,4,0.2733158762826111,0.15428231064705322
7,4,0.30224875841725574,0.15428231064705322
7,4,0.2733158762826111,0.19769567893743556
7,4,0.2733158762826111,0.15428231064705322
7,4,0.2733158762826111,0.15428231064705322
7,4,0.2733158762826111,0.19769567893743556
7,4,0.2443829941479665,0.19769567893743556
7,4,0.2733158762826111,0.19769567893743556
7,4,0.2443829941479665,0.241109047227817
7,4,0.2443829941479665,0.19769567893743556
7,4,0.2443829941479665,0.19769567893743556
7,4,0.2443829941479665,0.241109047227817
7,4,0.21545011201332276,0.241109047227817
7,4,0.2443829941479665,0.241109047227817
7,4,0.21545011201332276,0.28452241551819846
7,4,0.21545011201332276,0.241109047227817
7,4,0.21545011201332276,0.241109047227817
7,4,0.21545011201332276,0.28452241551819846
7,4,0.18651722987867814,0.28452241551819846
7,4,0.33118164055190036,0.11086894235667177
7,4,0.33118164055190036,0.15428231064705322
7,4,0.30224875841725574,0.15428231064705322
7,4,0.33118164055190036,0.15428231064705322
7,4,0.30224875841725574,0.19769567893743556
7,4,0.30224875841725574,0.15428231064705322
7,4,0.30224875841725574,0.15428231064705322
7,4,0.30224875841725574,0.19769567893743556
7,4,0.2733158762826111,0.19769567893743556
7,4,0.30224875841725574,0.19769567893743556
7,4,0.2733158762826111,0.241109047227817
7,4,0.2733158762826111,0.19769567893743556
7,4,0.2733158762826111,0.19769567893743556
7,4,0.2733158762826111,0.241109047227817
7,4,0.2443829941479665,0.241109047227817
7,4,0.2733158762826111,0.241109047227817
7,4,0.2443829941479665,0.28452241551819846
7,4,0.2443829941479665,0.241109047227817
7,4,0.2443829941479665,0.241109047227817
7,4,0.2443829941479665,0.28452241551819846
7,4,0.21545011201332276,0.28452241551819846
7,4,0.33118164055190036,0.15428231064705322
7,4,0.33118164055190036,0.19769567893743556
7,4,0.30224875841725574,0.19769567893743556
7,4,0.33118164055190036,0.19769567893743556
7,4,0.30224875841725574,0.241109047227817
7,4,0.30224875841725574,0.19769567893743556
7,4,0.30224875841725574,0.19769567893743556
7,4,0.30224875841725574,0.241109047227817
7,4,0.2733158762826111,0.241109047227817
7,4,0.30224875841725574,0.241109047227817
7,4,0.2733158762826111,0.28452241551819846
7,4,0.2733158762826111,0.241109047227817
7,4,0.2733158762826111,0.241109047227817
7,4,0.2733158762826111,0.28452241551819846
7,4,0.2443829941479665,0.28452241551819846
7,4,0.33118164055190036,0.19769567893743556
7,4,0.33118164055190036,0.241109047227817
7,4,0.30224875841725574,0.241109047227817
7,4,0.33118164055190036,0.241109047227817
7,4,0.30224875841725574,0.28452241551819846
7,4,0.30224875841725574,0.241109047227817
7,4,0.30224875841725574,0.241109047227817
7,4,0.30224875841725574,0.28452241551819846
7,4,0.2733158762826111,0.28452241551819846
7,4,0.33118164055190036,0.241109047227817
7,4,0.33118164055190036,0.28452241551819846
7,4,0.30224875841725574,0.28452241551819846
7,4,0.29213629475854486,0.4801704971374203
7,4,0.24736757543612775,0.4801704971374203
7,4,0.24736757543612775,0.4538359563595282
7,4,0.24736757543612775,0.4801704971374203
7,4,0.20259885611371065,0.4538359563595282
7,4,0.24736757543612775,0.4538359563595282
7,4,0.24736757543612775,0.4538359563595282
7,4,0.20259885611371065,0.4538359563595282
7,4,0.20259885611371065,0.4275014155816361
7,4,0.20259885611371065,0.4538359563595282
7,4,0.15783013679129354,0.4275014155816361
7,4,0.20259885611371065,0.4275014155816361
7,4,0.20259885611371065,0.4275014155816361
7,4,0.15783013679129354,0.4275014155816361
7,4,0.15783013679129354,0.40116687480374313
7,4,0.15783013679129354,0.4275014155816361
7,4,0.11306141746887644,0.40116687480374313
7,4,0.15783013679129354,0.40116687480374313
7,4,0.15783013679129354,0.40116687480374313
7,4,0.11306141746887644,0.40116687480374313
7,4,0.11306141746887644,0.37483233402585103
7,4,0.24736757543612775,0.4801704971374203
7,4,0.20259885611371065,0.4801704971374203
7,4,0.20259885611371065,0.4538359563595282
7,4,0.20259885611371065,0.4801704971374203
7,4,0.15783013679129354,0.4538359563595282
7,4,0.20259885611371065,0.4538359563595282
7,4,0.20259885611371065,0.4538359563595282
7,4,0.15783013679129354,0.4538359563595282
7,4,0.15783013679129354,0.4275014155816361
7,4,0.15783013679129354,0.4538359563595282
7,4,0.11306141746887644,0.4275014155816361
7,4,0.15783013679129354,0.4275014155816361
7,4,0.15783013679129354,0.4275014155816361
7,4,0.11306141746887644,0.4275014155816361
7,4,0.11306141746887644,0.40116687480374313
7,4,0.20259885611371065,0.4801704971374203
7,4,0.15783013679129354,0.4801704971374203
7,4,0.15783013679129354,0.4538359563595282
7,4,0.15783013679129354,0.4801704971374203
7,4,0.11306141746887644,0.4538359563595282
7,4,0.15783013679129354,0.4538359563595282
7,4,0.15783013679129354,0.4538359563595282
7,4,0.11306141746887644,0.4538359563595282
7,4,0.11306141746887644,0.4275014155816361
7,4,0.15783013679129354,0.4801704971374203
7,4,0.11306141746887644,0.4801704971374203
7,4,0.11306141746887644,0.4538359563595282
7,4,0.11306141746887644,0.37483233402585103
7,4,0.15783013679129354,0.37483233402585103
7,4,0.15783013679129354,0.40116687480374313
7,4,0.15783013679129354,0.37483233402585103
7,4,0.20259885611371065,0.40116687480374313
7,4,0.15783013679129354,0.40116687480374313
7,4,0.15783013679129354,0.40116687480374313
7,4,0.20259885611371065,0.40116687480374313
7,4,0.20259885611371065,0.4275014155816361
7,4,0.20259885611371065,0.40116687480374313
7,4,0.24736757543612775,0.4275014155816361
7,4,0.20259885611371065,0.4275014155816361
7,4,0.20259885611371065,0.4275014155816361
7,4,0.24736757543612775,0.4275014155816361
7,4,0.24736757543612775,0.4538359563595282
7,4,0.24736757543612775,0.4275014155816361
7,4,0.29213629475854486,0.4538359563595282
7,4,0.24736757543612775,0.4538359563595282
7,4,0.24736757543612775,0.4538359563595282
7,4,0.29213629475854486,0.4538359563595282
7,4,0.29213629475854486,0.4801704971374203
7,4,0.15783013679129354,0.37483233402585103
7,4,0.20259885611371065,0.37483233402585103
7,4,0.20259885611371065,0.40116687480374313
7,4,0.20259885611371065,0.37483233402585103
7,4,0.24736757543612775,0.40116687480374313
7,4,0.20259885611371065,0.40116687480374313
7,4,0.20259885611371065,0.40116687480374313
7,4,0.24736757543612775,0.40116687480374313
7,4,0.24736757543612775,0.4275014155816361
7,4,0.24736757543612775,0.40116687480374313
7,4,0.29213629475854486,0.4275014155816361
7,4,0.24736757543612775,0.4275014155816361
7,4,0.24736757543612775,0.4275014155816361
7,4,0.29213629475854486,0.4275014155816361
7,4,0.29213629475854486,0.4538359563595282
7,4,0.20259885611371065,0.37483233402585103
7,4,0.24736757543612775,0.37483233402585103
7,4,0.24736757543612775,0.40116687480374313
7,4,0.24736757543612775,0.37483233402585103
7,4,0.29213629475854486,0.40116687480374313
7,4,0.24736757543612775,0.40116687480374313
7,4,0.24736757543612775,0.40116687480374313
7,4,0.29213629475854486,0.40116687480374313
7,4,0.29213629475854486,0.4275014155816361
7,4,0.24736757543612775,0.37483233402585103
7,4,0.29213629475854486,0.37483233402585103
7,4,0.29213629475854486,0.40116687480374313
7,4,0.11306141746887644,0.37483233402585103
7,4,0.11306141746887644,0.34846268052692153
7,4,0.15783013679129354,0.34846268052692153
7,4,0.11306141746887644,0.34846268052692153
7,4,0.15783013679129354,0.32209302702799203
7,4,0.15783013679129354,0.34846268052692153
7,4,0.15783013679129354,0.34846268052692153
7,4,0.15783013679129354,0.32209302702799203
7,4,0.20259885611371065,0.32209302702799203
7,4,0.15783013679129354,0.32209302702799203
7,4,0.20259885611371065,0.29572337352906164
7,4,0.20259885611371065,0.32209302702799203
7,4,0.20259885611371065,0.32209302702799203
7,4,0.20259885611371065,0.29572337352906164
7,4,0.24736757543612775,0.29572337352906164
7,4,0.20259885611371065,0.29572337352906164
7,4,0.24736757543612775,0.26935372003013214
7,4,0.24736757543612775,0.29572337352906164
7,4,0.24736757543612775,0.29572337352906164
7,4,0.24736757543612775,0.26935372003013214
7,4,0.29213629475854486,0.26935372003013214
7,4,0.11306141746887644,0.34846268052692153
7,4,0.11306141746887644,0.32209302702799203
7,4,0.15783013679129354,0.32209302702799203
7,4,0.11306141746887644,0.32209302702799203
7,4,0.15783013679129354,0.29572337352906164
7,4,0.15783013679129354,0.32209302702799203
7,4,0.15783013679129354,0.32209302702799203
7,4,0.15783013679129354,0.29572337352906164
7,4,0.20259885611371065,0.29572337352906164
7,4,0.15783013679129354,0.29572337352906164
7,4,0.20259885611371065,0.26935372003013214
7,4,0.20259885611371065,0.29572337352906164
7,4,0.20259885611371065,0.29572337352906164
7,4,0.20259885611371065,0.26935372003013214
7,4,0.24736757543612775,0.26935372003013214
7,4,0.11306141746887644,0.32209302702799203
7,4,0.11306141746887644,0.29572337352906164
7,4,0.15783013679129354,0.29572337352906164
7,4,0.11306141746887644,0.29572337352906164
7,4,0.15783013679129354,0.26935372003013214
7,4,0.15783013679129354,0.29572337352906164
7,4,0.15783013679129354,0.29572337352906164
7,4,0.15783013679129354,0.26935372003013214
7,4,0.20259885611371065,0.26935372003013214
7,4,0.11306141746887644,0.29572337352906164
7,4,0.11306141746887644,0.26935372003013214
7,4,0.15783013679129354,0.26935372003013214
7,4,0.29213629475854486,0.26935372003013214
7,4,0.29213629475854486,0.29572337352906164
7,4,0.24736757543612775,0.29572337352906164
7,4,0.29213629475854486,0.29572337352906164
7,4,0.24736757543612775,0.32209302702799203
7,4,0.24736757543612775,0.29572337352906164
7,4,0.24736757543612775,0.29572337352906164
7,4,0.24736757543612775,0.32209302702799203
7,4,0.20259885611371065,0.32209302702799203
7,4,0.24736757543612775,0.32209302702799203
7,4,0.20259885611371065,0.34846268052692153
7,4,0.20259885611371065,0.32209302702799203
7,4,0.20259885611371065,0.32209302702799203
7,4,0.20259885611371065,0.34846268052692153
7,4,0.15783013679129354,0.34846268052692153
7,4,0.20259885611371065,0.34846268052692153
7,4,0.15783013679129354,0.37483233402585103
7,4,0.15783013679129354,0.34846268052692153
7,4,0.15783013679129354,0.34846268052692153
7,4,0.15783013679129354,0.37483233402585103
7,4,0.11306141746887644,0.37483233402585103
7,4,0.29213629475854486,0.29572337352906164
7,4,0.29213629475854486,0.32209302702799203
7,4,0.24736757543612775,0.32209302702799203
7,4,0.29213629475854486,0.32209302702799203
7,4,0.24736757543612775,0.34846268052692153
7,4,0.24736757543612775,0.32209302702799203
7,4,0.24736757543612775,0.32209302702799203
7,4,0.24736757543612775,0.34846268052692153
7,4,0.20259885611371065,0.34846268052692153
7,4,0.24736757543612775,0.34846268052692153
7,4,0.20259885611371065,0.37483233402585103
7,4,0.20259885611371065,0.34846268052692153
7,4,0.20259885611371065,0.34846268052692153
7,4,0.20259885611371065,0.37483233402585103
7,4,0.15783013679129354,0.37483233402585103
7,4,0.29213629475854486,0.32209302702799203
7,4,0.29213629475854486,0.34846268052692153
7,4,0.24736757543612775,0.34846268052692153
7,4,0.29213629475854486,0.34846268052692153
7,4,0.24736757543612775,0.37483233402585103
7,4,0.24736757543612775,0.34846268052692153
7,4,0.24736757543612775,0.34846268052692153
7,4,0.24736757543612775,0.37483233402585103
7,4,0.20259885611371065,0.37483233402585103
7,4,0.29213629475854486,0.34846268052692153
7,4,0.29213629475854486,0.37483233402585103
7,4,0.24736757543612775,0.37483233402585103
6,4,0.9340918783423193,0.4801704971374203
6,4,0.9340918783423193,0.4538359563595282
6,4,0.978834263123959,0.4538359563595282
6,4,0.9340918783423193,0.4538359563595282
6,4,0.978834263123959,0.4275014155816361
6,4,0.978834263123959,0.4538359563595282
6,4,0.978834263123959,0.4538359563595282
6,4,0.978834263123959,0.4275014155816361
7,4,0.02357664790559788,0.4275014155816361
6,4,0.978834263123959,0.4275014155816361
7,4,0.02357664790559788,0.40116687480374313
7,4,0.02357664790559788,0.4275014155816361
7,4,0.02357664790559788,0.4275014155816361
7,4,0.02357664790559788,0.40116687480374313
7,4,0.0683190326872376,0.40116687480374313
7,4,0.02357664790559788,0.40116687480374313
7,4,0.0683190326872376,0.37483233402585103
7,4,0.0683190326872376,0.40116687480374313
7,4,0.0683190326872376,0.40116687480374313
7,4,0.0683190326872376,0.37483233402585103
7,4,0.11306141746887644,0.37483233402585103
6,4,0.9340918783423193,0.4538359563595282
6,4,0.9340918783423193,0.4275014155816361
6,4,0.978834263123959,0.4275014155816361
6,4,0.9340918783423193,0.4275014155816361
6,4,0.978834263123959,0.40116687480374313
6,4,0.978834263123959,0.4275014155816361
6,4,0.978834263123959,0.4275014155816361
6,4,0.978834263123959,0.40116687480374313
7,4,0.02357664790559788,0.40116687480374313
6,4,0.978834263123959,0.40116687480374313
7,4,0.02357664790559788,0.37483233402585103
7,4,0.02357664790559788,0.40116687480374313
7,4,0.02357664790559788,0.40116687480374313
7,4,0.02357664790559788,0.37483233402585103
7,4,0.0683190326872376,0.37483233402585103
6,4,0.9340918783423193,0.4275014155816361
6,4,0.9340918783423193,0.40116687480374313
6,4,0.978834263123959,0.40116687480374313
6,4,0.9340918783423193,0.40116687480374313
6,4,0.978834263123959,0.37483233402585103
6,4,0.978834263123959,0.40116687480374313
6,4,0.978834263123959,0.40116687480374313
6,4,0.978834263123959,0.37483233402585103
7,4,0.02357664790559788,0.37483233402585103
6,4,0.9340918783423193,0.40116687480374313
6,4,0.9340918783423193,0.37483233402585103
6,4,0.978834263123959,0.37483233402585103
7,4,0.11306141746887644,0.37483233402585103
7,4,0.11306141746887644,0.40116687480374313
7,4,0.0683190326872376,0.40116687480374313
7,4,0.11306141746887644,0.40116687480374313
7,4,0.0683190326872376,0.4275014155816361
7,4,0.0683190326872376,0.40116687480374313
7,4,0.0683190326872376,0.40116687480374313
7,4,0.0683190326872376,0.4275014155816361
7,4,0.02357664790559788,0.4275014155816361
7,4,0.0683190326872376,0.4275014155816361
7,4,0.02357664790559788,0.4538359563595282
7,4,0.02357664790559788,0.4275014155816361
7,4,0.02357664790559788,0.4275014155816361
7,4,0.02357664790559788,0.4538359563595282
6,4,0.978834263123959,0.4538359563595282
7,4,0.02357664790559788,0.4538359563595282
6,4,0.978834263123959,0.4801704971374203
6,4,0.978834263123959,0.4538359563595282
6,4,0.978834263123959,0.4538359563595282
6,4,0.978834263123959,0.4801704971374203
6,4,0.9340918783423193,0.4801704971374203
7,4,0.11306141746887644,0.40116687480374313
7,4,0.11306141746887644,0.4275014155816361
7,4,0.0683190326872376,0.4275014155816361
7,4,0.11306141746887644,0.4275014155816361
7,4,0.0683190326872376,0.4538359563595282
7,4,0.0683190326872376,0.4275014155816361
7,4,0.0683190326872376,0.4275014155816361
7,4,0.0683190326872376,0.4538359563595282
7,4,0.02357664790559788,0.4538359563595282
7,4,0.0683190326872376,0.4538359563595282
7,4,0.02357664790559788,0.4801704971374203
7,4,0.02357664790559788,0.4538359563595282
7,4,0.02357664790559788,0.4538359563595282
7,4,0.02357664790559788,0.4801704971374203
6,4,0.978834263123959,0.4801704971374203
7,4,0.11306141746887644,0.4275014155816361
7,4,0.11306141746887644,0.4538359563595282
7,4,0.0683190326872376,0.4538359563595282
7,4,0.11306141746887644,0.4538359563595282
7,4,0.0683190326872376,0.4801704971374203
7,4,0.0683190326872376,0.4538359563595282
7,4,0.0683190326872376,0.4538359563595282
7,4,0.0683190326872376,0.4801704971374203
7,4,0.02357664790559788,0.4801704971374203
7,4,0.11306141746887644,0.4538359563595282
7,4,0.11306141746887644,0.4801704971374203
7,4,0.0683190326872376,0.4801704971374203
7,4,0.11306141746887644,0.37483233402585103
7,4,0.0683190326872376,0.37483233402585103
7,4,0.0683190326872376,0.34846268052692153
7,4,0.0683190326872376,0.37483233402585103
7,4,0.02357664790559788,0.34846268052692153
7,4,0.0683190326872376,0.34846268052692153
7,4,0.0683190326872376,0.34846268052692153
7,4,0.02357664790559788,0.34846268052692153
7,4,0.02357664790559788,0.32209302702799203
7,4,0.02357664790559788,0.34846268052692153
6,4,0.978834263123959,0.32209302702799203
7,4,0.02357664790559788,0.32209302702799203
7,4,0.02357664790559788,0.32209302702799203
6,4,0.978834263123959,0.32209302702799203
6,4,0.978834263123959,0.29572337352906164
6,4,0.978834263123959,0.32209302702799203
6,4,0.9340918783423193,0.29572337352906164
6,4,0.978834263123959,0.29572337352906164
6,4,0.978834263123959,0.29572337352906164
6,4,0.9340918783423193,0.29572337352906164
6,4,0.9340918783423193,0.26935372003013214
7,4,0.0683190326872376,0.37483233402585103
7,4,0.02357664790559788,0.37483233402585103
7,4,0.02357664790559788,0.34846268052692153
7,4,0.02357664790559788,0.37483233402585103
6,4,0.978834263123959,0.34846268052692153
7,4,0.02357664790559788,0.34846268052692153
7,4,0.02357664790559788,0.34846268052692153
6,4,0.978834263123959,0.34846268052692153
6,4,0.978834263123959,0.32209302702799203
6,4,0.978834263123959,0.34846268052692153
6,4,0.9340918783423193,0.32209302702799203
6,4,0.978834263123959,0.32209302702799203
6,4,0.978834263123959,0.32209302702799203
6,4,0.9340918783423193,0.32209302702799203
6,4,0.9340918783423193,0.29572337352906164
7,4,0.02357664790559788,0.37483233402585103
6,4,0.978834263123959,0.37483233402585103
6,4,0.978834263123959,0.34846268052692153
6,4,0.978834263123959,0.37483233402585103
6,4,0.9340918783423193,0.34846268052692153
6,4,0.978834263123959,0.34846268052692153
6,4,0.978834263123959,0.34846268052692153
6,4,0.9340918783423193,0.34846268052692153
6,4,0.9340918783423193,0.32209302702799203
6,4,0.978834263123959,0.37483233402585103
6,4,0.9340918783423193,0.37483233402585103
6,4,0.9340918783423193,0.34846268052692153
6,4,0.9340918783423193,0.26935372003013214
6,4,0.978834263123959,0.26935372003013214
6,4,0.978834263123959,0.29572337352906164
6,4,0.978834263123959,0.26935372003013214
7,4,0.02357664790559788,0.29572337352906164
6,4,0.978834263123959,0.29572337352906164
6,4,0.978834263123959,0.29572337352906164
7,4,0.02357664790559788,0.29572337352906164
7,4,0.02357664790559788,0.32209302702799203
7,4,0.02357664790559788,0.29572337352906164
7,4,0.0683190326872376,0.32209302702799203
7,4,0.02357664790559788,0.32209302702799203
7,4,0.02357664790559788,0.32209302702799203
7,4,0.0683190326872376,0.32209302702799203
7,4,0.0683190326872376,0.34846268052692153
7,4,0.0683190326872376,0.32209302702799203
7,4,0.11306141746887644,0.34846268052692153
7,4,0.0683190326872376,0.34846268052692153
7,4,0.0683190326872376,0.34846268052692153
7,4,0.11306141746887644,0.34846268052692153
7,4,0.11306141746887644,0.37483233402585103
6,4,0.978834263123959,0.26935372003013214
7,4,0.02357664790559788,0.26935372003013214
7,4,0.02357664790559788,0.29572337352906164
7,4,0.02357664790559788,0.26935372003013214
7,4,0.0683190326872376,0.29572337352906164
7,4,0.02357664790559788,0.29572337352906164
7,4,0.02357664790559788,0.29572337352906164
7,4,0.0683190326872376,0.29572337352906164
7,4,0.0683190326872376,0.32209302702799203
7,4,0.0683190326872376,0.29572337352906164
7,4,0.11306141746887644,0.32209302702799203
7,4,0.0683190326872376,0.32209302702799203
7,4,0.0683190326872376,0.32209302702799203
7,4,0.11306141746887644,0.32209302702799203
7,4,0.11306141746887644,0.34846268052692153
7,4,0.02357664790559788,0.26935372003013214
7,4,0.0683190326872376,0.26935372003013214
7,4,0.0683190326872376,0.29572337352906164
7,4,0.0683190326872376,0.26935372003013214
7,4,0.11306141746887644,0.29572337352906164
7,4,0.0683190326872376,0.29572337352906164
7,4,0.0683190326872376,0.29572337352906164
7,4,0.11306141746887644,0.29572337352906164
7,4,0.11306141746887644,0.32209302702799203
7,4,0.0683190326872376,0.26935372003013214
7,4,0.11306141746887644,0.26935372003013214
7,4,0.11306141746887644,0.29572337352906164
7,4,0.5,0.7800000000000002
7,4,0.20000000000000018,0.49314104049078455
7,3,0.20000000000000018,0.06685895950921594
7,4,0.7999999999999998,0.49314104049078455
7,3,0.7999999999999998,0.06685895950921594
