3,2,0.6400000000000001,0.29000000000000004
3,3,0.28134073117556335,0.9411371902428671
3,2,0.28134073117556335,0.6388628097571329
3,3,0.9986592688244369,0.9411371902428671
3,2,0.9986592688244369,0.6388628097571329
4,2,0.09242014928123243,0.29169298018313894
4,2,0.09242014928123243,0.31742626687044995
4,2,0.041170651177745654,0.31742626687044995
4,2,0.09242014928123243,0.31742626687044995
4,2,0.041170651177745654,0.3431595535577605
4,2,0.041170651177745654,0.31742626687044995
4,2,0.041170651177745654,0.31742626687044995
4,2,0.041170651177745654,0.3431595535577605
3,2,0.9899211530742593,0.3431595535577605
4,2,0.041170651177745654,0.3431595535577605
3,2,0.9899211530742593,0.3688928402450715
3,2,0.9899211530742593,0.3431595535577605
3,2,0.9899211530742593,0.3431595535577605
3,2,0.9899211530742593,0.3688928402450715
3,2,0.938671654970773,0.3688928402450715
3,2,0.9899211530742593,0.3688928402450715
3,2,0.938671654970773,0.3946261269323825
3,2,0.938671654970773,0.3688928402450715
3,2,0.938671654970773,0.3688928402450715
3,2,0.938671654970773,0.3946261269323825
3,2,0.8874221568672862,0.3946261269323825
3,2,0.938671654970773,0.3946261269323825
3,2,0.8874221568672862,0.4203594136196931
3,2,0.8874221568672862,0.3946261269323825
3,2,0.8874221568672862,0.3946261269323825
3,2,0.8874221568672862,0.4203594136196931
3,2,0.8361726587637999,0.42035941361969353
3,2,0.8874221568672862,0.4203594136196931
3,2,0.8361726587637999,0.4460927003070041
3,2,0.8361726587637999,0.42035941361969353
3,2,0.8361726587637999,0.42035941361969353
3,2,0.8361726587637999,0.4460927003070041
3,2,0.7849231606603135,0.4460927003070041
3,2,0.8361726587637999,0.4460927003070041
3,2,0.7849231606603135,0.4718259869943151
3,2,0.7849231606603135,0.4460927003070041
3,2,0.7849231606603135,0.4460927003070041
3,2,0.7849231606603135,0.4718259869943151
3,2,0.7336736625568272,0.4718259869943151
3,2,0.7849231606603135,0.4718259869943151
3,2,0.7336736625568272,0.49755927368162567
3,2,0.7336736625568272,0.4718259869943151
3,2,0.7336736625568272,0.4718259869943151
3,2,0.7336736625568272,0.49755927368162567
3,2,0.6824241644533409,0.49755927368162567
3,2,0.7336736625568272,0.49755927368162567
3,2,0.6824241644533409,0.5232925603689367
3,2,0.6824241644533409,0.49755927368162567
3,2,0.6824241644533409,0.49755927368162567
3,2,0.6824241644533409,0.5232925603689367
3,2,0.6311746663498541,0.5232925603689367
3,2,0.6824241644533409,0.5232925603689367
3,2,0.6311746663498541,0.5490258470562477
3,2,0.6311746663498541,0.5232925603689367
3,2,0.6311746663498541,0.5232925603689367
3,2,0.6311746663498541,0.5490258470562477
3,2,0.5799251682463678,0.5490258470562477
3,2,0.6311746663498541,0.5490258470562477
3,2,0.5799251682463678,0.5747591337435587
3,2,0.5799251682463678,0.5490258470562477
3,2,0.5799251682463678,0.5490258470562477
3,2,0.5799251682463678,0.5747591337435587
3,2,0.5286756701428814,0.5747591337435587
3,2,0.5799251682463678,0.5747591337435587
3,2,0.5286756701428814,0.6004924204308693
3,2,0.5286756701428814,0.5747591337435587
3,2,0.5286756701428814,0.5747591337435587
3,2,0.5286756701428814,0.6004924204308693
3,2,0.4774261720393951,0.6004924204308693
3,2,0.5286756701428814,0.6004924204308693
3,2,0.4774261720393951,0.6262257071181803
3,2,0.4774261720393951,0.6004924204308693
3,2,0.4774261720393951,0.6004924204308693
3,2,0.4774261720393951,0.6262257071181803
3,2,0.4261766739359083,0.6262257071181803
3,2,0.4774261720393951,0.6262257071181803
3,2,0.4261766739359083,0.6519589938054913
3,2,0.4261766739359083,0.6262257071181803
3,2,0.4261766739359083,0.6262257071181803
3,2,0.4261766739359083,0.6519589938054913
3,2,0.37492717583242197,0.6519589938054913
3,2,0.4261766739359083,0.6519589938054913
3,2,0.37492717583242197,0.6776922804928018
3,2,0.37492717583242197,0.6519589938054913
3,2,0.37492717583242197,0.6519589938054913
3,2,0.37492717583242197,0.6776922804928018
3,2,0.32367767772893563,0.6776922804928018
3,2,0.37492717583242197,0.6776922804928018
3,2,0.32367767772893563,0.7034255671801128
3,2,0.32367767772893563,0.6776922804928018
3,2,0.32367767772893563,0.6776922804928018
3,2,0.32367767772893563,0.7034255671801128
3,2,0.2724281796254493,0.7034255671801128
3,2,0.32367767772893563,0.7034255671801128
3,2,0.2724281796254493,0.7291588538674239
3,2,0.2724281796254493,0.7034255671801128
3,2,0.2724281796254493,0.7034255671801128
3,2,0.2724281796254493,0.7291588538674239
3,2,0.22117868152196252,0.7291588538674239
3,2,0.2724281796254493,0.7291588538674239
3,2,0.22117868152196252,0.7548921405547344
3,2,0.22117868152196252,0.7291588538674239
3,2,0.22117868152196252,0.7291588538674239
3,2,0.22117868152196252,0.7548921405547344
3,2,0.16992918341847618,0.7548921405547344
4,2,0.09242014928123243,0.31742626687044995
4,2,0.09242014928123243,0.3431595535577605
4,2,0.041170651177745654,0.3431595535577605
4,2,0.09242014928123243,0.3431595535577605
4,2,0.041170651177745654,0.3688928402450715
4,2,0.041170651177745654,0.3431595535577605
4,2,0.041170651177745654,0.3431595535577605
4,2,0.041170651177745654,0.3688928402450715
3,2,0.9899211530742593,0.3688928402450715
4,2,0.041170651177745654,0.3688928402450715
3,2,0.9899211530742593,0.3946261269323825
3,2,0.9899211530742593,0.3688928402450715
3,2,0.9899211530742593,0.3688928402450715
3,2,0.9899211530742593,0.3946261269323825
3,2,0.938671654970773,0.3946261269323825
3,2,0.9899211530742593,0.3946261269323825
3,2,0.938671654970773,0.4203594136196931
3,2,0.938671654970773,0.3946261269323825
3,2,0.938671654970773,0.3946261269323825
3,2,0.938671654970773,0.4203594136196931
3,2,0.8874221568672862,0.4203594136196931
3,2,0.938671654970773,0.4203594136196931
3,2,0.8874221568672862,0.4460927003070041
3,2,0.8874221568672862,0.4203594136196931
3,2,0.8874221568672862,0.4203594136196931
3,2,0.8874221568672862,0.4460927003070041
3,2,0.8361726587637999,0.4460927003070041
3,2,0.8874221568672862,0.4460927003070041
3,2,0.8361726587637999,0.4718259869943151
3,2,0.8361726587637999,0.4460927003070041
3,2,0.8361726587637999,0.4460927003070041
3,2,0.8361726587637999,0.4718259869943151
3,2,0.7849231606603135,0.4718259869943151
3,2,0.8361726587637999,0.4718259869943151
3,2,0.7849231606603135,0.49755927368162567
3,2,0.7849231606603135,0.4718259869943151
3,2,0.7849231606603135,0.4718259869943151
3,2,0.7849231606603135,0.49755927368162567
3,2,0.7336736625568272,0.49755927368162567
3,2,0.7849231606603135,0.49755927368162567
3,2,0.7336736625568272,0.5232925603689367
3,2,0.7336736625568272,0.49755927368162567
3,2,0.7336736625568272,0.49755927368162567
3,2,0.7336736625568272,0.5232925603689367
3,2,0.6824241644533409,0.5232925603689367
3,2,0.7336736625568272,0.5232925603689367
3,2,0.6824241644533409,0.5490258470562477
3,2,0.6824241644533409,0.5232925603689367
3,2,0.6824241644533409,0.5232925603689367
3,2,0.6824241644533409,0.5490258470562477
3,2,0.6311746663498541,0.5490258470562477
3,2,0.6824241644533409,0.5490258470562477
3,2,0.6311746663498541,0.5747591337435587
3,2,0.6311746663498541,0.5490258470562477
3,2,0.6311746663498541,0.5490258470562477
3,2,0.6311746663498541,0.5747591337435587
3,2,0.5799251682463678,0.5747591337435587
3,2,0.6311746663498541,0.5747591337435587
3,2,0.5799251682463678,0.6004924204308693
3,2,0.5799251682463678,0.5747591337435587
3,2,0.5799251682463678,0.5747591337435587
3,2,0.5799251682463678,0.6004924204308693
3,2,0.5286756701428814,0.6004924204308693
3,2,0.5799251682463678,0.6004924204308693
3,2,0.5286756701428814,0.6262257071181803
3,2,0.5286756701428814,0.6004924204308693
3,2,0.5286756701428814,0.6004924204308693
3,2,0.5286756701428814,0.6262257071181803
3,2,0.4774261720393951,0.6262257071181803
3,2,0.5286756701428814,0.6262257071181803
3,2,0.4774261720393951,0.6519589938054913
3,2,0.4774261720393951,0.6262257071181803
3,2,0.4774261720393951,0.6262257071181803
3,2,0.4774261720393951,0.6519589938054913
3,2,0.4261766739359083,0.6519589938054913
3,2,0.4774261720393951,0.6519589938054913
3,2,0.4261766739359083,0.6776922804928018
3,2,0.4261766739359083,0.6519589938054913
3,2,0.4261766739359083,0.6519589938054913
3,2,0.4261766739359083,0.6776922804928018
3,2,0.37492717583242197,0.6776922804928018
3,2,0.4261766739359083,0.6776922804928018
3,2,0.37492717583242197,0.7034255671801128
3,2,0.37492717583242197,0.6776922804928018
3,2,0.37492717583242197,0.6776922804928018
3,2,0.37492717583242197,0.7034255671801128
3,2,0.32367767772893563,0.7034255671801128
3,2,0.37492717583242197,0.7034255671801128
3,2,0.32367767772893563,0.7291588538674239
3,2,0.32367767772893563,0.7034255671801128
3,2,0.32367767772893563,0.7034255671801128
3,2,0.32367767772893563,0.7291588538674239
3,2,0.2724281796254493,0.7291588538674239
3,2,0.32367767772893563,0.7291588538674239
3,2,0.2724281796254493,0.7548921405547344
3,2,0.2724281796254493,0.7291588538674239
3,2,0.2724281796254493,0.7291588538674239
3,2,0.2724281796254493,0.7548921405547344
3,2,0.22117868152196252,0.7548921405547344
4,2,0.09242014928123243,0.3431595535577605
4,2,0.09242014928123243,0.3688928402450715
4,2,0.041170651177745654,0.3688928402450715
4,2,0.09242014928123243,0.3688928402450715
4,2,0.041170651177745654,0.3946261269323825
4,2,0.041170651177745654,0.3688928402450715
4,2,0.041170651177745654,0.3688928402450715
4,2,0.041170651177745654,0.3946261269323825
3,2,0.9899211530742593,0.3946261269323825
4,2,0.041170651177745654,0.3946261269323825
3,2,0.9899211530742593,0.4203594136196931
3,2,0.9899211530742593,0.3946261269323825
3,2,0.9899211530742593,0.3946261269323825
3,2,0.9899211530742593,0.4203594136196931
3,2,0.938671654970773,0.4203594136196931
3,2,0.9899211530742593,0.4203594136196931
3,2,0.938671654970773,0.4460927003070041
3,2,0.938671654970773,0.4203594136196931
3,2,0.938671654970773,0.4203594136196931
3,2,0.938671654970773,0.4460927003070041
3,2,0.8874221568672862,0.4460927003070041
3,2,0.938671654970773,0.4460927003070041
3,2,0.8874221568672862,0.4718259869943151
3,2,0.8874221568672862,0.4460927003070041
3,2,0.8874221568672862,0.4460927003070041
3,2,0.8874221568672862,0.4718259869943151
3,2,0.8361726587637999,0.4718259869943151
3,2,0.8874221568672862,0.4718259869943151
3,2,0.8361726587637999,0.4975592736816261
3,2,0.8361726587637999,0.4718259869943151
3,2,0.8361726587637999,0.4718259869943151
3,2,0.8361726587637999,0.4975592736816261
3,2,0.7849231606603135,0.49755927368162567
3,2,0.8361726587637999,0.4975592736816261
3,2,0.7849231606603135,0.5232925603689367
3,2,0.7849231606603135,0.49755927368162567
3,2,0.7849231606603135,0.49755927368162567
3,2,0.7849231606603135,0.5232925603689367
3,2,0.7336736625568272,0.5232925603689367
3,2,0.7849231606603135,0.5232925603689367
3,2,0.7336736625568272,0.5490258470562477
3,2,0.7336736625568272,0.5232925603689367
3,2,0.7336736625568272,0.5232925603689367
3,2,0.7336736625568272,0.5490258470562477
3,2,0.6824241644533409,0.5490258470562477
3,2,0.7336736625568272,0.5490258470562477
3,2,0.6824241644533409,0.5747591337435587
3,2,0.6824241644533409,0.5490258470562477
3,2,0.6824241644533409,0.5490258470562477
3,2,0.6824241644533409,0.5747591337435587
3,2,0.6311746663498541,0.5747591337435587
3,2,0.6824241644533409,0.5747591337435587
3,2,0.6311746663498541,0.6004924204308693
3,2,0.6311746663498541,0.5747591337435587
3,2,0.6311746663498541,0.5747591337435587
3,2,0.6311746663498541,0.6004924204308693
3,2,0.5799251682463678,0.6004924204308693
3,2,0.6311746663498541,0.6004924204308693
3,2,0.5799251682463678,0.6262257071181803
3,2,0.5799251682463678,0.6004924204308693
3,2,0.5799251682463678,0.6004924204308693
3,2,0.5799251682463678,0.6262257071181803
3,2,0.5286756701428814,0.6262257071181803
3,2,0.5799251682463678,0.6262257071181803
3,2,0.5286756701428814,0.6519589938054913
3,2,0.5286756701428814,0.6262257071181803
3,2,0.5286756701428814,0.6262257071181803
3,2,0.5286756701428814,0.6519589938054913
3,2,0.4774261720393951,0.6519589938054913
3,2,0.5286756701428814,0.6519589938054913
3,2,0.4774261720393951,0.6776922804928018
3,2,0.4774261720393951,0.6519589938054913
3,2,0.4774261720393951,0.6519589938054913
3,2,0.4774261720393951,0.6776922804928018
3,2,0.4261766739359083,0.6776922804928018
3,2,0.4774261720393951,0.6776922804928018
3,2,0.4261766739359083,0.7034255671801128
3,2,0.4261766739359083,0.6776922804928018
3,2,0.4261766739359083,0.6776922804928018
3,2,0.4261766739359083,0.7034255671801128
3,2,0.37492717583242197,0.7034255671801128
3,2,0.4261766739359083,0.7034255671801128
3,2,0.37492717583242197,0.7291588538674239
3,2,0.37492717583242197,0.7034255671801128
3,2,0.37492717583242197,0.7034255671801128
3,2,0.37492717583242197,0.7291588538674239
3,2,0.32367767772893563,0.7291588538674239
3,2,0.37492717583242197,0.7291588538674239
3,2,0.32367767772893563,0.7548921405547344
3,2,0.32367767772893563,0.7291588538674239
3,2,0.32367767772893563,0.7291588538674239
3,2,0.32367767772893563,0.7548921405547344
3,2,0.2724281796254493,0.7548921405547344
4,2,0.09242014928123243,0.3688928402450715
4,2,0.09242014928123243,0.3946261269323825
4,2,0.041170651177745654,0.3946261269323825
4,2,0.09242014928123243,0.3946261269323825
4,2,0.041170651177745654,0.4203594136196931
4,2,0.041170651177745654,0.3946261269323825
4,2,0.041170651177745654,0.3946261269323825
4,2,0.041170651177745654,0.4203594136196931
3,2,0.9899211530742593,0.4203594136196931
4,2,0.041170651177745654,0.4203594136196931
3,2,0.9899211530742593,0.4460927003070041
3,2,0.9899211530742593,0.4203594136196931
3,2,0.9899211530742593,0.4203594136196931
3,2,0.9899211530742593,0.4460927003070041
3,2,0.938671654970773,0.4460927003070041
3,2,0.9899211530742593,0.4460927003070041
3,2,0.938671654970773,0.4718259869943151
3,2,0.938671654970773,0.4460927003070041
3,2,0.938671654970773,0.4460927003070041
3,2,0.938671654970773,0.4718259869943151
3,2,0.8874221568672862,0.4718259869943151
3,2,0.938671654970773,0.4718259869943151
3,2,0.8874221568672862,0.49755927368162567
3,2,0.8874221568672862,0.4718259869943151
3,2,0.8874221568672862,0.4718259869943151
3,2,0.8874221568672862,0.49755927368162567
3,2,0.8361726587637999,0.4975592736816261
3,2,0.8874221568672862,0.49755927368162567
3,2,0.8361726587637999,0.5232925603689367
3,2,0.8361726587637999,0.4975592736816261
3,2,0.8361726587637999,0.4975592736816261
3,2,0.8361726587637999,0.5232925603689367
3,2,0.7849231606603135,0.5232925603689367
3,2,0.8361726587637999,0.5232925603689367
3,2,0.7849231606603135,0.5490258470562477
3,2,0.7849231606603135,0.5232925603689367
3,2,0.7849231606603135,0.5232925603689367
3,2,0.7849231606603135,0.5490258470562477
3,2,0.7336736625568272,0.5490258470562477
3,2,0.7849231606603135,0.5490258470562477
3,2,0.7336736625568272,0.5747591337435587
3,2,0.7336736625568272,0.5490258470562477
3,2,0.7336736625568272,0.5490258470562477
3,2,0.7336736625568272,0.5747591337435587
3,2,0.6824241644533409,0.5747591337435587
3,2,0.7336736625568272,0.5747591337435587
3,2,0.6824241644533409,0.6004924204308693
3,2,0.6824241644533409,0.5747591337435587
3,2,0.6824241644533409,0.5747591337435587
3,2,0.6824241644533409,0.6004924204308693
3,2,0.6311746663498541,0.6004924204308693
3,2,0.6824241644533409,0.6004924204308693
3,2,0.6311746663498541,0.6262257071181803
3,2,0.6311746663498541,0.6004924204308693
3,2,0.6311746663498541,0.6004924204308693
3,2,0.6311746663498541,0.6262257071181803
3,2,0.5799251682463678,0.6262257071181803
3,2,0.6311746663498541,0.6262257071181803
3,2,0.5799251682463678,0.6519589938054913
3,2,0.5799251682463678,0.6262257071181803
3,2,0.5799251682463678,0.6262257071181803
3,2,0.5799251682463678,0.6519589938054913
3,2,0.5286756701428814,0.6519589938054913
3,2,0.5799251682463678,0.6519589938054913
3,2,0.5286756701428814,0.6776922804928018
3,2,0.5286756701428814,0.6519589938054913
3,2,0.5286756701428814,0.6519589938054913
3,2,0.5286756701428814,0.6776922804928018
3,2,0.4774261720393951,0.6776922804928018
3,2,0.5286756701428814,0.6776922804928018
3,2,0.4774261720393951,0.7034255671801128
3,2,0.4774261720393951,0.6776922804928018
3,2,0.4774261720393951,0.6776922804928018
3,2,0.4774261720393951,0.7034255671801128
3,2,0.4261766739359083,0.7034255671801128
3,2,0.4774261720393951,0.7034255671801128
3,2,0.4261766739359083,0.7291588538674239
3,2,0.4261766739359083,0.7034255671801128
3,2,0.4261766739359083,0.7034255671801128
3,2,0.4261766739359083,0.7291588538674239
3,2,0.37492717583242197,0.7291588538674239
3,2,0.4261766739359083,0.7291588538674239
3,2,0.37492717583242197,0.7548921405547344
3,2,0.37492717583242197,0.7291588538674239
3,2,0.37492717583242197,0.7291588538674239
3,2,0.37492717583242197,0.7548921405547344
3,2,0.32367767772893563,0.7548921405547344
4,2,0.09242014928123243,0.3946261269323825
4,2,0.09242014928123243,0.42035941361969353
4,2,0.041170651177745654,0.4203594136196931
4,2,0.09242014928123243,0.42035941361969353
4,2,0.041170651177745654,0.4460927003070041
4,2,0.041170651177745654,0.4203594136196931
4,2,0.041170651177745654,0.4203594136196931
4,2,0.041170651177745654,0.4460927003070041
3,2,0.9899211530742593,0.4460927003070041
4,2,0.041170651177745654,0.4460927003070041
3,2,0.9899211530742593,0.4718259869943151
3,2,0.9899211530742593,0.4460927003070041
3,2,0.9899211530742593,0.4460927003070041
3,2,0.9899211530742593,0.4718259869943151
3,2,0.938671654970773,0.4718259869943151
3,2,0.9899211530742593,0.4718259869943151
3,2,0.938671654970773,0.4975592736816261
3,2,0.938671654970773,0.4718259869943151
3,2,0.938671654970773,0.4718259869943151
3,2,0.938671654970773,0.4975592736816261
3,2,0.8874221568672862,0.49755927368162567
3,2,0.938671654970773,0.4975592736816261
3,2,0.8874221568672862,0.5232925603689367
3,2,0.8874221568672862,0.49755927368162567
3,2,0.8874221568672862,0.49755927368162567
3,2,0.8874221568672862,0.5232925603689367
3,2,0.8361726587637999,0.5232925603689367
3,2,0.8874221568672862,0.5232925603689367
3,2,0.8361726587637999,0.5490258470562477
3,2,0.8361726587637999,0.5232925603689367
3,2,0.8361726587637999,0.5232925603689367
3,2,0.8361726587637999,0.5490258470562477
3,2,0.7849231606603135,0.5490258470562477
3,2,0.8361726587637999,0.5490258470562477
3,2,0.7849231606603135,0.5747591337435587
3,2,0.7849231606603135,0.5490258470562477
3,2,0.7849231606603135,0.5490258470562477
3,2,0.7849231606603135,0.5747591337435587
3,2,0.7336736625568272,0.5747591337435587
3,2,0.7849231606603135,0.5747591337435587
3,2,0.7336736625568272,0.6004924204308693
3,2,0.7336736625568272,0.5747591337435587
3,2,0.7336736625568272,0.5747591337435587
3,2,0.7336736625568272,0.6004924204308693
3,2,0.6824241644533409,0.6004924204308693
3,2,0.7336736625568272,0.6004924204308693
3,2,0.6824241644533409,0.6262257071181803
3,2,0.6824241644533409,0.6004924204308693
3,2,0.6824241644533409,0.6004924204308693
3,2,0.6824241644533409,0.6262257071181803
3,2,0.6311746663498541,0.6262257071181803
3,2,0.6824241644533409,0.6262257071181803
3,2,0.6311746663498541,0.6519589938054913
3,2,0.6311746663498541,0.6262257071181803
3,2,0.6311746663498541,0.6262257071181803
3,2,0.6311746663498541,0.6519589938054913
3,2,0.5799251682463678,0.6519589938054913
3,2,0.6311746663498541,0.6519589938054913
3,2,0.5799251682463678,0.6776922804928018
3,2,0.5799251682463678,0.6519589938054913
3,2,0.5799251682463678,0.6519589938054913
3,2,0.5799251682463678,0.6776922804928018
3,2,0.5286756701428814,0.6776922804928018
3,2,0.5799251682463678,0.6776922804928018
3,2,0.5286756701428814,0.7034255671801128
3,2,0.5286756701428814,0.6776922804928018
3,2,0.5286756701428814,0.6776922804928018
3,2,0.5286756701428814,0.7034255671801128
3,2,0.4774261720393951,0.7034255671801128
3,2,0.5286756701428814,0.7034255671801128
3,2,0.4774261720393951,0.7291588538674239
3,2,0.4774261720393951,0.7034255671801128
3,2,0.4774261720393951,0.7034255671801128
3,2,0.4774261720393951,0.7291588538674239
3,2,0.4261766739359083,0.7291588538674239
3,2,0.4774261720393951,0.7291588538674239
3,2,0.4261766739359083,0.7548921405547344
3,2,0.4261766739359083,0.7291588538674239
3,2,0.4261766739359083,0.7291588538674239
3,2,0.4261766739359083,0.7548921405547344
3,2,0.37492717583242197,0.7548921405547344
4,2,0.09242014928123243,0.42035941361969353
4,2,0.09242014928123243,0.4460927003070041
4,2,0.041170651177745654,0.4460927003070041
4,2,0.09242014928123243,0.4460927003070041
4,2,0.041170651177745654,0.4718259869943151
4,2,0.041170651177745654,0.4460927003070041
4,2,0.041170651177745654,0.4460927003070041
4,2,0.041170651177745654,0.4718259869943151
3,2,0.9899211530742593,0.4718259869943151
4,2,0.041170651177745654,0.4718259869943151
3,2,0.9899211530742593,0.49755927368162567
3,2,0.9899211530742593,0.4718259869943151
3,2,0.9899211530742593,0.4718259869943151
3,2,0.9899211530742593,0.49755927368162567
3,2,0.938671654970773,0.4975592736816261
3,2,0.9899211530742593,0.49755927368162567
3,2,0.938671654970773,0.5232925603689367
3,2,0.938671654970773,0.4975592736816261
3,2,0.938671654970773,0.4975592736816261
3,2,0.938671654970773,0.5232925603689367
3,2,0.8874221568672862,0.5232925603689367
3,2,0.938671654970773,0.5232925603689367
3,2,0.8874221568672862,0.5490258470562477
3,2,0.8874221568672862,0.5232925603689367
3,2,0.8874221568672862,0.5232925603689367
3,2,0.8874221568672862,0.5490258470562477
3,2,0.8361726587637999,0.5490258470562477
3,2,0.8874221568672862,0.5490258470562477
3,2,0.8361726587637999,0.5747591337435587
3,2,0.8361726587637999,0.5490258470562477
3,2,0.8361726587637999,0.5490258470562477
3,2,0.8361726587637999,0.5747591337435587
3,2,0.7849231606603135,0.5747591337435587
3,2,0.8361726587637999,0.5747591337435587
3,2,0.7849231606603135,0.6004924204308693
3,2,0.7849231606603135,0.5747591337435587
3,2,0.7849231606603135,0.5747591337435587
3,2,0.7849231606603135,0.6004924204308693
3,2,0.7336736625568272,0.6004924204308693
3,2,0.7849231606603135,0.6004924204308693
3,2,0.7336736625568272,0.6262257071181803
3,2,0.7336736625568272,0.6004924204308693
3,2,0.7336736625568272,0.6004924204308693
3,2,0.7336736625568272,0.6262257071181803
3,2,0.6824241644533409,0.6262257071181803
3,2,0.7336736625568272,0.6262257071181803
3,2,0.6824241644533409,0.6519589938054913
3,2,0.6824241644533409,0.6262257071181803
3,2,0.6824241644533409,0.6262257071181803
3,2,0.6824241644533409,0.6519589938054913
3,2,0.6311746663498541,0.6519589938054913
3,2,0.6824241644533409,0.6519589938054913
3,2,0.6311746663498541,0.6776922804928018
3,2,0.6311746663498541,0.6519589938054913
3,2,0.6311746663498541,0.6519589938054913
3,2,0.6311746663498541,0.6776922804928018
3,2,0.5799251682463678,0.6776922804928018
3,2,0.6311746663498541,0.6776922804928018
3,2,0.5799251682463678,0.7034255671801128
3,2,0.5799251682463678,0.6776922804928018
3,2,0.5799251682463678,0.6776922804928018
3,2,0.5799251682463678,0.7034255671801128
3,2,0.5286756701428814,0.7034255671801128
3,2,0.5799251682463678,0.7034255671801128
3,2,0.5286756701428814,0.7291588538674239
3,2,0.5286756701428814,0.7034255671801128
3,2,0.5286756701428814,0.7034255671801128
3,2,0.5286756701428814,0.7291588538674239
3,2,0.4774261720393951,0.7291588538674239
3,2,0.5286756701428814,0.7291588538674239
3,2,0.4774261720393951,0.7548921405547344
3,2,0.4774261720393951,0.7291588538674239
3,2,0.4774261720393951,0.7291588538674239
3,2,0.4774261720393951,0.7548921405547344
3,2,0.4261766739359083,0.7548921405547344
4,2,0.09242014928123243,0.4460927003070041
4,2,0.09242014928123243,0.4718259869943151
4,2,0.041170651177745654,0.4718259869943151
4,2,0.09242014928123243,0.4718259869943151
4,2,0.041170651177745654,0.4975592736816261
4,2,0.041170651177745654,0.4718259869943151
4,2,0.041170651177745654,0.4718259869943151
4,2,0.041170651177745654,0.4975592736816261
3,2,0.9899211530742593,0.49755927368162567
4,2,0.041170651177745654,0.4975592736816261
3,2,0.9899211530742593,0.5232925603689367
3,2,0.9899211530742593,0.49755927368162567
3,2,0.9899211530742593,0.49755927368162567
3,2,0.9899211530742593,0.5232925603689367
3,2,0.938671654970773,0.5232925603689367
3,2,0.9899211530742593,0.5232925603689367
3,2,0.938671654970773,0.5490258470562477
3,2,0.938671654970773,0.5232925603689367
3,2,0.938671654970773,0.5232925603689367
3,2,0.938671654970773,0.5490258470562477
3,2,0.8874221568672862,0.5490258470562477
3,2,0.938671654970773,0.5490258470562477
3,2,0.8874221568672862,0.5747591337435587
3,2,0.8874221568672862,0.5490258470562477
3,2,0.8874221568672862,0.5490258470562477
3,2,0.8874221568672862,0.5747591337435587
3,2,0.8361726587637999,0.5747591337435587
3,2,0.8874221568672862,0.5747591337435587
3,2,0.8361726587637999,0.6004924204308693
3,2,0.8361726587637999,0.5747591337435587
3,2,0.8361726587637999,0.5747591337435587
3,2,0.8361726587637999,0.6004924204308693
3,2,0.7849231606603135,0.6004924204308693
3,2,0.8361726587637999,0.6004924204308693
3,2,0.7849231606603135,0.6262257071181803
3,2,0.7849231606603135,0.6004924204308693
3,2,0.7849231606603135,0.6004924204308693
3,2,0.7849231606603135,0.6262257071181803
3,2,0.7336736625568272,0.6262257071181803
3,2,0.7849231606603135,0.6262257071181803
3,2,0.7336736625568272,0.6519589938054913
3,2,0.7336736625568272,0.6262257071181803
3,2,0.7336736625568272,0.6262257071181803
3,2,0.7336736625568272,0.6519589938054913
3,2,0.6824241644533409,0.6519589938054913
3,2,0.7336736625568272,0.6519589938054913
3,2,0.6824241644533409,0.6776922804928018
3,2,0.6824241644533409,0.6519589938054913
3,2,0.6824241644533409,0.6519589938054913
3,2,0.6824241644533409,0.6776922804928018
3,2,0.6311746663498541,0.6776922804928018
3,2,0.6824241644533409,0.6776922804928018
3,2,0.6311746663498541,0.7034255671801128
3,2,0.6311746663498541,0.6776922804928018
3,2,0.6311746663498541,0.6776922804928018
3,2,0.6311746663498541,0.7034255671801128
3,2,0.5799251682463678,0.7034255671801128
3,2,0.6311746663498541,0.7034255671801128
3,2,0.5799251682463678,0.7291588538674239
3,2,0.5799251682463678,0.7034255671801128
3,2,0.5799251682463678,0.7034255671801128
3,2,0.5799251682463678,0.7291588538674239
3,2,0.5286756701428814,0.7291588538674239
3,2,0.5799251682463678,0.7291588538674239
3,2,0.5286756701428814,0.7548921405547344
3,2,0.5286756701428814,0.7291588538674239
3,2,0.5286756701428814,0.7291588538674239
3,2,0.5286756701428814,0.7548921405547344
3,2,0.4774261720393951,0.7548921405547344
4,2,0.09242014928123243,0.4718259869943151
4,2,0.09242014928123243,0.49755927368162567
4,2,0.041170651177745654,0.4975592736816261
4,2,0.09242014928123243,0.49755927368162567
4,2,0.041170651177745654,0.5232925603689367
4,2,0.041170651177745654,0.4975592736816261
4,2,0.041170651177745654,0.4975592736816261
4,2,0.041170651177745654,0.5232925603689367
3,2,0.9899211530742593,0.5232925603689367
4,2,0.041170651177745654,0.5232925603689367
3,2,0.9899211530742593,0.5490258470562477
3,2,0.9899211530742593,0.5232925603689367
3,2,0.9899211530742593,0.5232925603689367
3,2,0.9899211530742593,0.5490258470562477
3,2,0.938671654970773,0.5490258470562477
3,2,0.9899211530742593,0.5490258470562477
3,2,0.938671654970773,0.5747591337435587
3,2,0.938671654970773,0.5490258470562477
3,2,0.938671654970773,0.5490258470562477
3,2,0.938671654970773,0.5747591337435587
3,2,0.8874221568672862,0.5747591337435587
3,2,0.938671654970773,0.5747591337435587
3,2,0.8874221568672862,0.6004924204308693
3,2,0.8874221568672862,0.5747591337435587
3,2,0.8874221568672862,0.5747591337435587
3,2,0.8874221568672862,0.6004924204308693
3,2,0.8361726587637999,0.6004924204308693
3,2,0.8874221568672862,0.6004924204308693
3,2,0.8361726587637999,0.6262257071181803
3,2,0.8361726587637999,0.6004924204308693
3,2,0.8361726587637999,0.6004924204308693
3,2,0.8361726587637999,0.6262257071181803
3,2,0.7849231606603135,0.6262257071181803
3,2,0.8361726587637999,0.6262257071181803
3,2,0.7849231606603135,0.6519589938054913
3,2,0.7849231606603135,0.6262257071181803
3,2,0.7849231606603135,0.6262257071181803
3,2,0.7849231606603135,0.6519589938054913
3,2,0.7336736625568272,0.6519589938054913
3,2,0.7849231606603135,0.6519589938054913
3,2,0.7336736625568272,0.6776922804928018
3,2,0.7336736625568272,0.6519589938054913
3,2,0.7336736625568272,0.6519589938054913
3,2,0.7336736625568272,0.6776922804928018
3,2,0.6824241644533409,0.6776922804928018
3,2,0.7336736625568272,0.6776922804928018
3,2,0.6824241644533409,0.7034255671801128
3,2,0.6824241644533409,0.6776922804928018
3,2,0.6824241644533409,0.6776922804928018
3,2,0.6824241644533409,0.7034255671801128
3,2,0.6311746663498541,0.7034255671801128
3,2,0.6824241644533409,0.7034255671801128
3,2,0.6311746663498541,0.7291588538674239
3,2,0.6311746663498541,0.7034255671801128
3,2,0.6311746663498541,0.7034255671801128
3,2,0.6311746663498541,0.7291588538674239
3,2,0.5799251682463678,0.7291588538674239
3,2,0.6311746663498541,0.7291588538674239
3,2,0.5799251682463678,0.7548921405547344
3,2,0.5799251682463678,0.7291588538674239
3,2,0.5799251682463678,0.7291588538674239
3,2,0.5799251682463678,0.7548921405547344
3,2,0.5286756701428814,0.7548921405547344
4,2,0.09242014928123243,0.49755927368162567
4,2,0.09242014928123243,0.5232925603689367
4,2,0.041170651177745654,0.5232925603689367
4,2,0.09242014928123243,0.5232925603689367
4,2,0.041170651177745654,0.5490258470562477
4,2,0.041170651177745654,0.5232925603689367
4,2,0.041170651177745654,0.5232925603689367
4,2,0.041170651177745654,0.5490258470562477
3,2,0.9899211530742593,0.5490258470562477
4,2,0.041170651177745654,0.5490258470562477
3,2,0.9899211530742593,0.5747591337435587
3,2,0.9899211530742593,0.5490258470562477
3,2,0.9899211530742593,0.5490258470562477
3,2,0.9899211530742593,0.5747591337435587
3,2,0.938671654970773,0.5747591337435587
3,2,0.9899211530742593,0.5747591337435587
3,2,0.938671654970773,0.6004924204308693
3,2,0.938671654970773,0.5747591337435587
3,2,0.938671654970773,0.5747591337435587
3,2,0.938671654970773,0.6004924204308693
3,2,0.8874221568672862,0.6004924204308693
3,2,0.938671654970773,0.6004924204308693
3,2,0.8874221568672862,0.6262257071181803
3,2,0.8874221568672862,0.6004924204308693
3,2,0.8874221568672862,0.6004924204308693
3,2,0.8874221568672862,0.6262257071181803
3,2,0.8361726587637999,0.6262257071181803
3,2,0.8874221568672862,0.6262257071181803
3,2,0.8361726587637999,0.6519589938054913
3,2,0.8361726587637999,0.6262257071181803
3,2,0.8361726587637999,0.6262257071181803
3,2,0.8361726587637999,0.6519589938054913
3,2,0.7849231606603135,0.6519589938054913
3,2,0.8361726587637999,0.6519589938054913
3,2,0.7849231606603135,0.6776922804928018
3,2,0.7849231606603135,0.6519589938054913
3,2,0.7849231606603135,0.6519589938054913
3,2,0.7849231606603135,0.6776922804928018
3,2,0.7336736625568272,0.6776922804928018
3,2,0.7849231606603135,0.6776922804928018
3,2,0.7336736625568272,0.7034255671801128
3,2,0.7336736625568272,0.6776922804928018
3,2,0.7336736625568272,0.6776922804928018
3,2,0.7336736625568272,0.7034255671801128
3,2,0.6824241644533409,0.7034255671801128
3,2,0.7336736625568272,0.7034255671801128
3,2,0.6824241644533409,0.7291588538674239
3,2,0.6824241644533409,0.7034255671801128
3,2,0.6824241644533409,0.7034255671801128
3,2,0.6824241644533409,0.7291588538674239
3,2,0.6311746663498541,0.7291588538674239
3,2,0.6824241644533409,0.7291588538674239
3,2,0.6311746663498541,0.7548921405547344
3,2,0.6311746663498541,0.7291588538674239
3,2,0.6311746663498541,0.7291588538674239
3,2,0.6311746663498541,0.7548921405547344
3,2,0.5799251682463678,0.7548921405547344
4,2,0.09242014928123243,0.5232925603689367
4,2,0.09242014928123243,0.5490258470562477
4,2,0.041170651177745654,0.5490258470562477
4,2,0.09242014928123243,0.5490258470562477
4,2,0.041170651177745654,0.5747591337435587
4,2,0.041170651177745654,0.5490258470562477
4,2,0.041170651177745654,0.5490258470562477
4,2,0.041170651177745654,0.5747591337435587
3,2,0.9899211530742593,0.5747591337435587
4,2,0.041170651177745654,0.5747591337435587
3,2,0.9899211530742593,0.6004924204308693
3,2,0.9899211530742593,0.5747591337435587
3,2,0.9899211530742593,0.5747591337435587
3,2,0.9899211530742593,0.6004924204308693
3,2,0.938671654970773,0.6004924204308693
3,2,0.9899211530742593,0.6004924204308693
3,2,0.938671654970773,0.6262257071181803
3,2,0.938671654970773,0.6004924204308693
3,2,0.938671654970773,0.6004924204308693
3,2,0.938671654970773,0.6262257071181803
3,2,0.8874221568672862,0.6262257071181803
3,2,0.938671654970773,0.6262257071181803
3,2,0.8874221568672862,0.6519589938054913
3,2,0.8874221568672862,0.6262257071181803
3,2,0.8874221568672862,0.6262257071181803
3,2,0.8874221568672862,0.6519589938054913
3,2,0.8361726587637999,0.6519589938054913
3,2,0.8874221568672862,0.6519589938054913
3,2,0.8361726587637999,0.6776922804928018
3,2,0.8361726587637999,0.6519589938054913
3,2,0.8361726587637999,0.6519589938054913
3,2,0.8361726587637999,0.6776922804928018
3,2,0.7849231606603135,0.6776922804928018
3,2,0.8361726587637999,0.6776922804928018
3,2,0.7849231606603135,0.7034255671801128
3,2,0.7849231606603135,0.6776922804928018
3,2,0.7849231606603135,0.6776922804928018
3,2,0.7849231606603135,0.7034255671801128
3,2,0.7336736625568272,0.7034255671801128
3,2,0.7849231606603135,0.7034255671801128
3,2,0.7336736625568272,0.7291588538674239
3,2,0.7336736625568272,0.7034255671801128
3,2,0.7336736625568272,0.7034255671801128
3,2,0.7336736625568272,0.7291588538674239
3,2,0.6824241644533409,0.7291588538674239
3,2,0.7336736625568272,0.7291588538674239
3,2,0.6824241644533409,0.7548921405547344
3,2,0.6824241644533409,0.7291588538674239
3,2,0.6824241644533409,0.7291588538674239
3,2,0.6824241644533409,0.7548921405547344
3,2,0.6311746663498541,0.7548921405547344
4,2,0.09242014928123243,0.5490258470562477
4,2,0.09242014928123243,0.5747591337435587
4,2,0.041170651177745654,0.5747591337435587
4,2,0.09242014928123243,0.5747591337435587
4,2,0.041170651177745654,0.6004924204308693
4,2,0.041170651177745654,0.5747591337435587
4,2,0.041170651177745654,0.5747591337435587
4,2,0.041170651177745654,0.6004924204308693
3,2,0.9899211530742593,0.6004924204308693
4,2,0.041170651177745654,0.6004924204308693
3,2,0.9899211530742593,0.6262257071181803
3,2,0.9899211530742593,0.6004924204308693
3,2,0.9899211530742593,0.6004924204308693
3,2,0.9899211530742593,0.6262257071181803
3,2,0.938671654970773,0.6262257071181803
3,2,0.9899211530742593,0.6262257071181803
3,2,0.938671654970773,0.6519589938054913
3,2,0.938671654970773,0.6262257071181803
3,2,0.938671654970773,0.6262257071181803
3,2,0.938671654970773,0.6519589938054913
3,2,0.8874221568672862,0.6519589938054913
3,2,0.938671654970773,0.6519589938054913
3,2,0.8874221568672862,0.6776922804928018
3,2,0.8874221568672862,0.6519589938054913
3,2,0.8874221568672862,0.6519589938054913
3,2,0.8874221568672862,0.6776922804928018
3,2,0.8361726587637999,0.6776922804928018
3,2,0.8874221568672862,0.6776922804928018
3,2,0.8361726587637999,0.7034255671801128
3,2,0.8361726587637999,0.6776922804928018
3,2,0.8361726587637999,0.6776922804928018
3,2,0.8361726587637999,0.7034255671801128
3,2,0.7849231606603135,0.7034255671801128
3,2,0.8361726587637999,0.7034255671801128
3,2,0.7849231606603135,0.7291588538674239
3,2,0.7849231606603135,0.7034255671801128
3,2,0.7849231606603135,0.7034255671801128
3,2,0.7849231606603135,0.7291588538674239
3,2,0.7336736625568272,0.7291588538674239
3,2,0.7849231606603135,0.7291588538674239
3,2,0.7336736625568272,0.7548921405547344
3,2,0.7336736625568272,0.7291588538674239
3,2,0.7336736625568272,0.7291588538674239
3,2,0.7336736625568272,0.7548921405547344
3,2,0.6824241644533409,0.7548921405547344
4,2,0.09242014928123243,0.5747591337435587
4,2,0.09242014928123243,0.6004924204308693
4,2,0.041170651177745654,0.6004924204308693
4,2,0.09242014928123243,0.6004924204308693
4,2,0.041170651177745654,0.6262257071181803
4,2,0.041170651177745654,0.6004924204308693
4,2,0.041170651177745654,0.6004924204308693
4,2,0.041170651177745654,0.6262257071181803
3,2,0.9899211530742593,0.6262257071181803
4,2,0.041170651177745654,0.6262257071181803
3,2,0.9899211530742593,0.6519589938054913
3,2,0.9899211530742593,0.6262257071181803
3,2,0.9899211530742593,0.6262257071181803
3,2,0.9899211530742593,0.6519589938054913
3,2,0.938671654970773,0.6519589938054913
3,2,0.9899211530742593,0.6519589938054913
3,2,0.938671654970773,0.6776922804928018
3,2,0.938671654970773,0.6519589938054913
3,2,0.938671654970773,0.6519589938054913
3,2,0.938671654970773,0.6776922804928018
3,2,0.8874221568672862,0.6776922804928018
3,2,0.938671654970773,0.6776922804928018
3,2,0.8874221568672862,0.7034255671801128
3,2,0.8874221568672862,0.6776922804928018
3,2,0.8874221568672862,0.6776922804928018
3,2,0.8874221568672862,0.7034255671801128
3,2,0.8361726587637999,0.7034255671801128
3,2,0.8874221568672862,0.7034255671801128
3,2,0.8361726587637999,0.7291588538674239
3,2,0.8361726587637999,0.7034255671801128
3,2,0.8361726587637999,0.7034255671801128
3,2,0.8361726587637999,0.7291588538674239
3,2,0.7849231606603135,0.7291588538674239
3,2,0.8361726587637999,0.7291588538674239
3,2,0.7849231606603135,0.7548921405547344
3,2,0.7849231606603135,0.7291588538674239
3,2,0.7849231606603135,0.7291588538674239
3,2,0.7849231606603135,0.7548921405547344
3,2,0.7336736625568272,0.7548921405547344
4,2,0.09242014928123243,0.6004924204308693
4,2,0.09242014928123243,0.6262257071181803
4,2,0.041170651177745654,0.6262257071181803
4,2,0.09242014928123243,0.6262257071181803
4,2,0.041170651177745654,0.6519589938054908
4,2,0.041170651177745654,0.6262257071181803
4,2,0.041170651177745654,0.6262257071181803
4,2,0.041170651177745654,0.6519589938054908
3,2,0.9899211530742593,0.6519589938054913
4,2,0.041170651177745654,0.6519589938054908
3,2,0.9899211530742593,0.6776922804928018
3,2,0.9899211530742593,0.6519589938054913
3,2,0.9899211530742593,0.6519589938054913
3,2,0.9899211530742593,0.6776922804928018
3,2,0.938671654970773,0.6776922804928018
3,2,0.9899211530742593,0.6776922804928018
3,2,0.938671654970773,0.7034255671801128
3,2,0.938671654970773,0.6776922804928018
3,2,0.938671654970773,0.6776922804928018
3,2,0.938671654970773,0.7034255671801128
3,2,0.8874221568672862,0.7034255671801128
3,2,0.938671654970773,0.7034255671801128
3,2,0.8874221568672862,0.7291588538674239
3,2,0.8874221568672862,0.7034255671801128
3,2,0.8874221568672862,0.7034255671801128
3,2,0.8874221568672862,0.7291588538674239
3,2,0.8361726587637999,0.7291588538674239
3,2,0.8874221568672862,0.7291588538674239
3,2,0.8361726587637999,0.7548921405547344
3,2,0.8361726587637999,0.7291588538674239
3,2,0.8361726587637999,0.7291588538674239
3,2,0.8361726587637999,0.7548921405547344
3,2,0.7849231606603135,0.7548921405547344
4,2,0.09242014928123243,0.6262257071181803
4,2,0.09242014928123243,0.6519589938054913
4,2,0.041170651177745654,0.6519589938054908
4,2,0.09242014928123243,0.6519589938054913
4,2,0.041170651177745654,0.6776922804928018
4,2,0.041170651177745654,0.6519589938054908
4,2,0.041170651177745654,0.6519589938054908
4,2,0.041170651177745654,0.6776922804928018
3,2,0.9899211530742593,0.6776922804928018
4,2,0.041170651177745654,0.6776922804928018
3,2,0.9899211530742593,0.7034255671801128
3,2,0.9899211530742593,0.6776922804928018
3,2,0.9899211530742593,0.6776922804928018
3,2,0.9899211530742593,0.7034255671801128
3,2,0.938671654970773,0.7034255671801128
3,2,0.9899211530742593,0.7034255671801128
3,2,0.938671654970773,0.7291588538674239
3,2,0.938671654970773,0.7034255671801128
3,2,0.938671654970773,0.7034255671801128
3,2,0.938671654970773,0.7291588538674239
3,2,0.8874221568672862,0.7291588538674239
3,2,0.938671654970773,0.7291588538674239
3,2,0.8874221568672862,0.7548921405547344
3,2,0.8874221568672862,0.7291588538674239
3,2,0.8874221568672862,0.7291588538674239
3,2,0.8874221568672862,0.7548921405547344
3,2,0.8361726587637999,0.7548921405547344
4,2,0.09242014928123243,0.6519589938054913
4,2,0.09242014928123243,0.6776922804928018
4,2,0.041170651177745654,0.6776922804928018
4,2,0.09242014928123243,0.6776922804928018
4,2,0.041170651177745654,0.7034255671801128
4,2,0.041170651177745654,0.6776922804928018
4,2,0.041170651177745654,0.6776922804928018
4,2,0.041170651177745654,0.7034255671801128
3,2,0.9899211530742593,0.7034255671801128
4,2,0.041170651177745654,0.7034255671801128
3,2,0.9899211530742593,0.7291588538674239
3,2,0.9899211530742593,0.7034255671801128
3,2,0.9899211530742593,0.7034255671801128
3,2,0.9899211530742593,0.7291588538674239
3,2,0.938671654970773,0.7291588538674239
3,2,0.9899211530742593,0.7291588538674239
3,2,0.938671654970773,0.7548921405547344
3,2,0.938671654970773,0.7291588538674239
3,2,0.938671654970773,0.7291588538674239
3,2,0.938671654970773,0.7548921405547344
3,2,0.8874221568672862,0.7548921405547344
4,2,0.09242014928123243,0.6776922804928018
4,2,0.09242014928123243,0.7034255671801128
4,2,0.041170651177745654,0.7034255671801128
4,2,0.09242014928123243,0.7034255671801128
4,2,0.041170651177745654,0.7291588538674239
4,2,0.041170651177745654,0.7034255671801128
4,2,0.041170651177745654,0.7034255671801128
4,2,0.041170651177745654,0.7291588538674239
3,2,0.9899211530742593,0.7291588538674239
4,2,0.041170651177745654,0.7291588538674239
3,2,0.9899211530742593,0.7548921405547344
3,2,0.9899211530742593,0.7291588538674239
3,2,0.9899211530742593,0.7291588538674239
3,2,0.9899211530742593,0.7548921405547344
3,2,0.938671654970773,0.7548921405547344
4,2,0.09242014928123243,0.7034255671801128
4,2,0.09242014928123243,0.7291588538674239
4,2,0.041170651177745654,0.7291588538674239
4,2,0.09242014928123243,0.7291588538674239
4,2,0.041170651177745654,0.7548921405547344
4,2,0.041170651177745654,0.7291588538674239
4,2,0.041170651177745654,0.7291588538674239
4,2,0.041170651177745654,0.7548921405547344
3,2,0.9899211530742593,0.7548921405547344
4,2,0.09242014928123243,0.7291588538674239
4,2,0.09242014928123243,0.7548921405547344
4,2,0.041170651177745654,0.7548921405547344
3,2,0.16992918341847618,0.7548921405547344
3,2,0.16992918341847618,0.7291588538674239
3,2,0.22117868152196252,0.7291588538674239
3,2,0.16992918341847618,0.7291588538674239
3,2,0.22117868152196252,0.7034255671801128
3,2,0.22117868152196252,0.7291588538674239
3,2,0.22117868152196252,0.7291588538674239
3,2,0.22117868152196252,0.7034255671801128
3,2,0.2724281796254493,0.7034255671801128
3,2,0.22117868152196252,0.7034255671801128
3,2,0.2724281796254493,0.6776922804928018
3,2,0.2724281796254493,0.7034255671801128
3,2,0.2724281796254493,0.7034255671801128
3,2,0.2724281796254493,0.6776922804928018
3,2,0.32367767772893563,0.6776922804928018
3,2,0.2724281796254493,0.6776922804928018
3,2,0.32367767772893563,0.6519589938054913
3,2,0.32367767772893563,0.6776922804928018
3,2,0.32367767772893563,0.6776922804928018
3,2,0.32367767772893563,0.6519589938054913
3,2,0.37492717583242197,0.6519589938054913
3,2,0.32367767772893563,0.6519589938054913
3,2,0.37492717583242197,0.6262257071181803
3,2,0.37492717583242197,0.6519589938054913
3,2,0.37492717583242197,0.6519589938054913
3,2,0.37492717583242197,0.6262257071181803
3,2,0.4261766739359083,0.6262257071181803
3,2,0.37492717583242197,0.6262257071181803
3,2,0.4261766739359083,0.6004924204308693
3,2,0.4261766739359083,0.6262257071181803
3,2,0.4261766739359083,0.6262257071181803
3,2,0.4261766739359083,0.6004924204308693
3,2,0.47742617203939464,0.6004924204308693
3,2,0.4261766739359083,0.6004924204308693
3,2,0.47742617203939464,0.5747591337435587
3,2,0.47742617203939464,0.6004924204308693
3,2,0.47742617203939464,0.6004924204308693
3,2,0.47742617203939464,0.5747591337435587
3,2,0.5286756701428814,0.5747591337435587
3,2,0.47742617203939464,0.5747591337435587
3,2,0.5286756701428814,0.5490258470562477
3,2,0.5286756701428814,0.5747591337435587
3,2,0.5286756701428814,0.5747591337435587
3,2,0.5286756701428814,0.5490258470562477
3,2,0.5799251682463678,0.5490258470562477
3,2,0.5286756701428814,0.5490258470562477
3,2,0.5799251682463678,0.5232925603689367
3,2,0.5799251682463678,0.5490258470562477
3,2,0.5799251682463678,0.5490258470562477
3,2,0.5799251682463678,0.5232925603689367
3,2,0.6311746663498541,0.5232925603689367
3,2,0.5799251682463678,0.5232925603689367
3,2,0.6311746663498541,0.49755927368162567
3,2,0.6311746663498541,0.5232925603689367
3,2,0.6311746663498541,0.5232925603689367
3,2,0.6311746663498541,0.49755927368162567
3,2,0.6824241644533409,0.49755927368162567
3,2,0.6311746663498541,0.49755927368162567
3,2,0.6824241644533409,0.4718259869943151
3,2,0.6824241644533409,0.49755927368162567
3,2,0.6824241644533409,0.49755927368162567
3,2,0.6824241644533409,0.4718259869943151
3,2,0.7336736625568272,0.4718259869943151
3,2,0.6824241644533409,0.4718259869943151
3,2,0.7336736625568272,0.4460927003070041
3,2,0.7336736625568272,0.4718259869943151
3,2,0.7336736625568272,0.4718259869943151
3,2,0.7336736625568272,0.4460927003070041
3,2,0.7849231606603135,0.4460927003070041
3,2,0.7336736625568272,0.4460927003070041
3,2,0.7849231606603135,0.42035941361969353
3,2,0.7849231606603135,0.4460927003070041
3,2,0.7849231606603135,0.4460927003070041
3,2,0.7849231606603135,0.42035941361969353
3,2,0.8361726587637999,0.42035941361969353
3,2,0.7849231606603135,0.42035941361969353
3,2,0.8361726587637999,0.3946261269323825
3,2,0.8361726587637999,0.42035941361969353
3,2,0.8361726587637999,0.42035941361969353
3,2,0.8361726587637999,0.3946261269323825
3,2,0.8874221568672862,0.3946261269323825
3,2,0.8361726587637999,0.3946261269323825
3,2,0.8874221568672862,0.3688928402450715
3,2,0.8874221568672862,0.3946261269323825
3,2,0.8874221568672862,0.3946261269323825
3,2,0.8874221568672862,0.3688928402450715
3,2,0.938671654970773,0.3688928402450715
3,2,0.8874221568672862,0.3688928402450715
3,2,0.938671654970773,0.3431595535577605
3,2,0.938671654970773,0.3688928402450715
3,2,0.938671654970773,0.3688928402450715
3,2,0.938671654970773,0.3431595535577605
3,2,0.9899211530742593,0.3431595535577605
3,2,0.938671654970773,0.3431595535577605
3,2,0.9899211530742593,0.31742626687044995
3,2,0.9899211530742593,0.3431595535577605
3,2,0.9899211530742593,0.3431595535577605
3,2,0.9899211530742593,0.31742626687044995
4,2,0.041170651177745654,0.31742626687044995
3,2,0.9899211530742593,0.31742626687044995
4,2,0.041170651177745654,0.29169298018313894
4,2,0.041170651177745654,0.31742626687044995
4,2,0.041170651177745654,0.31742626687044995
4,2,0.041170651177745654,0.29169298018313894
4,2,0.09242014928123243,0.29169298018313894
3,2,0.16992918341847618,0.7291588538674239
3,2,0.16992918341847618,0.7034255671801128
3,2,0.22117868152196252,0.7034255671801128
3,2,0.16992918341847618,0.7034255671801128
3,2,0.22117868152196252,0.6776922804928018
3,2,0.22117868152196252,0.7034255671801128
3,2,0.22117868152196252,0.7034255671801128
3,2,0.22117868152196252,0.6776922804928018
3,2,0.2724281796254493,0.6776922804928018
3,2,0.22117868152196252,0.6776922804928018
3,2,0.2724281796254493,0.6519589938054913
3,2,0.2724281796254493,0.6776922804928018
3,2,0.2724281796254493,0.6776922804928018
3,2,0.2724281796254493,0.6519589938054913
3,2,0.32367767772893563,0.6519589938054913
3,2,0.2724281796254493,0.6519589938054913
3,2,0.32367767772893563,0.6262257071181803
3,2,0.32367767772893563,0.6519589938054913
3,2,0.32367767772893563,0.6519589938054913
3,2,0.32367767772893563,0.6262257071181803
3,2,0.37492717583242197,0.6262257071181803
3,2,0.32367767772893563,0.6262257071181803
3,2,0.37492717583242197,0.6004924204308693
3,2,0.37492717583242197,0.6262257071181803
3,2,0.37492717583242197,0.6262257071181803
3,2,0.37492717583242197,0.6004924204308693
3,2,0.4261766739359083,0.6004924204308693
3,2,0.37492717583242197,0.6004924204308693
3,2,0.4261766739359083,0.5747591337435587
3,2,0.4261766739359083,0.6004924204308693
3,2,0.4261766739359083,0.6004924204308693
3,2,0.4261766739359083,0.5747591337435587
3,2,0.47742617203939464,0.5747591337435587
3,2,0.4261766739359083,0.5747591337435587
3,2,0.4774261720393951,0.5490258470562477
3,2,0.47742617203939464,0.5747591337435587
3,2,0.47742617203939464,0.5747591337435587
3,2,0.4774261720393951,0.5490258470562477
3,2,0.5286756701428814,0.5490258470562477
3,2,0.4774261720393951,0.5490258470562477
3,2,0.5286756701428814,0.5232925603689367
3,2,0.5286756701428814,0.5490258470562477
3,2,0.5286756701428814,0.5490258470562477
3,2,0.5286756701428814,0.5232925603689367
3,2,0.5799251682463678,0.5232925603689367
3,2,0.5286756701428814,0.5232925603689367
3,2,0.5799251682463678,0.49755927368162567
3,2,0.5799251682463678,0.5232925603689367
3,2,0.5799251682463678,0.5232925603689367
3,2,0.5799251682463678,0.49755927368162567
3,2,0.6311746663498541,0.49755927368162567
3,2,0.5799251682463678,0.49755927368162567
3,2,0.6311746663498541,0.4718259869943151
3,2,0.6311746663498541,0.49755927368162567
3,2,0.6311746663498541,0.49755927368162567
3,2,0.6311746663498541,0.4718259869943151
3,2,0.6824241644533409,0.4718259869943151
3,2,0.6311746663498541,0.4718259869943151
3,2,0.6824241644533404,0.4460927003070041
3,2,0.6824241644533409,0.4718259869943151
3,2,0.6824241644533409,0.4718259869943151
3,2,0.6824241644533404,0.4460927003070041
3,2,0.7336736625568272,0.4460927003070041
3,2,0.6824241644533404,0.4460927003070041
3,2,0.7336736625568272,0.42035941361969353
3,2,0.7336736625568272,0.4460927003070041
3,2,0.7336736625568272,0.4460927003070041
3,2,0.7336736625568272,0.42035941361969353
3,2,0.7849231606603135,0.42035941361969353
3,2,0.7336736625568272,0.42035941361969353
3,2,0.7849231606603135,0.3946261269323825
3,2,0.7849231606603135,0.42035941361969353
3,2,0.7849231606603135,0.42035941361969353
3,2,0.7849231606603135,0.3946261269323825
3,2,0.8361726587637999,0.3946261269323825
3,2,0.7849231606603135,0.3946261269323825
3,2,0.8361726587637999,0.3688928402450715
3,2,0.8361726587637999,0.3946261269323825
3,2,0.8361726587637999,0.3946261269323825
3,2,0.8361726587637999,0.3688928402450715
3,2,0.8874221568672862,0.3688928402450715
3,2,0.8361726587637999,0.3688928402450715
3,2,0.8874221568672862,0.3431595535577605
3,2,0.8874221568672862,0.3688928402450715
3,2,0.8874221568672862,0.3688928402450715
3,2,0.8874221568672862,0.3431595535577605
3,2,0.938671654970773,0.3431595535577605
3,2,0.8874221568672862,0.3431595535577605
3,2,0.938671654970773,0.31742626687044995
3,2,0.938671654970773,0.3431595535577605
3,2,0.938671654970773,0.3431595535577605
3,2,0.938671654970773,0.31742626687044995
3,2,0.9899211530742593,0.31742626687044995
3,2,0.938671654970773,0.31742626687044995
3,2,0.9899211530742593,0.29169298018313894
3,2,0.9899211530742593,0.31742626687044995
3,2,0.9899211530742593,0.31742626687044995
3,2,0.9899211530742593,0.29169298018313894
4,2,0.041170651177745654,0.29169298018313894
3,2,0.16992918341847618,0.7034255671801128
3,2,0.16992918341847618,0.6776922804928018
3,2,0.22117868152196252,0.6776922804928018
3,2,0.16992918341847618,0.6776922804928018
3,2,0.22117868152196252,0.6519589938054913
3,2,0.22117868152196252,0.6776922804928018
3,2,0.22117868152196252,0.6776922804928018
3,2,0.22117868152196252,0.6519589938054913
3,2,0.2724281796254493,0.6519589938054913
3,2,0.22117868152196252,0.6519589938054913
3,2,0.2724281796254493,0.6262257071181803
3,2,0.2724281796254493,0.6519589938054913
3,2,0.2724281796254493,0.6519589938054913
3,2,0.2724281796254493,0.6262257071181803
3,2,0.32367767772893563,0.6262257071181803
3,2,0.2724281796254493,0.6262257071181803
3,2,0.32367767772893563,0.6004924204308693
3,2,0.32367767772893563,0.6262257071181803
3,2,0.32367767772893563,0.6262257071181803
3,2,0.32367767772893563,0.6004924204308693
3,2,0.37492717583242197,0.6004924204308693
3,2,0.32367767772893563,0.6004924204308693
3,2,0.37492717583242197,0.5747591337435587
3,2,0.37492717583242197,0.6004924204308693
3,2,0.37492717583242197,0.6004924204308693
3,2,0.37492717583242197,0.5747591337435587
3,2,0.4261766739359083,0.5747591337435587
3,2,0.37492717583242197,0.5747591337435587
3,2,0.4261766739359083,0.5490258470562477
3,2,0.4261766739359083,0.5747591337435587
3,2,0.4261766739359083,0.5747591337435587
3,2,0.4261766739359083,0.5490258470562477
3,2,0.4774261720393951,0.5490258470562477
3,2,0.4261766739359083,0.5490258470562477
3,2,0.4774261720393951,0.5232925603689367
3,2,0.4774261720393951,0.5490258470562477
3,2,0.4774261720393951,0.5490258470562477
3,2,0.4774261720393951,0.5232925603689367
3,2,0.5286756701428814,0.5232925603689367
3,2,0.4774261720393951,0.5232925603689367
3,2,0.5286756701428814,0.49755927368162567
3,2,0.5286756701428814,0.5232925603689367
3,2,0.5286756701428814,0.5232925603689367
3,2,0.5286756701428814,0.49755927368162567
3,2,0.5799251682463678,0.49755927368162567
3,2,0.5286756701428814,0.49755927368162567
3,2,0.5799251682463678,0.4718259869943151
3,2,0.5799251682463678,0.49755927368162567
3,2,0.5799251682463678,0.49755927368162567
3,2,0.5799251682463678,0.4718259869943151
3,2,0.6311746663498541,0.4718259869943151
3,2,0.5799251682463678,0.4718259869943151
3,2,0.6311746663498541,0.4460927003070041
3,2,0.6311746663498541,0.4718259869943151
3,2,0.6311746663498541,0.4718259869943151
3,2,0.6311746663498541,0.4460927003070041
3,2,0.6824241644533404,0.4460927003070041
3,2,0.6311746663498541,0.4460927003070041
3,2,0.6824241644533409,0.42035941361969353
3,2,0.6824241644533404,0.4460927003070041
3,2,0.6824241644533404,0.4460927003070041
3,2,0.6824241644533409,0.42035941361969353
3,2,0.7336736625568272,0.42035941361969353
3,2,0.6824241644533409,0.42035941361969353
3,2,0.7336736625568272,0.3946261269323825
3,2,0.7336736625568272,0.42035941361969353
3,2,0.7336736625568272,0.42035941361969353
3,2,0.7336736625568272,0.3946261269323825
3,2,0.7849231606603135,0.3946261269323825
3,2,0.7336736625568272,0.3946261269323825
3,2,0.7849231606603135,0.3688928402450715
3,2,0.7849231606603135,0.3946261269323825
3,2,0.7849231606603135,0.3946261269323825
3,2,0.7849231606603135,0.3688928402450715
3,2,0.8361726587637999,0.3688928402450715
3,2,0.7849231606603135,0.3688928402450715
3,2,0.8361726587637999,0.3431595535577605
3,2,0.8361726587637999,0.3688928402450715
3,2,0.8361726587637999,0.3688928402450715
3,2,0.8361726587637999,0.3431595535577605
3,2,0.8874221568672862,0.3431595535577605
3,2,0.8361726587637999,0.3431595535577605
3,2,0.8874221568672862,0.31742626687044995
3,2,0.8874221568672862,0.3431595535577605
3,2,0.8874221568672862,0.3431595535577605
3,2,0.8874221568672862,0.31742626687044995
3,2,0.938671654970773,0.31742626687044995
3,2,0.8874221568672862,0.31742626687044995
3,2,0.938671654970773,0.29169298018313894
3,2,0.938671654970773,0.31742626687044995
3,2,0.938671654970773,0.31742626687044995
3,2,0.938671654970773,0.29169298018313894
3,2,0.9899211530742593,0.29169298018313894
3,2,0.16992918341847618,0.6776922804928018
3,2,0.16992918341847618,0.6519589938054913
3,2,0.22117868152196252,0.6519589938054913
3,2,0.16992918341847618,0.6519589938054913
3,2,0.22117868152196252,0.6262257071181803
3,2,0.22117868152196252,0.6519589938054913
3,2,0.22117868152196252,0.6519589938054913
3,2,0.22117868152196252,0.6262257071181803
3,2,0.2724281796254493,0.6262257071181803
3,2,0.22117868152196252,0.6262257071181803
3,2,0.2724281796254493,0.6004924204308693
3,2,0.2724281796254493,0.6262257071181803
3,2,0.2724281796254493,0.6262257071181803
3,2,0.2724281796254493,0.6004924204308693
3,2,0.32367767772893563,0.6004924204308693
3,2,0.2724281796254493,0.6004924204308693
3,2,0.32367767772893563,0.5747591337435587
3,2,0.32367767772893563,0.6004924204308693
3,2,0.32367767772893563,0.6004924204308693
3,2,0.32367767772893563,0.5747591337435587
3,2,0.37492717583242197,0.5747591337435587
3,2,0.32367767772893563,0.5747591337435587
3,2,0.37492717583242197,0.5490258470562477
3,2,0.37492717583242197,0.5747591337435587
3,2,0.37492717583242197,0.5747591337435587
3,2,0.37492717583242197,0.5490258470562477
3,2,0.4261766739359083,0.5490258470562477
3,2,0.37492717583242197,0.5490258470562477
3,2,0.4261766739359083,0.5232925603689367
3,2,0.4261766739359083,0.5490258470562477
3,2,0.4261766739359083,0.5490258470562477
3,2,0.4261766739359083,0.5232925603689367
3,2,0.4774261720393951,0.5232925603689367
3,2,0.4261766739359083,0.5232925603689367
3,2,0.4774261720393951,0.49755927368162567
3,2,0.4774261720393951,0.5232925603689367
3,2,0.4774261720393951,0.5232925603689367
3,2,0.4774261720393951,0.49755927368162567
3,2,0.5286756701428814,0.49755927368162567
3,2,0.4774261720393951,0.49755927368162567
3,2,0.5286756701428814,0.4718259869943151
3,2,0.5286756701428814,0.49755927368162567
3,2,0.5286756701428814,0.49755927368162567
3,2,0.5286756701428814,0.4718259869943151
3,2,0.5799251682463678,0.4718259869943151
3,2,0.5286756701428814,0.4718259869943151
3,2,0.5799251682463678,0.4460927003070041
3,2,0.5799251682463678,0.4718259869943151
3,2,0.5799251682463678,0.4718259869943151
3,2,0.5799251682463678,0.4460927003070041
3,2,0.6311746663498541,0.4460927003070041
3,2,0.5799251682463678,0.4460927003070041
3,2,0.6311746663498541,0.42035941361969353
3,2,0.6311746663498541,0.4460927003070041
3,2,0.6311746663498541,0.4460927003070041
3,2,0.6311746663498541,0.42035941361969353
3,2,0.6824241644533409,0.42035941361969353
3,2,0.6311746663498541,0.42035941361969353
3,2,0.6824241644533409,0.3946261269323825
3,2,0.6824241644533409,0.42035941361969353
3,2,0.6824241644533409,0.42035941361969353
3,2,0.6824241644533409,0.3946261269323825
3,2,0.7336736625568272,0.3946261269323825
3,2,0.6824241644533409,0.3946261269323825
3,2,0.7336736625568272,0.3688928402450715
3,2,0.7336736625568272,0.3946261269323825
3,2,0.7336736625568272,0.3946261269323825
3,2,0.7336736625568272,0.3688928402450715
3,2,0.7849231606603135,0.3688928402450715
3,2,0.7336736625568272,0.3688928402450715
3,2,0.7849231606603135,0.3431595535577605
3,2,0.7849231606603135,0.3688928402450715
3,2,0.7849231606603135,0.3688928402450715
3,2,0.7849231606603135,0.3431595535577605
3,2,0.8361726587637999,0.3431595535577605
3,2,0.7849231606603135,0.3431595535577605
3,2,0.8361726587637999,0.31742626687044995
3,2,0.8361726587637999,0.3431595535577605
3,2,0.8361726587637999,0.3431595535577605
3,2,0.8361726587637999,0.31742626687044995
3,2,0.8874221568672862,0.31742626687044995
3,2,0.8361726587637999,0.31742626687044995
3,2,0.8874221568672862,0.29169298018313894
3,2,0.8874221568672862,0.31742626687044995
3,2,0.8874221568672862,0.31742626687044995
3,2,0.8874221568672862,0.29169298018313894
3,2,0.938671654970773,0.29169298018313894
3,2,0.16992918341847618,0.6519589938054913
3,2,0.16992918341847618,0.6262257071181803
3,2,0.22117868152196252,0.6262257071181803
3,2,0.16992918341847618,0.6262257071181803
3,2,0.22117868152196252,0.6004924204308693
3,2,0.22117868152196252,0.6262257071181803
3,2,0.22117868152196252,0.6262257071181803
3,2,0.22117868152196252,0.6004924204308693
3,2,0.2724281796254493,0.6004924204308693
3,2,0.22117868152196252,0.6004924204308693
3,2,0.2724281796254493,0.5747591337435587
3,2,0.2724281796254493,0.6004924204308693
3,2,0.2724281796254493,0.6004924204308693
3,2,0.2724281796254493,0.5747591337435587
3,2,0.32367767772893563,0.5747591337435587
3,2,0.2724281796254493,0.5747591337435587
3,2,0.32367767772893563,0.5490258470562477
3,2,0.32367767772893563,0.5747591337435587
3,2,0.32367767772893563,0.5747591337435587
3,2,0.32367767772893563,0.5490258470562477
3,2,0.37492717583242197,0.5490258470562477
3,2,0.32367767772893563,0.5490258470562477
3,2,0.37492717583242197,0.5232925603689367
3,2,0.37492717583242197,0.5490258470562477
3,2,0.37492717583242197,0.5490258470562477
3,2,0.37492717583242197,0.5232925603689367
3,2,0.4261766739359083,0.5232925603689367
3,2,0.37492717583242197,0.5232925603689367
3,2,0.4261766739359083,0.49755927368162567
3,2,0.4261766739359083,0.5232925603689367
3,2,0.4261766739359083,0.5232925603689367
3,2,0.4261766739359083,0.49755927368162567
3,2,0.4774261720393951,0.49755927368162567
3,2,0.4261766739359083,0.49755927368162567
3,2,0.4774261720393951,0.4718259869943151
3,2,0.4774261720393951,0.49755927368162567
3,2,0.4774261720393951,0.49755927368162567
3,2,0.4774261720393951,0.4718259869943151
3,2,0.5286756701428814,0.4718259869943151
3,2,0.4774261720393951,0.4718259869943151
3,2,0.5286756701428814,0.4460927003070041
3,2,0.5286756701428814,0.4718259869943151
3,2,0.5286756701428814,0.4718259869943151
3,2,0.5286756701428814,0.4460927003070041
3,2,0.5799251682463678,0.4460927003070041
3,2,0.5286756701428814,0.4460927003070041
3,2,0.5799251682463678,0.42035941361969353
3,2,0.5799251682463678,0.4460927003070041
3,2,0.5799251682463678,0.4460927003070041
3,2,0.5799251682463678,0.42035941361969353
3,2,0.6311746663498541,0.42035941361969353
3,2,0.5799251682463678,0.42035941361969353
3,2,0.6311746663498541,0.3946261269323825
3,2,0.6311746663498541,0.42035941361969353
3,2,0.6311746663498541,0.42035941361969353
3,2,0.6311746663498541,0.3946261269323825
3,2,0.6824241644533409,0.3946261269323825
3,2,0.6311746663498541,0.3946261269323825
3,2,0.6824241644533409,0.3688928402450715
3,2,0.6824241644533409,0.3946261269323825
3,2,0.6824241644533409,0.3946261269323825
3,2,0.6824241644533409,0.3688928402450715
3,2,0.7336736625568272,0.3688928402450715
3,2,0.6824241644533409,0.3688928402450715
3,2,0.7336736625568272,0.3431595535577605
3,2,0.7336736625568272,0.3688928402450715
3,2,0.7336736625568272,0.3688928402450715
3,2,0.7336736625568272,0.3431595535577605
3,2,0.7849231606603135,0.3431595535577605
3,2,0.7336736625568272,0.3431595535577605
3,2,0.7849231606603135,0.31742626687044995
3,2,0.7849231606603135,0.3431595535577605
3,2,0.7849231606603135,0.3431595535577605
3,2,0.7849231606603135,0.31742626687044995
3,2,0.8361726587637999,0.31742626687044995
3,2,0.7849231606603135,0.31742626687044995
3,2,0.8361726587637999,0.29169298018313894
3,2,0.8361726587637999,0.31742626687044995
3,2,0.8361726587637999,0.31742626687044995
3,2,0.8361726587637999,0.29169298018313894
3,2,0.8874221568672862,0.29169298018313894
3,2,0.16992918341847618,0.6262257071181803
3,2,0.16992918341847618,0.6004924204308693
3,2,0.22117868152196252,0.6004924204308693
3,2,0.16992918341847618,0.6004924204308693
3,2,0.22117868152196252,0.5747591337435587
3,2,0.22117868152196252,0.6004924204308693
3,2,0.22117868152196252,0.6004924204308693
3,2,0.22117868152196252,0.5747591337435587
3,2,0.2724281796254493,0.5747591337435587
3,2,0.22117868152196252,0.5747591337435587
3,2,0.2724281796254493,0.5490258470562477
3,2,0.2724281796254493,0.5747591337435587
3,2,0.2724281796254493,0.5747591337435587
3,2,0.2724281796254493,0.5490258470562477
3,2,0.32367767772893563,0.5490258470562477
3,2,0.2724281796254493,0.5490258470562477
3,2,0.32367767772893563,0.5232925603689367
3,2,0.32367767772893563,0.5490258470562477
3,2,0.32367767772893563,0.5490258470562477
3,2,0.32367767772893563,0.5232925603689367
3,2,0.37492717583242197,0.5232925603689367
3,2,0.32367767772893563,0.5232925603689367
3,2,0.37492717583242197,0.49755927368162567
3,2,0.37492717583242197,0.5232925603689367
3,2,0.37492717583242197,0.5232925603689367
3,2,0.37492717583242197,0.49755927368162567
3,2,0.4261766739359083,0.49755927368162567
3,2,0.37492717583242197,0.49755927368162567
3,2,0.4261766739359083,0.4718259869943151
3,2,0.4261766739359083,0.49755927368162567
3,2,0.4261766739359083,0.49755927368162567
3,2,0.4261766739359083,0.4718259869943151
3,2,0.4774261720393951,0.4718259869943151
3,2,0.4261766739359083,0.4718259869943151
3,2,0.4774261720393951,0.4460927003070041
3,2,0.4774261720393951,0.4718259869943151
3,2,0.4774261720393951,0.4718259869943151
3,2,0.4774261720393951,0.4460927003070041
3,2,0.5286756701428814,0.4460927003070041
3,2,0.4774261720393951,0.4460927003070041
3,2,0.5286756701428814,0.42035941361969353
3,2,0.5286756701428814,0.4460927003070041
3,2,0.5286756701428814,0.4460927003070041
3,2,0.5286756701428814,0.42035941361969353
3,2,0.5799251682463678,0.42035941361969353
3,2,0.5286756701428814,0.42035941361969353
3,2,0.5799251682463678,0.3946261269323825
3,2,0.5799251682463678,0.42035941361969353
3,2,0.5799251682463678,0.42035941361969353
3,2,0.5799251682463678,0.3946261269323825
3,2,0.6311746663498541,0.3946261269323825
3,2,0.5799251682463678,0.3946261269323825
3,2,0.6311746663498541,0.3688928402450715
3,2,0.6311746663498541,0.3946261269323825
3,2,0.6311746663498541,0.3946261269323825
3,2,0.6311746663498541,0.3688928402450715
3,2,0.6824241644533409,0.3688928402450715
3,2,0.6311746663498541,0.3688928402450715
3,2,0.6824241644533404,0.3431595535577605
3,2,0.6824241644533409,0.3688928402450715
3,2,0.6824241644533409,0.3688928402450715
3,2,0.6824241644533404,0.3431595535577605
3,2,0.7336736625568272,0.3431595535577605
3,2,0.6824241644533404,0.3431595535577605
3,2,0.7336736625568272,0.31742626687044995
3,2,0.7336736625568272,0.3431595535577605
3,2,0.7336736625568272,0.3431595535577605
3,2,0.7336736625568272,0.31742626687044995
3,2,0.7849231606603135,0.31742626687044995
3,2,0.7336736625568272,0.31742626687044995
3,2,0.7849231606603135,0.29169298018313894
3,2,0.7849231606603135,0.31742626687044995
3,2,0.7849231606603135,0.31742626687044995
3,2,0.7849231606603135,0.29169298018313894
3,2,0.8361726587637999,0.29169298018313894
3,2,0.16992918341847618,0.6004924204308693
3,2,0.16992918341847618,0.5747591337435587
3,2,0.22117868152196252,0.5747591337435587
3,2,0.16992918341847618,0.5747591337435587
3,2,0.22117868152196252,0.5490258470562477
3,2,0.22117868152196252,0.5747591337435587
3,2,0.22117868152196252,0.5747591337435587
3,2,0.22117868152196252,0.5490258470562477
3,2,0.2724281796254493,0.5490258470562477
3,2,0.22117868152196252,0.5490258470562477
3,2,0.2724281796254493,0.5232925603689367
3,2,0.2724281796254493,0.5490258470562477
3,2,0.2724281796254493,0.5490258470562477
3,2,0.2724281796254493,0.5232925603689367
3,2,0.32367767772893563,0.5232925603689367
3,2,0.2724281796254493,0.5232925603689367
3,2,0.32367767772893563,0.49755927368162567
3,2,0.32367767772893563,0.5232925603689367
3,2,0.32367767772893563,0.5232925603689367
3,2,0.32367767772893563,0.49755927368162567
3,2,0.37492717583242197,0.49755927368162567
3,2,0.32367767772893563,0.49755927368162567
3,2,0.37492717583242197,0.4718259869943151
3,2,0.37492717583242197,0.49755927368162567
3,2,0.37492717583242197,0.49755927368162567
3,2,0.37492717583242197,0.4718259869943151
3,2,0.4261766739359083,0.4718259869943151
3,2,0.37492717583242197,0.4718259869943151
3,2,0.4261766739359083,0.4460927003070041
3,2,0.4261766739359083,0.4718259869943151
3,2,0.4261766739359083,0.4718259869943151
3,2,0.4261766739359083,0.4460927003070041
3,2,0.4774261720393951,0.4460927003070041
3,2,0.4261766739359083,0.4460927003070041
3,2,0.4774261720393951,0.42035941361969353
3,2,0.4774261720393951,0.4460927003070041
3,2,0.4774261720393951,0.4460927003070041
3,2,0.4774261720393951,0.42035941361969353
3,2,0.5286756701428814,0.42035941361969353
3,2,0.4774261720393951,0.42035941361969353
3,2,0.5286756701428814,0.3946261269323825
3,2,0.5286756701428814,0.42035941361969353
3,2,0.5286756701428814,0.42035941361969353
3,2,0.5286756701428814,0.3946261269323825
3,2,0.5799251682463678,0.3946261269323825
3,2,0.5286756701428814,0.3946261269323825
3,2,0.5799251682463678,0.3688928402450715
3,2,0.5799251682463678,0.3946261269323825
3,2,0.5799251682463678,0.3946261269323825
3,2,0.5799251682463678,0.3688928402450715
3,2,0.6311746663498541,0.3688928402450715
3,2,0.5799251682463678,0.3688928402450715
3,2,0.6311746663498541,0.3431595535577605
3,2,0.6311746663498541,0.3688928402450715
3,2,0.6311746663498541,0.3688928402450715
3,2,0.6311746663498541,0.3431595535577605
3,2,0.6824241644533404,0.3431595535577605
3,2,0.6311746663498541,0.3431595535577605
3,2,0.6824241644533404,0.31742626687044995
3,2,0.6824241644533404,0.3431595535577605
3,2,0.6824241644533404,0.3431595535577605
3,2,0.6824241644533404,0.31742626687044995
3,2,0.7336736625568272,0.31742626687044995
3,2,0.6824241644533404,0.31742626687044995
3,2,0.7336736625568272,0.29169298018313894
3,2,0.7336736625568272,0.31742626687044995
3,2,0.7336736625568272,0.31742626687044995
3,2,0.7336736625568272,0.29169298018313894
3,2,0.7849231606603135,0.29169298018313894
3,2,0.16992918341847618,0.5747591337435587
3,2,0.16992918341847618,0.5490258470562477
3,2,0.22117868152196252,0.5490258470562477
3,2,0.16992918341847618,0.5490258470562477
3,2,0.22117868152196252,0.5232925603689367
3,2,0.22117868152196252,0.5490258470562477
3,2,0.22117868152196252,0.5490258470562477
3,2,0.22117868152196252,0.5232925603689367
3,2,0.2724281796254493,0.5232925603689367
3,2,0.22117868152196252,0.5232925603689367
3,2,0.2724281796254493,0.49755927368162567
3,2,0.2724281796254493,0.5232925603689367
3,2,0.2724281796254493,0.5232925603689367
3,2,0.2724281796254493,0.49755927368162567
3,2,0.32367767772893563,0.49755927368162567
3,2,0.2724281796254493,0.49755927368162567
3,2,0.32367767772893563,0.4718259869943151
3,2,0.32367767772893563,0.49755927368162567
3,2,0.32367767772893563,0.49755927368162567
3,2,0.32367767772893563,0.4718259869943151
3,2,0.37492717583242197,0.4718259869943151
3,2,0.32367767772893563,0.4718259869943151
3,2,0.37492717583242197,0.4460927003070041
3,2,0.37492717583242197,0.4718259869943151
3,2,0.37492717583242197,0.4718259869943151
3,2,0.37492717583242197,0.4460927003070041
3,2,0.4261766739359083,0.4460927003070041
3,2,0.37492717583242197,0.4460927003070041
3,2,0.4261766739359083,0.42035941361969353
3,2,0.4261766739359083,0.4460927003070041
3,2,0.4261766739359083,0.4460927003070041
3,2,0.4261766739359083,0.42035941361969353
3,2,0.4774261720393951,0.42035941361969353
3,2,0.4261766739359083,0.42035941361969353
3,2,0.4774261720393951,0.3946261269323825
3,2,0.4774261720393951,0.42035941361969353
3,2,0.4774261720393951,0.42035941361969353
3,2,0.4774261720393951,0.3946261269323825
3,2,0.5286756701428814,0.3946261269323825
3,2,0.4774261720393951,0.3946261269323825
3,2,0.5286756701428814,0.3688928402450715
3,2,0.5286756701428814,0.3946261269323825
3,2,0.5286756701428814,0.3946261269323825
3,2,0.5286756701428814,0.3688928402450715
3,2,0.5799251682463678,0.3688928402450715
3,2,0.5286756701428814,0.3688928402450715
3,2,0.5799251682463678,0.3431595535577605
3,2,0.5799251682463678,0.3688928402450715
3,2,0.5799251682463678,0.3688928402450715
3,2,0.5799251682463678,0.3431595535577605
3,2,0.6311746663498541,0.3431595535577605
3,2,0.5799251682463678,0.3431595535577605
3,2,0.6311746663498541,0.31742626687044995
3,2,0.6311746663498541,0.3431595535577605
3,2,0.6311746663498541,0.3431595535577605
3,2,0.6311746663498541,0.31742626687044995
3,2,0.6824241644533404,0.31742626687044995
3,2,0.6311746663498541,0.31742626687044995
3,2,0.6824241644533409,0.29169298018313894
3,2,0.6824241644533404,0.31742626687044995
3,2,0.6824241644533404,0.31742626687044995
3,2,0.6824241644533409,0.29169298018313894
3,2,0.7336736625568272,0.29169298018313894
3,2,0.16992918341847618,0.5490258470562477
3,2,0.16992918341847618,0.5232925603689367
3,2,0.22117868152196252,0.5232925603689367
3,2,0.16992918341847618,0.5232925603689367
3,2,0.22117868152196252,0.49755927368162567
3,2,0.22117868152196252,0.5232925603689367
3,2,0.22117868152196252,0.5232925603689367
3,2,0.22117868152196252,0.49755927368162567
3,2,0.2724281796254493,0.49755927368162567
3,2,0.22117868152196252,0.49755927368162567
3,2,0.2724281796254493,0.4718259869943151
3,2,0.2724281796254493,0.49755927368162567
3,2,0.2724281796254493,0.49755927368162567
3,2,0.2724281796254493,0.4718259869943151
3,2,0.32367767772893563,0.4718259869943151
3,2,0.2724281796254493,0.4718259869943151
3,2,0.32367767772893563,0.4460927003070041
3,2,0.32367767772893563,0.4718259869943151
3,2,0.32367767772893563,0.4718259869943151
3,2,0.32367767772893563,0.4460927003070041
3,2,0.37492717583242197,0.4460927003070041
3,2,0.32367767772893563,0.4460927003070041
3,2,0.37492717583242197,0.42035941361969353
3,2,0.37492717583242197,0.4460927003070041
3,2,0.37492717583242197,0.4460927003070041
3,2,0.37492717583242197,0.42035941361969353
3,2,0.4261766739359083,0.42035941361969353
3,2,0.37492717583242197,0.42035941361969353
3,2,0.4261766739359083,0.3946261269323825
3,2,0.4261766739359083,0.42035941361969353
3,2,0.4261766739359083,0.42035941361969353
3,2,0.4261766739359083,0.3946261269323825
3,2,0.4774261720393951,0.3946261269323825
3,2,0.4261766739359083,0.3946261269323825
3,2,0.4774261720393951,0.3688928402450715
3,2,0.4774261720393951,0.3946261269323825
3,2,0.4774261720393951,0.3946261269323825
3,2,0.4774261720393951,0.3688928402450715
3,2,0.5286756701428814,0.3688928402450715
3,2,0.4774261720393951,0.3688928402450715
3,2,0.5286756701428814,0.3431595535577605
3,2,0.5286756701428814,0.3688928402450715
3,2,0.5286756701428814,0.3688928402450715
3,2,0.5286756701428814,0.3431595535577605
3,2,0.5799251682463678,0.3431595535577605
3,2,0.5286756701428814,0.3431595535577605
3,2,0.5799251682463678,0.31742626687044995
3,2,0.5799251682463678,0.3431595535577605
3,2,0.5799251682463678,0.3431595535577605
3,2,0.5799251682463678,0.31742626687044995
3,2,0.6311746663498541,0.31742626687044995
3,2,0.5799251682463678,0.31742626687044995
3,2,0.6311746663498541,0.29169298018313894
3,2,0.6311746663498541,0.31742626687044995
3,2,0.6311746663498541,0.31742626687044995
3,2,0.6311746663498541,0.29169298018313894
3,2,0.6824241644533409,0.29169298018313894
3,2,0.16992918341847618,0.5232925603689367
3,2,0.16992918341847618,0.49755927368162567
3,2,0.22117868152196252,0.49755927368162567
3,2,0.16992918341847618,0.49755927368162567
3,2,0.22117868152196252,0.4718259869943151
3,2,0.22117868152196252,0.49755927368162567
3,2,0.22117868152196252,0.49755927368162567
3,2,0.22117868152196252,0.4718259869943151
3,2,0.2724281796254493,0.4718259869943151
3,2,0.22117868152196252,0.4718259869943151
3,2,0.2724281796254493,0.4460927003070041
3,2,0.2724281796254493,0.4718259869943151
3,2,0.2724281796254493,0.4718259869943151
3,2,0.2724281796254493,0.4460927003070041
3,2,0.32367767772893563,0.4460927003070041
3,2,0.2724281796254493,0.4460927003070041
3,2,0.32367767772893563,0.42035941361969353
3,2,0.32367767772893563,0.4460927003070041
3,2,0.32367767772893563,0.4460927003070041
3,2,0.32367767772893563,0.42035941361969353
3,2,0.37492717583242197,0.42035941361969353
3,2,0.32367767772893563,0.42035941361969353
3,2,0.37492717583242197,0.3946261269323825
3,2,0.37492717583242197,0.42035941361969353
3,2,0.37492717583242197,0.42035941361969353
3,2,0.37492717583242197,0.3946261269323825
3,2,0.4261766739359083,0.3946261269323825
3,2,0.37492717583242197,0.3946261269323825
3,2,0.4261766739359083,0.3688928402450715
3,2,0.4261766739359083,0.3946261269323825
3,2,0.4261766739359083,0.3946261269323825
3,2,0.4261766739359083,0.3688928402450715
3,2,0.4774261720393951,0.3688928402450715
3,2,0.4261766739359083,0.3688928402450715
3,2,0.47742617203939464,0.3431595535577605
3,2,0.4774261720393951,0.3688928402450715
3,2,0.4774261720393951,0.3688928402450715
3,2,0.47742617203939464,0.3431595535577605
3,2,0.5286756701428814,0.3431595535577605
3,2,0.47742617203939464,0.3431595535577605
3,2,0.5286756701428814,0.31742626687044995
3,2,0.5286756701428814,0.3431595535577605
3,2,0.5286756701428814,0.3431595535577605
3,2,0.5286756701428814,0.31742626687044995
3,2,0.5799251682463678,0.31742626687044995
3,2,0.5286756701428814,0.31742626687044995
3,2,0.5799251682463678,0.29169298018313894
3,2,0.5799251682463678,0.31742626687044995
3,2,0.5799251682463678,0.31742626687044995
3,2,0.5799251682463678,0.29169298018313894
3,2,0.6311746663498541,0.29169298018313894
3,2,0.16992918341847618,0.49755927368162567
3,2,0.16992918341847618,0.4718259869943151
3,2,0.22117868152196252,0.4718259869943151
3,2,0.16992918341847618,0.4718259869943151
3,2,0.22117868152196252,0.4460927003070041
3,2,0.22117868152196252,0.4718259869943151
3,2,0.22117868152196252,0.4718259869943151
3,2,0.22117868152196252,0.4460927003070041
3,2,0.2724281796254493,0.4460927003070041
3,2,0.22117868152196252,0.4460927003070041
3,2,0.2724281796254493,0.42035941361969353
3,2,0.2724281796254493,0.4460927003070041
3,2,0.2724281796254493,0.4460927003070041
3,2,0.2724281796254493,0.42035941361969353
3,2,0.32367767772893563,0.42035941361969353
3,2,0.2724281796254493,0.42035941361969353
3,2,0.32367767772893563,0.3946261269323825
3,2,0.32367767772893563,0.42035941361969353
3,2,0.32367767772893563,0.42035941361969353
3,2,0.32367767772893563,0.3946261269323825
3,2,0.37492717583242197,0.3946261269323825
3,2,0.32367767772893563,0.3946261269323825
3,2,0.37492717583242197,0.3688928402450715
3,2,0.37492717583242197,0.3946261269323825
3,2,0.37492717583242197,0.3946261269323825
3,2,0.37492717583242197,0.3688928402450715
3,2,0.4261766739359083,0.3688928402450715
3,2,0.37492717583242197,0.3688928402450715
3,2,0.4261766739359083,0.3431595535577605
3,2,0.4261766739359083,0.3688928402450715
3,2,0.4261766739359083,0.3688928402450715
3,2,0.4261766739359083,0.3431595535577605
3,2,0.47742617203939464,0.3431595535577605
3,2,0.4261766739359083,0.3431595535577605
3,2,0.47742617203939464,0.31742626687044995
3,2,0.47742617203939464,0.3431595535577605
3,2,0.47742617203939464,0.3431595535577605
3,2,0.47742617203939464,0.31742626687044995
3,2,0.5286756701428814,0.31742626687044995
3,2,0.47742617203939464,0.31742626687044995
3,2,0.5286756701428814,0.29169298018313894
3,2,0.5286756701428814,0.31742626687044995
3,2,0.5286756701428814,0.31742626687044995
3,2,0.5286756701428814,0.29169298018313894
3,2,0.5799251682463678,0.29169298018313894
3,2,0.16992918341847618,0.4718259869943151
3,2,0.16992918341847618,0.4460927003070041
3,2,0.22117868152196252,0.4460927003070041
3,2,0.16992918341847618,0.4460927003070041
3,2,0.22117868152196252,0.42035941361969353
3,2,0.22117868152196252,0.4460927003070041
3,2,0.22117868152196252,0.4460927003070041
3,2,0.22117868152196252,0.42035941361969353
3,2,0.2724281796254493,0.42035941361969353
3,2,0.22117868152196252,0.42035941361969353
3,2,0.2724281796254493,0.3946261269323825
3,2,0.2724281796254493,0.42035941361969353
3,2,0.2724281796254493,0.42035941361969353
3,2,0.2724281796254493,0.3946261269323825
3,2,0.32367767772893563,0.3946261269323825
3,2,0.2724281796254493,0.3946261269323825
3,2,0.32367767772893563,0.3688928402450715
3,2,0.32367767772893563,0.3946261269323825
3,2,0.32367767772893563,0.3946261269323825
3,2,0.32367767772893563,0.3688928402450715
3,2,0.37492717583242197,0.3688928402450715
3,2,0.32367767772893563,0.3688928402450715
3,2,0.37492717583242197,0.3431595535577605
3,2,0.37492717583242197,0.3688928402450715
3,2,0.37492717583242197,0.3688928402450715
3,2,0.37492717583242197,0.3431595535577605
3,2,0.4261766739359083,0.3431595535577605
3,2,0.37492717583242197,0.3431595535577605
3,2,0.4261766739359083,0.31742626687044995
3,2,0.4261766739359083,0.3431595535577605
3,2,0.4261766739359083,0.3431595535577605
3,2,0.4261766739359083,0.31742626687044995
3,2,0.47742617203939464,0.31742626687044995
3,2,0.4261766739359083,0.31742626687044995
3,2,0.4774261720393951,0.29169298018313894
3,2,0.47742617203939464,0.31742626687044995
3,2,0.47742617203939464,0.31742626687044995
3,2,0.4774261720393951,0.29169298018313894
3,2,0.5286756701428814,0.29169298018313894
3,2,0.16992918341847618,0.4460927003070041
3,2,0.16992918341847618,0.42035941361969353
3,2,0.22117868152196252,0.42035941361969353
3,2,0.16992918341847618,0.42035941361969353
3,2,0.22117868152196252,0.3946261269323825
3,2,0.22117868152196252,0.42035941361969353
3,2,0.22117868152196252,0.42035941361969353
3,2,0.22117868152196252,0.3946261269323825
3,2,0.2724281796254493,0.3946261269323825
3,2,0.22117868152196252,0.3946261269323825
3,2,0.2724281796254493,0.3688928402450715
3,2,0.2724281796254493,0.3946261269323825
3,2,0.2724281796254493,0.3946261269323825
3,2,0.2724281796254493,0.3688928402450715
3,2,0.32367767772893563,0.3688928402450715
3,2,0.2724281796254493,0.3688928402450715
3,2,0.32367767772893563,0.3431595535577605
3,2,0.32367767772893563,0.3688928402450715
3,2,0.32367767772893563,0.3688928402450715
3,2,0.32367767772893563,0.3431595535577605
3,2,0.37492717583242197,0.3431595535577605
3,2,0.32367767772893563,0.3431595535577605
3,2,0.37492717583242197,0.31742626687044995
3,2,0.37492717583242197,0.3431595535577605
3,2,0.37492717583242197,0.3431595535577605
3,2,0.37492717583242197,0.31742626687044995
3,2,0.4261766739359083,0.31742626687044995
3,2,0.37492717583242197,0.31742626687044995
3,2,0.4261766739359083,0.29169298018313894
3,2,0.4261766739359083,0.31742626687044995
3,2,0.4261766739359083,0.31742626687044995
3,2,0.4261766739359083,0.29169298018313894
3,2,0.4774261720393951,0.29169298018313894
3,2,0.16992918341847618,0.42035941361969353
3,2,0.16992918341847618,0.3946261269323825
3,2,0.22117868152196252,0.3946261269323825
3,2,0.16992918341847618,0.3946261269323825
3,2,0.22117868152196252,0.3688928402450715
3,2,0.22117868152196252,0.3946261269323825
3,2,0.22117868152196252,0.3946261269323825
3,2,0.22117868152196252,0.3688928402450715
3,2,0.2724281796254493,0.3688928402450715
3,2,0.22117868152196252,0.3688928402450715
3,2,0.2724281796254493,0.3431595535577605
3,2,0.2724281796254493,0.3688928402450715
3,2,0.2724281796254493,0.3688928402450715
3,2,0.2724281796254493,0.3431595535577605
3,2,0.32367767772893563,0.3431595535577605
3,2,0.2724281796254493,0.3431595535577605
3,2,0.32367767772893563,0.31742626687044995
3,2,0.32367767772893563,0.3431595535577605
3,2,0.32367767772893563,0.3431595535577605
3,2,0.32367767772893563,0.31742626687044995
3,2,0.37492717583242197,0.31742626687044995
3,2,0.32367767772893563,0.31742626687044995
3,2,0.37492717583242197,0.29169298018313894
3,2,0.37492717583242197,0.31742626687044995
3,2,0.37492717583242197,0.31742626687044995
3,2,0.37492717583242197,0.29169298018313894
3,2,0.4261766739359083,0.29169298018313894
3,2,0.16992918341847618,0.3946261269323825
3,2,0.16992918341847618,0.3688928402450715
3,2,0.22117868152196252,0.3688928402450715
3,2,0.16992918341847618,0.3688928402450715
3,2,0.22117868152196252,0.3431595535577605
3,2,0.22117868152196252,0.3688928402450715
3,2,0.22117868152196252,0.3688928402450715
3,2,0.22117868152196252,0.3431595535577605
3,2,0.2724281796254493,0.3431595535577605
3,2,0.22117868152196252,0.3431595535577605
3,2,0.2724281796254493,0.31742626687044995
3,2,0.2724281796254493,0.3431595535577605
3,2,0.2724281796254493,0.3431595535577605
3,2,0.2724281796254493,0.31742626687044995
3,2,0.32367767772893563,0.31742626687044995
3,2,0.2724281796254493,0.31742626687044995
3,2,0.32367767772893563,0.29169298018313894
3,2,0.32367767772893563,0.31742626687044995
3,2,0.32367767772893563,0.31742626687044995
3,2,0.32367767772893563,0.29169298018313894
3,2,0.37492717583242197,0.29169298018313894
3,2,0.16992918341847618,0.3688928402450715
3,2,0.16992918341847618,0.3431595535577605
3,2,0.22117868152196252,0.3431595535577605
3,2,0.16992918341847618,0.3431595535577605
3,2,0.22117868152196252,0.31742626687044995
3,2,0.22117868152196252,0.3431595535577605
3,2,0.22117868152196252,0.3431595535577605
3,2,0.22117868152196252,0.31742626687044995
3,2,0.2724281796254493,0.31742626687044995
3,2,0.22117868152196252,0.31742626687044995
3,2,0.2724281796254493,0.29169298018313894
3,2,0.2724281796254493,0.31742626687044995
3,2,0.2724281796254493,0.31742626687044995
3,2,0.2724281796254493,0.29169298018313894
3,2,0.32367767772893563,0.29169298018313894
3,2,0.16992918341847618,0.3431595535577605
3,2,0.16992918341847618,0.31742626687044995
3,2,0.22117868152196252,0.31742626687044995
3,2,0.16992918341847618,0.31742626687044995
3,2,0.22117868152196252,0.29169298018313894
3,2,0.22117868152196252,0.31742626687044995
3,2,0.22117868152196252,0.31742626687044995
3,2,0.22117868152196252,0.29169298018313894
3,2,0.2724281796254493,0.29169298018313894
3,2,0.16992918341847618,0.31742626687044995
3,2,0.16992918341847618,0.29169298018313894
3,2,0.22117868152196252,0.29169298018313894
4,2,0.09242014928123243,0.29169298018313894
4,2,0.041170651177745654,0.29169298018313894
4,2,0.041170651177745654,0.26597942761138604
4,2,0.041170651177745654,0.29169298018313894
3,2,0.9899211530742593,0.26597942761138604
4,2,0.041170651177745654,0.26597942761138604
4,2,0.041170651177745654,0.26597942761138604
3,2,0.9899211530742593,0.26597942761138604
3,2,0.9899211530742593,0.2402658750396327
3,2,0.9899211530742593,0.26597942761138604
3,2,0.938671654970773,0.2402658750396327
3,2,0.9899211530742593,0.2402658750396327
3,2,0.9899211530742593,0.2402658750396327
3,2,0.938671654970773,0.2402658750396327
3,2,0.938671654970773,0.2145523224678798
3,2,0.938671654970773,0.2402658750396327
3,2,0.8874221568672862,0.2145523224678798
3,2,0.938671654970773,0.2145523224678798
3,2,0.938671654970773,0.2145523224678798
3,2,0.8874221568672862,0.2145523224678798
3,2,0.8874221568672862,0.18883876989612647
3,2,0.8874221568672862,0.2145523224678798
3,2,0.8361726587637999,0.18883876989612647
3,2,0.8874221568672862,0.18883876989612647
3,2,0.8874221568672862,0.18883876989612647
3,2,0.8361726587637999,0.18883876989612647
3,2,0.8361726587637999,0.16312521732437357
3,2,0.8361726587637999,0.18883876989612647
3,2,0.7849231606603135,0.16312521732437357
3,2,0.8361726587637999,0.16312521732437357
3,2,0.8361726587637999,0.16312521732437357
3,2,0.7849231606603135,0.16312521732437357
3,2,0.7849231606603135,0.13741166475262023
3,2,0.7849231606603135,0.16312521732437357
3,2,0.7336736625568272,0.13741166475262023
3,2,0.7849231606603135,0.13741166475262023
3,2,0.7849231606603135,0.13741166475262023
3,2,0.7336736625568272,0.13741166475262023
3,2,0.7336736625568272,0.11169811218086734
3,2,0.7336736625568272,0.13741166475262023
3,2,0.6824241644533409,0.11169811218086734
3,2,0.7336736625568272,0.11169811218086734
3,2,0.7336736625568272,0.11169811218086734
3,2,0.6824241644533409,0.11169811218086734
3,2,0.6824241644533409,0.085984559609114
3,2,0.6824241644533409,0.11169811218086734
3,2,0.6311746663498541,0.085984559609114
3,2,0.6824241644533409,0.085984559609114
3,2,0.6824241644533409,0.085984559609114
3,2,0.6311746663498541,0.085984559609114
3,2,0.6311746663498541,0.0602710070373611
3,2,0.6311746663498541,0.085984559609114
3,2,0.5799251682463678,0.0602710070373611
3,2,0.6311746663498541,0.0602710070373611
3,2,0.6311746663498541,0.0602710070373611
3,2,0.5799251682463678,0.0602710070373611
3,2,0.5799251682463678,0.03455745446560776
3,2,0.5799251682463678,0.0602710070373611
3,2,0.5286756701428814,0.03455745446560776
3,2,0.5799251682463678,0.03455745446560776
3,2,0.5799251682463678,0.03455745446560776
3,2,0.5286756701428814,0.03455745446560776
3,2,0.5286756701428814,0.008843901893854866
3,2,0.5286756701428814,0.03455745446560776
3,2,0.4774261720393951,0.008843901893854866
3,2,0.5286756701428814,0.008843901893854866
3,2,0.5286756701428814,0.008843901893854866
3,2,0.4774261720393951,0.008843901893854866
3,3,0.4774261720393951,0.9831303493221015
3,2,0.4774261720393951,0.008843901893854866
3,3,0.4261766739359083,0.9831303493221015
3,3,0.4774261720393951,0.9831303493221015
3,3,0.4774261720393951,0.9831303493221015
3,3,0.4261766739359083,0.9831303493221015
3,3,0.4261766739359083,0.9574167967503486
3,3,0.4261766739359083,0.9831303493221015
3,3,0.37492717583242197,0.9574167967503486
3,3,0.4261766739359083,0.9574167967503486
3,3,0.4261766739359083,0.9574167967503486
3,3,0.37492717583242197,0.9574167967503486
3,3,0.37492717583242197,0.9317032441785953
3,3,0.37492717583242197,0.9574167967503486
3,3,0.32367767772893563,0.9317032441785953
3,3,0.37492717583242197,0.9317032441785953
3,3,0.37492717583242197,0.9317032441785953
3,3,0.32367767772893563,0.9317032441785953
3,3,0.32367767772893563,0.9059896916068424
3,3,0.32367767772893563,0.9317032441785953
3,3,0.2724281796254493,0.9059896916068424
3,3,0.32367767772893563,0.9059896916068424
3,3,0.32367767772893563,0.9059896916068424
3,3,0.2724281796254493,0.9059896916068424
3,3,0.2724281796254493,0.8802761390350891
3,3,0.2724281796254493,0.9059896916068424
3,3,0.22117868152196252,0.8802761390350891
3,3,0.2724281796254493,0.8802761390350891
3,3,0.2724281796254493,0.8802761390350891
3,3,0.22117868152196252,0.8802761390350891
3,3,0.22117868152196252,0.8545625864633362
3,3,0.22117868152196252,0.8802761390350891
3,3,0.16992918341847618,0.8545625864633362
3,3,0.22117868152196252,0.8545625864633362
3,3,0.22117868152196252,0.8545625864633362
3,3,0.16992918341847618,0.8545625864633362
3,3,0.16992918341847618,0.8288490338915828
4,2,0.041170651177745654,0.29169298018313894
3,2,0.9899211530742593,0.29169298018313894
3,2,0.9899211530742593,0.26597942761138604
3,2,0.9899211530742593,0.29169298018313894
3,2,0.938671654970773,0.26597942761138604
3,2,0.9899211530742593,0.26597942761138604
3,2,0.9899211530742593,0.26597942761138604
3,2,0.938671654970773,0.26597942761138604
3,2,0.938671654970773,0.2402658750396327
3,2,0.938671654970773,0.26597942761138604
3,2,0.8874221568672862,0.2402658750396327
3,2,0.938671654970773,0.2402658750396327
3,2,0.938671654970773,0.2402658750396327
3,2,0.8874221568672862,0.2402658750396327
3,2,0.8874221568672862,0.2145523224678798
3,2,0.8874221568672862,0.2402658750396327
3,2,0.8361726587637999,0.2145523224678798
3,2,0.8874221568672862,0.2145523224678798
3,2,0.8874221568672862,0.2145523224678798
3,2,0.8361726587637999,0.2145523224678798
3,2,0.8361726587637999,0.18883876989612647
3,2,0.8361726587637999,0.2145523224678798
3,2,0.7849231606603135,0.18883876989612647
3,2,0.8361726587637999,0.18883876989612647
3,2,0.8361726587637999,0.18883876989612647
3,2,0.7849231606603135,0.18883876989612647
3,2,0.7849231606603135,0.16312521732437357
3,2,0.7849231606603135,0.18883876989612647
3,2,0.7336736625568272,0.16312521732437357
3,2,0.7849231606603135,0.16312521732437357
3,2,0.7849231606603135,0.16312521732437357
3,2,0.7336736625568272,0.16312521732437357
3,2,0.7336736625568272,0.13741166475262023
3,2,0.7336736625568272,0.16312521732437357
3,2,0.6824241644533409,0.13741166475262023
3,2,0.7336736625568272,0.13741166475262023
3,2,0.7336736625568272,0.13741166475262023
3,2,0.6824241644533409,0.13741166475262023
3,2,0.6824241644533409,0.11169811218086734
3,2,0.6824241644533409,0.13741166475262023
3,2,0.6311746663498541,0.11169811218086734
3,2,0.6824241644533409,0.11169811218086734
3,2,0.6824241644533409,0.11169811218086734
3,2,0.6311746663498541,0.11169811218086734
3,2,0.6311746663498541,0.085984559609114
3,2,0.6311746663498541,0.11169811218086734
3,2,0.5799251682463678,0.085984559609114
3,2,0.6311746663498541,0.085984559609114
3,2,0.6311746663498541,0.085984559609114
3,2,0.5799251682463678,0.085984559609114
3,2,0.5799251682463678,0.0602710070373611
3,2,0.5799251682463678,0.085984559609114
3,2,0.5286756701428814,0.0602710070373611
3,2,0.5799251682463678,0.0602710070373611
3,2,0.5799251682463678,0.0602710070373611
3,2,0.5286756701428814,0.0602710070373611
3,2,0.5286756701428814,0.03455745446560776
3,2,0.5286756701428814,0.0602710070373611
3,2,0.4774261720393951,0.03455745446560776
3,2,0.5286756701428814,0.03455745446560776
3,2,0.5286756701428814,0.03455745446560776
3,2,0.4774261720393951,0.03455745446560776
3,2,0.4774261720393951,0.008843901893854866
3,2,0.4774261720393951,0.03455745446560776
3,2,0.4261766739359083,0.008843901893854866
3,2,0.4774261720393951,0.008843901893854866
3,2,0.4774261720393951,0.008843901893854866
3,2,0.4261766739359083,0.008843901893854866
3,3,0.4261766739359083,0.9831303493221015
3,2,0.4261766739359083,0.008843901893854866
3,3,0.37492717583242197,0.9831303493221015
3,3,0.4261766739359083,0.9831303493221015
3,3,0.4261766739359083,0.9831303493221015
3,3,0.37492717583242197,0.9831303493221015
3,3,0.37492717583242197,0.9574167967503486
3,3,0.37492717583242197,0.9831303493221015
3,3,0.32367767772893563,0.9574167967503486
3,3,0.37492717583242197,0.9574167967503486
3,3,0.37492717583242197,0.9574167967503486
3,3,0.32367767772893563,0.9574167967503486
3,3,0.32367767772893563,0.9317032441785953
3,3,0.32367767772893563,0.9574167967503486
3,3,0.2724281796254493,0.9317032441785953
3,3,0.32367767772893563,0.9317032441785953
3,3,0.32367767772893563,0.9317032441785953
3,3,0.2724281796254493,0.9317032441785953
3,3,0.2724281796254493,0.9059896916068424
3,3,0.2724281796254493,0.9317032441785953
3,3,0.22117868152196252,0.9059896916068424
3,3,0.2724281796254493,0.9059896916068424
3,3,0.2724281796254493,0.9059896916068424
3,3,0.22117868152196252,0.9059896916068424
3,3,0.22117868152196252,0.8802761390350891
3,3,0.22117868152196252,0.9059896916068424
3,3,0.16992918341847618,0.8802761390350891
3,3,0.22117868152196252,0.8802761390350891
3,3,0.22117868152196252,0.8802761390350891
3,3,0.16992918341847618,0.8802761390350891
3,3,0.16992918341847618,0.8545625864633362
3,2,0.9899211530742593,0.29169298018313894
3,2,0.938671654970773,0.29169298018313894
3,2,0.938671654970773,0.26597942761138604
3,2,0.938671654970773,0.29169298018313894
3,2,0.8874221568672862,0.26597942761138604
3,2,0.938671654970773,0.26597942761138604
3,2,0.938671654970773,0.26597942761138604
3,2,0.8874221568672862,0.26597942761138604
3,2,0.8874221568672862,0.2402658750396327
3,2,0.8874221568672862,0.26597942761138604
3,2,0.8361726587637999,0.2402658750396327
3,2,0.8874221568672862,0.2402658750396327
3,2,0.8874221568672862,0.2402658750396327
3,2,0.8361726587637999,0.2402658750396327
3,2,0.8361726587637999,0.2145523224678798
3,2,0.8361726587637999,0.2402658750396327
3,2,0.7849231606603135,0.2145523224678798
3,2,0.8361726587637999,0.2145523224678798
3,2,0.8361726587637999,0.2145523224678798
3,2,0.7849231606603135,0.2145523224678798
3,2,0.7849231606603135,0.18883876989612647
3,2,0.7849231606603135,0.2145523224678798
3,2,0.7336736625568272,0.18883876989612647
3,2,0.7849231606603135,0.18883876989612647
3,2,0.7849231606603135,0.18883876989612647
3,2,0.7336736625568272,0.18883876989612647
3,2,0.7336736625568272,0.16312521732437357
3,2,0.7336736625568272,0.18883876989612647
3,2,0.6824241644533409,0.16312521732437357
3,2,0.7336736625568272,0.16312521732437357
3,2,0.7336736625568272,0.16312521732437357
3,2,0.6824241644533409,0.16312521732437357
3,2,0.6824241644533409,0.13741166475262023
3,2,0.6824241644533409,0.16312521732437357
3,2,0.6311746663498541,0.13741166475262023
3,2,0.6824241644533409,0.13741166475262023
3,2,0.6824241644533409,0.13741166475262023
3,2,0.6311746663498541,0.13741166475262023
3,2,0.6311746663498541,0.11169811218086734
3,2,0.6311746663498541,0.13741166475262023
3,2,0.5799251682463678,0.11169811218086734
3,2,0.6311746663498541,0.11169811218086734
3,2,0.6311746663498541,0.11169811218086734
3,2,0.5799251682463678,0.11169811218086734
3,2,0.5799251682463678,0.085984559609114
3,2,0.5799251682463678,0.11169811218086734
3,2,0.5286756701428814,0.085984559609114
3,2,0.5799251682463678,0.085984559609114
3,2,0.5799251682463678,0.085984559609114
3,2,0.5286756701428814,0.085984559609114
3,2,0.5286756701428814,0.0602710070373611
3,2,0.5286756701428814,0.085984559609114
3,2,0.4774261720393951,0.0602710070373611
3,2,0.5286756701428814,0.0602710070373611
3,2,0.5286756701428814,0.0602710070373611
3,2,0.4774261720393951,0.0602710070373611
3,2,0.4774261720393951,0.03455745446560776
3,2,0.4774261720393951,0.0602710070373611
3,2,0.4261766739359083,0.03455745446560776
3,2,0.4774261720393951,0.03455745446560776
3,2,0.4774261720393951,0.03455745446560776
3,2,0.4261766739359083,0.03455745446560776
3,2,0.4261766739359083,0.008843901893854866
3,2,0.4261766739359083,0.03455745446560776
3,2,0.37492717583242197,0.008843901893854866
3,2,0.4261766739359083,0.008843901893854866
3,2,0.4261766739359083,0.008843901893854866
3,2,0.37492717583242197,0.008843901893854866
3,3,0.37492717583242197,0.9831303493221015
3,2,0.37492717583242197,0.008843901893854866
3,3,0.32367767772893563,0.9831303493221015
3,3,0.37492717583242197,0.9831303493221015
3,3,0.37492717583242197,0.9831303493221015
3,3,0.32367767772893563,0.9831303493221015
3,3,0.32367767772893563,0.9574167967503486
3,3,0.32367767772893563,0.9831303493221015
3,3,0.2724281796254493,0.9574167967503486
3,3,0.32367767772893563,0.9574167967503486
3,3,0.32367767772893563,0.9574167967503486
3,3,0.2724281796254493,0.9574167967503486
3,3,0.2724281796254493,0.9317032441785953
3,3,0.2724281796254493,0.9574167967503486
3,3,0.22117868152196252,0.9317032441785953
3,3,0.2724281796254493,0.9317032441785953
3,3,0.2724281796254493,0.9317032441785953
3,3,0.22117868152196252,0.9317032441785953
3,3,0.22117868152196252,0.9059896916068424
3,3,0.22117868152196252,0.9317032441785953
3,3,0.16992918341847618,0.9059896916068424
3,3,0.22117868152196252,0.9059896916068424
3,3,0.22117868152196252,0.9059896916068424
3,3,0.16992918341847618,0.9059896916068424
3,3,0.16992918341847618,0.8802761390350891
3,2,0.938671654970773,0.29169298018313894
3,2,0.8874221568672862,0.29169298018313894
3,2,0.8874221568672862,0.26597942761138604
3,2,0.8874221568672862,0.29169298018313894
3,2,0.8361726587637999,0.26597942761138604
3,2,0.8874221568672862,0.26597942761138604
3,2,0.8874221568672862,0.26597942761138604
3,2,0.8361726587637999,0.26597942761138604
3,2,0.8361726587637999,0.2402658750396327
3,2,0.8361726587637999,0.26597942761138604
3,2,0.7849231606603135,0.2402658750396327
3,2,0.8361726587637999,0.2402658750396327
3,2,0.8361726587637999,0.2402658750396327
3,2,0.7849231606603135,0.2402658750396327
3,2,0.7849231606603135,0.2145523224678798
3,2,0.7849231606603135,0.2402658750396327
3,2,0.7336736625568272,0.2145523224678798
3,2,0.7849231606603135,0.2145523224678798
3,2,0.7849231606603135,0.2145523224678798
3,2,0.7336736625568272,0.2145523224678798
3,2,0.7336736625568272,0.18883876989612647
3,2,0.7336736625568272,0.2145523224678798
3,2,0.6824241644533409,0.18883876989612647
3,2,0.7336736625568272,0.18883876989612647
3,2,0.7336736625568272,0.18883876989612647
3,2,0.6824241644533409,0.18883876989612647
3,2,0.6824241644533409,0.16312521732437357
3,2,0.6824241644533409,0.18883876989612647
3,2,0.6311746663498541,0.16312521732437357
3,2,0.6824241644533409,0.16312521732437357
3,2,0.6824241644533409,0.16312521732437357
3,2,0.6311746663498541,0.16312521732437357
3,2,0.6311746663498541,0.13741166475262023
3,2,0.6311746663498541,0.16312521732437357
3,2,0.5799251682463678,0.13741166475262023
3,2,0.6311746663498541,0.13741166475262023
3,2,0.6311746663498541,0.13741166475262023
3,2,0.5799251682463678,0.13741166475262023
3,2,0.5799251682463678,0.11169811218086734
3,2,0.5799251682463678,0.13741166475262023
3,2,0.5286756701428814,0.11169811218086734
3,2,0.5799251682463678,0.11169811218086734
3,2,0.5799251682463678,0.11169811218086734
3,2,0.5286756701428814,0.11169811218086734
3,2,0.5286756701428814,0.085984559609114
3,2,0.5286756701428814,0.11169811218086734
3,2,0.4774261720393951,0.085984559609114
3,2,0.5286756701428814,0.085984559609114
3,2,0.5286756701428814,0.085984559609114
3,2,0.4774261720393951,0.085984559609114
3,2,0.4774261720393951,0.0602710070373611
3,2,0.4774261720393951,0.085984559609114
3,2,0.4261766739359083,0.0602710070373611
3,2,0.4774261720393951,0.0602710070373611
3,2,0.4774261720393951,0.0602710070373611
3,2,0.4261766739359083,0.0602710070373611
3,2,0.4261766739359083,0.03455745446560776
3,2,0.4261766739359083,0.0602710070373611
3,2,0.37492717583242197,0.03455745446560776
3,2,0.4261766739359083,0.03455745446560776
3,2,0.4261766739359083,0.03455745446560776
3,2,0.37492717583242197,0.03455745446560776
3,2,0.37492717583242197,0.008843901893854866
3,2,0.37492717583242197,0.03455745446560776
3,2,0.32367767772893563,0.008843901893854866
3,2,0.37492717583242197,0.008843901893854866
3,2,0.37492717583242197,0.008843901893854866
3,2,0.32367767772893563,0.008843901893854866
3,3,0.32367767772893563,0.9831303493221015
3,2,0.32367767772893563,0.008843901893854866
3,3,0.2724281796254493,0.9831303493221015
3,3,0.32367767772893563,0.9831303493221015
3,3,0.32367767772893563,0.9831303493221015
3,3,0.2724281796254493,0.9831303493221015
3,3,0.2724281796254493,0.9574167967503486
3,3,0.2724281796254493,0.9831303493221015
3,3,0.22117868152196252,0.9574167967503486
3,3,0.2724281796254493,0.9574167967503486
3,3,0.2724281796254493,0.9574167967503486
3,3,0.22117868152196252,0.9574167967503486
3,3,0.22117868152196252,0.9317032441785953
3,3,0.22117868152196252,0.9574167967503486
3,3,0.16992918341847618,0.9317032441785953
3,3,0.22117868152196252,0.9317032441785953
3,3,0.22117868152196252,0.9317032441785953
3,3,0.16992918341847618,0.9317032441785953
3,3,0.16992918341847618,0.9059896916068424
3,2,0.8874221568672862,0.29169298018313894
3,2,0.8361726587637999,0.29169298018313894
3,2,0.8361726587637999,0.26597942761138604
3,2,0.8361726587637999,0.29169298018313894
3,2,0.7849231606603135,0.26597942761138604
3,2,0.8361726587637999,0.26597942761138604
3,2,0.8361726587637999,0.26597942761138604
3,2,0.7849231606603135,0.26597942761138604
3,2,0.7849231606603135,0.2402658750396327
3,2,0.7849231606603135,0.26597942761138604
3,2,0.7336736625568272,0.2402658750396327
3,2,0.7849231606603135,0.2402658750396327
3,2,0.7849231606603135,0.2402658750396327
3,2,0.7336736625568272,0.2402658750396327
3,2,0.7336736625568272,0.2145523224678798
3,2,0.7336736625568272,0.2402658750396327
3,2,0.6824241644533409,0.2145523224678798
3,2,0.7336736625568272,0.2145523224678798
3,2,0.7336736625568272,0.2145523224678798
3,2,0.6824241644533409,0.2145523224678798
3,2,0.6824241644533409,0.18883876989612647
3,2,0.6824241644533409,0.2145523224678798
3,2,0.6311746663498541,0.18883876989612647
3,2,0.6824241644533409,0.18883876989612647
3,2,0.6824241644533409,0.18883876989612647
3,2,0.6311746663498541,0.18883876989612647
3,2,0.6311746663498541,0.16312521732437357
3,2,0.6311746663498541,0.18883876989612647
3,2,0.5799251682463678,0.16312521732437357
3,2,0.6311746663498541,0.16312521732437357
3,2,0.6311746663498541,0.16312521732437357
3,2,0.5799251682463678,0.16312521732437357
3,2,0.5799251682463678,0.13741166475262023
3,2,0.5799251682463678,0.16312521732437357
3,2,0.5286756701428814,0.13741166475262023
3,2,0.5799251682463678,0.13741166475262023
3,2,0.5799251682463678,0.13741166475262023
3,2,0.5286756701428814,0.13741166475262023
3,2,0.5286756701428814,0.11169811218086734
3,2,0.5286756701428814,0.13741166475262023
3,2,0.4774261720393951,0.11169811218086734
3,2,0.5286756701428814,0.11169811218086734
3,2,0.5286756701428814,0.11169811218086734
3,2,0.4774261720393951,0.11169811218086734
3,2,0.4774261720393951,0.085984559609114
3,2,0.4774261720393951,0.11169811218086734
3,2,0.4261766739359083,0.085984559609114
3,2,0.4774261720393951,0.085984559609114
3,2,0.4774261720393951,0.085984559609114
3,2,0.4261766739359083,0.085984559609114
3,2,0.4261766739359083,0.0602710070373611
3,2,0.4261766739359083,0.085984559609114
3,2,0.37492717583242197,0.0602710070373611
3,2,0.4261766739359083,0.0602710070373611
3,2,0.4261766739359083,0.0602710070373611
3,2,0.37492717583242197,0.0602710070373611
3,2,0.37492717583242197,0.03455745446560776
3,2,0.37492717583242197,0.0602710070373611
3,2,0.32367767772893563,0.03455745446560776
3,2,0.37492717583242197,0.03455745446560776
3,2,0.37492717583242197,0.03455745446560776
3,2,0.32367767772893563,0.03455745446560776
3,2,0.32367767772893563,0.008843901893854866
3,2,0.32367767772893563,0.03455745446560776
3,2,0.2724281796254493,0.008843901893854866
3,2,0.32367767772893563,0.008843901893854866
3,2,0.32367767772893563,0.008843901893854866
3,2,0.2724281796254493,0.008843901893854866
3,3,0.2724281796254493,0.9831303493221015
3,2,0.2724281796254493,0.008843901893854866
3,3,0.22117868152196252,0.9831303493221015
3,3,0.2724281796254493,0.9831303493221015
3,3,0.2724281796254493,0.9831303493221015
3,3,0.22117868152196252,0.9831303493221015
3,3,0.22117868152196252,0.9574167967503486
3,3,0.22117868152196252,0.9831303493221015
3,3,0.16992918341847618,0.9574167967503486
3,3,0.22117868152196252,0.9574167967503486
3,3,0.22117868152196252,0.9574167967503486
3,3,0.16992918341847618,0.9574167967503486
3,3,0.16992918341847618,0.9317032441785953
3,2,0.8361726587637999,0.29169298018313894
3,2,0.7849231606603135,0.29169298018313894
3,2,0.7849231606603135,0.26597942761138604
3,2,0.7849231606603135,0.29169298018313894
3,2,0.7336736625568272,0.26597942761138604
3,2,0.7849231606603135,0.26597942761138604
3,2,0.7849231606603135,0.26597942761138604
3,2,0.7336736625568272,0.26597942761138604
3,2,0.7336736625568272,0.2402658750396327
3,2,0.7336736625568272,0.26597942761138604
3,2,0.6824241644533409,0.2402658750396327
3,2,0.7336736625568272,0.2402658750396327
3,2,0.7336736625568272,0.2402658750396327
3,2,0.6824241644533409,0.2402658750396327
3,2,0.6824241644533409,0.2145523224678798
3,2,0.6824241644533409,0.2402658750396327
3,2,0.6311746663498541,0.2145523224678798
3,2,0.6824241644533409,0.2145523224678798
3,2,0.6824241644533409,0.2145523224678798
3,2,0.6311746663498541,0.2145523224678798
3,2,0.6311746663498541,0.18883876989612647
3,2,0.6311746663498541,0.2145523224678798
3,2,0.5799251682463678,0.18883876989612647
3,2,0.6311746663498541,0.18883876989612647
3,2,0.6311746663498541,0.18883876989612647
3,2,0.5799251682463678,0.18883876989612647
3,2,0.5799251682463678,0.16312521732437357
3,2,0.5799251682463678,0.18883876989612647
3,2,0.5286756701428814,0.16312521732437357
3,2,0.5799251682463678,0.16312521732437357
3,2,0.5799251682463678,0.16312521732437357
3,2,0.5286756701428814,0.16312521732437357
3,2,0.5286756701428814,0.13741166475262023
3,2,0.5286756701428814,0.16312521732437357
3,2,0.4774261720393951,0.13741166475262023
3,2,0.5286756701428814,0.13741166475262023
3,2,0.5286756701428814,0.13741166475262023
3,2,0.4774261720393951,0.13741166475262023
3,2,0.4774261720393951,0.11169811218086734
3,2,0.4774261720393951,0.13741166475262023
3,2,0.4261766739359083,0.11169811218086734
3,2,0.4774261720393951,0.11169811218086734
3,2,0.4774261720393951,0.11169811218086734
3,2,0.4261766739359083,0.11169811218086734
3,2,0.4261766739359083,0.085984559609114
3,2,0.4261766739359083,0.11169811218086734
3,2,0.37492717583242197,0.085984559609114
3,2,0.4261766739359083,0.085984559609114
3,2,0.4261766739359083,0.085984559609114
3,2,0.37492717583242197,0.085984559609114
3,2,0.37492717583242197,0.0602710070373611
3,2,0.37492717583242197,0.085984559609114
3,2,0.32367767772893563,0.0602710070373611
3,2,0.37492717583242197,0.0602710070373611
3,2,0.37492717583242197,0.0602710070373611
3,2,0.32367767772893563,0.0602710070373611
3,2,0.32367767772893563,0.03455745446560776
3,2,0.32367767772893563,0.0602710070373611
3,2,0.2724281796254493,0.03455745446560776
3,2,0.32367767772893563,0.03455745446560776
3,2,0.32367767772893563,0.03455745446560776
3,2,0.2724281796254493,0.03455745446560776
3,2,0.2724281796254493,0.008843901893854866
3,2,0.2724281796254493,0.03455745446560776
3,2,0.22117868152196252,0.008843901893854866
3,2,0.2724281796254493,0.008843901893854866
3,2,0.2724281796254493,0.008843901893854866
3,2,0.22117868152196252,0.008843901893854866
3,3,0.22117868152196252,0.9831303493221015
3,2,0.22117868152196252,0.008843901893854866
3,3,0.16992918341847618,0.9831303493221015
3,3,0.22117868152196252,0.9831303493221015
3,3,0.22117868152196252,0.9831303493221015
3,3,0.16992918341847618,0.9831303493221015
3,3,0.16992918341847618,0.9574167967503486
3,2,0.7849231606603135,0.29169298018313894
3,2,0.7336736625568272,0.29169298018313894
3,2,0.7336736625568272,0.26597942761138604
3,2,0.7336736625568272,0.29169298018313894
3,2,0.6824241644533409,0.26597942761138604
3,2,0.7336736625568272,0.26597942761138604
3,2,0.7336736625568272,0.26597942761138604
3,2,0.6824241644533409,0.26597942761138604
3,2,0.6824241644533409,0.2402658750396327
3,2,0.6824241644533409,0.26597942761138604
3,2,0.6311746663498541,0.2402658750396327
3,2,0.6824241644533409,0.2402658750396327
3,2,0.6824241644533409,0.2402658750396327
3,2,0.6311746663498541,0.2402658750396327
3,2,0.6311746663498541,0.2145523224678798
3,2,0.6311746663498541,0.2402658750396327
3,2,0.5799251682463678,0.2145523224678798
3,2,0.6311746663498541,0.2145523224678798
3,2,0.6311746663498541,0.2145523224678798
3,2,0.5799251682463678,0.2145523224678798
3,2,0.5799251682463678,0.18883876989612647
3,2,0.5799251682463678,0.2145523224678798
3,2,0.5286756701428814,0.18883876989612647
3,2,0.5799251682463678,0.18883876989612647
3,2,0.5799251682463678,0.18883876989612647
3,2,0.5286756701428814,0.18883876989612647
3,2,0.5286756701428814,0.16312521732437357
3,2,0.5286756701428814,0.18883876989612647
3,2,0.4774261720393951,0.16312521732437357
3,2,0.5286756701428814,0.16312521732437357
3,2,0.5286756701428814,0.16312521732437357
3,2,0.4774261720393951,0.16312521732437357
3,2,0.4774261720393951,0.13741166475262023
3,2,0.4774261720393951,0.16312521732437357
3,2,0.4261766739359083,0.13741166475262023
3,2,0.4774261720393951,0.13741166475262023
3,2,0.4774261720393951,0.13741166475262023
3,2,0.4261766739359083,0.13741166475262023
3,2,0.4261766739359083,0.11169811218086734
3,2,0.4261766739359083,0.13741166475262023
3,2,0.37492717583242197,0.11169811218086734
3,2,0.4261766739359083,0.11169811218086734
3,2,0.4261766739359083,0.11169811218086734
3,2,0.37492717583242197,0.11169811218086734
3,2,0.37492717583242197,0.085984559609114
3,2,0.37492717583242197,0.11169811218086734
3,2,0.32367767772893563,0.085984559609114
3,2,0.37492717583242197,0.085984559609114
3,2,0.37492717583242197,0.085984559609114
3,2,0.32367767772893563,0.085984559609114
3,2,0.32367767772893563,0.0602710070373611
3,2,0.32367767772893563,0.085984559609114
3,2,0.2724281796254493,0.0602710070373611
3,2,0.32367767772893563,0.0602710070373611
3,2,0.32367767772893563,0.0602710070373611
3,2,0.2724281796254493,0.0602710070373611
3,2,0.2724281796254493,0.03455745446560776
3,2,0.2724281796254493,0.0602710070373611
3,2,0.22117868152196252,0.03455745446560776
3,2,0.2724281796254493,0.03455745446560776
3,2,0.2724281796254493,0.03455745446560776
3,2,0.22117868152196252,0.03455745446560776
3,2,0.22117868152196252,0.008843901893854866
3,2,0.22117868152196252,0.03455745446560776
3,2,0.16992918341847618,0.008843901893854866
3,2,0.22117868152196252,0.008843901893854866
3,2,0.22117868152196252,0.008843901893854866
3,2,0.16992918341847618,0.008843901893854866
3,3,0.16992918341847618,0.9831303493221015
3,2,0.7336736625568272,0.29169298018313894
3,2,0.6824241644533409,0.29169298018313894
3,2,0.6824241644533409,0.26597942761138604
3,2,0.6824241644533409,0.29169298018313894
3,2,0.6311746663498541,0.26597942761138604
3,2,0.6824241644533409,0.26597942761138604
3,2,0.6824241644533409,0.26597942761138604
3,2,0.6311746663498541,0.26597942761138604
3,2,0.6311746663498541,0.2402658750396327
3,2,0.6311746663498541,0.26597942761138604
3,2,0.5799251682463678,0.2402658750396327
3,2,0.6311746663498541,0.2402658750396327
3,2,0.6311746663498541,0.2402658750396327
3,2,0.5799251682463678,0.2402658750396327
3,2,0.5799251682463678,0.2145523224678798
3,2,0.5799251682463678,0.2402658750396327
3,2,0.5286756701428814,0.2145523224678798
3,2,0.5799251682463678,0.2145523224678798
3,2,0.5799251682463678,0.2145523224678798
3,2,0.5286756701428814,0.2145523224678798
3,2,0.5286756701428814,0.18883876989612647
3,2,0.5286756701428814,0.2145523224678798
3,2,0.4774261720393951,0.18883876989612647
3,2,0.5286756701428814,0.18883876989612647
3,2,0.5286756701428814,0.18883876989612647
3,2,0.4774261720393951,0.18883876989612647
3,2,0.4774261720393951,0.16312521732437357
3,2,0.4774261720393951,0.18883876989612647
3,2,0.4261766739359083,0.16312521732437357
3,2,0.4774261720393951,0.16312521732437357
3,2,0.4774261720393951,0.16312521732437357
3,2,0.4261766739359083,0.16312521732437357
3,2,0.4261766739359083,0.13741166475262023
3,2,0.4261766739359083,0.16312521732437357
3,2,0.37492717583242197,0.13741166475262023
3,2,0.4261766739359083,0.13741166475262023
3,2,0.4261766739359083,0.13741166475262023
3,2,0.37492717583242197,0.13741166475262023
3,2,0.37492717583242197,0.11169811218086734
3,2,0.37492717583242197,0.13741166475262023
3,2,0.32367767772893563,0.11169811218086734
3,2,0.37492717583242197,0.11169811218086734
3,2,0.37492717583242197,0.11169811218086734
3,2,0.32367767772893563,0.11169811218086734
3,2,0.32367767772893563,0.085984559609114
3,2,0.32367767772893563,0.11169811218086734
3,2,0.2724281796254493,0.085984559609114
3,2,0.32367767772893563,0.085984559609114
3,2,0.32367767772893563,0.085984559609114
3,2,0.2724281796254493,0.085984559609114
3,2,0.2724281796254493,0.0602710070373611
3,2,0.2724281796254493,0.085984559609114
3,2,0.22117868152196252,0.0602710070373611
3,2,0.2724281796254493,0.0602710070373611
3,2,0.2724281796254493,0.0602710070373611
3,2,0.22117868152196252,0.0602710070373611
3,2,0.22117868152196252,0.03455745446560776
3,2,0.22117868152196252,0.0602710070373611
3,2,0.16992918341847618,0.03455745446560776
3,2,0.22117868152196252,0.03455745446560776
3,2,0.22117868152196252,0.03455745446560776
3,2,0.16992918341847618,0.03455745446560776
3,2,0.16992918341847618,0.008843901893854866
3,2,0.6824241644533409,0.29169298018313894
3,2,0.6311746663498541,0.29169298018313894
3,2,0.6311746663498541,0.26597942761138604
3,2,0.6311746663498541,0.29169298018313894
3,2,0.5799251682463678,0.26597942761138604
3,2,0.6311746663498541,0.26597942761138604
3,2,0.6311746663498541,0.26597942761138604
3,2,0.5799251682463678,0.26597942761138604
3,2,0.5799251682463678,0.2402658750396327
3,2,0.5799251682463678,0.26597942761138604
3,2,0.5286756701428814,0.2402658750396327
3,2,0.5799251682463678,0.2402658750396327
3,2,0.5799251682463678,0.2402658750396327
3,2,0.5286756701428814,0.2402658750396327
3,2,0.5286756701428814,0.2145523224678798
3,2,0.5286756701428814,0.2402658750396327
3,2,0.4774261720393951,0.2145523224678798
3,2,0.5286756701428814,0.2145523224678798
3,2,0.5286756701428814,0.2145523224678798
3,2,0.4774261720393951,0.2145523224678798
3,2,0.4774261720393951,0.18883876989612647
3,2,0.4774261720393951,0.2145523224678798
3,2,0.4261766739359083,0.18883876989612647
3,2,0.4774261720393951,0.18883876989612647
3,2,0.4774261720393951,0.18883876989612647
3,2,0.4261766739359083,0.18883876989612647
3,2,0.4261766739359083,0.16312521732437357
3,2,0.4261766739359083,0.18883876989612647
3,2,0.37492717583242197,0.16312521732437357
3,2,0.4261766739359083,0.16312521732437357
3,2,0.4261766739359083,0.16312521732437357
3,2,0.37492717583242197,0.16312521732437357
3,2,0.37492717583242197,0.13741166475262023
3,2,0.37492717583242197,0.16312521732437357
3,2,0.32367767772893563,0.13741166475262023
3,2,0.37492717583242197,0.13741166475262023
3,2,0.37492717583242197,0.13741166475262023
3,2,0.32367767772893563,0.13741166475262023
3,2,0.32367767772893563,0.11169811218086734
3,2,0.32367767772893563,0.13741166475262023
3,2,0.2724281796254493,0.11169811218086734
3,2,0.32367767772893563,0.11169811218086734
3,2,0.32367767772893563,0.11169811218086734
3,2,0.2724281796254493,0.11169811218086734
3,2,0.2724281796254493,0.085984559609114
3,2,0.2724281796254493,0.11169811218086734
3,2,0.22117868152196252,0.085984559609114
3,2,0.2724281796254493,0.085984559609114
3,2,0.2724281796254493,0.085984559609114
3,2,0.22117868152196252,0.085984559609114
3,2,0.22117868152196252,0.0602710070373611
3,2,0.22117868152196252,0.085984559609114
3,2,0.16992918341847618,0.0602710070373611
3,2,0.22117868152196252,0.0602710070373611
3,2,0.22117868152196252,0.0602710070373611
3,2,0.16992918341847618,0.0602710070373611
3,2,0.16992918341847618,0.03455745446560776
3,2,0.6311746663498541,0.29169298018313894
3,2,0.5799251682463678,0.29169298018313894
3,2,0.5799251682463678,0.26597942761138604
3,2,0.5799251682463678,0.29169298018313894
3,2,0.5286756701428814,0.26597942761138604
3,2,0.5799251682463678,0.26597942761138604
3,2,0.5799251682463678,0.26597942761138604
3,2,0.5286756701428814,0.26597942761138604
3,2,0.5286756701428814,0.2402658750396327
3,2,0.5286756701428814,0.26597942761138604
3,2,0.4774261720393951,0.2402658750396327
3,2,0.5286756701428814,0.2402658750396327
3,2,0.5286756701428814,0.2402658750396327
3,2,0.4774261720393951,0.2402658750396327
3,2,0.4774261720393951,0.2145523224678798
3,2,0.4774261720393951,0.2402658750396327
3,2,0.4261766739359083,0.2145523224678798
3,2,0.4774261720393951,0.2145523224678798
3,2,0.4774261720393951,0.2145523224678798
3,2,0.4261766739359083,0.2145523224678798
3,2,0.4261766739359083,0.18883876989612647
3,2,0.4261766739359083,0.2145523224678798
3,2,0.37492717583242197,0.18883876989612647
3,2,0.4261766739359083,0.18883876989612647
3,2,0.4261766739359083,0.18883876989612647
3,2,0.37492717583242197,0.18883876989612647
3,2,0.37492717583242197,0.16312521732437357
3,2,0.37492717583242197,0.18883876989612647
3,2,0.32367767772893563,0.16312521732437357
3,2,0.37492717583242197,0.16312521732437357
3,2,0.37492717583242197,0.16312521732437357
3,2,0.32367767772893563,0.16312521732437357
3,2,0.32367767772893563,0.13741166475262023
3,2,0.32367767772893563,0.16312521732437357
3,2,0.2724281796254493,0.13741166475262023
3,2,0.32367767772893563,0.13741166475262023
3,2,0.32367767772893563,0.13741166475262023
3,2,0.2724281796254493,0.13741166475262023
3,2,0.2724281796254493,0.11169811218086734
3,2,0.2724281796254493,0.13741166475262023
3,2,0.22117868152196252,0.11169811218086734
3,2,0.2724281796254493,0.11169811218086734
3,2,0.2724281796254493,0.11169811218086734
3,2,0.22117868152196252,0.11169811218086734
3,2,0.22117868152196252,0.085984559609114
3,2,0.22117868152196252,0.11169811218086734
3,2,0.16992918341847618,0.085984559609114
3,2,0.22117868152196252,0.085984559609114
3,2,0.22117868152196252,0.085984559609114
3,2,0.16992918341847618,0.085984559609114
3,2,0.16992918341847618,0.0602710070373611
3,2,0.5799251682463678,0.29169298018313894
3,2,0.5286756701428814,0.29169298018313894
3,2,0.5286756701428814,0.26597942761138604
3,2,0.5286756701428814,0.29169298018313894
3,2,0.4774261720393951,0.26597942761138604
3,2,0.5286756701428814,0.26597942761138604
3,2,0.5286756701428814,0.26597942761138604
3,2,0.4774261720393951,0.26597942761138604
3,2,0.4774261720393951,0.2402658750396327
3,2,0.4774261720393951,0.26597942761138604
3,2,0.4261766739359083,0.2402658750396327
3,2,0.4774261720393951,0.2402658750396327
3,2,0.4774261720393951,0.2402658750396327
3,2,0.4261766739359083,0.2402658750396327
3,2,0.4261766739359083,0.2145523224678798
3,2,0.4261766739359083,0.2402658750396327
3,2,0.37492717583242197,0.2145523224678798
3,2,0.4261766739359083,0.2145523224678798
3,2,0.4261766739359083,0.2145523224678798
3,2,0.37492717583242197,0.2145523224678798
3,2,0.37492717583242197,0.18883876989612647
3,2,0.37492717583242197,0.2145523224678798
3,2,0.32367767772893563,0.18883876989612647
3,2,0.37492717583242197,0.18883876989612647
3,2,0.37492717583242197,0.18883876989612647
3,2,0.32367767772893563,0.18883876989612647
3,2,0.32367767772893563,0.16312521732437357
3,2,0.32367767772893563,0.18883876989612647
3,2,0.2724281796254493,0.16312521732437357
3,2,0.32367767772893563,0.16312521732437357
3,2,0.32367767772893563,0.16312521732437357
3,2,0.2724281796254493,0.16312521732437357
3,2,0.2724281796254493,0.13741166475262023
3,2,0.2724281796254493,0.16312521732437357
3,2,0.22117868152196252,0.13741166475262023
3,2,0.2724281796254493,0.13741166475262023
3,2,0.2724281796254493,0.13741166475262023
3,2,0.22117868152196252,0.13741166475262023
3,2,0.22117868152196252,0.11169811218086734
3,2,0.22117868152196252,0.13741166475262023
3,2,0.16992918341847618,0.11169811218086734
3,2,0.22117868152196252,0.11169811218086734
3,2,0.22117868152196252,0.11169811218086734
3,2,0.16992918341847618,0.11169811218086734
3,2,0.16992918341847618,0.085984559609114
3,2,0.5286756701428814,0.29169298018313894
3,2,0.4774261720393951,0.29169298018313894
3,2,0.4774261720393951,0.26597942761138604
3,2,0.4774261720393951,0.29169298018313894
3,2,0.4261766739359083,0.26597942761138604
3,2,0.4774261720393951,0.26597942761138604
3,2,0.4774261720393951,0.26597942761138604
3,2,0.4261766739359083,0.26597942761138604
3,2,0.4261766739359083,0.2402658750396327
3,2,0.4261766739359083,0.26597942761138604
3,2,0.37492717583242197,0.2402658750396327
3,2,0.4261766739359083,0.2402658750396327
3,2,0.4261766739359083,0.2402658750396327
3,2,0.37492717583242197,0.2402658750396327
3,2,0.37492717583242197,0.2145523224678798
3,2,0.37492717583242197,0.2402658750396327
3,2,0.32367767772893563,0.2145523224678798
3,2,0.37492717583242197,0.2145523224678798
3,2,0.37492717583242197,0.2145523224678798
3,2,0.32367767772893563,0.2145523224678798
3,2,0.32367767772893563,0.18883876989612647
3,2,0.32367767772893563,0.2145523224678798
3,2,0.2724281796254493,0.18883876989612647
3,2,0.32367767772893563,0.18883876989612647
3,2,0.32367767772893563,0.18883876989612647
3,2,0.2724281796254493,0.18883876989612647
3,2,0.2724281796254493,0.16312521732437357
3,2,0.2724281796254493,0.18883876989612647
3,2,0.22117868152196252,0.16312521732437357
3,2,0.2724281796254493,0.16312521732437357
3,2,0.2724281796254493,0.16312521732437357
3,2,0.22117868152196252,0.16312521732437357
3,2,0.22117868152196252,0.13741166475262023
3,2,0.22117868152196252,0.16312521732437357
3,2,0.16992918341847618,0.13741166475262023
3,2,0.22117868152196252,0.13741166475262023
3,2,0.22117868152196252,0.13741166475262023
3,2,0.16992918341847618,0.13741166475262023
3,2,0.16992918341847618,0.11169811218086734
3,2,0.4774261720393951,0.29169298018313894
3,2,0.4261766739359083,0.29169298018313894
3,2,0.4261766739359083,0.26597942761138604
3,2,0.4261766739359083,0.29169298018313894
3,2,0.37492717583242197,0.26597942761138604
3,2,0.4261766739359083,0.26597942761138604
3,2,0.4261766739359083,0.26597942761138604
3,2,0.37492717583242197,0.26597942761138604
3,2,0.37492717583242197,0.2402658750396327
3,2,0.37492717583242197,0.26597942761138604
3,2,0.32367767772893563,0.2402658750396327
3,2,0.37492717583242197,0.2402658750396327
3,2,0.37492717583242197,0.2402658750396327
3,2,0.32367767772893563,0.2402658750396327
3,2,0.32367767772893563,0.2145523224678798
3,2,0.32367767772893563,0.2402658750396327
3,2,0.2724281796254493,0.2145523224678798
3,2,0.32367767772893563,0.2145523224678798
3,2,0.32367767772893563,0.2145523224678798
3,2,0.2724281796254493,0.2145523224678798
3,2,0.2724281796254493,0.18883876989612647
3,2,0.2724281796254493,0.2145523224678798
3,2,0.22117868152196252,0.18883876989612647
3,2,0.2724281796254493,0.18883876989612647
3,2,0.2724281796254493,0.18883876989612647
3,2,0.22117868152196252,0.18883876989612647
3,2,0.22117868152196252,0.16312521732437357
3,2,0.22117868152196252,0.18883876989612647
3,2,0.16992918341847618,0.16312521732437357
3,2,0.22117868152196252,0.16312521732437357
3,2,0.22117868152196252,0.16312521732437357
3,2,0.16992918341847618,0.16312521732437357
3,2,0.16992918341847618,0.13741166475262023
3,2,0.4261766739359083,0.29169298018313894
3,2,0.37492717583242197,0.29169298018313894
3,2,0.37492717583242197,0.26597942761138604
3,2,0.37492717583242197,0.29169298018313894
3,2,0.32367767772893563,0.26597942761138604
3,2,0.37492717583242197,0.26597942761138604
3,2,0.37492717583242197,0.26597942761138604
3,2,0.32367767772893563,0.26597942761138604
3,2,0.32367767772893563,0.2402658750396327
3,2,0.32367767772893563,0.26597942761138604
3,2,0.2724281796254493,0.2402658750396327
3,2,0.32367767772893563,0.2402658750396327
3,2,0.32367767772893563,0.2402658750396327
3,2,0.2724281796254493,0.2402658750396327
3,2,0.2724281796254493,0.2145523224678798
3,2,0.2724281796254493,0.2402658750396327
3,2,0.22117868152196252,0.2145523224678798
3,2,0.2724281796254493,0.2145523224678798
3,2,0.2724281796254493,0.2145523224678798
3,2,0.22117868152196252,0.2145523224678798
3,2,0.22117868152196252,0.18883876989612647
3,2,0.22117868152196252,0.2145523224678798
3,2,0.16992918341847618,0.18883876989612647
3,2,0.22117868152196252,0.18883876989612647
3,2,0.22117868152196252,0.18883876989612647
3,2,0.16992918341847618,0.18883876989612647
3,2,0.16992918341847618,0.16312521732437357
3,2,0.37492717583242197,0.29169298018313894
3,2,0.32367767772893563,0.29169298018313894
3,2,0.32367767772893563,0.26597942761138604
3,2,0.32367767772893563,0.29169298018313894
3,2,0.2724281796254493,0.26597942761138604
3,2,0.32367767772893563,0.26597942761138604
3,2,0.32367767772893563,0.26597942761138604
3,2,0.2724281796254493,0.26597942761138604
3,2,0.2724281796254493,0.2402658750396327
3,2,0.2724281796254493,0.26597942761138604
3,2,0.22117868152196252,0.2402658750396327
3,2,0.2724281796254493,0.2402658750396327
3,2,0.2724281796254493,0.2402658750396327
3,2,0.22117868152196252,0.2402658750396327
3,2,0.22117868152196252,0.2145523224678798
3,2,0.22117868152196252,0.2402658750396327
3,2,0.16992918341847618,0.2145523224678798
3,2,0.22117868152196252,0.2145523224678798
3,2,0.22117868152196252,0.2145523224678798
3,2,0.16992918341847618,0.2145523224678798
3,2,0.16992918341847618,0.18883876989612647
3,2,0.32367767772893563,0.29169298018313894
3,2,0.2724281796254493,0.29169298018313894
3,2,0.2724281796254493,0.26597942761138604
3,2,0.2724281796254493,0.29169298018313894
3,2,0.22117868152196252,0.26597942761138604
3,2,0.2724281796254493,0.26597942761138604
3,2,0.2724281796254493,0.26597942761138604
3,2,0.22117868152196252,0.26597942761138604
3,2,0.22117868152196252,0.2402658750396327
3,2,0.22117868152196252,0.26597942761138604
3,2,0.16992918341847618,0.2402658750396327
3,2,0.22117868152196252,0.2402658750396327
3,2,0.22117868152196252,0.2402658750396327
3,2,0.16992918341847618,0.2402658750396327
3,2,0.16992918341847618,0.2145523224678798
3,2,0.2724281796254493,0.29169298018313894
3,2,0.22117868152196252,0.29169298018313894
3,2,0.22117868152196252,0.26597942761138604
3,2,0.22117868152196252,0.29169298018313894
3,2,0.16992918341847618,0.26597942761138604
3,2,0.22117868152196252,0.26597942761138604
3,2,0.22117868152196252,0.26597942761138604
3,2,0.16992918341847618,0.26597942761138604
3,2,0.16992918341847618,0.2402658750396327
3,2,0.22117868152196252,0.29169298018313894
3,2,0.16992918341847618,0.29169298018313894
3,2,0.16992918341847618,0.26597942761138604
3,3,0.16992918341847618,0.8288490338915828
3,3,0.22117868152196252,0.8288490338915828
3,3,0.22117868152196252,0.8545625864633362
3,3,0.22117868152196252,0.8288490338915828
3,3,0.2724281796254493,0.8545625864633362
3,3,0.22117868152196252,0.8545625864633362
3,3,0.22117868152196252,0.8545625864633362
3,3,0.2724281796254493,0.8545625864633362
3,3,0.2724281796254493,0.8802761390350891
3,3,0.2724281796254493,0.8545625864633362
3,3,0.32367767772893563,0.8802761390350891
3,3,0.2724281796254493,0.8802761390350891
3,3,0.2724281796254493,0.8802761390350891
3,3,0.32367767772893563,0.8802761390350891
3,3,0.32367767772893563,0.9059896916068424
3,3,0.32367767772893563,0.8802761390350891
3,3,0.37492717583242197,0.9059896916068424
3,3,0.32367767772893563,0.9059896916068424
3,3,0.32367767772893563,0.9059896916068424
3,3,0.37492717583242197,0.9059896916068424
3,3,0.37492717583242197,0.9317032441785953
3,3,0.37492717583242197,0.9059896916068424
3,3,0.4261766739359083,0.9317032441785953
3,3,0.37492717583242197,0.9317032441785953
3,3,0.37492717583242197,0.9317032441785953
3,3,0.4261766739359083,0.9317032441785953
3,3,0.4261766739359083,0.9574167967503486
3,3,0.4261766739359083,0.9317032441785953
3,3,0.47742617203939464,0.9574167967503486
3,3,0.4261766739359083,0.9574167967503486
3,3,0.4261766739359083,0.9574167967503486
3,3,0.47742617203939464,0.9574167967503486
3,3,0.47742617203939464,0.9831303493221015
3,3,0.47742617203939464,0.9574167967503486
3,3,0.5286756701428814,0.9831303493221015
3,3,0.47742617203939464,0.9831303493221015
3,3,0.47742617203939464,0.9831303493221015
3,3,0.5286756701428814,0.9831303493221015
3,2,0.5286756701428814,0.008843901893854866
3,3,0.5286756701428814,0.9831303493221015
3,2,0.5799251682463678,0.008843901893854866
3,2,0.5286756701428814,0.008843901893854866
3,2,0.5286756701428814,0.008843901893854866
3,2,0.5799251682463678,0.008843901893854866
3,2,0.5799251682463678,0.03455745446560776
3,2,0.5799251682463678,0.008843901893854866
3,2,0.6311746663498541,0.03455745446560776
3,2,0.5799251682463678,0.03455745446560776
3,2,0.5799251682463678,0.03455745446560776
3,2,0.6311746663498541,0.03455745446560776
3,2,0.6311746663498541,0.0602710070373611
3,2,0.6311746663498541,0.03455745446560776
3,2,0.6824241644533409,0.0602710070373611
3,2,0.6311746663498541,0.0602710070373611
3,2,0.6311746663498541,0.0602710070373611
3,2,0.6824241644533409,0.0602710070373611
3,2,0.6824241644533409,0.085984559609114
3,2,0.6824241644533409,0.0602710070373611
3,2,0.7336736625568272,0.085984559609114
3,2,0.6824241644533409,0.085984559609114
3,2,0.6824241644533409,0.085984559609114
3,2,0.7336736625568272,0.085984559609114
3,2,0.7336736625568272,0.11169811218086734
3,2,0.7336736625568272,0.085984559609114
3,2,0.7849231606603135,0.11169811218086734
3,2,0.7336736625568272,0.11169811218086734
3,2,0.7336736625568272,0.11169811218086734
3,2,0.7849231606603135,0.11169811218086734
3,2,0.7849231606603135,0.13741166475262023
3,2,0.7849231606603135,0.11169811218086734
3,2,0.8361726587637999,0.13741166475262023
3,2,0.7849231606603135,0.13741166475262023
3,2,0.7849231606603135,0.13741166475262023
3,2,0.8361726587637999,0.13741166475262023
3,2,0.8361726587637999,0.16312521732437357
3,2,0.8361726587637999,0.13741166475262023
3,2,0.8874221568672862,0.16312521732437357
3,2,0.8361726587637999,0.16312521732437357
3,2,0.8361726587637999,0.16312521732437357
3,2,0.8874221568672862,0.16312521732437357
3,2,0.8874221568672862,0.18883876989612647
3,2,0.8874221568672862,0.16312521732437357
3,2,0.938671654970773,0.18883876989612647
3,2,0.8874221568672862,0.18883876989612647
3,2,0.8874221568672862,0.18883876989612647
3,2,0.938671654970773,0.18883876989612647
3,2,0.938671654970773,0.2145523224678798
3,2,0.938671654970773,0.18883876989612647
3,2,0.9899211530742593,0.2145523224678798
3,2,0.938671654970773,0.2145523224678798
3,2,0.938671654970773,0.2145523224678798
3,2,0.9899211530742593,0.2145523224678798
3,2,0.9899211530742593,0.2402658750396327
3,2,0.9899211530742593,0.2145523224678798
4,2,0.041170651177745654,0.2402658750396327
3,2,0.9899211530742593,0.2402658750396327
3,2,0.9899211530742593,0.2402658750396327
4,2,0.041170651177745654,0.2402658750396327
4,2,0.041170651177745654,0.26597942761138604
4,2,0.041170651177745654,0.2402658750396327
4,2,0.09242014928123243,0.26597942761138604
4,2,0.041170651177745654,0.26597942761138604
4,2,0.041170651177745654,0.26597942761138604
4,2,0.09242014928123243,0.26597942761138604
4,2,0.09242014928123243,0.29169298018313894
3,3,0.22117868152196252,0.8288490338915828
3,3,0.2724281796254493,0.8288490338915828
3,3,0.2724281796254493,0.8545625864633362
3,3,0.2724281796254493,0.8288490338915828
3,3,0.32367767772893563,0.8545625864633362
3,3,0.2724281796254493,0.8545625864633362
3,3,0.2724281796254493,0.8545625864633362
3,3,0.32367767772893563,0.8545625864633362
3,3,0.32367767772893563,0.8802761390350891
3,3,0.32367767772893563,0.8545625864633362
3,3,0.37492717583242197,0.8802761390350891
3,3,0.32367767772893563,0.8802761390350891
3,3,0.32367767772893563,0.8802761390350891
3,3,0.37492717583242197,0.8802761390350891
3,3,0.37492717583242197,0.9059896916068424
3,3,0.37492717583242197,0.8802761390350891
3,3,0.4261766739359083,0.9059896916068424
3,3,0.37492717583242197,0.9059896916068424
3,3,0.37492717583242197,0.9059896916068424
3,3,0.4261766739359083,0.9059896916068424
3,3,0.4261766739359083,0.9317032441785953
3,3,0.4261766739359083,0.9059896916068424
3,3,0.47742617203939464,0.9317032441785953
3,3,0.4261766739359083,0.9317032441785953
3,3,0.4261766739359083,0.9317032441785953
3,3,0.47742617203939464,0.9317032441785953
3,3,0.47742617203939464,0.9574167967503486
3,3,0.47742617203939464,0.9317032441785953
3,3,0.5286756701428814,0.9574167967503486
3,3,0.47742617203939464,0.9574167967503486
3,3,0.47742617203939464,0.9574167967503486
3,3,0.5286756701428814,0.9574167967503486
3,3,0.5286756701428814,0.9831303493221015
3,3,0.5286756701428814,0.9574167967503486
3,3,0.5799251682463678,0.9831303493221015
3,3,0.5286756701428814,0.9831303493221015
3,3,0.5286756701428814,0.9831303493221015
3,3,0.5799251682463678,0.9831303493221015
3,2,0.5799251682463678,0.008843901893854866
3,3,0.5799251682463678,0.9831303493221015
3,2,0.6311746663498541,0.008843901893854866
3,2,0.5799251682463678,0.008843901893854866
3,2,0.5799251682463678,0.008843901893854866
3,2,0.6311746663498541,0.008843901893854866
3,2,0.6311746663498541,0.03455745446560776
3,2,0.6311746663498541,0.008843901893854866
3,2,0.6824241644533409,0.03455745446560776
3,2,0.6311746663498541,0.03455745446560776
3,2,0.6311746663498541,0.03455745446560776
3,2,0.6824241644533409,0.03455745446560776
3,2,0.6824241644533409,0.0602710070373611
3,2,0.6824241644533409,0.03455745446560776
3,2,0.7336736625568272,0.0602710070373611
3,2,0.6824241644533409,0.0602710070373611
3,2,0.6824241644533409,0.0602710070373611
3,2,0.7336736625568272,0.0602710070373611
3,2,0.7336736625568272,0.085984559609114
3,2,0.7336736625568272,0.0602710070373611
3,2,0.7849231606603135,0.085984559609114
3,2,0.7336736625568272,0.085984559609114
3,2,0.7336736625568272,0.085984559609114
3,2,0.7849231606603135,0.085984559609114
3,2,0.7849231606603135,0.11169811218086734
3,2,0.7849231606603135,0.085984559609114
3,2,0.8361726587637999,0.11169811218086734
3,2,0.7849231606603135,0.11169811218086734
3,2,0.7849231606603135,0.11169811218086734
3,2,0.8361726587637999,0.11169811218086734
3,2,0.8361726587637999,0.13741166475262023
3,2,0.8361726587637999,0.11169811218086734
3,2,0.8874221568672862,0.13741166475262023
3,2,0.8361726587637999,0.13741166475262023
3,2,0.8361726587637999,0.13741166475262023
3,2,0.8874221568672862,0.13741166475262023
3,2,0.8874221568672862,0.16312521732437357
3,2,0.8874221568672862,0.13741166475262023
3,2,0.938671654970773,0.16312521732437357
3,2,0.8874221568672862,0.16312521732437357
3,2,0.8874221568672862,0.16312521732437357
3,2,0.938671654970773,0.16312521732437357
3,2,0.938671654970773,0.18883876989612647
3,2,0.938671654970773,0.16312521732437357
3,2,0.9899211530742593,0.18883876989612647
3,2,0.938671654970773,0.18883876989612647
3,2,0.938671654970773,0.18883876989612647
3,2,0.9899211530742593,0.18883876989612647
3,2,0.9899211530742593,0.2145523224678798
3,2,0.9899211530742593,0.18883876989612647
4,2,0.041170651177745654,0.2145523224678798
3,2,0.9899211530742593,0.2145523224678798
3,2,0.9899211530742593,0.2145523224678798
4,2,0.041170651177745654,0.2145523224678798
4,2,0.041170651177745654,0.2402658750396327
4,2,0.041170651177745654,0.2145523224678798
4,2,0.09242014928123243,0.2402658750396327
4,2,0.041170651177745654,0.2402658750396327
4,2,0.041170651177745654,0.2402658750396327
4,2,0.09242014928123243,0.2402658750396327
4,2,0.09242014928123243,0.26597942761138604
3,3,0.2724281796254493,0.8288490338915828
3,3,0.32367767772893563,0.8288490338915828
3,3,0.32367767772893563,0.8545625864633362
3,3,0.32367767772893563,0.8288490338915828
3,3,0.37492717583242197,0.8545625864633362
3,3,0.32367767772893563,0.8545625864633362
3,3,0.32367767772893563,0.8545625864633362
3,3,0.37492717583242197,0.8545625864633362
3,3,0.37492717583242197,0.8802761390350891
3,3,0.37492717583242197,0.8545625864633362
3,3,0.4261766739359083,0.8802761390350891
3,3,0.37492717583242197,0.8802761390350891
3,3,0.37492717583242197,0.8802761390350891
3,3,0.4261766739359083,0.8802761390350891
3,3,0.4261766739359083,0.9059896916068424
3,3,0.4261766739359083,0.8802761390350891
3,3,0.47742617203939464,0.9059896916068424
3,3,0.4261766739359083,0.9059896916068424
3,3,0.4261766739359083,0.9059896916068424
3,3,0.47742617203939464,0.9059896916068424
3,3,0.47742617203939464,0.9317032441785953
3,3,0.47742617203939464,0.9059896916068424
3,3,0.5286756701428814,0.9317032441785953
3,3,0.47742617203939464,0.9317032441785953
3,3,0.47742617203939464,0.9317032441785953
3,3,0.5286756701428814,0.9317032441785953
3,3,0.5286756701428814,0.9574167967503486
3,3,0.5286756701428814,0.9317032441785953
3,3,0.5799251682463678,0.9574167967503486
3,3,0.5286756701428814,0.9574167967503486
3,3,0.5286756701428814,0.9574167967503486
3,3,0.5799251682463678,0.9574167967503486
3,3,0.5799251682463678,0.9831303493221015
3,3,0.5799251682463678,0.9574167967503486
3,3,0.6311746663498541,0.9831303493221015
3,3,0.5799251682463678,0.9831303493221015
3,3,0.5799251682463678,0.9831303493221015
3,3,0.6311746663498541,0.9831303493221015
3,2,0.6311746663498541,0.008843901893854866
3,3,0.6311746663498541,0.9831303493221015
3,2,0.6824241644533409,0.008843901893854866
3,2,0.6311746663498541,0.008843901893854866
3,2,0.6311746663498541,0.008843901893854866
3,2,0.6824241644533409,0.008843901893854866
3,2,0.6824241644533409,0.03455745446560776
3,2,0.6824241644533409,0.008843901893854866
3,2,0.7336736625568272,0.03455745446560776
3,2,0.6824241644533409,0.03455745446560776
3,2,0.6824241644533409,0.03455745446560776
3,2,0.7336736625568272,0.03455745446560776
3,2,0.7336736625568272,0.0602710070373611
3,2,0.7336736625568272,0.03455745446560776
3,2,0.7849231606603135,0.0602710070373611
3,2,0.7336736625568272,0.0602710070373611
3,2,0.7336736625568272,0.0602710070373611
3,2,0.7849231606603135,0.0602710070373611
3,2,0.7849231606603135,0.085984559609114
3,2,0.7849231606603135,0.0602710070373611
3,2,0.8361726587637999,0.085984559609114
3,2,0.7849231606603135,0.085984559609114
3,2,0.7849231606603135,0.085984559609114
3,2,0.8361726587637999,0.085984559609114
3,2,0.8361726587637999,0.11169811218086734
3,2,0.8361726587637999,0.085984559609114
3,2,0.8874221568672862,0.11169811218086734
3,2,0.8361726587637999,0.11169811218086734
3,2,0.8361726587637999,0.11169811218086734
3,2,0.8874221568672862,0.11169811218086734
3,2,0.8874221568672862,0.13741166475262023
3,2,0.8874221568672862,0.11169811218086734
3,2,0.938671654970773,0.13741166475262023
3,2,0.8874221568672862,0.13741166475262023
3,2,0.8874221568672862,0.13741166475262023
3,2,0.938671654970773,0.13741166475262023
3,2,0.938671654970773,0.16312521732437357
3,2,0.938671654970773,0.13741166475262023
3,2,0.9899211530742593,0.16312521732437357
3,2,0.938671654970773,0.16312521732437357
3,2,0.938671654970773,0.16312521732437357
3,2,0.9899211530742593,0.16312521732437357
3,2,0.9899211530742593,0.18883876989612647
3,2,0.9899211530742593,0.16312521732437357
4,2,0.041170651177745654,0.18883876989612647
3,2,0.9899211530742593,0.18883876989612647
3,2,0.9899211530742593,0.18883876989612647
4,2,0.041170651177745654,0.18883876989612647
4,2,0.041170651177745654,0.2145523224678798
4,2,0.041170651177745654,0.18883876989612647
4,2,0.09242014928123243,0.2145523224678798
4,2,0.041170651177745654,0.2145523224678798
4,2,0.041170651177745654,0.2145523224678798
4,2,0.09242014928123243,0.2145523224678798
4,2,0.09242014928123243,0.2402658750396327
3,3,0.32367767772893563,0.8288490338915828
3,3,0.37492717583242197,0.8288490338915828
3,3,0.37492717583242197,0.8545625864633362
3,3,0.37492717583242197,0.8288490338915828
3,3,0.4261766739359083,0.8545625864633362
3,3,0.37492717583242197,0.8545625864633362
3,3,0.37492717583242197,0.8545625864633362
3,3,0.4261766739359083,0.8545625864633362
3,3,0.4261766739359083,0.8802761390350891
3,3,0.4261766739359083,0.8545625864633362
3,3,0.47742617203939464,0.8802761390350891
3,3,0.4261766739359083,0.8802761390350891
3,3,0.4261766739359083,0.8802761390350891
3,3,0.47742617203939464,0.8802761390350891
3,3,0.47742617203939464,0.9059896916068424
3,3,0.47742617203939464,0.8802761390350891
3,3,0.5286756701428814,0.9059896916068424
3,3,0.47742617203939464,0.9059896916068424
3,3,0.47742617203939464,0.9059896916068424
3,3,0.5286756701428814,0.9059896916068424
3,3,0.5286756701428814,0.9317032441785953
3,3,0.5286756701428814,0.9059896916068424
3,3,0.5799251682463678,0.9317032441785953
3,3,0.5286756701428814,0.9317032441785953
3,3,0.5286756701428814,0.9317032441785953
3,3,0.5799251682463678,0.9317032441785953
3,3,0.5799251682463678,0.9574167967503486
3,3,0.5799251682463678,0.9317032441785953
3,3,0.6311746663498541,0.9574167967503486
3,3,0.5799251682463678,0.9574167967503486
3,3,0.5799251682463678,0.9574167967503486
3,3,0.6311746663498541,0.9574167967503486
3,3,0.6311746663498541,0.9831303493221015
3,3,0.6311746663498541,0.9574167967503486
3,3,0.6824241644533409,0.9831303493221015
3,3,0.6311746663498541,0.9831303493221015
3,3,0.6311746663498541,0.9831303493221015
3,3,0.6824241644533409,0.9831303493221015
3,2,0.6824241644533409,0.008843901893854866
3,3,0.6824241644533409,0.9831303493221015
3,2,0.7336736625568272,0.008843901893854866
3,2,0.6824241644533409,0.008843901893854866
3,2,0.6824241644533409,0.008843901893854866
3,2,0.7336736625568272,0.008843901893854866
3,2,0.7336736625568272,0.03455745446560776
3,2,0.7336736625568272,0.008843901893854866
3,2,0.7849231606603135,0.03455745446560776
3,2,0.7336736625568272,0.03455745446560776
3,2,0.7336736625568272,0.03455745446560776
3,2,0.7849231606603135,0.03455745446560776
3,2,0.7849231606603135,0.0602710070373611
3,2,0.7849231606603135,0.03455745446560776
3,2,0.8361726587637999,0.0602710070373611
3,2,0.7849231606603135,0.0602710070373611
3,2,0.7849231606603135,0.0602710070373611
3,2,0.8361726587637999,0.0602710070373611
3,2,0.8361726587637999,0.085984559609114
3,2,0.8361726587637999,0.0602710070373611
3,2,0.8874221568672862,0.085984559609114
3,2,0.8361726587637999,0.085984559609114
3,2,0.8361726587637999,0.085984559609114
3,2,0.8874221568672862,0.085984559609114
3,2,0.8874221568672862,0.11169811218086734
3,2,0.8874221568672862,0.085984559609114
3,2,0.938671654970773,0.11169811218086734
3,2,0.8874221568672862,0.11169811218086734
3,2,0.8874221568672862,0.11169811218086734
3,2,0.938671654970773,0.11169811218086734
3,2,0.938671654970773,0.13741166475262023
3,2,0.938671654970773,0.11169811218086734
3,2,0.9899211530742593,0.13741166475262023
3,2,0.938671654970773,0.13741166475262023
3,2,0.938671654970773,0.13741166475262023
3,2,0.9899211530742593,0.13741166475262023
3,2,0.9899211530742593,0.16312521732437357
3,2,0.9899211530742593,0.13741166475262023
4,2,0.041170651177745654,0.16312521732437357
3,2,0.9899211530742593,0.16312521732437357
3,2,0.9899211530742593,0.16312521732437357
4,2,0.041170651177745654,0.16312521732437357
4,2,0.041170651177745654,0.18883876989612647
4,2,0.041170651177745654,0.16312521732437357
4,2,0.09242014928123243,0.18883876989612647
4,2,0.041170651177745654,0.18883876989612647
4,2,0.041170651177745654,0.18883876989612647
4,2,0.09242014928123243,0.18883876989612647
4,2,0.09242014928123243,0.2145523224678798
3,3,0.37492717583242197,0.8288490338915828
3,3,0.4261766739359083,0.8288490338915828
3,3,0.4261766739359083,0.8545625864633362
3,3,0.4261766739359083,0.8288490338915828
3,3,0.47742617203939464,0.8545625864633362
3,3,0.4261766739359083,0.8545625864633362
3,3,0.4261766739359083,0.8545625864633362
3,3,0.47742617203939464,0.8545625864633362
3,3,0.47742617203939464,0.8802761390350891
3,3,0.47742617203939464,0.8545625864633362
3,3,0.5286756701428814,0.8802761390350891
3,3,0.47742617203939464,0.8802761390350891
3,3,0.47742617203939464,0.8802761390350891
3,3,0.5286756701428814,0.8802761390350891
3,3,0.5286756701428814,0.9059896916068424
3,3,0.5286756701428814,0.8802761390350891
3,3,0.5799251682463678,0.9059896916068424
3,3,0.5286756701428814,0.9059896916068424
3,3,0.5286756701428814,0.9059896916068424
3,3,0.5799251682463678,0.9059896916068424
3,3,0.5799251682463678,0.9317032441785953
3,3,0.5799251682463678,0.9059896916068424
3,3,0.6311746663498541,0.9317032441785953
3,3,0.5799251682463678,0.9317032441785953
3,3,0.5799251682463678,0.9317032441785953
3,3,0.6311746663498541,0.9317032441785953
3,3,0.6311746663498541,0.9574167967503486
3,3,0.6311746663498541,0.9317032441785953
3,3,0.6824241644533409,0.9574167967503486
3,3,0.6311746663498541,0.9574167967503486
3,3,0.6311746663498541,0.9574167967503486
3,3,0.6824241644533409,0.9574167967503486
3,3,0.6824241644533409,0.9831303493221015
3,3,0.6824241644533409,0.9574167967503486
3,3,0.7336736625568272,0.9831303493221015
3,3,0.6824241644533409,0.9831303493221015
3,3,0.6824241644533409,0.9831303493221015
3,3,0.7336736625568272,0.9831303493221015
3,2,0.7336736625568272,0.008843901893854866
3,3,0.7336736625568272,0.9831303493221015
3,2,0.7849231606603135,0.008843901893854866
3,2,0.7336736625568272,0.008843901893854866
3,2,0.7336736625568272,0.008843901893854866
3,2,0.7849231606603135,0.008843901893854866
3,2,0.7849231606603135,0.03455745446560776
3,2,0.7849231606603135,0.008843901893854866
3,2,0.8361726587637999,0.03455745446560776
3,2,0.7849231606603135,0.03455745446560776
3,2,0.7849231606603135,0.03455745446560776
3,2,0.8361726587637999,0.03455745446560776
3,2,0.8361726587637999,0.0602710070373611
3,2,0.8361726587637999,0.03455745446560776
3,2,0.8874221568672862,0.0602710070373611
3,2,0.8361726587637999,0.0602710070373611
3,2,0.8361726587637999,0.0602710070373611
3,2,0.8874221568672862,0.0602710070373611
3,2,0.8874221568672862,0.085984559609114
3,2,0.8874221568672862,0.0602710070373611
3,2,0.938671654970773,0.085984559609114
3,2,0.8874221568672862,0.085984559609114
3,2,0.8874221568672862,0.085984559609114
3,2,0.938671654970773,0.085984559609114
3,2,0.938671654970773,0.11169811218086734
3,2,0.938671654970773,0.085984559609114
3,2,0.9899211530742593,0.11169811218086734
3,2,0.938671654970773,0.11169811218086734
3,2,0.938671654970773,0.11169811218086734
3,2,0.9899211530742593,0.11169811218086734
3,2,0.9899211530742593,0.13741166475262023
3,2,0.9899211530742593,0.11169811218086734
4,2,0.041170651177745654,0.13741166475262023
3,2,0.9899211530742593,0.13741166475262023
3,2,0.9899211530742593,0.13741166475262023
4,2,0.041170651177745654,0.13741166475262023
4,2,0.041170651177745654,0.16312521732437357
4,2,0.041170651177745654,0.13741166475262023
4,2,0.09242014928123243,0.16312521732437357
4,2,0.041170651177745654,0.16312521732437357
4,2,0.041170651177745654,0.16312521732437357
4,2,0.09242014928123243,0.16312521732437357
4,2,0.09242014928123243,0.18883876989612647
3,3,0.4261766739359083,0.8288490338915828
3,3,0.47742617203939464,0.8288490338915828
3,3,0.47742617203939464,0.8545625864633362
3,3,0.47742617203939464,0.8288490338915828
3,3,0.5286756701428814,0.8545625864633362
3,3,0.47742617203939464,0.8545625864633362
3,3,0.47742617203939464,0.8545625864633362
3,3,0.5286756701428814,0.8545625864633362
3,3,0.5286756701428814,0.8802761390350891
3,3,0.5286756701428814,0.8545625864633362
3,3,0.5799251682463678,0.8802761390350891
3,3,0.5286756701428814,0.8802761390350891
3,3,0.5286756701428814,0.8802761390350891
3,3,0.5799251682463678,0.8802761390350891
3,3,0.5799251682463678,0.9059896916068424
3,3,0.5799251682463678,0.8802761390350891
3,3,0.6311746663498541,0.9059896916068424
3,3,0.5799251682463678,0.9059896916068424
3,3,0.5799251682463678,0.9059896916068424
3,3,0.6311746663498541,0.9059896916068424
3,3,0.6311746663498541,0.9317032441785953
3,3,0.6311746663498541,0.9059896916068424
3,3,0.6824241644533409,0.9317032441785953
3,3,0.6311746663498541,0.9317032441785953
3,3,0.6311746663498541,0.9317032441785953
3,3,0.6824241644533409,0.9317032441785953
3,3,0.6824241644533409,0.9574167967503486
3,3,0.6824241644533409,0.9317032441785953
3,3,0.7336736625568272,0.9574167967503486
3,3,0.6824241644533409,0.9574167967503486
3,3,0.6824241644533409,0.9574167967503486
3,3,0.7336736625568272,0.9574167967503486
3,3,0.7336736625568272,0.9831303493221015
3,3,0.7336736625568272,0.9574167967503486
3,3,0.7849231606603135,0.9831303493221015
3,3,0.7336736625568272,0.9831303493221015
3,3,0.7336736625568272,0.9831303493221015
3,3,0.7849231606603135,0.9831303493221015
3,2,0.7849231606603135,0.008843901893854866
3,3,0.7849231606603135,0.9831303493221015
3,2,0.8361726587637999,0.008843901893854866
3,2,0.7849231606603135,0.008843901893854866
3,2,0.7849231606603135,0.008843901893854866
3,2,0.8361726587637999,0.008843901893854866
3,2,0.8361726587637999,0.03455745446560776
3,2,0.8361726587637999,0.008843901893854866
3,2,0.8874221568672862,0.03455745446560776
3,2,0.8361726587637999,0.03455745446560776
3,2,0.8361726587637999,0.03455745446560776
3,2,0.8874221568672862,0.03455745446560776
3,2,0.8874221568672862,0.0602710070373611
3,2,0.8874221568672862,0.03455745446560776
3,2,0.938671654970773,0.0602710070373611
3,2,0.8874221568672862,0.0602710070373611
3,2,0.8874221568672862,0.0602710070373611
3,2,0.938671654970773,0.0602710070373611
3,2,0.938671654970773,0.085984559609114
3,2,0.938671654970773,0.0602710070373611
3,2,0.9899211530742593,0.085984559609114
3,2,0.938671654970773,0.085984559609114
3,2,0.938671654970773,0.085984559609114
3,2,0.9899211530742593,0.085984559609114
3,2,0.9899211530742593,0.11169811218086734
3,2,0.9899211530742593,0.085984559609114
4,2,0.041170651177745654,0.11169811218086734
3,2,0.9899211530742593,0.11169811218086734
3,2,0.9899211530742593,0.11169811218086734
4,2,0.041170651177745654,0.11169811218086734
4,2,0.041170651177745654,0.13741166475262023
4,2,0.041170651177745654,0.11169811218086734
4,2,0.09242014928123243,0.13741166475262023
4,2,0.041170651177745654,0.13741166475262023
4,2,0.041170651177745654,0.13741166475262023
4,2,0.09242014928123243,0.13741166475262023
4,2,0.09242014928123243,0.16312521732437357
3,3,0.47742617203939464,0.8288490338915828
3,3,0.5286756701428814,0.8288490338915828
3,3,0.5286756701428814,0.8545625864633362
3,3,0.5286756701428814,0.8288490338915828
3,3,0.5799251682463678,0.8545625864633362
3,3,0.5286756701428814,0.8545625864633362
3,3,0.5286756701428814,0.8545625864633362
3,3,0.5799251682463678,0.8545625864633362
3,3,0.5799251682463678,0.8802761390350891
3,3,0.5799251682463678,0.8545625864633362
3,3,0.6311746663498541,0.8802761390350891
3,3,0.5799251682463678,0.8802761390350891
3,3,0.5799251682463678,0.8802761390350891
3,3,0.6311746663498541,0.8802761390350891
3,3,0.6311746663498541,0.9059896916068424
3,3,0.6311746663498541,0.8802761390350891
3,3,0.6824241644533409,0.9059896916068424
3,3,0.6311746663498541,0.9059896916068424
3,3,0.6311746663498541,0.9059896916068424
3,3,0.6824241644533409,0.9059896916068424
3,3,0.6824241644533409,0.9317032441785953
3,3,0.6824241644533409,0.9059896916068424
3,3,0.7336736625568272,0.9317032441785953
3,3,0.6824241644533409,0.9317032441785953
3,3,0.6824241644533409,0.9317032441785953
3,3,0.7336736625568272,0.9317032441785953
3,3,0.7336736625568272,0.9574167967503486
3,3,0.7336736625568272,0.9317032441785953
3,3,0.7849231606603135,0.9574167967503486
3,3,0.7336736625568272,0.9574167967503486
3,3,0.7336736625568272,0.9574167967503486
3,3,0.7849231606603135,0.9574167967503486
3,3,0.7849231606603135,0.9831303493221015
3,3,0.7849231606603135,0.9574167967503486
3,3,0.8361726587637999,0.9831303493221015
3,3,0.7849231606603135,0.9831303493221015
3,3,0.7849231606603135,0.9831303493221015
3,3,0.8361726587637999,0.9831303493221015
3,2,0.8361726587637999,0.008843901893854866
3,3,0.8361726587637999,0.9831303493221015
3,2,0.8874221568672862,0.008843901893854866
3,2,0.8361726587637999,0.008843901893854866
3,2,0.8361726587637999,0.008843901893854866
3,2,0.8874221568672862,0.008843901893854866
3,2,0.8874221568672862,0.03455745446560776
3,2,0.8874221568672862,0.008843901893854866
3,2,0.938671654970773,0.03455745446560776
3,2,0.8874221568672862,0.03455745446560776
3,2,0.8874221568672862,0.03455745446560776
3,2,0.938671654970773,0.03455745446560776
3,2,0.938671654970773,0.0602710070373611
3,2,0.938671654970773,0.03455745446560776
3,2,0.9899211530742593,0.0602710070373611
3,2,0.938671654970773,0.0602710070373611
3,2,0.938671654970773,0.0602710070373611
3,2,0.9899211530742593,0.0602710070373611
3,2,0.9899211530742593,0.085984559609114
3,2,0.9899211530742593,0.0602710070373611
4,2,0.041170651177745654,0.085984559609114
3,2,0.9899211530742593,0.085984559609114
3,2,0.9899211530742593,0.085984559609114
4,2,0.041170651177745654,0.085984559609114
4,2,0.041170651177745654,0.11169811218086734
4,2,0.041170651177745654,0.085984559609114
4,2,0.09242014928123243,0.11169811218086734
4,2,0.041170651177745654,0.11169811218086734
4,2,0.041170651177745654,0.11169811218086734
4,2,0.09242014928123243,0.11169811218086734
4,2,0.09242014928123243,0.13741166475262023
3,3,0.5286756701428814,0.8288490338915828
3,3,0.5799251682463678,0.8288490338915828
3,3,0.5799251682463678,0.8545625864633362
3,3,0.5799251682463678,0.8288490338915828
3,3,0.6311746663498541,0.8545625864633362
3,3,0.5799251682463678,0.8545625864633362
3,3,0.5799251682463678,0.8545625864633362
3,3,0.6311746663498541,0.8545625864633362
3,3,0.6311746663498541,0.8802761390350891
3,3,0.6311746663498541,0.8545625864633362
3,3,0.6824241644533409,0.8802761390350891
3,3,0.6311746663498541,0.8802761390350891
3,3,0.6311746663498541,0.8802761390350891
3,3,0.6824241644533409,0.8802761390350891
3,3,0.6824241644533409,0.9059896916068424
3,3,0.6824241644533409,0.8802761390350891
3,3,0.7336736625568272,0.9059896916068424
3,3,0.6824241644533409,0.9059896916068424
3,3,0.6824241644533409,0.9059896916068424
3,3,0.7336736625568272,0.9059896916068424
3,3,0.7336736625568272,0.9317032441785953
3,3,0.7336736625568272,0.9059896916068424
3,3,0.7849231606603135,0.9317032441785953
3,3,0.7336736625568272,0.9317032441785953
3,3,0.7336736625568272,0.9317032441785953
3,3,0.7849231606603135,0.9317032441785953
3,3,0.7849231606603135,0.9574167967503486
3,3,0.7849231606603135,0.9317032441785953
3,3,0.8361726587637999,0.9574167967503486
3,3,0.7849231606603135,0.9574167967503486
3,3,0.7849231606603135,0.9574167967503486
3,3,0.8361726587637999,0.9574167967503486
3,3,0.8361726587637999,0.9831303493221015
3,3,0.8361726587637999,0.9574167967503486
3,3,0.8874221568672862,0.9831303493221015
3,3,0.8361726587637999,0.9831303493221015
3,3,0.8361726587637999,0.9831303493221015
3,3,0.8874221568672862,0.9831303493221015
3,2,0.8874221568672862,0.008843901893854866
3,3,0.8874221568672862,0.9831303493221015
3,2,0.938671654970773,0.008843901893854866
3,2,0.8874221568672862,0.008843901893854866
3,2,0.8874221568672862,0.008843901893854866
3,2,0.938671654970773,0.008843901893854866
3,2,0.938671654970773,0.03455745446560776
3,2,0.938671654970773,0.008843901893854866
3,2,0.9899211530742593,0.03455745446560776
3,2,0.938671654970773,0.03455745446560776
3,2,0.938671654970773,0.03455745446560776
3,2,0.9899211530742593,0.03455745446560776
3,2,0.9899211530742593,0.0602710070373611
3,2,0.9899211530742593,0.03455745446560776
4,2,0.041170651177745654,0.0602710070373611
3,2,0.9899211530742593,0.0602710070373611
3,2,0.9899211530742593,0.0602710070373611
4,2,0.041170651177745654,0.0602710070373611
4,2,0.041170651177745654,0.085984559609114
4,2,0.041170651177745654,0.0602710070373611
4,2,0.09242014928123243,0.085984559609114
4,2,0.041170651177745654,0.085984559609114
4,2,0.041170651177745654,0.085984559609114
4,2,0.09242014928123243,0.085984559609114
4,2,0.09242014928123243,0.11169811218086734
3,3,0.5799251682463678,0.8288490338915828
3,3,0.6311746663498541,0.8288490338915828
3,3,0.6311746663498541,0.8545625864633362
3,3,0.6311746663498541,0.8288490338915828
3,3,0.6824241644533409,0.8545625864633362
3,3,0.6311746663498541,0.8545625864633362
3,3,0.6311746663498541,0.8545625864633362
3,3,0.6824241644533409,0.8545625864633362
3,3,0.6824241644533409,0.8802761390350891
3,3,0.6824241644533409,0.8545625864633362
3,3,0.7336736625568272,0.8802761390350891
3,3,0.6824241644533409,0.8802761390350891
3,3,0.6824241644533409,0.8802761390350891
3,3,0.7336736625568272,0.8802761390350891
3,3,0.7336736625568272,0.9059896916068424
3,3,0.7336736625568272,0.8802761390350891
3,3,0.7849231606603135,0.9059896916068424
3,3,0.7336736625568272,0.9059896916068424
3,3,0.7336736625568272,0.9059896916068424
3,3,0.7849231606603135,0.9059896916068424
3,3,0.7849231606603135,0.9317032441785953
3,3,0.7849231606603135,0.9059896916068424
3,3,0.8361726587637999,0.9317032441785953
3,3,0.7849231606603135,0.9317032441785953
3,3,0.7849231606603135,0.9317032441785953
3,3,0.8361726587637999,0.9317032441785953
3,3,0.8361726587637999,0.9574167967503486
3,3,0.8361726587637999,0.9317032441785953
3,3,0.8874221568672862,0.9574167967503486
3,3,0.8361726587637999,0.9574167967503486
3,3,0.8361726587637999,0.9574167967503486
3,3,0.8874221568672862,0.9574167967503486
3,3,0.8874221568672862,0.9831303493221015
3,3,0.8874221568672862,0.9574167967503486
3,3,0.938671654970773,0.9831303493221015
3,3,0.8874221568672862,0.9831303493221015
3,3,0.8874221568672862,0.9831303493221015
3,3,0.938671654970773,0.9831303493221015
3,2,0.938671654970773,0.008843901893854866
3,3,0.938671654970773,0.9831303493221015
3,2,0.9899211530742593,0.008843901893854866
3,2,0.938671654970773,0.008843901893854866
3,2,0.938671654970773,0.008843901893854866
3,2,0.9899211530742593,0.008843901893854866
3,2,0.9899211530742593,0.03455745446560776
3,2,0.9899211530742593,0.008843901893854866
4,2,0.041170651177745654,0.03455745446560776
3,2,0.9899211530742593,0.03455745446560776
3,2,0.9899211530742593,0.03455745446560776
4,2,0.041170651177745654,0.03455745446560776
4,2,0.041170651177745654,0.0602710070373611
4,2,0.041170651177745654,0.03455745446560776
4,2,0.09242014928123243,0.0602710070373611
4,2,0.041170651177745654,0.0602710070373611
4,2,0.041170651177745654,0.0602710070373611
4,2,0.09242014928123243,0.0602710070373611
4,2,0.09242014928123243,0.085984559609114
3,3,0.6311746663498541,0.8288490338915828
3,3,0.6824241644533409,0.8288490338915828
3,3,0.6824241644533409,0.8545625864633362
3,3,0.6824241644533409,0.8288490338915828
3,3,0.7336736625568272,0.8545625864633362
3,3,0.6824241644533409,0.8545625864633362
3,3,0.6824241644533409,0.8545625864633362
3,3,0.7336736625568272,0.8545625864633362
3,3,0.7336736625568272,0.8802761390350891
3,3,0.7336736625568272,0.8545625864633362
3,3,0.7849231606603135,0.8802761390350891
3,3,0.7336736625568272,0.8802761390350891
3,3,0.7336736625568272,0.8802761390350891
3,3,0.7849231606603135,0.8802761390350891
3,3,0.7849231606603135,0.9059896916068424
3,3,0.7849231606603135,0.8802761390350891
3,3,0.8361726587637999,0.9059896916068424
3,3,0.7849231606603135,0.9059896916068424
3,3,0.7849231606603135,0.9059896916068424
3,3,0.8361726587637999,0.9059896916068424
3,3,0.8361726587637999,0.9317032441785953
3,3,0.8361726587637999,0.9059896916068424
3,3,0.8874221568672862,0.9317032441785953
3,3,0.8361726587637999,0.9317032441785953
3,3,0.8361726587637999,0.9317032441785953
3,3,0.8874221568672862,0.9317032441785953
3,3,0.8874221568672862,0.9574167967503486
3,3,0.8874221568672862,0.9317032441785953
3,3,0.938671654970773,0.9574167967503486
3,3,0.8874221568672862,0.9574167967503486
3,3,0.8874221568672862,0.9574167967503486
3,3,0.938671654970773,0.9574167967503486
3,3,0.938671654970773,0.9831303493221015
3,3,0.938671654970773,0.9574167967503486
3,3,0.9899211530742593,0.9831303493221015
3,3,0.938671654970773,0.9831303493221015
3,3,0.938671654970773,0.9831303493221015
3,3,0.9899211530742593,0.9831303493221015
3,2,0.9899211530742593,0.008843901893854866
3,3,0.9899211530742593,0.9831303493221015
4,2,0.041170651177745654,0.008843901893854866
3,2,0.9899211530742593,0.008843901893854866
3,2,0.9899211530742593,0.008843901893854866
4,2,0.041170651177745654,0.008843901893854866
4,2,0.041170651177745654,0.03455745446560776
4,2,0.041170651177745654,0.008843901893854866
4,2,0.09242014928123243,0.03455745446560776
4,2,0.041170651177745654,0.03455745446560776
4,2,0.041170651177745654,0.03455745446560776
4,2,0.09242014928123243,0.03455745446560776
4,2,0.09242014928123243,0.0602710070373611
3,3,0.6824241644533409,0.8288490338915828
3,3,0.7336736625568272,0.8288490338915828
3,3,0.7336736625568272,0.8545625864633362
3,3,0.7336736625568272,0.8288490338915828
3,3,0.7849231606603135,0.8545625864633362
3,3,0.7336736625568272,0.8545625864633362
3,3,0.7336736625568272,0.8545625864633362
3,3,0.7849231606603135,0.8545625864633362
3,3,0.7849231606603135,0.8802761390350891
3,3,0.7849231606603135,0.8545625864633362
3,3,0.8361726587637999,0.8802761390350891
3,3,0.7849231606603135,0.8802761390350891
3,3,0.7849231606603135,0.8802761390350891
3,3,0.8361726587637999,0.8802761390350891
3,3,0.8361726587637999,0.9059896916068424
3,3,0.8361726587637999,0.8802761390350891
3,3,0.8874221568672862,0.9059896916068424
3,3,0.8361726587637999,0.9059896916068424
3,3,0.8361726587637999,0.9059896916068424
3,3,0.8874221568672862,0.9059896916068424
3,3,0.8874221568672862,0.9317032441785953
3,3,0.8874221568672862,0.9059896916068424
3,3,0.938671654970773,0.9317032441785953
3,3,0.8874221568672862,0.9317032441785953
3,3,0.8874221568672862,0.9317032441785953
3,3,0.938671654970773,0.9317032441785953
3,3,0.938671654970773,0.9574167967503486
3,3,0.938671654970773,0.9317032441785953
3,3,0.9899211530742593,0.9574167967503486
3,3,0.938671654970773,0.9574167967503486
3,3,0.938671654970773,0.9574167967503486
3,3,0.9899211530742593,0.9574167967503486
3,3,0.9899211530742593,0.9831303493221015
3,3,0.9899211530742593,0.9574167967503486
4,3,0.041170651177745654,0.9831303493221015
3,3,0.9899211530742593,0.9831303493221015
3,3,0.9899211530742593,0.9831303493221015
4,3,0.041170651177745654,0.9831303493221015
4,2,0.041170651177745654,0.008843901893854866
4,3,0.041170651177745654,0.9831303493221015
4,2,0.09242014928123243,0.008843901893854866
4,2,0.041170651177745654,0.008843901893854866
4,2,0.041170651177745654,0.008843901893854866
4,2,0.09242014928123243,0.008843901893854866
4,2,0.09242014928123243,0.03455745446560776
3,3,0.7336736625568272,0.8288490338915828
3,3,0.7849231606603135,0.8288490338915828
3,3,0.7849231606603135,0.8545625864633362
3,3,0.7849231606603135,0.8288490338915828
3,3,0.8361726587637999,0.8545625864633362
3,3,0.7849231606603135,0.8545625864633362
3,3,0.7849231606603135,0.8545625864633362
3,3,0.8361726587637999,0.8545625864633362
3,3,0.8361726587637999,0.8802761390350891
3,3,0.8361726587637999,0.8545625864633362
3,3,0.8874221568672862,0.8802761390350891
3,3,0.8361726587637999,0.8802761390350891
3,3,0.8361726587637999,0.8802761390350891
3,3,0.8874221568672862,0.8802761390350891
3,3,0.8874221568672862,0.9059896916068424
3,3,0.8874221568672862,0.8802761390350891
3,3,0.938671654970773,0.9059896916068424
3,3,0.8874221568672862,0.9059896916068424
3,3,0.8874221568672862,0.9059896916068424
3,3,0.938671654970773,0.9059896916068424
3,3,0.938671654970773,0.9317032441785953
3,3,0.938671654970773,0.9059896916068424
3,3,0.9899211530742593,0.9317032441785953
3,3,0.938671654970773,0.9317032441785953
3,3,0.938671654970773,0.9317032441785953
3,3,0.9899211530742593,0.9317032441785953
3,3,0.9899211530742593,0.9574167967503486
3,3,0.9899211530742593,0.9317032441785953
4,3,0.041170651177745654,0.9574167967503486
3,3,0.9899211530742593,0.9574167967503486
3,3,0.9899211530742593,0.9574167967503486
4,3,0.041170651177745654,0.9574167967503486
4,3,0.041170651177745654,0.9831303493221015
4,3,0.041170651177745654,0.9574167967503486
4,3,0.09242014928123243,0.9831303493221015
4,3,0.041170651177745654,0.9831303493221015
4,3,0.041170651177745654,0.9831303493221015
4,3,0.09242014928123243,0.9831303493221015
4,2,0.09242014928123243,0.008843901893854866
3,3,0.7849231606603135,0.8288490338915828
3,3,0.8361726587637999,0.8288490338915828
3,3,0.8361726587637999,0.8545625864633362
3,3,0.8361726587637999,0.8288490338915828
3,3,0.8874221568672862,0.8545625864633362
3,3,0.8361726587637999,0.8545625864633362
3,3,0.8361726587637999,0.8545625864633362
3,3,0.8874221568672862,0.8545625864633362
3,3,0.8874221568672862,0.8802761390350891
3,3,0.8874221568672862,0.8545625864633362
3,3,0.938671654970773,0.8802761390350891
3,3,0.8874221568672862,0.8802761390350891
3,3,0.8874221568672862,0.8802761390350891
3,3,0.938671654970773,0.8802761390350891
3,3,0.938671654970773,0.9059896916068424
3,3,0.938671654970773,0.8802761390350891
3,3,0.9899211530742593,0.9059896916068424
3,3,0.938671654970773,0.9059896916068424
3,3,0.938671654970773,0.9059896916068424
3,3,0.9899211530742593,0.9059896916068424
3,3,0.9899211530742593,0.9317032441785953
3,3,0.9899211530742593,0.9059896916068424
4,3,0.041170651177745654,0.9317032441785953
3,3,0.9899211530742593,0.9317032441785953
3,3,0.9899211530742593,0.9317032441785953
4,3,0.041170651177745654,0.9317032441785953
4,3,0.041170651177745654,0.9574167967503486
4,3,0.041170651177745654,0.9317032441785953
4,3,0.09242014928123243,0.9574167967503486
4,3,0.041170651177745654,0.9574167967503486
4,3,0.041170651177745654,0.9574167967503486
4,3,0.09242014928123243,0.9574167967503486
4,3,0.09242014928123243,0.9831303493221015
3,3,0.8361726587637999,0.8288490338915828
3,3,0.8874221568672862,0.8288490338915828
3,3,0.8874221568672862,0.8545625864633362
3,3,0.8874221568672862,0.8288490338915828
3,3,0.938671654970773,0.8545625864633362
3,3,0.8874221568672862,0.8545625864633362
3,3,0.8874221568672862,0.8545625864633362
3,3,0.938671654970773,0.8545625864633362
3,3,0.938671654970773,0.8802761390350891
3,3,0.938671654970773,0.8545625864633362
3,3,0.9899211530742593,0.8802761390350891
3,3,0.938671654970773,0.8802761390350891
3,3,0.938671654970773,0.8802761390350891
3,3,0.9899211530742593,0.8802761390350891
3,3,0.9899211530742593,0.9059896916068424
3,3,0.9899211530742593,0.8802761390350891
4,3,0.041170651177745654,0.9059896916068424
3,3,0.9899211530742593,0.9059896916068424
3,3,0.9899211530742593,0.9059896916068424
4,3,0.041170651177745654,0.9059896916068424
4,3,0.041170651177745654,0.9317032441785953
4,3,0.041170651177745654,0.9059896916068424
4,3,0.09242014928123243,0.9317032441785953
4,3,0.041170651177745654,0.9317032441785953
4,3,0.041170651177745654,0.9317032441785953
4,3,0.09242014928123243,0.9317032441785953
4,3,0.09242014928123243,0.9574167967503486
3,3,0.8874221568672862,0.8288490338915828
3,3,0.938671654970773,0.8288490338915828
3,3,0.938671654970773,0.8545625864633362
3,3,0.938671654970773,0.8288490338915828
3,3,0.9899211530742593,0.8545625864633362
3,3,0.938671654970773,0.8545625864633362
3,3,0.938671654970773,0.8545625864633362
3,3,0.9899211530742593,0.8545625864633362
3,3,0.9899211530742593,0.8802761390350891
3,3,0.9899211530742593,0.8545625864633362
4,3,0.041170651177745654,0.8802761390350891
3,3,0.9899211530742593,0.8802761390350891
3,3,0.9899211530742593,0.8802761390350891
4,3,0.041170651177745654,0.8802761390350891
4,3,0.041170651177745654,0.9059896916068424
4,3,0.041170651177745654,0.8802761390350891
4,3,0.09242014928123243,0.9059896916068424
4,3,0.041170651177745654,0.9059896916068424
4,3,0.041170651177745654,0.9059896916068424
4,3,0.09242014928123243,0.9059896916068424
4,3,0.09242014928123243,0.9317032441785953
3,3,0.938671654970773,0.8288490338915828
3,3,0.9899211530742593,0.8288490338915828
3,3,0.9899211530742593,0.8545625864633362
3,3,0.9899211530742593,0.8288490338915828
4,3,0.041170651177745654,0.8545625864633362
3,3,0.9899211530742593,0.8545625864633362
3,3,0.9899211530742593,0.8545625864633362
4,3,0.041170651177745654,0.8545625864633362
4,3,0.041170651177745654,0.8802761390350891
4,3,0.041170651177745654,0.8545625864633362
4,3,0.09242014928123243,0.8802761390350891
4,3,0.041170651177745654,0.8802761390350891
4,3,0.041170651177745654,0.8802761390350891
4,3,0.09242014928123243,0.8802761390350891
4,3,0.09242014928123243,0.9059896916068424
3,3,0.9899211530742593,0.8288490338915828
4,3,0.041170651177745654,0.8288490338915828
4,3,0.041170651177745654,0.8545625864633362
4,3,0.041170651177745654,0.8288490338915828
4,3,0.09242014928123243,0.8545625864633362
4,3,0.041170651177745654,0.8545625864633362
4,3,0.041170651177745654,0.8545625864633362
4,3,0.09242014928123243,0.8545625864633362
4,3,0.09242014928123243,0.8802761390350891
4,3,0.041170651177745654,0.8288490338915828
4,3,0.09242014928123243,0.8288490338915828
4,3,0.09242014928123243,0.8545625864633362
3,2,0.43000000000000016,0.8500000000000001
3,2,0.3034623862980661,0.706862848072173
3,2,0.3034623862980661,0.9931371519278271
3,2,0.5565376137019342,0.706862848072173
3,2,0.5565376137019342,0.9931371519278271
3,1,0.2388900961398761,0.036108404998771215
3,2,0.2388900961398761,0.9949557213851814
3,2,0.2817903795018042,0.9949557213851814
3,2,0.2388900961398761,0.9949557213851814
3,2,0.2817903795018042,0.9538030377715918
3,2,0.2817903795018042,0.9949557213851814
3,2,0.2817903795018042,0.9949557213851814
3,2,0.2817903795018042,0.9538030377715918
3,2,0.3246906628637318,0.9538030377715918
3,2,0.2817903795018042,0.9538030377715918
3,2,0.3246906628637318,0.9126503541580022
3,2,0.3246906628637318,0.9538030377715918
3,2,0.3246906628637318,0.9538030377715918
3,2,0.3246906628637318,0.9126503541580022
3,2,0.3675909462256599,0.9126503541580022
3,2,0.3246906628637318,0.9126503541580022
3,2,0.3675909462256599,0.8714976705444126
3,2,0.3675909462256599,0.9126503541580022
3,2,0.3675909462256599,0.9126503541580022
3,2,0.3675909462256599,0.8714976705444126
3,2,0.41049122958758755,0.8714976705444126
3,2,0.3675909462256599,0.8714976705444126
3,2,0.41049122958758755,0.830344986930823
3,2,0.41049122958758755,0.8714976705444126
3,2,0.41049122958758755,0.8714976705444126
3,2,0.41049122958758755,0.830344986930823
3,2,0.45339151294951563,0.830344986930823
3,2,0.41049122958758755,0.830344986930823
3,2,0.45339151294951563,0.7891923033172334
3,2,0.45339151294951563,0.830344986930823
3,2,0.45339151294951563,0.830344986930823
3,2,0.45339151294951563,0.7891923033172334
3,2,0.4962917963114437,0.7891923033172334
3,2,0.45339151294951563,0.7891923033172334
3,2,0.4962917963114437,0.7480396197036439
3,2,0.4962917963114437,0.7891923033172334
3,2,0.4962917963114437,0.7891923033172334
3,2,0.4962917963114437,0.7480396197036439
3,2,0.5391920796733713,0.7480396197036439
3,2,0.4962917963114437,0.7480396197036439
3,2,0.5391920796733713,0.7068869360900543
3,2,0.5391920796733713,0.7480396197036439
3,2,0.5391920796733713,0.7480396197036439
3,2,0.5391920796733713,0.7068869360900543
3,2,0.5820923630352994,0.7068869360900543
3,2,0.5391920796733713,0.7068869360900543
3,2,0.5820923630352994,0.6657342524764642
3,2,0.5820923630352994,0.7068869360900543
3,2,0.5820923630352994,0.7068869360900543
3,2,0.5820923630352994,0.6657342524764642
3,2,0.6249926463972275,0.6657342524764642
3,2,0.2388900961398761,0.9949557213851814
3,2,0.2388900961398761,0.9538030377715918
3,2,0.2817903795018042,0.9538030377715918
3,2,0.2388900961398761,0.9538030377715918
3,2,0.28179037950180374,0.9126503541580022
3,2,0.2817903795018042,0.9538030377715918
3,2,0.2817903795018042,0.9538030377715918
3,2,0.28179037950180374,0.9126503541580022
3,2,0.3246906628637318,0.9126503541580022
3,2,0.28179037950180374,0.9126503541580022
3,2,0.3246906628637318,0.8714976705444126
3,2,0.3246906628637318,0.9126503541580022
3,2,0.3246906628637318,0.9126503541580022
3,2,0.3246906628637318,0.8714976705444126
3,2,0.3675909462256599,0.8714976705444126
3,2,0.3246906628637318,0.8714976705444126
3,2,0.3675909462256599,0.830344986930823
3,2,0.3675909462256599,0.8714976705444126
3,2,0.3675909462256599,0.8714976705444126
3,2,0.3675909462256599,0.830344986930823
3,2,0.41049122958758755,0.830344986930823
3,2,0.3675909462256599,0.830344986930823
3,2,0.41049122958758755,0.7891923033172334
3,2,0.41049122958758755,0.830344986930823
3,2,0.41049122958758755,0.830344986930823
3,2,0.41049122958758755,0.7891923033172334
3,2,0.45339151294951563,0.7891923033172334
3,2,0.41049122958758755,0.7891923033172334
3,2,0.45339151294951563,0.7480396197036439
3,2,0.45339151294951563,0.7891923033172334
3,2,0.45339151294951563,0.7891923033172334
3,2,0.45339151294951563,0.7480396197036439
3,2,0.4962917963114437,0.7480396197036439
3,2,0.45339151294951563,0.7480396197036439
3,2,0.4962917963114437,0.7068869360900543
3,2,0.4962917963114437,0.7480396197036439
3,2,0.4962917963114437,0.7480396197036439
3,2,0.4962917963114437,0.7068869360900543
3,2,0.5391920796733713,0.7068869360900543
3,2,0.4962917963114437,0.7068869360900543
3,2,0.5391920796733713,0.6657342524764642
3,2,0.5391920796733713,0.7068869360900543
3,2,0.5391920796733713,0.7068869360900543
3,2,0.5391920796733713,0.6657342524764642
3,2,0.5820923630352994,0.6657342524764642
3,2,0.2388900961398761,0.9538030377715918
3,2,0.2388900961398761,0.9126503541580022
3,2,0.28179037950180374,0.9126503541580022
3,2,0.2388900961398761,0.9126503541580022
3,2,0.2817903795018042,0.8714976705444126
3,2,0.28179037950180374,0.9126503541580022
3,2,0.28179037950180374,0.9126503541580022
3,2,0.2817903795018042,0.8714976705444126
3,2,0.3246906628637318,0.8714976705444126
3,2,0.2817903795018042,0.8714976705444126
3,2,0.3246906628637318,0.830344986930823
3,2,0.3246906628637318,0.8714976705444126
3,2,0.3246906628637318,0.8714976705444126
3,2,0.3246906628637318,0.830344986930823
3,2,0.3675909462256599,0.830344986930823
3,2,0.3246906628637318,0.830344986930823
3,2,0.3675909462256599,0.7891923033172334
3,2,0.3675909462256599,0.830344986930823
3,2,0.3675909462256599,0.830344986930823
3,2,0.3675909462256599,0.7891923033172334
3,2,0.41049122958758755,0.7891923033172334
3,2,0.3675909462256599,0.7891923033172334
3,2,0.41049122958758755,0.7480396197036439
3,2,0.41049122958758755,0.7891923033172334
3,2,0.41049122958758755,0.7891923033172334
3,2,0.41049122958758755,0.7480396197036439
3,2,0.45339151294951563,0.7480396197036439
3,2,0.41049122958758755,0.7480396197036439
3,2,0.45339151294951563,0.7068869360900543
3,2,0.45339151294951563,0.7480396197036439
3,2,0.45339151294951563,0.7480396197036439
3,2,0.45339151294951563,0.7068869360900543
3,2,0.4962917963114437,0.7068869360900543
3,2,0.45339151294951563,0.7068869360900543
3,2,0.4962917963114437,0.6657342524764642
3,2,0.4962917963114437,0.7068869360900543
3,2,0.4962917963114437,0.7068869360900543
3,2,0.4962917963114437,0.6657342524764642
3,2,0.5391920796733713,0.6657342524764642
3,2,0.2388900961398761,0.9126503541580022
3,2,0.2388900961398761,0.8714976705444126
3,2,0.2817903795018042,0.8714976705444126
3,2,0.2388900961398761,0.8714976705444126
3,2,0.2817903795018042,0.830344986930823
3,2,0.2817903795018042,0.8714976705444126
3,2,0.2817903795018042,0.8714976705444126
3,2,0.2817903795018042,0.830344986930823
3,2,0.3246906628637318,0.830344986930823
3,2,0.2817903795018042,0.830344986930823
3,2,0.3246906628637318,0.7891923033172334
3,2,0.3246906628637318,0.830344986930823
3,2,0.3246906628637318,0.830344986930823
3,2,0.3246906628637318,0.7891923033172334
3,2,0.3675909462256599,0.7891923033172334
3,2,0.3246906628637318,0.7891923033172334
3,2,0.3675909462256599,0.7480396197036439
3,2,0.3675909462256599,0.7891923033172334
3,2,0.3675909462256599,0.7891923033172334
3,2,0.3675909462256599,0.7480396197036439
3,2,0.41049122958758755,0.7480396197036439
3,2,0.3675909462256599,0.7480396197036439
3,2,0.41049122958758755,0.7068869360900543
3,2,0.41049122958758755,0.7480396197036439
3,2,0.41049122958758755,0.7480396197036439
3,2,0.41049122958758755,0.7068869360900543
3,2,0.45339151294951563,0.7068869360900543
3,2,0.41049122958758755,0.7068869360900543
3,2,0.45339151294951563,0.6657342524764642
3,2,0.45339151294951563,0.7068869360900543
3,2,0.45339151294951563,0.7068869360900543
3,2,0.45339151294951563,0.6657342524764642
3,2,0.4962917963114437,0.6657342524764642
3,2,0.2388900961398761,0.8714976705444126
3,2,0.2388900961398761,0.830344986930823
3,2,0.2817903795018042,0.830344986930823
3,2,0.2388900961398761,0.830344986930823
3,2,0.28179037950180374,0.7891923033172334
3,2,0.2817903795018042,0.830344986930823
3,2,0.2817903795018042,0.830344986930823
3,2,0.28179037950180374,0.7891923033172334
3,2,0.3246906628637318,0.7891923033172334
3,2,0.28179037950180374,0.7891923033172334
3,2,0.3246906628637318,0.7480396197036439
3,2,0.3246906628637318,0.7891923033172334
3,2,0.3246906628637318,0.7891923033172334
3,2,0.3246906628637318,0.7480396197036439
3,2,0.3675909462256599,0.7480396197036439
3,2,0.3246906628637318,0.7480396197036439
3,2,0.3675909462256599,0.7068869360900543
3,2,0.3675909462256599,0.7480396197036439
3,2,0.3675909462256599,0.7480396197036439
3,2,0.3675909462256599,0.7068869360900543
3,2,0.41049122958758755,0.7068869360900543
3,2,0.3675909462256599,0.7068869360900543
3,2,0.41049122958758755,0.6657342524764642
3,2,0.41049122958758755,0.7068869360900543
3,2,0.41049122958758755,0.7068869360900543
3,2,0.41049122958758755,0.6657342524764642
3,2,0.45339151294951563,0.6657342524764642
3,2,0.2388900961398761,0.830344986930823
3,2,0.2388900961398761,0.7891923033172334
3,2,0.28179037950180374,0.7891923033172334
3,2,0.2388900961398761,0.7891923033172334
3,2,0.2817903795018042,0.7480396197036439
3,2,0.28179037950180374,0.7891923033172334
3,2,0.28179037950180374,0.7891923033172334
3,2,0.2817903795018042,0.7480396197036439
3,2,0.3246906628637318,0.7480396197036439
3,2,0.2817903795018042,0.7480396197036439
3,2,0.3246906628637318,0.7068869360900543
3,2,0.3246906628637318,0.7480396197036439
3,2,0.3246906628637318,0.7480396197036439
3,2,0.3246906628637318,0.7068869360900543
3,2,0.3675909462256599,0.7068869360900543
3,2,0.3246906628637318,0.7068869360900543
3,2,0.3675909462256599,0.6657342524764642
3,2,0.3675909462256599,0.7068869360900543
3,2,0.3675909462256599,0.7068869360900543
3,2,0.3675909462256599,0.6657342524764642
3,2,0.41049122958758755,0.6657342524764642
3,2,0.2388900961398761,0.7891923033172334
3,2,0.2388900961398761,0.7480396197036439
3,2,0.2817903795018042,0.7480396197036439
3,2,0.2388900961398761,0.7480396197036439
3,2,0.28179037950180374,0.7068869360900538
3,2,0.2817903795018042,0.7480396197036439
3,2,0.2817903795018042,0.7480396197036439
3,2,0.28179037950180374,0.7068869360900538
3,2,0.3246906628637318,0.7068869360900543
3,2,0.28179037950180374,0.7068869360900538
3,2,0.3246906628637318,0.6657342524764642
3,2,0.3246906628637318,0.7068869360900543
3,2,0.3246906628637318,0.7068869360900543
3,2,0.3246906628637318,0.6657342524764642
3,2,0.3675909462256599,0.6657342524764642
3,2,0.2388900961398761,0.7480396197036439
3,2,0.2388900961398761,0.7068869360900543
3,2,0.28179037950180374,0.7068869360900538
3,2,0.2388900961398761,0.7068869360900543
3,2,0.2817903795018042,0.6657342524764642
3,2,0.28179037950180374,0.7068869360900538
3,2,0.28179037950180374,0.7068869360900538
3,2,0.2817903795018042,0.6657342524764642
3,2,0.3246906628637318,0.6657342524764642
3,2,0.2388900961398761,0.7068869360900543
3,2,0.2388900961398761,0.6657342524764642
3,2,0.2817903795018042,0.6657342524764642
3,2,0.6249926463972275,0.6657342524764642
3,2,0.6249926463972275,0.7068869360900543
3,2,0.5820923630352994,0.7068869360900543
3,2,0.6249926463972275,0.7068869360900543
3,2,0.5820923630352994,0.7480396197036439
3,2,0.5820923630352994,0.7068869360900543
3,2,0.5820923630352994,0.7068869360900543
3,2,0.5820923630352994,0.7480396197036439
3,2,0.5391920796733713,0.7480396197036439
3,2,0.5820923630352994,0.7480396197036439
3,2,0.5391920796733713,0.7891923033172334
3,2,0.5391920796733713,0.7480396197036439
3,2,0.5391920796733713,0.7480396197036439
3,2,0.5391920796733713,0.7891923033172334
3,2,0.4962917963114437,0.7891923033172334
3,2,0.5391920796733713,0.7891923033172334
3,2,0.4962917963114437,0.830344986930823
3,2,0.4962917963114437,0.7891923033172334
3,2,0.4962917963114437,0.7891923033172334
3,2,0.4962917963114437,0.830344986930823
3,2,0.45339151294951563,0.830344986930823
3,2,0.4962917963114437,0.830344986930823
3,2,0.45339151294951563,0.8714976705444126
3,2,0.45339151294951563,0.830344986930823
3,2,0.45339151294951563,0.830344986930823
3,2,0.45339151294951563,0.8714976705444126
3,2,0.41049122958758755,0.8714976705444126
3,2,0.45339151294951563,0.8714976705444126
3,2,0.41049122958758755,0.9126503541580022
3,2,0.41049122958758755,0.8714976705444126
3,2,0.41049122958758755,0.8714976705444126
3,2,0.41049122958758755,0.9126503541580022
3,2,0.3675909462256599,0.9126503541580022
3,2,0.41049122958758755,0.9126503541580022
3,2,0.3675909462256599,0.9538030377715918
3,2,0.3675909462256599,0.9126503541580022
3,2,0.3675909462256599,0.9126503541580022
3,2,0.3675909462256599,0.9538030377715918
3,2,0.3246906628637318,0.9538030377715918
3,2,0.3675909462256599,0.9538030377715918
3,2,0.3246906628637318,0.9949557213851814
3,2,0.3246906628637318,0.9538030377715918
3,2,0.3246906628637318,0.9538030377715918
3,2,0.3246906628637318,0.9949557213851814
3,2,0.2817903795018042,0.9949557213851814
3,2,0.3246906628637318,0.9949557213851814
3,1,0.2817903795018042,0.036108404998771215
3,2,0.2817903795018042,0.9949557213851814
3,2,0.2817903795018042,0.9949557213851814
3,1,0.2817903795018042,0.036108404998771215
3,1,0.2388900961398761,0.036108404998771215
3,2,0.6249926463972275,0.7068869360900543
3,2,0.6249926463972275,0.7480396197036439
3,2,0.5820923630352994,0.7480396197036439
3,2,0.6249926463972275,0.7480396197036439
3,2,0.5820923630352994,0.7891923033172334
3,2,0.5820923630352994,0.7480396197036439
3,2,0.5820923630352994,0.7480396197036439
3,2,0.5820923630352994,0.7891923033172334
3,2,0.5391920796733713,0.7891923033172334
3,2,0.5820923630352994,0.7891923033172334
3,2,0.5391920796733713,0.830344986930823
3,2,0.5391920796733713,0.7891923033172334
3,2,0.5391920796733713,0.7891923033172334
3,2,0.5391920796733713,0.830344986930823
3,2,0.4962917963114437,0.830344986930823
3,2,0.5391920796733713,0.830344986930823
3,2,0.4962917963114437,0.8714976705444126
3,2,0.4962917963114437,0.830344986930823
3,2,0.4962917963114437,0.830344986930823
3,2,0.4962917963114437,0.8714976705444126
3,2,0.45339151294951563,0.8714976705444126
3,2,0.4962917963114437,0.8714976705444126
3,2,0.45339151294951563,0.9126503541580022
3,2,0.45339151294951563,0.8714976705444126
3,2,0.45339151294951563,0.8714976705444126
3,2,0.45339151294951563,0.9126503541580022
3,2,0.41049122958758755,0.9126503541580022
3,2,0.45339151294951563,0.9126503541580022
3,2,0.41049122958758755,0.9538030377715918
3,2,0.41049122958758755,0.9126503541580022
3,2,0.41049122958758755,0.9126503541580022
3,2,0.41049122958758755,0.9538030377715918
3,2,0.3675909462256599,0.9538030377715918
3,2,0.41049122958758755,0.9538030377715918
3,2,0.3675909462256599,0.9949557213851814
3,2,0.3675909462256599,0.9538030377715918
3,2,0.3675909462256599,0.9538030377715918
3,2,0.3675909462256599,0.9949557213851814
3,2,0.3246906628637318,0.9949557213851814
3,2,0.3675909462256599,0.9949557213851814
3,1,0.3246906628637318,0.036108404998771215
3,2,0.3246906628637318,0.9949557213851814
3,2,0.3246906628637318,0.9949557213851814
3,1,0.3246906628637318,0.036108404998771215
3,1,0.2817903795018042,0.036108404998771215
3,2,0.6249926463972275,0.7480396197036439
3,2,0.6249926463972275,0.7891923033172334
3,2,0.5820923630352994,0.7891923033172334
3,2,0.6249926463972275,0.7891923033172334
3,2,0.5820923630352994,0.830344986930823
3,2,0.5820923630352994,0.7891923033172334
3,2,0.5820923630352994,0.7891923033172334
3,2,0.5820923630352994,0.830344986930823
3,2,0.5391920796733713,0.830344986930823
3,2,0.5820923630352994,0.830344986930823
3,2,0.5391920796733713,0.8714976705444126
3,2,0.5391920796733713,0.830344986930823
3,2,0.5391920796733713,0.830344986930823
3,2,0.5391920796733713,0.8714976705444126
3,2,0.4962917963114437,0.8714976705444126
3,2,0.5391920796733713,0.8714976705444126
3,2,0.4962917963114437,0.9126503541580022
3,2,0.4962917963114437,0.8714976705444126
3,2,0.4962917963114437,0.8714976705444126
3,2,0.4962917963114437,0.9126503541580022
3,2,0.45339151294951563,0.9126503541580022
3,2,0.4962917963114437,0.9126503541580022
3,2,0.45339151294951563,0.9538030377715918
3,2,0.45339151294951563,0.9126503541580022
3,2,0.45339151294951563,0.9126503541580022
3,2,0.45339151294951563,0.9538030377715918
3,2,0.41049122958758755,0.9538030377715918
3,2,0.45339151294951563,0.9538030377715918
3,2,0.41049122958758755,0.9949557213851814
3,2,0.41049122958758755,0.9538030377715918
3,2,0.41049122958758755,0.9538030377715918
3,2,0.41049122958758755,0.9949557213851814
3,2,0.3675909462256599,0.9949557213851814
3,2,0.41049122958758755,0.9949557213851814
3,1,0.3675909462256599,0.036108404998771215
3,2,0.3675909462256599,0.9949557213851814
3,2,0.3675909462256599,0.9949557213851814
3,1,0.3675909462256599,0.036108404998771215
3,1,0.3246906628637318,0.036108404998771215
3,2,0.6249926463972275,0.7891923033172334
3,2,0.6249926463972275,0.830344986930823
3,2,0.5820923630352994,0.830344986930823
3,2,0.6249926463972275,0.830344986930823
3,2,0.5820923630352994,0.8714976705444126
3,2,0.5820923630352994,0.830344986930823
3,2,0.5820923630352994,0.830344986930823
3,2,0.5820923630352994,0.8714976705444126
3,2,0.5391920796733713,0.8714976705444126
3,2,0.5820923630352994,0.8714976705444126
3,2,0.5391920796733713,0.9126503541580022
3,2,0.5391920796733713,0.8714976705444126
3,2,0.5391920796733713,0.8714976705444126
3,2,0.5391920796733713,0.9126503541580022
3,2,0.4962917963114437,0.9126503541580022
3,2,0.5391920796733713,0.9126503541580022
3,2,0.4962917963114437,0.9538030377715918
3,2,0.4962917963114437,0.9126503541580022
3,2,0.4962917963114437,0.9126503541580022
3,2,0.4962917963114437,0.9538030377715918
3,2,0.45339151294951563,0.9538030377715918
3,2,0.4962917963114437,0.9538030377715918
3,2,0.45339151294951563,0.9949557213851814
3,2,0.45339151294951563,0.9538030377715918
3,2,0.45339151294951563,0.9538030377715918
3,2,0.45339151294951563,0.9949557213851814
3,2,0.41049122958758755,0.9949557213851814
3,2,0.45339151294951563,0.9949557213851814
3,1,0.41049122958758755,0.036108404998771215
3,2,0.41049122958758755,0.9949557213851814
3,2,0.41049122958758755,0.9949557213851814
3,1,0.41049122958758755,0.036108404998771215
3,1,0.3675909462256599,0.036108404998771215
3,2,0.6249926463972275,0.830344986930823
3,2,0.6249926463972275,0.8714976705444126
3,2,0.5820923630352994,0.8714976705444126
3,2,0.6249926463972275,0.8714976705444126
3,2,0.5820923630352994,0.9126503541580022
3,2,0.5820923630352994,0.8714976705444126
3,2,0.5820923630352994,0.8714976705444126
3,2,0.5820923630352994,0.9126503541580022
3,2,0.5391920796733713,0.9126503541580022
3,2,0.5820923630352994,0.9126503541580022
3,2,0.5391920796733713,0.9538030377715918
3,2,0.5391920796733713,0.9126503541580022
3,2,0.5391920796733713,0.9126503541580022
3,2,0.5391920796733713,0.9538030377715918
3,2,0.4962917963114437,0.9538030377715918
3,2,0.5391920796733713,0.9538030377715918
3,2,0.4962917963114437,0.9949557213851814
3,2,0.4962917963114437,0.9538030377715918
3,2,0.4962917963114437,0.9538030377715918
3,2,0.4962917963114437,0.9949557213851814
3,2,0.45339151294951563,0.9949557213851814
3,2,0.4962917963114437,0.9949557213851814
3,1,0.45339151294951563,0.036108404998771215
3,2,0.45339151294951563,0.9949557213851814
3,2,0.45339151294951563,0.9949557213851814
3,1,0.45339151294951563,0.036108404998771215
3,1,0.41049122958758755,0.036108404998771215
3,2,0.6249926463972275,0.8714976705444126
3,2,0.6249926463972275,0.9126503541580022
3,2,0.5820923630352994,0.9126503541580022
3,2,0.6249926463972275,0.9126503541580022
3,2,0.5820923630352994,0.9538030377715918
3,2,0.5820923630352994,0.9126503541580022
3,2,0.5820923630352994,0.9126503541580022
3,2,0.5820923630352994,0.9538030377715918
3,2,0.5391920796733713,0.9538030377715918
3,2,0.5820923630352994,0.9538030377715918
3,2,0.5391920796733713,0.9949557213851814
3,2,0.5391920796733713,0.9538030377715918
3,2,0.5391920796733713,0.9538030377715918
3,2,0.5391920796733713,0.9949557213851814
3,2,0.4962917963114437,0.9949557213851814
3,2,0.5391920796733713,0.9949557213851814
3,1,0.4962917963114437,0.036108404998771215
3,2,0.4962917963114437,0.9949557213851814
3,2,0.4962917963114437,0.9949557213851814
3,1,0.4962917963114437,0.036108404998771215
3,1,0.45339151294951563,0.036108404998771215
3,2,0.6249926463972275,0.9126503541580022
3,2,0.6249926463972275,0.9538030377715918
3,2,0.5820923630352994,0.9538030377715918
3,2,0.6249926463972275,0.9538030377715918
3,2,0.5820923630352994,0.9949557213851814
3,2,0.5820923630352994,0.9538030377715918
3,2,0.5820923630352994,0.9538030377715918
3,2,0.5820923630352994,0.9949557213851814
3,2,0.5391920796733713,0.9949557213851814
3,2,0.5820923630352994,0.9949557213851814
3,1,0.5391920796733713,0.036108404998771215
3,2,0.5391920796733713,0.9949557213851814
3,2,0.5391920796733713,0.9949557213851814
3,1,0.5391920796733713,0.036108404998771215
3,1,0.4962917963114437,0.036108404998771215
3,2,0.6249926463972275,0.9538030377715918
3,2,0.6249926463972275,0.9949557213851814
3,2,0.5820923630352994,0.9949557213851814
3,2,0.6249926463972275,0.9949557213851814
3,1,0.5820923630352994,0.036108404998771215
3,2,0.5820923630352994,0.9949557213851814
3,2,0.5820923630352994,0.9949557213851814
3,1,0.5820923630352994,0.036108404998771215
3,1,0.5391920796733713,0.036108404998771215
3,2,0.6249926463972275,0.9949557213851814
3,1,0.6249926463972275,0.036108404998771215
3,1,0.5820923630352994,0.036108404998771215
3,2,0.7800000000000002,0.7800000000000002
3,2,0.6493125191575202,0.6966620713161551
3,2,0.6493125191575202,0.8633379286838454
3,2,0.9106874808424803,0.6966620713161551
3,2,0.9106874808424803,0.8633379286838454
3,2,0.5719608440213766,0.6211348973236497
3,2,0.614896278800408,0.6211348973236497
3,2,0.614896278800408,0.6605636054295663
3,2,0.614896278800408,0.6211348973236497
3,2,0.6578317135794398,0.6605636054295663
3,2,0.614896278800408,0.6605636054295663
3,2,0.614896278800408,0.6605636054295663
3,2,0.6578317135794398,0.6605636054295663
3,2,0.6578317135794398,0.6999923135354829
3,2,0.6578317135794398,0.6605636054295663
3,2,0.7007671483584716,0.6999923135354829
3,2,0.6578317135794398,0.6999923135354829
3,2,0.6578317135794398,0.6999923135354829
3,2,0.7007671483584716,0.6999923135354829
3,2,0.7007671483584716,0.739421021641399
3,2,0.7007671483584716,0.6999923135354829
3,2,0.7437025831375035,0.739421021641399
3,2,0.7007671483584716,0.739421021641399
3,2,0.7007671483584716,0.739421021641399
3,2,0.7437025831375035,0.739421021641399
3,2,0.7437025831375035,0.7788497297473156
3,2,0.614896278800408,0.6211348973236497
3,2,0.6578317135794398,0.6211348973236497
3,2,0.6578317135794398,0.6605636054295663
3,2,0.6578317135794398,0.6211348973236497
3,2,0.7007671483584716,0.6605636054295663
3,2,0.6578317135794398,0.6605636054295663
3,2,0.6578317135794398,0.6605636054295663
3,2,0.7007671483584716,0.6605636054295663
3,2,0.7007671483584716,0.6999923135354829
3,2,0.7007671483584716,0.6605636054295663
3,2,0.7437025831375035,0.6999923135354829
3,2,0.7007671483584716,0.6999923135354829
3,2,0.7007671483584716,0.6999923135354829
3,2,0.7437025831375035,0.6999923135354829
3,2,0.7437025831375035,0.739421021641399
3,2,0.6578317135794398,0.6211348973236497
3,2,0.7007671483584716,0.6211348973236497
3,2,0.7007671483584716,0.6605636054295663
3,2,0.7007671483584716,0.6211348973236497
3,2,0.7437025831375035,0.6605636054295663
3,2,0.7007671483584716,0.6605636054295663
3,2,0.7007671483584716,0.6605636054295663
3,2,0.7437025831375035,0.6605636054295663
3,2,0.7437025831375035,0.6999923135354829
3,2,0.7007671483584716,0.6211348973236497
3,2,0.7437025831375035,0.6211348973236497
3,2,0.7437025831375035,0.6605636054295663
3,2,0.7437025831375035,0.7788497297473156
3,2,0.7007671483584716,0.7788497297473156
3,2,0.7007671483584716,0.739421021641399
3,2,0.7007671483584716,0.7788497297473156
3,2,0.6578317135794398,0.739421021641399
3,2,0.7007671483584716,0.739421021641399
3,2,0.7007671483584716,0.739421021641399
3,2,0.6578317135794398,0.739421021641399
3,2,0.6578317135794398,0.6999923135354829
3,2,0.6578317135794398,0.739421021641399
3,2,0.614896278800408,0.6999923135354829
3,2,0.6578317135794398,0.6999923135354829
3,2,0.6578317135794398,0.6999923135354829
3,2,0.614896278800408,0.6999923135354829
3,2,0.614896278800408,0.6605636054295663
3,2,0.614896278800408,0.6999923135354829
3,2,0.5719608440213766,0.6605636054295663
3,2,0.614896278800408,0.6605636054295663
3,2,0.614896278800408,0.6605636054295663
3,2,0.5719608440213766,0.6605636054295663
3,2,0.5719608440213766,0.6211348973236497
3,2,0.7007671483584716,0.7788497297473156
3,2,0.6578317135794398,0.7788497297473156
3,2,0.6578317135794398,0.739421021641399
3,2,0.6578317135794398,0.7788497297473156
3,2,0.614896278800408,0.739421021641399
3,2,0.6578317135794398,0.739421021641399
3,2,0.6578317135794398,0.739421021641399
3,2,0.614896278800408,0.739421021641399
3,2,0.614896278800408,0.6999923135354829
3,2,0.614896278800408,0.739421021641399
3,2,0.5719608440213766,0.6999923135354829
3,2,0.614896278800408,0.6999923135354829
3,2,0.614896278800408,0.6999923135354829
3,2,0.5719608440213766,0.6999923135354829
3,2,0.5719608440213766,0.6605636054295663
3,2,0.6578317135794398,0.7788497297473156
3,2,0.614896278800408,0.7788497297473156
3,2,0.614896278800408,0.739421021641399
3,2,0.614896278800408,0.7788497297473156
3,2,0.5719608440213766,0.739421021641399
3,2,0.614896278800408,0.739421021641399
3,2,0.614896278800408,0.739421021641399
3,2,0.5719608440213766,0.739421021641399
3,2,0.5719608440213766,0.6999923135354829
3,2,0.614896278800408,0.7788497297473156
3,2,0.5719608440213766,0.7788497297473156
3,2,0.5719608440213766,0.739421021641399
3,2,0.7437025831375035,0.7788497297473156
3,2,0.7437025831375035,0.8183103898046955
3,2,0.7007671483584716,0.8183103898046955
3,2,0.7437025831375035,0.8183103898046955
3,2,0.7007671483584716,0.8577710498620754
3,2,0.7007671483584716,0.8183103898046955
3,2,0.7007671483584716,0.8183103898046955
3,2,0.7007671483584716,0.8577710498620754
3,2,0.6578317135794398,0.8577710498620754
3,2,0.7007671483584716,0.8577710498620754
3,2,0.6578317135794398,0.8972317099194553
3,2,0.6578317135794398,0.8577710498620754
3,2,0.6578317135794398,0.8577710498620754
3,2,0.6578317135794398,0.8972317099194553
3,2,0.614896278800408,0.8972317099194553
3,2,0.6578317135794398,0.8972317099194553
3,2,0.614896278800408,0.9366923699768348
3,2,0.614896278800408,0.8972317099194553
3,2,0.614896278800408,0.8972317099194553
3,2,0.614896278800408,0.9366923699768348
3,2,0.5719608440213766,0.9366923699768348
3,2,0.7437025831375035,0.8183103898046955
3,2,0.7437025831375035,0.8577710498620754
3,2,0.7007671483584716,0.8577710498620754
3,2,0.7437025831375035,0.8577710498620754
3,2,0.7007671483584716,0.8972317099194553
3,2,0.7007671483584716,0.8577710498620754
3,2,0.7007671483584716,0.8577710498620754
3,2,0.7007671483584716,0.8972317099194553
3,2,0.6578317135794398,0.8972317099194553
3,2,0.7007671483584716,0.8972317099194553
3,2,0.6578317135794398,0.9366923699768348
3,2,0.6578317135794398,0.8972317099194553
3,2,0.6578317135794398,0.8972317099194553
3,2,0.6578317135794398,0.9366923699768348
3,2,0.614896278800408,0.9366923699768348
3,2,0.7437025831375035,0.8577710498620754
3,2,0.7437025831375035,0.8972317099194553
3,2,0.7007671483584716,0.8972317099194553
3,2,0.7437025831375035,0.8972317099194553
3,2,0.7007671483584716,0.9366923699768348
3,2,0.7007671483584716,0.8972317099194553
3,2,0.7007671483584716,0.8972317099194553
3,2,0.7007671483584716,0.9366923699768348
3,2,0.6578317135794398,0.9366923699768348
3,2,0.7437025831375035,0.8972317099194553
3,2,0.7437025831375035,0.9366923699768348
3,2,0.7007671483584716,0.9366923699768348
3,2,0.5719608440213766,0.9366923699768348
3,2,0.5719608440213766,0.8972317099194553
3,2,0.614896278800408,0.8972317099194553
3,2,0.5719608440213766,0.8972317099194553
3,2,0.614896278800408,0.8577710498620754
3,2,0.614896278800408,0.8972317099194553
3,2,0.614896278800408,0.8972317099194553
3,2,0.614896278800408,0.8577710498620754
3,2,0.6578317135794398,0.8577710498620754
3,2,0.614896278800408,0.8577710498620754
3,2,0.6578317135794398,0.8183103898046955
3,2,0.6578317135794398,0.8577710498620754
3,2,0.6578317135794398,0.8577710498620754
3,2,0.6578317135794398,0.8183103898046955
3,2,0.7007671483584716,0.8183103898046955
3,2,0.6578317135794398,0.8183103898046955
3,2,0.7007671483584716,0.7788497297473156
3,2,0.7007671483584716,0.8183103898046955
3,2,0.7007671483584716,0.8183103898046955
3,2,0.7007671483584716,0.7788497297473156
3,2,0.7437025831375035,0.7788497297473156
3,2,0.5719608440213766,0.8972317099194553
3,2,0.5719608440213766,0.8577710498620754
3,2,0.614896278800408,0.8577710498620754
3,2,0.5719608440213766,0.8577710498620754
3,2,0.614896278800408,0.8183103898046955
3,2,0.614896278800408,0.8577710498620754
3,2,0.614896278800408,0.8577710498620754
3,2,0.614896278800408,0.8183103898046955
3,2,0.6578317135794398,0.8183103898046955
3,2,0.614896278800408,0.8183103898046955
3,2,0.6578317135794398,0.7788497297473156
3,2,0.6578317135794398,0.8183103898046955
3,2,0.6578317135794398,0.8183103898046955
3,2,0.6578317135794398,0.7788497297473156
3,2,0.7007671483584716,0.7788497297473156
3,2,0.5719608440213766,0.8577710498620754
3,2,0.5719608440213766,0.8183103898046955
3,2,0.614896278800408,0.8183103898046955
3,2,0.5719608440213766,0.8183103898046955
3,2,0.614896278800408,0.7788497297473156
3,2,0.614896278800408,0.8183103898046955
3,2,0.614896278800408,0.8183103898046955
3,2,0.614896278800408,0.7788497297473156
3,2,0.6578317135794398,0.7788497297473156
3,2,0.5719608440213766,0.8183103898046955
3,2,0.5719608440213766,0.7788497297473156
3,2,0.614896278800408,0.7788497297473156
3,2,0.9154762742050941,0.6211348973236497
3,2,0.9154762742050941,0.6605636054295663
3,2,0.8725328514381965,0.6605636054295663
3,2,0.9154762742050941,0.6605636054295663
3,2,0.8725328514381965,0.6999923135354829
3,2,0.8725328514381965,0.6605636054295663
3,2,0.8725328514381965,0.6605636054295663
3,2,0.8725328514381965,0.6999923135354829
3,2,0.8295894286712988,0.6999923135354829
3,2,0.8725328514381965,0.6999923135354829
3,2,0.8295894286712988,0.739421021641399
3,2,0.8295894286712988,0.6999923135354829
3,2,0.8295894286712988,0.6999923135354829
3,2,0.8295894286712988,0.739421021641399
3,2,0.7866460059044011,0.739421021641399
3,2,0.8295894286712988,0.739421021641399
3,2,0.7866460059044011,0.7788497297473156
3,2,0.7866460059044011,0.739421021641399
3,2,0.7866460059044011,0.739421021641399
3,2,0.7866460059044011,0.7788497297473156
3,2,0.7437025831375035,0.7788497297473156
3,2,0.9154762742050941,0.6605636054295663
3,2,0.9154762742050941,0.6999923135354829
3,2,0.8725328514381965,0.6999923135354829
3,2,0.9154762742050941,0.6999923135354829
3,2,0.8725328514381965,0.739421021641399
3,2,0.8725328514381965,0.6999923135354829
3,2,0.8725328514381965,0.6999923135354829
3,2,0.8725328514381965,0.739421021641399
3,2,0.8295894286712988,0.739421021641399
3,2,0.8725328514381965,0.739421021641399
3,2,0.8295894286712988,0.7788497297473156
3,2,0.8295894286712988,0.739421021641399
3,2,0.8295894286712988,0.739421021641399
3,2,0.8295894286712988,0.7788497297473156
3,2,0.7866460059044011,0.7788497297473156
3,2,0.9154762742050941,0.6999923135354829
3,2,0.9154762742050941,0.739421021641399
3,2,0.8725328514381965,0.739421021641399
3,2,0.9154762742050941,0.739421021641399
3,2,0.8725328514381965,0.7788497297473156
3,2,0.8725328514381965,0.739421021641399
3,2,0.8725328514381965,0.739421021641399
3,2,0.8725328514381965,0.7788497297473156
3,2,0.8295894286712988,0.7788497297473156
3,2,0.9154762742050941,0.739421021641399
3,2,0.9154762742050941,0.7788497297473156
3,2,0.8725328514381965,0.7788497297473156
3,2,0.7437025831375035,0.7788497297473156
3,2,0.7437025831375035,0.739421021641399
3,2,0.7866460059044011,0.739421021641399
3,2,0.7437025831375035,0.739421021641399
3,2,0.7866460059044011,0.6999923135354829
3,2,0.7866460059044011,0.739421021641399
3,2,0.7866460059044011,0.739421021641399
3,2,0.7866460059044011,0.6999923135354829
3,2,0.8295894286712988,0.6999923135354829
3,2,0.7866460059044011,0.6999923135354829
3,2,0.8295894286712988,0.6605636054295663
3,2,0.8295894286712988,0.6999923135354829
3,2,0.8295894286712988,0.6999923135354829
3,2,0.8295894286712988,0.6605636054295663
3,2,0.8725328514381965,0.6605636054295663
3,2,0.8295894286712988,0.6605636054295663
3,2,0.8725328514381965,0.6211348973236497
3,2,0.8725328514381965,0.6605636054295663
3,2,0.8725328514381965,0.6605636054295663
3,2,0.8725328514381965,0.6211348973236497
3,2,0.9154762742050941,0.6211348973236497
3,2,0.7437025831375035,0.739421021641399
3,2,0.7437025831375035,0.6999923135354829
3,2,0.7866460059044011,0.6999923135354829
3,2,0.7437025831375035,0.6999923135354829
3,2,0.7866460059044011,0.6605636054295663
3,2,0.7866460059044011,0.6999923135354829
3,2,0.7866460059044011,0.6999923135354829
3,2,0.7866460059044011,0.6605636054295663
3,2,0.8295894286712988,0.6605636054295663
3,2,0.7866460059044011,0.6605636054295663
3,2,0.8295894286712988,0.6211348973236497
3,2,0.8295894286712988,0.6605636054295663
3,2,0.8295894286712988,0.6605636054295663
3,2,0.8295894286712988,0.6211348973236497
3,2,0.8725328514381965,0.6211348973236497
3,2,0.7437025831375035,0.6999923135354829
3,2,0.7437025831375035,0.6605636054295663
3,2,0.7866460059044011,0.6605636054295663
3,2,0.7437025831375035,0.6605636054295663
3,2,0.7866460059044011,0.6211348973236497
3,2,0.7866460059044011,0.6605636054295663
3,2,0.7866460059044011,0.6605636054295663
3,2,0.7866460059044011,0.6211348973236497
3,2,0.8295894286712988,0.6211348973236497
3,2,0.7437025831375035,0.6605636054295663
3,2,0.7437025831375035,0.6211348973236497
3,2,0.7866460059044011,0.6211348973236497
3,2,0.7437025831375035,0.7788497297473156
3,2,0.7866460059044011,0.7788497297473156
3,2,0.7866460059044011,0.8183103898046955
3,2,0.7866460059044011,0.7788497297473156
3,2,0.8295894286712988,0.8183103898046955
3,2,0.7866460059044011,0.8183103898046955
3,2,0.7866460059044011,0.8183103898046955
3,2,0.8295894286712988,0.8183103898046955
3,2,0.8295894286712988,0.8577710498620754
3,2,0.8295894286712988,0.8183103898046955
3,2,0.8725328514381965,0.8577710498620754
3,2,0.8295894286712988,0.8577710498620754
3,2,0.8295894286712988,0.8577710498620754
3,2,0.8725328514381965,0.8577710498620754
3,2,0.8725328514381965,0.8972317099194553
3,2,0.8725328514381965,0.8577710498620754
3,2,0.9154762742050941,0.8972317099194553
3,2,0.8725328514381965,0.8972317099194553
3,2,0.8725328514381965,0.8972317099194553
3,2,0.9154762742050941,0.8972317099194553
3,2,0.9154762742050941,0.9366923699768348
3,2,0.7866460059044011,0.7788497297473156
3,2,0.8295894286712988,0.7788497297473156
3,2,0.8295894286712988,0.8183103898046955
3,2,0.8295894286712988,0.7788497297473156
3,2,0.8725328514381965,0.8183103898046955
3,2,0.8295894286712988,0.8183103898046955
3,2,0.8295894286712988,0.8183103898046955
3,2,0.8725328514381965,0.8183103898046955
3,2,0.8725328514381965,0.8577710498620754
3,2,0.8725328514381965,0.8183103898046955
3,2,0.9154762742050941,0.8577710498620754
3,2,0.8725328514381965,0.8577710498620754
3,2,0.8725328514381965,0.8577710498620754
3,2,0.9154762742050941,0.8577710498620754
3,2,0.9154762742050941,0.8972317099194553
3,2,0.8295894286712988,0.7788497297473156
3,2,0.8725328514381965,0.7788497297473156
3,2,0.8725328514381965,0.8183103898046955
3,2,0.8725328514381965,0.7788497297473156
3,2,0.9154762742050941,0.8183103898046955
3,2,0.8725328514381965,0.8183103898046955
3,2,0.8725328514381965,0.8183103898046955
3,2,0.9154762742050941,0.8183103898046955
3,2,0.9154762742050941,0.8577710498620754
3,2,0.8725328514381965,0.7788497297473156
3,2,0.9154762742050941,0.7788497297473156
3,2,0.9154762742050941,0.8183103898046955
3,2,0.9154762742050941,0.9366923699768348
3,2,0.8725328514381965,0.9366923699768348
3,2,0.8725328514381965,0.8972317099194553
3,2,0.8725328514381965,0.9366923699768348
3,2,0.8295894286712988,0.8972317099194553
3,2,0.8725328514381965,0.8972317099194553
3,2,0.8725328514381965,0.8972317099194553
3,2,0.8295894286712988,0.8972317099194553
3,2,0.8295894286712988,0.8577710498620754
3,2,0.8295894286712988,0.8972317099194553
3,2,0.7866460059044011,0.8577710498620754
3,2,0.8295894286712988,0.8577710498620754
3,2,0.8295894286712988,0.8577710498620754
3,2,0.7866460059044011,0.8577710498620754
3,2,0.7866460059044011,0.8183103898046955
3,2,0.7866460059044011,0.8577710498620754
3,2,0.7437025831375035,0.8183103898046955
3,2,0.7866460059044011,0.8183103898046955
3,2,0.7866460059044011,0.8183103898046955
3,2,0.7437025831375035,0.8183103898046955
3,2,0.7437025831375035,0.7788497297473156
3,2,0.8725328514381965,0.9366923699768348
3,2,0.8295894286712988,0.9366923699768348
3,2,0.8295894286712988,0.8972317099194553
3,2,0.8295894286712988,0.9366923699768348
3,2,0.7866460059044011,0.8972317099194553
3,2,0.8295894286712988,0.8972317099194553
3,2,0.8295894286712988,0.8972317099194553
3,2,0.7866460059044011,0.8972317099194553
3,2,0.7866460059044011,0.8577710498620754
3,2,0.7866460059044011,0.8972317099194553
3,2,0.7437025831375035,0.8577710498620754
3,2,0.7866460059044011,0.8577710498620754
3,2,0.7866460059044011,0.8577710498620754
3,2,0.7437025831375035,0.8577710498620754
3,2,0.7437025831375035,0.8183103898046955
3,2,0.8295894286712988,0.9366923699768348
3,2,0.7866460059044011,0.9366923699768348
3,2,0.7866460059044011,0.8972317099194553
3,2,0.7866460059044011,0.9366923699768348
3,2,0.7437025831375035,0.8972317099194553
3,2,0.7866460059044011,0.8972317099194553
3,2,0.7866460059044011,0.8972317099194553
3,2,0.7437025831375035,0.8972317099194553
3,2,0.7437025831375035,0.8577710498620754
3,2,0.7866460059044011,0.9366923699768348
3,2,0.7437025831375035,0.9366923699768348
3,2,0.7437025831375035,0.8972317099194553
3,1,0.71,0.06000000000000005
3,2,0.5787682714315587,0.9148219103918542
3,1,0.5787682714315587,0.20517808960814565
3,2,0.8412317285684412,0.9148219103918542
3,1,0.8412317285684412,0.20517808960814565
3,2,0.5411417562149436,0.9353729363146916
3,2,0.5853393259954669,0.9353729363146916
3,2,0.5853393259954669,0.9667313641513671
3,2,0.5853393259954669,0.9353729363146916
3,2,0.6295368957759901,0.9667313641513671
3,2,0.5853393259954669,0.9667313641513671
3,2,0.5853393259954669,0.9667313641513671
3,2,0.6295368957759901,0.9667313641513671
3,2,0.6295368957759901,0.9980897919880425
3,2,0.6295368957759901,0.9667313641513671
3,2,0.6737344655565134,0.9980897919880425
3,2,0.6295368957759901,0.9980897919880425
3,2,0.6295368957759901,0.9980897919880425
3,2,0.6737344655565134,0.9980897919880425
3,1,0.6737344655565134,0.029448219824718125
3,2,0.6737344655565134,0.9980897919880425
3,1,0.7179320353370366,0.029448219824718125
3,1,0.6737344655565134,0.029448219824718125
3,1,0.6737344655565134,0.029448219824718125
3,1,0.7179320353370366,0.029448219824718125
3,1,0.7179320353370366,0.06080664766139354
3,2,0.5853393259954669,0.9353729363146916
3,2,0.6295368957759901,0.9353729363146916
3,2,0.6295368957759901,0.9667313641513671
3,2,0.6295368957759901,0.9353729363146916
3,2,0.6737344655565134,0.9667313641513671
3,2,0.6295368957759901,0.9667313641513671
3,2,0.6295368957759901,0.9667313641513671
3,2,0.6737344655565134,0.9667313641513671
3,2,0.6737344655565134,0.9980897919880425
3,2,0.6737344655565134,0.9667313641513671
3,2,0.7179320353370366,0.9980897919880425
3,2,0.6737344655565134,0.9980897919880425
3,2,0.6737344655565134,0.9980897919880425
3,2,0.7179320353370366,0.9980897919880425
3,1,0.7179320353370366,0.029448219824718125
3,2,0.6295368957759901,0.9353729363146916
3,2,0.6737344655565134,0.9353729363146916
3,2,0.6737344655565134,0.9667313641513671
3,2,0.6737344655565134,0.9353729363146916
3,2,0.7179320353370366,0.9667313641513671
3,2,0.6737344655565134,0.9667313641513671
3,2,0.6737344655565134,0.9667313641513671
3,2,0.7179320353370366,0.9667313641513671
3,2,0.7179320353370366,0.9980897919880425
3,2,0.6737344655565134,0.9353729363146916
3,2,0.7179320353370366,0.9353729363146916
3,2,0.7179320353370366,0.9667313641513671
3,1,0.7179320353370366,0.06080664766139354
3,1,0.6737344655565134,0.06080664766139354
3,1,0.6737344655565134,0.029448219824718125
3,1,0.6737344655565134,0.06080664766139354
3,1,0.6295368957759901,0.029448219824718125
3,1,0.6737344655565134,0.029448219824718125
3,1,0.6737344655565134,0.029448219824718125
3,1,0.6295368957759901,0.029448219824718125
3,2,0.6295368957759901,0.9980897919880425
3,1,0.6295368957759901,0.029448219824718125
3,2,0.5853393259954669,0.9980897919880425
3,2,0.6295368957759901,0.9980897919880425
3,2,0.6295368957759901,0.9980897919880425
3,2,0.5853393259954669,0.9980897919880425
3,2,0.5853393259954669,0.9667313641513671
3,2,0.5853393259954669,0.9980897919880425
3,2,0.5411417562149436,0.9667313641513671
3,2,0.5853393259954669,0.9667313641513671
3,2,0.5853393259954669,0.9667313641513671
3,2,0.5411417562149436,0.9667313641513671
3,2,0.5411417562149436,0.9353729363146916
3,1,0.6737344655565134,0.06080664766139354
3,1,0.6295368957759901,0.06080664766139354
3,1,0.6295368957759901,0.029448219824718125
3,1,0.6295368957759901,0.06080664766139354
3,1,0.5853393259954669,0.029448219824718125
3,1,0.6295368957759901,0.029448219824718125
3,1,0.6295368957759901,0.029448219824718125
3,1,0.5853393259954669,0.029448219824718125
3,2,0.5853393259954669,0.9980897919880425
3,1,0.5853393259954669,0.029448219824718125
3,2,0.5411417562149436,0.9980897919880425
3,2,0.5853393259954669,0.9980897919880425
3,2,0.5853393259954669,0.9980897919880425
3,2,0.5411417562149436,0.9980897919880425
3,2,0.5411417562149436,0.9667313641513671
3,1,0.6295368957759901,0.06080664766139354
3,1,0.5853393259954669,0.06080664766139354
3,1,0.5853393259954669,0.029448219824718125
3,1,0.5853393259954669,0.06080664766139354
3,1,0.5411417562149436,0.029448219824718125
3,1,0.5853393259954669,0.029448219824718125
3,1,0.5853393259954669,0.029448219824718125
3,1,0.5411417562149436,0.029448219824718125
3,2,0.5411417562149436,0.9980897919880425
3,1,0.5853393259954669,0.06080664766139354
3,1,0.5411417562149436,0.06080664766139354
3,1,0.5411417562149436,0.029448219824718125
3,1,0.7179320353370366,0.06080664766139354
3,1,0.7179320353370366,0.09219868581729385
3,1,0.6737344655565134,0.09219868581729385
3,1,0.7179320353370366,0.09219868581729385
3,1,0.6737344655565134,0.12359072397319415
3,1,0.6737344655565134,0.09219868581729385
3,1,0.6737344655565134,0.09219868581729385
3,1,0.6737344655565134,0.12359072397319415
3,1,0.6295368957759901,0.12359072397319415
3,1,0.6737344655565134,0.12359072397319415
3,1,0.6295368957759901,0.15498276212909445
3,1,0.6295368957759901,0.12359072397319415
3,1,0.6295368957759901,0.12359072397319415
3,1,0.6295368957759901,0.15498276212909445
3,1,0.5853393259954669,0.15498276212909445
3,1,0.6295368957759901,0.15498276212909445
3,1,0.5853393259954669,0.18637480028499454
3,1,0.5853393259954669,0.15498276212909445
3,1,0.5853393259954669,0.15498276212909445
3,1,0.5853393259954669,0.18637480028499454
3,1,0.5411417562149436,0.18637480028499454
3,1,0.7179320353370366,0.09219868581729385
3,1,0.7179320353370366,0.12359072397319415
3,1,0.6737344655565134,0.12359072397319415
3,1,0.7179320353370366,0.12359072397319415
3,1,0.6737344655565134,0.15498276212909445
3,1,0.6737344655565134,0.12359072397319415
3,1,0.6737344655565134,0.12359072397319415
3,1,0.6737344655565134,0.15498276212909445
3,1,0.6295368957759901,0.15498276212909445
3,1,0.6737344655565134,0.15498276212909445
3,1,0.6295368957759901,0.18637480028499454
3,1,0.6295368957759901,0.15498276212909445
3,1,0.6295368957759901,0.15498276212909445
3,1,0.6295368957759901,0.18637480028499454
3,1,0.5853393259954669,0.18637480028499454
3,1,0.7179320353370366,0.12359072397319415
3,1,0.7179320353370366,0.15498276212909445
3,1,0.6737344655565134,0.15498276212909445
3,1,0.7179320353370366,0.15498276212909445
3,1,0.6737344655565134,0.18637480028499454
3,1,0.6737344655565134,0.15498276212909445
3,1,0.6737344655565134,0.15498276212909445
3,1,0.6737344655565134,0.18637480028499454
3,1,0.6295368957759901,0.18637480028499454
3,1,0.7179320353370366,0.15498276212909445
3,1,0.7179320353370366,0.18637480028499454
3,1,0.6737344655565134,0.18637480028499454
3,1,0.5411417562149436,0.18637480028499454
3,1,0.5411417562149436,0.15498276212909445
3,1,0.5853393259954669,0.15498276212909445
3,1,0.5411417562149436,0.15498276212909445
3,1,0.5853393259954669,0.12359072397319415
3,1,0.5853393259954669,0.15498276212909445
3,1,0.5853393259954669,0.15498276212909445
3,1,0.5853393259954669,0.12359072397319415
3,1,0.6295368957759901,0.12359072397319415
3,1,0.5853393259954669,0.12359072397319415
3,1,0.6295368957759901,0.09219868581729385
3,1,0.6295368957759901,0.12359072397319415
3,1,0.6295368957759901,0.12359072397319415
3,1,0.6295368957759901,0.09219868581729385
3,1,0.6737344655565134,0.09219868581729385
3,1,0.6295368957759901,0.09219868581729385
3,1,0.6737344655565134,0.06080664766139354
3,1,0.6737344655565134,0.09219868581729385
3,1,0.6737344655565134,0.09219868581729385
3,1,0.6737344655565134,0.06080664766139354
3,1,0.7179320353370366,0.06080664766139354
3,1,0.5411417562149436,0.15498276212909445
3,1,0.5411417562149436,0.12359072397319415
3,1,0.5853393259954669,0.12359072397319415
3,1,0.5411417562149436,0.12359072397319415
3,1,0.5853393259954669,0.09219868581729385
3,1,0.5853393259954669,0.12359072397319415
3,1,0.5853393259954669,0.12359072397319415
3,1,0.5853393259954669,0.09219868581729385
3,1,0.6295368957759901,0.09219868581729385
3,1,0.5853393259954669,0.09219868581729385
3,1,0.6295368957759901,0.06080664766139354
3,1,0.6295368957759901,0.09219868581729385
3,1,0.6295368957759901,0.09219868581729385
3,1,0.6295368957759901,0.06080664766139354
3,1,0.6737344655565134,0.06080664766139354
3,1,0.5411417562149436,0.12359072397319415
3,1,0.5411417562149436,0.09219868581729385
3,1,0.5853393259954669,0.09219868581729385
3,1,0.5411417562149436,0.09219868581729385
3,1,0.5853393259954669,0.06080664766139354
3,1,0.5853393259954669,0.09219868581729385
3,1,0.5853393259954669,0.09219868581729385
3,1,0.5853393259954669,0.06080664766139354
3,1,0.6295368957759901,0.06080664766139354
3,1,0.5411417562149436,0.09219868581729385
3,1,0.5411417562149436,0.06080664766139354
3,1,0.5853393259954669,0.06080664766139354
3,2,0.8944534319053323,0.9353729363146916
3,2,0.8944534319053323,0.9667313641513671
3,2,0.8503230827632584,0.9667313641513671
3,2,0.8944534319053323,0.9667313641513671
3,2,0.8503230827632584,0.9980897919880425
3,2,0.8503230827632584,0.9667313641513671
3,2,0.8503230827632584,0.9667313641513671
3,2,0.8503230827632584,0.9980897919880425
3,2,0.8061927336211845,0.9980897919880425
3,2,0.8503230827632584,0.9980897919880425
3,1,0.8061927336211845,0.029448219824718125
3,2,0.8061927336211845,0.9980897919880425
3,2,0.8061927336211845,0.9980897919880425
3,1,0.8061927336211845,0.029448219824718125
3,1,0.7620623844791106,0.029448219824718125
3,1,0.8061927336211845,0.029448219824718125
3,1,0.7620623844791106,0.06080664766139354
3,1,0.7620623844791106,0.029448219824718125
3,1,0.7620623844791106,0.029448219824718125
3,1,0.7620623844791106,0.06080664766139354
3,1,0.7179320353370366,0.06080664766139354
3,2,0.8944534319053323,0.9667313641513671
3,2,0.8944534319053323,0.9980897919880425
3,2,0.8503230827632584,0.9980897919880425
3,2,0.8944534319053323,0.9980897919880425
3,1,0.8503230827632584,0.029448219824718125
3,2,0.8503230827632584,0.9980897919880425
3,2,0.8503230827632584,0.9980897919880425
3,1,0.8503230827632584,0.029448219824718125
3,1,0.8061927336211845,0.029448219824718125
3,1,0.8503230827632584,0.029448219824718125
3,1,0.8061927336211845,0.06080664766139354
3,1,0.8061927336211845,0.029448219824718125
3,1,0.8061927336211845,0.029448219824718125
3,1,0.8061927336211845,0.06080664766139354
3,1,0.7620623844791106,0.06080664766139354
3,2,0.8944534319053323,0.9980897919880425
3,1,0.8944534319053323,0.029448219824718125
3,1,0.8503230827632584,0.029448219824718125
3,1,0.8944534319053323,0.029448219824718125
3,1,0.8503230827632584,0.06080664766139354
3,1,0.8503230827632584,0.029448219824718125
3,1,0.8503230827632584,0.029448219824718125
3,1,0.8503230827632584,0.06080664766139354
3,1,0.8061927336211845,0.06080664766139354
3,1,0.8944534319053323,0.029448219824718125
3,1,0.8944534319053323,0.06080664766139354
3,1,0.8503230827632584,0.06080664766139354
3,1,0.7179320353370366,0.06080664766139354
3,1,0.7179320353370366,0.029448219824718125
3,1,0.7620623844791106,0.029448219824718125
3,1,0.7179320353370366,0.029448219824718125
3,2,0.7620623844791106,0.9980897919880425
3,1,0.7620623844791106,0.029448219824718125
3,1,0.7620623844791106,0.029448219824718125
3,2,0.7620623844791106,0.9980897919880425
3,2,0.8061927336211845,0.9980897919880425
3,2,0.7620623844791106,0.9980897919880425
3,2,0.8061927336211845,0.9667313641513671
3,2,0.8061927336211845,0.9980897919880425
3,2,0.8061927336211845,0.9980897919880425
3,2,0.8061927336211845,0.9667313641513671
3,2,0.8503230827632584,0.9667313641513671
3,2,0.8061927336211845,0.9667313641513671
3,2,0.8503230827632584,0.9353729363146916
3,2,0.8503230827632584,0.9667313641513671
3,2,0.8503230827632584,0.9667313641513671
3,2,0.8503230827632584,0.9353729363146916
3,2,0.8944534319053323,0.9353729363146916
3,1,0.7179320353370366,0.029448219824718125
3,2,0.7179320353370366,0.9980897919880425
3,2,0.7620623844791106,0.9980897919880425
3,2,0.7179320353370366,0.9980897919880425
3,2,0.7620623844791106,0.9667313641513671
3,2,0.7620623844791106,0.9980897919880425
3,2,0.7620623844791106,0.9980897919880425
3,2,0.7620623844791106,0.9667313641513671
3,2,0.8061927336211845,0.9667313641513671
3,2,0.7620623844791106,0.9667313641513671
3,2,0.8061927336211845,0.9353729363146916
3,2,0.8061927336211845,0.9667313641513671
3,2,0.8061927336211845,0.9667313641513671
3,2,0.8061927336211845,0.9353729363146916
3,2,0.8503230827632584,0.9353729363146916
3,2,0.7179320353370366,0.9980897919880425
3,2,0.7179320353370366,0.9667313641513671
3,2,0.7620623844791106,0.9667313641513671
3,2,0.7179320353370366,0.9667313641513671
3,2,0.7620623844791106,0.9353729363146916
3,2,0.7620623844791106,0.9667313641513671
3,2,0.7620623844791106,0.9667313641513671
3,2,0.7620623844791106,0.9353729363146916
3,2,0.8061927336211845,0.9353729363146916
3,2,0.7179320353370366,0.9667313641513671
3,2,0.7179320353370366,0.9353729363146916
3,2,0.7620623844791106,0.9353729363146916
3,1,0.7179320353370366,0.06080664766139354
3,1,0.7620623844791106,0.06080664766139354
3,1,0.7620623844791106,0.09219868581729385
3,1,0.7620623844791106,0.06080664766139354
3,1,0.8061927336211845,0.09219868581729385
3,1,0.7620623844791106,0.09219868581729385
3,1,0.7620623844791106,0.09219868581729385
3,1,0.8061927336211845,0.09219868581729385
3,1,0.8061927336211845,0.12359072397319415
3,1,0.8061927336211845,0.09219868581729385
3,1,0.8503230827632584,0.12359072397319415
3,1,0.8061927336211845,0.12359072397319415
3,1,0.8061927336211845,0.12359072397319415
3,1,0.8503230827632584,0.12359072397319415
3,1,0.8503230827632584,0.15498276212909445
3,1,0.8503230827632584,0.12359072397319415
3,1,0.8944534319053323,0.15498276212909445
3,1,0.8503230827632584,0.15498276212909445
3,1,0.8503230827632584,0.15498276212909445
3,1,0.8944534319053323,0.15498276212909445
3,1,0.8944534319053323,0.18637480028499454
3,1,0.7620623844791106,0.06080664766139354
3,1,0.8061927336211845,0.06080664766139354
3,1,0.8061927336211845,0.09219868581729385
3,1,0.8061927336211845,0.06080664766139354
3,1,0.8503230827632584,0.09219868581729385
3,1,0.8061927336211845,0.09219868581729385
3,1,0.8061927336211845,0.09219868581729385
3,1,0.8503230827632584,0.09219868581729385
3,1,0.8503230827632584,0.12359072397319415
3,1,0.8503230827632584,0.09219868581729385
3,1,0.8944534319053323,0.12359072397319415
3,1,0.8503230827632584,0.12359072397319415
3,1,0.8503230827632584,0.12359072397319415
3,1,0.8944534319053323,0.12359072397319415
3,1,0.8944534319053323,0.15498276212909445
3,1,0.8061927336211845,0.06080664766139354
3,1,0.8503230827632584,0.06080664766139354
3,1,0.8503230827632584,0.09219868581729385
3,1,0.8503230827632584,0.06080664766139354
3,1,0.8944534319053323,0.09219868581729385
3,1,0.8503230827632584,0.09219868581729385
3,1,0.8503230827632584,0.09219868581729385
3,1,0.8944534319053323,0.09219868581729385
3,1,0.8944534319053323,0.12359072397319415
3,1,0.8503230827632584,0.06080664766139354
3,1,0.8944534319053323,0.06080664766139354
3,1,0.8944534319053323,0.09219868581729385
3,1,0.8944534319053323,0.18637480028499454
3,1,0.8503230827632584,0.18637480028499454
3,1,0.8503230827632584,0.15498276212909445
3,1,0.8503230827632584,0.18637480028499454
3,1,0.8061927336211845,0.15498276212909445
3,1,0.8503230827632584,0.15498276212909445
3,1,0.8503230827632584,0.15498276212909445
3,1,0.8061927336211845,0.15498276212909445
3,1,0.8061927336211845,0.12359072397319415
3,1,0.8061927336211845,0.15498276212909445
3,1,0.7620623844791106,0.12359072397319415
3,1,0.8061927336211845,0.12359072397319415
3,1,0.8061927336211845,0.12359072397319415
3,1,0.7620623844791106,0.12359072397319415
3,1,0.7620623844791106,0.09219868581729385
3,1,0.7620623844791106,0.12359072397319415
3,1,0.7179320353370366,0.09219868581729385
3,1,0.7620623844791106,0.09219868581729385
3,1,0.7620623844791106,0.09219868581729385
3,1,0.7179320353370366,0.09219868581729385
3,1,0.7179320353370366,0.06080664766139354
3,1,0.8503230827632584,0.18637480028499454
3,1,0.8061927336211845,0.18637480028499454
3,1,0.8061927336211845,0.15498276212909445
3,1,0.8061927336211845,0.18637480028499454
3,1,0.7620623844791106,0.15498276212909445
3,1,0.8061927336211845,0.15498276212909445
3,1,0.8061927336211845,0.15498276212909445
3,1,0.7620623844791106,0.15498276212909445
3,1,0.7620623844791106,0.12359072397319415
3,1,0.7620623844791106,0.15498276212909445
3,1,0.7179320353370366,0.12359072397319415
3,1,0.7620623844791106,0.12359072397319415
3,1,0.7620623844791106,0.12359072397319415
3,1,0.7179320353370366,0.12359072397319415
3,1,0.7179320353370366,0.09219868581729385
3,1,0.8061927336211845,0.18637480028499454
3,1,0.7620623844791106,0.18637480028499454
3,1,0.7620623844791106,0.15498276212909445
3,1,0.7620623844791106,0.18637480028499454
3,1,0.7179320353370366,0.15498276212909445
3,1,0.7620623844791106,0.15498276212909445
3,1,0.7620623844791106,0.15498276212909445
3,1,0.7179320353370366,0.15498276212909445
3,1,0.7179320353370366,0.12359072397319415
3,1,0.7620623844791106,0.18637480028499454
3,1,0.7179320353370366,0.18637480028499454
3,1,0.7179320353370366,0.15498276212909445
3,1,0.8136542244890754,0.24768002255090682
3,1,0.7918555317347487,0.24768002255090682
3,1,0.7918555317347487,0.19475817419447794
3,1,0.7918555317347487,0.24768002255090682
3,1,0.7700568389804223,0.19475817419447794
3,1,0.7918555317347487,0.19475817419447794
3,1,0.7918555317347487,0.19475817419447794
3,1,0.7700568389804223,0.19475817419447794
3,1,0.7700568389804223,0.14183632583804906
3,1,0.7700568389804223,0.19475817419447794
3,1,0.7482581462260955,0.14183632583804906
3,1,0.7700568389804223,0.14183632583804906
3,1,0.7700568389804223,0.14183632583804906
3,1,0.7482581462260955,0.14183632583804906
3,1,0.7482581462260955,0.08891447748161996
3,1,0.7482581462260955,0.14183632583804906
3,1,0.7264594534717692,0.08891447748161996
3,1,0.7482581462260955,0.08891447748161996
3,1,0.7482581462260955,0.08891447748161996
3,1,0.7264594534717692,0.08891447748161996
3,1,0.7264594534717692,0.03599262912519108
3,1,0.7264594534717692,0.08891447748161996
3,1,0.7046607607174424,0.03599262912519108
3,1,0.7264594534717692,0.03599262912519108
3,1,0.7264594534717692,0.03599262912519108
3,1,0.7046607607174424,0.03599262912519108
3,2,0.7046607607174424,0.9830707807687622
3,1,0.7046607607174424,0.03599262912519108
3,2,0.6828620679631157,0.9830707807687622
3,2,0.7046607607174424,0.9830707807687622
3,2,0.7046607607174424,0.9830707807687622
3,2,0.6828620679631157,0.9830707807687622
3,2,0.6828620679631157,0.9301489324123331
3,2,0.6828620679631157,0.9830707807687622
3,2,0.6610633752087893,0.9301489324123331
3,2,0.6828620679631157,0.9301489324123331
3,2,0.6828620679631157,0.9301489324123331
3,2,0.6610633752087893,0.9301489324123331
3,2,0.6610633752087893,0.8772270840559044
3,1,0.7918555317347487,0.24768002255090682
3,1,0.7700568389804223,0.24768002255090682
3,1,0.7700568389804223,0.19475817419447794
3,1,0.7700568389804223,0.24768002255090682
3,1,0.7482581462260955,0.19475817419447794
3,1,0.7700568389804223,0.19475817419447794
3,1,0.7700568389804223,0.19475817419447794
3,1,0.7482581462260955,0.19475817419447794
3,1,0.7482581462260955,0.14183632583804906
3,1,0.7482581462260955,0.19475817419447794
3,1,0.7264594534717692,0.14183632583804906
3,1,0.7482581462260955,0.14183632583804906
3,1,0.7482581462260955,0.14183632583804906
3,1,0.7264594534717692,0.14183632583804906
3,1,0.7264594534717692,0.08891447748161996
3,1,0.7264594534717692,0.14183632583804906
3,1,0.7046607607174424,0.08891447748161996
3,1,0.7264594534717692,0.08891447748161996
3,1,0.7264594534717692,0.08891447748161996
3,1,0.7046607607174424,0.08891447748161996
3,1,0.7046607607174424,0.03599262912519108
3,1,0.7046607607174424,0.08891447748161996
3,1,0.6828620679631161,0.03599262912519108
3,1,0.7046607607174424,0.03599262912519108
3,1,0.7046607607174424,0.03599262912519108
3,1,0.6828620679631161,0.03599262912519108
3,2,0.6828620679631157,0.9830707807687622
3,1,0.6828620679631161,0.03599262912519108
3,2,0.6610633752087893,0.9830707807687622
3,2,0.6828620679631157,0.9830707807687622
3,2,0.6828620679631157,0.9830707807687622
3,2,0.6610633752087893,0.9830707807687622
3,2,0.6610633752087893,0.9301489324123331
3,1,0.7700568389804223,0.24768002255090682
3,1,0.7482581462260955,0.24768002255090682
3,1,0.7482581462260955,0.19475817419447794
3,1,0.7482581462260955,0.24768002255090682
3,1,0.7264594534717692,0.19475817419447794
3,1,0.7482581462260955,0.19475817419447794
3,1,0.7482581462260955,0.19475817419447794
3,1,0.7264594534717692,0.19475817419447794
3,1,0.7264594534717692,0.14183632583804906
3,1,0.7264594534717692,0.19475817419447794
3,1,0.7046607607174424,0.14183632583804906
3,1,0.7264594534717692,0.14183632583804906
3,1,0.7264594534717692,0.14183632583804906
3,1,0.7046607607174424,0.14183632583804906
3,1,0.7046607607174424,0.08891447748161996
3,1,0.7046607607174424,0.14183632583804906
3,1,0.6828620679631161,0.08891447748161996
3,1,0.7046607607174424,0.08891447748161996
3,1,0.7046607607174424,0.08891447748161996
3,1,0.6828620679631161,0.08891447748161996
3,1,0.6828620679631161,0.03599262912519108
3,1,0.6828620679631161,0.08891447748161996
3,1,0.6610633752087893,0.03599262912519108
3,1,0.6828620679631161,0.03599262912519108
3,1,0.6828620679631161,0.03599262912519108
3,1,0.6610633752087893,0.03599262912519108
3,2,0.6610633752087893,0.9830707807687622
3,1,0.7482581462260955,0.24768002255090682
3,1,0.7264594534717692,0.24768002255090682
3,1,0.7264594534717692,0.19475817419447794
3,1,0.7264594534717692,0.24768002255090682
3,1,0.7046607607174424,0.19475817419447794
3,1,0.7264594534717692,0.19475817419447794
3,1,0.7264594534717692,0.19475817419447794
3,1,0.7046607607174424,0.19475817419447794
3,1,0.7046607607174424,0.14183632583804906
3,1,0.7046607607174424,0.19475817419447794
3,1,0.6828620679631161,0.14183632583804906
3,1,0.7046607607174424,0.14183632583804906
3,1,0.7046607607174424,0.14183632583804906
3,1,0.6828620679631161,0.14183632583804906
3,1,0.6828620679631161,0.08891447748161996
3,1,0.6828620679631161,0.14183632583804906
3,1,0.6610633752087893,0.08891447748161996
3,1,0.6828620679631161,0.08891447748161996
3,1,0.6828620679631161,0.08891447748161996
3,1,0.6610633752087893,0.08891447748161996
3,1,0.6610633752087893,0.03599262912519108
3,1,0.7264594534717692,0.24768002255090682
3,1,0.7046607607174424,0.24768002255090682
3,1,0.7046607607174424,0.19475817419447794
3,1,0.7046607607174424,0.24768002255090682
3,1,0.6828620679631161,0.19475817419447794
3,1,0.7046607607174424,0.19475817419447794
3,1,0.7046607607174424,0.19475817419447794
3,1,0.6828620679631161,0.19475817419447794
3,1,0.6828620679631161,0.14183632583804906
3,1,0.6828620679631161,0.19475817419447794
3,1,0.6610633752087893,0.14183632583804906
3,1,0.6828620679631161,0.14183632583804906
3,1,0.6828620679631161,0.14183632583804906
3,1,0.6610633752087893,0.14183632583804906
3,1,0.6610633752087893,0.08891447748161996
3,1,0.7046607607174424,0.24768002255090682
3,1,0.6828620679631161,0.24768002255090682
3,1,0.6828620679631161,0.19475817419447794
3,1,0.6828620679631161,0.24768002255090682
3,1,0.6610633752087893,0.19475817419447794
3,1,0.6828620679631161,0.19475817419447794
3,1,0.6828620679631161,0.19475817419447794
3,1,0.6610633752087893,0.19475817419447794
3,1,0.6610633752087893,0.14183632583804906
3,1,0.6828620679631161,0.24768002255090682
3,1,0.6610633752087893,0.24768002255090682
3,1,0.6610633752087893,0.19475817419447794
3,2,0.6610633752087893,0.8772270840559044
3,2,0.6828620679631157,0.8772270840559044
3,2,0.6828620679631157,0.9301489324123331
3,2,0.6828620679631157,0.8772270840559044
3,2,0.7046607607174424,0.9301489324123331
3,2,0.6828620679631157,0.9301489324123331
3,2,0.6828620679631157,0.9301489324123331
3,2,0.7046607607174424,0.9301489324123331
3,2,0.7046607607174424,0.9830707807687622
3,2,0.7046607607174424,0.9301489324123331
3,2,0.7264594534717692,0.9830707807687622
3,2,0.7046607607174424,0.9830707807687622
3,2,0.7046607607174424,0.9830707807687622
3,2,0.7264594534717692,0.9830707807687622
3,1,0.7264594534717692,0.03599262912519108
3,2,0.7264594534717692,0.9830707807687622
3,1,0.7482581462260955,0.03599262912519108
3,1,0.7264594534717692,0.03599262912519108
3,1,0.7264594534717692,0.03599262912519108
3,1,0.7482581462260955,0.03599262912519108
3,1,0.7482581462260955,0.08891447748161996
3,1,0.7482581462260955,0.03599262912519108
3,1,0.7700568389804223,0.08891447748161996
3,1,0.7482581462260955,0.08891447748161996
3,1,0.7482581462260955,0.08891447748161996
3,1,0.7700568389804223,0.08891447748161996
3,1,0.7700568389804223,0.14183632583804906
3,1,0.7700568389804223,0.08891447748161996
3,1,0.7918555317347487,0.14183632583804906
3,1,0.7700568389804223,0.14183632583804906
3,1,0.7700568389804223,0.14183632583804906
3,1,0.7918555317347487,0.14183632583804906
3,1,0.7918555317347487,0.19475817419447794
3,1,0.7918555317347487,0.14183632583804906
3,1,0.8136542244890754,0.19475817419447794
3,1,0.7918555317347487,0.19475817419447794
3,1,0.7918555317347487,0.19475817419447794
3,1,0.8136542244890754,0.19475817419447794
3,1,0.8136542244890754,0.24768002255090682
3,2,0.6828620679631157,0.8772270840559044
3,2,0.7046607607174424,0.877227084055904
3,2,0.7046607607174424,0.9301489324123331
3,2,0.7046607607174424,0.877227084055904
3,2,0.7264594534717692,0.9301489324123331
3,2,0.7046607607174424,0.9301489324123331
3,2,0.7046607607174424,0.9301489324123331
3,2,0.7264594534717692,0.9301489324123331
3,2,0.7264594534717692,0.9830707807687622
3,2,0.7264594534717692,0.9301489324123331
3,2,0.7482581462260955,0.9830707807687622
3,2,0.7264594534717692,0.9830707807687622
3,2,0.7264594534717692,0.9830707807687622
3,2,0.7482581462260955,0.9830707807687622
3,1,0.7482581462260955,0.03599262912519108
3,2,0.7482581462260955,0.9830707807687622
3,1,0.7700568389804223,0.03599262912519108
3,1,0.7482581462260955,0.03599262912519108
3,1,0.7482581462260955,0.03599262912519108
3,1,0.7700568389804223,0.03599262912519108
3,1,0.7700568389804223,0.08891447748161996
3,1,0.7700568389804223,0.03599262912519108
3,1,0.7918555317347487,0.08891447748161996
3,1,0.7700568389804223,0.08891447748161996
3,1,0.7700568389804223,0.08891447748161996
3,1,0.7918555317347487,0.08891447748161996
3,1,0.7918555317347487,0.14183632583804906
3,1,0.7918555317347487,0.08891447748161996
3,1,0.8136542244890754,0.14183632583804906
3,1,0.7918555317347487,0.14183632583804906
3,1,0.7918555317347487,0.14183632583804906
3,1,0.8136542244890754,0.14183632583804906
3,1,0.8136542244890754,0.19475817419447794
3,2,0.7046607607174424,0.877227084055904
3,2,0.7264594534717692,0.8772270840559044
3,2,0.7264594534717692,0.9301489324123331
3,2,0.7264594534717692,0.8772270840559044
3,2,0.7482581462260955,0.9301489324123331
3,2,0.7264594534717692,0.9301489324123331
3,2,0.7264594534717692,0.9301489324123331
3,2,0.7482581462260955,0.9301489324123331
3,2,0.7482581462260955,0.9830707807687622
3,2,0.7482581462260955,0.9301489324123331
3,2,0.7700568389804223,0.9830707807687622
3,2,0.7482581462260955,0.9830707807687622
3,2,0.7482581462260955,0.9830707807687622
3,2,0.7700568389804223,0.9830707807687622
3,1,0.7700568389804223,0.03599262912519108
3,2,0.7700568389804223,0.9830707807687622
3,1,0.7918555317347487,0.03599262912519108
3,1,0.7700568389804223,0.03599262912519108
3,1,0.7700568389804223,0.03599262912519108
3,1,0.7918555317347487,0.03599262912519108
3,1,0.7918555317347487,0.08891447748161996
3,1,0.7918555317347487,0.03599262912519108
3,1,0.8136542244890754,0.08891447748161996
3,1,0.7918555317347487,0.08891447748161996
3,1,0.7918555317347487,0.08891447748161996
3,1,0.8136542244890754,0.08891447748161996
3,1,0.8136542244890754,0.14183632583804906
3,2,0.7264594534717692,0.8772270840559044
3,2,0.7482581462260955,0.8772270840559044
3,2,0.7482581462260955,0.9301489324123331
3,2,0.7482581462260955,0.8772270840559044
3,2,0.7700568389804223,0.9301489324123331
3,2,0.7482581462260955,0.9301489324123331
3,2,0.7482581462260955,0.9301489324123331
3,2,0.7700568389804223,0.9301489324123331
3,2,0.7700568389804223,0.9830707807687622
3,2,0.7700568389804223,0.9301489324123331
3,2,0.7918555317347487,0.9830707807687622
3,2,0.7700568389804223,0.9830707807687622
3,2,0.7700568389804223,0.9830707807687622
3,2,0.7918555317347487,0.9830707807687622
3,1,0.7918555317347487,0.03599262912519108
3,2,0.7918555317347487,0.9830707807687622
3,1,0.8136542244890754,0.03599262912519108
3,1,0.7918555317347487,0.03599262912519108
3,1,0.7918555317347487,0.03599262912519108
3,1,0.8136542244890754,0.03599262912519108
3,1,0.8136542244890754,0.08891447748161996
3,2,0.7482581462260955,0.8772270840559044
3,2,0.7700568389804223,0.877227084055904
3,2,0.7700568389804223,0.9301489324123331
3,2,0.7700568389804223,0.877227084055904
3,2,0.7918555317347487,0.9301489324123331
3,2,0.7700568389804223,0.9301489324123331
3,2,0.7700568389804223,0.9301489324123331
3,2,0.7918555317347487,0.9301489324123331
3,2,0.7918555317347487,0.9830707807687622
3,2,0.7918555317347487,0.9301489324123331
3,2,0.8136542244890754,0.9830707807687622
3,2,0.7918555317347487,0.9830707807687622
3,2,0.7918555317347487,0.9830707807687622
3,2,0.8136542244890754,0.9830707807687622
3,1,0.8136542244890754,0.03599262912519108
3,2,0.7700568389804223,0.877227084055904
3,2,0.7918555317347487,0.8772270840559044
3,2,0.7918555317347487,0.9301489324123331
3,2,0.7918555317347487,0.8772270840559044
3,2,0.8136542244890754,0.9301489324123331
3,2,0.7918555317347487,0.9301489324123331
3,2,0.7918555317347487,0.9301489324123331
3,2,0.8136542244890754,0.9301489324123331
3,2,0.8136542244890754,0.9830707807687622
3,2,0.7918555317347487,0.8772270840559044
3,2,0.8136542244890754,0.8772270840559044
3,2,0.8136542244890754,0.9301489324123331
3,1,0.5086069672054023,0.24768002255090682
3,1,0.5086069672054023,0.19475817419447794
3,1,0.530386454063029,0.19475817419447794
3,1,0.5086069672054023,0.19475817419447794
3,1,0.530386454063029,0.14183632583804906
3,1,0.530386454063029,0.19475817419447794
3,1,0.530386454063029,0.19475817419447794
3,1,0.530386454063029,0.14183632583804906
3,1,0.5521659409206556,0.14183632583804906
3,1,0.530386454063029,0.14183632583804906
3,1,0.5521659409206556,0.08891447748161996
3,1,0.5521659409206556,0.14183632583804906
3,1,0.5521659409206556,0.14183632583804906
3,1,0.5521659409206556,0.08891447748161996
3,1,0.5739454277782823,0.08891447748161996
3,1,0.5521659409206556,0.08891447748161996
3,1,0.5739454277782823,0.03599262912519108
3,1,0.5739454277782823,0.08891447748161996
3,1,0.5739454277782823,0.08891447748161996
3,1,0.5739454277782823,0.03599262912519108
3,1,0.5957249146359094,0.03599262912519108
3,1,0.5739454277782823,0.03599262912519108
3,2,0.5957249146359094,0.9830707807687622
3,1,0.5957249146359094,0.03599262912519108
3,1,0.5957249146359094,0.03599262912519108
3,2,0.5957249146359094,0.9830707807687622
3,2,0.617504401493536,0.9830707807687622
3,2,0.5957249146359094,0.9830707807687622
3,2,0.617504401493536,0.9301489324123331
3,2,0.617504401493536,0.9830707807687622
3,2,0.617504401493536,0.9830707807687622
3,2,0.617504401493536,0.9301489324123331
3,2,0.6392838883511627,0.9301489324123331
3,2,0.617504401493536,0.9301489324123331
3,2,0.6392838883511627,0.8772270840559044
3,2,0.6392838883511627,0.9301489324123331
3,2,0.6392838883511627,0.9301489324123331
3,2,0.6392838883511627,0.8772270840559044
3,2,0.6610633752087893,0.8772270840559044
3,1,0.5086069672054023,0.19475817419447794
3,1,0.5086069672054023,0.14183632583804906
3,1,0.530386454063029,0.14183632583804906
3,1,0.5086069672054023,0.14183632583804906
3,1,0.530386454063029,0.08891447748161996
3,1,0.530386454063029,0.14183632583804906
3,1,0.530386454063029,0.14183632583804906
3,1,0.530386454063029,0.08891447748161996
3,1,0.5521659409206556,0.08891447748161996
3,1,0.530386454063029,0.08891447748161996
3,1,0.5521659409206556,0.03599262912519108
3,1,0.5521659409206556,0.08891447748161996
3,1,0.5521659409206556,0.08891447748161996
3,1,0.5521659409206556,0.03599262912519108
3,1,0.5739454277782823,0.03599262912519108
3,1,0.5521659409206556,0.03599262912519108
3,2,0.5739454277782823,0.9830707807687622
3,1,0.5739454277782823,0.03599262912519108
3,1,0.5739454277782823,0.03599262912519108
3,2,0.5739454277782823,0.9830707807687622
3,2,0.5957249146359094,0.9830707807687622
3,2,0.5739454277782823,0.9830707807687622
3,2,0.5957249146359094,0.9301489324123331
3,2,0.5957249146359094,0.9830707807687622
3,2,0.5957249146359094,0.9830707807687622
3,2,0.5957249146359094,0.9301489324123331
3,2,0.617504401493536,0.9301489324123331
3,2,0.5957249146359094,0.9301489324123331
3,2,0.617504401493536,0.877227084055904
3,2,0.617504401493536,0.9301489324123331
3,2,0.617504401493536,0.9301489324123331
3,2,0.617504401493536,0.877227084055904
3,2,0.6392838883511627,0.8772270840559044
3,1,0.5086069672054023,0.14183632583804906
3,1,0.5086069672054023,0.08891447748161996
3,1,0.530386454063029,0.08891447748161996
3,1,0.5086069672054023,0.08891447748161996
3,1,0.530386454063029,0.03599262912519108
3,1,0.530386454063029,0.08891447748161996
3,1,0.530386454063029,0.08891447748161996
3,1,0.530386454063029,0.03599262912519108
3,1,0.5521659409206556,0.03599262912519108
3,1,0.530386454063029,0.03599262912519108
3,2,0.5521659409206556,0.9830707807687622
3,1,0.5521659409206556,0.03599262912519108
3,1,0.5521659409206556,0.03599262912519108
3,2,0.5521659409206556,0.9830707807687622
3,2,0.5739454277782823,0.9830707807687622
3,2,0.5521659409206556,0.9830707807687622
3,2,0.5739454277782823,0.9301489324123331
3,2,0.5739454277782823,0.9830707807687622
3,2,0.5739454277782823,0.9830707807687622
3,2,0.5739454277782823,0.9301489324123331
3,2,0.5957249146359094,0.9301489324123331
3,2,0.5739454277782823,0.9301489324123331
3,2,0.5957249146359094,0.8772270840559044
3,2,0.5957249146359094,0.9301489324123331
3,2,0.5957249146359094,0.9301489324123331
3,2,0.5957249146359094,0.8772270840559044
3,2,0.617504401493536,0.877227084055904
3,1,0.5086069672054023,0.08891447748161996
3,1,0.5086069672054023,0.03599262912519108
3,1,0.530386454063029,0.03599262912519108
3,1,0.5086069672054023,0.03599262912519108
3,2,0.530386454063029,0.9830707807687622
3,1,0.530386454063029,0.03599262912519108
3,1,0.530386454063029,0.03599262912519108
3,2,0.530386454063029,0.9830707807687622
3,2,0.5521659409206556,0.9830707807687622
3,2,0.530386454063029,0.9830707807687622
3,2,0.5521659409206556,0.9301489324123331
3,2,0.5521659409206556,0.9830707807687622
3,2,0.5521659409206556,0.9830707807687622
3,2,0.5521659409206556,0.9301489324123331
3,2,0.5739454277782823,0.9301489324123331
3,2,0.5521659409206556,0.9301489324123331
3,2,0.5739454277782823,0.8772270840559044
3,2,0.5739454277782823,0.9301489324123331
3,2,0.5739454277782823,0.9301489324123331
3,2,0.5739454277782823,0.8772270840559044
3,2,0.5957249146359094,0.8772270840559044
3,1,0.5086069672054023,0.03599262912519108
3,2,0.5086069672054023,0.9830707807687622
3,2,0.530386454063029,0.9830707807687622
3,2,0.5086069672054023,0.9830707807687622
3,2,0.530386454063029,0.9301489324123331
3,2,0.530386454063029,0.9830707807687622
3,2,0.530386454063029,0.9830707807687622
3,2,0.530386454063029,0.9301489324123331
3,2,0.5521659409206556,0.9301489324123331
3,2,0.530386454063029,0.9301489324123331
3,2,0.5521659409206556,0.877227084055904
3,2,0.5521659409206556,0.9301489324123331
3,2,0.5521659409206556,0.9301489324123331
3,2,0.5521659409206556,0.877227084055904
3,2,0.5739454277782823,0.8772270840559044
3,2,0.5086069672054023,0.9830707807687622
3,2,0.5086069672054023,0.9301489324123331
3,2,0.530386454063029,0.9301489324123331
3,2,0.5086069672054023,0.9301489324123331
3,2,0.530386454063029,0.8772270840559044
3,2,0.530386454063029,0.9301489324123331
3,2,0.530386454063029,0.9301489324123331
3,2,0.530386454063029,0.8772270840559044
3,2,0.5521659409206556,0.877227084055904
3,2,0.5086069672054023,0.9301489324123331
3,2,0.5086069672054023,0.8772270840559044
3,2,0.530386454063029,0.8772270840559044
3,2,0.6610633752087893,0.8772270840559044
3,2,0.6610633752087893,0.9301489324123331
3,2,0.6392838883511627,0.9301489324123331
3,2,0.6610633752087893,0.9301489324123331
3,2,0.6392838883511627,0.9830707807687622
3,2,0.6392838883511627,0.9301489324123331
3,2,0.6392838883511627,0.9301489324123331
3,2,0.6392838883511627,0.9830707807687622
3,2,0.617504401493536,0.9830707807687622
3,2,0.6392838883511627,0.9830707807687622
3,1,0.617504401493536,0.03599262912519108
3,2,0.617504401493536,0.9830707807687622
3,2,0.617504401493536,0.9830707807687622
3,1,0.617504401493536,0.03599262912519108
3,1,0.5957249146359094,0.03599262912519108
3,1,0.617504401493536,0.03599262912519108
3,1,0.5957249146359094,0.08891447748161996
3,1,0.5957249146359094,0.03599262912519108
3,1,0.5957249146359094,0.03599262912519108
3,1,0.5957249146359094,0.08891447748161996
3,1,0.5739454277782823,0.08891447748161996
3,1,0.5957249146359094,0.08891447748161996
3,1,0.5739454277782823,0.14183632583804906
3,1,0.5739454277782823,0.08891447748161996
3,1,0.5739454277782823,0.08891447748161996
3,1,0.5739454277782823,0.14183632583804906
3,1,0.5521659409206556,0.14183632583804906
3,1,0.5739454277782823,0.14183632583804906
3,1,0.5521659409206556,0.19475817419447794
3,1,0.5521659409206556,0.14183632583804906
3,1,0.5521659409206556,0.14183632583804906
3,1,0.5521659409206556,0.19475817419447794
3,1,0.530386454063029,0.19475817419447794
3,1,0.5521659409206556,0.19475817419447794
3,1,0.530386454063029,0.24768002255090682
3,1,0.530386454063029,0.19475817419447794
3,1,0.530386454063029,0.19475817419447794
3,1,0.530386454063029,0.24768002255090682
3,1,0.5086069672054023,0.24768002255090682
3,2,0.6610633752087893,0.9301489324123331
3,2,0.6610633752087893,0.9830707807687622
3,2,0.6392838883511627,0.9830707807687622
3,2,0.6610633752087893,0.9830707807687622
3,1,0.6392838883511627,0.03599262912519108
3,2,0.6392838883511627,0.9830707807687622
3,2,0.6392838883511627,0.9830707807687622
3,1,0.6392838883511627,0.03599262912519108
3,1,0.617504401493536,0.03599262912519108
3,1,0.6392838883511627,0.03599262912519108
3,1,0.617504401493536,0.08891447748161996
3,1,0.617504401493536,0.03599262912519108
3,1,0.617504401493536,0.03599262912519108
3,1,0.617504401493536,0.08891447748161996
3,1,0.5957249146359094,0.08891447748161996
3,1,0.617504401493536,0.08891447748161996
3,1,0.5957249146359094,0.14183632583804906
3,1,0.5957249146359094,0.08891447748161996
3,1,0.5957249146359094,0.08891447748161996
3,1,0.5957249146359094,0.14183632583804906
3,1,0.5739454277782823,0.14183632583804906
3,1,0.5957249146359094,0.14183632583804906
3,1,0.5739454277782823,0.19475817419447794
3,1,0.5739454277782823,0.14183632583804906
3,1,0.5739454277782823,0.14183632583804906
3,1,0.5739454277782823,0.19475817419447794
3,1,0.5521659409206556,0.19475817419447794
3,1,0.5739454277782823,0.19475817419447794
3,1,0.5521659409206556,0.24768002255090682
3,1,0.5521659409206556,0.19475817419447794
3,1,0.5521659409206556,0.19475817419447794
3,1,0.5521659409206556,0.24768002255090682
3,1,0.530386454063029,0.24768002255090682
3,2,0.6610633752087893,0.9830707807687622
3,1,0.6610633752087893,0.03599262912519108
3,1,0.6392838883511627,0.03599262912519108
3,1,0.6610633752087893,0.03599262912519108
3,1,0.6392838883511627,0.08891447748161996
3,1,0.6392838883511627,0.03599262912519108
3,1,0.6392838883511627,0.03599262912519108
3,1,0.6392838883511627,0.08891447748161996
3,1,0.617504401493536,0.08891447748161996
3,1,0.6392838883511627,0.08891447748161996
3,1,0.617504401493536,0.14183632583804906
3,1,0.617504401493536,0.08891447748161996
3,1,0.617504401493536,0.08891447748161996
3,1,0.617504401493536,0.14183632583804906
3,1,0.5957249146359094,0.14183632583804906
3,1,0.617504401493536,0.14183632583804906
3,1,0.5957249146359094,0.19475817419447794
3,1,0.5957249146359094,0.14183632583804906
3,1,0.5957249146359094,0.14183632583804906
3,1,0.5957249146359094,0.19475817419447794
3,1,0.5739454277782823,0.19475817419447794
3,1,0.5957249146359094,0.19475817419447794
3,1,0.5739454277782823,0.24768002255090682
3,1,0.5739454277782823,0.19475817419447794
3,1,0.5739454277782823,0.19475817419447794
3,1,0.5739454277782823,0.24768002255090682
3,1,0.5521659409206556,0.24768002255090682
3,1,0.6610633752087893,0.03599262912519108
3,1,0.6610633752087893,0.08891447748161996
3,1,0.6392838883511627,0.08891447748161996
3,1,0.6610633752087893,0.08891447748161996
3,1,0.6392838883511627,0.14183632583804906
3,1,0.6392838883511627,0.08891447748161996
3,1,0.6392838883511627,0.08891447748161996
3,1,0.6392838883511627,0.14183632583804906
3,1,0.617504401493536,0.14183632583804906
3,1,0.6392838883511627,0.14183632583804906
3,1,0.617504401493536,0.19475817419447794
3,1,0.617504401493536,0.14183632583804906
3,1,0.617504401493536,0.14183632583804906
3,1,0.617504401493536,0.19475817419447794
3,1,0.5957249146359094,0.19475817419447794
3,1,0.617504401493536,0.19475817419447794
3,1,0.5957249146359094,0.24768002255090682
3,1,0.5957249146359094,0.19475817419447794
3,1,0.5957249146359094,0.19475817419447794
3,1,0.5957249146359094,0.24768002255090682
3,1,0.5739454277782823,0.24768002255090682
3,1,0.6610633752087893,0.08891447748161996
3,1,0.6610633752087893,0.14183632583804906
3,1,0.6392838883511627,0.14183632583804906
3,1,0.6610633752087893,0.14183632583804906
3,1,0.6392838883511627,0.19475817419447794
3,1,0.6392838883511627,0.14183632583804906
3,1,0.6392838883511627,0.14183632583804906
3,1,0.6392838883511627,0.19475817419447794
3,1,0.617504401493536,0.19475817419447794
3,1,0.6392838883511627,0.19475817419447794
3,1,0.617504401493536,0.24768002255090682
3,1,0.617504401493536,0.19475817419447794
3,1,0.617504401493536,0.19475817419447794
3,1,0.617504401493536,0.24768002255090682
3,1,0.5957249146359094,0.24768002255090682
3,1,0.6610633752087893,0.14183632583804906
3,1,0.6610633752087893,0.19475817419447794
3,1,0.6392838883511627,0.19475817419447794
3,1,0.6610633752087893,0.19475817419447794
3,1,0.6392838883511627,0.24768002255090682
3,1,0.6392838883511627,0.19475817419447794
3,1,0.6392838883511627,0.19475817419447794
3,1,0.6392838883511627,0.24768002255090682
3,1,0.617504401493536,0.24768002255090682
3,1,0.6610633752087893,0.19475817419447794
3,1,0.6610633752087893,0.24768002255090682
3,1,0.6392838883511627,0.24768002255090682
3,3,0.43000000000000016,0.7999999999999998
3,3,0.2536637367885328,0.7148252483029807
3,3,0.2536637367885328,0.885174751697019
3,3,0.6063362632114675,0.7148252483029807
3,3,0.6063362632114675,0.885174751697019
3,3,0.1907905142110975,0.6434953620750896
3,3,0.2322375982063547,0.6434953620750896
3,3,0.2322375982063547,0.675020669069283
3,3,0.2322375982063547,0.6434953620750896
3,3,0.2736846822016119,0.675020669069283
3,3,0.2322375982063547,0.675020669069283
3,3,0.2322375982063547,0.675020669069283
3,3,0.2736846822016119,0.675020669069283
3,3,0.27368468220161235,0.7065459760634765
3,3,0.2736846822016119,0.675020669069283
3,3,0.31513176619686956,0.7065459760634765
3,3,0.27368468220161235,0.7065459760634765
3,3,0.27368468220161235,0.7065459760634765
3,3,0.31513176619686956,0.7065459760634765
3,3,0.31513176619686956,0.7380712830576699
3,3,0.31513176619686956,0.7065459760634765
3,3,0.35657885019212676,0.7380712830576699
3,3,0.31513176619686956,0.7380712830576699
3,3,0.31513176619686956,0.7380712830576699
3,3,0.35657885019212676,0.7380712830576699
3,3,0.35657885019212676,0.7695965900518633
3,3,0.35657885019212676,0.7380712830576699
3,3,0.39802593418738397,0.7695965900518633
3,3,0.35657885019212676,0.7695965900518633
3,3,0.35657885019212676,0.7695965900518633
3,3,0.39802593418738397,0.7695965900518633
3,3,0.39802593418738397,0.8011218970460567
3,3,0.2322375982063547,0.6434953620750896
3,3,0.27368468220161235,0.6434953620750896
3,3,0.2736846822016119,0.675020669069283
3,3,0.27368468220161235,0.6434953620750896
3,3,0.31513176619686956,0.675020669069283
3,3,0.2736846822016119,0.675020669069283
3,3,0.2736846822016119,0.675020669069283
3,3,0.31513176619686956,0.675020669069283
3,3,0.31513176619686956,0.7065459760634765
3,3,0.31513176619686956,0.675020669069283
3,3,0.35657885019212676,0.7065459760634765
3,3,0.31513176619686956,0.7065459760634765
3,3,0.31513176619686956,0.7065459760634765
3,3,0.35657885019212676,0.7065459760634765
3,3,0.35657885019212676,0.7380712830576699
3,3,0.35657885019212676,0.7065459760634765
3,3,0.39802593418738397,0.7380712830576699
3,3,0.35657885019212676,0.7380712830576699
3,3,0.35657885019212676,0.7380712830576699
3,3,0.39802593418738397,0.7380712830576699
3,3,0.39802593418738397,0.7695965900518633
3,3,0.27368468220161235,0.6434953620750896
3,3,0.31513176619686956,0.6434953620750896
3,3,0.31513176619686956,0.675020669069283
3,3,0.31513176619686956,0.6434953620750896
3,3,0.35657885019212676,0.675020669069283
3,3,0.31513176619686956,0.675020669069283
3,3,0.31513176619686956,0.675020669069283
3,3,0.35657885019212676,0.675020669069283
3,3,0.35657885019212676,0.7065459760634765
3,3,0.35657885019212676,0.675020669069283
3,3,0.39802593418738397,0.7065459760634765
3,3,0.35657885019212676,0.7065459760634765
3,3,0.35657885019212676,0.7065459760634765
3,3,0.39802593418738397,0.7065459760634765
3,3,0.39802593418738397,0.7380712830576699
3,3,0.31513176619686956,0.6434953620750896
3,3,0.35657885019212676,0.6434953620750896
3,3,0.35657885019212676,0.675020669069283
3,3,0.35657885019212676,0.6434953620750896
3,3,0.39802593418738397,0.675020669069283
3,3,0.35657885019212676,0.675020669069283
3,3,0.35657885019212676,0.675020669069283
3,3,0.39802593418738397,0.675020669069283
3,3,0.39802593418738397,0.7065459760634765
3,3,0.35657885019212676,0.6434953620750896
3,3,0.39802593418738397,0.6434953620750896
3,3,0.39802593418738397,0.675020669069283
3,3,0.39802593418738397,0.8011218970460567
3,3,0.35657885019212676,0.8011218970460567
3,3,0.35657885019212676,0.7695965900518633
3,3,0.35657885019212676,0.8011218970460567
3,3,0.31513176619686956,0.7695965900518633
3,3,0.35657885019212676,0.7695965900518633
3,3,0.35657885019212676,0.7695965900518633
3,3,0.31513176619686956,0.7695965900518633
3,3,0.31513176619686956,0.7380712830576699
3,3,0.31513176619686956,0.7695965900518633
3,3,0.2736846822016119,0.7380712830576699
3,3,0.31513176619686956,0.7380712830576699
3,3,0.31513176619686956,0.7380712830576699
3,3,0.2736846822016119,0.7380712830576699
3,3,0.27368468220161235,0.7065459760634765
3,3,0.2736846822016119,0.7380712830576699
3,3,0.2322375982063547,0.7065459760634765
3,3,0.27368468220161235,0.7065459760634765
3,3,0.27368468220161235,0.7065459760634765
3,3,0.2322375982063547,0.7065459760634765
3,3,0.2322375982063547,0.675020669069283
3,3,0.2322375982063547,0.7065459760634765
3,3,0.1907905142110975,0.675020669069283
3,3,0.2322375982063547,0.675020669069283
3,3,0.2322375982063547,0.675020669069283
3,3,0.1907905142110975,0.675020669069283
3,3,0.1907905142110975,0.6434953620750896
3,3,0.35657885019212676,0.8011218970460567
3,3,0.31513176619686956,0.8011218970460567
3,3,0.31513176619686956,0.7695965900518633
3,3,0.31513176619686956,0.8011218970460567
3,3,0.2736846822016119,0.7695965900518633
3,3,0.31513176619686956,0.7695965900518633
3,3,0.31513176619686956,0.7695965900518633
3,3,0.2736846822016119,0.7695965900518633
3,3,0.2736846822016119,0.7380712830576699
3,3,0.2736846822016119,0.7695965900518633
3,3,0.2322375982063547,0.7380712830576699
3,3,0.2736846822016119,0.7380712830576699
3,3,0.2736846822016119,0.7380712830576699
3,3,0.2322375982063547,0.7380712830576699
3,3,0.2322375982063547,0.7065459760634765
3,3,0.2322375982063547,0.7380712830576699
3,3,0.1907905142110975,0.7065459760634765
3,3,0.2322375982063547,0.7065459760634765
3,3,0.2322375982063547,0.7065459760634765
3,3,0.1907905142110975,0.7065459760634765
3,3,0.1907905142110975,0.675020669069283
3,3,0.31513176619686956,0.8011218970460567
3,3,0.27368468220161235,0.8011218970460567
3,3,0.2736846822016119,0.7695965900518633
3,3,0.27368468220161235,0.8011218970460567
3,3,0.2322375982063547,0.7695965900518633
3,3,0.2736846822016119,0.7695965900518633
3,3,0.2736846822016119,0.7695965900518633
3,3,0.2322375982063547,0.7695965900518633
3,3,0.2322375982063547,0.7380712830576699
3,3,0.2322375982063547,0.7695965900518633
3,3,0.1907905142110975,0.7380712830576699
3,3,0.2322375982063547,0.7380712830576699
3,3,0.2322375982063547,0.7380712830576699
3,3,0.1907905142110975,0.7380712830576699
3,3,0.1907905142110975,0.7065459760634765
3,3,0.27368468220161235,0.8011218970460567
3,3,0.2322375982063547,0.8011218970460567
3,3,0.2322375982063547,0.7695965900518633
3,3,0.2322375982063547,0.8011218970460567
3,3,0.1907905142110975,0.7695965900518633
3,3,0.2322375982063547,0.7695965900518633
3,3,0.2322375982063547,0.7695965900518633
3,3,0.1907905142110975,0.7695965900518633
3,3,0.1907905142110975,0.7380712830576699
3,3,0.2322375982063547,0.8011218970460567
3,3,0.1907905142110975,0.8011218970460567
3,3,0.1907905142110975,0.7695965900518633
3,3,0.39802593418738397,0.8011218970460567
3,3,0.39802593418738397,0.8327032988925529
3,3,0.35657885019212676,0.8327032988925529
3,3,0.39802593418738397,0.8327032988925529
3,3,0.35657885019212676,0.8642847007390491
3,3,0.35657885019212676,0.8327032988925529
3,3,0.35657885019212676,0.8327032988925529
3,3,0.35657885019212676,0.8642847007390491
3,3,0.31513176619686956,0.8642847007390491
3,3,0.35657885019212676,0.8642847007390491
3,3,0.31513176619686956,0.8958661025855452
3,3,0.31513176619686956,0.8642847007390491
3,3,0.31513176619686956,0.8642847007390491
3,3,0.31513176619686956,0.8958661025855452
3,3,0.27368468220161235,0.8958661025855452
3,3,0.31513176619686956,0.8958661025855452
3,3,0.27368468220161235,0.9274475044320414
3,3,0.27368468220161235,0.8958661025855452
3,3,0.27368468220161235,0.8958661025855452
3,3,0.27368468220161235,0.9274475044320414
3,3,0.2322375982063547,0.9274475044320414
3,3,0.27368468220161235,0.9274475044320414
3,3,0.2322375982063547,0.9590289062785375
3,3,0.2322375982063547,0.9274475044320414
3,3,0.2322375982063547,0.9274475044320414
3,3,0.2322375982063547,0.9590289062785375
3,3,0.1907905142110975,0.9590289062785375
3,3,0.39802593418738397,0.8327032988925529
3,3,0.39802593418738397,0.8642847007390491
3,3,0.35657885019212676,0.8642847007390491
3,3,0.39802593418738397,0.8642847007390491
3,3,0.35657885019212676,0.8958661025855452
3,3,0.35657885019212676,0.8642847007390491
3,3,0.35657885019212676,0.8642847007390491
3,3,0.35657885019212676,0.8958661025855452
3,3,0.31513176619686956,0.8958661025855452
3,3,0.35657885019212676,0.8958661025855452
3,3,0.31513176619686956,0.9274475044320414
3,3,0.31513176619686956,0.8958661025855452
3,3,0.31513176619686956,0.8958661025855452
3,3,0.31513176619686956,0.9274475044320414
3,3,0.27368468220161235,0.9274475044320414
3,3,0.31513176619686956,0.9274475044320414
3,3,0.27368468220161235,0.9590289062785375
3,3,0.27368468220161235,0.9274475044320414
3,3,0.27368468220161235,0.9274475044320414
3,3,0.27368468220161235,0.9590289062785375
3,3,0.2322375982063547,0.9590289062785375
3,3,0.39802593418738397,0.8642847007390491
3,3,0.39802593418738397,0.8958661025855452
3,3,0.35657885019212676,0.8958661025855452
3,3,0.39802593418738397,0.8958661025855452
3,3,0.35657885019212676,0.9274475044320414
3,3,0.35657885019212676,0.8958661025855452
3,3,0.35657885019212676,0.8958661025855452
3,3,0.35657885019212676,0.9274475044320414
3,3,0.31513176619686956,0.9274475044320414
3,3,0.35657885019212676,0.9274475044320414
3,3,0.31513176619686956,0.9590289062785375
3,3,0.31513176619686956,0.9274475044320414
3,3,0.31513176619686956,0.9274475044320414
3,3,0.31513176619686956,0.9590289062785375
3,3,0.27368468220161235,0.9590289062785375
3,3,0.39802593418738397,0.8958661025855452
3,3,0.39802593418738397,0.9274475044320414
3,3,0.35657885019212676,0.9274475044320414
3,3,0.39802593418738397,0.9274475044320414
3,3,0.35657885019212676,0.9590289062785375
3,3,0.35657885019212676,0.9274475044320414
3,3,0.35657885019212676,0.9274475044320414
3,3,0.35657885019212676,0.9590289062785375
3,3,0.31513176619686956,0.9590289062785375
3,3,0.39802593418738397,0.9274475044320414
3,3,0.39802593418738397,0.9590289062785375
3,3,0.35657885019212676,0.9590289062785375
3,3,0.1907905142110975,0.9590289062785375
3,3,0.1907905142110975,0.9274475044320414
3,3,0.2322375982063547,0.9274475044320414
3,3,0.1907905142110975,0.9274475044320414
3,3,0.2322375982063547,0.8958661025855452
3,3,0.2322375982063547,0.9274475044320414
3,3,0.2322375982063547,0.9274475044320414
3,3,0.2322375982063547,0.8958661025855452
3,3,0.27368468220161235,0.8958661025855452
3,3,0.2322375982063547,0.8958661025855452
3,3,0.2736846822016119,0.8642847007390491
3,3,0.27368468220161235,0.8958661025855452
3,3,0.27368468220161235,0.8958661025855452
3,3,0.2736846822016119,0.8642847007390491
3,3,0.31513176619686956,0.8642847007390491
3,3,0.2736846822016119,0.8642847007390491
3,3,0.31513176619686956,0.8327032988925529
3,3,0.31513176619686956,0.8642847007390491
3,3,0.31513176619686956,0.8642847007390491
3,3,0.31513176619686956,0.8327032988925529
3,3,0.35657885019212676,0.8327032988925529
3,3,0.31513176619686956,0.8327032988925529
3,3,0.35657885019212676,0.8011218970460567
3,3,0.35657885019212676,0.8327032988925529
3,3,0.35657885019212676,0.8327032988925529
3,3,0.35657885019212676,0.8011218970460567
3,3,0.39802593418738397,0.8011218970460567
3,3,0.1907905142110975,0.9274475044320414
3,3,0.1907905142110975,0.8958661025855452
3,3,0.2322375982063547,0.8958661025855452
3,3,0.1907905142110975,0.8958661025855452
3,3,0.2322375982063547,0.8642847007390491
3,3,0.2322375982063547,0.8958661025855452
3,3,0.2322375982063547,0.8958661025855452
3,3,0.2322375982063547,0.8642847007390491
3,3,0.2736846822016119,0.8642847007390491
3,3,0.2322375982063547,0.8642847007390491
3,3,0.27368468220161235,0.8327032988925529
3,3,0.2736846822016119,0.8642847007390491
3,3,0.2736846822016119,0.8642847007390491
3,3,0.27368468220161235,0.8327032988925529
3,3,0.31513176619686956,0.8327032988925529
3,3,0.27368468220161235,0.8327032988925529
3,3,0.31513176619686956,0.8011218970460567
3,3,0.31513176619686956,0.8327032988925529
3,3,0.31513176619686956,0.8327032988925529
3,3,0.31513176619686956,0.8011218970460567
3,3,0.35657885019212676,0.8011218970460567
3,3,0.1907905142110975,0.8958661025855452
3,3,0.1907905142110975,0.8642847007390491
3,3,0.2322375982063547,0.8642847007390491
3,3,0.1907905142110975,0.8642847007390491
3,3,0.2322375982063547,0.8327032988925529
3,3,0.2322375982063547,0.8642847007390491
3,3,0.2322375982063547,0.8642847007390491
3,3,0.2322375982063547,0.8327032988925529
3,3,0.27368468220161235,0.8327032988925529
3,3,0.2322375982063547,0.8327032988925529
3,3,0.27368468220161235,0.8011218970460567
3,3,0.27368468220161235,0.8327032988925529
3,3,0.27368468220161235,0.8327032988925529
3,3,0.27368468220161235,0.8011218970460567
3,3,0.31513176619686956,0.8011218970460567
3,3,0.1907905142110975,0.8642847007390491
3,3,0.1907905142110975,0.8327032988925529
3,3,0.2322375982063547,0.8327032988925529
3,3,0.1907905142110975,0.8327032988925529
3,3,0.2322375982063547,0.8011218970460567
3,3,0.2322375982063547,0.8327032988925529
3,3,0.2322375982063547,0.8327032988925529
3,3,0.2322375982063547,0.8011218970460567
3,3,0.27368468220161235,0.8011218970460567
3,3,0.1907905142110975,0.8327032988925529
3,3,0.1907905142110975,0.8011218970460567
3,3,0.2322375982063547,0.8011218970460567
3,3,0.6052964134463599,0.6434953620750896
3,3,0.6052964134463599,0.675020669069283
3,3,0.563842317594565,0.675020669069283
3,3,0.6052964134463599,0.675020669069283
3,3,0.563842317594565,0.7065459760634765
3,3,0.563842317594565,0.675020669069283
3,3,0.563842317594565,0.675020669069283
3,3,0.563842317594565,0.7065459760634765
3,3,0.5223882217427698,0.7065459760634765
3,3,0.563842317594565,0.7065459760634765
3,3,0.5223882217427698,0.7380712830576699
3,3,0.5223882217427698,0.7065459760634765
3,3,0.5223882217427698,0.7065459760634765
3,3,0.5223882217427698,0.7380712830576699
3,3,0.4809341258909745,0.7380712830576699
3,3,0.5223882217427698,0.7380712830576699
3,3,0.4809341258909745,0.7695965900518633
3,3,0.4809341258909745,0.7380712830576699
3,3,0.4809341258909745,0.7380712830576699
3,3,0.4809341258909745,0.7695965900518633
3,3,0.43948003003917924,0.7695965900518633
3,3,0.4809341258909745,0.7695965900518633
3,3,0.43948003003917924,0.8011218970460567
3,3,0.43948003003917924,0.7695965900518633
3,3,0.43948003003917924,0.7695965900518633
3,3,0.43948003003917924,0.8011218970460567
3,3,0.39802593418738397,0.8011218970460567
3,3,0.6052964134463599,0.675020669069283
3,3,0.6052964134463599,0.7065459760634765
3,3,0.563842317594565,0.7065459760634765
3,3,0.6052964134463599,0.7065459760634765
3,3,0.563842317594565,0.7380712830576699
3,3,0.563842317594565,0.7065459760634765
3,3,0.563842317594565,0.7065459760634765
3,3,0.563842317594565,0.7380712830576699
3,3,0.5223882217427698,0.7380712830576699
3,3,0.563842317594565,0.7380712830576699
3,3,0.5223882217427698,0.7695965900518633
3,3,0.5223882217427698,0.7380712830576699
3,3,0.5223882217427698,0.7380712830576699
3,3,0.5223882217427698,0.7695965900518633
3,3,0.4809341258909745,0.7695965900518633
3,3,0.5223882217427698,0.7695965900518633
3,3,0.4809341258909745,0.8011218970460567
3,3,0.4809341258909745,0.7695965900518633
3,3,0.4809341258909745,0.7695965900518633
3,3,0.4809341258909745,0.8011218970460567
3,3,0.43948003003917924,0.8011218970460567
3,3,0.6052964134463599,0.7065459760634765
3,3,0.6052964134463599,0.7380712830576699
3,3,0.563842317594565,0.7380712830576699
3,3,0.6052964134463599,0.7380712830576699
3,3,0.563842317594565,0.7695965900518633
3,3,0.563842317594565,0.7380712830576699
3,3,0.563842317594565,0.7380712830576699
3,3,0.563842317594565,0.7695965900518633
3,3,0.5223882217427698,0.7695965900518633
3,3,0.563842317594565,0.7695965900518633
3,3,0.5223882217427698,0.8011218970460567
3,3,0.5223882217427698,0.7695965900518633
3,3,0.5223882217427698,0.7695965900518633
3,3,0.5223882217427698,0.8011218970460567
3,3,0.4809341258909745,0.8011218970460567
3,3,0.6052964134463599,0.7380712830576699
3,3,0.6052964134463599,0.7695965900518633
3,3,0.563842317594565,0.7695965900518633
3,3,0.6052964134463599,0.7695965900518633
3,3,0.563842317594565,0.8011218970460567
3,3,0.563842317594565,0.7695965900518633
3,3,0.563842317594565,0.7695965900518633
3,3,0.563842317594565,0.8011218970460567
3,3,0.5223882217427698,0.8011218970460567
3,3,0.6052964134463599,0.7695965900518633
3,3,0.6052964134463599,0.8011218970460567
3,3,0.563842317594565,0.8011218970460567
3,3,0.39802593418738397,0.8011218970460567
3,3,0.39802593418738397,0.7695965900518633
3,3,0.43948003003917924,0.7695965900518633
3,3,0.39802593418738397,0.7695965900518633
3,3,0.43948003003917924,0.7380712830576699
3,3,0.43948003003917924,0.7695965900518633
3,3,0.43948003003917924,0.7695965900518633
3,3,0.43948003003917924,0.7380712830576699
3,3,0.4809341258909745,0.7380712830576699
3,3,0.43948003003917924,0.7380712830576699
3,3,0.4809341258909745,0.7065459760634765
3,3,0.4809341258909745,0.7380712830576699
3,3,0.4809341258909745,0.7380712830576699
3,3,0.4809341258909745,0.7065459760634765
3,3,0.5223882217427698,0.7065459760634765
3,3,0.4809341258909745,0.7065459760634765
3,3,0.5223882217427698,0.675020669069283
3,3,0.5223882217427698,0.7065459760634765
3,3,0.5223882217427698,0.7065459760634765
3,3,0.5223882217427698,0.675020669069283
3,3,0.563842317594565,0.675020669069283
3,3,0.5223882217427698,0.675020669069283
3,3,0.563842317594565,0.6434953620750896
3,3,0.563842317594565,0.675020669069283
3,3,0.563842317594565,0.675020669069283
3,3,0.563842317594565,0.6434953620750896
3,3,0.6052964134463599,0.6434953620750896
3,3,0.39802593418738397,0.7695965900518633
3,3,0.39802593418738397,0.7380712830576699
3,3,0.43948003003917924,0.7380712830576699
3,3,0.39802593418738397,0.7380712830576699
3,3,0.43948003003917924,0.7065459760634765
3,3,0.43948003003917924,0.7380712830576699
3,3,0.43948003003917924,0.7380712830576699
3,3,0.43948003003917924,0.7065459760634765
3,3,0.4809341258909745,0.7065459760634765
3,3,0.43948003003917924,0.7065459760634765
3,3,0.4809341258909745,0.675020669069283
3,3,0.4809341258909745,0.7065459760634765
3,3,0.4809341258909745,0.7065459760634765
3,3,0.4809341258909745,0.675020669069283
3,3,0.5223882217427698,0.675020669069283
3,3,0.4809341258909745,0.675020669069283
3,3,0.5223882217427698,0.6434953620750896
3,3,0.5223882217427698,0.675020669069283
3,3,0.5223882217427698,0.675020669069283
3,3,0.5223882217427698,0.6434953620750896
3,3,0.563842317594565,0.6434953620750896
3,3,0.39802593418738397,0.7380712830576699
3,3,0.39802593418738397,0.7065459760634765
3,3,0.43948003003917924,0.7065459760634765
3,3,0.39802593418738397,0.7065459760634765
3,3,0.43948003003917924,0.675020669069283
3,3,0.43948003003917924,0.7065459760634765
3,3,0.43948003003917924,0.7065459760634765
3,3,0.43948003003917924,0.675020669069283
3,3,0.4809341258909745,0.675020669069283
3,3,0.43948003003917924,0.675020669069283
3,3,0.4809341258909745,0.6434953620750896
3,3,0.4809341258909745,0.675020669069283
3,3,0.4809341258909745,0.675020669069283
3,3,0.4809341258909745,0.6434953620750896
3,3,0.5223882217427698,0.6434953620750896
3,3,0.39802593418738397,0.7065459760634765
3,3,0.39802593418738397,0.675020669069283
3,3,0.43948003003917924,0.675020669069283
3,3,0.39802593418738397,0.675020669069283
3,3,0.43948003003917924,0.6434953620750896
3,3,0.43948003003917924,0.675020669069283
3,3,0.43948003003917924,0.675020669069283
3,3,0.43948003003917924,0.6434953620750896
3,3,0.4809341258909745,0.6434953620750896
3,3,0.39802593418738397,0.675020669069283
3,3,0.39802593418738397,0.6434953620750896
3,3,0.43948003003917924,0.6434953620750896
3,3,0.39802593418738397,0.8011218970460567
3,3,0.43948003003917924,0.8011218970460567
3,3,0.43948003003917924,0.8327032988925529
3,3,0.43948003003917924,0.8011218970460567
3,3,0.4809341258909745,0.8327032988925529
3,3,0.43948003003917924,0.8327032988925529
3,3,0.43948003003917924,0.8327032988925529
3,3,0.4809341258909745,0.8327032988925529
3,3,0.4809341258909745,0.8642847007390491
3,3,0.4809341258909745,0.8327032988925529
3,3,0.5223882217427698,0.8642847007390491
3,3,0.4809341258909745,0.8642847007390491
3,3,0.4809341258909745,0.8642847007390491
3,3,0.5223882217427698,0.8642847007390491
3,3,0.5223882217427698,0.8958661025855452
3,3,0.5223882217427698,0.8642847007390491
3,3,0.563842317594565,0.8958661025855452
3,3,0.5223882217427698,0.8958661025855452
3,3,0.5223882217427698,0.8958661025855452
3,3,0.563842317594565,0.8958661025855452
3,3,0.563842317594565,0.9274475044320414
3,3,0.563842317594565,0.8958661025855452
3,3,0.6052964134463599,0.9274475044320414
3,3,0.563842317594565,0.9274475044320414
3,3,0.563842317594565,0.9274475044320414
3,3,0.6052964134463599,0.9274475044320414
3,3,0.6052964134463599,0.9590289062785375
3,3,0.43948003003917924,0.8011218970460567
3,3,0.4809341258909745,0.8011218970460567
3,3,0.4809341258909745,0.8327032988925529
3,3,0.4809341258909745,0.8011218970460567
3,3,0.5223882217427698,0.8327032988925529
3,3,0.4809341258909745,0.8327032988925529
3,3,0.4809341258909745,0.8327032988925529
3,3,0.5223882217427698,0.8327032988925529
3,3,0.5223882217427698,0.8642847007390491
3,3,0.5223882217427698,0.8327032988925529
3,3,0.563842317594565,0.8642847007390491
3,3,0.5223882217427698,0.8642847007390491
3,3,0.5223882217427698,0.8642847007390491
3,3,0.563842317594565,0.8642847007390491
3,3,0.563842317594565,0.8958661025855452
3,3,0.563842317594565,0.8642847007390491
3,3,0.6052964134463599,0.8958661025855452
3,3,0.563842317594565,0.8958661025855452
3,3,0.563842317594565,0.8958661025855452
3,3,0.6052964134463599,0.8958661025855452
3,3,0.6052964134463599,0.9274475044320414
3,3,0.4809341258909745,0.8011218970460567
3,3,0.5223882217427698,0.8011218970460567
3,3,0.5223882217427698,0.8327032988925529
3,3,0.5223882217427698,0.8011218970460567
3,3,0.563842317594565,0.8327032988925529
3,3,0.5223882217427698,0.8327032988925529
3,3,0.5223882217427698,0.8327032988925529
3,3,0.563842317594565,0.8327032988925529
3,3,0.563842317594565,0.8642847007390491
3,3,0.563842317594565,0.8327032988925529
3,3,0.6052964134463599,0.8642847007390491
3,3,0.563842317594565,0.8642847007390491
3,3,0.563842317594565,0.8642847007390491
3,3,0.6052964134463599,0.8642847007390491
3,3,0.6052964134463599,0.8958661025855452
3,3,0.5223882217427698,0.8011218970460567
3,3,0.563842317594565,0.8011218970460567
3,3,0.563842317594565,0.8327032988925529
3,3,0.563842317594565,0.8011218970460567
3,3,0.6052964134463599,0.8327032988925529
3,3,0.563842317594565,0.8327032988925529
3,3,0.563842317594565,0.8327032988925529
3,3,0.6052964134463599,0.8327032988925529
3,3,0.6052964134463599,0.8642847007390491
3,3,0.563842317594565,0.8011218970460567
3,3,0.6052964134463599,0.8011218970460567
3,3,0.6052964134463599,0.8327032988925529
3,3,0.6052964134463599,0.9590289062785375
3,3,0.563842317594565,0.9590289062785375
3,3,0.563842317594565,0.9274475044320414
3,3,0.563842317594565,0.9590289062785375
3,3,0.5223882217427698,0.9274475044320414
3,3,0.563842317594565,0.9274475044320414
3,3,0.563842317594565,0.9274475044320414
3,3,0.5223882217427698,0.9274475044320414
3,3,0.5223882217427698,0.8958661025855452
3,3,0.5223882217427698,0.9274475044320414
3,3,0.4809341258909745,0.8958661025855452
3,3,0.5223882217427698,0.8958661025855452
3,3,0.5223882217427698,0.8958661025855452
3,3,0.4809341258909745,0.8958661025855452
3,3,0.4809341258909745,0.8642847007390491
3,3,0.4809341258909745,0.8958661025855452
3,3,0.43948003003917924,0.8642847007390491
3,3,0.4809341258909745,0.8642847007390491
3,3,0.4809341258909745,0.8642847007390491
3,3,0.43948003003917924,0.8642847007390491
3,3,0.43948003003917924,0.8327032988925529
3,3,0.43948003003917924,0.8642847007390491
3,3,0.39802593418738397,0.8327032988925529
3,3,0.43948003003917924,0.8327032988925529
3,3,0.43948003003917924,0.8327032988925529
3,3,0.39802593418738397,0.8327032988925529
3,3,0.39802593418738397,0.8011218970460567
3,3,0.563842317594565,0.9590289062785375
3,3,0.5223882217427698,0.9590289062785375
3,3,0.5223882217427698,0.9274475044320414
3,3,0.5223882217427698,0.9590289062785375
3,3,0.4809341258909745,0.9274475044320414
3,3,0.5223882217427698,0.9274475044320414
3,3,0.5223882217427698,0.9274475044320414
3,3,0.4809341258909745,0.9274475044320414
3,3,0.4809341258909745,0.8958661025855452
3,3,0.4809341258909745,0.9274475044320414
3,3,0.43948003003917924,0.8958661025855452
3,3,0.4809341258909745,0.8958661025855452
3,3,0.4809341258909745,0.8958661025855452
3,3,0.43948003003917924,0.8958661025855452
3,3,0.43948003003917924,0.8642847007390491
3,3,0.43948003003917924,0.8958661025855452
3,3,0.39802593418738397,0.8642847007390491
3,3,0.43948003003917924,0.8642847007390491
3,3,0.43948003003917924,0.8642847007390491
3,3,0.39802593418738397,0.8642847007390491
3,3,0.39802593418738397,0.8327032988925529
3,3,0.5223882217427698,0.9590289062785375
3,3,0.4809341258909745,0.9590289062785375
3,3,0.4809341258909745,0.9274475044320414
3,3,0.4809341258909745,0.9590289062785375
3,3,0.43948003003917924,0.9274475044320414
3,3,0.4809341258909745,0.9274475044320414
3,3,0.4809341258909745,0.9274475044320414
3,3,0.43948003003917924,0.9274475044320414
3,3,0.43948003003917924,0.8958661025855452
3,3,0.43948003003917924,0.9274475044320414
3,3,0.39802593418738397,0.8958661025855452
3,3,0.43948003003917924,0.8958661025855452
3,3,0.43948003003917924,0.8958661025855452
3,3,0.39802593418738397,0.8958661025855452
3,3,0.39802593418738397,0.8642847007390491
3,3,0.4809341258909745,0.9590289062785375
3,3,0.43948003003917924,0.9590289062785375
3,3,0.43948003003917924,0.9274475044320414
3,3,0.43948003003917924,0.9590289062785375
3,3,0.39802593418738397,0.9274475044320414
3,3,0.43948003003917924,0.9274475044320414
3,3,0.43948003003917924,0.9274475044320414
3,3,0.39802593418738397,0.9274475044320414
3,3,0.39802593418738397,0.8958661025855452
3,3,0.43948003003917924,0.9590289062785375
3,3,0.39802593418738397,0.9590289062785375
3,3,0.39802593418738397,0.9274475044320414
4,2,0.1299999999999999,0.5699999999999998
4,2,0.02434791455174068,0.4162499999999998
4,2,0.02434791455174068,0.7237499999999999
4,2,0.2356520854482591,0.4162499999999998
4,2,0.2356520854482591,0.7237499999999999
4,2,0.2801057962002611,0.56888258712506
4,2,0.2801057962002611,0.6064524911202618
4,2,0.24809812518253782,0.6064524911202618
4,2,0.2801057962002611,0.6064524911202618
4,2,0.24809812518253782,0.644022395115464
4,2,0.24809812518253782,0.6064524911202618
4,2,0.24809812518253782,0.6064524911202618
4,2,0.24809812518253782,0.644022395115464
4,2,0.21609045416481454,0.644022395115464
4,2,0.24809812518253782,0.644022395115464
4,2,0.21609045416481454,0.6815922991106658
4,2,0.21609045416481454,0.644022395115464
4,2,0.21609045416481454,0.644022395115464
4,2,0.21609045416481454,0.6815922991106658
4,2,0.18408278314709126,0.6815922991106658
4,2,0.21609045416481454,0.6815922991106658
4,2,0.18408278314709126,0.7191622031058675
4,2,0.18408278314709126,0.6815922991106658
4,2,0.18408278314709126,0.6815922991106658
4,2,0.18408278314709126,0.7191622031058675
4,2,0.15207511212936797,0.7191622031058675
4,2,0.18408278314709126,0.7191622031058675
4,2,0.15207511212936797,0.7567321071010698
4,2,0.15207511212936797,0.7191622031058675
4,2,0.15207511212936797,0.7191622031058675
4,2,0.15207511212936797,0.7567321071010698
4,2,0.12006744111164469,0.7567321071010698
4,2,0.2801057962002611,0.6064524911202618
4,2,0.2801057962002611,0.644022395115464
4,2,0.24809812518253782,0.644022395115464
4,2,0.2801057962002611,0.644022395115464
4,2,0.24809812518253782,0.6815922991106658
4,2,0.24809812518253782,0.644022395115464
4,2,0.24809812518253782,0.644022395115464
4,2,0.24809812518253782,0.6815922991106658
4,2,0.21609045416481454,0.6815922991106658
4,2,0.24809812518253782,0.6815922991106658
4,2,0.21609045416481454,0.7191622031058675
4,2,0.21609045416481454,0.6815922991106658
4,2,0.21609045416481454,0.6815922991106658
4,2,0.21609045416481454,0.7191622031058675
4,2,0.18408278314709126,0.7191622031058675
4,2,0.21609045416481454,0.7191622031058675
4,2,0.18408278314709126,0.7567321071010698
4,2,0.18408278314709126,0.7191622031058675
4,2,0.18408278314709126,0.7191622031058675
4,2,0.18408278314709126,0.7567321071010698
4,2,0.15207511212936797,0.7567321071010698
4,2,0.2801057962002611,0.644022395115464
4,2,0.2801057962002611,0.6815922991106658
4,2,0.24809812518253782,0.6815922991106658
4,2,0.2801057962002611,0.6815922991106658
4,2,0.24809812518253782,0.7191622031058675
4,2,0.24809812518253782,0.6815922991106658
4,2,0.24809812518253782,0.6815922991106658
4,2,0.24809812518253782,0.7191622031058675
4,2,0.21609045416481454,0.7191622031058675
4,2,0.24809812518253782,0.7191622031058675
4,2,0.21609045416481454,0.7567321071010698
4,2,0.21609045416481454,0.7191622031058675
4,2,0.21609045416481454,0.7191622031058675
4,2,0.21609045416481454,0.7567321071010698
4,2,0.18408278314709126,0.7567321071010698
4,2,0.2801057962002611,0.6815922991106658
4,2,0.2801057962002611,0.7191622031058675
4,2,0.24809812518253782,0.7191622031058675
4,2,0.2801057962002611,0.7191622031058675
4,2,0.24809812518253782,0.7567321071010698
4,2,0.24809812518253782,0.7191622031058675
4,2,0.24809812518253782,0.7191622031058675
4,2,0.24809812518253782,0.7567321071010698
4,2,0.21609045416481454,0.7567321071010698
4,2,0.2801057962002611,0.7191622031058675
4,2,0.2801057962002611,0.7567321071010698
4,2,0.24809812518253782,0.7567321071010698
4,2,0.12006744111164469,0.7567321071010698
4,2,0.12006744111164469,0.7191622031058675
4,2,0.15207511212936797,0.7191622031058675
4,2,0.12006744111164469,0.7191622031058675
4,2,0.15207511212936797,0.6815922991106658
4,2,0.15207511212936797,0.7191622031058675
4,2,0.15207511212936797,0.7191622031058675
4,2,0.15207511212936797,0.6815922991106658
4,2,0.18408278314709126,0.6815922991106658
4,2,0.15207511212936797,0.6815922991106658
4,2,0.18408278314709126,0.644022395115464
4,2,0.18408278314709126,0.6815922991106658
4,2,0.18408278314709126,0.6815922991106658
4,2,0.18408278314709126,0.644022395115464
4,2,0.21609045416481454,0.644022395115464
4,2,0.18408278314709126,0.644022395115464
4,2,0.21609045416481454,0.6064524911202618
4,2,0.21609045416481454,0.644022395115464
4,2,0.21609045416481454,0.644022395115464
4,2,0.21609045416481454,0.6064524911202618
4,2,0.24809812518253782,0.6064524911202618
4,2,0.21609045416481454,0.6064524911202618
4,2,0.24809812518253782,0.56888258712506
4,2,0.24809812518253782,0.6064524911202618
4,2,0.24809812518253782,0.6064524911202618
4,2,0.24809812518253782,0.56888258712506
4,2,0.2801057962002611,0.56888258712506
4,2,0.12006744111164469,0.7191622031058675
4,2,0.12006744111164469,0.6815922991106658
4,2,0.15207511212936797,0.6815922991106658
4,2,0.12006744111164469,0.6815922991106658
4,2,0.15207511212936797,0.644022395115464
4,2,0.15207511212936797,0.6815922991106658
4,2,0.15207511212936797,0.6815922991106658
4,2,0.15207511212936797,0.644022395115464
4,2,0.18408278314709126,0.644022395115464
4,2,0.15207511212936797,0.644022395115464
4,2,0.18408278314709126,0.6064524911202618
4,2,0.18408278314709126,0.644022395115464
4,2,0.18408278314709126,0.644022395115464
4,2,0.18408278314709126,0.6064524911202618
4,2,0.21609045416481454,0.6064524911202618
4,2,0.18408278314709126,0.6064524911202618
4,2,0.21609045416481454,0.56888258712506
4,2,0.21609045416481454,0.6064524911202618
4,2,0.21609045416481454,0.6064524911202618
4,2,0.21609045416481454,0.56888258712506
4,2,0.24809812518253782,0.56888258712506
4,2,0.12006744111164469,0.6815922991106658
4,2,0.12006744111164469,0.644022395115464
4,2,0.15207511212936797,0.644022395115464
4,2,0.12006744111164469,0.644022395115464
4,2,0.15207511212936797,0.6064524911202618
4,2,0.15207511212936797,0.644022395115464
4,2,0.15207511212936797,0.644022395115464
4,2,0.15207511212936797,0.6064524911202618
4,2,0.18408278314709126,0.6064524911202618
4,2,0.15207511212936797,0.6064524911202618
4,2,0.18408278314709126,0.56888258712506
4,2,0.18408278314709126,0.6064524911202618
4,2,0.18408278314709126,0.6064524911202618
4,2,0.18408278314709126,0.56888258712506
4,2,0.21609045416481454,0.56888258712506
4,2,0.12006744111164469,0.644022395115464
4,2,0.12006744111164469,0.6064524911202618
4,2,0.15207511212936797,0.6064524911202618
4,2,0.12006744111164469,0.6064524911202618
4,2,0.15207511212936797,0.56888258712506
4,2,0.15207511212936797,0.6064524911202618
4,2,0.15207511212936797,0.6064524911202618
4,2,0.15207511212936797,0.56888258712506
4,2,0.18408278314709126,0.56888258712506
4,2,0.12006744111164469,0.6064524911202618
4,2,0.12006744111164469,0.56888258712506
4,2,0.15207511212936797,0.56888258712506
4,2,0.12006744111164469,0.56888258712506
4,2,0.12006744111164469,0.6064524911202618
4,2,0.0880349386967012,0.6064524911202618
4,2,0.12006744111164469,0.6064524911202618
4,2,0.0880349386967012,0.644022395115464
4,2,0.0880349386967012,0.6064524911202618
4,2,0.0880349386967012,0.6064524911202618
4,2,0.0880349386967012,0.644022395115464
4,2,0.05600243628175683,0.644022395115464
4,2,0.0880349386967012,0.644022395115464
4,2,0.05600243628175683,0.6815922991106658
4,2,0.05600243628175683,0.644022395115464
4,2,0.05600243628175683,0.644022395115464
4,2,0.05600243628175683,0.6815922991106658
4,2,0.023969933866812454,0.6815922991106658
4,2,0.05600243628175683,0.6815922991106658
4,2,0.023969933866812454,0.7191622031058675
4,2,0.023969933866812454,0.6815922991106658
4,2,0.023969933866812454,0.6815922991106658
4,2,0.023969933866812454,0.7191622031058675
3,2,0.9919374314518685,0.7191622031058675
4,2,0.023969933866812454,0.7191622031058675
3,2,0.9919374314518685,0.7567321071010698
3,2,0.9919374314518685,0.7191622031058675
3,2,0.9919374314518685,0.7191622031058675
3,2,0.9919374314518685,0.7567321071010698
3,2,0.9599049290369241,0.7567321071010698
4,2,0.12006744111164469,0.6064524911202618
4,2,0.12006744111164469,0.644022395115464
4,2,0.0880349386967012,0.644022395115464
4,2,0.12006744111164469,0.644022395115464
4,2,0.0880349386967012,0.6815922991106658
4,2,0.0880349386967012,0.644022395115464
4,2,0.0880349386967012,0.644022395115464
4,2,0.0880349386967012,0.6815922991106658
4,2,0.05600243628175683,0.6815922991106658
4,2,0.0880349386967012,0.6815922991106658
4,2,0.05600243628175683,0.7191622031058675
4,2,0.05600243628175683,0.6815922991106658
4,2,0.05600243628175683,0.6815922991106658
4,2,0.05600243628175683,0.7191622031058675
4,2,0.023969933866812454,0.7191622031058675
4,2,0.05600243628175683,0.7191622031058675
4,2,0.023969933866812454,0.7567321071010698
4,2,0.023969933866812454,0.7191622031058675
4,2,0.023969933866812454,0.7191622031058675
4,2,0.023969933866812454,0.7567321071010698
3,2,0.9919374314518685,0.7567321071010698
4,2,0.12006744111164469,0.644022395115464
4,2,0.12006744111164469,0.6815922991106658
4,2,0.0880349386967012,0.6815922991106658
4,2,0.12006744111164469,0.6815922991106658
4,2,0.0880349386967012,0.7191622031058675
4,2,0.0880349386967012,0.6815922991106658
4,2,0.0880349386967012,0.6815922991106658
4,2,0.0880349386967012,0.7191622031058675
4,2,0.05600243628175683,0.7191622031058675
4,2,0.0880349386967012,0.7191622031058675
4,2,0.05600243628175683,0.7567321071010698
4,2,0.05600243628175683,0.7191622031058675
4,2,0.05600243628175683,0.7191622031058675
4,2,0.05600243628175683,0.7567321071010698
4,2,0.023969933866812454,0.7567321071010698
4,2,0.12006744111164469,0.6815922991106658
4,2,0.12006744111164469,0.7191622031058675
4,2,0.0880349386967012,0.7191622031058675
4,2,0.12006744111164469,0.7191622031058675
4,2,0.0880349386967012,0.7567321071010698
4,2,0.0880349386967012,0.7191622031058675
4,2,0.0880349386967012,0.7191622031058675
4,2,0.0880349386967012,0.7567321071010698
4,2,0.05600243628175683,0.7567321071010698
4,2,0.12006744111164469,0.7191622031058675
4,2,0.12006744111164469,0.7567321071010698
4,2,0.0880349386967012,0.7567321071010698
3,2,0.9599049290369241,0.7567321071010698
3,2,0.9599049290369241,0.7191622031058675
3,2,0.9919374314518685,0.7191622031058675
3,2,0.9599049290369241,0.7191622031058675
3,2,0.9919374314518685,0.6815922991106658
3,2,0.9919374314518685,0.7191622031058675
3,2,0.9919374314518685,0.7191622031058675
3,2,0.9919374314518685,0.6815922991106658
4,2,0.023969933866812454,0.6815922991106658
3,2,0.9919374314518685,0.6815922991106658
4,2,0.023969933866812454,0.644022395115464
4,2,0.023969933866812454,0.6815922991106658
4,2,0.023969933866812454,0.6815922991106658
4,2,0.023969933866812454,0.644022395115464
4,2,0.05600243628175683,0.644022395115464
4,2,0.023969933866812454,0.644022395115464
4,2,0.05600243628175683,0.6064524911202618
4,2,0.05600243628175683,0.644022395115464
4,2,0.05600243628175683,0.644022395115464
4,2,0.05600243628175683,0.6064524911202618
4,2,0.0880349386967012,0.6064524911202618
4,2,0.05600243628175683,0.6064524911202618
4,2,0.0880349386967012,0.56888258712506
4,2,0.0880349386967012,0.6064524911202618
4,2,0.0880349386967012,0.6064524911202618
4,2,0.0880349386967012,0.56888258712506
4,2,0.12006744111164469,0.56888258712506
3,2,0.9599049290369241,0.7191622031058675
3,2,0.9599049290369241,0.6815922991106658
3,2,0.9919374314518685,0.6815922991106658
3,2,0.9599049290369241,0.6815922991106658
3,2,0.9919374314518685,0.644022395115464
3,2,0.9919374314518685,0.6815922991106658
3,2,0.9919374314518685,0.6815922991106658
3,2,0.9919374314518685,0.644022395115464
4,2,0.023969933866812454,0.644022395115464
3,2,0.9919374314518685,0.644022395115464
4,2,0.023969933866812454,0.6064524911202618
4,2,0.023969933866812454,0.644022395115464
4,2,0.023969933866812454,0.644022395115464
4,2,0.023969933866812454,0.6064524911202618
4,2,0.05600243628175683,0.6064524911202618
4,2,0.023969933866812454,0.6064524911202618
4,2,0.05600243628175683,0.56888258712506
4,2,0.05600243628175683,0.6064524911202618
4,2,0.05600243628175683,0.6064524911202618
4,2,0.05600243628175683,0.56888258712506
4,2,0.0880349386967012,0.56888258712506
3,2,0.9599049290369241,0.6815922991106658
3,2,0.9599049290369241,0.644022395115464
3,2,0.9919374314518685,0.644022395115464
3,2,0.9599049290369241,0.644022395115464
3,2,0.9919374314518685,0.6064524911202618
3,2,0.9919374314518685,0.644022395115464
3,2,0.9919374314518685,0.644022395115464
3,2,0.9919374314518685,0.6064524911202618
4,2,0.023969933866812454,0.6064524911202618
3,2,0.9919374314518685,0.6064524911202618
4,2,0.023969933866812454,0.56888258712506
4,2,0.023969933866812454,0.6064524911202618
4,2,0.023969933866812454,0.6064524911202618
4,2,0.023969933866812454,0.56888258712506
4,2,0.05600243628175683,0.56888258712506
3,2,0.9599049290369241,0.644022395115464
3,2,0.9599049290369241,0.6064524911202618
3,2,0.9919374314518685,0.6064524911202618
3,2,0.9599049290369241,0.6064524911202618
3,2,0.9919374314518685,0.56888258712506
3,2,0.9919374314518685,0.6064524911202618
3,2,0.9919374314518685,0.6064524911202618
3,2,0.9919374314518685,0.56888258712506
4,2,0.023969933866812454,0.56888258712506
3,2,0.9599049290369241,0.6064524911202618
3,2,0.9599049290369241,0.56888258712506
3,2,0.9919374314518685,0.56888258712506
4,2,0.2801057962002611,0.56888258712506
4,2,0.24809812518253782,0.56888258712506
4,2,0.24809812518253782,0.5312878517326372
4,2,0.24809812518253782,0.56888258712506
4,2,0.21609045416481454,0.5312878517326372
4,2,0.24809812518253782,0.5312878517326372
4,2,0.24809812518253782,0.5312878517326372
4,2,0.21609045416481454,0.5312878517326372
4,2,0.21609045416481454,0.4936931163402143
4,2,0.21609045416481454,0.5312878517326372
4,2,0.18408278314709126,0.4936931163402143
4,2,0.21609045416481454,0.4936931163402143
4,2,0.21609045416481454,0.4936931163402143
4,2,0.18408278314709126,0.4936931163402143
4,2,0.18408278314709126,0.4560983809477914
4,2,0.18408278314709126,0.4936931163402143
4,2,0.15207511212936797,0.4560983809477914
4,2,0.18408278314709126,0.4560983809477914
4,2,0.18408278314709126,0.4560983809477914
4,2,0.15207511212936797,0.4560983809477914
4,2,0.15207511212936797,0.41850364555536856
4,2,0.15207511212936797,0.4560983809477914
4,2,0.12006744111164469,0.41850364555536856
4,2,0.15207511212936797,0.41850364555536856
4,2,0.15207511212936797,0.41850364555536856
4,2,0.12006744111164469,0.41850364555536856
4,2,0.12006744111164469,0.3809089101629457
4,2,0.24809812518253782,0.56888258712506
4,2,0.21609045416481454,0.56888258712506
4,2,0.21609045416481454,0.5312878517326372
4,2,0.21609045416481454,0.56888258712506
4,2,0.18408278314709126,0.5312878517326372
4,2,0.21609045416481454,0.5312878517326372
4,2,0.21609045416481454,0.5312878517326372
4,2,0.18408278314709126,0.5312878517326372
4,2,0.18408278314709126,0.4936931163402143
4,2,0.18408278314709126,0.5312878517326372
4,2,0.15207511212936797,0.4936931163402143
4,2,0.18408278314709126,0.4936931163402143
4,2,0.18408278314709126,0.4936931163402143
4,2,0.15207511212936797,0.4936931163402143
4,2,0.15207511212936797,0.4560983809477914
4,2,0.15207511212936797,0.4936931163402143
4,2,0.12006744111164469,0.4560983809477914
4,2,0.15207511212936797,0.4560983809477914
4,2,0.15207511212936797,0.4560983809477914
4,2,0.12006744111164469,0.4560983809477914
4,2,0.12006744111164469,0.41850364555536856
4,2,0.21609045416481454,0.56888258712506
4,2,0.18408278314709126,0.56888258712506
4,2,0.18408278314709126,0.5312878517326372
4,2,0.18408278314709126,0.56888258712506
4,2,0.15207511212936797,0.5312878517326372
4,2,0.18408278314709126,0.5312878517326372
4,2,0.18408278314709126,0.5312878517326372
4,2,0.15207511212936797,0.5312878517326372
4,2,0.15207511212936797,0.4936931163402143
4,2,0.15207511212936797,0.5312878517326372
4,2,0.12006744111164469,0.4936931163402143
4,2,0.15207511212936797,0.4936931163402143
4,2,0.15207511212936797,0.4936931163402143
4,2,0.12006744111164469,0.4936931163402143
4,2,0.12006744111164469,0.4560983809477914
4,2,0.18408278314709126,0.56888258712506
4,2,0.15207511212936797,0.56888258712506
4,2,0.15207511212936797,0.5312878517326372
4,2,0.15207511212936797,0.56888258712506
4,2,0.12006744111164469,0.5312878517326372
4,2,0.15207511212936797,0.5312878517326372
4,2,0.15207511212936797,0.5312878517326372
4,2,0.12006744111164469,0.5312878517326372
4,2,0.12006744111164469,0.4936931163402143
4,2,0.15207511212936797,0.56888258712506
4,2,0.12006744111164469,0.56888258712506
4,2,0.12006744111164469,0.5312878517326372
4,2,0.12006744111164469,0.3809089101629457
4,2,0.15207511212936797,0.3809089101629457
4,2,0.15207511212936797,0.41850364555536856
4,2,0.15207511212936797,0.3809089101629457
4,2,0.18408278314709126,0.41850364555536856
4,2,0.15207511212936797,0.41850364555536856
4,2,0.15207511212936797,0.41850364555536856
4,2,0.18408278314709126,0.41850364555536856
4,2,0.18408278314709126,0.4560983809477914
4,2,0.18408278314709126,0.41850364555536856
4,2,0.21609045416481454,0.4560983809477914
4,2,0.18408278314709126,0.4560983809477914
4,2,0.18408278314709126,0.4560983809477914
4,2,0.21609045416481454,0.4560983809477914
4,2,0.21609045416481454,0.4936931163402143
4,2,0.21609045416481454,0.4560983809477914
4,2,0.24809812518253782,0.4936931163402143
4,2,0.21609045416481454,0.4936931163402143
4,2,0.21609045416481454,0.4936931163402143
4,2,0.24809812518253782,0.4936931163402143
4,2,0.24809812518253782,0.5312878517326372
4,2,0.24809812518253782,0.4936931163402143
4,2,0.2801057962002611,0.5312878517326372
4,2,0.24809812518253782,0.5312878517326372
4,2,0.24809812518253782,0.5312878517326372
4,2,0.2801057962002611,0.5312878517326372
4,2,0.2801057962002611,0.56888258712506
4,2,0.15207511212936797,0.3809089101629457
4,2,0.18408278314709126,0.3809089101629457
4,2,0.18408278314709126,0.41850364555536856
4,2,0.18408278314709126,0.3809089101629457
4,2,0.21609045416481454,0.41850364555536856
4,2,0.18408278314709126,0.41850364555536856
4,2,0.18408278314709126,0.41850364555536856
4,2,0.21609045416481454,0.41850364555536856
4,2,0.21609045416481454,0.4560983809477914
4,2,0.21609045416481454,0.41850364555536856
4,2,0.24809812518253782,0.4560983809477914
4,2,0.21609045416481454,0.4560983809477914
4,2,0.21609045416481454,0.4560983809477914
4,2,0.24809812518253782,0.4560983809477914
4,2,0.24809812518253782,0.4936931163402143
4,2,0.24809812518253782,0.4560983809477914
4,2,0.2801057962002611,0.4936931163402143
4,2,0.24809812518253782,0.4936931163402143
4,2,0.24809812518253782,0.4936931163402143
4,2,0.2801057962002611,0.4936931163402143
4,2,0.2801057962002611,0.5312878517326372
4,2,0.18408278314709126,0.3809089101629457
4,2,0.21609045416481454,0.3809089101629457
4,2,0.21609045416481454,0.41850364555536856
4,2,0.21609045416481454,0.3809089101629457
4,2,0.24809812518253782,0.41850364555536856
4,2,0.21609045416481454,0.41850364555536856
4,2,0.21609045416481454,0.41850364555536856
4,2,0.24809812518253782,0.41850364555536856
4,2,0.24809812518253782,0.4560983809477914
4,2,0.24809812518253782,0.41850364555536856
4,2,0.2801057962002611,0.4560983809477914
4,2,0.24809812518253782,0.4560983809477914
4,2,0.24809812518253782,0.4560983809477914
4,2,0.2801057962002611,0.4560983809477914
4,2,0.2801057962002611,0.4936931163402143
4,2,0.21609045416481454,0.3809089101629457
4,2,0.24809812518253782,0.3809089101629457
4,2,0.24809812518253782,0.41850364555536856
4,2,0.24809812518253782,0.3809089101629457
4,2,0.2801057962002611,0.41850364555536856
4,2,0.24809812518253782,0.41850364555536856
4,2,0.24809812518253782,0.41850364555536856
4,2,0.2801057962002611,0.41850364555536856
4,2,0.2801057962002611,0.4560983809477914
4,2,0.24809812518253782,0.3809089101629457
4,2,0.2801057962002611,0.3809089101629457
4,2,0.2801057962002611,0.41850364555536856
4,2,0.12006744111164469,0.56888258712506
4,2,0.0880349386967012,0.56888258712506
4,2,0.0880349386967012,0.5312878517326372
4,2,0.0880349386967012,0.56888258712506
4,2,0.05600243628175683,0.5312878517326372
4,2,0.0880349386967012,0.5312878517326372
4,2,0.0880349386967012,0.5312878517326372
4,2,0.05600243628175683,0.5312878517326372
4,2,0.05600243628175683,0.4936931163402143
4,2,0.05600243628175683,0.5312878517326372
4,2,0.023969933866812454,0.4936931163402143
4,2,0.05600243628175683,0.4936931163402143
4,2,0.05600243628175683,0.4936931163402143
4,2,0.023969933866812454,0.4936931163402143
4,2,0.023969933866812454,0.4560983809477914
4,2,0.023969933866812454,0.4936931163402143
3,2,0.9919374314518685,0.4560983809477914
4,2,0.023969933866812454,0.4560983809477914
4,2,0.023969933866812454,0.4560983809477914
3,2,0.9919374314518685,0.4560983809477914
3,2,0.9919374314518685,0.41850364555536856
3,2,0.9919374314518685,0.4560983809477914
3,2,0.9599049290369241,0.41850364555536856
3,2,0.9919374314518685,0.41850364555536856
3,2,0.9919374314518685,0.41850364555536856
3,2,0.9599049290369241,0.41850364555536856
3,2,0.9599049290369241,0.3809089101629457
4,2,0.0880349386967012,0.56888258712506
4,2,0.05600243628175683,0.56888258712506
4,2,0.05600243628175683,0.5312878517326372
4,2,0.05600243628175683,0.56888258712506
4,2,0.023969933866812454,0.5312878517326372
4,2,0.05600243628175683,0.5312878517326372
4,2,0.05600243628175683,0.5312878517326372
4,2,0.023969933866812454,0.5312878517326372
4,2,0.023969933866812454,0.4936931163402143
4,2,0.023969933866812454,0.5312878517326372
3,2,0.9919374314518685,0.4936931163402143
4,2,0.023969933866812454,0.4936931163402143
4,2,0.023969933866812454,0.4936931163402143
3,2,0.9919374314518685,0.4936931163402143
3,2,0.9919374314518685,0.4560983809477914
3,2,0.9919374314518685,0.4936931163402143
3,2,0.9599049290369241,0.4560983809477914
3,2,0.9919374314518685,0.4560983809477914
3,2,0.9919374314518685,0.4560983809477914
3,2,0.9599049290369241,0.4560983809477914
3,2,0.9599049290369241,0.41850364555536856
4,2,0.05600243628175683,0.56888258712506
4,2,0.023969933866812454,0.56888258712506
4,2,0.023969933866812454,0.5312878517326372
4,2,0.023969933866812454,0.56888258712506
3,2,0.9919374314518685,0.5312878517326372
4,2,0.023969933866812454,0.5312878517326372
4,2,0.023969933866812454,0.5312878517326372
3,2,0.9919374314518685,0.5312878517326372
3,2,0.9919374314518685,0.4936931163402143
3,2,0.9919374314518685,0.5312878517326372
3,2,0.9599049290369241,0.4936931163402143
3,2,0.9919374314518685,0.4936931163402143
3,2,0.9919374314518685,0.4936931163402143
3,2,0.9599049290369241,0.4936931163402143
3,2,0.9599049290369241,0.4560983809477914
4,2,0.023969933866812454,0.56888258712506
3,2,0.9919374314518685,0.56888258712506
3,2,0.9919374314518685,0.5312878517326372
3,2,0.9919374314518685,0.56888258712506
3,2,0.9599049290369241,0.5312878517326372
3,2,0.9919374314518685,0.5312878517326372
3,2,0.9919374314518685,0.5312878517326372
3,2,0.9599049290369241,0.5312878517326372
3,2,0.9599049290369241,0.4936931163402143
3,2,0.9919374314518685,0.56888258712506
3,2,0.9599049290369241,0.56888258712506
3,2,0.9599049290369241,0.5312878517326372
3,2,0.9599049290369241,0.3809089101629457
3,2,0.9919374314518685,0.3809089101629457
3,2,0.9919374314518685,0.41850364555536856
3,2,0.9919374314518685,0.3809089101629457
4,2,0.023969933866812454,0.41850364555536856
3,2,0.9919374314518685,0.41850364555536856
3,2,0.9919374314518685,0.41850364555536856
4,2,0.023969933866812454,0.41850364555536856
4,2,0.023969933866812454,0.4560983809477914
4,2,0.023969933866812454,0.41850364555536856
4,2,0.05600243628175683,0.4560983809477914
4,2,0.023969933866812454,0.4560983809477914
4,2,0.023969933866812454,0.4560983809477914
4,2,0.05600243628175683,0.4560983809477914
4,2,0.05600243628175683,0.4936931163402143
4,2,0.05600243628175683,0.4560983809477914
4,2,0.0880349386967012,0.4936931163402143
4,2,0.05600243628175683,0.4936931163402143
4,2,0.05600243628175683,0.4936931163402143
4,2,0.0880349386967012,0.4936931163402143
4,2,0.0880349386967012,0.5312878517326372
4,2,0.0880349386967012,0.4936931163402143
4,2,0.12006744111164469,0.5312878517326372
4,2,0.0880349386967012,0.5312878517326372
4,2,0.0880349386967012,0.5312878517326372
4,2,0.12006744111164469,0.5312878517326372
4,2,0.12006744111164469,0.56888258712506
3,2,0.9919374314518685,0.3809089101629457
4,2,0.023969933866812454,0.3809089101629457
4,2,0.023969933866812454,0.41850364555536856
4,2,0.023969933866812454,0.3809089101629457
4,2,0.05600243628175683,0.41850364555536856
4,2,0.023969933866812454,0.41850364555536856
4,2,0.023969933866812454,0.41850364555536856
4,2,0.05600243628175683,0.41850364555536856
4,2,0.05600243628175683,0.4560983809477914
4,2,0.05600243628175683,0.41850364555536856
4,2,0.0880349386967012,0.4560983809477914
4,2,0.05600243628175683,0.4560983809477914
4,2,0.05600243628175683,0.4560983809477914
4,2,0.0880349386967012,0.4560983809477914
4,2,0.0880349386967012,0.4936931163402143
4,2,0.0880349386967012,0.4560983809477914
4,2,0.12006744111164469,0.4936931163402143
4,2,0.0880349386967012,0.4936931163402143
4,2,0.0880349386967012,0.4936931163402143
4,2,0.12006744111164469,0.4936931163402143
4,2,0.12006744111164469,0.5312878517326372
4,2,0.023969933866812454,0.3809089101629457
4,2,0.05600243628175683,0.3809089101629457
4,2,0.05600243628175683,0.41850364555536856
4,2,0.05600243628175683,0.3809089101629457
4,2,0.0880349386967012,0.41850364555536856
4,2,0.05600243628175683,0.41850364555536856
4,2,0.05600243628175683,0.41850364555536856
4,2,0.0880349386967012,0.41850364555536856
4,2,0.0880349386967012,0.4560983809477914
4,2,0.0880349386967012,0.41850364555536856
4,2,0.12006744111164469,0.4560983809477914
4,2,0.0880349386967012,0.4560983809477914
4,2,0.0880349386967012,0.4560983809477914
4,2,0.12006744111164469,0.4560983809477914
4,2,0.12006744111164469,0.4936931163402143
4,2,0.05600243628175683,0.3809089101629457
4,2,0.0880349386967012,0.3809089101629457
4,2,0.0880349386967012,0.41850364555536856
4,2,0.0880349386967012,0.3809089101629457
4,2,0.12006744111164469,0.41850364555536856
4,2,0.0880349386967012,0.41850364555536856
4,2,0.0880349386967012,0.41850364555536856
4,2,0.12006744111164469,0.41850364555536856
4,2,0.12006744111164469,0.4560983809477914
4,2,0.0880349386967012,0.3809089101629457
4,2,0.12006744111164469,0.3809089101629457
4,2,0.12006744111164469,0.41850364555536856
4,2,0.3018953472615902,0.5121428444753331
4,2,0.30303345296754713,0.5248068570579858
4,2,0.25139449316361073,0.5278280103865267
4,2,0.30303345296754713,0.5248068570579858
4,2,0.2525325988695686,0.540492022969179
4,2,0.25139449316361073,0.5278280103865267
4,2,0.25139449316361073,0.5278280103865267
4,2,0.2525325988695686,0.540492022969179
4,2,0.20089363906563218,0.5435131762977203
4,2,0.2525325988695686,0.540492022969179
4,2,0.20203174477158914,0.5561771888803726
4,2,0.20089363906563218,0.5435131762977203
4,2,0.20089363906563218,0.5435131762977203
4,2,0.20203174477158914,0.5561771888803726
4,2,0.15039278496765363,0.559198342208914
4,2,0.20203174477158914,0.5561771888803726
4,2,0.15153089067361059,0.5718623547915662
4,2,0.15039278496765363,0.559198342208914
4,2,0.15039278496765363,0.559198342208914
4,2,0.15153089067361059,0.5718623547915662
4,2,0.09989193086967418,0.5748835081201076
4,2,0.15153089067361059,0.5718623547915662
4,2,0.10103003657563203,0.5875475207027598
4,2,0.09989193086967418,0.5748835081201076
4,2,0.09989193086967418,0.5748835081201076
4,2,0.10103003657563203,0.5875475207027598
4,2,0.04939107677169563,0.5905686740313012
4,2,0.10103003657563203,0.5875475207027598
4,2,0.05052918247765259,0.6032326866139535
4,2,0.04939107677169563,0.5905686740313012
4,2,0.04939107677169563,0.5905686740313012
4,2,0.05052918247765259,0.6032326866139535
3,2,0.9988902226737166,0.6062538399424948
4,2,0.30303345296754713,0.5248068570579858
4,2,0.3041715586735041,0.5374708696406381
4,2,0.2525325988695686,0.540492022969179
4,2,0.3041715586735041,0.5374708696406381
4,2,0.25367070457552554,0.5531560355518317
4,2,0.2525325988695686,0.540492022969179
4,2,0.2525325988695686,0.540492022969179
4,2,0.25367070457552554,0.5531560355518317
4,2,0.20203174477158914,0.5561771888803726
4,2,0.25367070457552554,0.5531560355518317
4,2,0.203169850477547,0.5688412014630253
4,2,0.20203174477158914,0.5561771888803726
4,2,0.20203174477158914,0.5561771888803726
4,2,0.203169850477547,0.5688412014630253
4,2,0.15153089067361059,0.5718623547915662
4,2,0.203169850477547,0.5688412014630253
4,2,0.15266899637956755,0.5845263673742189
4,2,0.15153089067361059,0.5718623547915662
4,2,0.15153089067361059,0.5718623547915662
4,2,0.15266899637956755,0.5845263673742189
4,2,0.10103003657563203,0.5875475207027598
4,2,0.15266899637956755,0.5845263673742189
4,2,0.10216814228158899,0.6002115332854121
4,2,0.10103003657563203,0.5875475207027598
4,2,0.10103003657563203,0.5875475207027598
4,2,0.10216814228158899,0.6002115332854121
4,2,0.05052918247765259,0.6032326866139535
4,2,0.3041715586735041,0.5374708696406381
4,2,0.30530966437946194,0.5501348822232903
4,2,0.25367070457552554,0.5531560355518317
4,2,0.30530966437946194,0.5501348822232903
4,2,0.2548088102814825,0.5658200481344839
4,2,0.25367070457552554,0.5531560355518317
4,2,0.25367070457552554,0.5531560355518317
4,2,0.2548088102814825,0.5658200481344839
4,2,0.203169850477547,0.5688412014630253
4,2,0.2548088102814825,0.5658200481344839
4,2,0.20430795618350395,0.5815052140456776
4,2,0.203169850477547,0.5688412014630253
4,2,0.203169850477547,0.5688412014630253
4,2,0.20430795618350395,0.5815052140456776
4,2,0.15266899637956755,0.5845263673742189
4,2,0.20430795618350395,0.5815052140456776
4,2,0.1538071020855254,0.5971903799568712
4,2,0.15266899637956755,0.5845263673742189
4,2,0.15266899637956755,0.5845263673742189
4,2,0.1538071020855254,0.5971903799568712
4,2,0.10216814228158899,0.6002115332854121
4,2,0.30530966437946194,0.5501348822232903
4,2,0.3064477700854189,0.5627988948059426
4,2,0.2548088102814825,0.5658200481344839
4,2,0.3064477700854189,0.5627988948059426
4,2,0.25594691598744035,0.5784840607171362
4,2,0.2548088102814825,0.5658200481344839
4,2,0.2548088102814825,0.5658200481344839
4,2,0.25594691598744035,0.5784840607171362
4,2,0.20430795618350395,0.5815052140456776
4,2,0.25594691598744035,0.5784840607171362
4,2,0.2054460618894618,0.5941692266283298
4,2,0.20430795618350395,0.5815052140456776
4,2,0.20430795618350395,0.5815052140456776
4,2,0.2054460618894618,0.5941692266283298
4,2,0.1538071020855254,0.5971903799568712
4,2,0.3064477700854189,0.5627988948059426
4,2,0.30758587579137675,0.5754629073885948
4,2,0.25594691598744035,0.5784840607171362
4,2,0.30758587579137675,0.5754629073885948
4,2,0.2570850216933973,0.5911480732997885
4,2,0.25594691598744035,0.5784840607171362
4,2,0.25594691598744035,0.5784840607171362
4,2,0.2570850216933973,0.5911480732997885
4,2,0.2054460618894618,0.5941692266283298
4,2,0.30758587579137675,0.5754629073885948
4,2,0.3087239814973337,0.5881269199712471
4,2,0.2570850216933973,0.5911480732997885
3,2,0.9988902226737166,0.6062538399424948
3,2,0.9977728097987768,0.5936105201908597
4,2,0.04939107677169563,0.5905686740313012
3,2,0.9977728097987768,0.5936105201908597
4,2,0.04827366389675536,0.5779253542796661
4,2,0.04939107677169563,0.5905686740313012
4,2,0.04939107677169563,0.5905686740313012
4,2,0.04827366389675536,0.5779253542796661
4,2,0.09989193086967418,0.5748835081201076
4,2,0.04827366389675536,0.5779253542796661
4,2,0.0987745179947348,0.5622401883684729
4,2,0.09989193086967418,0.5748835081201076
4,2,0.09989193086967418,0.5748835081201076
4,2,0.0987745179947348,0.5622401883684729
4,2,0.15039278496765363,0.559198342208914
4,2,0.0987745179947348,0.5622401883684729
4,2,0.14927537209271335,0.5465550224572793
4,2,0.15039278496765363,0.559198342208914
4,2,0.15039278496765363,0.559198342208914
4,2,0.14927537209271335,0.5465550224572793
4,2,0.20089363906563218,0.5435131762977203
4,2,0.14927537209271335,0.5465550224572793
4,2,0.1997762261906919,0.5308698565460856
4,2,0.20089363906563218,0.5435131762977203
4,2,0.20089363906563218,0.5435131762977203
4,2,0.1997762261906919,0.5308698565460856
4,2,0.25139449316361073,0.5278280103865267
4,2,0.1997762261906919,0.5308698565460856
4,2,0.25027708028867135,0.515184690634892
4,2,0.25139449316361073,0.5278280103865267
4,2,0.25139449316361073,0.5278280103865267
4,2,0.25027708028867135,0.515184690634892
4,2,0.3018953472615902,0.5121428444753331
3,2,0.9977728097987768,0.5936105201908597
3,2,0.996655396923837,0.580967200439225
4,2,0.04827366389675536,0.5779253542796661
3,2,0.996655396923837,0.580967200439225
4,2,0.047156251021815976,0.5652820345280314
4,2,0.04827366389675536,0.5779253542796661
4,2,0.04827366389675536,0.5779253542796661
4,2,0.047156251021815976,0.5652820345280314
4,2,0.0987745179947348,0.5622401883684729
4,2,0.047156251021815976,0.5652820345280314
4,2,0.09765710511979453,0.5495968686168378
4,2,0.0987745179947348,0.5622401883684729
4,2,0.0987745179947348,0.5622401883684729
4,2,0.09765710511979453,0.5495968686168378
4,2,0.14927537209271335,0.5465550224572793
4,2,0.09765710511979453,0.5495968686168378
4,2,0.14815795921777308,0.5339117027056441
4,2,0.14927537209271335,0.5465550224572793
4,2,0.14927537209271335,0.5465550224572793
4,2,0.14815795921777308,0.5339117027056441
4,2,0.1997762261906919,0.5308698565460856
4,2,0.14815795921777308,0.5339117027056441
4,2,0.19865881331575252,0.5182265367944505
4,2,0.1997762261906919,0.5308698565460856
4,2,0.1997762261906919,0.5308698565460856
4,2,0.19865881331575252,0.5182265367944505
4,2,0.25027708028867135,0.515184690634892
3,2,0.996655396923837,0.580967200439225
3,2,0.9955379840488972,0.5683238806875899
4,2,0.047156251021815976,0.5652820345280314
3,2,0.9955379840488972,0.5683238806875899
4,2,0.046038838146875705,0.5526387147763963
4,2,0.047156251021815976,0.5652820345280314
4,2,0.047156251021815976,0.5652820345280314
4,2,0.046038838146875705,0.5526387147763963
4,2,0.09765710511979453,0.5495968686168378
4,2,0.046038838146875705,0.5526387147763963
4,2,0.09653969224485515,0.5369535488652026
4,2,0.09765710511979453,0.5495968686168378
4,2,0.09765710511979453,0.5495968686168378
4,2,0.09653969224485515,0.5369535488652026
4,2,0.14815795921777308,0.5339117027056441
4,2,0.09653969224485515,0.5369535488652026
4,2,0.1470405463428337,0.521268382954009
4,2,0.14815795921777308,0.5339117027056441
4,2,0.14815795921777308,0.5339117027056441
4,2,0.1470405463428337,0.521268382954009
4,2,0.19865881331575252,0.5182265367944505
3,2,0.9955379840488972,0.5683238806875899
3,2,0.9944205711739573,0.5556805609359552
4,2,0.046038838146875705,0.5526387147763963
3,2,0.9944205711739573,0.5556805609359552
4,2,0.04492142527193632,0.5399953950247616
4,2,0.046038838146875705,0.5526387147763963
4,2,0.046038838146875705,0.5526387147763963
4,2,0.04492142527193632,0.5399953950247616
4,2,0.09653969224485515,0.5369535488652026
4,2,0.04492142527193632,0.5399953950247616
4,2,0.09542227936991488,0.524310229113568
4,2,0.09653969224485515,0.5369535488652026
4,2,0.09653969224485515,0.5369535488652026
4,2,0.09542227936991488,0.524310229113568
4,2,0.1470405463428337,0.521268382954009
3,2,0.9944205711739573,0.5556805609359552
3,2,0.993303158299017,0.5430372411843201
4,2,0.04492142527193632,0.5399953950247616
3,2,0.993303158299017,0.5430372411843201
4,2,0.04380401239699605,0.5273520752731264
4,2,0.04492142527193632,0.5399953950247616
4,2,0.04492142527193632,0.5399953950247616
4,2,0.04380401239699605,0.5273520752731264
4,2,0.09542227936991488,0.524310229113568
3,2,0.993303158299017,0.5430372411843201
3,2,0.9921857454240772,0.5303939214326854
4,2,0.04380401239699605,0.5273520752731264
4,2,0.3018953472615902,0.5121428444753331
4,2,0.25027708028867135,0.515184690634892
4,2,0.24911828175169592,0.5025413708832569
4,2,0.25027708028867135,0.515184690634892
4,2,0.197500014778778,0.5055832170428158
4,2,0.24911828175169592,0.5025413708832569
4,2,0.24911828175169592,0.5025413708832569
4,2,0.197500014778778,0.5055832170428158
4,2,0.19634121624180256,0.4929398972911807
4,2,0.197500014778778,0.5055832170428158
4,2,0.14472294926888374,0.4959817434507392
4,2,0.19634121624180256,0.4929398972911807
4,2,0.19634121624180256,0.4929398972911807
4,2,0.14472294926888374,0.4959817434507392
4,2,0.1435641507319092,0.4833384236991045
4,2,0.14472294926888374,0.4959817434507392
4,2,0.09194588375899038,0.486380269858663
4,2,0.1435641507319092,0.4833384236991045
4,2,0.1435641507319092,0.4833384236991045
4,2,0.09194588375899038,0.486380269858663
4,2,0.09078708522201584,0.4737369501070283
4,2,0.09194588375899038,0.486380269858663
4,2,0.039168818249097015,0.4767787962665868
4,2,0.09078708522201584,0.4737369501070283
4,2,0.09078708522201584,0.4737369501070283
4,2,0.039168818249097015,0.4767787962665868
4,2,0.03801001971212248,0.4641354765149517
4,2,0.039168818249097015,0.4767787962665868
3,2,0.9863917527392037,0.4671773226745106
4,2,0.03801001971212248,0.4641354765149517
4,2,0.03801001971212248,0.4641354765149517
3,2,0.9863917527392037,0.4671773226745106
3,2,0.9852329542022291,0.4545340029228755
4,2,0.25027708028867135,0.515184690634892
4,2,0.19865881331575252,0.5182265367944505
4,2,0.197500014778778,0.5055832170428158
4,2,0.19865881331575252,0.5182265367944505
4,2,0.14588174780585916,0.5086250632023743
4,2,0.197500014778778,0.5055832170428158
4,2,0.197500014778778,0.5055832170428158
4,2,0.14588174780585916,0.5086250632023743
4,2,0.14472294926888374,0.4959817434507392
4,2,0.14588174780585916,0.5086250632023743
4,2,0.0931046822959658,0.49902358961029813
4,2,0.14472294926888374,0.4959817434507392
4,2,0.14472294926888374,0.4959817434507392
4,2,0.0931046822959658,0.49902358961029813
4,2,0.09194588375899038,0.486380269858663
4,2,0.0931046822959658,0.49902358961029813
4,2,0.04032761678607155,0.48942211601822194
4,2,0.09194588375899038,0.486380269858663
4,2,0.09194588375899038,0.486380269858663
4,2,0.04032761678607155,0.48942211601822194
4,2,0.039168818249097015,0.4767787962665868
4,2,0.04032761678607155,0.48942211601822194
3,2,0.9875505512761786,0.4798206424261453
4,2,0.039168818249097015,0.4767787962665868
4,2,0.039168818249097015,0.4767787962665868
3,2,0.9875505512761786,0.4798206424261453
3,2,0.9863917527392037,0.4671773226745106
4,2,0.19865881331575252,0.5182265367944505
4,2,0.1470405463428337,0.521268382954009
4,2,0.14588174780585916,0.5086250632023743
4,2,0.1470405463428337,0.521268382954009
4,2,0.09426348083294034,0.5116669093619328
4,2,0.14588174780585916,0.5086250632023743
4,2,0.14588174780585916,0.5086250632023743
4,2,0.09426348083294034,0.5116669093619328
4,2,0.0931046822959658,0.49902358961029813
4,2,0.09426348083294034,0.5116669093619328
4,2,0.04148641532304698,0.5020654357698566
4,2,0.0931046822959658,0.49902358961029813
4,2,0.0931046822959658,0.49902358961029813
4,2,0.04148641532304698,0.5020654357698566
4,2,0.04032761678607155,0.48942211601822194
4,2,0.04148641532304698,0.5020654357698566
3,2,0.9887093498131532,0.49246396217778043
4,2,0.04032761678607155,0.48942211601822194
4,2,0.04032761678607155,0.48942211601822194
3,2,0.9887093498131532,0.49246396217778043
3,2,0.9875505512761786,0.4798206424261453
4,2,0.1470405463428337,0.521268382954009
4,2,0.09542227936991488,0.524310229113568
4,2,0.09426348083294034,0.5116669093619328
4,2,0.09542227936991488,0.524310229113568
4,2,0.042645213860021514,0.5147087555214918
4,2,0.09426348083294034,0.5116669093619328
4,2,0.09426348083294034,0.5116669093619328
4,2,0.042645213860021514,0.5147087555214918
4,2,0.04148641532304698,0.5020654357698566
4,2,0.042645213860021514,0.5147087555214918
3,2,0.9898681483501282,0.5051072819294151
4,2,0.04148641532304698,0.5020654357698566
4,2,0.04148641532304698,0.5020654357698566
3,2,0.9898681483501282,0.5051072819294151
3,2,0.9887093498131532,0.49246396217778043
4,2,0.09542227936991488,0.524310229113568
4,2,0.04380401239699605,0.5273520752731264
4,2,0.042645213860021514,0.5147087555214918
4,2,0.04380401239699605,0.5273520752731264
3,2,0.9910269468871027,0.5177506016810502
4,2,0.042645213860021514,0.5147087555214918
4,2,0.042645213860021514,0.5147087555214918
3,2,0.9910269468871027,0.5177506016810502
3,2,0.9898681483501282,0.5051072819294151
4,2,0.04380401239699605,0.5273520752731264
3,2,0.9921857454240772,0.5303939214326854
3,2,0.9910269468871027,0.5177506016810502
3,2,0.9852329542022291,0.4545340029228755
4,2,0.03687191400616552,0.4514818103478082
4,2,0.03801001971212248,0.4641354765149517
4,2,0.03687191400616552,0.4514818103478082
4,2,0.08964897951605888,0.4610832839398844
4,2,0.03801001971212248,0.4641354765149517
4,2,0.03801001971212248,0.4641354765149517
4,2,0.08964897951605888,0.4610832839398844
4,2,0.09078708522201584,0.4737369501070283
4,2,0.08964897951605888,0.4610832839398844
4,2,0.14242604502595224,0.4706847575319606
4,2,0.09078708522201584,0.4737369501070283
4,2,0.09078708522201584,0.4737369501070283
4,2,0.14242604502595224,0.4706847575319606
4,2,0.1435641507319092,0.4833384236991045
4,2,0.14242604502595224,0.4706847575319606
4,2,0.1952031105358456,0.48028623112403723
4,2,0.1435641507319092,0.4833384236991045
4,2,0.1435641507319092,0.4833384236991045
4,2,0.1952031105358456,0.48028623112403723
4,2,0.19634121624180256,0.4929398972911807
4,2,0.1952031105358456,0.48028623112403723
4,2,0.24798017604573896,0.4898877047161134
4,2,0.19634121624180256,0.4929398972911807
4,2,0.19634121624180256,0.4929398972911807
4,2,0.24798017604573896,0.4898877047161134
4,2,0.24911828175169592,0.5025413708832569
4,2,0.24798017604573896,0.4898877047161134
4,2,0.3007572415556323,0.4994891783081896
4,2,0.24911828175169592,0.5025413708832569
4,2,0.24911828175169592,0.5025413708832569
4,2,0.3007572415556323,0.4994891783081896
4,2,0.3018953472615902,0.5121428444753331
4,2,0.03687191400616552,0.4514818103478082
4,2,0.08851087381010103,0.44842961777274093
4,2,0.08964897951605888,0.4610832839398844
4,2,0.08851087381010103,0.44842961777274093
4,2,0.1412879393199944,0.4580310913648171
4,2,0.08964897951605888,0.4610832839398844
4,2,0.08964897951605888,0.4610832839398844
4,2,0.1412879393199944,0.4580310913648171
4,2,0.14242604502595224,0.4706847575319606
4,2,0.1412879393199944,0.4580310913648171
4,2,0.19406500482988776,0.4676325649568933
4,2,0.14242604502595224,0.4706847575319606
4,2,0.14242604502595224,0.4706847575319606
4,2,0.19406500482988776,0.4676325649568933
4,2,0.1952031105358456,0.48028623112403723
4,2,0.19406500482988776,0.4676325649568933
4,2,0.246842070339782,0.4772340385489695
4,2,0.1952031105358456,0.48028623112403723
4,2,0.1952031105358456,0.48028623112403723
4,2,0.246842070339782,0.4772340385489695
4,2,0.24798017604573896,0.4898877047161134
4,2,0.246842070339782,0.4772340385489695
4,2,0.29961913584967537,0.48683551214104615
4,2,0.24798017604573896,0.4898877047161134
4,2,0.24798017604573896,0.4898877047161134
4,2,0.29961913584967537,0.48683551214104615
4,2,0.3007572415556323,0.4994891783081896
4,2,0.08851087381010103,0.44842961777274093
4,2,0.14014983361403743,0.44537742519767365
4,2,0.1412879393199944,0.4580310913648171
4,2,0.14014983361403743,0.44537742519767365
4,2,0.1929268991239308,0.45497889878974984
4,2,0.1412879393199944,0.4580310913648171
4,2,0.1412879393199944,0.4580310913648171
4,2,0.1929268991239308,0.45497889878974984
4,2,0.19406500482988776,0.4676325649568933
4,2,0.1929268991239308,0.45497889878974984
4,2,0.24570396463382416,0.46458037238182603
4,2,0.19406500482988776,0.4676325649568933
4,2,0.19406500482988776,0.4676325649568933
4,2,0.24570396463382416,0.46458037238182603
4,2,0.246842070339782,0.4772340385489695
4,2,0.24570396463382416,0.46458037238182603
4,2,0.2984810301437175,0.4741818459739022
4,2,0.246842070339782,0.4772340385489695
4,2,0.246842070339782,0.4772340385489695
4,2,0.2984810301437175,0.4741818459739022
4,2,0.29961913584967537,0.48683551214104615
4,2,0.14014983361403743,0.44537742519767365
4,2,0.19178879341797384,0.4423252326226059
4,2,0.1929268991239308,0.45497889878974984
4,2,0.19178879341797384,0.4423252326226059
4,2,0.2445658589278672,0.45192670621468256
4,2,0.1929268991239308,0.45497889878974984
4,2,0.1929268991239308,0.45497889878974984
4,2,0.2445658589278672,0.45192670621468256
4,2,0.24570396463382416,0.46458037238182603
4,2,0.2445658589278672,0.45192670621468256
4,2,0.29734292443776056,0.46152817980675875
4,2,0.24570396463382416,0.46458037238182603
4,2,0.24570396463382416,0.46458037238182603
4,2,0.29734292443776056,0.46152817980675875
4,2,0.2984810301437175,0.4741818459739022
4,2,0.19178879341797384,0.4423252326226059
4,2,0.24342775322190935,0.43927304004753864
4,2,0.2445658589278672,0.45192670621468256
4,2,0.24342775322190935,0.43927304004753864
4,2,0.2962048187318036,0.4488745136396153
4,2,0.2445658589278672,0.45192670621468256
4,2,0.2445658589278672,0.45192670621468256
4,2,0.2962048187318036,0.4488745136396153
4,2,0.29734292443776056,0.46152817980675875
4,2,0.24342775322190935,0.43927304004753864
4,2,0.29506671302584575,0.43622084747247136
4,2,0.2962048187318036,0.4488745136396153
4,2,0.1299999999999999,0.8500000000000001
3,2,0.9800597689135837,0.7523755772176339
3,2,0.9800597689135837,0.9476244227823662
4,2,0.2799402310864165,0.7523755772176339
4,2,0.2799402310864165,0.9476244227823662
4,2,0.07240753848093107,0.6839417359533515
4,2,0.08507788001512573,0.6827152298284083
4,2,0.08810681688020328,0.7383239510062647
4,2,0.08507788001512573,0.6827152298284083
4,2,0.10077715841439794,0.7370974448813219
4,2,0.08810681688020328,0.7383239510062647
4,2,0.08810681688020328,0.7383239510062647
4,2,0.10077715841439794,0.7370974448813219
4,2,0.10380609527947549,0.7927061660591783
4,2,0.10077715841439794,0.7370974448813219
4,2,0.11647643681367015,0.7914796599342351
4,2,0.10380609527947549,0.7927061660591783
4,2,0.10380609527947549,0.7927061660591783
4,2,0.11647643681367015,0.7914796599342351
4,2,0.1195053736787477,0.8470883811120915
4,2,0.11647643681367015,0.7914796599342351
4,2,0.13217571521294236,0.8458618749871483
4,2,0.1195053736787477,0.8470883811120915
4,2,0.1195053736787477,0.8470883811120915
4,2,0.13217571521294236,0.8458618749871483
4,2,0.13520465207801902,0.9014705961650051
4,2,0.13217571521294236,0.8458618749871483
4,2,0.14787499361221457,0.9002440900400619
4,2,0.13520465207801902,0.9014705961650051
4,2,0.13520465207801902,0.9014705961650051
4,2,0.14787499361221457,0.9002440900400619
4,2,0.15090393047729123,0.9558528112179183
4,2,0.14787499361221457,0.9002440900400619
4,2,0.16357427201148678,0.9546263050929751
4,2,0.15090393047729123,0.9558528112179183
4,2,0.15090393047729123,0.9558528112179183
4,2,0.16357427201148678,0.9546263050929751
4,1,0.16660320887656344,0.010235026270831726
4,2,0.08507788001512573,0.6827152298284083
4,2,0.09774822154932128,0.681488723703465
4,2,0.10077715841439794,0.7370974448813219
4,2,0.09774822154932128,0.681488723703465
4,2,0.11344749994859349,0.7358709387563787
4,2,0.10077715841439794,0.7370974448813219
4,2,0.10077715841439794,0.7370974448813219
4,2,0.11344749994859349,0.7358709387563787
4,2,0.11647643681367015,0.7914796599342351
4,2,0.11344749994859349,0.7358709387563787
4,2,0.1291467783478657,0.7902531538092918
4,2,0.11647643681367015,0.7914796599342351
4,2,0.11647643681367015,0.7914796599342351
4,2,0.1291467783478657,0.7902531538092918
4,2,0.13217571521294236,0.8458618749871483
4,2,0.1291467783478657,0.7902531538092918
4,2,0.1448460567471379,0.8446353688622055
4,2,0.13217571521294236,0.8458618749871483
4,2,0.13217571521294236,0.8458618749871483
4,2,0.1448460567471379,0.8446353688622055
4,2,0.14787499361221457,0.9002440900400619
4,2,0.1448460567471379,0.8446353688622055
4,2,0.16054533514641012,0.8990175839151187
4,2,0.14787499361221457,0.9002440900400619
4,2,0.14787499361221457,0.9002440900400619
4,2,0.16054533514641012,0.8990175839151187
4,2,0.16357427201148678,0.9546263050929751
4,2,0.09774822154932128,0.681488723703465
4,2,0.11041856308351683,0.6802622175785222
4,2,0.11344749994859349,0.7358709387563787
4,2,0.11041856308351683,0.6802622175785222
4,2,0.12611784148278815,0.7346444326314354
4,2,0.11344749994859349,0.7358709387563787
4,2,0.11344749994859349,0.7358709387563787
4,2,0.12611784148278815,0.7346444326314354
4,2,0.1291467783478657,0.7902531538092918
4,2,0.12611784148278815,0.7346444326314354
4,2,0.14181711988206036,0.789026647684349
4,2,0.1291467783478657,0.7902531538092918
4,2,0.1291467783478657,0.7902531538092918
4,2,0.14181711988206036,0.789026647684349
4,2,0.1448460567471379,0.8446353688622055
4,2,0.14181711988206036,0.789026647684349
4,2,0.15751639828133257,0.8434088627372622
4,2,0.1448460567471379,0.8446353688622055
4,2,0.1448460567471379,0.8446353688622055
4,2,0.15751639828133257,0.8434088627372622
4,2,0.16054533514641012,0.8990175839151187
4,2,0.11041856308351683,0.6802622175785222
4,2,0.12308890461771149,0.679035711453579
4,2,0.12611784148278815,0.7346444326314354
4,2,0.12308890461771149,0.679035711453579
4,2,0.1387881830169837,0.7334179265064922
4,2,0.12611784148278815,0.7346444326314354
4,2,0.12611784148278815,0.7346444326314354
4,2,0.1387881830169837,0.7334179265064922
4,2,0.14181711988206036,0.789026647684349
4,2,0.1387881830169837,0.7334179265064922
4,2,0.1544874614162559,0.7878001415594058
4,2,0.14181711988206036,0.789026647684349
4,2,0.14181711988206036,0.789026647684349
4,2,0.1544874614162559,0.7878001415594058
4,2,0.15751639828133257,0.8434088627372622
4,2,0.12308890461771149,0.679035711453579
4,2,0.13575924615190704,0.6778092053286358
4,2,0.1387881830169837,0.7334179265064922
4,2,0.13575924615190704,0.6778092053286358
4,2,0.15145852455117925,0.7321914203815494
4,2,0.1387881830169837,0.7334179265064922
4,2,0.1387881830169837,0.7334179265064922
4,2,0.15145852455117925,0.7321914203815494
4,2,0.1544874614162559,0.7878001415594058
4,2,0.13575924615190704,0.6778092053286358
4,2,0.1484295876861017,0.6765826992036925
4,2,0.15145852455117925,0.7321914203815494
4,1,0.16660320887656344,0.010235026270831726
4,1,0.15395419788367182,0.011472197666426487
4,2,0.15090393047729123,0.9558528112179183
4,1,0.15395419788367182,0.011472197666426487
4,2,0.1382549194843996,0.9570899826135131
4,2,0.15090393047729123,0.9558528112179183
4,2,0.15090393047729123,0.9558528112179183
4,2,0.1382549194843996,0.9570899826135131
4,2,0.13520465207801902,0.9014705961650051
4,2,0.1382549194843996,0.9570899826135131
4,2,0.1225556410851274,0.9027077675605999
4,2,0.13520465207801902,0.9014705961650051
4,2,0.13520465207801902,0.9014705961650051
4,2,0.1225556410851274,0.9027077675605999
4,2,0.1195053736787477,0.8470883811120915
4,2,0.1225556410851274,0.9027077675605999
4,2,0.10685636268585519,0.8483255525076863
4,2,0.1195053736787477,0.8470883811120915
4,2,0.1195053736787477,0.8470883811120915
4,2,0.10685636268585519,0.8483255525076863
4,2,0.10380609527947549,0.7927061660591783
4,2,0.10685636268585519,0.8483255525076863
4,2,0.09115708428658387,0.7939433374547731
4,2,0.10380609527947549,0.7927061660591783
4,2,0.10380609527947549,0.7927061660591783
4,2,0.09115708428658387,0.7939433374547731
4,2,0.08810681688020328,0.7383239510062647
4,2,0.09115708428658387,0.7939433374547731
4,2,0.07545780588731166,0.7395611224018594
4,2,0.08810681688020328,0.7383239510062647
4,2,0.08810681688020328,0.7383239510062647
4,2,0.07545780588731166,0.7395611224018594
4,2,0.07240753848093107,0.6839417359533515
4,1,0.15395419788367182,0.011472197666426487
4,1,0.1413051868907802,0.01270936906202147
4,2,0.1382549194843996,0.9570899826135131
4,1,0.1413051868907802,0.01270936906202147
4,2,0.125605908491508,0.9583271540091078
4,2,0.1382549194843996,0.9570899826135131
4,2,0.1382549194843996,0.9570899826135131
4,2,0.125605908491508,0.9583271540091078
4,2,0.1225556410851274,0.9027077675605999
4,2,0.125605908491508,0.9583271540091078
4,2,0.10990663009223578,0.9039449389561947
4,2,0.1225556410851274,0.9027077675605999
4,2,0.1225556410851274,0.9027077675605999
4,2,0.10990663009223578,0.9039449389561947
4,2,0.10685636268585519,0.8483255525076863
4,2,0.10990663009223578,0.9039449389561947
4,2,0.09420735169296357,0.849562723903281
4,2,0.10685636268585519,0.8483255525076863
4,2,0.10685636268585519,0.8483255525076863
4,2,0.09420735169296357,0.849562723903281
4,2,0.09115708428658387,0.7939433374547731
4,2,0.09420735169296357,0.849562723903281
4,2,0.07850807329369136,0.7951805088503678
4,2,0.09115708428658387,0.7939433374547731
4,2,0.09115708428658387,0.7939433374547731
4,2,0.07850807329369136,0.7951805088503678
4,2,0.07545780588731166,0.7395611224018594
4,1,0.1413051868907802,0.01270936906202147
4,1,0.12865617589788858,0.01394654045761623
4,2,0.125605908491508,0.9583271540091078
4,1,0.12865617589788858,0.01394654045761623
4,2,0.11295689749861637,0.9595643254047026
4,2,0.125605908491508,0.9583271540091078
4,2,0.125605908491508,0.9583271540091078
4,2,0.11295689749861637,0.9595643254047026
4,2,0.10990663009223578,0.9039449389561947
4,2,0.11295689749861637,0.9595643254047026
4,2,0.09725761909934416,0.9051821103517894
4,2,0.10990663009223578,0.9039449389561947
4,2,0.10990663009223578,0.9039449389561947
4,2,0.09725761909934416,0.9051821103517894
4,2,0.09420735169296357,0.849562723903281
4,2,0.09725761909934416,0.9051821103517894
4,2,0.08155834070007195,0.8507998952988762
4,2,0.09420735169296357,0.849562723903281
4,2,0.09420735169296357,0.849562723903281
4,2,0.08155834070007195,0.8507998952988762
4,2,0.07850807329369136,0.7951805088503678
4,1,0.12865617589788858,0.01394654045761623
4,1,0.11600716490499607,0.01518371185321099
4,2,0.11295689749861637,0.9595643254047026
4,1,0.11600716490499607,0.01518371185321099
4,2,0.10030788650572475,0.9608014968002978
4,2,0.11295689749861637,0.9595643254047026
4,2,0.11295689749861637,0.9595643254047026
4,2,0.10030788650572475,0.9608014968002978
4,2,0.09725761909934416,0.9051821103517894
4,2,0.10030788650572475,0.9608014968002978
4,2,0.08460860810645254,0.9064192817473842
4,2,0.09725761909934416,0.9051821103517894
4,2,0.09725761909934416,0.9051821103517894
4,2,0.08460860810645254,0.9064192817473842
4,2,0.08155834070007195,0.8507998952988762
4,1,0.11600716490499607,0.01518371185321099
4,1,0.10335815391210446,0.01642088324880575
4,2,0.10030788650572475,0.9608014968002978
4,1,0.10335815391210446,0.01642088324880575
4,2,0.08765887551283225,0.9620386681958926
4,2,0.10030788650572475,0.9608014968002978
4,2,0.10030788650572475,0.9608014968002978
4,2,0.08765887551283225,0.9620386681958926
4,2,0.08460860810645254,0.9064192817473842
4,1,0.10335815391210446,0.01642088324880575
4,1,0.09070914291921284,0.01765805464440051
4,2,0.08765887551283225,0.9620386681958926
4,2,0.07240753848093107,0.6839417359533515
4,2,0.07545780588731166,0.7395611224018594
4,2,0.06280879489441915,0.7407982937974547
4,2,0.07545780588731166,0.7395611224018594
4,2,0.06585906230079974,0.7964176802459626
4,2,0.06280879489441915,0.7407982937974547
4,2,0.06280879489441915,0.7407982937974547
4,2,0.06585906230079974,0.7964176802459626
4,2,0.053210051307908124,0.7976548516415574
4,2,0.06585906230079974,0.7964176802459626
4,2,0.056260318714288715,0.8532742380900658
4,2,0.053210051307908124,0.7976548516415574
4,2,0.053210051307908124,0.7976548516415574
4,2,0.056260318714288715,0.8532742380900658
4,2,0.04361130772139621,0.8545114094856605
4,2,0.056260318714288715,0.8532742380900658
4,2,0.0466615751277768,0.9101307959341685
4,2,0.04361130772139621,0.8545114094856605
4,2,0.04361130772139621,0.8545114094856605
4,2,0.0466615751277768,0.9101307959341685
4,2,0.03401256413488518,0.9113679673297637
4,2,0.0466615751277768,0.9101307959341685
4,2,0.03706283154126577,0.9669873537782716
4,2,0.03401256413488518,0.9113679673297637
4,2,0.03401256413488518,0.9113679673297637
4,2,0.03706283154126577,0.9669873537782716
4,2,0.024413820548373266,0.9682245251738664
4,2,0.03706283154126577,0.9669873537782716
4,1,0.027464087954753857,0.023843911622374758
4,2,0.024413820548373266,0.9682245251738664
4,2,0.024413820548373266,0.9682245251738664
4,1,0.027464087954753857,0.023843911622374758
4,1,0.014815076961862239,0.02508108301796952
4,2,0.07545780588731166,0.7395611224018594
4,2,0.07850807329369136,0.7951805088503678
4,2,0.06585906230079974,0.7964176802459626
4,2,0.07850807329369136,0.7951805088503678
4,2,0.06890932970718033,0.852037066694471
4,2,0.06585906230079974,0.7964176802459626
4,2,0.06585906230079974,0.7964176802459626
4,2,0.06890932970718033,0.852037066694471
4,2,0.056260318714288715,0.8532742380900658
4,2,0.06890932970718033,0.852037066694471
4,2,0.05931058612066842,0.9088936245385737
4,2,0.056260318714288715,0.8532742380900658
4,2,0.056260318714288715,0.8532742380900658
4,2,0.05931058612066842,0.9088936245385737
4,2,0.0466615751277768,0.9101307959341685
4,2,0.05931058612066842,0.9088936245385737
4,2,0.04971184253415739,0.9657501823826768
4,2,0.0466615751277768,0.9101307959341685
4,2,0.0466615751277768,0.9101307959341685
4,2,0.04971184253415739,0.9657501823826768
4,2,0.03706283154126577,0.9669873537782716
4,2,0.04971184253415739,0.9657501823826768
4,1,0.040113098947645476,0.022606740226779776
4,2,0.03706283154126577,0.9669873537782716
4,2,0.03706283154126577,0.9669873537782716
4,1,0.040113098947645476,0.022606740226779776
4,1,0.027464087954753857,0.023843911622374758
4,2,0.07850807329369136,0.7951805088503678
4,2,0.08155834070007195,0.8507998952988762
4,2,0.06890932970718033,0.852037066694471
4,2,0.08155834070007195,0.8507998952988762
4,2,0.07195959711356004,0.9076564531429789
4,2,0.06890932970718033,0.852037066694471
4,2,0.06890932970718033,0.852037066694471
4,2,0.07195959711356004,0.9076564531429789
4,2,0.05931058612066842,0.9088936245385737
4,2,0.07195959711356004,0.9076564531429789
4,2,0.06236085352704901,0.9645130109870821
4,2,0.05931058612066842,0.9088936245385737
4,2,0.05931058612066842,0.9088936245385737
4,2,0.06236085352704901,0.9645130109870821
4,2,0.04971184253415739,0.9657501823826768
4,2,0.06236085352704901,0.9645130109870821
4,1,0.052762109940537094,0.021369568831185015
4,2,0.04971184253415739,0.9657501823826768
4,2,0.04971184253415739,0.9657501823826768
4,1,0.052762109940537094,0.021369568831185015
4,1,0.040113098947645476,0.022606740226779776
4,2,0.08155834070007195,0.8507998952988762
4,2,0.08460860810645254,0.9064192817473842
4,2,0.07195959711356004,0.9076564531429789
4,2,0.08460860810645254,0.9064192817473842
4,2,0.07500986451994063,0.9632758395914873
4,2,0.07195959711356004,0.9076564531429789
4,2,0.07195959711356004,0.9076564531429789
4,2,0.07500986451994063,0.9632758395914873
4,2,0.06236085352704901,0.9645130109870821
4,2,0.07500986451994063,0.9632758395914873
4,1,0.0654111209334296,0.020132397435590255
4,2,0.06236085352704901,0.9645130109870821
4,2,0.06236085352704901,0.9645130109870821
4,1,0.0654111209334296,0.020132397435590255
4,1,0.052762109940537094,0.021369568831185015
4,2,0.08460860810645254,0.9064192817473842
4,2,0.08765887551283225,0.9620386681958926
4,2,0.07500986451994063,0.9632758395914873
4,2,0.08765887551283225,0.9620386681958926
4,1,0.07806013192632122,0.018895226039995494
4,2,0.07500986451994063,0.9632758395914873
4,2,0.07500986451994063,0.9632758395914873
4,1,0.07806013192632122,0.018895226039995494
4,1,0.0654111209334296,0.020132397435590255
4,2,0.08765887551283225,0.9620386681958926
4,1,0.09070914291921284,0.01765805464440051
4,1,0.07806013192632122,0.018895226039995494
4,1,0.014815076961862239,0.02508108301796952
4,2,0.011764809555481648,0.9694510312988096
4,2,0.024413820548373266,0.9682245251738664
4,2,0.011764809555481648,0.9694510312988096
4,2,0.021363553141993563,0.9125944734547065
4,2,0.024413820548373266,0.9682245251738664
4,2,0.024413820548373266,0.9682245251738664
4,2,0.021363553141993563,0.9125944734547065
4,2,0.03401256413488518,0.9113679673297637
4,2,0.021363553141993563,0.9125944734547065
4,2,0.03096229672850459,0.8557379156106037
4,2,0.03401256413488518,0.9113679673297637
4,2,0.03401256413488518,0.9113679673297637
4,2,0.03096229672850459,0.8557379156106037
4,2,0.04361130772139621,0.8545114094856605
4,2,0.03096229672850459,0.8557379156106037
4,2,0.040561040315016506,0.7988813577665006
4,2,0.04361130772139621,0.8545114094856605
4,2,0.04361130772139621,0.8545114094856605
4,2,0.040561040315016506,0.7988813577665006
4,2,0.053210051307908124,0.7976548516415574
4,2,0.040561040315016506,0.7988813577665006
4,2,0.05015978390152753,0.7420247999223974
4,2,0.053210051307908124,0.7976548516415574
4,2,0.053210051307908124,0.7976548516415574
4,2,0.05015978390152753,0.7420247999223974
4,2,0.06280879489441915,0.7407982937974547
4,2,0.05015978390152753,0.7420247999223974
4,2,0.05975852748803945,0.6851682420782947
4,2,0.06280879489441915,0.7407982937974547
4,2,0.06280879489441915,0.7407982937974547
4,2,0.05975852748803945,0.6851682420782947
4,2,0.07240753848093107,0.6839417359533515
4,2,0.011764809555481648,0.9694510312988096
4,2,0.008714542149101057,0.9138209795796497
4,2,0.021363553141993563,0.9125944734547065
4,2,0.008714542149101057,0.9138209795796497
4,2,0.018313285735612972,0.8569644217355465
4,2,0.021363553141993563,0.9125944734547065
4,2,0.021363553141993563,0.9125944734547065
4,2,0.018313285735612972,0.8569644217355465
4,2,0.03096229672850459,0.8557379156106037
4,2,0.018313285735612972,0.8569644217355465
4,2,0.027912029322124887,0.8001078638914438
4,2,0.03096229672850459,0.8557379156106037
4,2,0.03096229672850459,0.8557379156106037
4,2,0.027912029322124887,0.8001078638914438
4,2,0.040561040315016506,0.7988813577665006
4,2,0.027912029322124887,0.8001078638914438
4,2,0.037510772908635914,0.7432513060473407
4,2,0.040561040315016506,0.7988813577665006
4,2,0.040561040315016506,0.7988813577665006
4,2,0.037510772908635914,0.7432513060473407
4,2,0.05015978390152753,0.7420247999223974
4,2,0.037510772908635914,0.7432513060473407
4,2,0.04710951649514783,0.686394748203238
4,2,0.05015978390152753,0.7420247999223974
4,2,0.05015978390152753,0.7420247999223974
4,2,0.04710951649514783,0.686394748203238
4,2,0.05975852748803945,0.6851682420782947
4,2,0.008714542149101057,0.9138209795796497
4,2,0.0056642747427213536,0.8581909278604898
4,2,0.018313285735612972,0.8569644217355465
4,2,0.0056642747427213536,0.8581909278604898
4,2,0.01526301832923238,0.8013343700163871
4,2,0.018313285735612972,0.8569644217355465
4,2,0.018313285735612972,0.8569644217355465
4,2,0.01526301832923238,0.8013343700163871
4,2,0.027912029322124887,0.8001078638914438
4,2,0.01526301832923238,0.8013343700163871
4,2,0.024861761915744296,0.7444778121722839
4,2,0.027912029322124887,0.8001078638914438
4,2,0.027912029322124887,0.8001078638914438
4,2,0.024861761915744296,0.7444778121722839
4,2,0.037510772908635914,0.7432513060473407
4,2,0.024861761915744296,0.7444778121722839
4,2,0.03446050550225532,0.6876212543281808
4,2,0.037510772908635914,0.7432513060473407
4,2,0.037510772908635914,0.7432513060473407
4,2,0.03446050550225532,0.6876212543281808
4,2,0.04710951649514783,0.686394748203238
4,2,0.0056642747427213536,0.8581909278604898
4,2,0.0026140073363407623,0.8025608761413299
4,2,0.01526301832923238,0.8013343700163871
4,2,0.0026140073363407623,0.8025608761413299
4,2,0.012212750922852678,0.7457043182972272
4,2,0.01526301832923238,0.8013343700163871
4,2,0.01526301832923238,0.8013343700163871
4,2,0.012212750922852678,0.7457043182972272
4,2,0.024861761915744296,0.7444778121722839
4,2,0.012212750922852678,0.7457043182972272
4,2,0.021811494509363705,0.688847760453124
4,2,0.024861761915744296,0.7444778121722839
4,2,0.024861761915744296,0.7444778121722839
4,2,0.021811494509363705,0.688847760453124
4,2,0.03446050550225532,0.6876212543281808
4,2,0.0026140073363407623,0.8025608761413299
3,2,0.9995637399299606,0.74693082442217
4,2,0.012212750922852678,0.7457043182972272
3,2,0.9995637399299606,0.74693082442217
4,2,0.009162483516472086,0.6900742665780673
4,2,0.012212750922852678,0.7457043182972272
4,2,0.012212750922852678,0.7457043182972272
4,2,0.009162483516472086,0.6900742665780673
4,2,0.021811494509363705,0.688847760453124
3,2,0.9995637399299606,0.74693082442217
3,2,0.9965134725235805,0.6913007727030105
4,2,0.009162483516472086,0.6900742665780673
4,2,0.1234728543611725,0.7057628797066875
4,2,0.1610743325707329,0.7057628797066875
4,2,0.1610743325707329,0.73778428831129
4,2,0.1610743325707329,0.7057628797066875
4,2,0.19867581078029417,0.73778428831129
4,2,0.1610743325707329,0.73778428831129
4,2,0.1610743325707329,0.73778428831129
4,2,0.19867581078029417,0.73778428831129
4,2,0.19867581078029417,0.769805696915892
4,2,0.19867581078029417,0.73778428831129
4,2,0.23627728898985545,0.769805696915892
4,2,0.19867581078029417,0.769805696915892
4,2,0.19867581078029417,0.769805696915892
4,2,0.23627728898985545,0.769805696915892
4,2,0.23627728898985545,0.8018271055204944
4,2,0.23627728898985545,0.769805696915892
4,2,0.27387876719941584,0.8018271055204944
4,2,0.23627728898985545,0.8018271055204944
4,2,0.23627728898985545,0.8018271055204944
4,2,0.27387876719941584,0.8018271055204944
4,2,0.27387876719941584,0.8338485141250969
4,2,0.27387876719941584,0.8018271055204944
4,2,0.3114802454089771,0.8338485141250969
4,2,0.27387876719941584,0.8338485141250969
4,2,0.27387876719941584,0.8338485141250969
4,2,0.3114802454089771,0.8338485141250969
4,2,0.3114802454089771,0.8658699227296989
4,2,0.1610743325707329,0.7057628797066875
4,2,0.19867581078029417,0.7057628797066875
4,2,0.19867581078029417,0.73778428831129
4,2,0.19867581078029417,0.7057628797066875
4,2,0.23627728898985545,0.73778428831129
4,2,0.19867581078029417,0.73778428831129
4,2,0.19867581078029417,0.73778428831129
4,2,0.23627728898985545,0.73778428831129
4,2,0.23627728898985545,0.769805696915892
4,2,0.23627728898985545,0.73778428831129
4,2,0.27387876719941584,0.769805696915892
4,2,0.23627728898985545,0.769805696915892
4,2,0.23627728898985545,0.769805696915892
4,2,0.27387876719941584,0.769805696915892
4,2,0.27387876719941584,0.8018271055204944
4,2,0.27387876719941584,0.769805696915892
4,2,0.3114802454089771,0.8018271055204944
4,2,0.27387876719941584,0.8018271055204944
4,2,0.27387876719941584,0.8018271055204944
4,2,0.3114802454089771,0.8018271055204944
4,2,0.3114802454089771,0.8338485141250969
4,2,0.19867581078029417,0.7057628797066875
4,2,0.23627728898985545,0.7057628797066875
4,2,0.23627728898985545,0.73778428831129
4,2,0.23627728898985545,0.7057628797066875
4,2,0.27387876719941584,0.73778428831129
4,2,0.23627728898985545,0.73778428831129
4,2,0.23627728898985545,0.73778428831129
4,2,0.27387876719941584,0.73778428831129
4,2,0.27387876719941584,0.769805696915892
4,2,0.27387876719941584,0.73778428831129
4,2,0.3114802454089771,0.769805696915892
4,2,0.27387876719941584,0.769805696915892
4,2,0.27387876719941584,0.769805696915892
4,2,0.3114802454089771,0.769805696915892
4,2,0.3114802454089771,0.8018271055204944
4,2,0.23627728898985545,0.7057628797066875
4,2,0.27387876719941584,0.7057628797066875
4,2,0.27387876719941584,0.73778428831129
4,2,0.27387876719941584,0.7057628797066875
4,2,0.3114802454089771,0.73778428831129
4,2,0.27387876719941584,0.73778428831129
4,2,0.27387876719941584,0.73778428831129
4,2,0.3114802454089771,0.73778428831129
4,2,0.3114802454089771,0.769805696915892
4,2,0.27387876719941584,0.7057628797066875
4,2,0.3114802454089771,0.7057628797066875
4,2,0.3114802454089771,0.73778428831129
4,2,0.3114802454089771,0.8658699227296989
4,2,0.27387876719941584,0.8658699227296989
4,2,0.27387876719941584,0.8338485141250969
4,2,0.27387876719941584,0.8658699227296989
4,2,0.23627728898985456,0.8338485141250969
4,2,0.27387876719941584,0.8338485141250969
4,2,0.27387876719941584,0.8338485141250969
4,2,0.23627728898985456,0.8338485141250969
4,2,0.23627728898985545,0.8018271055204944
4,2,0.23627728898985456,0.8338485141250969
4,2,0.19867581078029417,0.8018271055204944
4,2,0.23627728898985545,0.8018271055204944
4,2,0.23627728898985545,0.8018271055204944
4,2,0.19867581078029417,0.8018271055204944
4,2,0.19867581078029417,0.769805696915892
4,2,0.19867581078029417,0.8018271055204944
4,2,0.1610743325707329,0.769805696915892
4,2,0.19867581078029417,0.769805696915892
4,2,0.19867581078029417,0.769805696915892
4,2,0.1610743325707329,0.769805696915892
4,2,0.1610743325707329,0.73778428831129
4,2,0.1610743325707329,0.769805696915892
4,2,0.1234728543611725,0.73778428831129
4,2,0.1610743325707329,0.73778428831129
4,2,0.1610743325707329,0.73778428831129
4,2,0.1234728543611725,0.73778428831129
4,2,0.1234728543611725,0.7057628797066875
4,2,0.27387876719941584,0.8658699227296989
4,2,0.23627728898985545,0.8658699227296989
4,2,0.23627728898985456,0.8338485141250969
4,2,0.23627728898985545,0.8658699227296989
4,2,0.19867581078029417,0.8338485141250969
4,2,0.23627728898985456,0.8338485141250969
4,2,0.23627728898985456,0.8338485141250969
4,2,0.19867581078029417,0.8338485141250969
4,2,0.19867581078029417,0.8018271055204944
4,2,0.19867581078029417,0.8338485141250969
4,2,0.1610743325707329,0.8018271055204944
4,2,0.19867581078029417,0.8018271055204944
4,2,0.19867581078029417,0.8018271055204944
4,2,0.1610743325707329,0.8018271055204944
4,2,0.1610743325707329,0.769805696915892
4,2,0.1610743325707329,0.8018271055204944
4,2,0.1234728543611725,0.769805696915892
4,2,0.1610743325707329,0.769805696915892
4,2,0.1610743325707329,0.769805696915892
4,2,0.1234728543611725,0.769805696915892
4,2,0.1234728543611725,0.73778428831129
4,2,0.23627728898985545,0.8658699227296989
4,2,0.19867581078029417,0.8658699227296989
4,2,0.19867581078029417,0.8338485141250969
4,2,0.19867581078029417,0.8658699227296989
4,2,0.1610743325707329,0.8338485141250969
4,2,0.19867581078029417,0.8338485141250969
4,2,0.19867581078029417,0.8338485141250969
4,2,0.1610743325707329,0.8338485141250969
4,2,0.1610743325707329,0.8018271055204944
4,2,0.1610743325707329,0.8338485141250969
4,2,0.1234728543611725,0.8018271055204944
4,2,0.1610743325707329,0.8018271055204944
4,2,0.1610743325707329,0.8018271055204944
4,2,0.1234728543611725,0.8018271055204944
4,2,0.1234728543611725,0.769805696915892
4,2,0.19867581078029417,0.8658699227296989
4,2,0.1610743325707329,0.8658699227296989
4,2,0.1610743325707329,0.8338485141250969
4,2,0.1610743325707329,0.8658699227296989
4,2,0.1234728543611725,0.8338485141250969
4,2,0.1610743325707329,0.8338485141250969
4,2,0.1610743325707329,0.8338485141250969
4,2,0.1234728543611725,0.8338485141250969
4,2,0.1234728543611725,0.8018271055204944
4,2,0.1610743325707329,0.8658699227296989
4,2,0.1234728543611725,0.8658699227296989
4,2,0.1234728543611725,0.8338485141250969
4,2,0.1234728543611725,0.8658699227296989
4,2,0.1610743325707329,0.8658699227296989
4,2,0.1610743325707329,0.8978657346847374
4,2,0.1610743325707329,0.8658699227296989
4,2,0.19867581078029417,0.8978657346847374
4,2,0.1610743325707329,0.8978657346847374
4,2,0.1610743325707329,0.8978657346847374
4,2,0.19867581078029417,0.8978657346847374
4,2,0.19867581078029417,0.9298615466397755
4,2,0.19867581078029417,0.8978657346847374
4,2,0.23627728898985545,0.9298615466397755
4,2,0.19867581078029417,0.9298615466397755
4,2,0.19867581078029417,0.9298615466397755
4,2,0.23627728898985545,0.9298615466397755
4,2,0.23627728898985545,0.961857358594814
4,2,0.23627728898985545,0.9298615466397755
4,2,0.27387876719941584,0.961857358594814
4,2,0.23627728898985545,0.961857358594814
4,2,0.23627728898985545,0.961857358594814
4,2,0.27387876719941584,0.961857358594814
4,2,0.27387876719941584,0.9938531705498521
4,2,0.27387876719941584,0.961857358594814
4,2,0.3114802454089771,0.9938531705498521
4,2,0.27387876719941584,0.9938531705498521
4,2,0.27387876719941584,0.9938531705498521
4,2,0.3114802454089771,0.9938531705498521
4,1,0.3114802454089771,0.025848982504890428
4,2,0.1610743325707329,0.8658699227296989
4,2,0.19867581078029417,0.8658699227296989
4,2,0.19867581078029417,0.8978657346847374
4,2,0.19867581078029417,0.8658699227296989
4,2,0.23627728898985545,0.8978657346847374
4,2,0.19867581078029417,0.8978657346847374
4,2,0.19867581078029417,0.8978657346847374
4,2,0.23627728898985545,0.8978657346847374
4,2,0.23627728898985545,0.9298615466397755
4,2,0.23627728898985545,0.8978657346847374
4,2,0.27387876719941584,0.9298615466397755
4,2,0.23627728898985545,0.9298615466397755
4,2,0.23627728898985545,0.9298615466397755
4,2,0.27387876719941584,0.9298615466397755
4,2,0.27387876719941584,0.961857358594814
4,2,0.27387876719941584,0.9298615466397755
4,2,0.3114802454089771,0.961857358594814
4,2,0.27387876719941584,0.961857358594814
4,2,0.27387876719941584,0.961857358594814
4,2,0.3114802454089771,0.961857358594814
4,2,0.3114802454089771,0.9938531705498521
4,2,0.19867581078029417,0.8658699227296989
4,2,0.23627728898985545,0.8658699227296989
4,2,0.23627728898985545,0.8978657346847374
4,2,0.23627728898985545,0.8658699227296989
4,2,0.27387876719941584,0.8978657346847374
4,2,0.23627728898985545,0.8978657346847374
4,2,0.23627728898985545,0.8978657346847374
4,2,0.27387876719941584,0.8978657346847374
4,2,0.27387876719941584,0.9298615466397755
4,2,0.27387876719941584,0.8978657346847374
4,2,0.3114802454089771,0.9298615466397755
4,2,0.27387876719941584,0.9298615466397755
4,2,0.27387876719941584,0.9298615466397755
4,2,0.3114802454089771,0.9298615466397755
4,2,0.3114802454089771,0.961857358594814
4,2,0.23627728898985545,0.8658699227296989
4,2,0.27387876719941584,0.8658699227296989
4,2,0.27387876719941584,0.8978657346847374
4,2,0.27387876719941584,0.8658699227296989
4,2,0.3114802454089771,0.8978657346847374
4,2,0.27387876719941584,0.8978657346847374
4,2,0.27387876719941584,0.8978657346847374
4,2,0.3114802454089771,0.8978657346847374
4,2,0.3114802454089771,0.9298615466397755
4,2,0.27387876719941584,0.8658699227296989
4,2,0.3114802454089771,0.8658699227296989
4,2,0.3114802454089771,0.8978657346847374
4,1,0.3114802454089771,0.025848982504890428
4,1,0.27387876719941584,0.025848982504890428
4,2,0.27387876719941584,0.9938531705498521
4,1,0.27387876719941584,0.025848982504890428
4,2,0.23627728898985456,0.9938531705498521
4,2,0.27387876719941584,0.9938531705498521
4,2,0.27387876719941584,0.9938531705498521
4,2,0.23627728898985456,0.9938531705498521
4,2,0.23627728898985545,0.961857358594814
4,2,0.23627728898985456,0.9938531705498521
4,2,0.19867581078029417,0.961857358594814
4,2,0.23627728898985545,0.961857358594814
4,2,0.23627728898985545,0.961857358594814
4,2,0.19867581078029417,0.961857358594814
4,2,0.19867581078029417,0.9298615466397755
4,2,0.19867581078029417,0.961857358594814
4,2,0.1610743325707329,0.9298615466397755
4,2,0.19867581078029417,0.9298615466397755
4,2,0.19867581078029417,0.9298615466397755
4,2,0.1610743325707329,0.9298615466397755
4,2,0.1610743325707329,0.8978657346847374
4,2,0.1610743325707329,0.9298615466397755
4,2,0.1234728543611725,0.8978657346847374
4,2,0.1610743325707329,0.8978657346847374
4,2,0.1610743325707329,0.8978657346847374
4,2,0.1234728543611725,0.8978657346847374
4,2,0.1234728543611725,0.8658699227296989
4,1,0.27387876719941584,0.025848982504890428
4,1,0.23627728898985545,0.025848982504890428
4,2,0.23627728898985456,0.9938531705498521
4,1,0.23627728898985545,0.025848982504890428
4,2,0.19867581078029417,0.9938531705498521
4,2,0.23627728898985456,0.9938531705498521
4,2,0.23627728898985456,0.9938531705498521
4,2,0.19867581078029417,0.9938531705498521
4,2,0.19867581078029417,0.961857358594814
4,2,0.19867581078029417,0.9938531705498521
4,2,0.1610743325707329,0.961857358594814
4,2,0.19867581078029417,0.961857358594814
4,2,0.19867581078029417,0.961857358594814
4,2,0.1610743325707329,0.961857358594814
4,2,0.1610743325707329,0.9298615466397755
4,2,0.1610743325707329,0.961857358594814
4,2,0.1234728543611725,0.9298615466397755
4,2,0.1610743325707329,0.9298615466397755
4,2,0.1610743325707329,0.9298615466397755
4,2,0.1234728543611725,0.9298615466397755
4,2,0.1234728543611725,0.8978657346847374
4,1,0.23627728898985545,0.025848982504890428
4,1,0.19867581078029417,0.025848982504890428
4,2,0.19867581078029417,0.9938531705498521
4,1,0.19867581078029417,0.025848982504890428
4,2,0.1610743325707329,0.9938531705498521
4,2,0.19867581078029417,0.9938531705498521
4,2,0.19867581078029417,0.9938531705498521
4,2,0.1610743325707329,0.9938531705498521
4,2,0.1610743325707329,0.961857358594814
4,2,0.1610743325707329,0.9938531705498521
4,2,0.1234728543611725,0.961857358594814
4,2,0.1610743325707329,0.961857358594814
4,2,0.1610743325707329,0.961857358594814
4,2,0.1234728543611725,0.961857358594814
4,2,0.1234728543611725,0.9298615466397755
4,1,0.19867581078029417,0.025848982504890428
4,1,0.1610743325707329,0.025848982504890428
4,2,0.1610743325707329,0.9938531705498521
4,1,0.1610743325707329,0.025848982504890428
4,2,0.1234728543611725,0.9938531705498521
4,2,0.1610743325707329,0.9938531705498521
4,2,0.1610743325707329,0.9938531705498521
4,2,0.1234728543611725,0.9938531705498521
4,2,0.1234728543611725,0.961857358594814
4,1,0.1610743325707329,0.025848982504890428
4,1,0.1234728543611725,0.025848982504890428
4,2,0.1234728543611725,0.9938531705498521
4,2,0.1234728543611725,0.7057628797066875
4,2,0.1234728543611725,0.73778428831129
4,2,0.0858969728011747,0.73778428831129
4,2,0.1234728543611725,0.73778428831129
4,2,0.08589697280117559,0.769805696915892
4,2,0.0858969728011747,0.73778428831129
4,2,0.0858969728011747,0.73778428831129
4,2,0.08589697280117559,0.769805696915892
4,2,0.04832109124117778,0.769805696915892
4,2,0.08589697280117559,0.769805696915892
4,2,0.04832109124117778,0.8018271055204944
4,2,0.04832109124117778,0.769805696915892
4,2,0.04832109124117778,0.769805696915892
4,2,0.04832109124117778,0.8018271055204944
4,2,0.010745209681180867,0.8018271055204944
4,2,0.04832109124117778,0.8018271055204944
4,2,0.010745209681180867,0.8338485141250969
4,2,0.010745209681180867,0.8018271055204944
4,2,0.010745209681180867,0.8018271055204944
4,2,0.010745209681180867,0.8338485141250969
3,2,0.9731693281211844,0.8338485141250969
4,2,0.010745209681180867,0.8338485141250969
3,2,0.9731693281211844,0.8658699227296989
3,2,0.9731693281211844,0.8338485141250969
3,2,0.9731693281211844,0.8338485141250969
3,2,0.9731693281211844,0.8658699227296989
3,2,0.9355934465611875,0.8658699227296989
4,2,0.1234728543611725,0.73778428831129
4,2,0.1234728543611725,0.769805696915892
4,2,0.08589697280117559,0.769805696915892
4,2,0.1234728543611725,0.769805696915892
4,2,0.0858969728011747,0.8018271055204944
4,2,0.08589697280117559,0.769805696915892
4,2,0.08589697280117559,0.769805696915892
4,2,0.0858969728011747,0.8018271055204944
4,2,0.04832109124117778,0.8018271055204944
4,2,0.0858969728011747,0.8018271055204944
4,2,0.04832109124117778,0.8338485141250969
4,2,0.04832109124117778,0.8018271055204944
4,2,0.04832109124117778,0.8018271055204944
4,2,0.04832109124117778,0.8338485141250969
4,2,0.010745209681180867,0.8338485141250969
4,2,0.04832109124117778,0.8338485141250969
4,2,0.010745209681180867,0.8658699227296989
4,2,0.010745209681180867,0.8338485141250969
4,2,0.010745209681180867,0.8338485141250969
4,2,0.010745209681180867,0.8658699227296989
3,2,0.9731693281211844,0.8658699227296989
4,2,0.1234728543611725,0.769805696915892
4,2,0.1234728543611725,0.8018271055204944
4,2,0.0858969728011747,0.8018271055204944
4,2,0.1234728543611725,0.8018271055204944
4,2,0.08589697280117559,0.8338485141250969
4,2,0.0858969728011747,0.8018271055204944
4,2,0.0858969728011747,0.8018271055204944
4,2,0.08589697280117559,0.8338485141250969
4,2,0.04832109124117778,0.8338485141250969
4,2,0.08589697280117559,0.8338485141250969
4,2,0.04832109124117778,0.8658699227296989
4,2,0.04832109124117778,0.8338485141250969
4,2,0.04832109124117778,0.8338485141250969
4,2,0.04832109124117778,0.8658699227296989
4,2,0.010745209681180867,0.8658699227296989
4,2,0.1234728543611725,0.8018271055204944
4,2,0.1234728543611725,0.8338485141250969
4,2,0.08589697280117559,0.8338485141250969
4,2,0.1234728543611725,0.8338485141250969
4,2,0.0858969728011747,0.8658699227296989
4,2,0.08589697280117559,0.8338485141250969
4,2,0.08589697280117559,0.8338485141250969
4,2,0.0858969728011747,0.8658699227296989
4,2,0.04832109124117778,0.8658699227296989
4,2,0.1234728543611725,0.8338485141250969
4,2,0.1234728543611725,0.8658699227296989
4,2,0.0858969728011747,0.8658699227296989
3,2,0.9355934465611875,0.8658699227296989
3,2,0.9355934465611875,0.8338485141250969
3,2,0.9731693281211844,0.8338485141250969
3,2,0.9355934465611875,0.8338485141250969
3,2,0.9731693281211844,0.8018271055204944
3,2,0.9731693281211844,0.8338485141250969
3,2,0.9731693281211844,0.8338485141250969
3,2,0.9731693281211844,0.8018271055204944
4,2,0.010745209681180867,0.8018271055204944
3,2,0.9731693281211844,0.8018271055204944
4,2,0.010745209681180867,0.769805696915892
4,2,0.010745209681180867,0.8018271055204944
4,2,0.010745209681180867,0.8018271055204944
4,2,0.010745209681180867,0.769805696915892
4,2,0.04832109124117778,0.769805696915892
4,2,0.010745209681180867,0.769805696915892
4,2,0.04832109124117778,0.73778428831129
4,2,0.04832109124117778,0.769805696915892
4,2,0.04832109124117778,0.769805696915892
4,2,0.04832109124117778,0.73778428831129
4,2,0.08589697280117559,0.73778428831129
4,2,0.04832109124117778,0.73778428831129
4,2,0.0858969728011747,0.7057628797066875
4,2,0.08589697280117559,0.73778428831129
4,2,0.08589697280117559,0.73778428831129
4,2,0.0858969728011747,0.7057628797066875
4,2,0.1234728543611725,0.7057628797066875
3,2,0.9355934465611875,0.8338485141250969
3,2,0.9355934465611875,0.8018271055204944
3,2,0.9731693281211844,0.8018271055204944
3,2,0.9355934465611875,0.8018271055204944
3,2,0.9731693281211844,0.769805696915892
3,2,0.9731693281211844,0.8018271055204944
3,2,0.9731693281211844,0.8018271055204944
3,2,0.9731693281211844,0.769805696915892
4,2,0.010745209681180867,0.769805696915892
3,2,0.9731693281211844,0.769805696915892
4,2,0.010745209681180867,0.73778428831129
4,2,0.010745209681180867,0.769805696915892
4,2,0.010745209681180867,0.769805696915892
4,2,0.010745209681180867,0.73778428831129
4,2,0.04832109124117778,0.73778428831129
4,2,0.010745209681180867,0.73778428831129
4,2,0.04832109124117778,0.7057628797066875
4,2,0.04832109124117778,0.73778428831129
4,2,0.04832109124117778,0.73778428831129
4,2,0.04832109124117778,0.7057628797066875
4,2,0.0858969728011747,0.7057628797066875
3,2,0.9355934465611875,0.8018271055204944
3,2,0.9355934465611875,0.769805696915892
3,2,0.9731693281211844,0.769805696915892
3,2,0.9355934465611875,0.769805696915892
3,2,0.9731693281211844,0.73778428831129
3,2,0.9731693281211844,0.769805696915892
3,2,0.9731693281211844,0.769805696915892
3,2,0.9731693281211844,0.73778428831129
4,2,0.010745209681180867,0.73778428831129
3,2,0.9731693281211844,0.73778428831129
4,2,0.010745209681180867,0.7057628797066875
4,2,0.010745209681180867,0.73778428831129
4,2,0.010745209681180867,0.73778428831129
4,2,0.010745209681180867,0.7057628797066875
4,2,0.04832109124117778,0.7057628797066875
3,2,0.9355934465611875,0.769805696915892
3,2,0.9355934465611875,0.73778428831129
3,2,0.9731693281211844,0.73778428831129
3,2,0.9355934465611875,0.73778428831129
3,2,0.9731693281211844,0.7057628797066875
3,2,0.9731693281211844,0.73778428831129
3,2,0.9731693281211844,0.73778428831129
3,2,0.9731693281211844,0.7057628797066875
4,2,0.010745209681180867,0.7057628797066875
3,2,0.9355934465611875,0.73778428831129
3,2,0.9355934465611875,0.7057628797066875
3,2,0.9731693281211844,0.7057628797066875
4,2,0.1234728543611725,0.8658699227296989
4,2,0.1234728543611725,0.8978657346847374
4,2,0.0858969728011747,0.8978657346847374
4,2,0.1234728543611725,0.8978657346847374
4,2,0.08589697280117559,0.9298615466397755
4,2,0.0858969728011747,0.8978657346847374
4,2,0.0858969728011747,0.8978657346847374
4,2,0.08589697280117559,0.9298615466397755
4,2,0.04832109124117778,0.9298615466397755
4,2,0.08589697280117559,0.9298615466397755
4,2,0.04832109124117778,0.961857358594814
4,2,0.04832109124117778,0.9298615466397755
4,2,0.04832109124117778,0.9298615466397755
4,2,0.04832109124117778,0.961857358594814
4,2,0.010745209681180867,0.961857358594814
4,2,0.04832109124117778,0.961857358594814
4,2,0.010745209681180867,0.9938531705498521
4,2,0.010745209681180867,0.961857358594814
4,2,0.010745209681180867,0.961857358594814
4,2,0.010745209681180867,0.9938531705498521
3,2,0.9731693281211844,0.9938531705498521
4,2,0.010745209681180867,0.9938531705498521
3,1,0.9731693281211844,0.025848982504890428
3,2,0.9731693281211844,0.9938531705498521
3,2,0.9731693281211844,0.9938531705498521
3,1,0.9731693281211844,0.025848982504890428
3,1,0.9355934465611875,0.025848982504890428
4,2,0.1234728543611725,0.8978657346847374
4,2,0.1234728543611725,0.9298615466397755
4,2,0.08589697280117559,0.9298615466397755
4,2,0.1234728543611725,0.9298615466397755
4,2,0.0858969728011747,0.961857358594814
4,2,0.08589697280117559,0.9298615466397755
4,2,0.08589697280117559,0.9298615466397755
4,2,0.0858969728011747,0.961857358594814
4,2,0.04832109124117778,0.961857358594814
4,2,0.0858969728011747,0.961857358594814
4,2,0.04832109124117778,0.9938531705498521
4,2,0.04832109124117778,0.961857358594814
4,2,0.04832109124117778,0.961857358594814
4,2,0.04832109124117778,0.9938531705498521
4,2,0.010745209681180867,0.9938531705498521
4,2,0.04832109124117778,0.9938531705498521
4,1,0.010745209681180867,0.025848982504890428
4,2,0.010745209681180867,0.9938531705498521
4,2,0.010745209681180867,0.9938531705498521
4,1,0.010745209681180867,0.025848982504890428
3,1,0.9731693281211844,0.025848982504890428
4,2,0.1234728543611725,0.9298615466397755
4,2,0.1234728543611725,0.961857358594814
4,2,0.0858969728011747,0.961857358594814
4,2,0.1234728543611725,0.961857358594814
4,2,0.08589697280117559,0.9938531705498521
4,2,0.0858969728011747,0.961857358594814
4,2,0.0858969728011747,0.961857358594814
4,2,0.08589697280117559,0.9938531705498521
4,2,0.04832109124117778,0.9938531705498521
4,2,0.08589697280117559,0.9938531705498521
4,1,0.04832109124117778,0.025848982504890428
4,2,0.04832109124117778,0.9938531705498521
4,2,0.04832109124117778,0.9938531705498521
4,1,0.04832109124117778,0.025848982504890428
4,1,0.010745209681180867,0.025848982504890428
4,2,0.1234728543611725,0.961857358594814
4,2,0.1234728543611725,0.9938531705498521
4,2,0.08589697280117559,0.9938531705498521
4,2,0.1234728543611725,0.9938531705498521
4,1,0.0858969728011747,0.025848982504890428
4,2,0.08589697280117559,0.9938531705498521
4,2,0.08589697280117559,0.9938531705498521
4,1,0.0858969728011747,0.025848982504890428
4,1,0.04832109124117778,0.025848982504890428
4,2,0.1234728543611725,0.9938531705498521
4,1,0.1234728543611725,0.025848982504890428
4,1,0.0858969728011747,0.025848982504890428
3,1,0.9355934465611875,0.025848982504890428
3,2,0.9355934465611875,0.9938531705498521
3,2,0.9731693281211844,0.9938531705498521
3,2,0.9355934465611875,0.9938531705498521
3,2,0.9731693281211844,0.961857358594814
3,2,0.9731693281211844,0.9938531705498521
3,2,0.9731693281211844,0.9938531705498521
3,2,0.9731693281211844,0.961857358594814
4,2,0.010745209681180867,0.961857358594814
3,2,0.9731693281211844,0.961857358594814
4,2,0.010745209681180867,0.9298615466397755
4,2,0.010745209681180867,0.961857358594814
4,2,0.010745209681180867,0.961857358594814
4,2,0.010745209681180867,0.9298615466397755
4,2,0.04832109124117778,0.9298615466397755
4,2,0.010745209681180867,0.9298615466397755
4,2,0.04832109124117778,0.8978657346847374
4,2,0.04832109124117778,0.9298615466397755
4,2,0.04832109124117778,0.9298615466397755
4,2,0.04832109124117778,0.8978657346847374
4,2,0.08589697280117559,0.8978657346847374
4,2,0.04832109124117778,0.8978657346847374
4,2,0.0858969728011747,0.8658699227296989
4,2,0.08589697280117559,0.8978657346847374
4,2,0.08589697280117559,0.8978657346847374
4,2,0.0858969728011747,0.8658699227296989
4,2,0.1234728543611725,0.8658699227296989
3,2,0.9355934465611875,0.9938531705498521
3,2,0.9355934465611875,0.961857358594814
3,2,0.9731693281211844,0.961857358594814
3,2,0.9355934465611875,0.961857358594814
3,2,0.9731693281211844,0.9298615466397755
3,2,0.9731693281211844,0.961857358594814
3,2,0.9731693281211844,0.961857358594814
3,2,0.9731693281211844,0.9298615466397755
4,2,0.010745209681180867,0.9298615466397755
3,2,0.9731693281211844,0.9298615466397755
4,2,0.010745209681180867,0.8978657346847374
4,2,0.010745209681180867,0.9298615466397755
4,2,0.010745209681180867,0.9298615466397755
4,2,0.010745209681180867,0.8978657346847374
4,2,0.04832109124117778,0.8978657346847374
4,2,0.010745209681180867,0.8978657346847374
4,2,0.04832109124117778,0.8658699227296989
4,2,0.04832109124117778,0.8978657346847374
4,2,0.04832109124117778,0.8978657346847374
4,2,0.04832109124117778,0.8658699227296989
4,2,0.0858969728011747,0.8658699227296989
3,2,0.9355934465611875,0.961857358594814
3,2,0.9355934465611875,0.9298615466397755
3,2,0.9731693281211844,0.9298615466397755
3,2,0.9355934465611875,0.9298615466397755
3,2,0.9731693281211844,0.8978657346847374
3,2,0.9731693281211844,0.9298615466397755
3,2,0.9731693281211844,0.9298615466397755
3,2,0.9731693281211844,0.8978657346847374
4,2,0.010745209681180867,0.8978657346847374
3,2,0.9731693281211844,0.8978657346847374
4,2,0.010745209681180867,0.8658699227296989
4,2,0.010745209681180867,0.8978657346847374
4,2,0.010745209681180867,0.8978657346847374
4,2,0.010745209681180867,0.8658699227296989
4,2,0.04832109124117778,0.8658699227296989
3,2,0.9355934465611875,0.9298615466397755
3,2,0.9355934465611875,0.8978657346847374
3,2,0.9731693281211844,0.8978657346847374
3,2,0.9355934465611875,0.8978657346847374
3,2,0.9731693281211844,0.8658699227296989
3,2,0.9731693281211844,0.8978657346847374
3,2,0.9731693281211844,0.8978657346847374
3,2,0.9731693281211844,0.8658699227296989
4,2,0.010745209681180867,0.8658699227296989
3,2,0.9355934465611875,0.8978657346847374
3,2,0.9355934465611875,0.8658699227296989
3,2,0.9731693281211844,0.8658699227296989
