3,2,0.9900000000000002,0.29000000000000004
3,2,0.8849146470121201,0.1803285189325603
3,2,0.8849146470121201,0.39967148106743977
4,2,0.09508535298788079,0.1803285189325603
4,2,0.09508535298788079,0.39967148106743977
3,2,0.9687628642904165,0.4343505880982872
3,2,0.9285073731593454,0.4343505880982872
3,2,0.9285073731593454,0.39158926926134097
3,2,0.9285073731593454,0.4343505880982872
3,2,0.8882518820282743,0.39158926926134097
3,2,0.9285073731593454,0.39158926926134097
3,2,0.9285073731593454,0.39158926926134097
3,2,0.8882518820282743,0.39158926926134097
3,2,0.8882518820282743,0.34882795042439474
3,2,0.8882518820282743,0.39158926926134097
3,2,0.8479963908972028,0.34882795042439474
3,2,0.8882518820282743,0.34882795042439474
3,2,0.8882518820282743,0.34882795042439474
3,2,0.8479963908972028,0.34882795042439474
3,2,0.8479963908972028,0.3060666315874485
3,2,0.8479963908972028,0.34882795042439474
3,2,0.8077408997661317,0.3060666315874485
3,2,0.8479963908972028,0.3060666315874485
3,2,0.8479963908972028,0.3060666315874485
3,2,0.8077408997661317,0.3060666315874485
3,2,0.8077408997661317,0.2633053127505023
3,2,0.9285073731593454,0.4343505880982872
3,2,0.8882518820282743,0.4343505880982872
3,2,0.8882518820282743,0.39158926926134097
3,2,0.8882518820282743,0.4343505880982872
3,2,0.8479963908972028,0.39158926926134097
3,2,0.8882518820282743,0.39158926926134097
3,2,0.8882518820282743,0.39158926926134097
3,2,0.8479963908972028,0.39158926926134097
3,2,0.8479963908972028,0.34882795042439474
3,2,0.8479963908972028,0.39158926926134097
3,2,0.8077408997661317,0.34882795042439474
3,2,0.8479963908972028,0.34882795042439474
3,2,0.8479963908972028,0.34882795042439474
3,2,0.8077408997661317,0.34882795042439474
3,2,0.8077408997661317,0.3060666315874485
3,2,0.8882518820282743,0.4343505880982872
3,2,0.8479963908972028,0.4343505880982872
3,2,0.8479963908972028,0.39158926926134097
3,2,0.8479963908972028,0.4343505880982872
3,2,0.8077408997661317,0.39158926926134097
3,2,0.8479963908972028,0.39158926926134097
3,2,0.8479963908972028,0.39158926926134097
3,2,0.8077408997661317,0.39158926926134097
3,2,0.8077408997661317,0.34882795042439474
3,2,0.8479963908972028,0.4343505880982872
3,2,0.8077408997661317,0.4343505880982872
3,2,0.8077408997661317,0.39158926926134097
3,2,0.8077408997661317,0.2633053127505023
3,2,0.8479963908972028,0.2633053127505023
3,2,0.8479963908972028,0.3060666315874485
3,2,0.8479963908972028,0.2633053127505023
3,2,0.8882518820282743,0.3060666315874485
3,2,0.8479963908972028,0.3060666315874485
3,2,0.8479963908972028,0.3060666315874485
3,2,0.8882518820282743,0.3060666315874485
3,2,0.8882518820282743,0.34882795042439474
3,2,0.8882518820282743,0.3060666315874485
3,2,0.9285073731593454,0.34882795042439474
3,2,0.8882518820282743,0.34882795042439474
3,2,0.8882518820282743,0.34882795042439474
3,2,0.9285073731593454,0.34882795042439474
3,2,0.9285073731593454,0.39158926926134097
3,2,0.9285073731593454,0.34882795042439474
3,2,0.9687628642904165,0.39158926926134097
3,2,0.9285073731593454,0.39158926926134097
3,2,0.9285073731593454,0.39158926926134097
3,2,0.9687628642904165,0.39158926926134097
3,2,0.9687628642904165,0.4343505880982872
3,2,0.8479963908972028,0.2633053127505023
3,2,0.8882518820282743,0.2633053127505023
3,2,0.8882518820282743,0.3060666315874485
3,2,0.8882518820282743,0.2633053127505023
3,2,0.9285073731593454,0.3060666315874485
3,2,0.8882518820282743,0.3060666315874485
3,2,0.8882518820282743,0.3060666315874485
3,2,0.9285073731593454,0.3060666315874485
3,2,0.9285073731593454,0.34882795042439474
3,2,0.9285073731593454,0.3060666315874485
3,2,0.9687628642904165,0.34882795042439474
3,2,0.9285073731593454,0.34882795042439474
3,2,0.9285073731593454,0.34882795042439474
3,2,0.9687628642904165,0.34882795042439474
3,2,0.9687628642904165,0.39158926926134097
3,2,0.8882518820282743,0.2633053127505023
3,2,0.9285073731593454,0.2633053127505023
3,2,0.9285073731593454,0.3060666315874485
3,2,0.9285073731593454,0.2633053127505023
3,2,0.9687628642904165,0.3060666315874485
3,2,0.9285073731593454,0.3060666315874485
3,2,0.9285073731593454,0.3060666315874485
3,2,0.9687628642904165,0.3060666315874485
3,2,0.9687628642904165,0.34882795042439474
3,2,0.9285073731593454,0.2633053127505023
3,2,0.9687628642904165,0.2633053127505023
3,2,0.9687628642904165,0.3060666315874485
3,2,0.9687628642904165,0.2633053127505023
3,2,0.9285073731593454,0.2633053127505023
3,2,0.9285073731593454,0.22056202145100823
3,2,0.9285073731593454,0.2633053127505023
3,2,0.8882518820282743,0.22056202145100823
3,2,0.9285073731593454,0.22056202145100823
3,2,0.9285073731593454,0.22056202145100823
3,2,0.8882518820282743,0.22056202145100823
3,2,0.8882518820282743,0.17781873015151461
3,2,0.8882518820282743,0.22056202145100823
3,2,0.8479963908972028,0.17781873015151461
3,2,0.8882518820282743,0.17781873015151461
3,2,0.8882518820282743,0.17781873015151461
3,2,0.8479963908972028,0.17781873015151461
3,2,0.8479963908972028,0.13507543885202056
3,2,0.8479963908972028,0.17781873015151461
3,2,0.8077408997661317,0.13507543885202056
3,2,0.8479963908972028,0.13507543885202056
3,2,0.8479963908972028,0.13507543885202056
3,2,0.8077408997661317,0.13507543885202056
3,2,0.8077408997661317,0.09233214755252694
3,2,0.9285073731593454,0.2633053127505023
3,2,0.8882518820282743,0.2633053127505023
3,2,0.8882518820282743,0.22056202145100823
3,2,0.8882518820282743,0.2633053127505023
3,2,0.8479963908972028,0.22056202145100823
3,2,0.8882518820282743,0.22056202145100823
3,2,0.8882518820282743,0.22056202145100823
3,2,0.8479963908972028,0.22056202145100823
3,2,0.8479963908972028,0.17781873015151461
3,2,0.8479963908972028,0.22056202145100823
3,2,0.8077408997661317,0.17781873015151461
3,2,0.8479963908972028,0.17781873015151461
3,2,0.8479963908972028,0.17781873015151461
3,2,0.8077408997661317,0.17781873015151461
3,2,0.8077408997661317,0.13507543885202056
3,2,0.8882518820282743,0.2633053127505023
3,2,0.8479963908972028,0.2633053127505023
3,2,0.8479963908972028,0.22056202145100823
3,2,0.8479963908972028,0.2633053127505023
3,2,0.8077408997661317,0.22056202145100823
3,2,0.8479963908972028,0.22056202145100823
3,2,0.8479963908972028,0.22056202145100823
3,2,0.8077408997661317,0.22056202145100823
3,2,0.8077408997661317,0.17781873015151461
3,2,0.8479963908972028,0.2633053127505023
3,2,0.8077408997661317,0.2633053127505023
3,2,0.8077408997661317,0.22056202145100823
3,2,0.8077408997661317,0.09233214755252694
3,2,0.8479963908972028,0.09233214755252694
3,2,0.8479963908972028,0.13507543885202056
3,2,0.8479963908972028,0.09233214755252694
3,2,0.8882518820282743,0.13507543885202056
3,2,0.8479963908972028,0.13507543885202056
3,2,0.8479963908972028,0.13507543885202056
3,2,0.8882518820282743,0.13507543885202056
3,2,0.8882518820282743,0.17781873015151461
3,2,0.8882518820282743,0.13507543885202056
3,2,0.9285073731593454,0.17781873015151461
3,2,0.8882518820282743,0.17781873015151461
3,2,0.8882518820282743,0.17781873015151461
3,2,0.9285073731593454,0.17781873015151461
3,2,0.9285073731593454,0.22056202145100823
3,2,0.9285073731593454,0.17781873015151461
3,2,0.9687628642904165,0.22056202145100823
3,2,0.9285073731593454,0.22056202145100823
3,2,0.9285073731593454,0.22056202145100823
3,2,0.9687628642904165,0.22056202145100823
3,2,0.9687628642904165,0.2633053127505023
3,2,0.8479963908972028,0.09233214755252694
3,2,0.8882518820282743,0.09233214755252694
3,2,0.8882518820282743,0.13507543885202056
3,2,0.8882518820282743,0.09233214755252694
3,2,0.9285073731593454,0.13507543885202056
3,2,0.8882518820282743,0.13507543885202056
3,2,0.8882518820282743,0.13507543885202056
3,2,0.9285073731593454,0.13507543885202056
3,2,0.9285073731593454,0.17781873015151461
3,2,0.9285073731593454,0.13507543885202056
3,2,0.9687628642904165,0.17781873015151461
3,2,0.9285073731593454,0.17781873015151461
3,2,0.9285073731593454,0.17781873015151461
3,2,0.9687628642904165,0.17781873015151461
3,2,0.9687628642904165,0.22056202145100823
3,2,0.8882518820282743,0.09233214755252694
3,2,0.9285073731593454,0.09233214755252694
3,2,0.9285073731593454,0.13507543885202056
3,2,0.9285073731593454,0.09233214755252694
3,2,0.9687628642904165,0.13507543885202056
3,2,0.9285073731593454,0.13507543885202056
3,2,0.9285073731593454,0.13507543885202056
3,2,0.9687628642904165,0.13507543885202056
3,2,0.9687628642904165,0.17781873015151461
3,2,0.9285073731593454,0.09233214755252694
3,2,0.9687628642904165,0.09233214755252694
3,2,0.9687628642904165,0.13507543885202056
3,2,0.9687628642904165,0.4343505880982872
3,2,0.9687628642904165,0.39158926926134097
4,2,0.009036382958940159,0.39158926926134097
3,2,0.9687628642904165,0.39158926926134097
4,2,0.009036382958940159,0.34882795042439474
4,2,0.009036382958940159,0.39158926926134097
4,2,0.009036382958940159,0.39158926926134097
4,2,0.009036382958940159,0.34882795042439474
4,2,0.049309901627463404,0.34882795042439474
4,2,0.009036382958940159,0.34882795042439474
4,2,0.049309901627463404,0.3060666315874485
4,2,0.049309901627463404,0.34882795042439474
4,2,0.049309901627463404,0.34882795042439474
4,2,0.049309901627463404,0.3060666315874485
4,2,0.08958342029598754,0.3060666315874485
4,2,0.049309901627463404,0.3060666315874485
4,2,0.08958342029598754,0.2633053127505023
4,2,0.08958342029598754,0.3060666315874485
4,2,0.08958342029598754,0.3060666315874485
4,2,0.08958342029598754,0.2633053127505023
4,2,0.12985693896451078,0.2633053127505023
3,2,0.9687628642904165,0.39158926926134097
3,2,0.9687628642904165,0.34882795042439474
4,2,0.009036382958940159,0.34882795042439474
3,2,0.9687628642904165,0.34882795042439474
4,2,0.009036382958940159,0.3060666315874485
4,2,0.009036382958940159,0.34882795042439474
4,2,0.009036382958940159,0.34882795042439474
4,2,0.009036382958940159,0.3060666315874485
4,2,0.049309901627463404,0.3060666315874485
4,2,0.009036382958940159,0.3060666315874485
4,2,0.049309901627463404,0.2633053127505023
4,2,0.049309901627463404,0.3060666315874485
4,2,0.049309901627463404,0.3060666315874485
4,2,0.049309901627463404,0.2633053127505023
4,2,0.08958342029598754,0.2633053127505023
3,2,0.9687628642904165,0.34882795042439474
3,2,0.9687628642904165,0.3060666315874485
4,2,0.009036382958940159,0.3060666315874485
3,2,0.9687628642904165,0.3060666315874485
4,2,0.009036382958940159,0.2633053127505023
4,2,0.009036382958940159,0.3060666315874485
4,2,0.009036382958940159,0.3060666315874485
4,2,0.009036382958940159,0.2633053127505023
4,2,0.049309901627463404,0.2633053127505023
3,2,0.9687628642904165,0.3060666315874485
3,2,0.9687628642904165,0.2633053127505023
4,2,0.009036382958940159,0.2633053127505023
4,2,0.12985693896451078,0.2633053127505023
4,2,0.12985693896451078,0.3060666315874485
4,2,0.08958342029598754,0.3060666315874485
4,2,0.12985693896451078,0.3060666315874485
4,2,0.08958342029598754,0.34882795042439474
4,2,0.08958342029598754,0.3060666315874485
4,2,0.08958342029598754,0.3060666315874485
4,2,0.08958342029598754,0.34882795042439474
4,2,0.049309901627463404,0.34882795042439474
4,2,0.08958342029598754,0.34882795042439474
4,2,0.049309901627463404,0.39158926926134097
4,2,0.049309901627463404,0.34882795042439474
4,2,0.049309901627463404,0.34882795042439474
4,2,0.049309901627463404,0.39158926926134097
4,2,0.009036382958940159,0.39158926926134097
4,2,0.049309901627463404,0.39158926926134097
4,2,0.009036382958940159,0.4343505880982872
4,2,0.009036382958940159,0.39158926926134097
4,2,0.009036382958940159,0.39158926926134097
4,2,0.009036382958940159,0.4343505880982872
3,2,0.9687628642904165,0.4343505880982872
4,2,0.12985693896451078,0.3060666315874485
4,2,0.12985693896451078,0.34882795042439474
4,2,0.08958342029598754,0.34882795042439474
4,2,0.12985693896451078,0.34882795042439474
4,2,0.08958342029598754,0.39158926926134097
4,2,0.08958342029598754,0.34882795042439474
4,2,0.08958342029598754,0.34882795042439474
4,2,0.08958342029598754,0.39158926926134097
4,2,0.049309901627463404,0.39158926926134097
4,2,0.08958342029598754,0.39158926926134097
4,2,0.049309901627463404,0.4343505880982872
4,2,0.049309901627463404,0.39158926926134097
4,2,0.049309901627463404,0.39158926926134097
4,2,0.049309901627463404,0.4343505880982872
4,2,0.009036382958940159,0.4343505880982872
4,2,0.12985693896451078,0.34882795042439474
4,2,0.12985693896451078,0.39158926926134097
4,2,0.08958342029598754,0.39158926926134097
4,2,0.12985693896451078,0.39158926926134097
4,2,0.08958342029598754,0.4343505880982872
4,2,0.08958342029598754,0.39158926926134097
4,2,0.08958342029598754,0.39158926926134097
4,2,0.08958342029598754,0.4343505880982872
4,2,0.049309901627463404,0.4343505880982872
4,2,0.12985693896451078,0.39158926926134097
4,2,0.12985693896451078,0.4343505880982872
4,2,0.08958342029598754,0.4343505880982872
3,2,0.9687628642904165,0.2633053127505023
3,2,0.9687628642904165,0.22056202145100823
4,2,0.009036382958940159,0.22056202145100823
3,2,0.9687628642904165,0.22056202145100823
4,2,0.009036382958940159,0.17781873015151461
4,2,0.009036382958940159,0.22056202145100823
4,2,0.009036382958940159,0.22056202145100823
4,2,0.009036382958940159,0.17781873015151461
4,2,0.049309901627463404,0.17781873015151461
4,2,0.009036382958940159,0.17781873015151461
4,2,0.049309901627463404,0.13507543885202056
4,2,0.049309901627463404,0.17781873015151461
4,2,0.049309901627463404,0.17781873015151461
4,2,0.049309901627463404,0.13507543885202056
4,2,0.08958342029598754,0.13507543885202056
4,2,0.049309901627463404,0.13507543885202056
4,2,0.08958342029598754,0.09233214755252694
4,2,0.08958342029598754,0.13507543885202056
4,2,0.08958342029598754,0.13507543885202056
4,2,0.08958342029598754,0.09233214755252694
4,2,0.12985693896451078,0.09233214755252694
3,2,0.9687628642904165,0.22056202145100823
3,2,0.9687628642904165,0.17781873015151461
4,2,0.009036382958940159,0.17781873015151461
3,2,0.9687628642904165,0.17781873015151461
4,2,0.009036382958940159,0.13507543885202056
4,2,0.009036382958940159,0.17781873015151461
4,2,0.009036382958940159,0.17781873015151461
4,2,0.009036382958940159,0.13507543885202056
4,2,0.049309901627463404,0.13507543885202056
4,2,0.009036382958940159,0.13507543885202056
4,2,0.049309901627463404,0.09233214755252694
4,2,0.049309901627463404,0.13507543885202056
4,2,0.049309901627463404,0.13507543885202056
4,2,0.049309901627463404,0.09233214755252694
4,2,0.08958342029598754,0.09233214755252694
3,2,0.9687628642904165,0.17781873015151461
3,2,0.9687628642904165,0.13507543885202056
4,2,0.009036382958940159,0.13507543885202056
3,2,0.9687628642904165,0.13507543885202056
4,2,0.009036382958940159,0.09233214755252694
4,2,0.009036382958940159,0.13507543885202056
4,2,0.009036382958940159,0.13507543885202056
4,2,0.009036382958940159,0.09233214755252694
4,2,0.049309901627463404,0.09233214755252694
3,2,0.9687628642904165,0.13507543885202056
3,2,0.9687628642904165,0.09233214755252694
4,2,0.009036382958940159,0.09233214755252694
4,2,0.12985693896451078,0.09233214755252694
4,2,0.12985693896451078,0.13507543885202056
4,2,0.08958342029598754,0.13507543885202056
4,2,0.12985693896451078,0.13507543885202056
4,2,0.08958342029598754,0.17781873015151461
4,2,0.08958342029598754,0.13507543885202056
4,2,0.08958342029598754,0.13507543885202056
4,2,0.08958342029598754,0.17781873015151461
4,2,0.049309901627463404,0.17781873015151461
4,2,0.08958342029598754,0.17781873015151461
4,2,0.049309901627463404,0.22056202145100823
4,2,0.049309901627463404,0.17781873015151461
4,2,0.049309901627463404,0.17781873015151461
4,2,0.049309901627463404,0.22056202145100823
4,2,0.009036382958940159,0.22056202145100823
4,2,0.049309901627463404,0.22056202145100823
4,2,0.009036382958940159,0.2633053127505023
4,2,0.009036382958940159,0.22056202145100823
4,2,0.009036382958940159,0.22056202145100823
4,2,0.009036382958940159,0.2633053127505023
3,2,0.9687628642904165,0.2633053127505023
4,2,0.12985693896451078,0.13507543885202056
4,2,0.12985693896451078,0.17781873015151461
4,2,0.08958342029598754,0.17781873015151461
4,2,0.12985693896451078,0.17781873015151461
4,2,0.08958342029598754,0.22056202145100823
4,2,0.08958342029598754,0.17781873015151461
4,2,0.08958342029598754,0.17781873015151461
4,2,0.08958342029598754,0.22056202145100823
4,2,0.049309901627463404,0.22056202145100823
4,2,0.08958342029598754,0.22056202145100823
4,2,0.049309901627463404,0.2633053127505023
4,2,0.049309901627463404,0.22056202145100823
4,2,0.049309901627463404,0.22056202145100823
4,2,0.049309901627463404,0.2633053127505023
4,2,0.009036382958940159,0.2633053127505023
4,2,0.12985693896451078,0.17781873015151461
4,2,0.12985693896451078,0.22056202145100823
4,2,0.08958342029598754,0.22056202145100823
4,2,0.12985693896451078,0.22056202145100823
4,2,0.08958342029598754,0.2633053127505023
4,2,0.08958342029598754,0.22056202145100823
4,2,0.08958342029598754,0.22056202145100823
4,2,0.08958342029598754,0.2633053127505023
4,2,0.049309901627463404,0.2633053127505023
4,2,0.12985693896451078,0.22056202145100823
4,2,0.12985693896451078,0.2633053127505023
4,2,0.08958342029598754,0.2633053127505023
3,2,0.8949220708856394,0.31060957102543796
3,2,0.8949220708856394,0.2676138942016113
3,2,0.9345465982058787,0.2676138942016113
3,2,0.8949220708856394,0.2676138942016113
3,2,0.9345465982058787,0.22461821737778465
3,2,0.9345465982058787,0.2676138942016113
3,2,0.9345465982058787,0.2676138942016113
3,2,0.9345465982058787,0.22461821737778465
3,2,0.9741711255261181,0.22461821737778465
3,2,0.9345465982058787,0.22461821737778465
3,2,0.9741711255261181,0.181622540553958
3,2,0.9741711255261181,0.22461821737778465
3,2,0.9741711255261181,0.22461821737778465
3,2,0.9741711255261181,0.181622540553958
4,2,0.01379565284635742,0.181622540553958
3,2,0.9741711255261181,0.181622540553958
4,2,0.01379565284635742,0.13862686373013133
4,2,0.01379565284635742,0.181622540553958
4,2,0.01379565284635742,0.181622540553958
4,2,0.01379565284635742,0.13862686373013133
4,2,0.05342018016659633,0.13862686373013133
3,2,0.8949220708856394,0.2676138942016113
3,2,0.8949220708856394,0.22461821737778465
3,2,0.9345465982058787,0.22461821737778465
3,2,0.8949220708856394,0.22461821737778465
3,2,0.9345465982058787,0.181622540553958
3,2,0.9345465982058787,0.22461821737778465
3,2,0.9345465982058787,0.22461821737778465
3,2,0.9345465982058787,0.181622540553958
3,2,0.9741711255261181,0.181622540553958
3,2,0.9345465982058787,0.181622540553958
3,2,0.9741711255261181,0.13862686373013133
3,2,0.9741711255261181,0.181622540553958
3,2,0.9741711255261181,0.181622540553958
3,2,0.9741711255261181,0.13862686373013133
4,2,0.01379565284635742,0.13862686373013133
3,2,0.8949220708856394,0.22461821737778465
3,2,0.8949220708856394,0.181622540553958
3,2,0.9345465982058787,0.181622540553958
3,2,0.8949220708856394,0.181622540553958
3,2,0.9345465982058787,0.13862686373013133
3,2,0.9345465982058787,0.181622540553958
3,2,0.9345465982058787,0.181622540553958
3,2,0.9345465982058787,0.13862686373013133
3,2,0.9741711255261181,0.13862686373013133
3,2,0.8949220708856394,0.181622540553958
3,2,0.8949220708856394,0.13862686373013133
3,2,0.9345465982058787,0.13862686373013133
4,2,0.05342018016659633,0.13862686373013133
4,2,0.05342018016659633,0.181622540553958
4,2,0.01379565284635742,0.181622540553958
4,2,0.05342018016659633,0.181622540553958
4,2,0.01379565284635742,0.22461821737778465
4,2,0.01379565284635742,0.181622540553958
4,2,0.01379565284635742,0.181622540553958
4,2,0.01379565284635742,0.22461821737778465
3,2,0.9741711255261181,0.22461821737778465
4,2,0.01379565284635742,0.22461821737778465
3,2,0.9741711255261181,0.2676138942016113
3,2,0.9741711255261181,0.22461821737778465
3,2,0.9741711255261181,0.22461821737778465
3,2,0.9741711255261181,0.2676138942016113
3,2,0.9345465982058787,0.2676138942016113
3,2,0.9741711255261181,0.2676138942016113
3,2,0.9345465982058787,0.31060957102543796
3,2,0.9345465982058787,0.2676138942016113
3,2,0.9345465982058787,0.2676138942016113
3,2,0.9345465982058787,0.31060957102543796
3,2,0.8949220708856394,0.31060957102543796
4,2,0.05342018016659633,0.181622540553958
4,2,0.05342018016659633,0.22461821737778465
4,2,0.01379565284635742,0.22461821737778465
4,2,0.05342018016659633,0.22461821737778465
4,2,0.01379565284635742,0.2676138942016113
4,2,0.01379565284635742,0.22461821737778465
4,2,0.01379565284635742,0.22461821737778465
4,2,0.01379565284635742,0.2676138942016113
3,2,0.9741711255261181,0.2676138942016113
4,2,0.01379565284635742,0.2676138942016113
3,2,0.9741711255261181,0.31060957102543796
3,2,0.9741711255261181,0.2676138942016113
3,2,0.9741711255261181,0.2676138942016113
3,2,0.9741711255261181,0.31060957102543796
3,2,0.9345465982058787,0.31060957102543796
4,2,0.05342018016659633,0.22461821737778465
4,2,0.05342018016659633,0.2676138942016113
4,2,0.01379565284635742,0.2676138942016113
4,2,0.05342018016659633,0.2676138942016113
4,2,0.01379565284635742,0.31060957102543796
4,2,0.01379565284635742,0.2676138942016113
4,2,0.01379565284635742,0.2676138942016113
4,2,0.01379565284635742,0.31060957102543796
3,2,0.9741711255261181,0.31060957102543796
4,2,0.05342018016659633,0.2676138942016113
4,2,0.05342018016659633,0.31060957102543796
4,2,0.01379565284635742,0.31060957102543796
4,2,0.05342018016659633,0.31060957102543796
4,2,0.05342018016659633,0.2676138942016113
4,2,0.09300865241193179,0.2676138942016113
4,2,0.05342018016659633,0.2676138942016113
4,2,0.09300865241193179,0.22461821737778465
4,2,0.09300865241193179,0.2676138942016113
4,2,0.09300865241193179,0.2676138942016113
4,2,0.09300865241193179,0.22461821737778465
4,2,0.13259712465726636,0.22461821737778465
4,2,0.09300865241193179,0.22461821737778465
4,2,0.13259712465726636,0.181622540553958
4,2,0.13259712465726636,0.22461821737778465
4,2,0.13259712465726636,0.22461821737778465
4,2,0.13259712465726636,0.181622540553958
4,2,0.17218559690260093,0.181622540553958
4,2,0.13259712465726636,0.181622540553958
4,2,0.17218559690260093,0.13862686373013133
4,2,0.17218559690260093,0.181622540553958
4,2,0.17218559690260093,0.181622540553958
4,2,0.17218559690260093,0.13862686373013133
4,2,0.2117740691479355,0.13862686373013133
4,2,0.05342018016659633,0.2676138942016113
4,2,0.05342018016659633,0.22461821737778465
4,2,0.09300865241193179,0.22461821737778465
4,2,0.05342018016659633,0.22461821737778465
4,2,0.09300865241193179,0.181622540553958
4,2,0.09300865241193179,0.22461821737778465
4,2,0.09300865241193179,0.22461821737778465
4,2,0.09300865241193179,0.181622540553958
4,2,0.13259712465726636,0.181622540553958
4,2,0.09300865241193179,0.181622540553958
4,2,0.13259712465726636,0.13862686373013133
4,2,0.13259712465726636,0.181622540553958
4,2,0.13259712465726636,0.181622540553958
4,2,0.13259712465726636,0.13862686373013133
4,2,0.17218559690260093,0.13862686373013133
4,2,0.05342018016659633,0.22461821737778465
4,2,0.05342018016659633,0.181622540553958
4,2,0.09300865241193179,0.181622540553958
4,2,0.05342018016659633,0.181622540553958
4,2,0.09300865241193179,0.13862686373013133
4,2,0.09300865241193179,0.181622540553958
4,2,0.09300865241193179,0.181622540553958
4,2,0.09300865241193179,0.13862686373013133
4,2,0.13259712465726636,0.13862686373013133
4,2,0.05342018016659633,0.181622540553958
4,2,0.05342018016659633,0.13862686373013133
4,2,0.09300865241193179,0.13862686373013133
4,2,0.2117740691479355,0.13862686373013133
4,2,0.2117740691479355,0.181622540553958
4,2,0.17218559690260093,0.181622540553958
4,2,0.2117740691479355,0.181622540553958
4,2,0.17218559690260093,0.22461821737778465
4,2,0.17218559690260093,0.181622540553958
4,2,0.17218559690260093,0.181622540553958
4,2,0.17218559690260093,0.22461821737778465
4,2,0.13259712465726636,0.22461821737778465
4,2,0.17218559690260093,0.22461821737778465
4,2,0.13259712465726636,0.2676138942016113
4,2,0.13259712465726636,0.22461821737778465
4,2,0.13259712465726636,0.22461821737778465
4,2,0.13259712465726636,0.2676138942016113
4,2,0.09300865241193179,0.2676138942016113
4,2,0.13259712465726636,0.2676138942016113
4,2,0.09300865241193179,0.31060957102543796
4,2,0.09300865241193179,0.2676138942016113
4,2,0.09300865241193179,0.2676138942016113
4,2,0.09300865241193179,0.31060957102543796
4,2,0.05342018016659633,0.31060957102543796
4,2,0.2117740691479355,0.181622540553958
4,2,0.2117740691479355,0.22461821737778465
4,2,0.17218559690260093,0.22461821737778465
4,2,0.2117740691479355,0.22461821737778465
4,2,0.17218559690260093,0.2676138942016113
4,2,0.17218559690260093,0.22461821737778465
4,2,0.17218559690260093,0.22461821737778465
4,2,0.17218559690260093,0.2676138942016113
4,2,0.13259712465726636,0.2676138942016113
4,2,0.17218559690260093,0.2676138942016113
4,2,0.13259712465726636,0.31060957102543796
4,2,0.13259712465726636,0.2676138942016113
4,2,0.13259712465726636,0.2676138942016113
4,2,0.13259712465726636,0.31060957102543796
4,2,0.09300865241193179,0.31060957102543796
4,2,0.2117740691479355,0.22461821737778465
4,2,0.2117740691479355,0.2676138942016113
4,2,0.17218559690260093,0.2676138942016113
4,2,0.2117740691479355,0.2676138942016113
4,2,0.17218559690260093,0.31060957102543796
4,2,0.17218559690260093,0.2676138942016113
4,2,0.17218559690260093,0.2676138942016113
4,2,0.17218559690260093,0.31060957102543796
4,2,0.13259712465726636,0.31060957102543796
4,2,0.2117740691479355,0.2676138942016113
4,2,0.2117740691479355,0.31060957102543796
4,2,0.17218559690260093,0.31060957102543796
3,2,0.8949220708856394,0.31060957102543796
3,2,0.9345465982058787,0.31060957102543796
3,2,0.9345465982058787,0.353587220311812
3,2,0.9345465982058787,0.31060957102543796
3,2,0.9741711255261181,0.353587220311812
3,2,0.9345465982058787,0.353587220311812
3,2,0.9345465982058787,0.353587220311812
3,2,0.9741711255261181,0.353587220311812
3,2,0.9741711255261181,0.3965648695981865
3,2,0.9741711255261181,0.353587220311812
4,2,0.01379565284635742,0.3965648695981865
3,2,0.9741711255261181,0.3965648695981865
3,2,0.9741711255261181,0.3965648695981865
4,2,0.01379565284635742,0.3965648695981865
4,2,0.01379565284635742,0.43954251888456053
4,2,0.01379565284635742,0.3965648695981865
4,2,0.05342018016659633,0.43954251888456053
4,2,0.01379565284635742,0.43954251888456053
4,2,0.01379565284635742,0.43954251888456053
4,2,0.05342018016659633,0.43954251888456053
4,2,0.05342018016659633,0.482520168170935
3,2,0.9345465982058787,0.31060957102543796
3,2,0.9741711255261181,0.31060957102543796
3,2,0.9741711255261181,0.353587220311812
3,2,0.9741711255261181,0.31060957102543796
4,2,0.01379565284635742,0.353587220311812
3,2,0.9741711255261181,0.353587220311812
3,2,0.9741711255261181,0.353587220311812
4,2,0.01379565284635742,0.353587220311812
4,2,0.01379565284635742,0.3965648695981865
4,2,0.01379565284635742,0.353587220311812
4,2,0.05342018016659633,0.3965648695981865
4,2,0.01379565284635742,0.3965648695981865
4,2,0.01379565284635742,0.3965648695981865
4,2,0.05342018016659633,0.3965648695981865
4,2,0.05342018016659633,0.43954251888456053
3,2,0.9741711255261181,0.31060957102543796
4,2,0.01379565284635742,0.31060957102543796
4,2,0.01379565284635742,0.353587220311812
4,2,0.01379565284635742,0.31060957102543796
4,2,0.05342018016659633,0.353587220311812
4,2,0.01379565284635742,0.353587220311812
4,2,0.01379565284635742,0.353587220311812
4,2,0.05342018016659633,0.353587220311812
4,2,0.05342018016659633,0.3965648695981865
4,2,0.01379565284635742,0.31060957102543796
4,2,0.05342018016659633,0.31060957102543796
4,2,0.05342018016659633,0.353587220311812
4,2,0.05342018016659633,0.482520168170935
4,2,0.01379565284635742,0.482520168170935
4,2,0.01379565284635742,0.43954251888456053
4,2,0.01379565284635742,0.482520168170935
3,2,0.9741711255261181,0.43954251888456053
4,2,0.01379565284635742,0.43954251888456053
4,2,0.01379565284635742,0.43954251888456053
3,2,0.9741711255261181,0.43954251888456053
3,2,0.9741711255261181,0.3965648695981865
3,2,0.9741711255261181,0.43954251888456053
3,2,0.9345465982058787,0.3965648695981865
3,2,0.9741711255261181,0.3965648695981865
3,2,0.9741711255261181,0.3965648695981865
3,2,0.9345465982058787,0.3965648695981865
3,2,0.9345465982058787,0.353587220311812
3,2,0.9345465982058787,0.3965648695981865
3,2,0.8949220708856394,0.353587220311812
3,2,0.9345465982058787,0.353587220311812
3,2,0.9345465982058787,0.353587220311812
3,2,0.8949220708856394,0.353587220311812
3,2,0.8949220708856394,0.31060957102543796
4,2,0.01379565284635742,0.482520168170935
3,2,0.9741711255261181,0.482520168170935
3,2,0.9741711255261181,0.43954251888456053
3,2,0.9741711255261181,0.482520168170935
3,2,0.9345465982058787,0.43954251888456053
3,2,0.9741711255261181,0.43954251888456053
3,2,0.9741711255261181,0.43954251888456053
3,2,0.9345465982058787,0.43954251888456053
3,2,0.9345465982058787,0.3965648695981865
3,2,0.9345465982058787,0.43954251888456053
3,2,0.8949220708856394,0.3965648695981865
3,2,0.9345465982058787,0.3965648695981865
3,2,0.9345465982058787,0.3965648695981865
3,2,0.8949220708856394,0.3965648695981865
3,2,0.8949220708856394,0.353587220311812
3,2,0.9741711255261181,0.482520168170935
3,2,0.9345465982058787,0.482520168170935
3,2,0.9345465982058787,0.43954251888456053
3,2,0.9345465982058787,0.482520168170935
3,2,0.8949220708856394,0.43954251888456053
3,2,0.9345465982058787,0.43954251888456053
3,2,0.9345465982058787,0.43954251888456053
3,2,0.8949220708856394,0.43954251888456053
3,2,0.8949220708856394,0.3965648695981865
3,2,0.9345465982058787,0.482520168170935
3,2,0.8949220708856394,0.482520168170935
3,2,0.8949220708856394,0.43954251888456053
4,2,0.05342018016659633,0.31060957102543796
4,2,0.09300865241193179,0.31060957102543796
4,2,0.09300865241193179,0.353587220311812
4,2,0.09300865241193179,0.31060957102543796
4,2,0.13259712465726636,0.353587220311812
4,2,0.09300865241193179,0.353587220311812
4,2,0.09300865241193179,0.353587220311812
4,2,0.13259712465726636,0.353587220311812
4,2,0.13259712465726636,0.3965648695981865
4,2,0.13259712465726636,0.353587220311812
4,2,0.17218559690260093,0.3965648695981865
4,2,0.13259712465726636,0.3965648695981865
4,2,0.13259712465726636,0.3965648695981865
4,2,0.17218559690260093,0.3965648695981865
4,2,0.17218559690260093,0.43954251888456053
4,2,0.17218559690260093,0.3965648695981865
4,2,0.2117740691479355,0.43954251888456053
4,2,0.17218559690260093,0.43954251888456053
4,2,0.17218559690260093,0.43954251888456053
4,2,0.2117740691479355,0.43954251888456053
4,2,0.2117740691479355,0.482520168170935
4,2,0.09300865241193179,0.31060957102543796
4,2,0.13259712465726636,0.31060957102543796
4,2,0.13259712465726636,0.353587220311812
4,2,0.13259712465726636,0.31060957102543796
4,2,0.17218559690260093,0.353587220311812
4,2,0.13259712465726636,0.353587220311812
4,2,0.13259712465726636,0.353587220311812
4,2,0.17218559690260093,0.353587220311812
4,2,0.17218559690260093,0.3965648695981865
4,2,0.17218559690260093,0.353587220311812
4,2,0.2117740691479355,0.3965648695981865
4,2,0.17218559690260093,0.3965648695981865
4,2,0.17218559690260093,0.3965648695981865
4,2,0.2117740691479355,0.3965648695981865
4,2,0.2117740691479355,0.43954251888456053
4,2,0.13259712465726636,0.31060957102543796
4,2,0.17218559690260093,0.31060957102543796
4,2,0.17218559690260093,0.353587220311812
4,2,0.17218559690260093,0.31060957102543796
4,2,0.2117740691479355,0.353587220311812
4,2,0.17218559690260093,0.353587220311812
4,2,0.17218559690260093,0.353587220311812
4,2,0.2117740691479355,0.353587220311812
4,2,0.2117740691479355,0.3965648695981865
4,2,0.17218559690260093,0.31060957102543796
4,2,0.2117740691479355,0.31060957102543796
4,2,0.2117740691479355,0.353587220311812
4,2,0.2117740691479355,0.482520168170935
4,2,0.17218559690260093,0.482520168170935
4,2,0.17218559690260093,0.43954251888456053
4,2,0.17218559690260093,0.482520168170935
4,2,0.13259712465726636,0.43954251888456053
4,2,0.17218559690260093,0.43954251888456053
4,2,0.17218559690260093,0.43954251888456053
4,2,0.13259712465726636,0.43954251888456053
4,2,0.13259712465726636,0.3965648695981865
4,2,0.13259712465726636,0.43954251888456053
4,2,0.09300865241193179,0.3965648695981865
4,2,0.13259712465726636,0.3965648695981865
4,2,0.13259712465726636,0.3965648695981865
4,2,0.09300865241193179,0.3965648695981865
4,2,0.09300865241193179,0.353587220311812
4,2,0.09300865241193179,0.3965648695981865
4,2,0.05342018016659633,0.353587220311812
4,2,0.09300865241193179,0.353587220311812
4,2,0.09300865241193179,0.353587220311812
4,2,0.05342018016659633,0.353587220311812
4,2,0.05342018016659633,0.31060957102543796
4,2,0.17218559690260093,0.482520168170935
4,2,0.13259712465726636,0.482520168170935
4,2,0.13259712465726636,0.43954251888456053
4,2,0.13259712465726636,0.482520168170935
4,2,0.09300865241193179,0.43954251888456053
4,2,0.13259712465726636,0.43954251888456053
4,2,0.13259712465726636,0.43954251888456053
4,2,0.09300865241193179,0.43954251888456053
4,2,0.09300865241193179,0.3965648695981865
4,2,0.09300865241193179,0.43954251888456053
4,2,0.05342018016659633,0.3965648695981865
4,2,0.09300865241193179,0.3965648695981865
4,2,0.09300865241193179,0.3965648695981865
4,2,0.05342018016659633,0.3965648695981865
4,2,0.05342018016659633,0.353587220311812
4,2,0.13259712465726636,0.482520168170935
4,2,0.09300865241193179,0.482520168170935
4,2,0.09300865241193179,0.43954251888456053
4,2,0.09300865241193179,0.482520168170935
4,2,0.05342018016659633,0.43954251888456053
4,2,0.09300865241193179,0.43954251888456053
4,2,0.09300865241193179,0.43954251888456053
4,2,0.05342018016659633,0.43954251888456053
4,2,0.05342018016659633,0.3965648695981865
4,2,0.09300865241193179,0.482520168170935
4,2,0.05342018016659633,0.482520168170935
4,2,0.05342018016659633,0.43954251888456053
3,2,0.9900000000000002,0.9199999999999999
3,2,0.9071731459619232,0.8345637878039196
3,1,0.9071731459619232,0.005436212196080259
4,2,0.07282685403807676,0.8345637878039196
4,1,0.07282685403807676,0.005436212196080259
3,1,0.9885066247195033,0.08710477153156204
3,1,0.9482651485116764,0.08710477153156204
3,1,0.9482651485116764,0.04438105622528421
3,1,0.9482651485116764,0.08710477153156204
3,1,0.9080236723038495,0.04438105622528421
3,1,0.9482651485116764,0.04438105622528421
3,1,0.9482651485116764,0.04438105622528421
3,1,0.9080236723038495,0.04438105622528421
3,1,0.9080236723038495,0.0016573409190063781
3,1,0.9080236723038495,0.04438105622528421
3,1,0.8677821960960226,0.0016573409190063781
3,1,0.9080236723038495,0.0016573409190063781
3,1,0.9080236723038495,0.0016573409190063781
3,1,0.8677821960960226,0.0016573409190063781
3,2,0.8677821960960226,0.9589336256127288
3,1,0.8677821960960226,0.0016573409190063781
3,2,0.8275407198881957,0.9589336256127288
3,2,0.8677821960960226,0.9589336256127288
3,2,0.8677821960960226,0.9589336256127288
3,2,0.8275407198881957,0.9589336256127288
3,2,0.8275407198881957,0.9162099103064509
3,1,0.9482651485116764,0.08710477153156204
3,1,0.9080236723038495,0.08710477153156204
3,1,0.9080236723038495,0.04438105622528421
3,1,0.9080236723038495,0.08710477153156204
3,1,0.8677821960960226,0.04438105622528421
3,1,0.9080236723038495,0.04438105622528421
3,1,0.9080236723038495,0.04438105622528421
3,1,0.8677821960960226,0.04438105622528421
3,1,0.8677821960960226,0.0016573409190063781
3,1,0.8677821960960226,0.04438105622528421
3,1,0.8275407198881957,0.0016573409190063781
3,1,0.8677821960960226,0.0016573409190063781
3,1,0.8677821960960226,0.0016573409190063781
3,1,0.8275407198881957,0.0016573409190063781
3,2,0.8275407198881957,0.9589336256127288
3,1,0.9080236723038495,0.08710477153156204
3,1,0.8677821960960226,0.08710477153156204
3,1,0.8677821960960226,0.04438105622528421
3,1,0.8677821960960226,0.08710477153156204
3,1,0.8275407198881957,0.04438105622528421
3,1,0.8677821960960226,0.04438105622528421
3,1,0.8677821960960226,0.04438105622528421
3,1,0.8275407198881957,0.04438105622528421
3,1,0.8275407198881957,0.0016573409190063781
3,1,0.8677821960960226,0.08710477153156204
3,1,0.8275407198881957,0.08710477153156204
3,1,0.8275407198881957,0.04438105622528421
3,2,0.8275407198881957,0.9162099103064509
3,2,0.8677821960960226,0.9162099103064509
3,2,0.8677821960960226,0.9589336256127288
3,2,0.8677821960960226,0.9162099103064509
3,2,0.9080236723038495,0.9589336256127288
3,2,0.8677821960960226,0.9589336256127288
3,2,0.8677821960960226,0.9589336256127288
3,2,0.9080236723038495,0.9589336256127288
3,1,0.9080236723038495,0.0016573409190063781
3,2,0.9080236723038495,0.9589336256127288
3,1,0.9482651485116764,0.0016573409190063781
3,1,0.9080236723038495,0.0016573409190063781
3,1,0.9080236723038495,0.0016573409190063781
3,1,0.9482651485116764,0.0016573409190063781
3,1,0.9482651485116764,0.04438105622528421
3,1,0.9482651485116764,0.0016573409190063781
3,1,0.9885066247195033,0.04438105622528421
3,1,0.9482651485116764,0.04438105622528421
3,1,0.9482651485116764,0.04438105622528421
3,1,0.9885066247195033,0.04438105622528421
3,1,0.9885066247195033,0.08710477153156204
3,2,0.8677821960960226,0.9162099103064509
3,2,0.9080236723038495,0.9162099103064509
3,2,0.9080236723038495,0.9589336256127288
3,2,0.9080236723038495,0.9162099103064509
3,2,0.9482651485116764,0.9589336256127288
3,2,0.9080236723038495,0.9589336256127288
3,2,0.9080236723038495,0.9589336256127288
3,2,0.9482651485116764,0.9589336256127288
3,1,0.9482651485116764,0.0016573409190063781
3,2,0.9482651485116764,0.9589336256127288
3,1,0.9885066247195033,0.0016573409190063781
3,1,0.9482651485116764,0.0016573409190063781
3,1,0.9482651485116764,0.0016573409190063781
3,1,0.9885066247195033,0.0016573409190063781
3,1,0.9885066247195033,0.04438105622528421
3,2,0.9080236723038495,0.9162099103064509
3,2,0.9482651485116764,0.9162099103064509
3,2,0.9482651485116764,0.9589336256127288
3,2,0.9482651485116764,0.9162099103064509
3,2,0.9885066247195033,0.9589336256127288
3,2,0.9482651485116764,0.9589336256127288
3,2,0.9482651485116764,0.9589336256127288
3,2,0.9885066247195033,0.9589336256127288
3,1,0.9885066247195033,0.0016573409190063781
3,2,0.9482651485116764,0.9162099103064509
3,2,0.9885066247195033,0.9162099103064509
3,2,0.9885066247195033,0.9589336256127288
3,2,0.9885066247195033,0.9162099103064509
3,2,0.9482651485116764,0.9162099103064509
3,2,0.9482651485116764,0.8734715935937114
3,2,0.9482651485116764,0.9162099103064509
3,2,0.9080236723038495,0.8734715935937114
3,2,0.9482651485116764,0.8734715935937114
3,2,0.9482651485116764,0.8734715935937114
3,2,0.9080236723038495,0.8734715935937114
3,2,0.9080236723038495,0.8307332768809723
3,2,0.9080236723038495,0.8734715935937114
3,2,0.8677821960960226,0.8307332768809723
3,2,0.9080236723038495,0.8307332768809723
3,2,0.9080236723038495,0.8307332768809723
3,2,0.8677821960960226,0.8307332768809723
3,2,0.8677821960960226,0.7879949601682328
3,2,0.8677821960960226,0.8307332768809723
3,2,0.8275407198881957,0.7879949601682328
3,2,0.8677821960960226,0.7879949601682328
3,2,0.8677821960960226,0.7879949601682328
3,2,0.8275407198881957,0.7879949601682328
3,2,0.8275407198881957,0.7452566434554937
3,2,0.9482651485116764,0.9162099103064509
3,2,0.9080236723038495,0.9162099103064509
3,2,0.9080236723038495,0.8734715935937114
3,2,0.9080236723038495,0.9162099103064509
3,2,0.8677821960960226,0.8734715935937114
3,2,0.9080236723038495,0.8734715935937114
3,2,0.9080236723038495,0.8734715935937114
3,2,0.8677821960960226,0.8734715935937114
3,2,0.8677821960960226,0.8307332768809723
3,2,0.8677821960960226,0.8734715935937114
3,2,0.8275407198881957,0.8307332768809723
3,2,0.8677821960960226,0.8307332768809723
3,2,0.8677821960960226,0.8307332768809723
3,2,0.8275407198881957,0.8307332768809723
3,2,0.8275407198881957,0.7879949601682328
3,2,0.9080236723038495,0.9162099103064509
3,2,0.8677821960960226,0.9162099103064509
3,2,0.8677821960960226,0.8734715935937114
3,2,0.8677821960960226,0.9162099103064509
3,2,0.8275407198881957,0.8734715935937114
3,2,0.8677821960960226,0.8734715935937114
3,2,0.8677821960960226,0.8734715935937114
3,2,0.8275407198881957,0.8734715935937114
3,2,0.8275407198881957,0.8307332768809723
3,2,0.8677821960960226,0.9162099103064509
3,2,0.8275407198881957,0.9162099103064509
3,2,0.8275407198881957,0.8734715935937114
3,2,0.8275407198881957,0.7452566434554937
3,2,0.8677821960960226,0.7452566434554937
3,2,0.8677821960960226,0.7879949601682328
3,2,0.8677821960960226,0.7452566434554937
3,2,0.9080236723038495,0.7879949601682328
3,2,0.8677821960960226,0.7879949601682328
3,2,0.8677821960960226,0.7879949601682328
3,2,0.9080236723038495,0.7879949601682328
3,2,0.9080236723038495,0.8307332768809723
3,2,0.9080236723038495,0.7879949601682328
3,2,0.9482651485116764,0.8307332768809723
3,2,0.9080236723038495,0.8307332768809723
3,2,0.9080236723038495,0.8307332768809723
3,2,0.9482651485116764,0.8307332768809723
3,2,0.9482651485116764,0.8734715935937114
3,2,0.9482651485116764,0.8307332768809723
3,2,0.9885066247195033,0.8734715935937114
3,2,0.9482651485116764,0.8734715935937114
3,2,0.9482651485116764,0.8734715935937114
3,2,0.9885066247195033,0.8734715935937114
3,2,0.9885066247195033,0.9162099103064509
3,2,0.8677821960960226,0.7452566434554937
3,2,0.9080236723038495,0.7452566434554937
3,2,0.9080236723038495,0.7879949601682328
3,2,0.9080236723038495,0.7452566434554937
3,2,0.9482651485116764,0.7879949601682328
3,2,0.9080236723038495,0.7879949601682328
3,2,0.9080236723038495,0.7879949601682328
3,2,0.9482651485116764,0.7879949601682328
3,2,0.9482651485116764,0.8307332768809723
3,2,0.9482651485116764,0.7879949601682328
3,2,0.9885066247195033,0.8307332768809723
3,2,0.9482651485116764,0.8307332768809723
3,2,0.9482651485116764,0.8307332768809723
3,2,0.9885066247195033,0.8307332768809723
3,2,0.9885066247195033,0.8734715935937114
3,2,0.9080236723038495,0.7452566434554937
3,2,0.9482651485116764,0.7452566434554937
3,2,0.9482651485116764,0.7879949601682328
3,2,0.9482651485116764,0.7452566434554937
3,2,0.9885066247195033,0.7879949601682328
3,2,0.9482651485116764,0.7879949601682328
3,2,0.9482651485116764,0.7879949601682328
3,2,0.9885066247195033,0.7879949601682328
3,2,0.9885066247195033,0.8307332768809723
3,2,0.9482651485116764,0.7452566434554937
3,2,0.9885066247195033,0.7452566434554937
3,2,0.9885066247195033,0.7879949601682328
3,1,0.9885066247195033,0.08710477153156204
3,1,0.9885066247195033,0.04438105622528421
4,1,0.028777303740253224,0.04438105622528421
3,1,0.9885066247195033,0.04438105622528421
4,1,0.028777303740253224,0.0016573409190063781
4,1,0.028777303740253224,0.04438105622528421
4,1,0.028777303740253224,0.04438105622528421
4,1,0.028777303740253224,0.0016573409190063781
4,1,0.06904798276100266,0.0016573409190063781
4,1,0.028777303740253224,0.0016573409190063781
4,2,0.06904798276100266,0.9589336256127288
4,1,0.06904798276100266,0.0016573409190063781
4,1,0.06904798276100266,0.0016573409190063781
4,2,0.06904798276100266,0.9589336256127288
4,2,0.10931866178175298,0.9589336256127288
4,2,0.06904798276100266,0.9589336256127288
4,2,0.10931866178175298,0.9162099103064509
4,2,0.10931866178175298,0.9589336256127288
4,2,0.10931866178175298,0.9589336256127288
4,2,0.10931866178175298,0.9162099103064509
4,2,0.1495893408025024,0.9162099103064509
3,1,0.9885066247195033,0.04438105622528421
3,1,0.9885066247195033,0.0016573409190063781
4,1,0.028777303740253224,0.0016573409190063781
3,1,0.9885066247195033,0.0016573409190063781
4,2,0.028777303740253224,0.9589336256127288
4,1,0.028777303740253224,0.0016573409190063781
4,1,0.028777303740253224,0.0016573409190063781
4,2,0.028777303740253224,0.9589336256127288
4,2,0.06904798276100266,0.9589336256127288
4,2,0.028777303740253224,0.9589336256127288
4,2,0.06904798276100266,0.9162099103064509
4,2,0.06904798276100266,0.9589336256127288
4,2,0.06904798276100266,0.9589336256127288
4,2,0.06904798276100266,0.9162099103064509
4,2,0.10931866178175298,0.9162099103064509
3,1,0.9885066247195033,0.0016573409190063781
3,2,0.9885066247195033,0.9589336256127288
4,2,0.028777303740253224,0.9589336256127288
3,2,0.9885066247195033,0.9589336256127288
4,2,0.028777303740253224,0.9162099103064509
4,2,0.028777303740253224,0.9589336256127288
4,2,0.028777303740253224,0.9589336256127288
4,2,0.028777303740253224,0.9162099103064509
4,2,0.06904798276100266,0.9162099103064509
3,2,0.9885066247195033,0.9589336256127288
3,2,0.9885066247195033,0.9162099103064509
4,2,0.028777303740253224,0.9162099103064509
4,2,0.1495893408025024,0.9162099103064509
4,2,0.1495893408025024,0.9589336256127288
4,2,0.10931866178175298,0.9589336256127288
4,2,0.1495893408025024,0.9589336256127288
4,1,0.10931866178175298,0.0016573409190063781
4,2,0.10931866178175298,0.9589336256127288
4,2,0.10931866178175298,0.9589336256127288
4,1,0.10931866178175298,0.0016573409190063781
4,1,0.06904798276100266,0.0016573409190063781
4,1,0.10931866178175298,0.0016573409190063781
4,1,0.06904798276100266,0.04438105622528421
4,1,0.06904798276100266,0.0016573409190063781
4,1,0.06904798276100266,0.0016573409190063781
4,1,0.06904798276100266,0.04438105622528421
4,1,0.028777303740253224,0.04438105622528421
4,1,0.06904798276100266,0.04438105622528421
4,1,0.028777303740253224,0.08710477153156204
4,1,0.028777303740253224,0.04438105622528421
4,1,0.028777303740253224,0.04438105622528421
4,1,0.028777303740253224,0.08710477153156204
3,1,0.9885066247195033,0.08710477153156204
4,2,0.1495893408025024,0.9589336256127288
4,1,0.1495893408025024,0.0016573409190063781
4,1,0.10931866178175298,0.0016573409190063781
4,1,0.1495893408025024,0.0016573409190063781
4,1,0.10931866178175298,0.04438105622528421
4,1,0.10931866178175298,0.0016573409190063781
4,1,0.10931866178175298,0.0016573409190063781
4,1,0.10931866178175298,0.04438105622528421
4,1,0.06904798276100266,0.04438105622528421
4,1,0.10931866178175298,0.04438105622528421
4,1,0.06904798276100266,0.08710477153156204
4,1,0.06904798276100266,0.04438105622528421
4,1,0.06904798276100266,0.04438105622528421
4,1,0.06904798276100266,0.08710477153156204
4,1,0.028777303740253224,0.08710477153156204
4,1,0.1495893408025024,0.0016573409190063781
4,1,0.1495893408025024,0.04438105622528421
4,1,0.10931866178175298,0.04438105622528421
4,1,0.1495893408025024,0.04438105622528421
4,1,0.10931866178175298,0.08710477153156204
4,1,0.10931866178175298,0.04438105622528421
4,1,0.10931866178175298,0.04438105622528421
4,1,0.10931866178175298,0.08710477153156204
4,1,0.06904798276100266,0.08710477153156204
4,1,0.1495893408025024,0.04438105622528421
4,1,0.1495893408025024,0.08710477153156204
4,1,0.10931866178175298,0.08710477153156204
3,2,0.9885066247195033,0.9162099103064509
3,2,0.9885066247195033,0.8734715935937114
4,2,0.028777303740253224,0.8734715935937114
3,2,0.9885066247195033,0.8734715935937114
4,2,0.028777303740253224,0.8307332768809723
4,2,0.028777303740253224,0.8734715935937114
4,2,0.028777303740253224,0.8734715935937114
4,2,0.028777303740253224,0.8307332768809723
4,2,0.06904798276100266,0.8307332768809723
4,2,0.028777303740253224,0.8307332768809723
4,2,0.06904798276100266,0.7879949601682332
4,2,0.06904798276100266,0.8307332768809723
4,2,0.06904798276100266,0.8307332768809723
4,2,0.06904798276100266,0.7879949601682332
4,2,0.10931866178175298,0.7879949601682328
4,2,0.06904798276100266,0.7879949601682332
4,2,0.10931866178175298,0.7452566434554937
4,2,0.10931866178175298,0.7879949601682328
4,2,0.10931866178175298,0.7879949601682328
4,2,0.10931866178175298,0.7452566434554937
4,2,0.1495893408025024,0.7452566434554937
3,2,0.9885066247195033,0.8734715935937114
3,2,0.9885066247195033,0.8307332768809723
4,2,0.028777303740253224,0.8307332768809723
3,2,0.9885066247195033,0.8307332768809723
4,2,0.028777303740253224,0.7879949601682328
4,2,0.028777303740253224,0.8307332768809723
4,2,0.028777303740253224,0.8307332768809723
4,2,0.028777303740253224,0.7879949601682328
4,2,0.06904798276100266,0.7879949601682332
4,2,0.028777303740253224,0.7879949601682328
4,2,0.06904798276100266,0.7452566434554937
4,2,0.06904798276100266,0.7879949601682332
4,2,0.06904798276100266,0.7879949601682332
4,2,0.06904798276100266,0.7452566434554937
4,2,0.10931866178175298,0.7452566434554937
3,2,0.9885066247195033,0.8307332768809723
3,2,0.9885066247195033,0.7879949601682328
4,2,0.028777303740253224,0.7879949601682328
3,2,0.9885066247195033,0.7879949601682328
4,2,0.028777303740253224,0.7452566434554937
4,2,0.028777303740253224,0.7879949601682328
4,2,0.028777303740253224,0.7879949601682328
4,2,0.028777303740253224,0.7452566434554937
4,2,0.06904798276100266,0.7452566434554937
3,2,0.9885066247195033,0.7879949601682328
3,2,0.9885066247195033,0.7452566434554937
4,2,0.028777303740253224,0.7452566434554937
4,2,0.1495893408025024,0.7452566434554937
4,2,0.1495893408025024,0.7879949601682328
4,2,0.10931866178175298,0.7879949601682328
4,2,0.1495893408025024,0.7879949601682328
4,2,0.10931866178175298,0.8307332768809723
4,2,0.10931866178175298,0.7879949601682328
4,2,0.10931866178175298,0.7879949601682328
4,2,0.10931866178175298,0.8307332768809723
4,2,0.06904798276100266,0.8307332768809723
4,2,0.10931866178175298,0.8307332768809723
4,2,0.06904798276100266,0.8734715935937114
4,2,0.06904798276100266,0.8307332768809723
4,2,0.06904798276100266,0.8307332768809723
4,2,0.06904798276100266,0.8734715935937114
4,2,0.028777303740253224,0.8734715935937114
4,2,0.06904798276100266,0.8734715935937114
4,2,0.028777303740253224,0.9162099103064509
4,2,0.028777303740253224,0.8734715935937114
4,2,0.028777303740253224,0.8734715935937114
4,2,0.028777303740253224,0.9162099103064509
3,2,0.9885066247195033,0.9162099103064509
4,2,0.1495893408025024,0.7879949601682328
4,2,0.1495893408025024,0.8307332768809723
4,2,0.10931866178175298,0.8307332768809723
4,2,0.1495893408025024,0.8307332768809723
4,2,0.10931866178175298,0.8734715935937114
4,2,0.10931866178175298,0.8307332768809723
4,2,0.10931866178175298,0.8307332768809723
4,2,0.10931866178175298,0.8734715935937114
4,2,0.06904798276100266,0.8734715935937114
4,2,0.10931866178175298,0.8734715935937114
4,2,0.06904798276100266,0.9162099103064509
4,2,0.06904798276100266,0.8734715935937114
4,2,0.06904798276100266,0.8734715935937114
4,2,0.06904798276100266,0.9162099103064509
4,2,0.028777303740253224,0.9162099103064509
4,2,0.1495893408025024,0.8307332768809723
4,2,0.1495893408025024,0.8734715935937114
4,2,0.10931866178175298,0.8734715935937114
4,2,0.1495893408025024,0.8734715935937114
4,2,0.10931866178175298,0.9162099103064509
4,2,0.10931866178175298,0.8734715935937114
4,2,0.10931866178175298,0.8734715935937114
4,2,0.10931866178175298,0.9162099103064509
4,2,0.06904798276100266,0.9162099103064509
4,2,0.1495893408025024,0.8734715935937114
4,2,0.1495893408025024,0.9162099103064509
4,2,0.10931866178175298,0.9162099103064509
3,2,0.9900000000000002,0.009999999999999787
3,3,0.8850332459202299,0.8706769093826954
3,2,0.8850332459202299,0.1493230906173042
4,3,0.09496675407977051,0.8706769093826954
4,2,0.09496675407977051,0.1493230906173042
4,2,0.014114137927587755,0.23128566819183627
3,2,0.9942033147477023,0.23128566819183627
3,2,0.9942033147477023,0.18047176032134482
3,2,0.9942033147477023,0.23128566819183627
3,2,0.9742924915678173,0.18047176032134482
3,2,0.9942033147477023,0.18047176032134482
3,2,0.9942033147477023,0.18047176032134482
3,2,0.9742924915678173,0.18047176032134482
3,2,0.9742924915678173,0.12965785245085337
3,2,0.9742924915678173,0.18047176032134482
3,2,0.9543816683879318,0.12965785245085337
3,2,0.9742924915678173,0.12965785245085337
3,2,0.9742924915678173,0.12965785245085337
3,2,0.9543816683879318,0.12965785245085337
3,2,0.9543816683879318,0.07884394458036237
3,2,0.9543816683879318,0.12965785245085337
3,2,0.9344708452080468,0.07884394458036192
3,2,0.9543816683879318,0.07884394458036237
3,2,0.9543816683879318,0.07884394458036237
3,2,0.9344708452080468,0.07884394458036192
3,2,0.9344708452080468,0.02803003670987092
3,2,0.9344708452080468,0.07884394458036192
3,2,0.9145600220281613,0.02803003670987092
3,2,0.9344708452080468,0.02803003670987092
3,2,0.9344708452080468,0.02803003670987092
3,2,0.9145600220281613,0.02803003670987092
3,3,0.9145600220281613,0.9772161288393795
3,2,0.9145600220281613,0.02803003670987092
3,3,0.8946491988482763,0.9772161288393795
3,3,0.9145600220281613,0.9772161288393795
3,3,0.9145600220281613,0.9772161288393795
3,3,0.8946491988482763,0.9772161288393795
3,3,0.8946491988482763,0.926402220968888
3,3,0.8946491988482763,0.9772161288393795
3,3,0.8747383756683909,0.926402220968888
3,3,0.8946491988482763,0.926402220968888
3,3,0.8946491988482763,0.926402220968888
3,3,0.8747383756683909,0.926402220968888
3,3,0.8747383756683909,0.8755883130983966
3,3,0.8747383756683909,0.926402220968888
3,3,0.8548275524885058,0.8755883130983966
3,3,0.8747383756683909,0.8755883130983966
3,3,0.8747383756683909,0.8755883130983966
3,3,0.8548275524885058,0.8755883130983966
3,3,0.8548275524885058,0.8247744052279056
3,3,0.8548275524885058,0.8755883130983966
3,3,0.8349167293086204,0.8247744052279051
3,3,0.8548275524885058,0.8247744052279056
3,3,0.8548275524885058,0.8247744052279056
3,3,0.8349167293086204,0.8247744052279051
3,3,0.8349167293086204,0.7739604973574141
3,2,0.9942033147477023,0.23128566819183627
3,2,0.9742924915678173,0.23128566819183627
3,2,0.9742924915678173,0.18047176032134482
3,2,0.9742924915678173,0.23128566819183627
3,2,0.9543816683879318,0.18047176032134482
3,2,0.9742924915678173,0.18047176032134482
3,2,0.9742924915678173,0.18047176032134482
3,2,0.9543816683879318,0.18047176032134482
3,2,0.9543816683879318,0.12965785245085337
3,2,0.9543816683879318,0.18047176032134482
3,2,0.9344708452080468,0.12965785245085337
3,2,0.9543816683879318,0.12965785245085337
3,2,0.9543816683879318,0.12965785245085337
3,2,0.9344708452080468,0.12965785245085337
3,2,0.9344708452080468,0.07884394458036192
3,2,0.9344708452080468,0.12965785245085337
3,2,0.9145600220281613,0.07884394458036192
3,2,0.9344708452080468,0.07884394458036192
3,2,0.9344708452080468,0.07884394458036192
3,2,0.9145600220281613,0.07884394458036192
3,2,0.9145600220281613,0.02803003670987092
3,2,0.9145600220281613,0.07884394458036192
3,2,0.8946491988482763,0.02803003670987092
3,2,0.9145600220281613,0.02803003670987092
3,2,0.9145600220281613,0.02803003670987092
3,2,0.8946491988482763,0.02803003670987092
3,3,0.8946491988482763,0.9772161288393795
3,2,0.8946491988482763,0.02803003670987092
3,3,0.8747383756683909,0.9772161288393795
3,3,0.8946491988482763,0.9772161288393795
3,3,0.8946491988482763,0.9772161288393795
3,3,0.8747383756683909,0.9772161288393795
3,3,0.8747383756683909,0.926402220968888
3,3,0.8747383756683909,0.9772161288393795
3,3,0.8548275524885058,0.926402220968888
3,3,0.8747383756683909,0.926402220968888
3,3,0.8747383756683909,0.926402220968888
3,3,0.8548275524885058,0.926402220968888
3,3,0.8548275524885058,0.8755883130983966
3,3,0.8548275524885058,0.926402220968888
3,3,0.8349167293086204,0.8755883130983966
3,3,0.8548275524885058,0.8755883130983966
3,3,0.8548275524885058,0.8755883130983966
3,3,0.8349167293086204,0.8755883130983966
3,3,0.8349167293086204,0.8247744052279051
3,2,0.9742924915678173,0.23128566819183627
3,2,0.9543816683879318,0.23128566819183627
3,2,0.9543816683879318,0.18047176032134482
3,2,0.9543816683879318,0.23128566819183627
3,2,0.9344708452080468,0.18047176032134482
3,2,0.9543816683879318,0.18047176032134482
3,2,0.9543816683879318,0.18047176032134482
3,2,0.9344708452080468,0.18047176032134482
3,2,0.9344708452080468,0.12965785245085337
3,2,0.9344708452080468,0.18047176032134482
3,2,0.9145600220281613,0.12965785245085337
3,2,0.9344708452080468,0.12965785245085337
3,2,0.9344708452080468,0.12965785245085337
3,2,0.9145600220281613,0.12965785245085337
3,2,0.9145600220281613,0.07884394458036192
3,2,0.9145600220281613,0.12965785245085337
3,2,0.8946491988482763,0.07884394458036192
3,2,0.9145600220281613,0.07884394458036192
3,2,0.9145600220281613,0.07884394458036192
3,2,0.8946491988482763,0.07884394458036192
3,2,0.8946491988482763,0.02803003670987092
3,2,0.8946491988482763,0.07884394458036192
3,2,0.8747383756683909,0.02803003670987092
3,2,0.8946491988482763,0.02803003670987092
3,2,0.8946491988482763,0.02803003670987092
3,2,0.8747383756683909,0.02803003670987092
3,3,0.8747383756683909,0.9772161288393795
3,2,0.8747383756683909,0.02803003670987092
3,3,0.8548275524885058,0.9772161288393795
3,3,0.8747383756683909,0.9772161288393795
3,3,0.8747383756683909,0.9772161288393795
3,3,0.8548275524885058,0.9772161288393795
3,3,0.8548275524885058,0.926402220968888
3,3,0.8548275524885058,0.9772161288393795
3,3,0.8349167293086204,0.926402220968888
3,3,0.8548275524885058,0.926402220968888
3,3,0.8548275524885058,0.926402220968888
3,3,0.8349167293086204,0.926402220968888
3,3,0.8349167293086204,0.8755883130983966
3,2,0.9543816683879318,0.23128566819183627
3,2,0.9344708452080468,0.23128566819183627
3,2,0.9344708452080468,0.18047176032134482
3,2,0.9344708452080468,0.23128566819183627
3,2,0.9145600220281613,0.18047176032134482
3,2,0.9344708452080468,0.18047176032134482
3,2,0.9344708452080468,0.18047176032134482
3,2,0.9145600220281613,0.18047176032134482
3,2,0.9145600220281613,0.12965785245085337
3,2,0.9145600220281613,0.18047176032134482
3,2,0.8946491988482763,0.12965785245085337
3,2,0.9145600220281613,0.12965785245085337
3,2,0.9145600220281613,0.12965785245085337
3,2,0.8946491988482763,0.12965785245085337
3,2,0.8946491988482763,0.07884394458036192
3,2,0.8946491988482763,0.12965785245085337
3,2,0.8747383756683909,0.07884394458036237
3,2,0.8946491988482763,0.07884394458036192
3,2,0.8946491988482763,0.07884394458036192
3,2,0.8747383756683909,0.07884394458036237
3,2,0.8747383756683909,0.02803003670987092
3,2,0.8747383756683909,0.07884394458036237
3,2,0.8548275524885058,0.02803003670987092
3,2,0.8747383756683909,0.02803003670987092
3,2,0.8747383756683909,0.02803003670987092
3,2,0.8548275524885058,0.02803003670987092
3,3,0.8548275524885058,0.9772161288393795
3,2,0.8548275524885058,0.02803003670987092
3,3,0.8349167293086204,0.9772161288393795
3,3,0.8548275524885058,0.9772161288393795
3,3,0.8548275524885058,0.9772161288393795
3,3,0.8349167293086204,0.9772161288393795
3,3,0.8349167293086204,0.926402220968888
3,2,0.9344708452080468,0.23128566819183627
3,2,0.9145600220281613,0.23128566819183627
3,2,0.9145600220281613,0.18047176032134482
3,2,0.9145600220281613,0.23128566819183627
3,2,0.8946491988482763,0.18047176032134482
3,2,0.9145600220281613,0.18047176032134482
3,2,0.9145600220281613,0.18047176032134482
3,2,0.8946491988482763,0.18047176032134482
3,2,0.8946491988482763,0.12965785245085337
3,2,0.8946491988482763,0.18047176032134482
3,2,0.8747383756683909,0.12965785245085337
3,2,0.8946491988482763,0.12965785245085337
3,2,0.8946491988482763,0.12965785245085337
3,2,0.8747383756683909,0.12965785245085337
3,2,0.8747383756683909,0.07884394458036237
3,2,0.8747383756683909,0.12965785245085337
3,2,0.8548275524885058,0.07884394458036237
3,2,0.8747383756683909,0.07884394458036237
3,2,0.8747383756683909,0.07884394458036237
3,2,0.8548275524885058,0.07884394458036237
3,2,0.8548275524885058,0.02803003670987092
3,2,0.8548275524885058,0.07884394458036237
3,2,0.8349167293086204,0.02803003670987092
3,2,0.8548275524885058,0.02803003670987092
3,2,0.8548275524885058,0.02803003670987092
3,2,0.8349167293086204,0.02803003670987092
3,3,0.8349167293086204,0.9772161288393795
3,2,0.9145600220281613,0.23128566819183627
3,2,0.8946491988482763,0.23128566819183627
3,2,0.8946491988482763,0.18047176032134482
3,2,0.8946491988482763,0.23128566819183627
3,2,0.8747383756683909,0.18047176032134482
3,2,0.8946491988482763,0.18047176032134482
3,2,0.8946491988482763,0.18047176032134482
3,2,0.8747383756683909,0.18047176032134482
3,2,0.8747383756683909,0.12965785245085337
3,2,0.8747383756683909,0.18047176032134482
3,2,0.8548275524885058,0.12965785245085337
3,2,0.8747383756683909,0.12965785245085337
3,2,0.8747383756683909,0.12965785245085337
3,2,0.8548275524885058,0.12965785245085337
3,2,0.8548275524885058,0.07884394458036237
3,2,0.8548275524885058,0.12965785245085337
3,2,0.8349167293086204,0.07884394458036237
3,2,0.8548275524885058,0.07884394458036237
3,2,0.8548275524885058,0.07884394458036237
3,2,0.8349167293086204,0.07884394458036237
3,2,0.8349167293086204,0.02803003670987092
3,2,0.8946491988482763,0.23128566819183627
3,2,0.8747383756683909,0.23128566819183627
3,2,0.8747383756683909,0.18047176032134482
3,2,0.8747383756683909,0.23128566819183627
3,2,0.8548275524885058,0.18047176032134482
3,2,0.8747383756683909,0.18047176032134482
3,2,0.8747383756683909,0.18047176032134482
3,2,0.8548275524885058,0.18047176032134482
3,2,0.8548275524885058,0.12965785245085337
3,2,0.8548275524885058,0.18047176032134482
3,2,0.8349167293086204,0.12965785245085337
3,2,0.8548275524885058,0.12965785245085337
3,2,0.8548275524885058,0.12965785245085337
3,2,0.8349167293086204,0.12965785245085337
3,2,0.8349167293086204,0.07884394458036237
3,2,0.8747383756683909,0.23128566819183627
3,2,0.8548275524885058,0.23128566819183627
3,2,0.8548275524885058,0.18047176032134482
3,2,0.8548275524885058,0.23128566819183627
3,2,0.8349167293086204,0.18047176032134482
3,2,0.8548275524885058,0.18047176032134482
3,2,0.8548275524885058,0.18047176032134482
3,2,0.8349167293086204,0.18047176032134482
3,2,0.8349167293086204,0.12965785245085337
3,2,0.8548275524885058,0.23128566819183627
3,2,0.8349167293086204,0.23128566819183627
3,2,0.8349167293086204,0.18047176032134482
3,3,0.8349167293086204,0.7739604973574141
3,3,0.8548275524885058,0.7739604973574141
3,3,0.8548275524885058,0.8247744052279051
3,3,0.8548275524885058,0.7739604973574141
3,3,0.8747383756683909,0.8247744052279051
3,3,0.8548275524885058,0.8247744052279051
3,3,0.8548275524885058,0.8247744052279051
3,3,0.8747383756683909,0.8247744052279051
3,3,0.8747383756683909,0.8755883130983966
3,3,0.8747383756683909,0.8247744052279051
3,3,0.8946491988482759,0.8755883130983966
3,3,0.8747383756683909,0.8755883130983966
3,3,0.8747383756683909,0.8755883130983966
3,3,0.8946491988482759,0.8755883130983966
3,3,0.8946491988482763,0.926402220968888
3,3,0.8946491988482759,0.8755883130983966
3,3,0.9145600220281613,0.926402220968888
3,3,0.8946491988482763,0.926402220968888
3,3,0.8946491988482763,0.926402220968888
3,3,0.9145600220281613,0.926402220968888
3,3,0.9145600220281613,0.9772161288393795
3,3,0.9145600220281613,0.926402220968888
3,3,0.9344708452080468,0.9772161288393795
3,3,0.9145600220281613,0.9772161288393795
3,3,0.9145600220281613,0.9772161288393795
3,3,0.9344708452080468,0.9772161288393795
3,2,0.9344708452080468,0.02803003670987092
3,3,0.9344708452080468,0.9772161288393795
3,2,0.9543816683879318,0.02803003670987092
3,2,0.9344708452080468,0.02803003670987092
3,2,0.9344708452080468,0.02803003670987092
3,2,0.9543816683879318,0.02803003670987092
3,2,0.9543816683879318,0.07884394458036192
3,2,0.9543816683879318,0.02803003670987092
3,2,0.9742924915678173,0.07884394458036192
3,2,0.9543816683879318,0.07884394458036192
3,2,0.9543816683879318,0.07884394458036192
3,2,0.9742924915678173,0.07884394458036192
3,2,0.9742924915678173,0.12965785245085337
3,2,0.9742924915678173,0.07884394458036192
3,2,0.9942033147477023,0.12965785245085337
3,2,0.9742924915678173,0.12965785245085337
3,2,0.9742924915678173,0.12965785245085337
3,2,0.9942033147477023,0.12965785245085337
3,2,0.9942033147477023,0.18047176032134482
3,2,0.9942033147477023,0.12965785245085337
4,2,0.014114137927587755,0.18047176032134482
3,2,0.9942033147477023,0.18047176032134482
3,2,0.9942033147477023,0.18047176032134482
4,2,0.014114137927587755,0.18047176032134482
4,2,0.014114137927587755,0.23128566819183627
3,3,0.8548275524885058,0.7739604973574141
3,3,0.8747383756683909,0.7739604973574141
3,3,0.8747383756683909,0.8247744052279051
3,3,0.8747383756683909,0.7739604973574141
3,3,0.8946491988482763,0.8247744052279051
3,3,0.8747383756683909,0.8247744052279051
3,3,0.8747383756683909,0.8247744052279051
3,3,0.8946491988482763,0.8247744052279051
3,3,0.8946491988482759,0.8755883130983966
3,3,0.8946491988482763,0.8247744052279051
3,3,0.9145600220281613,0.8755883130983966
3,3,0.8946491988482759,0.8755883130983966
3,3,0.8946491988482759,0.8755883130983966
3,3,0.9145600220281613,0.8755883130983966
3,3,0.9145600220281613,0.926402220968888
3,3,0.9145600220281613,0.8755883130983966
3,3,0.9344708452080468,0.926402220968888
3,3,0.9145600220281613,0.926402220968888
3,3,0.9145600220281613,0.926402220968888
3,3,0.9344708452080468,0.926402220968888
3,3,0.9344708452080468,0.9772161288393795
3,3,0.9344708452080468,0.926402220968888
3,3,0.9543816683879318,0.9772161288393795
3,3,0.9344708452080468,0.9772161288393795
3,3,0.9344708452080468,0.9772161288393795
3,3,0.9543816683879318,0.9772161288393795
3,2,0.9543816683879318,0.02803003670987092
3,3,0.9543816683879318,0.9772161288393795
3,2,0.9742924915678173,0.02803003670987092
3,2,0.9543816683879318,0.02803003670987092
3,2,0.9543816683879318,0.02803003670987092
3,2,0.9742924915678173,0.02803003670987092
3,2,0.9742924915678173,0.07884394458036192
3,2,0.9742924915678173,0.02803003670987092
3,2,0.9942033147477023,0.07884394458036192
3,2,0.9742924915678173,0.07884394458036192
3,2,0.9742924915678173,0.07884394458036192
3,2,0.9942033147477023,0.07884394458036192
3,2,0.9942033147477023,0.12965785245085337
3,2,0.9942033147477023,0.07884394458036192
4,2,0.014114137927587755,0.12965785245085337
3,2,0.9942033147477023,0.12965785245085337
3,2,0.9942033147477023,0.12965785245085337
4,2,0.014114137927587755,0.12965785245085337
4,2,0.014114137927587755,0.18047176032134482
3,3,0.8747383756683909,0.7739604973574141
3,3,0.8946491988482763,0.7739604973574141
3,3,0.8946491988482763,0.8247744052279051
3,3,0.8946491988482763,0.7739604973574141
3,3,0.9145600220281613,0.8247744052279051
3,3,0.8946491988482763,0.8247744052279051
3,3,0.8946491988482763,0.8247744052279051
3,3,0.9145600220281613,0.8247744052279051
3,3,0.9145600220281613,0.8755883130983966
3,3,0.9145600220281613,0.8247744052279051
3,3,0.9344708452080468,0.8755883130983966
3,3,0.9145600220281613,0.8755883130983966
3,3,0.9145600220281613,0.8755883130983966
3,3,0.9344708452080468,0.8755883130983966
3,3,0.9344708452080468,0.926402220968888
3,3,0.9344708452080468,0.8755883130983966
3,3,0.9543816683879318,0.926402220968888
3,3,0.9344708452080468,0.926402220968888
3,3,0.9344708452080468,0.926402220968888
3,3,0.9543816683879318,0.926402220968888
3,3,0.9543816683879318,0.9772161288393795
3,3,0.9543816683879318,0.926402220968888
3,3,0.9742924915678173,0.9772161288393795
3,3,0.9543816683879318,0.9772161288393795
3,3,0.9543816683879318,0.9772161288393795
3,3,0.9742924915678173,0.9772161288393795
3,2,0.9742924915678173,0.02803003670987092
3,3,0.9742924915678173,0.9772161288393795
3,2,0.9942033147477023,0.02803003670987092
3,2,0.9742924915678173,0.02803003670987092
3,2,0.9742924915678173,0.02803003670987092
3,2,0.9942033147477023,0.02803003670987092
3,2,0.9942033147477023,0.07884394458036192
3,2,0.9942033147477023,0.02803003670987092
4,2,0.014114137927587755,0.07884394458036192
3,2,0.9942033147477023,0.07884394458036192
3,2,0.9942033147477023,0.07884394458036192
4,2,0.014114137927587755,0.07884394458036192
4,2,0.014114137927587755,0.12965785245085337
3,3,0.8946491988482763,0.7739604973574141
3,3,0.9145600220281613,0.7739604973574141
3,3,0.9145600220281613,0.8247744052279051
3,3,0.9145600220281613,0.7739604973574141
3,3,0.9344708452080468,0.8247744052279051
3,3,0.9145600220281613,0.8247744052279051
3,3,0.9145600220281613,0.8247744052279051
3,3,0.9344708452080468,0.8247744052279051
3,3,0.9344708452080468,0.8755883130983966
3,3,0.9344708452080468,0.8247744052279051
3,3,0.9543816683879318,0.8755883130983966
3,3,0.9344708452080468,0.8755883130983966
3,3,0.9344708452080468,0.8755883130983966
3,3,0.9543816683879318,0.8755883130983966
3,3,0.9543816683879318,0.926402220968888
3,3,0.9543816683879318,0.8755883130983966
3,3,0.9742924915678173,0.926402220968888
3,3,0.9543816683879318,0.926402220968888
3,3,0.9543816683879318,0.926402220968888
3,3,0.9742924915678173,0.926402220968888
3,3,0.9742924915678173,0.9772161288393795
3,3,0.9742924915678173,0.926402220968888
3,3,0.9942033147477023,0.9772161288393795
3,3,0.9742924915678173,0.9772161288393795
3,3,0.9742924915678173,0.9772161288393795
3,3,0.9942033147477023,0.9772161288393795
3,2,0.9942033147477023,0.02803003670987092
3,3,0.9942033147477023,0.9772161288393795
4,2,0.014114137927587755,0.02803003670987092
3,2,0.9942033147477023,0.02803003670987092
3,2,0.9942033147477023,0.02803003670987092
4,2,0.014114137927587755,0.02803003670987092
4,2,0.014114137927587755,0.07884394458036192
3,3,0.9145600220281613,0.7739604973574141
3,3,0.9344708452080468,0.7739604973574141
3,3,0.9344708452080468,0.8247744052279051
3,3,0.9344708452080468,0.7739604973574141
3,3,0.9543816683879318,0.8247744052279051
3,3,0.9344708452080468,0.8247744052279051
3,3,0.9344708452080468,0.8247744052279051
3,3,0.9543816683879318,0.8247744052279051
3,3,0.9543816683879318,0.8755883130983966
3,3,0.9543816683879318,0.8247744052279051
3,3,0.9742924915678173,0.8755883130983966
3,3,0.9543816683879318,0.8755883130983966
3,3,0.9543816683879318,0.8755883130983966
3,3,0.9742924915678173,0.8755883130983966
3,3,0.9742924915678173,0.926402220968888
3,3,0.9742924915678173,0.8755883130983966
3,3,0.9942033147477023,0.926402220968888
3,3,0.9742924915678173,0.926402220968888
3,3,0.9742924915678173,0.926402220968888
3,3,0.9942033147477023,0.926402220968888
3,3,0.9942033147477023,0.9772161288393795
3,3,0.9942033147477023,0.926402220968888
4,3,0.014114137927587755,0.9772161288393795
3,3,0.9942033147477023,0.9772161288393795
3,3,0.9942033147477023,0.9772161288393795
4,3,0.014114137927587755,0.9772161288393795
4,2,0.014114137927587755,0.02803003670987092
3,3,0.9344708452080468,0.7739604973574141
3,3,0.9543816683879318,0.7739604973574141
3,3,0.9543816683879318,0.8247744052279051
3,3,0.9543816683879318,0.7739604973574141
3,3,0.9742924915678173,0.8247744052279051
3,3,0.9543816683879318,0.8247744052279051
3,3,0.9543816683879318,0.8247744052279051
3,3,0.9742924915678173,0.8247744052279051
3,3,0.9742924915678173,0.8755883130983966
3,3,0.9742924915678173,0.8247744052279051
3,3,0.9942033147477023,0.8755883130983966
3,3,0.9742924915678173,0.8755883130983966
3,3,0.9742924915678173,0.8755883130983966
3,3,0.9942033147477023,0.8755883130983966
3,3,0.9942033147477023,0.926402220968888
3,3,0.9942033147477023,0.8755883130983966
4,3,0.014114137927587755,0.926402220968888
3,3,0.9942033147477023,0.926402220968888
3,3,0.9942033147477023,0.926402220968888
4,3,0.014114137927587755,0.926402220968888
4,3,0.014114137927587755,0.9772161288393795
3,3,0.9543816683879318,0.7739604973574141
3,3,0.9742924915678173,0.7739604973574141
3,3,0.9742924915678173,0.8247744052279051
3,3,0.9742924915678173,0.7739604973574141
3,3,0.9942033147477023,0.8247744052279051
3,3,0.9742924915678173,0.8247744052279051
3,3,0.9742924915678173,0.8247744052279051
3,3,0.9942033147477023,0.8247744052279051
3,3,0.9942033147477023,0.8755883130983966
3,3,0.9942033147477023,0.8247744052279051
4,3,0.014114137927587755,0.8755883130983966
3,3,0.9942033147477023,0.8755883130983966
3,3,0.9942033147477023,0.8755883130983966
4,3,0.014114137927587755,0.8755883130983966
4,3,0.014114137927587755,0.926402220968888
3,3,0.9742924915678173,0.7739604973574141
3,3,0.9942033147477023,0.7739604973574141
3,3,0.9942033147477023,0.8247744052279051
3,3,0.9942033147477023,0.7739604973574141
4,3,0.014114137927587755,0.8247744052279051
3,3,0.9942033147477023,0.8247744052279051
3,3,0.9942033147477023,0.8247744052279051
4,3,0.014114137927587755,0.8247744052279051
4,3,0.014114137927587755,0.8755883130983966
3,3,0.9942033147477023,0.7739604973574141
4,3,0.014114137927587755,0.7739604973574141
4,3,0.014114137927587755,0.8247744052279051
4,2,0.014114137927587755,0.23128566819183627
4,2,0.014114137927587755,0.18047176032134482
4,2,0.03401669935511631,0.18047176032134482
4,2,0.014114137927587755,0.18047176032134482
4,2,0.03401669935511631,0.12965785245085337
4,2,0.03401669935511631,0.18047176032134482
4,2,0.03401669935511631,0.18047176032134482
4,2,0.03401669935511631,0.12965785245085337
4,2,0.05391926078264486,0.12965785245085337
4,2,0.03401669935511631,0.12965785245085337
4,2,0.05391926078264486,0.07884394458036237
4,2,0.05391926078264486,0.12965785245085337
4,2,0.05391926078264486,0.12965785245085337
4,2,0.05391926078264486,0.07884394458036237
4,2,0.07382182221017253,0.07884394458036237
4,2,0.05391926078264486,0.07884394458036237
4,2,0.07382182221017253,0.02803003670987092
4,2,0.07382182221017253,0.07884394458036237
4,2,0.07382182221017253,0.07884394458036237
4,2,0.07382182221017253,0.02803003670987092
4,2,0.09372438363770108,0.02803003670987092
4,2,0.07382182221017253,0.02803003670987092
4,3,0.09372438363770108,0.9772161288393795
4,2,0.09372438363770108,0.02803003670987092
4,2,0.09372438363770108,0.02803003670987092
4,3,0.09372438363770108,0.9772161288393795
4,3,0.11362694506522963,0.9772161288393795
4,3,0.09372438363770108,0.9772161288393795
4,3,0.11362694506522963,0.926402220968888
4,3,0.11362694506522963,0.9772161288393795
4,3,0.11362694506522963,0.9772161288393795
4,3,0.11362694506522963,0.926402220968888
4,3,0.1335295064927582,0.926402220968888
4,3,0.11362694506522963,0.926402220968888
4,3,0.1335295064927582,0.8755883130983966
4,3,0.1335295064927582,0.926402220968888
4,3,0.1335295064927582,0.926402220968888
4,3,0.1335295064927582,0.8755883130983966
4,3,0.15343206792028674,0.8755883130983966
4,3,0.1335295064927582,0.8755883130983966
4,3,0.15343206792028674,0.8247744052279056
4,3,0.15343206792028674,0.8755883130983966
4,3,0.15343206792028674,0.8755883130983966
4,3,0.15343206792028674,0.8247744052279056
4,3,0.1733346293478153,0.8247744052279056
4,3,0.15343206792028674,0.8247744052279056
4,3,0.1733346293478153,0.7739604973574141
4,3,0.1733346293478153,0.8247744052279056
4,3,0.1733346293478153,0.8247744052279056
4,3,0.1733346293478153,0.7739604973574141
4,3,0.19323719077534385,0.7739604973574141
4,2,0.014114137927587755,0.18047176032134482
4,2,0.014114137927587755,0.12965785245085337
4,2,0.03401669935511631,0.12965785245085337
4,2,0.014114137927587755,0.12965785245085337
4,2,0.03401669935511631,0.07884394458036237
4,2,0.03401669935511631,0.12965785245085337
4,2,0.03401669935511631,0.12965785245085337
4,2,0.03401669935511631,0.07884394458036237
4,2,0.05391926078264486,0.07884394458036237
4,2,0.03401669935511631,0.07884394458036237
4,2,0.05391926078264486,0.02803003670987092
4,2,0.05391926078264486,0.07884394458036237
4,2,0.05391926078264486,0.07884394458036237
4,2,0.05391926078264486,0.02803003670987092
4,2,0.07382182221017253,0.02803003670987092
4,2,0.05391926078264486,0.02803003670987092
4,3,0.07382182221017253,0.9772161288393795
4,2,0.07382182221017253,0.02803003670987092
4,2,0.07382182221017253,0.02803003670987092
4,3,0.07382182221017253,0.9772161288393795
4,3,0.09372438363770108,0.9772161288393795
4,3,0.07382182221017253,0.9772161288393795
4,3,0.09372438363770108,0.926402220968888
4,3,0.09372438363770108,0.9772161288393795
4,3,0.09372438363770108,0.9772161288393795
4,3,0.09372438363770108,0.926402220968888
4,3,0.11362694506522963,0.926402220968888
4,3,0.09372438363770108,0.926402220968888
4,3,0.11362694506522963,0.8755883130983966
4,3,0.11362694506522963,0.926402220968888
4,3,0.11362694506522963,0.926402220968888
4,3,0.11362694506522963,0.8755883130983966
4,3,0.1335295064927582,0.8755883130983966
4,3,0.11362694506522963,0.8755883130983966
4,3,0.1335295064927582,0.8247744052279051
4,3,0.1335295064927582,0.8755883130983966
4,3,0.1335295064927582,0.8755883130983966
4,3,0.1335295064927582,0.8247744052279051
4,3,0.15343206792028674,0.8247744052279056
4,3,0.1335295064927582,0.8247744052279051
4,3,0.15343206792028674,0.7739604973574141
4,3,0.15343206792028674,0.8247744052279056
4,3,0.15343206792028674,0.8247744052279056
4,3,0.15343206792028674,0.7739604973574141
4,3,0.1733346293478153,0.7739604973574141
4,2,0.014114137927587755,0.12965785245085337
4,2,0.014114137927587755,0.07884394458036237
4,2,0.03401669935511631,0.07884394458036237
4,2,0.014114137927587755,0.07884394458036237
4,2,0.03401669935511631,0.02803003670987092
4,2,0.03401669935511631,0.07884394458036237
4,2,0.03401669935511631,0.07884394458036237
4,2,0.03401669935511631,0.02803003670987092
4,2,0.05391926078264486,0.02803003670987092
4,2,0.03401669935511631,0.02803003670987092
4,3,0.05391926078264486,0.9772161288393795
4,2,0.05391926078264486,0.02803003670987092
4,2,0.05391926078264486,0.02803003670987092
4,3,0.05391926078264486,0.9772161288393795
4,3,0.07382182221017253,0.9772161288393795
4,3,0.05391926078264486,0.9772161288393795
4,3,0.07382182221017253,0.926402220968888
4,3,0.07382182221017253,0.9772161288393795
4,3,0.07382182221017253,0.9772161288393795
4,3,0.07382182221017253,0.926402220968888
4,3,0.09372438363770108,0.926402220968888
4,3,0.07382182221017253,0.926402220968888
4,3,0.09372438363770108,0.8755883130983966
4,3,0.09372438363770108,0.926402220968888
4,3,0.09372438363770108,0.926402220968888
4,3,0.09372438363770108,0.8755883130983966
4,3,0.11362694506522963,0.8755883130983966
4,3,0.09372438363770108,0.8755883130983966
4,3,0.11362694506522963,0.8247744052279051
4,3,0.11362694506522963,0.8755883130983966
4,3,0.11362694506522963,0.8755883130983966
4,3,0.11362694506522963,0.8247744052279051
4,3,0.1335295064927582,0.8247744052279051
4,3,0.11362694506522963,0.8247744052279051
4,3,0.1335295064927582,0.7739604973574141
4,3,0.1335295064927582,0.8247744052279051
4,3,0.1335295064927582,0.8247744052279051
4,3,0.1335295064927582,0.7739604973574141
4,3,0.15343206792028674,0.7739604973574141
4,2,0.014114137927587755,0.07884394458036237
4,2,0.014114137927587755,0.02803003670987092
4,2,0.03401669935511631,0.02803003670987092
4,2,0.014114137927587755,0.02803003670987092
4,3,0.03401669935511631,0.9772161288393795
4,2,0.03401669935511631,0.02803003670987092
4,2,0.03401669935511631,0.02803003670987092
4,3,0.03401669935511631,0.9772161288393795
4,3,0.05391926078264486,0.9772161288393795
4,3,0.03401669935511631,0.9772161288393795
4,3,0.05391926078264486,0.926402220968888
4,3,0.05391926078264486,0.9772161288393795
4,3,0.05391926078264486,0.9772161288393795
4,3,0.05391926078264486,0.926402220968888
4,3,0.07382182221017253,0.926402220968888
4,3,0.05391926078264486,0.926402220968888
4,3,0.07382182221017253,0.8755883130983966
4,3,0.07382182221017253,0.926402220968888
4,3,0.07382182221017253,0.926402220968888
4,3,0.07382182221017253,0.8755883130983966
4,3,0.09372438363770108,0.8755883130983966
4,3,0.07382182221017253,0.8755883130983966
4,3,0.09372438363770108,0.8247744052279056
4,3,0.09372438363770108,0.8755883130983966
4,3,0.09372438363770108,0.8755883130983966
4,3,0.09372438363770108,0.8247744052279056
4,3,0.11362694506522963,0.8247744052279051
4,3,0.09372438363770108,0.8247744052279056
4,3,0.11362694506522963,0.7739604973574141
4,3,0.11362694506522963,0.8247744052279051
4,3,0.11362694506522963,0.8247744052279051
4,3,0.11362694506522963,0.7739604973574141
4,3,0.1335295064927582,0.7739604973574141
4,2,0.014114137927587755,0.02803003670987092
4,3,0.014114137927587755,0.9772161288393795
4,3,0.03401669935511631,0.9772161288393795
4,3,0.014114137927587755,0.9772161288393795
4,3,0.03401669935511631,0.926402220968888
4,3,0.03401669935511631,0.9772161288393795
4,3,0.03401669935511631,0.9772161288393795
4,3,0.03401669935511631,0.926402220968888
4,3,0.05391926078264486,0.926402220968888
4,3,0.03401669935511631,0.926402220968888
4,3,0.05391926078264486,0.8755883130983966
4,3,0.05391926078264486,0.926402220968888
4,3,0.05391926078264486,0.926402220968888
4,3,0.05391926078264486,0.8755883130983966
4,3,0.07382182221017253,0.8755883130983966
4,3,0.05391926078264486,0.8755883130983966
4,3,0.07382182221017253,0.8247744052279051
4,3,0.07382182221017253,0.8755883130983966
4,3,0.07382182221017253,0.8755883130983966
4,3,0.07382182221017253,0.8247744052279051
4,3,0.09372438363770108,0.8247744052279056
4,3,0.07382182221017253,0.8247744052279051
4,3,0.09372438363770108,0.7739604973574141
4,3,0.09372438363770108,0.8247744052279056
4,3,0.09372438363770108,0.8247744052279056
4,3,0.09372438363770108,0.7739604973574141
4,3,0.11362694506522963,0.7739604973574141
4,3,0.014114137927587755,0.9772161288393795
4,3,0.014114137927587755,0.926402220968888
4,3,0.03401669935511631,0.926402220968888
4,3,0.014114137927587755,0.926402220968888
4,3,0.03401669935511631,0.8755883130983966
4,3,0.03401669935511631,0.926402220968888
4,3,0.03401669935511631,0.926402220968888
4,3,0.03401669935511631,0.8755883130983966
4,3,0.05391926078264486,0.8755883130983966
4,3,0.03401669935511631,0.8755883130983966
4,3,0.05391926078264486,0.8247744052279056
4,3,0.05391926078264486,0.8755883130983966
4,3,0.05391926078264486,0.8755883130983966
4,3,0.05391926078264486,0.8247744052279056
4,3,0.07382182221017253,0.8247744052279051
4,3,0.05391926078264486,0.8247744052279056
4,3,0.07382182221017253,0.7739604973574141
4,3,0.07382182221017253,0.8247744052279051
4,3,0.07382182221017253,0.8247744052279051
4,3,0.07382182221017253,0.7739604973574141
4,3,0.09372438363770108,0.7739604973574141
4,3,0.014114137927587755,0.926402220968888
4,3,0.014114137927587755,0.8755883130983966
4,3,0.03401669935511631,0.8755883130983966
4,3,0.014114137927587755,0.8755883130983966
4,3,0.03401669935511631,0.8247744052279056
4,3,0.03401669935511631,0.8755883130983966
4,3,0.03401669935511631,0.8755883130983966
4,3,0.03401669935511631,0.8247744052279056
4,3,0.05391926078264486,0.8247744052279056
4,3,0.03401669935511631,0.8247744052279056
4,3,0.05391926078264486,0.7739604973574141
4,3,0.05391926078264486,0.8247744052279056
4,3,0.05391926078264486,0.8247744052279056
4,3,0.05391926078264486,0.7739604973574141
4,3,0.07382182221017253,0.7739604973574141
4,3,0.014114137927587755,0.8755883130983966
4,3,0.014114137927587755,0.8247744052279056
4,3,0.03401669935511631,0.8247744052279056
4,3,0.014114137927587755,0.8247744052279056
4,3,0.03401669935511631,0.7739604973574141
4,3,0.03401669935511631,0.8247744052279056
4,3,0.03401669935511631,0.8247744052279056
4,3,0.03401669935511631,0.7739604973574141
4,3,0.05391926078264486,0.7739604973574141
4,3,0.014114137927587755,0.8247744052279056
4,3,0.014114137927587755,0.7739604973574141
4,3,0.03401669935511631,0.7739604973574141
4,3,0.19323719077534385,0.7739604973574141
4,3,0.19323719077534385,0.8247744052279051
4,3,0.1733346293478153,0.8247744052279051
4,3,0.19323719077534385,0.8247744052279051
4,3,0.1733346293478153,0.8755883130983966
4,3,0.1733346293478153,0.8247744052279051
4,3,0.1733346293478153,0.8247744052279051
4,3,0.1733346293478153,0.8755883130983966
4,3,0.15343206792028674,0.8755883130983966
4,3,0.1733346293478153,0.8755883130983966
4,3,0.15343206792028674,0.926402220968888
4,3,0.15343206792028674,0.8755883130983966
4,3,0.15343206792028674,0.8755883130983966
4,3,0.15343206792028674,0.926402220968888
4,3,0.1335295064927582,0.926402220968888
4,3,0.15343206792028674,0.926402220968888
4,3,0.1335295064927582,0.9772161288393795
4,3,0.1335295064927582,0.926402220968888
4,3,0.1335295064927582,0.926402220968888
4,3,0.1335295064927582,0.9772161288393795
4,3,0.11362694506522963,0.9772161288393795
4,3,0.1335295064927582,0.9772161288393795
4,2,0.11362694506522963,0.02803003670987092
4,3,0.11362694506522963,0.9772161288393795
4,3,0.11362694506522963,0.9772161288393795
4,2,0.11362694506522963,0.02803003670987092
4,2,0.09372438363770108,0.02803003670987092
4,2,0.11362694506522963,0.02803003670987092
4,2,0.09372438363770108,0.07884394458036192
4,2,0.09372438363770108,0.02803003670987092
4,2,0.09372438363770108,0.02803003670987092
4,2,0.09372438363770108,0.07884394458036192
4,2,0.07382182221017253,0.07884394458036192
4,2,0.09372438363770108,0.07884394458036192
4,2,0.07382182221017253,0.12965785245085337
4,2,0.07382182221017253,0.07884394458036192
4,2,0.07382182221017253,0.07884394458036192
4,2,0.07382182221017253,0.12965785245085337
4,2,0.05391926078264486,0.12965785245085337
4,2,0.07382182221017253,0.12965785245085337
4,2,0.05391926078264486,0.18047176032134482
4,2,0.05391926078264486,0.12965785245085337
4,2,0.05391926078264486,0.12965785245085337
4,2,0.05391926078264486,0.18047176032134482
4,2,0.03401669935511631,0.18047176032134482
4,2,0.05391926078264486,0.18047176032134482
4,2,0.03401669935511631,0.23128566819183627
4,2,0.03401669935511631,0.18047176032134482
4,2,0.03401669935511631,0.18047176032134482
4,2,0.03401669935511631,0.23128566819183627
4,2,0.014114137927587755,0.23128566819183627
4,3,0.19323719077534385,0.8247744052279051
4,3,0.19323719077534385,0.8755883130983966
4,3,0.1733346293478153,0.8755883130983966
4,3,0.19323719077534385,0.8755883130983966
4,3,0.1733346293478153,0.926402220968888
4,3,0.1733346293478153,0.8755883130983966
4,3,0.1733346293478153,0.8755883130983966
4,3,0.1733346293478153,0.926402220968888
4,3,0.15343206792028674,0.926402220968888
4,3,0.1733346293478153,0.926402220968888
4,3,0.15343206792028674,0.9772161288393795
4,3,0.15343206792028674,0.926402220968888
4,3,0.15343206792028674,0.926402220968888
4,3,0.15343206792028674,0.9772161288393795
4,3,0.1335295064927582,0.9772161288393795
4,3,0.15343206792028674,0.9772161288393795
4,2,0.1335295064927582,0.02803003670987092
4,3,0.1335295064927582,0.9772161288393795
4,3,0.1335295064927582,0.9772161288393795
4,2,0.1335295064927582,0.02803003670987092
4,2,0.11362694506522963,0.02803003670987092
4,2,0.1335295064927582,0.02803003670987092
4,2,0.11362694506522963,0.07884394458036192
4,2,0.11362694506522963,0.02803003670987092
4,2,0.11362694506522963,0.02803003670987092
4,2,0.11362694506522963,0.07884394458036192
4,2,0.09372438363770108,0.07884394458036192
4,2,0.11362694506522963,0.07884394458036192
4,2,0.09372438363770108,0.12965785245085337
4,2,0.09372438363770108,0.07884394458036192
4,2,0.09372438363770108,0.07884394458036192
4,2,0.09372438363770108,0.12965785245085337
4,2,0.07382182221017253,0.12965785245085337
4,2,0.09372438363770108,0.12965785245085337
4,2,0.07382182221017253,0.18047176032134482
4,2,0.07382182221017253,0.12965785245085337
4,2,0.07382182221017253,0.12965785245085337
4,2,0.07382182221017253,0.18047176032134482
4,2,0.05391926078264486,0.18047176032134482
4,2,0.07382182221017253,0.18047176032134482
4,2,0.05391926078264486,0.23128566819183627
4,2,0.05391926078264486,0.18047176032134482
4,2,0.05391926078264486,0.18047176032134482
4,2,0.05391926078264486,0.23128566819183627
4,2,0.03401669935511631,0.23128566819183627
4,3,0.19323719077534385,0.8755883130983966
4,3,0.19323719077534385,0.926402220968888
4,3,0.1733346293478153,0.926402220968888
4,3,0.19323719077534385,0.926402220968888
4,3,0.1733346293478153,0.9772161288393795
4,3,0.1733346293478153,0.926402220968888
4,3,0.1733346293478153,0.926402220968888
4,3,0.1733346293478153,0.9772161288393795
4,3,0.15343206792028674,0.9772161288393795
4,3,0.1733346293478153,0.9772161288393795
4,2,0.15343206792028674,0.02803003670987092
4,3,0.15343206792028674,0.9772161288393795
4,3,0.15343206792028674,0.9772161288393795
4,2,0.15343206792028674,0.02803003670987092
4,2,0.1335295064927582,0.02803003670987092
4,2,0.15343206792028674,0.02803003670987092
4,2,0.1335295064927582,0.07884394458036192
4,2,0.1335295064927582,0.02803003670987092
4,2,0.1335295064927582,0.02803003670987092
4,2,0.1335295064927582,0.07884394458036192
4,2,0.11362694506522963,0.07884394458036192
4,2,0.1335295064927582,0.07884394458036192
4,2,0.11362694506522963,0.12965785245085337
4,2,0.11362694506522963,0.07884394458036192
4,2,0.11362694506522963,0.07884394458036192
4,2,0.11362694506522963,0.12965785245085337
4,2,0.09372438363770108,0.12965785245085337
4,2,0.11362694506522963,0.12965785245085337
4,2,0.09372438363770108,0.18047176032134482
4,2,0.09372438363770108,0.12965785245085337
4,2,0.09372438363770108,0.12965785245085337
4,2,0.09372438363770108,0.18047176032134482
4,2,0.07382182221017253,0.18047176032134482
4,2,0.09372438363770108,0.18047176032134482
4,2,0.07382182221017253,0.23128566819183627
4,2,0.07382182221017253,0.18047176032134482
4,2,0.07382182221017253,0.18047176032134482
4,2,0.07382182221017253,0.23128566819183627
4,2,0.05391926078264486,0.23128566819183627
4,3,0.19323719077534385,0.926402220968888
4,3,0.19323719077534385,0.9772161288393795
4,3,0.1733346293478153,0.9772161288393795
4,3,0.19323719077534385,0.9772161288393795
4,2,0.1733346293478153,0.02803003670987092
4,3,0.1733346293478153,0.9772161288393795
4,3,0.1733346293478153,0.9772161288393795
4,2,0.1733346293478153,0.02803003670987092
4,2,0.15343206792028674,0.02803003670987092
4,2,0.1733346293478153,0.02803003670987092
4,2,0.15343206792028674,0.07884394458036192
4,2,0.15343206792028674,0.02803003670987092
4,2,0.15343206792028674,0.02803003670987092
4,2,0.15343206792028674,0.07884394458036192
4,2,0.1335295064927582,0.07884394458036192
4,2,0.15343206792028674,0.07884394458036192
4,2,0.1335295064927582,0.12965785245085337
4,2,0.1335295064927582,0.07884394458036192
4,2,0.1335295064927582,0.07884394458036192
4,2,0.1335295064927582,0.12965785245085337
4,2,0.11362694506522963,0.12965785245085337
4,2,0.1335295064927582,0.12965785245085337
4,2,0.11362694506522963,0.18047176032134482
4,2,0.11362694506522963,0.12965785245085337
4,2,0.11362694506522963,0.12965785245085337
4,2,0.11362694506522963,0.18047176032134482
4,2,0.09372438363770108,0.18047176032134482
4,2,0.11362694506522963,0.18047176032134482
4,2,0.09372438363770108,0.23128566819183627
4,2,0.09372438363770108,0.18047176032134482
4,2,0.09372438363770108,0.18047176032134482
4,2,0.09372438363770108,0.23128566819183627
4,2,0.07382182221017253,0.23128566819183627
4,3,0.19323719077534385,0.9772161288393795
4,2,0.19323719077534385,0.02803003670987092
4,2,0.1733346293478153,0.02803003670987092
4,2,0.19323719077534385,0.02803003670987092
4,2,0.1733346293478153,0.07884394458036192
4,2,0.1733346293478153,0.02803003670987092
4,2,0.1733346293478153,0.02803003670987092
4,2,0.1733346293478153,0.07884394458036192
4,2,0.15343206792028674,0.07884394458036192
4,2,0.1733346293478153,0.07884394458036192
4,2,0.15343206792028674,0.12965785245085337
4,2,0.15343206792028674,0.07884394458036192
4,2,0.15343206792028674,0.07884394458036192
4,2,0.15343206792028674,0.12965785245085337
4,2,0.1335295064927582,0.12965785245085337
4,2,0.15343206792028674,0.12965785245085337
4,2,0.1335295064927582,0.18047176032134482
4,2,0.1335295064927582,0.12965785245085337
4,2,0.1335295064927582,0.12965785245085337
4,2,0.1335295064927582,0.18047176032134482
4,2,0.11362694506522963,0.18047176032134482
4,2,0.1335295064927582,0.18047176032134482
4,2,0.11362694506522963,0.23128566819183627
4,2,0.11362694506522963,0.18047176032134482
4,2,0.11362694506522963,0.18047176032134482
4,2,0.11362694506522963,0.23128566819183627
4,2,0.09372438363770108,0.23128566819183627
4,2,0.19323719077534385,0.02803003670987092
4,2,0.19323719077534385,0.07884394458036192
4,2,0.1733346293478153,0.07884394458036192
4,2,0.19323719077534385,0.07884394458036192
4,2,0.1733346293478153,0.12965785245085337
4,2,0.1733346293478153,0.07884394458036192
4,2,0.1733346293478153,0.07884394458036192
4,2,0.1733346293478153,0.12965785245085337
4,2,0.15343206792028674,0.12965785245085337
4,2,0.1733346293478153,0.12965785245085337
4,2,0.15343206792028674,0.18047176032134482
4,2,0.15343206792028674,0.12965785245085337
4,2,0.15343206792028674,0.12965785245085337
4,2,0.15343206792028674,0.18047176032134482
4,2,0.1335295064927582,0.18047176032134482
4,2,0.15343206792028674,0.18047176032134482
4,2,0.1335295064927582,0.23128566819183627
4,2,0.1335295064927582,0.18047176032134482
4,2,0.1335295064927582,0.18047176032134482
4,2,0.1335295064927582,0.23128566819183627
4,2,0.11362694506522963,0.23128566819183627
4,2,0.19323719077534385,0.07884394458036192
4,2,0.19323719077534385,0.12965785245085337
4,2,0.1733346293478153,0.12965785245085337
4,2,0.19323719077534385,0.12965785245085337
4,2,0.1733346293478153,0.18047176032134482
4,2,0.1733346293478153,0.12965785245085337
4,2,0.1733346293478153,0.12965785245085337
4,2,0.1733346293478153,0.18047176032134482
4,2,0.15343206792028674,0.18047176032134482
4,2,0.1733346293478153,0.18047176032134482
4,2,0.15343206792028674,0.23128566819183627
4,2,0.15343206792028674,0.18047176032134482
4,2,0.15343206792028674,0.18047176032134482
4,2,0.15343206792028674,0.23128566819183627
4,2,0.1335295064927582,0.23128566819183627
4,2,0.19323719077534385,0.12965785245085337
4,2,0.19323719077534385,0.18047176032134482
4,2,0.1733346293478153,0.18047176032134482
4,2,0.19323719077534385,0.18047176032134482
4,2,0.1733346293478153,0.23128566819183627
4,2,0.1733346293478153,0.18047176032134482
4,2,0.1733346293478153,0.18047176032134482
4,2,0.1733346293478153,0.23128566819183627
4,2,0.15343206792028674,0.23128566819183627
4,2,0.19323719077534385,0.18047176032134482
4,2,0.19323719077534385,0.23128566819183627
4,2,0.1733346293478153,0.23128566819183627
3,3,0.7742424200002898,0.9813015653798165
3,3,0.7742424200002898,0.9440493240030103
3,3,0.805947720844741,0.9440493240030103
3,3,0.7742424200002898,0.9440493240030103
3,3,0.805947720844741,0.9067970826262046
3,3,0.805947720844741,0.9440493240030103
3,3,0.805947720844741,0.9440493240030103
3,3,0.805947720844741,0.9067970826262046
3,3,0.8376530216891922,0.9067970826262046
3,3,0.805947720844741,0.9067970826262046
3,3,0.8376530216891922,0.8695448412493985
3,3,0.8376530216891922,0.9067970826262046
3,3,0.8376530216891922,0.9067970826262046
3,3,0.8376530216891922,0.8695448412493985
3,3,0.8693583225336434,0.8695448412493985
3,3,0.8376530216891922,0.8695448412493985
3,3,0.8693583225336434,0.8322925998725923
3,3,0.8693583225336434,0.8695448412493985
3,3,0.8693583225336434,0.8695448412493985
3,3,0.8693583225336434,0.8322925998725923
3,3,0.9010636233780946,0.8322925998725923
3,3,0.8693583225336434,0.8322925998725923
3,3,0.9010636233780946,0.7950403584957861
3,3,0.9010636233780946,0.8322925998725923
3,3,0.9010636233780946,0.8322925998725923
3,3,0.9010636233780946,0.7950403584957861
3,3,0.9327689242225459,0.7950403584957861
3,3,0.7742424200002898,0.9440493240030103
3,3,0.7742424200002898,0.9067970826262046
3,3,0.805947720844741,0.9067970826262046
3,3,0.7742424200002898,0.9067970826262046
3,3,0.805947720844741,0.8695448412493985
3,3,0.805947720844741,0.9067970826262046
3,3,0.805947720844741,0.9067970826262046
3,3,0.805947720844741,0.8695448412493985
3,3,0.8376530216891922,0.8695448412493985
3,3,0.805947720844741,0.8695448412493985
3,3,0.8376530216891922,0.8322925998725923
3,3,0.8376530216891922,0.8695448412493985
3,3,0.8376530216891922,0.8695448412493985
3,3,0.8376530216891922,0.8322925998725923
3,3,0.8693583225336434,0.8322925998725923
3,3,0.8376530216891922,0.8322925998725923
3,3,0.8693583225336434,0.7950403584957861
3,3,0.8693583225336434,0.8322925998725923
3,3,0.8693583225336434,0.8322925998725923
3,3,0.8693583225336434,0.7950403584957861
3,3,0.9010636233780946,0.7950403584957861
3,3,0.7742424200002898,0.9067970826262046
3,3,0.7742424200002898,0.8695448412493985
3,3,0.805947720844741,0.8695448412493985
3,3,0.7742424200002898,0.8695448412493985
3,3,0.805947720844741,0.8322925998725923
3,3,0.805947720844741,0.8695448412493985
3,3,0.805947720844741,0.8695448412493985
3,3,0.805947720844741,0.8322925998725923
3,3,0.8376530216891922,0.8322925998725923
3,3,0.805947720844741,0.8322925998725923
3,3,0.8376530216891922,0.7950403584957861
3,3,0.8376530216891922,0.8322925998725923
3,3,0.8376530216891922,0.8322925998725923
3,3,0.8376530216891922,0.7950403584957861
3,3,0.8693583225336434,0.7950403584957861
3,3,0.7742424200002898,0.8695448412493985
3,3,0.7742424200002898,0.8322925998725923
3,3,0.805947720844741,0.8322925998725923
3,3,0.7742424200002898,0.8322925998725923
3,3,0.805947720844741,0.7950403584957861
3,3,0.805947720844741,0.8322925998725923
3,3,0.805947720844741,0.8322925998725923
3,3,0.805947720844741,0.7950403584957861
3,3,0.8376530216891922,0.7950403584957861
3,3,0.7742424200002898,0.8322925998725923
3,3,0.7742424200002898,0.7950403584957861
3,3,0.805947720844741,0.7950403584957861
3,3,0.9327689242225459,0.7950403584957861
3,3,0.9327689242225459,0.8322925998725923
3,3,0.9010636233780946,0.8322925998725923
3,3,0.9327689242225459,0.8322925998725923
3,3,0.9010636233780946,0.8695448412493985
3,3,0.9010636233780946,0.8322925998725923
3,3,0.9010636233780946,0.8322925998725923
3,3,0.9010636233780946,0.8695448412493985
3,3,0.8693583225336434,0.8695448412493985
3,3,0.9010636233780946,0.8695448412493985
3,3,0.8693583225336434,0.9067970826262046
3,3,0.8693583225336434,0.8695448412493985
3,3,0.8693583225336434,0.8695448412493985
3,3,0.8693583225336434,0.9067970826262046
3,3,0.8376530216891922,0.9067970826262046
3,3,0.8693583225336434,0.9067970826262046
3,3,0.8376530216891922,0.9440493240030103
3,3,0.8376530216891922,0.9067970826262046
3,3,0.8376530216891922,0.9067970826262046
3,3,0.8376530216891922,0.9440493240030103
3,3,0.805947720844741,0.9440493240030103
3,3,0.8376530216891922,0.9440493240030103
3,3,0.805947720844741,0.9813015653798165
3,3,0.805947720844741,0.9440493240030103
3,3,0.805947720844741,0.9440493240030103
3,3,0.805947720844741,0.9813015653798165
3,3,0.7742424200002898,0.9813015653798165
3,3,0.9327689242225459,0.8322925998725923
3,3,0.9327689242225459,0.8695448412493985
3,3,0.9010636233780946,0.8695448412493985
3,3,0.9327689242225459,0.8695448412493985
3,3,0.9010636233780946,0.9067970826262046
3,3,0.9010636233780946,0.8695448412493985
3,3,0.9010636233780946,0.8695448412493985
3,3,0.9010636233780946,0.9067970826262046
3,3,0.8693583225336434,0.9067970826262046
3,3,0.9010636233780946,0.9067970826262046
3,3,0.8693583225336434,0.9440493240030103
3,3,0.8693583225336434,0.9067970826262046
3,3,0.8693583225336434,0.9067970826262046
3,3,0.8693583225336434,0.9440493240030103
3,3,0.8376530216891922,0.9440493240030103
3,3,0.8693583225336434,0.9440493240030103
3,3,0.8376530216891922,0.9813015653798165
3,3,0.8376530216891922,0.9440493240030103
3,3,0.8376530216891922,0.9440493240030103
3,3,0.8376530216891922,0.9813015653798165
3,3,0.805947720844741,0.9813015653798165
3,3,0.9327689242225459,0.8695448412493985
3,3,0.9327689242225459,0.9067970826262046
3,3,0.9010636233780946,0.9067970826262046
3,3,0.9327689242225459,0.9067970826262046
3,3,0.9010636233780946,0.9440493240030103
3,3,0.9010636233780946,0.9067970826262046
3,3,0.9010636233780946,0.9067970826262046
3,3,0.9010636233780946,0.9440493240030103
3,3,0.8693583225336434,0.9440493240030103
3,3,0.9010636233780946,0.9440493240030103
3,3,0.8693583225336434,0.9813015653798165
3,3,0.8693583225336434,0.9440493240030103
3,3,0.8693583225336434,0.9440493240030103
3,3,0.8693583225336434,0.9813015653798165
3,3,0.8376530216891922,0.9813015653798165
3,3,0.9327689242225459,0.9067970826262046
3,3,0.9327689242225459,0.9440493240030103
3,3,0.9010636233780946,0.9440493240030103
3,3,0.9327689242225459,0.9440493240030103
3,3,0.9010636233780946,0.9813015653798165
3,3,0.9010636233780946,0.9440493240030103
3,3,0.9010636233780946,0.9440493240030103
3,3,0.9010636233780946,0.9813015653798165
3,3,0.8693583225336434,0.9813015653798165
3,3,0.9327689242225459,0.9440493240030103
3,3,0.9327689242225459,0.9813015653798165
3,3,0.9010636233780946,0.9813015653798165
3,3,0.9327689242225459,0.9813015653798165
3,3,0.9327689242225459,0.9440493240030103
3,3,0.964444482758513,0.9440493240030103
3,3,0.9327689242225459,0.9440493240030103
3,3,0.964444482758513,0.9067970826262046
3,3,0.964444482758513,0.9440493240030103
3,3,0.964444482758513,0.9440493240030103
3,3,0.964444482758513,0.9067970826262046
3,3,0.9961200412944797,0.9067970826262046
3,3,0.964444482758513,0.9067970826262046
3,3,0.9961200412944797,0.8695448412493985
3,3,0.9961200412944797,0.9067970826262046
3,3,0.9961200412944797,0.9067970826262046
3,3,0.9961200412944797,0.8695448412493985
4,3,0.027795599830446882,0.8695448412493985
3,3,0.9961200412944797,0.8695448412493985
4,3,0.027795599830446882,0.8322925998725923
4,3,0.027795599830446882,0.8695448412493985
4,3,0.027795599830446882,0.8695448412493985
4,3,0.027795599830446882,0.8322925998725923
4,3,0.05947115836641359,0.8322925998725923
4,3,0.027795599830446882,0.8322925998725923
4,3,0.05947115836641359,0.7950403584957861
4,3,0.05947115836641359,0.8322925998725923
4,3,0.05947115836641359,0.8322925998725923
4,3,0.05947115836641359,0.7950403584957861
4,3,0.0911467169023803,0.7950403584957861
3,3,0.9327689242225459,0.9440493240030103
3,3,0.9327689242225459,0.9067970826262046
3,3,0.964444482758513,0.9067970826262046
3,3,0.9327689242225459,0.9067970826262046
3,3,0.964444482758513,0.8695448412493985
3,3,0.964444482758513,0.9067970826262046
3,3,0.964444482758513,0.9067970826262046
3,3,0.964444482758513,0.8695448412493985
3,3,0.9961200412944797,0.8695448412493985
3,3,0.964444482758513,0.8695448412493985
3,3,0.9961200412944797,0.8322925998725923
3,3,0.9961200412944797,0.8695448412493985
3,3,0.9961200412944797,0.8695448412493985
3,3,0.9961200412944797,0.8322925998725923
4,3,0.027795599830446882,0.8322925998725923
3,3,0.9961200412944797,0.8322925998725923
4,3,0.027795599830446882,0.7950403584957861
4,3,0.027795599830446882,0.8322925998725923
4,3,0.027795599830446882,0.8322925998725923
4,3,0.027795599830446882,0.7950403584957861
4,3,0.05947115836641359,0.7950403584957861
3,3,0.9327689242225459,0.9067970826262046
3,3,0.9327689242225459,0.8695448412493985
3,3,0.964444482758513,0.8695448412493985
3,3,0.9327689242225459,0.8695448412493985
3,3,0.964444482758513,0.8322925998725923
3,3,0.964444482758513,0.8695448412493985
3,3,0.964444482758513,0.8695448412493985
3,3,0.964444482758513,0.8322925998725923
3,3,0.9961200412944797,0.8322925998725923
3,3,0.964444482758513,0.8322925998725923
3,3,0.9961200412944797,0.7950403584957861
3,3,0.9961200412944797,0.8322925998725923
3,3,0.9961200412944797,0.8322925998725923
3,3,0.9961200412944797,0.7950403584957861
4,3,0.027795599830446882,0.7950403584957861
3,3,0.9327689242225459,0.8695448412493985
3,3,0.9327689242225459,0.8322925998725923
3,3,0.964444482758513,0.8322925998725923
3,3,0.9327689242225459,0.8322925998725923
3,3,0.964444482758513,0.7950403584957861
3,3,0.964444482758513,0.8322925998725923
3,3,0.964444482758513,0.8322925998725923
3,3,0.964444482758513,0.7950403584957861
3,3,0.9961200412944797,0.7950403584957861
3,3,0.9327689242225459,0.8322925998725923
3,3,0.9327689242225459,0.7950403584957861
3,3,0.964444482758513,0.7950403584957861
4,3,0.0911467169023803,0.7950403584957861
4,3,0.0911467169023803,0.8322925998725923
4,3,0.05947115836641359,0.8322925998725923
4,3,0.0911467169023803,0.8322925998725923
4,3,0.05947115836641359,0.8695448412493985
4,3,0.05947115836641359,0.8322925998725923
4,3,0.05947115836641359,0.8322925998725923
4,3,0.05947115836641359,0.8695448412493985
4,3,0.027795599830446882,0.8695448412493985
4,3,0.05947115836641359,0.8695448412493985
4,3,0.027795599830446882,0.9067970826262046
4,3,0.027795599830446882,0.8695448412493985
4,3,0.027795599830446882,0.8695448412493985
4,3,0.027795599830446882,0.9067970826262046
3,3,0.9961200412944797,0.9067970826262046
4,3,0.027795599830446882,0.9067970826262046
3,3,0.9961200412944797,0.9440493240030103
3,3,0.9961200412944797,0.9067970826262046
3,3,0.9961200412944797,0.9067970826262046
3,3,0.9961200412944797,0.9440493240030103
3,3,0.964444482758513,0.9440493240030103
3,3,0.9961200412944797,0.9440493240030103
3,3,0.964444482758513,0.9813015653798165
3,3,0.964444482758513,0.9440493240030103
3,3,0.964444482758513,0.9440493240030103
3,3,0.964444482758513,0.9813015653798165
3,3,0.9327689242225459,0.9813015653798165
4,3,0.0911467169023803,0.8322925998725923
4,3,0.0911467169023803,0.8695448412493985
4,3,0.05947115836641359,0.8695448412493985
4,3,0.0911467169023803,0.8695448412493985
4,3,0.05947115836641359,0.9067970826262046
4,3,0.05947115836641359,0.8695448412493985
4,3,0.05947115836641359,0.8695448412493985
4,3,0.05947115836641359,0.9067970826262046
4,3,0.027795599830446882,0.9067970826262046
4,3,0.05947115836641359,0.9067970826262046
4,3,0.027795599830446882,0.9440493240030103
4,3,0.027795599830446882,0.9067970826262046
4,3,0.027795599830446882,0.9067970826262046
4,3,0.027795599830446882,0.9440493240030103
3,3,0.9961200412944797,0.9440493240030103
4,3,0.027795599830446882,0.9440493240030103
3,3,0.9961200412944797,0.9813015653798165
3,3,0.9961200412944797,0.9440493240030103
3,3,0.9961200412944797,0.9440493240030103
3,3,0.9961200412944797,0.9813015653798165
3,3,0.964444482758513,0.9813015653798165
4,3,0.0911467169023803,0.8695448412493985
4,3,0.0911467169023803,0.9067970826262046
4,3,0.05947115836641359,0.9067970826262046
4,3,0.0911467169023803,0.9067970826262046
4,3,0.05947115836641359,0.9440493240030103
4,3,0.05947115836641359,0.9067970826262046
4,3,0.05947115836641359,0.9067970826262046
4,3,0.05947115836641359,0.9440493240030103
4,3,0.027795599830446882,0.9440493240030103
4,3,0.05947115836641359,0.9440493240030103
4,3,0.027795599830446882,0.9813015653798165
4,3,0.027795599830446882,0.9440493240030103
4,3,0.027795599830446882,0.9440493240030103
4,3,0.027795599830446882,0.9813015653798165
3,3,0.9961200412944797,0.9813015653798165
4,3,0.0911467169023803,0.9067970826262046
4,3,0.0911467169023803,0.9440493240030103
4,3,0.05947115836641359,0.9440493240030103
4,3,0.0911467169023803,0.9440493240030103
4,3,0.05947115836641359,0.9813015653798165
4,3,0.05947115836641359,0.9440493240030103
4,3,0.05947115836641359,0.9440493240030103
4,3,0.05947115836641359,0.9813015653798165
4,3,0.027795599830446882,0.9813015653798165
4,3,0.0911467169023803,0.9440493240030103
4,3,0.0911467169023803,0.9813015653798165
4,3,0.05947115836641359,0.9813015653798165
3,3,0.7742424200002898,0.9813015653798165
3,3,0.805947720844741,0.9813015653798165
3,2,0.805947720844741,0.018568677910864917
3,3,0.805947720844741,0.9813015653798165
3,2,0.8376530216891922,0.018568677910864917
3,2,0.805947720844741,0.018568677910864917
3,2,0.805947720844741,0.018568677910864917
3,2,0.8376530216891922,0.018568677910864917
3,2,0.8376530216891922,0.05583579044191289
3,2,0.8376530216891922,0.018568677910864917
3,2,0.8693583225336434,0.05583579044191289
3,2,0.8376530216891922,0.05583579044191289
3,2,0.8376530216891922,0.05583579044191289
3,2,0.8693583225336434,0.05583579044191289
3,2,0.8693583225336434,0.09310290297296131
3,2,0.8693583225336434,0.05583579044191289
3,2,0.9010636233780946,0.09310290297296131
3,2,0.8693583225336434,0.09310290297296131
3,2,0.8693583225336434,0.09310290297296131
3,2,0.9010636233780946,0.09310290297296131
3,2,0.9010636233780946,0.13037001550400973
3,2,0.9010636233780946,0.09310290297296131
3,2,0.9327689242225459,0.13037001550400973
3,2,0.9010636233780946,0.13037001550400973
3,2,0.9010636233780946,0.13037001550400973
3,2,0.9327689242225459,0.13037001550400973
3,2,0.9327689242225459,0.1676371280350577
3,3,0.805947720844741,0.9813015653798165
3,3,0.8376530216891922,0.9813015653798165
3,2,0.8376530216891922,0.018568677910864917
3,3,0.8376530216891922,0.9813015653798165
3,2,0.8693583225336434,0.018568677910864917
3,2,0.8376530216891922,0.018568677910864917
3,2,0.8376530216891922,0.018568677910864917
3,2,0.8693583225336434,0.018568677910864917
3,2,0.8693583225336434,0.05583579044191289
3,2,0.8693583225336434,0.018568677910864917
3,2,0.9010636233780946,0.05583579044191289
3,2,0.8693583225336434,0.05583579044191289
3,2,0.8693583225336434,0.05583579044191289
3,2,0.9010636233780946,0.05583579044191289
3,2,0.9010636233780946,0.09310290297296131
3,2,0.9010636233780946,0.05583579044191289
3,2,0.9327689242225459,0.09310290297296131
3,2,0.9010636233780946,0.09310290297296131
3,2,0.9010636233780946,0.09310290297296131
3,2,0.9327689242225459,0.09310290297296131
3,2,0.9327689242225459,0.13037001550400973
3,3,0.8376530216891922,0.9813015653798165
3,3,0.8693583225336434,0.9813015653798165
3,2,0.8693583225336434,0.018568677910864917
3,3,0.8693583225336434,0.9813015653798165
3,2,0.9010636233780946,0.018568677910864917
3,2,0.8693583225336434,0.018568677910864917
3,2,0.8693583225336434,0.018568677910864917
3,2,0.9010636233780946,0.018568677910864917
3,2,0.9010636233780946,0.05583579044191289
3,2,0.9010636233780946,0.018568677910864917
3,2,0.9327689242225459,0.05583579044191289
3,2,0.9010636233780946,0.05583579044191289
3,2,0.9010636233780946,0.05583579044191289
3,2,0.9327689242225459,0.05583579044191289
3,2,0.9327689242225459,0.09310290297296131
3,3,0.8693583225336434,0.9813015653798165
3,3,0.9010636233780946,0.9813015653798165
3,2,0.9010636233780946,0.018568677910864917
3,3,0.9010636233780946,0.9813015653798165
3,2,0.9327689242225459,0.018568677910864917
3,2,0.9010636233780946,0.018568677910864917
3,2,0.9010636233780946,0.018568677910864917
3,2,0.9327689242225459,0.018568677910864917
3,2,0.9327689242225459,0.05583579044191289
3,3,0.9010636233780946,0.9813015653798165
3,3,0.9327689242225459,0.9813015653798165
3,2,0.9327689242225459,0.018568677910864917
3,2,0.9327689242225459,0.1676371280350577
3,2,0.9010636233780946,0.1676371280350577
3,2,0.9010636233780946,0.13037001550400973
3,2,0.9010636233780946,0.1676371280350577
3,2,0.8693583225336434,0.13037001550400973
3,2,0.9010636233780946,0.13037001550400973
3,2,0.9010636233780946,0.13037001550400973
3,2,0.8693583225336434,0.13037001550400973
3,2,0.8693583225336434,0.09310290297296131
3,2,0.8693583225336434,0.13037001550400973
3,2,0.8376530216891922,0.09310290297296131
3,2,0.8693583225336434,0.09310290297296131
3,2,0.8693583225336434,0.09310290297296131
3,2,0.8376530216891922,0.09310290297296131
3,2,0.8376530216891922,0.05583579044191289
3,2,0.8376530216891922,0.09310290297296131
3,2,0.805947720844741,0.05583579044191289
3,2,0.8376530216891922,0.05583579044191289
3,2,0.8376530216891922,0.05583579044191289
3,2,0.805947720844741,0.05583579044191289
3,2,0.805947720844741,0.018568677910864917
3,2,0.805947720844741,0.05583579044191289
3,2,0.7742424200002898,0.018568677910864917
3,2,0.805947720844741,0.018568677910864917
3,2,0.805947720844741,0.018568677910864917
3,2,0.7742424200002898,0.018568677910864917
3,3,0.7742424200002898,0.9813015653798165
3,2,0.9010636233780946,0.1676371280350577
3,2,0.8693583225336434,0.1676371280350577
3,2,0.8693583225336434,0.13037001550400973
3,2,0.8693583225336434,0.1676371280350577
3,2,0.8376530216891922,0.13037001550400973
3,2,0.8693583225336434,0.13037001550400973
3,2,0.8693583225336434,0.13037001550400973
3,2,0.8376530216891922,0.13037001550400973
3,2,0.8376530216891922,0.09310290297296131
3,2,0.8376530216891922,0.13037001550400973
3,2,0.805947720844741,0.09310290297296131
3,2,0.8376530216891922,0.09310290297296131
3,2,0.8376530216891922,0.09310290297296131
3,2,0.805947720844741,0.09310290297296131
3,2,0.805947720844741,0.05583579044191289
3,2,0.805947720844741,0.09310290297296131
3,2,0.7742424200002898,0.05583579044191289
3,2,0.805947720844741,0.05583579044191289
3,2,0.805947720844741,0.05583579044191289
3,2,0.7742424200002898,0.05583579044191289
3,2,0.7742424200002898,0.018568677910864917
3,2,0.8693583225336434,0.1676371280350577
3,2,0.8376530216891922,0.1676371280350577
3,2,0.8376530216891922,0.13037001550400973
3,2,0.8376530216891922,0.1676371280350577
3,2,0.805947720844741,0.13037001550400973
3,2,0.8376530216891922,0.13037001550400973
3,2,0.8376530216891922,0.13037001550400973
3,2,0.805947720844741,0.13037001550400973
3,2,0.805947720844741,0.09310290297296131
3,2,0.805947720844741,0.13037001550400973
3,2,0.7742424200002898,0.09310290297296131
3,2,0.805947720844741,0.09310290297296131
3,2,0.805947720844741,0.09310290297296131
3,2,0.7742424200002898,0.09310290297296131
3,2,0.7742424200002898,0.05583579044191289
3,2,0.8376530216891922,0.1676371280350577
3,2,0.805947720844741,0.1676371280350577
3,2,0.805947720844741,0.13037001550400973
3,2,0.805947720844741,0.1676371280350577
3,2,0.7742424200002898,0.13037001550400973
3,2,0.805947720844741,0.13037001550400973
3,2,0.805947720844741,0.13037001550400973
3,2,0.7742424200002898,0.13037001550400973
3,2,0.7742424200002898,0.09310290297296131
3,2,0.805947720844741,0.1676371280350577
3,2,0.7742424200002898,0.1676371280350577
3,2,0.7742424200002898,0.13037001550400973
3,3,0.9327689242225459,0.9813015653798165
3,3,0.964444482758513,0.9813015653798165
3,2,0.964444482758513,0.018568677910864917
3,3,0.964444482758513,0.9813015653798165
3,2,0.9961200412944797,0.018568677910864917
3,2,0.964444482758513,0.018568677910864917
3,2,0.964444482758513,0.018568677910864917
3,2,0.9961200412944797,0.018568677910864917
3,2,0.9961200412944797,0.05583579044191289
3,2,0.9961200412944797,0.018568677910864917
4,2,0.027795599830446882,0.05583579044191289
3,2,0.9961200412944797,0.05583579044191289
3,2,0.9961200412944797,0.05583579044191289
4,2,0.027795599830446882,0.05583579044191289
4,2,0.027795599830446882,0.09310290297296131
4,2,0.027795599830446882,0.05583579044191289
4,2,0.05947115836641359,0.09310290297296131
4,2,0.027795599830446882,0.09310290297296131
4,2,0.027795599830446882,0.09310290297296131
4,2,0.05947115836641359,0.09310290297296131
4,2,0.05947115836641359,0.13037001550400973
4,2,0.05947115836641359,0.09310290297296131
4,2,0.0911467169023803,0.13037001550400973
4,2,0.05947115836641359,0.13037001550400973
4,2,0.05947115836641359,0.13037001550400973
4,2,0.0911467169023803,0.13037001550400973
4,2,0.0911467169023803,0.1676371280350577
3,3,0.964444482758513,0.9813015653798165
3,3,0.9961200412944797,0.9813015653798165
3,2,0.9961200412944797,0.018568677910864917
3,3,0.9961200412944797,0.9813015653798165
4,2,0.027795599830446882,0.018568677910864917
3,2,0.9961200412944797,0.018568677910864917
3,2,0.9961200412944797,0.018568677910864917
4,2,0.027795599830446882,0.018568677910864917
4,2,0.027795599830446882,0.05583579044191289
4,2,0.027795599830446882,0.018568677910864917
4,2,0.05947115836641359,0.05583579044191289
4,2,0.027795599830446882,0.05583579044191289
4,2,0.027795599830446882,0.05583579044191289
4,2,0.05947115836641359,0.05583579044191289
4,2,0.05947115836641359,0.09310290297296131
4,2,0.05947115836641359,0.05583579044191289
4,2,0.0911467169023803,0.09310290297296131
4,2,0.05947115836641359,0.09310290297296131
4,2,0.05947115836641359,0.09310290297296131
4,2,0.0911467169023803,0.09310290297296131
4,2,0.0911467169023803,0.13037001550400973
3,3,0.9961200412944797,0.9813015653798165
4,3,0.027795599830446882,0.9813015653798165
4,2,0.027795599830446882,0.018568677910864917
4,3,0.027795599830446882,0.9813015653798165
4,2,0.05947115836641359,0.018568677910864917
4,2,0.027795599830446882,0.018568677910864917
4,2,0.027795599830446882,0.018568677910864917
4,2,0.05947115836641359,0.018568677910864917
4,2,0.05947115836641359,0.05583579044191289
4,2,0.05947115836641359,0.018568677910864917
4,2,0.0911467169023803,0.05583579044191289
4,2,0.05947115836641359,0.05583579044191289
4,2,0.05947115836641359,0.05583579044191289
4,2,0.0911467169023803,0.05583579044191289
4,2,0.0911467169023803,0.09310290297296131
4,3,0.027795599830446882,0.9813015653798165
4,3,0.05947115836641359,0.9813015653798165
4,2,0.05947115836641359,0.018568677910864917
4,3,0.05947115836641359,0.9813015653798165
4,2,0.0911467169023803,0.018568677910864917
4,2,0.05947115836641359,0.018568677910864917
4,2,0.05947115836641359,0.018568677910864917
4,2,0.0911467169023803,0.018568677910864917
4,2,0.0911467169023803,0.05583579044191289
4,3,0.05947115836641359,0.9813015653798165
4,3,0.0911467169023803,0.9813015653798165
4,2,0.0911467169023803,0.018568677910864917
4,2,0.0911467169023803,0.1676371280350577
4,2,0.05947115836641359,0.1676371280350577
4,2,0.05947115836641359,0.13037001550400973
4,2,0.05947115836641359,0.1676371280350577
4,2,0.027795599830446882,0.13037001550400973
4,2,0.05947115836641359,0.13037001550400973
4,2,0.05947115836641359,0.13037001550400973
4,2,0.027795599830446882,0.13037001550400973
4,2,0.027795599830446882,0.09310290297296131
4,2,0.027795599830446882,0.13037001550400973
3,2,0.9961200412944797,0.09310290297296131
4,2,0.027795599830446882,0.09310290297296131
4,2,0.027795599830446882,0.09310290297296131
3,2,0.9961200412944797,0.09310290297296131
3,2,0.9961200412944797,0.05583579044191289
3,2,0.9961200412944797,0.09310290297296131
3,2,0.964444482758513,0.05583579044191289
3,2,0.9961200412944797,0.05583579044191289
3,2,0.9961200412944797,0.05583579044191289
3,2,0.964444482758513,0.05583579044191289
3,2,0.964444482758513,0.018568677910864917
3,2,0.964444482758513,0.05583579044191289
3,2,0.9327689242225459,0.018568677910864917
3,2,0.964444482758513,0.018568677910864917
3,2,0.964444482758513,0.018568677910864917
3,2,0.9327689242225459,0.018568677910864917
3,3,0.9327689242225459,0.9813015653798165
4,2,0.05947115836641359,0.1676371280350577
4,2,0.027795599830446882,0.1676371280350577
4,2,0.027795599830446882,0.13037001550400973
4,2,0.027795599830446882,0.1676371280350577
3,2,0.9961200412944797,0.13037001550400973
4,2,0.027795599830446882,0.13037001550400973
4,2,0.027795599830446882,0.13037001550400973
3,2,0.9961200412944797,0.13037001550400973
3,2,0.9961200412944797,0.09310290297296131
3,2,0.9961200412944797,0.13037001550400973
3,2,0.964444482758513,0.09310290297296131
3,2,0.9961200412944797,0.09310290297296131
3,2,0.9961200412944797,0.09310290297296131
3,2,0.964444482758513,0.09310290297296131
3,2,0.964444482758513,0.05583579044191289
3,2,0.964444482758513,0.09310290297296131
3,2,0.9327689242225459,0.05583579044191289
3,2,0.964444482758513,0.05583579044191289
3,2,0.964444482758513,0.05583579044191289
3,2,0.9327689242225459,0.05583579044191289
3,2,0.9327689242225459,0.018568677910864917
4,2,0.027795599830446882,0.1676371280350577
3,2,0.9961200412944797,0.1676371280350577
3,2,0.9961200412944797,0.13037001550400973
3,2,0.9961200412944797,0.1676371280350577
3,2,0.964444482758513,0.13037001550400973
3,2,0.9961200412944797,0.13037001550400973
3,2,0.9961200412944797,0.13037001550400973
3,2,0.964444482758513,0.13037001550400973
3,2,0.964444482758513,0.09310290297296131
3,2,0.964444482758513,0.13037001550400973
3,2,0.9327689242225459,0.09310290297296131
3,2,0.964444482758513,0.09310290297296131
3,2,0.964444482758513,0.09310290297296131
3,2,0.9327689242225459,0.09310290297296131
3,2,0.9327689242225459,0.05583579044191289
3,2,0.9961200412944797,0.1676371280350577
3,2,0.964444482758513,0.1676371280350577
3,2,0.964444482758513,0.13037001550400973
3,2,0.964444482758513,0.1676371280350577
3,2,0.9327689242225459,0.13037001550400973
3,2,0.964444482758513,0.13037001550400973
3,2,0.964444482758513,0.13037001550400973
3,2,0.9327689242225459,0.13037001550400973
3,2,0.9327689242225459,0.09310290297296131
3,2,0.964444482758513,0.1676371280350577
3,2,0.9327689242225459,0.1676371280350577
3,2,0.9327689242225459,0.13037001550400973
3,2,0.7800000000000002,0.43000000000000016
3,2,0.6895427768191142,0.26754862438022453
3,2,0.6895427768191142,0.5924513756197758
3,2,0.8704572231808863,0.26754862438022453
3,2,0.8704572231808863,0.5924513756197758
3,2,0.7871264917878822,0.5823699772318687
3,2,0.7664344664474845,0.5823699772318687
3,2,0.7664344664474845,0.5294947071803886
3,2,0.7664344664474845,0.5823699772318687
3,2,0.7457424411070872,0.5294947071803886
3,2,0.7664344664474845,0.5294947071803886
3,2,0.7664344664474845,0.5294947071803886
3,2,0.7457424411070872,0.5294947071803886
3,2,0.7457424411070872,0.476619437128909
3,2,0.7457424411070872,0.5294947071803886
3,2,0.7250504157666895,0.476619437128909
3,2,0.7457424411070872,0.476619437128909
3,2,0.7457424411070872,0.476619437128909
3,2,0.7250504157666895,0.476619437128909
3,2,0.7250504157666895,0.4237441670774289
3,2,0.7250504157666895,0.476619437128909
3,2,0.7043583904262918,0.4237441670774289
3,2,0.7250504157666895,0.4237441670774289
3,2,0.7250504157666895,0.4237441670774289
3,2,0.7043583904262918,0.4237441670774289
3,2,0.7043583904262918,0.3708688970259493
3,2,0.7043583904262918,0.4237441670774289
3,2,0.6836663650858941,0.3708688970259493
3,2,0.7043583904262918,0.3708688970259493
3,2,0.7043583904262918,0.3708688970259493
3,2,0.6836663650858941,0.3708688970259493
3,2,0.6836663650858941,0.31799362697446965
3,2,0.6836663650858941,0.3708688970259493
3,2,0.6629743397454964,0.31799362697446965
3,2,0.6836663650858941,0.31799362697446965
3,2,0.6836663650858941,0.31799362697446965
3,2,0.6629743397454964,0.31799362697446965
3,2,0.6629743397454964,0.2651183569229896
3,2,0.6629743397454964,0.31799362697446965
3,2,0.6422823144050986,0.2651183569229896
3,2,0.6629743397454964,0.2651183569229896
3,2,0.6629743397454964,0.2651183569229896
3,2,0.6422823144050986,0.2651183569229896
3,2,0.6422823144050986,0.21224308687150995
3,2,0.6422823144050986,0.2651183569229896
3,2,0.6215902890647009,0.21224308687150995
3,2,0.6422823144050986,0.21224308687150995
3,2,0.6422823144050986,0.21224308687150995
3,2,0.6215902890647009,0.21224308687150995
3,2,0.6215902890647009,0.15936781682003032
3,2,0.7664344664474845,0.5823699772318687
3,2,0.7457424411070872,0.5823699772318687
3,2,0.7457424411070872,0.5294947071803886
3,2,0.7457424411070872,0.5823699772318687
3,2,0.7250504157666895,0.5294947071803886
3,2,0.7457424411070872,0.5294947071803886
3,2,0.7457424411070872,0.5294947071803886
3,2,0.7250504157666895,0.5294947071803886
3,2,0.7250504157666895,0.476619437128909
3,2,0.7250504157666895,0.5294947071803886
3,2,0.7043583904262918,0.476619437128909
3,2,0.7250504157666895,0.476619437128909
3,2,0.7250504157666895,0.476619437128909
3,2,0.7043583904262918,0.476619437128909
3,2,0.7043583904262918,0.4237441670774289
3,2,0.7043583904262918,0.476619437128909
3,2,0.6836663650858941,0.4237441670774289
3,2,0.7043583904262918,0.4237441670774289
3,2,0.7043583904262918,0.4237441670774289
3,2,0.6836663650858941,0.4237441670774289
3,2,0.6836663650858941,0.3708688970259493
3,2,0.6836663650858941,0.4237441670774289
3,2,0.6629743397454964,0.3708688970259493
3,2,0.6836663650858941,0.3708688970259493
3,2,0.6836663650858941,0.3708688970259493
3,2,0.6629743397454964,0.3708688970259493
3,2,0.6629743397454964,0.31799362697446965
3,2,0.6629743397454964,0.3708688970259493
3,2,0.6422823144050986,0.31799362697446965
3,2,0.6629743397454964,0.31799362697446965
3,2,0.6629743397454964,0.31799362697446965
3,2,0.6422823144050986,0.31799362697446965
3,2,0.6422823144050986,0.2651183569229896
3,2,0.6422823144050986,0.31799362697446965
3,2,0.6215902890647009,0.2651183569229896
3,2,0.6422823144050986,0.2651183569229896
3,2,0.6422823144050986,0.2651183569229896
3,2,0.6215902890647009,0.2651183569229896
3,2,0.6215902890647009,0.21224308687150995
3,2,0.7457424411070872,0.5823699772318687
3,2,0.7250504157666895,0.5823699772318687
3,2,0.7250504157666895,0.5294947071803886
3,2,0.7250504157666895,0.5823699772318687
3,2,0.7043583904262918,0.5294947071803886
3,2,0.7250504157666895,0.5294947071803886
3,2,0.7250504157666895,0.5294947071803886
3,2,0.7043583904262918,0.5294947071803886
3,2,0.7043583904262918,0.476619437128909
3,2,0.7043583904262918,0.5294947071803886
3,2,0.6836663650858941,0.476619437128909
3,2,0.7043583904262918,0.476619437128909
3,2,0.7043583904262918,0.476619437128909
3,2,0.6836663650858941,0.476619437128909
3,2,0.6836663650858941,0.4237441670774289
3,2,0.6836663650858941,0.476619437128909
3,2,0.6629743397454964,0.4237441670774289
3,2,0.6836663650858941,0.4237441670774289
3,2,0.6836663650858941,0.4237441670774289
3,2,0.6629743397454964,0.4237441670774289
3,2,0.6629743397454964,0.3708688970259493
3,2,0.6629743397454964,0.4237441670774289
3,2,0.6422823144050986,0.3708688970259493
3,2,0.6629743397454964,0.3708688970259493
3,2,0.6629743397454964,0.3708688970259493
3,2,0.6422823144050986,0.3708688970259493
3,2,0.6422823144050986,0.31799362697446965
3,2,0.6422823144050986,0.3708688970259493
3,2,0.6215902890647009,0.31799362697446965
3,2,0.6422823144050986,0.31799362697446965
3,2,0.6422823144050986,0.31799362697446965
3,2,0.6215902890647009,0.31799362697446965
3,2,0.6215902890647009,0.2651183569229896
3,2,0.7250504157666895,0.5823699772318687
3,2,0.7043583904262918,0.5823699772318687
3,2,0.7043583904262918,0.5294947071803886
3,2,0.7043583904262918,0.5823699772318687
3,2,0.6836663650858941,0.5294947071803886
3,2,0.7043583904262918,0.5294947071803886
3,2,0.7043583904262918,0.5294947071803886
3,2,0.6836663650858941,0.5294947071803886
3,2,0.6836663650858941,0.476619437128909
3,2,0.6836663650858941,0.5294947071803886
3,2,0.6629743397454964,0.476619437128909
3,2,0.6836663650858941,0.476619437128909
3,2,0.6836663650858941,0.476619437128909
3,2,0.6629743397454964,0.476619437128909
3,2,0.6629743397454964,0.4237441670774289
3,2,0.6629743397454964,0.476619437128909
3,2,0.6422823144050986,0.4237441670774289
3,2,0.6629743397454964,0.4237441670774289
3,2,0.6629743397454964,0.4237441670774289
3,2,0.6422823144050986,0.4237441670774289
3,2,0.6422823144050986,0.3708688970259493
3,2,0.6422823144050986,0.4237441670774289
3,2,0.6215902890647009,0.3708688970259493
3,2,0.6422823144050986,0.3708688970259493
3,2,0.6422823144050986,0.3708688970259493
3,2,0.6215902890647009,0.3708688970259493
3,2,0.6215902890647009,0.31799362697446965
3,2,0.7043583904262918,0.5823699772318687
3,2,0.6836663650858941,0.5823699772318687
3,2,0.6836663650858941,0.5294947071803886
3,2,0.6836663650858941,0.5823699772318687
3,2,0.6629743397454964,0.5294947071803886
3,2,0.6836663650858941,0.5294947071803886
3,2,0.6836663650858941,0.5294947071803886
3,2,0.6629743397454964,0.5294947071803886
3,2,0.6629743397454964,0.476619437128909
3,2,0.6629743397454964,0.5294947071803886
3,2,0.6422823144050986,0.476619437128909
3,2,0.6629743397454964,0.476619437128909
3,2,0.6629743397454964,0.476619437128909
3,2,0.6422823144050986,0.476619437128909
3,2,0.6422823144050986,0.4237441670774289
3,2,0.6422823144050986,0.476619437128909
3,2,0.6215902890647009,0.4237441670774289
3,2,0.6422823144050986,0.4237441670774289
3,2,0.6422823144050986,0.4237441670774289
3,2,0.6215902890647009,0.4237441670774289
3,2,0.6215902890647009,0.3708688970259493
3,2,0.6836663650858941,0.5823699772318687
3,2,0.6629743397454964,0.5823699772318687
3,2,0.6629743397454964,0.5294947071803886
3,2,0.6629743397454964,0.5823699772318687
3,2,0.6422823144050986,0.5294947071803886
3,2,0.6629743397454964,0.5294947071803886
3,2,0.6629743397454964,0.5294947071803886
3,2,0.6422823144050986,0.5294947071803886
3,2,0.6422823144050986,0.476619437128909
3,2,0.6422823144050986,0.5294947071803886
3,2,0.6215902890647009,0.476619437128909
3,2,0.6422823144050986,0.476619437128909
3,2,0.6422823144050986,0.476619437128909
3,2,0.6215902890647009,0.476619437128909
3,2,0.6215902890647009,0.4237441670774289
3,2,0.6629743397454964,0.5823699772318687
3,2,0.6422823144050986,0.5823699772318687
3,2,0.6422823144050986,0.5294947071803886
3,2,0.6422823144050986,0.5823699772318687
3,2,0.6215902890647009,0.5294947071803886
3,2,0.6422823144050986,0.5294947071803886
3,2,0.6422823144050986,0.5294947071803886
3,2,0.6215902890647009,0.5294947071803886
3,2,0.6215902890647009,0.476619437128909
3,2,0.6422823144050986,0.5823699772318687
3,2,0.6215902890647009,0.5823699772318687
3,2,0.6215902890647009,0.5294947071803886
3,2,0.6215902890647009,0.15936781682003032
3,2,0.6422823144050986,0.15936781682003032
3,2,0.6422823144050986,0.21224308687150995
3,2,0.6422823144050986,0.15936781682003032
3,2,0.6629743397454964,0.21224308687150995
3,2,0.6422823144050986,0.21224308687150995
3,2,0.6422823144050986,0.21224308687150995
3,2,0.6629743397454964,0.21224308687150995
3,2,0.6629743397454964,0.2651183569229896
3,2,0.6629743397454964,0.21224308687150995
3,2,0.6836663650858941,0.2651183569229896
3,2,0.6629743397454964,0.2651183569229896
3,2,0.6629743397454964,0.2651183569229896
3,2,0.6836663650858941,0.2651183569229896
3,2,0.6836663650858941,0.31799362697446965
3,2,0.6836663650858941,0.2651183569229896
3,2,0.7043583904262918,0.31799362697446965
3,2,0.6836663650858941,0.31799362697446965
3,2,0.6836663650858941,0.31799362697446965
3,2,0.7043583904262918,0.31799362697446965
3,2,0.7043583904262918,0.3708688970259493
3,2,0.7043583904262918,0.31799362697446965
3,2,0.7250504157666895,0.3708688970259493
3,2,0.7043583904262918,0.3708688970259493
3,2,0.7043583904262918,0.3708688970259493
3,2,0.7250504157666895,0.3708688970259493
3,2,0.7250504157666895,0.4237441670774289
3,2,0.7250504157666895,0.3708688970259493
3,2,0.7457424411070872,0.4237441670774289
3,2,0.7250504157666895,0.4237441670774289
3,2,0.7250504157666895,0.4237441670774289
3,2,0.7457424411070872,0.4237441670774289
3,2,0.7457424411070872,0.476619437128909
3,2,0.7457424411070872,0.4237441670774289
3,2,0.7664344664474845,0.476619437128909
3,2,0.7457424411070872,0.476619437128909
3,2,0.7457424411070872,0.476619437128909
3,2,0.7664344664474845,0.476619437128909
3,2,0.7664344664474845,0.5294947071803886
3,2,0.7664344664474845,0.476619437128909
3,2,0.7871264917878822,0.5294947071803886
3,2,0.7664344664474845,0.5294947071803886
3,2,0.7664344664474845,0.5294947071803886
3,2,0.7871264917878822,0.5294947071803886
3,2,0.7871264917878822,0.5823699772318687
3,2,0.6422823144050986,0.15936781682003032
3,2,0.6629743397454964,0.15936781682003032
3,2,0.6629743397454964,0.21224308687150995
3,2,0.6629743397454964,0.15936781682003032
3,2,0.6836663650858941,0.21224308687150995
3,2,0.6629743397454964,0.21224308687150995
3,2,0.6629743397454964,0.21224308687150995
3,2,0.6836663650858941,0.21224308687150995
3,2,0.6836663650858941,0.2651183569229896
3,2,0.6836663650858941,0.21224308687150995
3,2,0.7043583904262918,0.2651183569229896
3,2,0.6836663650858941,0.2651183569229896
3,2,0.6836663650858941,0.2651183569229896
3,2,0.7043583904262918,0.2651183569229896
3,2,0.7043583904262918,0.31799362697446965
3,2,0.7043583904262918,0.2651183569229896
3,2,0.7250504157666895,0.31799362697446965
3,2,0.7043583904262918,0.31799362697446965
3,2,0.7043583904262918,0.31799362697446965
3,2,0.7250504157666895,0.31799362697446965
3,2,0.7250504157666895,0.3708688970259493
3,2,0.7250504157666895,0.31799362697446965
3,2,0.7457424411070868,0.3708688970259493
3,2,0.7250504157666895,0.3708688970259493
3,2,0.7250504157666895,0.3708688970259493
3,2,0.7457424411070868,0.3708688970259493
3,2,0.7457424411070872,0.4237441670774289
3,2,0.7457424411070868,0.3708688970259493
3,2,0.7664344664474845,0.4237441670774289
3,2,0.7457424411070872,0.4237441670774289
3,2,0.7457424411070872,0.4237441670774289
3,2,0.7664344664474845,0.4237441670774289
3,2,0.7664344664474845,0.476619437128909
3,2,0.7664344664474845,0.4237441670774289
3,2,0.7871264917878822,0.476619437128909
3,2,0.7664344664474845,0.476619437128909
3,2,0.7664344664474845,0.476619437128909
3,2,0.7871264917878822,0.476619437128909
3,2,0.7871264917878822,0.5294947071803886
3,2,0.6629743397454964,0.15936781682003032
3,2,0.6836663650858941,0.15936781682003032
3,2,0.6836663650858941,0.21224308687150995
3,2,0.6836663650858941,0.15936781682003032
3,2,0.7043583904262918,0.21224308687150995
3,2,0.6836663650858941,0.21224308687150995
3,2,0.6836663650858941,0.21224308687150995
3,2,0.7043583904262918,0.21224308687150995
3,2,0.7043583904262918,0.2651183569229896
3,2,0.7043583904262918,0.21224308687150995
3,2,0.7250504157666895,0.2651183569229896
3,2,0.7043583904262918,0.2651183569229896
3,2,0.7043583904262918,0.2651183569229896
3,2,0.7250504157666895,0.2651183569229896
3,2,0.7250504157666895,0.31799362697446965
3,2,0.7250504157666895,0.2651183569229896
3,2,0.7457424411070868,0.31799362697446965
3,2,0.7250504157666895,0.31799362697446965
3,2,0.7250504157666895,0.31799362697446965
3,2,0.7457424411070868,0.31799362697446965
3,2,0.7457424411070868,0.3708688970259493
3,2,0.7457424411070868,0.31799362697446965
3,2,0.7664344664474845,0.3708688970259493
3,2,0.7457424411070868,0.3708688970259493
3,2,0.7457424411070868,0.3708688970259493
3,2,0.7664344664474845,0.3708688970259493
3,2,0.7664344664474845,0.4237441670774289
3,2,0.7664344664474845,0.3708688970259493
3,2,0.7871264917878822,0.4237441670774289
3,2,0.7664344664474845,0.4237441670774289
3,2,0.7664344664474845,0.4237441670774289
3,2,0.7871264917878822,0.4237441670774289
3,2,0.7871264917878822,0.476619437128909
3,2,0.6836663650858941,0.15936781682003032
3,2,0.7043583904262918,0.15936781682003032
3,2,0.7043583904262918,0.21224308687150995
3,2,0.7043583904262918,0.15936781682003032
3,2,0.7250504157666895,0.21224308687150995
3,2,0.7043583904262918,0.21224308687150995
3,2,0.7043583904262918,0.21224308687150995
3,2,0.7250504157666895,0.21224308687150995
3,2,0.7250504157666895,0.2651183569229896
3,2,0.7250504157666895,0.21224308687150995
3,2,0.7457424411070868,0.2651183569229896
3,2,0.7250504157666895,0.2651183569229896
3,2,0.7250504157666895,0.2651183569229896
3,2,0.7457424411070868,0.2651183569229896
3,2,0.7457424411070868,0.31799362697446965
3,2,0.7457424411070868,0.2651183569229896
3,2,0.7664344664474845,0.31799362697446965
3,2,0.7457424411070868,0.31799362697446965
3,2,0.7457424411070868,0.31799362697446965
3,2,0.7664344664474845,0.31799362697446965
3,2,0.7664344664474845,0.3708688970259493
3,2,0.7664344664474845,0.31799362697446965
3,2,0.7871264917878822,0.3708688970259493
3,2,0.7664344664474845,0.3708688970259493
3,2,0.7664344664474845,0.3708688970259493
3,2,0.7871264917878822,0.3708688970259493
3,2,0.7871264917878822,0.4237441670774289
3,2,0.7043583904262918,0.15936781682003032
3,2,0.7250504157666895,0.15936781682003032
3,2,0.7250504157666895,0.21224308687150995
3,2,0.7250504157666895,0.15936781682003032
3,2,0.7457424411070868,0.21224308687150995
3,2,0.7250504157666895,0.21224308687150995
3,2,0.7250504157666895,0.21224308687150995
3,2,0.7457424411070868,0.21224308687150995
3,2,0.7457424411070868,0.2651183569229896
3,2,0.7457424411070868,0.21224308687150995
3,2,0.7664344664474845,0.2651183569229896
3,2,0.7457424411070868,0.2651183569229896
3,2,0.7457424411070868,0.2651183569229896
3,2,0.7664344664474845,0.2651183569229896
3,2,0.7664344664474845,0.31799362697446965
3,2,0.7664344664474845,0.2651183569229896
3,2,0.7871264917878822,0.31799362697446965
3,2,0.7664344664474845,0.31799362697446965
3,2,0.7664344664474845,0.31799362697446965
3,2,0.7871264917878822,0.31799362697446965
3,2,0.7871264917878822,0.3708688970259493
3,2,0.7250504157666895,0.15936781682003032
3,2,0.7457424411070868,0.15936781682003032
3,2,0.7457424411070868,0.21224308687150995
3,2,0.7457424411070868,0.15936781682003032
3,2,0.7664344664474845,0.21224308687150995
3,2,0.7457424411070868,0.21224308687150995
3,2,0.7457424411070868,0.21224308687150995
3,2,0.7664344664474845,0.21224308687150995
3,2,0.7664344664474845,0.2651183569229896
3,2,0.7664344664474845,0.21224308687150995
3,2,0.7871264917878822,0.2651183569229896
3,2,0.7664344664474845,0.2651183569229896
3,2,0.7664344664474845,0.2651183569229896
3,2,0.7871264917878822,0.2651183569229896
3,2,0.7871264917878822,0.31799362697446965
3,2,0.7457424411070868,0.15936781682003032
3,2,0.7664344664474845,0.15936781682003032
3,2,0.7664344664474845,0.21224308687150995
3,2,0.7664344664474845,0.15936781682003032
3,2,0.7871264917878822,0.21224308687150995
3,2,0.7664344664474845,0.21224308687150995
3,2,0.7664344664474845,0.21224308687150995
3,2,0.7871264917878822,0.21224308687150995
3,2,0.7871264917878822,0.2651183569229896
3,2,0.7664344664474845,0.15936781682003032
3,2,0.7871264917878822,0.15936781682003032
3,2,0.7871264917878822,0.21224308687150995
3,2,0.7871264917878822,0.5823699772318687
3,2,0.7871264917878822,0.5294947071803886
3,2,0.8078478814026515,0.5294947071803886
3,2,0.7871264917878822,0.5294947071803886
3,2,0.8078478814026515,0.476619437128909
3,2,0.8078478814026515,0.5294947071803886
3,2,0.8078478814026515,0.5294947071803886
3,2,0.8078478814026515,0.476619437128909
3,2,0.8285692710174204,0.476619437128909
3,2,0.8078478814026515,0.476619437128909
3,2,0.8285692710174204,0.4237441670774289
3,2,0.8285692710174204,0.476619437128909
3,2,0.8285692710174204,0.476619437128909
3,2,0.8285692710174204,0.4237441670774289
3,2,0.8492906606321897,0.4237441670774289
3,2,0.8285692710174204,0.4237441670774289
3,2,0.8492906606321897,0.3708688970259493
3,2,0.8492906606321897,0.4237441670774289
3,2,0.8492906606321897,0.4237441670774289
3,2,0.8492906606321897,0.3708688970259493
3,2,0.8700120502469586,0.3708688970259493
3,2,0.8492906606321897,0.3708688970259493
3,2,0.8700120502469586,0.31799362697446965
3,2,0.8700120502469586,0.3708688970259493
3,2,0.8700120502469586,0.3708688970259493
3,2,0.8700120502469586,0.31799362697446965
3,2,0.8907334398617279,0.31799362697446965
3,2,0.8700120502469586,0.31799362697446965
3,2,0.8907334398617279,0.2651183569229896
3,2,0.8907334398617279,0.31799362697446965
3,2,0.8907334398617279,0.31799362697446965
3,2,0.8907334398617279,0.2651183569229896
3,2,0.9114548294764973,0.2651183569229896
3,2,0.8907334398617279,0.2651183569229896
3,2,0.9114548294764973,0.21224308687150995
3,2,0.9114548294764973,0.2651183569229896
3,2,0.9114548294764973,0.2651183569229896
3,2,0.9114548294764973,0.21224308687150995
3,2,0.9321762190912661,0.21224308687150995
3,2,0.9114548294764973,0.21224308687150995
3,2,0.9321762190912661,0.15936781682003032
3,2,0.9321762190912661,0.21224308687150995
3,2,0.9321762190912661,0.21224308687150995
3,2,0.9321762190912661,0.15936781682003032
3,2,0.952897608706035,0.15936781682003032
3,2,0.7871264917878822,0.5294947071803886
3,2,0.7871264917878822,0.476619437128909
3,2,0.8078478814026515,0.476619437128909
3,2,0.7871264917878822,0.476619437128909
3,2,0.8078478814026515,0.4237441670774289
3,2,0.8078478814026515,0.476619437128909
3,2,0.8078478814026515,0.476619437128909
3,2,0.8078478814026515,0.4237441670774289
3,2,0.8285692710174204,0.4237441670774289
3,2,0.8078478814026515,0.4237441670774289
3,2,0.8285692710174204,0.3708688970259493
3,2,0.8285692710174204,0.4237441670774289
3,2,0.8285692710174204,0.4237441670774289
3,2,0.8285692710174204,0.3708688970259493
3,2,0.8492906606321897,0.3708688970259493
3,2,0.8285692710174204,0.3708688970259493
3,2,0.8492906606321897,0.31799362697446965
3,2,0.8492906606321897,0.3708688970259493
3,2,0.8492906606321897,0.3708688970259493
3,2,0.8492906606321897,0.31799362697446965
3,2,0.8700120502469586,0.31799362697446965
3,2,0.8492906606321897,0.31799362697446965
3,2,0.8700120502469586,0.2651183569229896
3,2,0.8700120502469586,0.31799362697446965
3,2,0.8700120502469586,0.31799362697446965
3,2,0.8700120502469586,0.2651183569229896
3,2,0.8907334398617279,0.2651183569229896
3,2,0.8700120502469586,0.2651183569229896
3,2,0.8907334398617279,0.21224308687150995
3,2,0.8907334398617279,0.2651183569229896
3,2,0.8907334398617279,0.2651183569229896
3,2,0.8907334398617279,0.21224308687150995
3,2,0.9114548294764973,0.21224308687150995
3,2,0.8907334398617279,0.21224308687150995
3,2,0.9114548294764968,0.15936781682003032
3,2,0.9114548294764973,0.21224308687150995
3,2,0.9114548294764973,0.21224308687150995
3,2,0.9114548294764968,0.15936781682003032
3,2,0.9321762190912661,0.15936781682003032
3,2,0.7871264917878822,0.476619437128909
3,2,0.7871264917878822,0.4237441670774289
3,2,0.8078478814026515,0.4237441670774289
3,2,0.7871264917878822,0.4237441670774289
3,2,0.8078478814026515,0.3708688970259493
3,2,0.8078478814026515,0.4237441670774289
3,2,0.8078478814026515,0.4237441670774289
3,2,0.8078478814026515,0.3708688970259493
3,2,0.8285692710174204,0.3708688970259493
3,2,0.8078478814026515,0.3708688970259493
3,2,0.8285692710174204,0.31799362697446965
3,2,0.8285692710174204,0.3708688970259493
3,2,0.8285692710174204,0.3708688970259493
3,2,0.8285692710174204,0.31799362697446965
3,2,0.8492906606321897,0.31799362697446965
3,2,0.8285692710174204,0.31799362697446965
3,2,0.8492906606321897,0.2651183569229896
3,2,0.8492906606321897,0.31799362697446965
3,2,0.8492906606321897,0.31799362697446965
3,2,0.8492906606321897,0.2651183569229896
3,2,0.8700120502469586,0.2651183569229896
3,2,0.8492906606321897,0.2651183569229896
3,2,0.8700120502469586,0.21224308687150995
3,2,0.8700120502469586,0.2651183569229896
3,2,0.8700120502469586,0.2651183569229896
3,2,0.8700120502469586,0.21224308687150995
3,2,0.8907334398617279,0.21224308687150995
3,2,0.8700120502469586,0.21224308687150995
3,2,0.8907334398617279,0.15936781682003032
3,2,0.8907334398617279,0.21224308687150995
3,2,0.8907334398617279,0.21224308687150995
3,2,0.8907334398617279,0.15936781682003032
3,2,0.9114548294764968,0.15936781682003032
3,2,0.7871264917878822,0.4237441670774289
3,2,0.7871264917878822,0.3708688970259493
3,2,0.8078478814026515,0.3708688970259493
3,2,0.7871264917878822,0.3708688970259493
3,2,0.8078478814026515,0.31799362697446965
3,2,0.8078478814026515,0.3708688970259493
3,2,0.8078478814026515,0.3708688970259493
3,2,0.8078478814026515,0.31799362697446965
3,2,0.8285692710174204,0.31799362697446965
3,2,0.8078478814026515,0.31799362697446965
3,2,0.8285692710174204,0.2651183569229896
3,2,0.8285692710174204,0.31799362697446965
3,2,0.8285692710174204,0.31799362697446965
3,2,0.8285692710174204,0.2651183569229896
3,2,0.8492906606321897,0.2651183569229896
3,2,0.8285692710174204,0.2651183569229896
3,2,0.8492906606321897,0.21224308687150995
3,2,0.8492906606321897,0.2651183569229896
3,2,0.8492906606321897,0.2651183569229896
3,2,0.8492906606321897,0.21224308687150995
3,2,0.8700120502469586,0.21224308687150995
3,2,0.8492906606321897,0.21224308687150995
3,2,0.8700120502469586,0.15936781682003032
3,2,0.8700120502469586,0.21224308687150995
3,2,0.8700120502469586,0.21224308687150995
3,2,0.8700120502469586,0.15936781682003032
3,2,0.8907334398617279,0.15936781682003032
3,2,0.7871264917878822,0.3708688970259493
3,2,0.7871264917878822,0.31799362697446965
3,2,0.8078478814026515,0.31799362697446965
3,2,0.7871264917878822,0.31799362697446965
3,2,0.8078478814026515,0.2651183569229896
3,2,0.8078478814026515,0.31799362697446965
3,2,0.8078478814026515,0.31799362697446965
3,2,0.8078478814026515,0.2651183569229896
3,2,0.8285692710174204,0.2651183569229896
3,2,0.8078478814026515,0.2651183569229896
3,2,0.8285692710174204,0.21224308687150995
3,2,0.8285692710174204,0.2651183569229896
3,2,0.8285692710174204,0.2651183569229896
3,2,0.8285692710174204,0.21224308687150995
3,2,0.8492906606321897,0.21224308687150995
3,2,0.8285692710174204,0.21224308687150995
3,2,0.8492906606321897,0.15936781682003032
3,2,0.8492906606321897,0.21224308687150995
3,2,0.8492906606321897,0.21224308687150995
3,2,0.8492906606321897,0.15936781682003032
3,2,0.8700120502469586,0.15936781682003032
3,2,0.7871264917878822,0.31799362697446965
3,2,0.7871264917878822,0.2651183569229896
3,2,0.8078478814026515,0.2651183569229896
3,2,0.7871264917878822,0.2651183569229896
3,2,0.8078478814026515,0.21224308687150995
3,2,0.8078478814026515,0.2651183569229896
3,2,0.8078478814026515,0.2651183569229896
3,2,0.8078478814026515,0.21224308687150995
3,2,0.8285692710174204,0.21224308687150995
3,2,0.8078478814026515,0.21224308687150995
3,2,0.8285692710174204,0.15936781682003032
3,2,0.8285692710174204,0.21224308687150995
3,2,0.8285692710174204,0.21224308687150995
3,2,0.8285692710174204,0.15936781682003032
3,2,0.8492906606321897,0.15936781682003032
3,2,0.7871264917878822,0.2651183569229896
3,2,0.7871264917878822,0.21224308687150995
3,2,0.8078478814026515,0.21224308687150995
3,2,0.7871264917878822,0.21224308687150995
3,2,0.8078478814026515,0.15936781682003032
3,2,0.8078478814026515,0.21224308687150995
3,2,0.8078478814026515,0.21224308687150995
3,2,0.8078478814026515,0.15936781682003032
3,2,0.8285692710174204,0.15936781682003032
3,2,0.7871264917878822,0.21224308687150995
3,2,0.7871264917878822,0.15936781682003032
3,2,0.8078478814026515,0.15936781682003032
3,2,0.952897608706035,0.15936781682003032
3,2,0.952897608706035,0.21224308687150995
3,2,0.9321762190912661,0.21224308687150995
3,2,0.952897608706035,0.21224308687150995
3,2,0.9321762190912661,0.2651183569229896
3,2,0.9321762190912661,0.21224308687150995
3,2,0.9321762190912661,0.21224308687150995
3,2,0.9321762190912661,0.2651183569229896
3,2,0.9114548294764973,0.2651183569229896
3,2,0.9321762190912661,0.2651183569229896
3,2,0.9114548294764968,0.31799362697446965
3,2,0.9114548294764973,0.2651183569229896
3,2,0.9114548294764973,0.2651183569229896
3,2,0.9114548294764968,0.31799362697446965
3,2,0.8907334398617279,0.31799362697446965
3,2,0.9114548294764968,0.31799362697446965
3,2,0.8907334398617279,0.3708688970259493
3,2,0.8907334398617279,0.31799362697446965
3,2,0.8907334398617279,0.31799362697446965
3,2,0.8907334398617279,0.3708688970259493
3,2,0.8700120502469586,0.3708688970259493
3,2,0.8907334398617279,0.3708688970259493
3,2,0.8700120502469586,0.4237441670774289
3,2,0.8700120502469586,0.3708688970259493
3,2,0.8700120502469586,0.3708688970259493
3,2,0.8700120502469586,0.4237441670774289
3,2,0.8492906606321897,0.4237441670774289
3,2,0.8700120502469586,0.4237441670774289
3,2,0.8492906606321897,0.476619437128909
3,2,0.8492906606321897,0.4237441670774289
3,2,0.8492906606321897,0.4237441670774289
3,2,0.8492906606321897,0.476619437128909
3,2,0.8285692710174204,0.476619437128909
3,2,0.8492906606321897,0.476619437128909
3,2,0.8285692710174204,0.5294947071803886
3,2,0.8285692710174204,0.476619437128909
3,2,0.8285692710174204,0.476619437128909
3,2,0.8285692710174204,0.5294947071803886
3,2,0.8078478814026515,0.5294947071803886
3,2,0.8285692710174204,0.5294947071803886
3,2,0.8078478814026515,0.5823699772318687
3,2,0.8078478814026515,0.5294947071803886
3,2,0.8078478814026515,0.5294947071803886
3,2,0.8078478814026515,0.5823699772318687
3,2,0.7871264917878822,0.5823699772318687
3,2,0.952897608706035,0.21224308687150995
3,2,0.952897608706035,0.2651183569229896
3,2,0.9321762190912661,0.2651183569229896
3,2,0.952897608706035,0.2651183569229896
3,2,0.9321762190912661,0.31799362697446965
3,2,0.9321762190912661,0.2651183569229896
3,2,0.9321762190912661,0.2651183569229896
3,2,0.9321762190912661,0.31799362697446965
3,2,0.9114548294764968,0.31799362697446965
3,2,0.9321762190912661,0.31799362697446965
3,2,0.9114548294764973,0.3708688970259493
3,2,0.9114548294764968,0.31799362697446965
3,2,0.9114548294764968,0.31799362697446965
3,2,0.9114548294764973,0.3708688970259493
3,2,0.8907334398617279,0.3708688970259493
3,2,0.9114548294764973,0.3708688970259493
3,2,0.8907334398617279,0.4237441670774289
3,2,0.8907334398617279,0.3708688970259493
3,2,0.8907334398617279,0.3708688970259493
3,2,0.8907334398617279,0.4237441670774289
3,2,0.8700120502469586,0.4237441670774289
3,2,0.8907334398617279,0.4237441670774289
3,2,0.8700120502469586,0.476619437128909
3,2,0.8700120502469586,0.4237441670774289
3,2,0.8700120502469586,0.4237441670774289
3,2,0.8700120502469586,0.476619437128909
3,2,0.8492906606321897,0.476619437128909
3,2,0.8700120502469586,0.476619437128909
3,2,0.8492906606321897,0.5294947071803886
3,2,0.8492906606321897,0.476619437128909
3,2,0.8492906606321897,0.476619437128909
3,2,0.8492906606321897,0.5294947071803886
3,2,0.8285692710174204,0.5294947071803886
3,2,0.8492906606321897,0.5294947071803886
3,2,0.8285692710174204,0.5823699772318687
3,2,0.8285692710174204,0.5294947071803886
3,2,0.8285692710174204,0.5294947071803886
3,2,0.8285692710174204,0.5823699772318687
3,2,0.8078478814026515,0.5823699772318687
3,2,0.952897608706035,0.2651183569229896
3,2,0.952897608706035,0.31799362697446965
3,2,0.9321762190912661,0.31799362697446965
3,2,0.952897608706035,0.31799362697446965
3,2,0.9321762190912661,0.3708688970259493
3,2,0.9321762190912661,0.31799362697446965
3,2,0.9321762190912661,0.31799362697446965
3,2,0.9321762190912661,0.3708688970259493
3,2,0.9114548294764973,0.3708688970259493
3,2,0.9321762190912661,0.3708688970259493
3,2,0.9114548294764973,0.4237441670774289
3,2,0.9114548294764973,0.3708688970259493
3,2,0.9114548294764973,0.3708688970259493
3,2,0.9114548294764973,0.4237441670774289
3,2,0.8907334398617279,0.4237441670774289
3,2,0.9114548294764973,0.4237441670774289
3,2,0.8907334398617279,0.476619437128909
3,2,0.8907334398617279,0.4237441670774289
3,2,0.8907334398617279,0.4237441670774289
3,2,0.8907334398617279,0.476619437128909
3,2,0.8700120502469586,0.476619437128909
3,2,0.8907334398617279,0.476619437128909
3,2,0.8700120502469586,0.5294947071803886
3,2,0.8700120502469586,0.476619437128909
3,2,0.8700120502469586,0.476619437128909
3,2,0.8700120502469586,0.5294947071803886
3,2,0.8492906606321897,0.5294947071803886
3,2,0.8700120502469586,0.5294947071803886
3,2,0.8492906606321897,0.5823699772318687
3,2,0.8492906606321897,0.5294947071803886
3,2,0.8492906606321897,0.5294947071803886
3,2,0.8492906606321897,0.5823699772318687
3,2,0.8285692710174204,0.5823699772318687
3,2,0.952897608706035,0.31799362697446965
3,2,0.952897608706035,0.3708688970259493
3,2,0.9321762190912661,0.3708688970259493
3,2,0.952897608706035,0.3708688970259493
3,2,0.9321762190912661,0.4237441670774289
3,2,0.9321762190912661,0.3708688970259493
3,2,0.9321762190912661,0.3708688970259493
3,2,0.9321762190912661,0.4237441670774289
3,2,0.9114548294764973,0.4237441670774289
3,2,0.9321762190912661,0.4237441670774289
3,2,0.9114548294764973,0.476619437128909
3,2,0.9114548294764973,0.4237441670774289
3,2,0.9114548294764973,0.4237441670774289
3,2,0.9114548294764973,0.476619437128909
3,2,0.8907334398617279,0.476619437128909
3,2,0.9114548294764973,0.476619437128909
3,2,0.8907334398617279,0.5294947071803886
3,2,0.8907334398617279,0.476619437128909
3,2,0.8907334398617279,0.476619437128909
3,2,0.8907334398617279,0.5294947071803886
3,2,0.8700120502469586,0.5294947071803886
3,2,0.8907334398617279,0.5294947071803886
3,2,0.8700120502469586,0.5823699772318687
3,2,0.8700120502469586,0.5294947071803886
3,2,0.8700120502469586,0.5294947071803886
3,2,0.8700120502469586,0.5823699772318687
3,2,0.8492906606321897,0.5823699772318687
3,2,0.952897608706035,0.3708688970259493
3,2,0.952897608706035,0.4237441670774289
3,2,0.9321762190912661,0.4237441670774289
3,2,0.952897608706035,0.4237441670774289
3,2,0.9321762190912661,0.476619437128909
3,2,0.9321762190912661,0.4237441670774289
3,2,0.9321762190912661,0.4237441670774289
3,2,0.9321762190912661,0.476619437128909
3,2,0.9114548294764973,0.476619437128909
3,2,0.9321762190912661,0.476619437128909
3,2,0.9114548294764968,0.5294947071803886
3,2,0.9114548294764973,0.476619437128909
3,2,0.9114548294764973,0.476619437128909
3,2,0.9114548294764968,0.5294947071803886
3,2,0.8907334398617279,0.5294947071803886
3,2,0.9114548294764968,0.5294947071803886
3,2,0.8907334398617279,0.5823699772318687
3,2,0.8907334398617279,0.5294947071803886
3,2,0.8907334398617279,0.5294947071803886
3,2,0.8907334398617279,0.5823699772318687
3,2,0.8700120502469586,0.5823699772318687
3,2,0.952897608706035,0.4237441670774289
3,2,0.952897608706035,0.476619437128909
3,2,0.9321762190912661,0.476619437128909
3,2,0.952897608706035,0.476619437128909
3,2,0.9321762190912661,0.5294947071803886
3,2,0.9321762190912661,0.476619437128909
3,2,0.9321762190912661,0.476619437128909
3,2,0.9321762190912661,0.5294947071803886
3,2,0.9114548294764968,0.5294947071803886
3,2,0.9321762190912661,0.5294947071803886
3,2,0.9114548294764973,0.5823699772318687
3,2,0.9114548294764968,0.5294947071803886
3,2,0.9114548294764968,0.5294947071803886
3,2,0.9114548294764973,0.5823699772318687
3,2,0.8907334398617279,0.5823699772318687
3,2,0.952897608706035,0.476619437128909
3,2,0.952897608706035,0.5294947071803886
3,2,0.9321762190912661,0.5294947071803886
3,2,0.952897608706035,0.5294947071803886
3,2,0.9321762190912661,0.5823699772318687
3,2,0.9321762190912661,0.5294947071803886
3,2,0.9321762190912661,0.5294947071803886
3,2,0.9321762190912661,0.5823699772318687
3,2,0.9114548294764973,0.5823699772318687
3,2,0.952897608706035,0.5294947071803886
3,2,0.952897608706035,0.5823699772318687
3,2,0.9321762190912661,0.5823699772318687
3,2,0.8052931895323376,0.6826000337530003
3,2,0.7845620118261114,0.6826000337530003
3,2,0.7845620118261114,0.6297149756100633
3,2,0.7845620118261114,0.6826000337530003
3,2,0.7638308341198852,0.6297149756100633
3,2,0.7845620118261114,0.6297149756100633
3,2,0.7845620118261114,0.6297149756100633
3,2,0.7638308341198852,0.6297149756100633
3,2,0.7638308341198852,0.5768299174671263
3,2,0.7638308341198852,0.6297149756100633
3,2,0.7430996564136585,0.5768299174671263
3,2,0.7638308341198852,0.5768299174671263
3,2,0.7638308341198852,0.5768299174671263
3,2,0.7430996564136585,0.5768299174671263
3,2,0.7430996564136585,0.5239448593241893
3,2,0.7430996564136585,0.5768299174671263
3,2,0.7223684787074323,0.5239448593241893
3,2,0.7430996564136585,0.5239448593241893
3,2,0.7430996564136585,0.5239448593241893
3,2,0.7223684787074323,0.5239448593241893
3,2,0.7223684787074323,0.47105980118125235
3,2,0.7223684787074323,0.5239448593241893
3,2,0.701637301001206,0.47105980118125235
3,2,0.7223684787074323,0.47105980118125235
3,2,0.7223684787074323,0.47105980118125235
3,2,0.701637301001206,0.47105980118125235
3,2,0.701637301001206,0.41817474303831537
3,2,0.701637301001206,0.47105980118125235
3,2,0.6809061232949798,0.41817474303831537
3,2,0.701637301001206,0.41817474303831537
3,2,0.701637301001206,0.41817474303831537
3,2,0.6809061232949798,0.41817474303831537
3,2,0.6809061232949798,0.3652896848953784
3,2,0.6809061232949798,0.41817474303831537
3,2,0.6601749455887536,0.3652896848953784
3,2,0.6809061232949798,0.3652896848953784
3,2,0.6809061232949798,0.3652896848953784
3,2,0.6601749455887536,0.3652896848953784
3,2,0.6601749455887536,0.3124046267524414
3,2,0.6601749455887536,0.3652896848953784
3,2,0.6394437678825273,0.3124046267524414
3,2,0.6601749455887536,0.3124046267524414
3,2,0.6601749455887536,0.3124046267524414
3,2,0.6394437678825273,0.3124046267524414
3,2,0.6394437678825273,0.2595195686095044
3,2,0.7845620118261114,0.6826000337530003
3,2,0.7638308341198852,0.6826000337530003
3,2,0.7638308341198852,0.6297149756100633
3,2,0.7638308341198852,0.6826000337530003
3,2,0.7430996564136589,0.6297149756100633
3,2,0.7638308341198852,0.6297149756100633
3,2,0.7638308341198852,0.6297149756100633
3,2,0.7430996564136589,0.6297149756100633
3,2,0.7430996564136585,0.5768299174671263
3,2,0.7430996564136589,0.6297149756100633
3,2,0.7223684787074323,0.5768299174671263
3,2,0.7430996564136585,0.5768299174671263
3,2,0.7430996564136585,0.5768299174671263
3,2,0.7223684787074323,0.5768299174671263
3,2,0.7223684787074323,0.5239448593241893
3,2,0.7223684787074323,0.5768299174671263
3,2,0.701637301001206,0.5239448593241893
3,2,0.7223684787074323,0.5239448593241893
3,2,0.7223684787074323,0.5239448593241893
3,2,0.701637301001206,0.5239448593241893
3,2,0.701637301001206,0.47105980118125235
3,2,0.701637301001206,0.5239448593241893
3,2,0.6809061232949798,0.47105980118125235
3,2,0.701637301001206,0.47105980118125235
3,2,0.701637301001206,0.47105980118125235
3,2,0.6809061232949798,0.47105980118125235
3,2,0.6809061232949798,0.41817474303831537
3,2,0.6809061232949798,0.47105980118125235
3,2,0.6601749455887536,0.41817474303831537
3,2,0.6809061232949798,0.41817474303831537
3,2,0.6809061232949798,0.41817474303831537
3,2,0.6601749455887536,0.41817474303831537
3,2,0.6601749455887536,0.3652896848953784
3,2,0.6601749455887536,0.41817474303831537
3,2,0.6394437678825273,0.3652896848953784
3,2,0.6601749455887536,0.3652896848953784
3,2,0.6601749455887536,0.3652896848953784
3,2,0.6394437678825273,0.3652896848953784
3,2,0.6394437678825273,0.3124046267524414
3,2,0.7638308341198852,0.6826000337530003
3,2,0.7430996564136589,0.6826000337530003
3,2,0.7430996564136589,0.6297149756100633
3,2,0.7430996564136589,0.6826000337530003
3,2,0.7223684787074323,0.6297149756100633
3,2,0.7430996564136589,0.6297149756100633
3,2,0.7430996564136589,0.6297149756100633
3,2,0.7223684787074323,0.6297149756100633
3,2,0.7223684787074323,0.5768299174671263
3,2,0.7223684787074323,0.6297149756100633
3,2,0.701637301001206,0.5768299174671263
3,2,0.7223684787074323,0.5768299174671263
3,2,0.7223684787074323,0.5768299174671263
3,2,0.701637301001206,0.5768299174671263
3,2,0.701637301001206,0.5239448593241893
3,2,0.701637301001206,0.5768299174671263
3,2,0.6809061232949798,0.5239448593241893
3,2,0.701637301001206,0.5239448593241893
3,2,0.701637301001206,0.5239448593241893
3,2,0.6809061232949798,0.5239448593241893
3,2,0.6809061232949798,0.47105980118125235
3,2,0.6809061232949798,0.5239448593241893
3,2,0.6601749455887536,0.47105980118125235
3,2,0.6809061232949798,0.47105980118125235
3,2,0.6809061232949798,0.47105980118125235
3,2,0.6601749455887536,0.47105980118125235
3,2,0.6601749455887536,0.41817474303831537
3,2,0.6601749455887536,0.47105980118125235
3,2,0.6394437678825273,0.41817474303831537
3,2,0.6601749455887536,0.41817474303831537
3,2,0.6601749455887536,0.41817474303831537
3,2,0.6394437678825273,0.41817474303831537
3,2,0.6394437678825273,0.3652896848953784
3,2,0.7430996564136589,0.6826000337530003
3,2,0.7223684787074323,0.6826000337530003
3,2,0.7223684787074323,0.6297149756100633
3,2,0.7223684787074323,0.6826000337530003
3,2,0.701637301001206,0.6297149756100633
3,2,0.7223684787074323,0.6297149756100633
3,2,0.7223684787074323,0.6297149756100633
3,2,0.701637301001206,0.6297149756100633
3,2,0.701637301001206,0.5768299174671263
3,2,0.701637301001206,0.6297149756100633
3,2,0.6809061232949798,0.5768299174671263
3,2,0.701637301001206,0.5768299174671263
3,2,0.701637301001206,0.5768299174671263
3,2,0.6809061232949798,0.5768299174671263
3,2,0.6809061232949798,0.5239448593241893
3,2,0.6809061232949798,0.5768299174671263
3,2,0.6601749455887536,0.5239448593241893
3,2,0.6809061232949798,0.5239448593241893
3,2,0.6809061232949798,0.5239448593241893
3,2,0.6601749455887536,0.5239448593241893
3,2,0.6601749455887536,0.47105980118125235
3,2,0.6601749455887536,0.5239448593241893
3,2,0.6394437678825273,0.47105980118125235
3,2,0.6601749455887536,0.47105980118125235
3,2,0.6601749455887536,0.47105980118125235
3,2,0.6394437678825273,0.47105980118125235
3,2,0.6394437678825273,0.41817474303831537
3,2,0.7223684787074323,0.6826000337530003
3,2,0.701637301001206,0.6826000337530003
3,2,0.701637301001206,0.6297149756100633
3,2,0.701637301001206,0.6826000337530003
3,2,0.6809061232949798,0.6297149756100633
3,2,0.701637301001206,0.6297149756100633
3,2,0.701637301001206,0.6297149756100633
3,2,0.6809061232949798,0.6297149756100633
3,2,0.6809061232949798,0.5768299174671263
3,2,0.6809061232949798,0.6297149756100633
3,2,0.6601749455887536,0.5768299174671263
3,2,0.6809061232949798,0.5768299174671263
3,2,0.6809061232949798,0.5768299174671263
3,2,0.6601749455887536,0.5768299174671263
3,2,0.6601749455887536,0.5239448593241893
3,2,0.6601749455887536,0.5768299174671263
3,2,0.6394437678825273,0.5239448593241893
3,2,0.6601749455887536,0.5239448593241893
3,2,0.6601749455887536,0.5239448593241893
3,2,0.6394437678825273,0.5239448593241893
3,2,0.6394437678825273,0.47105980118125235
3,2,0.701637301001206,0.6826000337530003
3,2,0.6809061232949798,0.6826000337530003
3,2,0.6809061232949798,0.6297149756100633
3,2,0.6809061232949798,0.6826000337530003
3,2,0.6601749455887536,0.6297149756100633
3,2,0.6809061232949798,0.6297149756100633
3,2,0.6809061232949798,0.6297149756100633
3,2,0.6601749455887536,0.6297149756100633
3,2,0.6601749455887536,0.5768299174671263
3,2,0.6601749455887536,0.6297149756100633
3,2,0.6394437678825273,0.5768299174671263
3,2,0.6601749455887536,0.5768299174671263
3,2,0.6601749455887536,0.5768299174671263
3,2,0.6394437678825273,0.5768299174671263
3,2,0.6394437678825273,0.5239448593241893
3,2,0.6809061232949798,0.6826000337530003
3,2,0.6601749455887536,0.6826000337530003
3,2,0.6601749455887536,0.6297149756100633
3,2,0.6601749455887536,0.6826000337530003
3,2,0.6394437678825273,0.6297149756100633
3,2,0.6601749455887536,0.6297149756100633
3,2,0.6601749455887536,0.6297149756100633
3,2,0.6394437678825273,0.6297149756100633
3,2,0.6394437678825273,0.5768299174671263
3,2,0.6601749455887536,0.6826000337530003
3,2,0.6394437678825273,0.6826000337530003
3,2,0.6394437678825273,0.6297149756100633
3,2,0.6394437678825273,0.2595195686095044
3,2,0.6601749455887536,0.2595195686095044
3,2,0.6601749455887536,0.3124046267524414
3,2,0.6601749455887536,0.2595195686095044
3,2,0.6809061232949798,0.3124046267524414
3,2,0.6601749455887536,0.3124046267524414
3,2,0.6601749455887536,0.3124046267524414
3,2,0.6809061232949798,0.3124046267524414
3,2,0.6809061232949798,0.3652896848953784
3,2,0.6809061232949798,0.3124046267524414
3,2,0.701637301001206,0.3652896848953784
3,2,0.6809061232949798,0.3652896848953784
3,2,0.6809061232949798,0.3652896848953784
3,2,0.701637301001206,0.3652896848953784
3,2,0.701637301001206,0.41817474303831537
3,2,0.701637301001206,0.3652896848953784
3,2,0.7223684787074323,0.41817474303831537
3,2,0.701637301001206,0.41817474303831537
3,2,0.701637301001206,0.41817474303831537
3,2,0.7223684787074323,0.41817474303831537
3,2,0.7223684787074323,0.47105980118125235
3,2,0.7223684787074323,0.41817474303831537
3,2,0.7430996564136585,0.47105980118125235
3,2,0.7223684787074323,0.47105980118125235
3,2,0.7223684787074323,0.47105980118125235
3,2,0.7430996564136585,0.47105980118125235
3,2,0.7430996564136585,0.5239448593241893
3,2,0.7430996564136585,0.47105980118125235
3,2,0.7638308341198852,0.5239448593241893
3,2,0.7430996564136585,0.5239448593241893
3,2,0.7430996564136585,0.5239448593241893
3,2,0.7638308341198852,0.5239448593241893
3,2,0.7638308341198852,0.5768299174671263
3,2,0.7638308341198852,0.5239448593241893
3,2,0.7845620118261114,0.5768299174671263
3,2,0.7638308341198852,0.5768299174671263
3,2,0.7638308341198852,0.5768299174671263
3,2,0.7845620118261114,0.5768299174671263
3,2,0.7845620118261114,0.6297149756100633
3,2,0.7845620118261114,0.5768299174671263
3,2,0.8052931895323376,0.6297149756100633
3,2,0.7845620118261114,0.6297149756100633
3,2,0.7845620118261114,0.6297149756100633
3,2,0.8052931895323376,0.6297149756100633
3,2,0.8052931895323376,0.6826000337530003
3,2,0.6601749455887536,0.2595195686095044
3,2,0.6809061232949798,0.2595195686095044
3,2,0.6809061232949798,0.3124046267524414
3,2,0.6809061232949798,0.2595195686095044
3,2,0.701637301001206,0.3124046267524414
3,2,0.6809061232949798,0.3124046267524414
3,2,0.6809061232949798,0.3124046267524414
3,2,0.701637301001206,0.3124046267524414
3,2,0.701637301001206,0.3652896848953784
3,2,0.701637301001206,0.3124046267524414
3,2,0.7223684787074323,0.3652896848953784
3,2,0.701637301001206,0.3652896848953784
3,2,0.701637301001206,0.3652896848953784
3,2,0.7223684787074323,0.3652896848953784
3,2,0.7223684787074323,0.41817474303831537
3,2,0.7223684787074323,0.3652896848953784
3,2,0.7430996564136585,0.41817474303831537
3,2,0.7223684787074323,0.41817474303831537
3,2,0.7223684787074323,0.41817474303831537
3,2,0.7430996564136585,0.41817474303831537
3,2,0.7430996564136585,0.47105980118125235
3,2,0.7430996564136585,0.41817474303831537
3,2,0.7638308341198852,0.47105980118125235
3,2,0.7430996564136585,0.47105980118125235
3,2,0.7430996564136585,0.47105980118125235
3,2,0.7638308341198852,0.47105980118125235
3,2,0.7638308341198852,0.5239448593241893
3,2,0.7638308341198852,0.47105980118125235
3,2,0.7845620118261114,0.5239448593241893
3,2,0.7638308341198852,0.5239448593241893
3,2,0.7638308341198852,0.5239448593241893
3,2,0.7845620118261114,0.5239448593241893
3,2,0.7845620118261114,0.5768299174671263
3,2,0.7845620118261114,0.5239448593241893
3,2,0.8052931895323376,0.5768299174671263
3,2,0.7845620118261114,0.5768299174671263
3,2,0.7845620118261114,0.5768299174671263
3,2,0.8052931895323376,0.5768299174671263
3,2,0.8052931895323376,0.6297149756100633
3,2,0.6809061232949798,0.2595195686095044
3,2,0.701637301001206,0.2595195686095044
3,2,0.701637301001206,0.3124046267524414
3,2,0.701637301001206,0.2595195686095044
3,2,0.7223684787074323,0.3124046267524414
3,2,0.701637301001206,0.3124046267524414
3,2,0.701637301001206,0.3124046267524414
3,2,0.7223684787074323,0.3124046267524414
3,2,0.7223684787074323,0.3652896848953784
3,2,0.7223684787074323,0.3124046267524414
3,2,0.7430996564136585,0.3652896848953784
3,2,0.7223684787074323,0.3652896848953784
3,2,0.7223684787074323,0.3652896848953784
3,2,0.7430996564136585,0.3652896848953784
3,2,0.7430996564136585,0.41817474303831537
3,2,0.7430996564136585,0.3652896848953784
3,2,0.7638308341198852,0.41817474303831537
3,2,0.7430996564136585,0.41817474303831537
3,2,0.7430996564136585,0.41817474303831537
3,2,0.7638308341198852,0.41817474303831537
3,2,0.7638308341198852,0.47105980118125235
3,2,0.7638308341198852,0.41817474303831537
3,2,0.7845620118261114,0.47105980118125235
3,2,0.7638308341198852,0.47105980118125235
3,2,0.7638308341198852,0.47105980118125235
3,2,0.7845620118261114,0.47105980118125235
3,2,0.7845620118261114,0.5239448593241893
3,2,0.7845620118261114,0.47105980118125235
3,2,0.8052931895323376,0.5239448593241893
3,2,0.7845620118261114,0.5239448593241893
3,2,0.7845620118261114,0.5239448593241893
3,2,0.8052931895323376,0.5239448593241893
3,2,0.8052931895323376,0.5768299174671263
3,2,0.701637301001206,0.2595195686095044
3,2,0.7223684787074323,0.2595195686095044
3,2,0.7223684787074323,0.3124046267524414
3,2,0.7223684787074323,0.2595195686095044
3,2,0.7430996564136585,0.3124046267524414
3,2,0.7223684787074323,0.3124046267524414
3,2,0.7223684787074323,0.3124046267524414
3,2,0.7430996564136585,0.3124046267524414
3,2,0.7430996564136585,0.3652896848953784
3,2,0.7430996564136585,0.3124046267524414
3,2,0.7638308341198852,0.3652896848953784
3,2,0.7430996564136585,0.3652896848953784
3,2,0.7430996564136585,0.3652896848953784
3,2,0.7638308341198852,0.3652896848953784
3,2,0.7638308341198852,0.41817474303831537
3,2,0.7638308341198852,0.3652896848953784
3,2,0.7845620118261114,0.41817474303831537
3,2,0.7638308341198852,0.41817474303831537
3,2,0.7638308341198852,0.41817474303831537
3,2,0.7845620118261114,0.41817474303831537
3,2,0.7845620118261114,0.47105980118125235
3,2,0.7845620118261114,0.41817474303831537
3,2,0.8052931895323376,0.47105980118125235
3,2,0.7845620118261114,0.47105980118125235
3,2,0.7845620118261114,0.47105980118125235
3,2,0.8052931895323376,0.47105980118125235
3,2,0.8052931895323376,0.5239448593241893
3,2,0.7223684787074323,0.2595195686095044
3,2,0.7430996564136585,0.2595195686095044
3,2,0.7430996564136585,0.3124046267524414
3,2,0.7430996564136585,0.2595195686095044
3,2,0.7638308341198852,0.3124046267524414
3,2,0.7430996564136585,0.3124046267524414
3,2,0.7430996564136585,0.3124046267524414
3,2,0.7638308341198852,0.3124046267524414
3,2,0.7638308341198852,0.3652896848953784
3,2,0.7638308341198852,0.3124046267524414
3,2,0.7845620118261114,0.3652896848953784
3,2,0.7638308341198852,0.3652896848953784
3,2,0.7638308341198852,0.3652896848953784
3,2,0.7845620118261114,0.3652896848953784
3,2,0.7845620118261114,0.41817474303831537
3,2,0.7845620118261114,0.3652896848953784
3,2,0.8052931895323376,0.41817474303831537
3,2,0.7845620118261114,0.41817474303831537
3,2,0.7845620118261114,0.41817474303831537
3,2,0.8052931895323376,0.41817474303831537
3,2,0.8052931895323376,0.47105980118125235
3,2,0.7430996564136585,0.2595195686095044
3,2,0.7638308341198852,0.2595195686095044
3,2,0.7638308341198852,0.3124046267524414
3,2,0.7638308341198852,0.2595195686095044
3,2,0.7845620118261114,0.3124046267524414
3,2,0.7638308341198852,0.3124046267524414
3,2,0.7638308341198852,0.3124046267524414
3,2,0.7845620118261114,0.3124046267524414
3,2,0.7845620118261114,0.3652896848953784
3,2,0.7845620118261114,0.3124046267524414
3,2,0.8052931895323376,0.3652896848953784
3,2,0.7845620118261114,0.3652896848953784
3,2,0.7845620118261114,0.3652896848953784
3,2,0.8052931895323376,0.3652896848953784
3,2,0.8052931895323376,0.41817474303831537
3,2,0.7638308341198852,0.2595195686095044
3,2,0.7845620118261114,0.2595195686095044
3,2,0.7845620118261114,0.3124046267524414
3,2,0.7845620118261114,0.2595195686095044
3,2,0.8052931895323376,0.3124046267524414
3,2,0.7845620118261114,0.3124046267524414
3,2,0.7845620118261114,0.3124046267524414
3,2,0.8052931895323376,0.3124046267524414
3,2,0.8052931895323376,0.3652896848953784
3,2,0.7845620118261114,0.2595195686095044
3,2,0.8052931895323376,0.2595195686095044
3,2,0.8052931895323376,0.3124046267524414
3,2,0.8052931895323376,0.6826000337530003
3,2,0.8052931895323376,0.6297149756100633
3,2,0.8260047910556496,0.6297149756100633
3,2,0.8052931895323376,0.6297149756100633
3,2,0.8260047910556496,0.5768299174671263
3,2,0.8260047910556496,0.6297149756100633
3,2,0.8260047910556496,0.6297149756100633
3,2,0.8260047910556496,0.5768299174671263
3,2,0.8467163925789616,0.5768299174671263
3,2,0.8260047910556496,0.5768299174671263
3,2,0.8467163925789616,0.5239448593241893
3,2,0.8467163925789616,0.5768299174671263
3,2,0.8467163925789616,0.5768299174671263
3,2,0.8467163925789616,0.5239448593241893
3,2,0.8674279941022736,0.5239448593241893
3,2,0.8467163925789616,0.5239448593241893
3,2,0.8674279941022736,0.47105980118125235
3,2,0.8674279941022736,0.5239448593241893
3,2,0.8674279941022736,0.5239448593241893
3,2,0.8674279941022736,0.47105980118125235
3,2,0.8881395956255855,0.47105980118125235
3,2,0.8674279941022736,0.47105980118125235
3,2,0.8881395956255855,0.41817474303831537
3,2,0.8881395956255855,0.47105980118125235
3,2,0.8881395956255855,0.47105980118125235
3,2,0.8881395956255855,0.41817474303831537
3,2,0.9088511971488975,0.41817474303831537
3,2,0.8881395956255855,0.41817474303831537
3,2,0.9088511971488975,0.3652896848953784
3,2,0.9088511971488975,0.41817474303831537
3,2,0.9088511971488975,0.41817474303831537
3,2,0.9088511971488975,0.3652896848953784
3,2,0.929562798672209,0.3652896848953784
3,2,0.9088511971488975,0.3652896848953784
3,2,0.929562798672209,0.3124046267524414
3,2,0.929562798672209,0.3652896848953784
3,2,0.929562798672209,0.3652896848953784
3,2,0.929562798672209,0.3124046267524414
3,2,0.950274400195521,0.3124046267524414
3,2,0.929562798672209,0.3124046267524414
3,2,0.950274400195521,0.2595195686095044
3,2,0.950274400195521,0.3124046267524414
3,2,0.950274400195521,0.3124046267524414
3,2,0.950274400195521,0.2595195686095044
3,2,0.970986001718833,0.2595195686095044
3,2,0.8052931895323376,0.6297149756100633
3,2,0.8052931895323376,0.5768299174671263
3,2,0.8260047910556496,0.5768299174671263
3,2,0.8052931895323376,0.5768299174671263
3,2,0.8260047910556496,0.5239448593241893
3,2,0.8260047910556496,0.5768299174671263
3,2,0.8260047910556496,0.5768299174671263
3,2,0.8260047910556496,0.5239448593241893
3,2,0.8467163925789616,0.5239448593241893
3,2,0.8260047910556496,0.5239448593241893
3,2,0.8467163925789616,0.47105980118125235
3,2,0.8467163925789616,0.5239448593241893
3,2,0.8467163925789616,0.5239448593241893
3,2,0.8467163925789616,0.47105980118125235
3,2,0.8674279941022736,0.47105980118125235
3,2,0.8467163925789616,0.47105980118125235
3,2,0.8674279941022736,0.41817474303831537
3,2,0.8674279941022736,0.47105980118125235
3,2,0.8674279941022736,0.47105980118125235
3,2,0.8674279941022736,0.41817474303831537
3,2,0.8881395956255855,0.41817474303831537
3,2,0.8674279941022736,0.41817474303831537
3,2,0.8881395956255855,0.3652896848953784
3,2,0.8881395956255855,0.41817474303831537
3,2,0.8881395956255855,0.41817474303831537
3,2,0.8881395956255855,0.3652896848953784
3,2,0.9088511971488975,0.3652896848953784
3,2,0.8881395956255855,0.3652896848953784
3,2,0.9088511971488975,0.3124046267524414
3,2,0.9088511971488975,0.3652896848953784
3,2,0.9088511971488975,0.3652896848953784
3,2,0.9088511971488975,0.3124046267524414
3,2,0.929562798672209,0.3124046267524414
3,2,0.9088511971488975,0.3124046267524414
3,2,0.929562798672209,0.2595195686095044
3,2,0.929562798672209,0.3124046267524414
3,2,0.929562798672209,0.3124046267524414
3,2,0.929562798672209,0.2595195686095044
3,2,0.950274400195521,0.2595195686095044
3,2,0.8052931895323376,0.5768299174671263
3,2,0.8052931895323376,0.5239448593241893
3,2,0.8260047910556496,0.5239448593241893
3,2,0.8052931895323376,0.5239448593241893
3,2,0.8260047910556496,0.47105980118125235
3,2,0.8260047910556496,0.5239448593241893
3,2,0.8260047910556496,0.5239448593241893
3,2,0.8260047910556496,0.47105980118125235
3,2,0.8467163925789616,0.47105980118125235
3,2,0.8260047910556496,0.47105980118125235
3,2,0.8467163925789616,0.41817474303831537
3,2,0.8467163925789616,0.47105980118125235
3,2,0.8467163925789616,0.47105980118125235
3,2,0.8467163925789616,0.41817474303831537
3,2,0.8674279941022736,0.41817474303831537
3,2,0.8467163925789616,0.41817474303831537
3,2,0.8674279941022736,0.3652896848953784
3,2,0.8674279941022736,0.41817474303831537
3,2,0.8674279941022736,0.41817474303831537
3,2,0.8674279941022736,0.3652896848953784
3,2,0.8881395956255855,0.3652896848953784
3,2,0.8674279941022736,0.3652896848953784
3,2,0.8881395956255851,0.3124046267524414
3,2,0.8881395956255855,0.3652896848953784
3,2,0.8881395956255855,0.3652896848953784
3,2,0.8881395956255851,0.3124046267524414
3,2,0.9088511971488975,0.3124046267524414
3,2,0.8881395956255851,0.3124046267524414
3,2,0.9088511971488975,0.2595195686095044
3,2,0.9088511971488975,0.3124046267524414
3,2,0.9088511971488975,0.3124046267524414
3,2,0.9088511971488975,0.2595195686095044
3,2,0.929562798672209,0.2595195686095044
3,2,0.8052931895323376,0.5239448593241893
3,2,0.8052931895323376,0.47105980118125235
3,2,0.8260047910556496,0.47105980118125235
3,2,0.8052931895323376,0.47105980118125235
3,2,0.8260047910556496,0.41817474303831537
3,2,0.8260047910556496,0.47105980118125235
3,2,0.8260047910556496,0.47105980118125235
3,2,0.8260047910556496,0.41817474303831537
3,2,0.8467163925789616,0.41817474303831537
3,2,0.8260047910556496,0.41817474303831537
3,2,0.8467163925789616,0.3652896848953784
3,2,0.8467163925789616,0.41817474303831537
3,2,0.8467163925789616,0.41817474303831537
3,2,0.8467163925789616,0.3652896848953784
3,2,0.8674279941022736,0.3652896848953784
3,2,0.8467163925789616,0.3652896848953784
3,2,0.8674279941022736,0.3124046267524414
3,2,0.8674279941022736,0.3652896848953784
3,2,0.8674279941022736,0.3652896848953784
3,2,0.8674279941022736,0.3124046267524414
3,2,0.8881395956255851,0.3124046267524414
3,2,0.8674279941022736,0.3124046267524414
3,2,0.8881395956255851,0.2595195686095044
3,2,0.8881395956255851,0.3124046267524414
3,2,0.8881395956255851,0.3124046267524414
3,2,0.8881395956255851,0.2595195686095044
3,2,0.9088511971488975,0.2595195686095044
3,2,0.8052931895323376,0.47105980118125235
3,2,0.8052931895323376,0.41817474303831537
3,2,0.8260047910556496,0.41817474303831537
3,2,0.8052931895323376,0.41817474303831537
3,2,0.8260047910556496,0.3652896848953784
3,2,0.8260047910556496,0.41817474303831537
3,2,0.8260047910556496,0.41817474303831537
3,2,0.8260047910556496,0.3652896848953784
3,2,0.8467163925789616,0.3652896848953784
3,2,0.8260047910556496,0.3652896848953784
3,2,0.8467163925789616,0.3124046267524414
3,2,0.8467163925789616,0.3652896848953784
3,2,0.8467163925789616,0.3652896848953784
3,2,0.8467163925789616,0.3124046267524414
3,2,0.8674279941022736,0.3124046267524414
3,2,0.8467163925789616,0.3124046267524414
3,2,0.8674279941022736,0.2595195686095044
3,2,0.8674279941022736,0.3124046267524414
3,2,0.8674279941022736,0.3124046267524414
3,2,0.8674279941022736,0.2595195686095044
3,2,0.8881395956255851,0.2595195686095044
3,2,0.8052931895323376,0.41817474303831537
3,2,0.8052931895323376,0.3652896848953784
3,2,0.8260047910556496,0.3652896848953784
3,2,0.8052931895323376,0.3652896848953784
3,2,0.8260047910556496,0.3124046267524414
3,2,0.8260047910556496,0.3652896848953784
3,2,0.8260047910556496,0.3652896848953784
3,2,0.8260047910556496,0.3124046267524414
3,2,0.8467163925789616,0.3124046267524414
3,2,0.8260047910556496,0.3124046267524414
3,2,0.8467163925789616,0.2595195686095044
3,2,0.8467163925789616,0.3124046267524414
3,2,0.8467163925789616,0.3124046267524414
3,2,0.8467163925789616,0.2595195686095044
3,2,0.8674279941022736,0.2595195686095044
3,2,0.8052931895323376,0.3652896848953784
3,2,0.8052931895323376,0.3124046267524414
3,2,0.8260047910556496,0.3124046267524414
3,2,0.8052931895323376,0.3124046267524414
3,2,0.8260047910556496,0.2595195686095044
3,2,0.8260047910556496,0.3124046267524414
3,2,0.8260047910556496,0.3124046267524414
3,2,0.8260047910556496,0.2595195686095044
3,2,0.8467163925789616,0.2595195686095044
3,2,0.8052931895323376,0.3124046267524414
3,2,0.8052931895323376,0.2595195686095044
3,2,0.8260047910556496,0.2595195686095044
3,2,0.970986001718833,0.2595195686095044
3,2,0.970986001718833,0.3124046267524414
3,2,0.950274400195521,0.3124046267524414
3,2,0.970986001718833,0.3124046267524414
3,2,0.950274400195521,0.3652896848953784
3,2,0.950274400195521,0.3124046267524414
3,2,0.950274400195521,0.3124046267524414
3,2,0.950274400195521,0.3652896848953784
3,2,0.929562798672209,0.3652896848953784
3,2,0.950274400195521,0.3652896848953784
3,2,0.929562798672209,0.41817474303831537
3,2,0.929562798672209,0.3652896848953784
3,2,0.929562798672209,0.3652896848953784
3,2,0.929562798672209,0.41817474303831537
3,2,0.9088511971488975,0.41817474303831537
3,2,0.929562798672209,0.41817474303831537
3,2,0.9088511971488975,0.47105980118125235
3,2,0.9088511971488975,0.41817474303831537
3,2,0.9088511971488975,0.41817474303831537
3,2,0.9088511971488975,0.47105980118125235
3,2,0.8881395956255855,0.47105980118125235
3,2,0.9088511971488975,0.47105980118125235
3,2,0.8881395956255855,0.5239448593241893
3,2,0.8881395956255855,0.47105980118125235
3,2,0.8881395956255855,0.47105980118125235
3,2,0.8881395956255855,0.5239448593241893
3,2,0.8674279941022736,0.5239448593241893
3,2,0.8881395956255855,0.5239448593241893
3,2,0.8674279941022736,0.5768299174671263
3,2,0.8674279941022736,0.5239448593241893
3,2,0.8674279941022736,0.5239448593241893
3,2,0.8674279941022736,0.5768299174671263
3,2,0.8467163925789616,0.5768299174671263
3,2,0.8674279941022736,0.5768299174671263
3,2,0.8467163925789616,0.6297149756100633
3,2,0.8467163925789616,0.5768299174671263
3,2,0.8467163925789616,0.5768299174671263
3,2,0.8467163925789616,0.6297149756100633
3,2,0.8260047910556496,0.6297149756100633
3,2,0.8467163925789616,0.6297149756100633
3,2,0.8260047910556496,0.6826000337530003
3,2,0.8260047910556496,0.6297149756100633
3,2,0.8260047910556496,0.6297149756100633
3,2,0.8260047910556496,0.6826000337530003
3,2,0.8052931895323376,0.6826000337530003
3,2,0.970986001718833,0.3124046267524414
3,2,0.970986001718833,0.3652896848953784
3,2,0.950274400195521,0.3652896848953784
3,2,0.970986001718833,0.3652896848953784
3,2,0.950274400195521,0.41817474303831537
3,2,0.950274400195521,0.3652896848953784
3,2,0.950274400195521,0.3652896848953784
3,2,0.950274400195521,0.41817474303831537
3,2,0.929562798672209,0.41817474303831537
3,2,0.950274400195521,0.41817474303831537
3,2,0.929562798672209,0.47105980118125235
3,2,0.929562798672209,0.41817474303831537
3,2,0.929562798672209,0.41817474303831537
3,2,0.929562798672209,0.47105980118125235
3,2,0.9088511971488975,0.47105980118125235
3,2,0.929562798672209,0.47105980118125235
3,2,0.9088511971488971,0.5239448593241893
3,2,0.9088511971488975,0.47105980118125235
3,2,0.9088511971488975,0.47105980118125235
3,2,0.9088511971488971,0.5239448593241893
3,2,0.8881395956255855,0.5239448593241893
3,2,0.9088511971488971,0.5239448593241893
3,2,0.8881395956255855,0.5768299174671263
3,2,0.8881395956255855,0.5239448593241893
3,2,0.8881395956255855,0.5239448593241893
3,2,0.8881395956255855,0.5768299174671263
3,2,0.8674279941022736,0.5768299174671263
3,2,0.8881395956255855,0.5768299174671263
3,2,0.8674279941022736,0.6297149756100633
3,2,0.8674279941022736,0.5768299174671263
3,2,0.8674279941022736,0.5768299174671263
3,2,0.8674279941022736,0.6297149756100633
3,2,0.8467163925789616,0.6297149756100633
3,2,0.8674279941022736,0.6297149756100633
3,2,0.8467163925789616,0.6826000337530003
3,2,0.8467163925789616,0.6297149756100633
3,2,0.8467163925789616,0.6297149756100633
3,2,0.8467163925789616,0.6826000337530003
3,2,0.8260047910556496,0.6826000337530003
3,2,0.970986001718833,0.3652896848953784
3,2,0.970986001718833,0.41817474303831537
3,2,0.950274400195521,0.41817474303831537
3,2,0.970986001718833,0.41817474303831537
3,2,0.950274400195521,0.47105980118125235
3,2,0.950274400195521,0.41817474303831537
3,2,0.950274400195521,0.41817474303831537
3,2,0.950274400195521,0.47105980118125235
3,2,0.929562798672209,0.47105980118125235
3,2,0.950274400195521,0.47105980118125235
3,2,0.929562798672209,0.5239448593241893
3,2,0.929562798672209,0.47105980118125235
3,2,0.929562798672209,0.47105980118125235
3,2,0.929562798672209,0.5239448593241893
3,2,0.9088511971488971,0.5239448593241893
3,2,0.929562798672209,0.5239448593241893
3,2,0.9088511971488971,0.5768299174671263
3,2,0.9088511971488971,0.5239448593241893
3,2,0.9088511971488971,0.5239448593241893
3,2,0.9088511971488971,0.5768299174671263
3,2,0.8881395956255855,0.5768299174671263
3,2,0.9088511971488971,0.5768299174671263
3,2,0.8881395956255855,0.6297149756100633
3,2,0.8881395956255855,0.5768299174671263
3,2,0.8881395956255855,0.5768299174671263
3,2,0.8881395956255855,0.6297149756100633
3,2,0.8674279941022736,0.6297149756100633
3,2,0.8881395956255855,0.6297149756100633
3,2,0.8674279941022736,0.6826000337530003
3,2,0.8674279941022736,0.6297149756100633
3,2,0.8674279941022736,0.6297149756100633
3,2,0.8674279941022736,0.6826000337530003
3,2,0.8467163925789616,0.6826000337530003
3,2,0.970986001718833,0.41817474303831537
3,2,0.970986001718833,0.47105980118125235
3,2,0.950274400195521,0.47105980118125235
3,2,0.970986001718833,0.47105980118125235
3,2,0.950274400195521,0.5239448593241893
3,2,0.950274400195521,0.47105980118125235
3,2,0.950274400195521,0.47105980118125235
3,2,0.950274400195521,0.5239448593241893
3,2,0.929562798672209,0.5239448593241893
3,2,0.950274400195521,0.5239448593241893
3,2,0.929562798672209,0.5768299174671263
3,2,0.929562798672209,0.5239448593241893
3,2,0.929562798672209,0.5239448593241893
3,2,0.929562798672209,0.5768299174671263
3,2,0.9088511971488971,0.5768299174671263
3,2,0.929562798672209,0.5768299174671263
3,2,0.9088511971488975,0.6297149756100633
3,2,0.9088511971488971,0.5768299174671263
3,2,0.9088511971488971,0.5768299174671263
3,2,0.9088511971488975,0.6297149756100633
3,2,0.8881395956255855,0.6297149756100633
3,2,0.9088511971488975,0.6297149756100633
3,2,0.8881395956255855,0.6826000337530003
3,2,0.8881395956255855,0.6297149756100633
3,2,0.8881395956255855,0.6297149756100633
3,2,0.8881395956255855,0.6826000337530003
3,2,0.8674279941022736,0.6826000337530003
3,2,0.970986001718833,0.47105980118125235
3,2,0.970986001718833,0.5239448593241893
3,2,0.950274400195521,0.5239448593241893
3,2,0.970986001718833,0.5239448593241893
3,2,0.950274400195521,0.5768299174671263
3,2,0.950274400195521,0.5239448593241893
3,2,0.950274400195521,0.5239448593241893
3,2,0.950274400195521,0.5768299174671263
3,2,0.929562798672209,0.5768299174671263
3,2,0.950274400195521,0.5768299174671263
3,2,0.929562798672209,0.6297149756100633
3,2,0.929562798672209,0.5768299174671263
3,2,0.929562798672209,0.5768299174671263
3,2,0.929562798672209,0.6297149756100633
3,2,0.9088511971488975,0.6297149756100633
3,2,0.929562798672209,0.6297149756100633
3,2,0.9088511971488975,0.6826000337530003
3,2,0.9088511971488975,0.6297149756100633
3,2,0.9088511971488975,0.6297149756100633
3,2,0.9088511971488975,0.6826000337530003
3,2,0.8881395956255855,0.6826000337530003
3,2,0.970986001718833,0.5239448593241893
3,2,0.970986001718833,0.5768299174671263
3,2,0.950274400195521,0.5768299174671263
3,2,0.970986001718833,0.5768299174671263
3,2,0.950274400195521,0.6297149756100633
3,2,0.950274400195521,0.5768299174671263
3,2,0.950274400195521,0.5768299174671263
3,2,0.950274400195521,0.6297149756100633
3,2,0.929562798672209,0.6297149756100633
3,2,0.950274400195521,0.6297149756100633
3,2,0.929562798672209,0.6826000337530003
3,2,0.929562798672209,0.6297149756100633
3,2,0.929562798672209,0.6297149756100633
3,2,0.929562798672209,0.6826000337530003
3,2,0.9088511971488975,0.6826000337530003
3,2,0.970986001718833,0.5768299174671263
3,2,0.970986001718833,0.6297149756100633
3,2,0.950274400195521,0.6297149756100633
3,2,0.970986001718833,0.6297149756100633
3,2,0.9502744001955215,0.6826000337530003
3,2,0.950274400195521,0.6297149756100633
3,2,0.950274400195521,0.6297149756100633
3,2,0.9502744001955215,0.6826000337530003
3,2,0.929562798672209,0.6826000337530003
3,2,0.970986001718833,0.6297149756100633
3,2,0.9709860017188334,0.6826000337530003
3,2,0.9502744001955215,0.6826000337530003
3,2,0.7800000000000002,0.08000000000000007
3,3,0.6872892558697927,0.9153741693696427
3,2,0.6872892558697927,0.24462583063035748
3,3,0.8727107441302078,0.9153741693696427
3,2,0.8727107441302078,0.24462583063035748
3,3,0.7721463528051573,0.8028280370000709
3,3,0.8151236185335482,0.8028280370000709
3,3,0.8151236185335482,0.8424583828295953
3,3,0.8151236185335482,0.8028280370000709
3,3,0.8581008842619391,0.8424583828295953
3,3,0.8151236185335482,0.8424583828295953
3,3,0.8151236185335482,0.8424583828295953
3,3,0.8581008842619391,0.8424583828295953
3,3,0.8581008842619391,0.8820887286591192
3,3,0.8581008842619391,0.8424583828295953
3,3,0.90107814999033,0.8820887286591192
3,3,0.8581008842619391,0.8820887286591192
3,3,0.8581008842619391,0.8820887286591192
3,3,0.90107814999033,0.8820887286591192
3,3,0.90107814999033,0.9217190744886437
3,3,0.90107814999033,0.8820887286591192
3,3,0.9440554157187213,0.9217190744886437
3,3,0.90107814999033,0.9217190744886437
3,3,0.90107814999033,0.9217190744886437
3,3,0.9440554157187213,0.9217190744886437
3,3,0.9440554157187213,0.9613494203181676
3,3,0.8151236185335482,0.8028280370000709
3,3,0.8581008842619391,0.8028280370000709
3,3,0.8581008842619391,0.8424583828295953
3,3,0.8581008842619391,0.8028280370000709
3,3,0.90107814999033,0.8424583828295953
3,3,0.8581008842619391,0.8424583828295953
3,3,0.8581008842619391,0.8424583828295953
3,3,0.90107814999033,0.8424583828295953
3,3,0.90107814999033,0.8820887286591192
3,3,0.90107814999033,0.8424583828295953
3,3,0.9440554157187213,0.8820887286591192
3,3,0.90107814999033,0.8820887286591192
3,3,0.90107814999033,0.8820887286591192
3,3,0.9440554157187213,0.8820887286591192
3,3,0.9440554157187213,0.9217190744886437
3,3,0.8581008842619391,0.8028280370000709
3,3,0.90107814999033,0.8028280370000709
3,3,0.90107814999033,0.8424583828295953
3,3,0.90107814999033,0.8028280370000709
3,3,0.9440554157187209,0.8424583828295953
3,3,0.90107814999033,0.8424583828295953
3,3,0.90107814999033,0.8424583828295953
3,3,0.9440554157187209,0.8424583828295953
3,3,0.9440554157187213,0.8820887286591192
3,3,0.90107814999033,0.8028280370000709
3,3,0.9440554157187209,0.8028280370000709
3,3,0.9440554157187209,0.8424583828295953
3,3,0.9440554157187213,0.9613494203181676
3,3,0.90107814999033,0.9613494203181676
3,3,0.90107814999033,0.9217190744886437
3,3,0.90107814999033,0.9613494203181676
3,3,0.8581008842619391,0.9217190744886437
3,3,0.90107814999033,0.9217190744886437
3,3,0.90107814999033,0.9217190744886437
3,3,0.8581008842619391,0.9217190744886437
3,3,0.8581008842619391,0.8820887286591192
3,3,0.8581008842619391,0.9217190744886437
3,3,0.8151236185335482,0.8820887286591192
3,3,0.8581008842619391,0.8820887286591192
3,3,0.8581008842619391,0.8820887286591192
3,3,0.8151236185335482,0.8820887286591192
3,3,0.8151236185335482,0.8424583828295953
3,3,0.8151236185335482,0.8820887286591192
3,3,0.7721463528051573,0.8424583828295953
3,3,0.8151236185335482,0.8424583828295953
3,3,0.8151236185335482,0.8424583828295953
3,3,0.7721463528051573,0.8424583828295953
3,3,0.7721463528051573,0.8028280370000709
3,3,0.90107814999033,0.9613494203181676
3,3,0.8581008842619391,0.9613494203181676
3,3,0.8581008842619391,0.9217190744886437
3,3,0.8581008842619391,0.9613494203181676
3,3,0.8151236185335482,0.9217190744886437
3,3,0.8581008842619391,0.9217190744886437
3,3,0.8581008842619391,0.9217190744886437
3,3,0.8151236185335482,0.9217190744886437
3,3,0.8151236185335482,0.8820887286591192
3,3,0.8151236185335482,0.9217190744886437
3,3,0.7721463528051573,0.8820887286591192
3,3,0.8151236185335482,0.8820887286591192
3,3,0.8151236185335482,0.8820887286591192
3,3,0.7721463528051573,0.8820887286591192
3,3,0.7721463528051573,0.8424583828295953
3,3,0.8581008842619391,0.9613494203181676
3,3,0.8151236185335482,0.9613494203181676
3,3,0.8151236185335482,0.9217190744886437
3,3,0.8151236185335482,0.9613494203181676
3,3,0.7721463528051573,0.9217190744886437
3,3,0.8151236185335482,0.9217190744886437
3,3,0.8151236185335482,0.9217190744886437
3,3,0.7721463528051573,0.9217190744886437
3,3,0.7721463528051573,0.8820887286591192
3,3,0.8151236185335482,0.9613494203181676
3,3,0.7721463528051573,0.9613494203181676
3,3,0.7721463528051573,0.9217190744886437
3,3,0.7721463528051573,0.9613494203181676
3,3,0.8151236185335482,0.9613494203181676
3,2,0.8151236185335482,0.0009496137161706386
3,3,0.8151236185335482,0.9613494203181676
3,2,0.8581008842619391,0.0009496137161706386
3,2,0.8151236185335482,0.0009496137161706386
3,2,0.8151236185335482,0.0009496137161706386
3,2,0.8581008842619391,0.0009496137161706386
3,2,0.8581008842619391,0.040549807114173664
3,2,0.8581008842619391,0.0009496137161706386
3,2,0.90107814999033,0.040549807114173664
3,2,0.8581008842619391,0.040549807114173664
3,2,0.8581008842619391,0.040549807114173664
3,2,0.90107814999033,0.040549807114173664
3,2,0.90107814999033,0.08015000051217624
3,2,0.90107814999033,0.040549807114173664
3,2,0.9440554157187213,0.08015000051217624
3,2,0.90107814999033,0.08015000051217624
3,2,0.90107814999033,0.08015000051217624
3,2,0.9440554157187213,0.08015000051217624
3,2,0.9440554157187213,0.11975019391017927
3,3,0.8151236185335482,0.9613494203181676
3,3,0.8581008842619391,0.9613494203181676
3,2,0.8581008842619391,0.0009496137161706386
3,3,0.8581008842619391,0.9613494203181676
3,2,0.90107814999033,0.0009496137161706386
3,2,0.8581008842619391,0.0009496137161706386
3,2,0.8581008842619391,0.0009496137161706386
3,2,0.90107814999033,0.0009496137161706386
3,2,0.90107814999033,0.040549807114173664
3,2,0.90107814999033,0.0009496137161706386
3,2,0.9440554157187213,0.040549807114173664
3,2,0.90107814999033,0.040549807114173664
3,2,0.90107814999033,0.040549807114173664
3,2,0.9440554157187213,0.040549807114173664
3,2,0.9440554157187213,0.08015000051217624
3,3,0.8581008842619391,0.9613494203181676
3,3,0.90107814999033,0.9613494203181676
3,2,0.90107814999033,0.0009496137161706386
3,3,0.90107814999033,0.9613494203181676
3,2,0.9440554157187213,0.0009496137161706386
3,2,0.90107814999033,0.0009496137161706386
3,2,0.90107814999033,0.0009496137161706386
3,2,0.9440554157187213,0.0009496137161706386
3,2,0.9440554157187213,0.040549807114173664
3,3,0.90107814999033,0.9613494203181676
3,3,0.9440554157187213,0.9613494203181676
3,2,0.9440554157187213,0.0009496137161706386
3,2,0.9440554157187213,0.11975019391017927
3,2,0.90107814999033,0.11975019391017927
3,2,0.90107814999033,0.08015000051217624
3,2,0.90107814999033,0.11975019391017927
3,2,0.8581008842619391,0.08015000051217624
3,2,0.90107814999033,0.08015000051217624
3,2,0.90107814999033,0.08015000051217624
3,2,0.8581008842619391,0.08015000051217624
3,2,0.8581008842619391,0.040549807114173664
3,2,0.8581008842619391,0.08015000051217624
3,2,0.8151236185335482,0.040549807114173664
3,2,0.8581008842619391,0.040549807114173664
3,2,0.8581008842619391,0.040549807114173664
3,2,0.8151236185335482,0.040549807114173664
3,2,0.8151236185335482,0.0009496137161706386
3,2,0.8151236185335482,0.040549807114173664
3,2,0.7721463528051573,0.0009496137161706386
3,2,0.8151236185335482,0.0009496137161706386
3,2,0.8151236185335482,0.0009496137161706386
3,2,0.7721463528051573,0.0009496137161706386
3,3,0.7721463528051573,0.9613494203181676
3,2,0.90107814999033,0.11975019391017927
3,2,0.8581008842619391,0.11975019391017927
3,2,0.8581008842619391,0.08015000051217624
3,2,0.8581008842619391,0.11975019391017927
3,2,0.8151236185335482,0.08015000051217624
3,2,0.8581008842619391,0.08015000051217624
3,2,0.8581008842619391,0.08015000051217624
3,2,0.8151236185335482,0.08015000051217624
3,2,0.8151236185335482,0.040549807114173664
3,2,0.8151236185335482,0.08015000051217624
3,2,0.7721463528051573,0.040549807114173664
3,2,0.8151236185335482,0.040549807114173664
3,2,0.8151236185335482,0.040549807114173664
3,2,0.7721463528051573,0.040549807114173664
3,2,0.7721463528051573,0.0009496137161706386
3,2,0.8581008842619391,0.11975019391017927
3,2,0.8151236185335482,0.11975019391017927
3,2,0.8151236185335482,0.08015000051217624
3,2,0.8151236185335482,0.11975019391017927
3,2,0.7721463528051573,0.08015000051217624
3,2,0.8151236185335482,0.08015000051217624
3,2,0.8151236185335482,0.08015000051217624
3,2,0.7721463528051573,0.08015000051217624
3,2,0.7721463528051573,0.040549807114173664
3,2,0.8151236185335482,0.11975019391017927
3,2,0.7721463528051573,0.11975019391017927
3,2,0.7721463528051573,0.08015000051217624
3,3,0.7721463528051573,0.8028280370000709
3,3,0.7721463528051573,0.8424583828295953
3,3,0.7292092903187948,0.8424583828295953
3,3,0.7721463528051573,0.8424583828295953
3,3,0.7292092903187948,0.8820887286591192
3,3,0.7292092903187948,0.8424583828295953
3,3,0.7292092903187948,0.8424583828295953
3,3,0.7292092903187948,0.8820887286591192
3,3,0.6862722278324322,0.8820887286591192
3,3,0.7292092903187948,0.8820887286591192
3,3,0.6862722278324322,0.9217190744886437
3,3,0.6862722278324322,0.8820887286591192
3,3,0.6862722278324322,0.8820887286591192
3,3,0.6862722278324322,0.9217190744886437
3,3,0.6433351653460697,0.9217190744886437
3,3,0.6862722278324322,0.9217190744886437
3,3,0.6433351653460697,0.9613494203181676
3,3,0.6433351653460697,0.9217190744886437
3,3,0.6433351653460697,0.9217190744886437
3,3,0.6433351653460697,0.9613494203181676
3,3,0.6003981028597072,0.9613494203181676
3,3,0.7721463528051573,0.8424583828295953
3,3,0.7721463528051573,0.8820887286591192
3,3,0.7292092903187948,0.8820887286591192
3,3,0.7721463528051573,0.8820887286591192
3,3,0.7292092903187948,0.9217190744886437
3,3,0.7292092903187948,0.8820887286591192
3,3,0.7292092903187948,0.8820887286591192
3,3,0.7292092903187948,0.9217190744886437
3,3,0.6862722278324322,0.9217190744886437
3,3,0.7292092903187948,0.9217190744886437
3,3,0.6862722278324322,0.9613494203181676
3,3,0.6862722278324322,0.9217190744886437
3,3,0.6862722278324322,0.9217190744886437
3,3,0.6862722278324322,0.9613494203181676
3,3,0.6433351653460697,0.9613494203181676
3,3,0.7721463528051573,0.8820887286591192
3,3,0.7721463528051573,0.9217190744886437
3,3,0.7292092903187948,0.9217190744886437
3,3,0.7721463528051573,0.9217190744886437
3,3,0.7292092903187948,0.9613494203181676
3,3,0.7292092903187948,0.9217190744886437
3,3,0.7292092903187948,0.9217190744886437
3,3,0.7292092903187948,0.9613494203181676
3,3,0.6862722278324322,0.9613494203181676
3,3,0.7721463528051573,0.9217190744886437
3,3,0.7721463528051573,0.9613494203181676
3,3,0.7292092903187948,0.9613494203181676
3,3,0.6003981028597072,0.9613494203181676
3,3,0.6003981028597072,0.9217190744886437
3,3,0.6433351653460697,0.9217190744886437
3,3,0.6003981028597072,0.9217190744886437
3,3,0.6433351653460697,0.8820887286591192
3,3,0.6433351653460697,0.9217190744886437
3,3,0.6433351653460697,0.9217190744886437
3,3,0.6433351653460697,0.8820887286591192
3,3,0.6862722278324322,0.8820887286591192
3,3,0.6433351653460697,0.8820887286591192
3,3,0.6862722278324322,0.8424583828295953
3,3,0.6862722278324322,0.8820887286591192
3,3,0.6862722278324322,0.8820887286591192
3,3,0.6862722278324322,0.8424583828295953
3,3,0.7292092903187948,0.8424583828295953
3,3,0.6862722278324322,0.8424583828295953
3,3,0.7292092903187948,0.8028280370000709
3,3,0.7292092903187948,0.8424583828295953
3,3,0.7292092903187948,0.8424583828295953
3,3,0.7292092903187948,0.8028280370000709
3,3,0.7721463528051573,0.8028280370000709
3,3,0.6003981028597072,0.9217190744886437
3,3,0.6003981028597072,0.8820887286591192
3,3,0.6433351653460697,0.8820887286591192
3,3,0.6003981028597072,0.8820887286591192
3,3,0.6433351653460697,0.8424583828295953
3,3,0.6433351653460697,0.8820887286591192
3,3,0.6433351653460697,0.8820887286591192
3,3,0.6433351653460697,0.8424583828295953
3,3,0.6862722278324322,0.8424583828295953
3,3,0.6433351653460697,0.8424583828295953
3,3,0.6862722278324322,0.8028280370000709
3,3,0.6862722278324322,0.8424583828295953
3,3,0.6862722278324322,0.8424583828295953
3,3,0.6862722278324322,0.8028280370000709
3,3,0.7292092903187948,0.8028280370000709
3,3,0.6003981028597072,0.8820887286591192
3,3,0.6003981028597072,0.8424583828295953
3,3,0.6433351653460697,0.8424583828295953
3,3,0.6003981028597072,0.8424583828295953
3,3,0.6433351653460697,0.8028280370000709
3,3,0.6433351653460697,0.8424583828295953
3,3,0.6433351653460697,0.8424583828295953
3,3,0.6433351653460697,0.8028280370000709
3,3,0.6862722278324322,0.8028280370000709
3,3,0.6003981028597072,0.8424583828295953
3,3,0.6003981028597072,0.8028280370000709
3,3,0.6433351653460697,0.8028280370000709
3,3,0.7721463528051573,0.9613494203181676
3,2,0.7721463528051573,0.0009496137161706386
3,2,0.7292092903187948,0.0009496137161706386
3,2,0.7721463528051573,0.0009496137161706386
3,2,0.7292092903187948,0.040549807114173664
3,2,0.7292092903187948,0.0009496137161706386
3,2,0.7292092903187948,0.0009496137161706386
3,2,0.7292092903187948,0.040549807114173664
3,2,0.6862722278324322,0.040549807114173664
3,2,0.7292092903187948,0.040549807114173664
3,2,0.6862722278324322,0.08015000051217624
3,2,0.6862722278324322,0.040549807114173664
3,2,0.6862722278324322,0.040549807114173664
3,2,0.6862722278324322,0.08015000051217624
3,2,0.6433351653460697,0.08015000051217624
3,2,0.6862722278324322,0.08015000051217624
3,2,0.6433351653460697,0.11975019391017927
3,2,0.6433351653460697,0.08015000051217624
3,2,0.6433351653460697,0.08015000051217624
3,2,0.6433351653460697,0.11975019391017927
3,2,0.6003981028597072,0.11975019391017927
3,2,0.7721463528051573,0.0009496137161706386
3,2,0.7721463528051573,0.040549807114173664
3,2,0.7292092903187948,0.040549807114173664
3,2,0.7721463528051573,0.040549807114173664
3,2,0.7292092903187948,0.08015000051217624
3,2,0.7292092903187948,0.040549807114173664
3,2,0.7292092903187948,0.040549807114173664
3,2,0.7292092903187948,0.08015000051217624
3,2,0.6862722278324322,0.08015000051217624
3,2,0.7292092903187948,0.08015000051217624
3,2,0.6862722278324322,0.11975019391017927
3,2,0.6862722278324322,0.08015000051217624
3,2,0.6862722278324322,0.08015000051217624
3,2,0.6862722278324322,0.11975019391017927
3,2,0.6433351653460697,0.11975019391017927
3,2,0.7721463528051573,0.040549807114173664
3,2,0.7721463528051573,0.08015000051217624
3,2,0.7292092903187948,0.08015000051217624
3,2,0.7721463528051573,0.08015000051217624
3,2,0.7292092903187948,0.11975019391017927
3,2,0.7292092903187948,0.08015000051217624
3,2,0.7292092903187948,0.08015000051217624
3,2,0.7292092903187948,0.11975019391017927
3,2,0.6862722278324322,0.11975019391017927
3,2,0.7721463528051573,0.08015000051217624
3,2,0.7721463528051573,0.11975019391017927
3,2,0.7292092903187948,0.11975019391017927
3,2,0.6003981028597072,0.11975019391017927
3,2,0.6003981028597072,0.08015000051217624
3,2,0.6433351653460697,0.08015000051217624
3,2,0.6003981028597072,0.08015000051217624
3,2,0.6433351653460697,0.040549807114173664
3,2,0.6433351653460697,0.08015000051217624
3,2,0.6433351653460697,0.08015000051217624
3,2,0.6433351653460697,0.040549807114173664
3,2,0.6862722278324322,0.040549807114173664
3,2,0.6433351653460697,0.040549807114173664
3,2,0.6862722278324322,0.0009496137161706386
3,2,0.6862722278324322,0.040549807114173664
3,2,0.6862722278324322,0.040549807114173664
3,2,0.6862722278324322,0.0009496137161706386
3,2,0.7292092903187948,0.0009496137161706386
3,2,0.6862722278324322,0.0009496137161706386
3,3,0.7292092903187948,0.9613494203181676
3,2,0.7292092903187948,0.0009496137161706386
3,2,0.7292092903187948,0.0009496137161706386
3,3,0.7292092903187948,0.9613494203181676
3,3,0.7721463528051573,0.9613494203181676
3,2,0.6003981028597072,0.08015000051217624
3,2,0.6003981028597072,0.040549807114173664
3,2,0.6433351653460697,0.040549807114173664
3,2,0.6003981028597072,0.040549807114173664
3,2,0.6433351653460697,0.0009496137161706386
3,2,0.6433351653460697,0.040549807114173664
3,2,0.6433351653460697,0.040549807114173664
3,2,0.6433351653460697,0.0009496137161706386
3,2,0.6862722278324322,0.0009496137161706386
3,2,0.6433351653460697,0.0009496137161706386
3,3,0.6862722278324322,0.9613494203181676
3,2,0.6862722278324322,0.0009496137161706386
3,2,0.6862722278324322,0.0009496137161706386
3,3,0.6862722278324322,0.9613494203181676
3,3,0.7292092903187948,0.9613494203181676
3,2,0.6003981028597072,0.040549807114173664
3,2,0.6003981028597072,0.0009496137161706386
3,2,0.6433351653460697,0.0009496137161706386
3,2,0.6003981028597072,0.0009496137161706386
3,3,0.6433351653460697,0.9613494203181676
3,2,0.6433351653460697,0.0009496137161706386
3,2,0.6433351653460697,0.0009496137161706386
3,3,0.6433351653460697,0.9613494203181676
3,3,0.6862722278324322,0.9613494203181676
3,2,0.6003981028597072,0.0009496137161706386
3,3,0.6003981028597072,0.9613494203181676
3,3,0.6433351653460697,0.9613494203181676
3,2,0.7827600087006625,0.33459631931010536
3,2,0.7628549368696982,0.33459631931010536
3,2,0.7628549368696982,0.2837883554399552
3,2,0.7628549368696982,0.33459631931010536
3,2,0.7429498650387334,0.2837883554399552
3,2,0.7628549368696982,0.2837883554399552
3,2,0.7628549368696982,0.2837883554399552
3,2,0.7429498650387334,0.2837883554399552
3,2,0.7429498650387334,0.23298039156980455
3,2,0.7429498650387334,0.2837883554399552
3,2,0.723044793207769,0.23298039156980455
3,2,0.7429498650387334,0.23298039156980455
3,2,0.7429498650387334,0.23298039156980455
3,2,0.723044793207769,0.23298039156980455
3,2,0.723044793207769,0.18217242769965392
3,2,0.723044793207769,0.23298039156980455
3,2,0.7031397213768042,0.18217242769965392
3,2,0.723044793207769,0.18217242769965392
3,2,0.723044793207769,0.18217242769965392
3,2,0.7031397213768042,0.18217242769965392
3,2,0.7031397213768042,0.1313644638295033
3,2,0.7031397213768042,0.18217242769965392
3,2,0.6832346495458399,0.1313644638295033
3,2,0.7031397213768042,0.1313644638295033
3,2,0.7031397213768042,0.1313644638295033
3,2,0.6832346495458399,0.1313644638295033
3,2,0.6832346495458399,0.08055649995935266
3,2,0.6832346495458399,0.1313644638295033
3,2,0.6633295777148751,0.08055649995935266
3,2,0.6832346495458399,0.08055649995935266
3,2,0.6832346495458399,0.08055649995935266
3,2,0.6633295777148751,0.08055649995935266
3,2,0.6633295777148751,0.029748536089202027
3,2,0.6633295777148751,0.08055649995935266
3,2,0.6434245058839108,0.029748536089202027
3,2,0.6633295777148751,0.029748536089202027
3,2,0.6633295777148751,0.029748536089202027
3,2,0.6434245058839108,0.029748536089202027
3,3,0.6434245058839108,0.9789405722190514
3,2,0.6434245058839108,0.029748536089202027
3,3,0.6235194340529464,0.9789405722190514
3,3,0.6434245058839108,0.9789405722190514
3,3,0.6434245058839108,0.9789405722190514
3,3,0.6235194340529464,0.9789405722190514
3,3,0.6235194340529464,0.9281326083489008
3,3,0.6235194340529464,0.9789405722190514
3,3,0.6036143622219816,0.9281326083489008
3,3,0.6235194340529464,0.9281326083489008
3,3,0.6235194340529464,0.9281326083489008
3,3,0.6036143622219816,0.9281326083489008
3,3,0.6036143622219816,0.8773246444787506
3,2,0.7628549368696982,0.33459631931010536
3,2,0.7429498650387334,0.33459631931010536
3,2,0.7429498650387334,0.2837883554399552
3,2,0.7429498650387334,0.33459631931010536
3,2,0.723044793207769,0.2837883554399552
3,2,0.7429498650387334,0.2837883554399552
3,2,0.7429498650387334,0.2837883554399552
3,2,0.723044793207769,0.2837883554399552
3,2,0.723044793207769,0.23298039156980455
3,2,0.723044793207769,0.2837883554399552
3,2,0.7031397213768042,0.23298039156980455
3,2,0.723044793207769,0.23298039156980455
3,2,0.723044793207769,0.23298039156980455
3,2,0.7031397213768042,0.23298039156980455
3,2,0.7031397213768042,0.18217242769965392
3,2,0.7031397213768042,0.23298039156980455
3,2,0.6832346495458399,0.18217242769965392
3,2,0.7031397213768042,0.18217242769965392
3,2,0.7031397213768042,0.18217242769965392
3,2,0.6832346495458399,0.18217242769965392
3,2,0.6832346495458399,0.1313644638295033
3,2,0.6832346495458399,0.18217242769965392
3,2,0.6633295777148751,0.1313644638295033
3,2,0.6832346495458399,0.1313644638295033
3,2,0.6832346495458399,0.1313644638295033
3,2,0.6633295777148751,0.1313644638295033
3,2,0.6633295777148751,0.08055649995935266
3,2,0.6633295777148751,0.1313644638295033
3,2,0.6434245058839108,0.08055649995935266
3,2,0.6633295777148751,0.08055649995935266
3,2,0.6633295777148751,0.08055649995935266
3,2,0.6434245058839108,0.08055649995935266
3,2,0.6434245058839108,0.029748536089202027
3,2,0.6434245058839108,0.08055649995935266
3,2,0.6235194340529464,0.029748536089202027
3,2,0.6434245058839108,0.029748536089202027
3,2,0.6434245058839108,0.029748536089202027
3,2,0.6235194340529464,0.029748536089202027
3,3,0.6235194340529464,0.9789405722190514
3,2,0.6235194340529464,0.029748536089202027
3,3,0.6036143622219816,0.9789405722190514
3,3,0.6235194340529464,0.9789405722190514
3,3,0.6235194340529464,0.9789405722190514
3,3,0.6036143622219816,0.9789405722190514
3,3,0.6036143622219816,0.9281326083489008
3,2,0.7429498650387334,0.33459631931010536
3,2,0.723044793207769,0.33459631931010536
3,2,0.723044793207769,0.2837883554399552
3,2,0.723044793207769,0.33459631931010536
3,2,0.7031397213768042,0.2837883554399552
3,2,0.723044793207769,0.2837883554399552
3,2,0.723044793207769,0.2837883554399552
3,2,0.7031397213768042,0.2837883554399552
3,2,0.7031397213768042,0.23298039156980455
3,2,0.7031397213768042,0.2837883554399552
3,2,0.6832346495458399,0.23298039156980455
3,2,0.7031397213768042,0.23298039156980455
3,2,0.7031397213768042,0.23298039156980455
3,2,0.6832346495458399,0.23298039156980455
3,2,0.6832346495458399,0.18217242769965392
3,2,0.6832346495458399,0.23298039156980455
3,2,0.6633295777148751,0.18217242769965392
3,2,0.6832346495458399,0.18217242769965392
3,2,0.6832346495458399,0.18217242769965392
3,2,0.6633295777148751,0.18217242769965392
3,2,0.6633295777148751,0.1313644638295033
3,2,0.6633295777148751,0.18217242769965392
3,2,0.6434245058839108,0.1313644638295033
3,2,0.6633295777148751,0.1313644638295033
3,2,0.6633295777148751,0.1313644638295033
3,2,0.6434245058839108,0.1313644638295033
3,2,0.6434245058839108,0.08055649995935266
3,2,0.6434245058839108,0.1313644638295033
3,2,0.6235194340529464,0.08055649995935266
3,2,0.6434245058839108,0.08055649995935266
3,2,0.6434245058839108,0.08055649995935266
3,2,0.6235194340529464,0.08055649995935266
3,2,0.6235194340529464,0.029748536089202027
3,2,0.6235194340529464,0.08055649995935266
3,2,0.6036143622219816,0.029748536089202027
3,2,0.6235194340529464,0.029748536089202027
3,2,0.6235194340529464,0.029748536089202027
3,2,0.6036143622219816,0.029748536089202027
3,3,0.6036143622219816,0.9789405722190514
3,2,0.723044793207769,0.33459631931010536
3,2,0.7031397213768042,0.33459631931010536
3,2,0.7031397213768042,0.2837883554399552
3,2,0.7031397213768042,0.33459631931010536
3,2,0.6832346495458399,0.2837883554399552
3,2,0.7031397213768042,0.2837883554399552
3,2,0.7031397213768042,0.2837883554399552
3,2,0.6832346495458399,0.2837883554399552
3,2,0.6832346495458399,0.23298039156980455
3,2,0.6832346495458399,0.2837883554399552
3,2,0.6633295777148751,0.23298039156980455
3,2,0.6832346495458399,0.23298039156980455
3,2,0.6832346495458399,0.23298039156980455
3,2,0.6633295777148751,0.23298039156980455
3,2,0.6633295777148751,0.18217242769965392
3,2,0.6633295777148751,0.23298039156980455
3,2,0.6434245058839108,0.18217242769965392
3,2,0.6633295777148751,0.18217242769965392
3,2,0.6633295777148751,0.18217242769965392
3,2,0.6434245058839108,0.18217242769965392
3,2,0.6434245058839108,0.1313644638295033
3,2,0.6434245058839108,0.18217242769965392
3,2,0.6235194340529464,0.1313644638295033
3,2,0.6434245058839108,0.1313644638295033
3,2,0.6434245058839108,0.1313644638295033
3,2,0.6235194340529464,0.1313644638295033
3,2,0.6235194340529464,0.08055649995935266
3,2,0.6235194340529464,0.1313644638295033
3,2,0.6036143622219816,0.08055649995935266
3,2,0.6235194340529464,0.08055649995935266
3,2,0.6235194340529464,0.08055649995935266
3,2,0.6036143622219816,0.08055649995935266
3,2,0.6036143622219816,0.029748536089202027
3,2,0.7031397213768042,0.33459631931010536
3,2,0.6832346495458399,0.33459631931010536
3,2,0.6832346495458399,0.2837883554399552
3,2,0.6832346495458399,0.33459631931010536
3,2,0.6633295777148756,0.2837883554399552
3,2,0.6832346495458399,0.2837883554399552
3,2,0.6832346495458399,0.2837883554399552
3,2,0.6633295777148756,0.2837883554399552
3,2,0.6633295777148751,0.23298039156980455
3,2,0.6633295777148756,0.2837883554399552
3,2,0.6434245058839108,0.23298039156980455
3,2,0.6633295777148751,0.23298039156980455
3,2,0.6633295777148751,0.23298039156980455
3,2,0.6434245058839108,0.23298039156980455
3,2,0.6434245058839108,0.18217242769965392
3,2,0.6434245058839108,0.23298039156980455
3,2,0.6235194340529464,0.18217242769965392
3,2,0.6434245058839108,0.18217242769965392
3,2,0.6434245058839108,0.18217242769965392
3,2,0.6235194340529464,0.18217242769965392
3,2,0.6235194340529464,0.1313644638295033
3,2,0.6235194340529464,0.18217242769965392
3,2,0.6036143622219816,0.1313644638295033
3,2,0.6235194340529464,0.1313644638295033
3,2,0.6235194340529464,0.1313644638295033
3,2,0.6036143622219816,0.1313644638295033
3,2,0.6036143622219816,0.08055649995935266
3,2,0.6832346495458399,0.33459631931010536
3,2,0.6633295777148756,0.33459631931010536
3,2,0.6633295777148756,0.2837883554399552
3,2,0.6633295777148756,0.33459631931010536
3,2,0.6434245058839108,0.2837883554399552
3,2,0.6633295777148756,0.2837883554399552
3,2,0.6633295777148756,0.2837883554399552
3,2,0.6434245058839108,0.2837883554399552
3,2,0.6434245058839108,0.23298039156980455
3,2,0.6434245058839108,0.2837883554399552
3,2,0.6235194340529464,0.23298039156980455
3,2,0.6434245058839108,0.23298039156980455
3,2,0.6434245058839108,0.23298039156980455
3,2,0.6235194340529464,0.23298039156980455
3,2,0.6235194340529464,0.18217242769965392
3,2,0.6235194340529464,0.23298039156980455
3,2,0.6036143622219816,0.18217242769965392
3,2,0.6235194340529464,0.18217242769965392
3,2,0.6235194340529464,0.18217242769965392
3,2,0.6036143622219816,0.18217242769965392
3,2,0.6036143622219816,0.1313644638295033
3,2,0.6633295777148756,0.33459631931010536
3,2,0.6434245058839108,0.33459631931010536
3,2,0.6434245058839108,0.2837883554399552
3,2,0.6434245058839108,0.33459631931010536
3,2,0.6235194340529464,0.2837883554399552
3,2,0.6434245058839108,0.2837883554399552
3,2,0.6434245058839108,0.2837883554399552
3,2,0.6235194340529464,0.2837883554399552
3,2,0.6235194340529464,0.23298039156980455
3,2,0.6235194340529464,0.2837883554399552
3,2,0.6036143622219816,0.23298039156980455
3,2,0.6235194340529464,0.23298039156980455
3,2,0.6235194340529464,0.23298039156980455
3,2,0.6036143622219816,0.23298039156980455
3,2,0.6036143622219816,0.18217242769965392
3,2,0.6434245058839108,0.33459631931010536
3,2,0.6235194340529464,0.33459631931010536
3,2,0.6235194340529464,0.2837883554399552
3,2,0.6235194340529464,0.33459631931010536
3,2,0.6036143622219816,0.2837883554399552
3,2,0.6235194340529464,0.2837883554399552
3,2,0.6235194340529464,0.2837883554399552
3,2,0.6036143622219816,0.2837883554399552
3,2,0.6036143622219816,0.23298039156980455
3,2,0.6235194340529464,0.33459631931010536
3,2,0.6036143622219816,0.33459631931010536
3,2,0.6036143622219816,0.2837883554399552
3,3,0.6036143622219816,0.8773246444787506
3,3,0.6235194340529464,0.8773246444787506
3,3,0.6235194340529464,0.9281326083489008
3,3,0.6235194340529464,0.8773246444787506
3,3,0.6434245058839108,0.9281326083489008
3,3,0.6235194340529464,0.9281326083489008
3,3,0.6235194340529464,0.9281326083489008
3,3,0.6434245058839108,0.9281326083489008
3,3,0.6434245058839108,0.9789405722190514
3,3,0.6434245058839108,0.9281326083489008
3,3,0.6633295777148751,0.9789405722190514
3,3,0.6434245058839108,0.9789405722190514
3,3,0.6434245058839108,0.9789405722190514
3,3,0.6633295777148751,0.9789405722190514
3,2,0.6633295777148751,0.029748536089202027
3,3,0.6633295777148751,0.9789405722190514
3,2,0.6832346495458399,0.029748536089202027
3,2,0.6633295777148751,0.029748536089202027
3,2,0.6633295777148751,0.029748536089202027
3,2,0.6832346495458399,0.029748536089202027
3,2,0.6832346495458399,0.08055649995935266
3,2,0.6832346495458399,0.029748536089202027
3,2,0.7031397213768042,0.08055649995935266
3,2,0.6832346495458399,0.08055649995935266
3,2,0.6832346495458399,0.08055649995935266
3,2,0.7031397213768042,0.08055649995935266
3,2,0.7031397213768042,0.1313644638295033
3,2,0.7031397213768042,0.08055649995935266
3,2,0.723044793207769,0.1313644638295033
3,2,0.7031397213768042,0.1313644638295033
3,2,0.7031397213768042,0.1313644638295033
3,2,0.723044793207769,0.1313644638295033
3,2,0.723044793207769,0.18217242769965392
3,2,0.723044793207769,0.1313644638295033
3,2,0.7429498650387334,0.18217242769965392
3,2,0.723044793207769,0.18217242769965392
3,2,0.723044793207769,0.18217242769965392
3,2,0.7429498650387334,0.18217242769965392
3,2,0.7429498650387334,0.23298039156980455
3,2,0.7429498650387334,0.18217242769965392
3,2,0.7628549368696982,0.23298039156980455
3,2,0.7429498650387334,0.23298039156980455
3,2,0.7429498650387334,0.23298039156980455
3,2,0.7628549368696982,0.23298039156980455
3,2,0.7628549368696982,0.2837883554399552
3,2,0.7628549368696982,0.23298039156980455
3,2,0.7827600087006625,0.2837883554399552
3,2,0.7628549368696982,0.2837883554399552
3,2,0.7628549368696982,0.2837883554399552
3,2,0.7827600087006625,0.2837883554399552
3,2,0.7827600087006625,0.33459631931010536
3,3,0.6235194340529464,0.8773246444787506
3,3,0.6434245058839108,0.8773246444787506
3,3,0.6434245058839108,0.9281326083489008
3,3,0.6434245058839108,0.8773246444787506
3,3,0.6633295777148751,0.9281326083489008
3,3,0.6434245058839108,0.9281326083489008
3,3,0.6434245058839108,0.9281326083489008
3,3,0.6633295777148751,0.9281326083489008
3,3,0.6633295777148751,0.9789405722190514
3,3,0.6633295777148751,0.9281326083489008
3,3,0.6832346495458399,0.9789405722190514
3,3,0.6633295777148751,0.9789405722190514
3,3,0.6633295777148751,0.9789405722190514
3,3,0.6832346495458399,0.9789405722190514
3,2,0.6832346495458399,0.029748536089202027
3,3,0.6832346495458399,0.9789405722190514
3,2,0.7031397213768042,0.029748536089202027
3,2,0.6832346495458399,0.029748536089202027
3,2,0.6832346495458399,0.029748536089202027
3,2,0.7031397213768042,0.029748536089202027
3,2,0.7031397213768042,0.08055649995935266
3,2,0.7031397213768042,0.029748536089202027
3,2,0.723044793207769,0.08055649995935266
3,2,0.7031397213768042,0.08055649995935266
3,2,0.7031397213768042,0.08055649995935266
3,2,0.723044793207769,0.08055649995935266
3,2,0.723044793207769,0.1313644638295033
3,2,0.723044793207769,0.08055649995935266
3,2,0.7429498650387334,0.1313644638295033
3,2,0.723044793207769,0.1313644638295033
3,2,0.723044793207769,0.1313644638295033
3,2,0.7429498650387334,0.1313644638295033
3,2,0.7429498650387334,0.18217242769965392
3,2,0.7429498650387334,0.1313644638295033
3,2,0.7628549368696982,0.18217242769965392
3,2,0.7429498650387334,0.18217242769965392
3,2,0.7429498650387334,0.18217242769965392
3,2,0.7628549368696982,0.18217242769965392
3,2,0.7628549368696982,0.23298039156980455
3,2,0.7628549368696982,0.18217242769965392
3,2,0.7827600087006625,0.23298039156980455
3,2,0.7628549368696982,0.23298039156980455
3,2,0.7628549368696982,0.23298039156980455
3,2,0.7827600087006625,0.23298039156980455
3,2,0.7827600087006625,0.2837883554399552
3,3,0.6434245058839108,0.8773246444787506
3,3,0.6633295777148751,0.8773246444787506
3,3,0.6633295777148751,0.9281326083489008
3,3,0.6633295777148751,0.8773246444787506
3,3,0.6832346495458399,0.9281326083489008
3,3,0.6633295777148751,0.9281326083489008
3,3,0.6633295777148751,0.9281326083489008
3,3,0.6832346495458399,0.9281326083489008
3,3,0.6832346495458399,0.9789405722190514
3,3,0.6832346495458399,0.9281326083489008
3,3,0.7031397213768042,0.9789405722190514
3,3,0.6832346495458399,0.9789405722190514
3,3,0.6832346495458399,0.9789405722190514
3,3,0.7031397213768042,0.9789405722190514
3,2,0.7031397213768042,0.029748536089202027
3,3,0.7031397213768042,0.9789405722190514
3,2,0.723044793207769,0.029748536089202027
3,2,0.7031397213768042,0.029748536089202027
3,2,0.7031397213768042,0.029748536089202027
3,2,0.723044793207769,0.029748536089202027
3,2,0.723044793207769,0.08055649995935266
3,2,0.723044793207769,0.029748536089202027
3,2,0.7429498650387334,0.08055649995935266
3,2,0.723044793207769,0.08055649995935266
3,2,0.723044793207769,0.08055649995935266
3,2,0.7429498650387334,0.08055649995935266
3,2,0.7429498650387334,0.1313644638295033
3,2,0.7429498650387334,0.08055649995935266
3,2,0.7628549368696982,0.1313644638295033
3,2,0.7429498650387334,0.1313644638295033
3,2,0.7429498650387334,0.1313644638295033
3,2,0.7628549368696982,0.1313644638295033
3,2,0.7628549368696982,0.18217242769965392
3,2,0.7628549368696982,0.1313644638295033
3,2,0.7827600087006625,0.18217242769965392
3,2,0.7628549368696982,0.18217242769965392
3,2,0.7628549368696982,0.18217242769965392
3,2,0.7827600087006625,0.18217242769965392
3,2,0.7827600087006625,0.23298039156980455
3,3,0.6633295777148751,0.8773246444787506
3,3,0.6832346495458399,0.8773246444787506
3,3,0.6832346495458399,0.9281326083489008
3,3,0.6832346495458399,0.8773246444787506
3,3,0.7031397213768042,0.9281326083489008
3,3,0.6832346495458399,0.9281326083489008
3,3,0.6832346495458399,0.9281326083489008
3,3,0.7031397213768042,0.9281326083489008
3,3,0.7031397213768042,0.9789405722190514
3,3,0.7031397213768042,0.9281326083489008
3,3,0.723044793207769,0.9789405722190514
3,3,0.7031397213768042,0.9789405722190514
3,3,0.7031397213768042,0.9789405722190514
3,3,0.723044793207769,0.9789405722190514
3,2,0.723044793207769,0.029748536089202027
3,3,0.723044793207769,0.9789405722190514
3,2,0.7429498650387334,0.029748536089202027
3,2,0.723044793207769,0.029748536089202027
3,2,0.723044793207769,0.029748536089202027
3,2,0.7429498650387334,0.029748536089202027
3,2,0.7429498650387334,0.08055649995935266
3,2,0.7429498650387334,0.029748536089202027
3,2,0.7628549368696982,0.08055649995935266
3,2,0.7429498650387334,0.08055649995935266
3,2,0.7429498650387334,0.08055649995935266
3,2,0.7628549368696982,0.08055649995935266
3,2,0.7628549368696982,0.1313644638295033
3,2,0.7628549368696982,0.08055649995935266
3,2,0.7827600087006625,0.1313644638295033
3,2,0.7628549368696982,0.1313644638295033
3,2,0.7628549368696982,0.1313644638295033
3,2,0.7827600087006625,0.1313644638295033
3,2,0.7827600087006625,0.18217242769965392
3,3,0.6832346495458399,0.8773246444787506
3,3,0.7031397213768042,0.8773246444787506
3,3,0.7031397213768042,0.9281326083489008
3,3,0.7031397213768042,0.8773246444787506
3,3,0.723044793207769,0.9281326083489008
3,3,0.7031397213768042,0.9281326083489008
3,3,0.7031397213768042,0.9281326083489008
3,3,0.723044793207769,0.9281326083489008
3,3,0.723044793207769,0.9789405722190514
3,3,0.723044793207769,0.9281326083489008
3,3,0.7429498650387334,0.9789405722190514
3,3,0.723044793207769,0.9789405722190514
3,3,0.723044793207769,0.9789405722190514
3,3,0.7429498650387334,0.9789405722190514
3,2,0.7429498650387334,0.029748536089202027
3,3,0.7429498650387334,0.9789405722190514
3,2,0.7628549368696982,0.029748536089202027
3,2,0.7429498650387334,0.029748536089202027
3,2,0.7429498650387334,0.029748536089202027
3,2,0.7628549368696982,0.029748536089202027
3,2,0.7628549368696982,0.08055649995935266
3,2,0.7628549368696982,0.029748536089202027
3,2,0.7827600087006625,0.08055649995935266
3,2,0.7628549368696982,0.08055649995935266
3,2,0.7628549368696982,0.08055649995935266
3,2,0.7827600087006625,0.08055649995935266
3,2,0.7827600087006625,0.1313644638295033
3,3,0.7031397213768042,0.8773246444787506
3,3,0.723044793207769,0.8773246444787506
3,3,0.723044793207769,0.9281326083489008
3,3,0.723044793207769,0.8773246444787506
3,3,0.7429498650387334,0.9281326083489008
3,3,0.723044793207769,0.9281326083489008
3,3,0.723044793207769,0.9281326083489008
3,3,0.7429498650387334,0.9281326083489008
3,3,0.7429498650387334,0.9789405722190514
3,3,0.7429498650387334,0.9281326083489008
3,3,0.7628549368696982,0.9789405722190514
3,3,0.7429498650387334,0.9789405722190514
3,3,0.7429498650387334,0.9789405722190514
3,3,0.7628549368696982,0.9789405722190514
3,2,0.7628549368696982,0.029748536089202027
3,3,0.7628549368696982,0.9789405722190514
3,2,0.7827600087006625,0.029748536089202027
3,2,0.7628549368696982,0.029748536089202027
3,2,0.7628549368696982,0.029748536089202027
3,2,0.7827600087006625,0.029748536089202027
3,2,0.7827600087006625,0.08055649995935266
3,3,0.723044793207769,0.8773246444787506
3,3,0.7429498650387334,0.8773246444787506
3,3,0.7429498650387334,0.9281326083489008
3,3,0.7429498650387334,0.8773246444787506
3,3,0.7628549368696982,0.9281326083489008
3,3,0.7429498650387334,0.9281326083489008
3,3,0.7429498650387334,0.9281326083489008
3,3,0.7628549368696982,0.9281326083489008
3,3,0.7628549368696982,0.9789405722190514
3,3,0.7628549368696982,0.9281326083489008
3,3,0.7827600087006625,0.9789405722190514
3,3,0.7628549368696982,0.9789405722190514
3,3,0.7628549368696982,0.9789405722190514
3,3,0.7827600087006625,0.9789405722190514
3,2,0.7827600087006625,0.029748536089202027
3,3,0.7429498650387334,0.8773246444787506
3,3,0.7628549368696982,0.8773246444787506
3,3,0.7628549368696982,0.9281326083489008
3,3,0.7628549368696982,0.8773246444787506
3,3,0.7827600087006625,0.9281326083489008
3,3,0.7628549368696982,0.9281326083489008
3,3,0.7628549368696982,0.9281326083489008
3,3,0.7827600087006625,0.9281326083489008
3,3,0.7827600087006625,0.9789405722190514
3,3,0.7628549368696982,0.8773246444787506
3,3,0.7827600087006625,0.8773246444787506
3,3,0.7827600087006625,0.9281326083489008
3,2,0.7827600087006625,0.33459631931010536
3,2,0.7827600087006625,0.2837883554399552
3,2,0.8026740145854112,0.2837883554399552
3,2,0.7827600087006625,0.2837883554399552
3,2,0.8026740145854112,0.23298039156980455
3,2,0.8026740145854112,0.2837883554399552
3,2,0.8026740145854112,0.2837883554399552
3,2,0.8026740145854112,0.23298039156980455
3,2,0.8225880204701599,0.23298039156980455
3,2,0.8026740145854112,0.23298039156980455
3,2,0.8225880204701599,0.18217242769965392
3,2,0.8225880204701599,0.23298039156980455
3,2,0.8225880204701599,0.23298039156980455
3,2,0.8225880204701599,0.18217242769965392
3,2,0.8425020263549086,0.18217242769965392
3,2,0.8225880204701599,0.18217242769965392
3,2,0.8425020263549086,0.1313644638295033
3,2,0.8425020263549086,0.18217242769965392
3,2,0.8425020263549086,0.18217242769965392
3,2,0.8425020263549086,0.1313644638295033
3,2,0.8624160322396572,0.1313644638295033
3,2,0.8425020263549086,0.1313644638295033
3,2,0.8624160322396572,0.08055649995935266
3,2,0.8624160322396572,0.1313644638295033
3,2,0.8624160322396572,0.1313644638295033
3,2,0.8624160322396572,0.08055649995935266
3,2,0.8823300381244059,0.08055649995935266
3,2,0.8624160322396572,0.08055649995935266
3,2,0.8823300381244059,0.029748536089202027
3,2,0.8823300381244059,0.08055649995935266
3,2,0.8823300381244059,0.08055649995935266
3,2,0.8823300381244059,0.029748536089202027
3,2,0.9022440440091546,0.029748536089202027
3,2,0.8823300381244059,0.029748536089202027
3,3,0.9022440440091546,0.9789405722190514
3,2,0.9022440440091546,0.029748536089202027
3,2,0.9022440440091546,0.029748536089202027
3,3,0.9022440440091546,0.9789405722190514
3,3,0.9221580498939033,0.9789405722190514
3,3,0.9022440440091546,0.9789405722190514
3,3,0.9221580498939033,0.9281326083489008
3,3,0.9221580498939033,0.9789405722190514
3,3,0.9221580498939033,0.9789405722190514
3,3,0.9221580498939033,0.9281326083489008
3,3,0.9420720557786519,0.9281326083489008
3,3,0.9221580498939033,0.9281326083489008
3,3,0.9420720557786519,0.8773246444787506
3,3,0.9420720557786519,0.9281326083489008
3,3,0.9420720557786519,0.9281326083489008
3,3,0.9420720557786519,0.8773246444787506
3,3,0.9619860616634006,0.8773246444787506
3,2,0.7827600087006625,0.2837883554399552
3,2,0.7827600087006625,0.23298039156980455
3,2,0.8026740145854112,0.23298039156980455
3,2,0.7827600087006625,0.23298039156980455
3,2,0.8026740145854112,0.18217242769965392
3,2,0.8026740145854112,0.23298039156980455
3,2,0.8026740145854112,0.23298039156980455
3,2,0.8026740145854112,0.18217242769965392
3,2,0.8225880204701599,0.18217242769965392
3,2,0.8026740145854112,0.18217242769965392
3,2,0.8225880204701599,0.1313644638295033
3,2,0.8225880204701599,0.18217242769965392
3,2,0.8225880204701599,0.18217242769965392
3,2,0.8225880204701599,0.1313644638295033
3,2,0.8425020263549086,0.1313644638295033
3,2,0.8225880204701599,0.1313644638295033
3,2,0.8425020263549086,0.08055649995935266
3,2,0.8425020263549086,0.1313644638295033
3,2,0.8425020263549086,0.1313644638295033
3,2,0.8425020263549086,0.08055649995935266
3,2,0.8624160322396572,0.08055649995935266
3,2,0.8425020263549086,0.08055649995935266
3,2,0.8624160322396572,0.029748536089202027
3,2,0.8624160322396572,0.08055649995935266
3,2,0.8624160322396572,0.08055649995935266
3,2,0.8624160322396572,0.029748536089202027
3,2,0.8823300381244059,0.029748536089202027
3,2,0.8624160322396572,0.029748536089202027
3,3,0.8823300381244059,0.9789405722190514
3,2,0.8823300381244059,0.029748536089202027
3,2,0.8823300381244059,0.029748536089202027
3,3,0.8823300381244059,0.9789405722190514
3,3,0.9022440440091546,0.9789405722190514
3,3,0.8823300381244059,0.9789405722190514
3,3,0.9022440440091546,0.9281326083489008
3,3,0.9022440440091546,0.9789405722190514
3,3,0.9022440440091546,0.9789405722190514
3,3,0.9022440440091546,0.9281326083489008
3,3,0.9221580498939033,0.9281326083489008
3,3,0.9022440440091546,0.9281326083489008
3,3,0.9221580498939033,0.8773246444787506
3,3,0.9221580498939033,0.9281326083489008
3,3,0.9221580498939033,0.9281326083489008
3,3,0.9221580498939033,0.8773246444787506
3,3,0.9420720557786519,0.8773246444787506
3,2,0.7827600087006625,0.23298039156980455
3,2,0.7827600087006625,0.18217242769965392
3,2,0.8026740145854112,0.18217242769965392
3,2,0.7827600087006625,0.18217242769965392
3,2,0.8026740145854112,0.1313644638295033
3,2,0.8026740145854112,0.18217242769965392
3,2,0.8026740145854112,0.18217242769965392
3,2,0.8026740145854112,0.1313644638295033
3,2,0.8225880204701599,0.1313644638295033
3,2,0.8026740145854112,0.1313644638295033
3,2,0.8225880204701599,0.08055649995935266
3,2,0.8225880204701599,0.1313644638295033
3,2,0.8225880204701599,0.1313644638295033
3,2,0.8225880204701599,0.08055649995935266
3,2,0.8425020263549086,0.08055649995935266
3,2,0.8225880204701599,0.08055649995935266
3,2,0.8425020263549086,0.029748536089202027
3,2,0.8425020263549086,0.08055649995935266
3,2,0.8425020263549086,0.08055649995935266
3,2,0.8425020263549086,0.029748536089202027
3,2,0.8624160322396572,0.029748536089202027
3,2,0.8425020263549086,0.029748536089202027
3,3,0.8624160322396572,0.9789405722190514
3,2,0.8624160322396572,0.029748536089202027
3,2,0.8624160322396572,0.029748536089202027
3,3,0.8624160322396572,0.9789405722190514
3,3,0.8823300381244059,0.9789405722190514
3,3,0.8624160322396572,0.9789405722190514
3,3,0.8823300381244059,0.9281326083489012
3,3,0.8823300381244059,0.9789405722190514
3,3,0.8823300381244059,0.9789405722190514
3,3,0.8823300381244059,0.9281326083489012
3,3,0.9022440440091546,0.9281326083489008
3,3,0.8823300381244059,0.9281326083489012
3,3,0.9022440440091546,0.8773246444787506
3,3,0.9022440440091546,0.9281326083489008
3,3,0.9022440440091546,0.9281326083489008
3,3,0.9022440440091546,0.8773246444787506
3,3,0.9221580498939033,0.8773246444787506
3,2,0.7827600087006625,0.18217242769965392
3,2,0.7827600087006625,0.1313644638295033
3,2,0.8026740145854112,0.1313644638295033
3,2,0.7827600087006625,0.1313644638295033
3,2,0.8026740145854112,0.08055649995935266
3,2,0.8026740145854112,0.1313644638295033
3,2,0.8026740145854112,0.1313644638295033
3,2,0.8026740145854112,0.08055649995935266
3,2,0.8225880204701599,0.08055649995935266
3,2,0.8026740145854112,0.08055649995935266
3,2,0.8225880204701599,0.029748536089202027
3,2,0.8225880204701599,0.08055649995935266
3,2,0.8225880204701599,0.08055649995935266
3,2,0.8225880204701599,0.029748536089202027
3,2,0.8425020263549086,0.029748536089202027
3,2,0.8225880204701599,0.029748536089202027
3,3,0.8425020263549086,0.9789405722190514
3,2,0.8425020263549086,0.029748536089202027
3,2,0.8425020263549086,0.029748536089202027
3,3,0.8425020263549086,0.9789405722190514
3,3,0.8624160322396572,0.9789405722190514
3,3,0.8425020263549086,0.9789405722190514
3,3,0.8624160322396572,0.9281326083489012
3,3,0.8624160322396572,0.9789405722190514
3,3,0.8624160322396572,0.9789405722190514
3,3,0.8624160322396572,0.9281326083489012
3,3,0.8823300381244059,0.9281326083489012
3,3,0.8624160322396572,0.9281326083489012
3,3,0.8823300381244059,0.8773246444787506
3,3,0.8823300381244059,0.9281326083489012
3,3,0.8823300381244059,0.9281326083489012
3,3,0.8823300381244059,0.8773246444787506
3,3,0.9022440440091546,0.8773246444787506
3,2,0.7827600087006625,0.1313644638295033
3,2,0.7827600087006625,0.08055649995935266
3,2,0.8026740145854112,0.08055649995935266
3,2,0.7827600087006625,0.08055649995935266
3,2,0.8026740145854112,0.029748536089202027
3,2,0.8026740145854112,0.08055649995935266
3,2,0.8026740145854112,0.08055649995935266
3,2,0.8026740145854112,0.029748536089202027
3,2,0.8225880204701599,0.029748536089202027
3,2,0.8026740145854112,0.029748536089202027
3,3,0.8225880204701599,0.9789405722190514
3,2,0.8225880204701599,0.029748536089202027
3,2,0.8225880204701599,0.029748536089202027
3,3,0.8225880204701599,0.9789405722190514
3,3,0.8425020263549086,0.9789405722190514
3,3,0.8225880204701599,0.9789405722190514
3,3,0.8425020263549086,0.9281326083489012
3,3,0.8425020263549086,0.9789405722190514
3,3,0.8425020263549086,0.9789405722190514
3,3,0.8425020263549086,0.9281326083489012
3,3,0.8624160322396572,0.9281326083489012
3,3,0.8425020263549086,0.9281326083489012
3,3,0.8624160322396572,0.8773246444787506
3,3,0.8624160322396572,0.9281326083489012
3,3,0.8624160322396572,0.9281326083489012
3,3,0.8624160322396572,0.8773246444787506
3,3,0.8823300381244059,0.8773246444787506
3,2,0.7827600087006625,0.08055649995935266
3,2,0.7827600087006625,0.029748536089202027
3,2,0.8026740145854112,0.029748536089202027
3,2,0.7827600087006625,0.029748536089202027
3,3,0.8026740145854112,0.9789405722190514
3,2,0.8026740145854112,0.029748536089202027
3,2,0.8026740145854112,0.029748536089202027
3,3,0.8026740145854112,0.9789405722190514
3,3,0.8225880204701599,0.9789405722190514
3,3,0.8026740145854112,0.9789405722190514
3,3,0.8225880204701599,0.9281326083489012
3,3,0.8225880204701599,0.9789405722190514
3,3,0.8225880204701599,0.9789405722190514
3,3,0.8225880204701599,0.9281326083489012
3,3,0.8425020263549086,0.9281326083489012
3,3,0.8225880204701599,0.9281326083489012
3,3,0.8425020263549086,0.8773246444787506
3,3,0.8425020263549086,0.9281326083489012
3,3,0.8425020263549086,0.9281326083489012
3,3,0.8425020263549086,0.8773246444787506
3,3,0.8624160322396572,0.8773246444787506
3,2,0.7827600087006625,0.029748536089202027
3,3,0.7827600087006625,0.9789405722190514
3,3,0.8026740145854112,0.9789405722190514
3,3,0.7827600087006625,0.9789405722190514
3,3,0.8026740145854112,0.9281326083489008
3,3,0.8026740145854112,0.9789405722190514
3,3,0.8026740145854112,0.9789405722190514
3,3,0.8026740145854112,0.9281326083489008
3,3,0.8225880204701599,0.9281326083489012
3,3,0.8026740145854112,0.9281326083489008
3,3,0.8225880204701599,0.8773246444787506
3,3,0.8225880204701599,0.9281326083489012
3,3,0.8225880204701599,0.9281326083489012
3,3,0.8225880204701599,0.8773246444787506
3,3,0.8425020263549086,0.8773246444787506
3,3,0.7827600087006625,0.9789405722190514
3,3,0.7827600087006625,0.9281326083489008
3,3,0.8026740145854112,0.9281326083489008
3,3,0.7827600087006625,0.9281326083489008
3,3,0.8026740145854112,0.8773246444787506
3,3,0.8026740145854112,0.9281326083489008
3,3,0.8026740145854112,0.9281326083489008
3,3,0.8026740145854112,0.8773246444787506
3,3,0.8225880204701599,0.8773246444787506
3,3,0.7827600087006625,0.9281326083489008
3,3,0.7827600087006625,0.8773246444787506
3,3,0.8026740145854112,0.8773246444787506
3,3,0.9619860616634006,0.8773246444787506
3,3,0.9619860616634006,0.9281326083489008
3,3,0.9420720557786519,0.9281326083489008
3,3,0.9619860616634006,0.9281326083489008
3,3,0.9420720557786519,0.9789405722190514
3,3,0.9420720557786519,0.9281326083489008
3,3,0.9420720557786519,0.9281326083489008
3,3,0.9420720557786519,0.9789405722190514
3,3,0.9221580498939033,0.9789405722190514
3,3,0.9420720557786519,0.9789405722190514
3,2,0.9221580498939033,0.029748536089202027
3,3,0.9221580498939033,0.9789405722190514
3,3,0.9221580498939033,0.9789405722190514
3,2,0.9221580498939033,0.029748536089202027
3,2,0.9022440440091546,0.029748536089202027
3,2,0.9221580498939033,0.029748536089202027
3,2,0.9022440440091546,0.08055649995935266
3,2,0.9022440440091546,0.029748536089202027
3,2,0.9022440440091546,0.029748536089202027
3,2,0.9022440440091546,0.08055649995935266
3,2,0.8823300381244059,0.08055649995935266
3,2,0.9022440440091546,0.08055649995935266
3,2,0.8823300381244059,0.1313644638295033
3,2,0.8823300381244059,0.08055649995935266
3,2,0.8823300381244059,0.08055649995935266
3,2,0.8823300381244059,0.1313644638295033
3,2,0.8624160322396572,0.1313644638295033
3,2,0.8823300381244059,0.1313644638295033
3,2,0.8624160322396572,0.18217242769965392
3,2,0.8624160322396572,0.1313644638295033
3,2,0.8624160322396572,0.1313644638295033
3,2,0.8624160322396572,0.18217242769965392
3,2,0.8425020263549086,0.18217242769965392
3,2,0.8624160322396572,0.18217242769965392
3,2,0.8425020263549086,0.23298039156980455
3,2,0.8425020263549086,0.18217242769965392
3,2,0.8425020263549086,0.18217242769965392
3,2,0.8425020263549086,0.23298039156980455
3,2,0.8225880204701599,0.23298039156980455
3,2,0.8425020263549086,0.23298039156980455
3,2,0.8225880204701599,0.28378835543995473
3,2,0.8225880204701599,0.23298039156980455
3,2,0.8225880204701599,0.23298039156980455
3,2,0.8225880204701599,0.28378835543995473
3,2,0.8026740145854112,0.2837883554399552
3,2,0.8225880204701599,0.28378835543995473
3,2,0.8026740145854112,0.33459631931010536
3,2,0.8026740145854112,0.2837883554399552
3,2,0.8026740145854112,0.2837883554399552
3,2,0.8026740145854112,0.33459631931010536
3,2,0.7827600087006625,0.33459631931010536
3,3,0.9619860616634006,0.9281326083489008
3,3,0.9619860616634006,0.9789405722190514
3,3,0.9420720557786519,0.9789405722190514
3,3,0.9619860616634006,0.9789405722190514
3,2,0.9420720557786519,0.029748536089202027
3,3,0.9420720557786519,0.9789405722190514
3,3,0.9420720557786519,0.9789405722190514
3,2,0.9420720557786519,0.029748536089202027
3,2,0.9221580498939033,0.029748536089202027
3,2,0.9420720557786519,0.029748536089202027
3,2,0.9221580498939033,0.08055649995935266
3,2,0.9221580498939033,0.029748536089202027
3,2,0.9221580498939033,0.029748536089202027
3,2,0.9221580498939033,0.08055649995935266
3,2,0.9022440440091546,0.08055649995935266
3,2,0.9221580498939033,0.08055649995935266
3,2,0.9022440440091546,0.1313644638295033
3,2,0.9022440440091546,0.08055649995935266
3,2,0.9022440440091546,0.08055649995935266
3,2,0.9022440440091546,0.1313644638295033
3,2,0.8823300381244059,0.1313644638295033
3,2,0.9022440440091546,0.1313644638295033
3,2,0.8823300381244059,0.18217242769965392
3,2,0.8823300381244059,0.1313644638295033
3,2,0.8823300381244059,0.1313644638295033
3,2,0.8823300381244059,0.18217242769965392
3,2,0.8624160322396572,0.18217242769965392
3,2,0.8823300381244059,0.18217242769965392
3,2,0.8624160322396572,0.23298039156980455
3,2,0.8624160322396572,0.18217242769965392
3,2,0.8624160322396572,0.18217242769965392
3,2,0.8624160322396572,0.23298039156980455
3,2,0.8425020263549086,0.23298039156980455
3,2,0.8624160322396572,0.23298039156980455
3,2,0.8425020263549086,0.28378835543995473
3,2,0.8425020263549086,0.23298039156980455
3,2,0.8425020263549086,0.23298039156980455
3,2,0.8425020263549086,0.28378835543995473
3,2,0.8225880204701599,0.28378835543995473
3,2,0.8425020263549086,0.28378835543995473
3,2,0.8225880204701599,0.33459631931010536
3,2,0.8225880204701599,0.28378835543995473
3,2,0.8225880204701599,0.28378835543995473
3,2,0.8225880204701599,0.33459631931010536
3,2,0.8026740145854112,0.33459631931010536
3,3,0.9619860616634006,0.9789405722190514
3,2,0.9619860616634006,0.029748536089202027
3,2,0.9420720557786519,0.029748536089202027
3,2,0.9619860616634006,0.029748536089202027
3,2,0.9420720557786519,0.08055649995935266
3,2,0.9420720557786519,0.029748536089202027
3,2,0.9420720557786519,0.029748536089202027
3,2,0.9420720557786519,0.08055649995935266
3,2,0.9221580498939033,0.08055649995935266
3,2,0.9420720557786519,0.08055649995935266
3,2,0.9221580498939033,0.1313644638295033
3,2,0.9221580498939033,0.08055649995935266
3,2,0.9221580498939033,0.08055649995935266
3,2,0.9221580498939033,0.1313644638295033
3,2,0.9022440440091546,0.1313644638295033
3,2,0.9221580498939033,0.1313644638295033
3,2,0.9022440440091546,0.18217242769965392
3,2,0.9022440440091546,0.1313644638295033
3,2,0.9022440440091546,0.1313644638295033
3,2,0.9022440440091546,0.18217242769965392
3,2,0.8823300381244059,0.18217242769965392
3,2,0.9022440440091546,0.18217242769965392
3,2,0.8823300381244059,0.23298039156980455
3,2,0.8823300381244059,0.18217242769965392
3,2,0.8823300381244059,0.18217242769965392
3,2,0.8823300381244059,0.23298039156980455
3,2,0.8624160322396572,0.23298039156980455
3,2,0.8823300381244059,0.23298039156980455
3,2,0.8624160322396572,0.2837883554399552
3,2,0.8624160322396572,0.23298039156980455
3,2,0.8624160322396572,0.23298039156980455
3,2,0.8624160322396572,0.2837883554399552
3,2,0.8425020263549086,0.28378835543995473
3,2,0.8624160322396572,0.2837883554399552
3,2,0.8425020263549086,0.33459631931010536
3,2,0.8425020263549086,0.28378835543995473
3,2,0.8425020263549086,0.28378835543995473
3,2,0.8425020263549086,0.33459631931010536
3,2,0.8225880204701599,0.33459631931010536
3,2,0.9619860616634006,0.029748536089202027
3,2,0.9619860616634006,0.08055649995935266
3,2,0.9420720557786519,0.08055649995935266
3,2,0.9619860616634006,0.08055649995935266
3,2,0.9420720557786519,0.1313644638295033
3,2,0.9420720557786519,0.08055649995935266
3,2,0.9420720557786519,0.08055649995935266
3,2,0.9420720557786519,0.1313644638295033
3,2,0.9221580498939033,0.1313644638295033
3,2,0.9420720557786519,0.1313644638295033
3,2,0.9221580498939033,0.18217242769965392
3,2,0.9221580498939033,0.1313644638295033
3,2,0.9221580498939033,0.1313644638295033
3,2,0.9221580498939033,0.18217242769965392
3,2,0.9022440440091546,0.18217242769965392
3,2,0.9221580498939033,0.18217242769965392
3,2,0.9022440440091546,0.23298039156980455
3,2,0.9022440440091546,0.18217242769965392
3,2,0.9022440440091546,0.18217242769965392
3,2,0.9022440440091546,0.23298039156980455
3,2,0.8823300381244059,0.23298039156980455
3,2,0.9022440440091546,0.23298039156980455
3,2,0.8823300381244059,0.28378835543995473
3,2,0.8823300381244059,0.23298039156980455
3,2,0.8823300381244059,0.23298039156980455
3,2,0.8823300381244059,0.28378835543995473
3,2,0.8624160322396572,0.2837883554399552
3,2,0.8823300381244059,0.28378835543995473
3,2,0.8624160322396572,0.33459631931010536
3,2,0.8624160322396572,0.2837883554399552
3,2,0.8624160322396572,0.2837883554399552
3,2,0.8624160322396572,0.33459631931010536
3,2,0.8425020263549086,0.33459631931010536
3,2,0.9619860616634006,0.08055649995935266
3,2,0.9619860616634006,0.1313644638295033
3,2,0.9420720557786519,0.1313644638295033
3,2,0.9619860616634006,0.1313644638295033
3,2,0.9420720557786519,0.18217242769965392
3,2,0.9420720557786519,0.1313644638295033
3,2,0.9420720557786519,0.1313644638295033
3,2,0.9420720557786519,0.18217242769965392
3,2,0.9221580498939033,0.18217242769965392
3,2,0.9420720557786519,0.18217242769965392
3,2,0.9221580498939033,0.23298039156980455
3,2,0.9221580498939033,0.18217242769965392
3,2,0.9221580498939033,0.18217242769965392
3,2,0.9221580498939033,0.23298039156980455
3,2,0.9022440440091546,0.23298039156980455
3,2,0.9221580498939033,0.23298039156980455
3,2,0.9022440440091546,0.2837883554399552
3,2,0.9022440440091546,0.23298039156980455
3,2,0.9022440440091546,0.23298039156980455
3,2,0.9022440440091546,0.2837883554399552
3,2,0.8823300381244059,0.28378835543995473
3,2,0.9022440440091546,0.2837883554399552
3,2,0.8823300381244059,0.33459631931010536
3,2,0.8823300381244059,0.28378835543995473
3,2,0.8823300381244059,0.28378835543995473
3,2,0.8823300381244059,0.33459631931010536
3,2,0.8624160322396572,0.33459631931010536
3,2,0.9619860616634006,0.1313644638295033
3,2,0.9619860616634006,0.18217242769965392
3,2,0.9420720557786519,0.18217242769965392
3,2,0.9619860616634006,0.18217242769965392
3,2,0.9420720557786519,0.23298039156980455
3,2,0.9420720557786519,0.18217242769965392
3,2,0.9420720557786519,0.18217242769965392
3,2,0.9420720557786519,0.23298039156980455
3,2,0.9221580498939033,0.23298039156980455
3,2,0.9420720557786519,0.23298039156980455
3,2,0.9221580498939033,0.2837883554399552
3,2,0.9221580498939033,0.23298039156980455
3,2,0.9221580498939033,0.23298039156980455
3,2,0.9221580498939033,0.2837883554399552
3,2,0.9022440440091546,0.2837883554399552
3,2,0.9221580498939033,0.2837883554399552
3,2,0.9022440440091546,0.33459631931010536
3,2,0.9022440440091546,0.2837883554399552
3,2,0.9022440440091546,0.2837883554399552
3,2,0.9022440440091546,0.33459631931010536
3,2,0.8823300381244059,0.33459631931010536
3,2,0.9619860616634006,0.18217242769965392
3,2,0.9619860616634006,0.23298039156980455
3,2,0.9420720557786519,0.23298039156980455
3,2,0.9619860616634006,0.23298039156980455
3,2,0.9420720557786519,0.2837883554399552
3,2,0.9420720557786519,0.23298039156980455
3,2,0.9420720557786519,0.23298039156980455
3,2,0.9420720557786519,0.2837883554399552
3,2,0.9221580498939033,0.2837883554399552
3,2,0.9420720557786519,0.2837883554399552
3,2,0.9221580498939033,0.33459631931010536
3,2,0.9221580498939033,0.2837883554399552
3,2,0.9221580498939033,0.2837883554399552
3,2,0.9221580498939033,0.33459631931010536
3,2,0.9022440440091546,0.33459631931010536
3,2,0.9619860616634006,0.23298039156980455
3,2,0.9619860616634006,0.2837883554399552
3,2,0.9420720557786519,0.2837883554399552
3,2,0.9619860616634006,0.2837883554399552
3,2,0.9420720557786519,0.33459631931010536
3,2,0.9420720557786519,0.2837883554399552
3,2,0.9420720557786519,0.2837883554399552
3,2,0.9420720557786519,0.33459631931010536
3,2,0.9221580498939033,0.33459631931010536
3,2,0.9619860616634006,0.2837883554399552
3,2,0.9619860616634006,0.33459631931010536
3,2,0.9420720557786519,0.33459631931010536
3,2,0.5,0.5
3,2,0.34150218446551195,0.3561698674840521
3,2,0.34150218446551195,0.6438301325159479
3,2,0.658497815534488,0.3561698674840521
3,2,0.658497815534488,0.6438301325159479
3,2,0.6258095347933743,0.6968606835494082
3,2,0.5995276454030676,0.6968606835494082
3,2,0.5995276454030676,0.6562000572539537
3,2,0.5995276454030676,0.6968606835494082
3,2,0.5732457560127613,0.6562000572539537
3,2,0.5995276454030676,0.6562000572539537
3,2,0.5995276454030676,0.6562000572539537
3,2,0.5732457560127613,0.6562000572539537
3,2,0.5732457560127613,0.6155394309584987
3,2,0.5732457560127613,0.6562000572539537
3,2,0.546963866622455,0.6155394309584987
3,2,0.5732457560127613,0.6155394309584987
3,2,0.5732457560127613,0.6155394309584987
3,2,0.546963866622455,0.6155394309584987
3,2,0.546963866622455,0.5748788046630442
3,2,0.546963866622455,0.6155394309584987
3,2,0.5206819772321483,0.5748788046630442
3,2,0.546963866622455,0.5748788046630442
3,2,0.546963866622455,0.5748788046630442
3,2,0.5206819772321483,0.5748788046630442
3,2,0.5206819772321483,0.5342181783675897
3,2,0.5206819772321483,0.5748788046630442
3,2,0.494400087841842,0.5342181783675897
3,2,0.5206819772321483,0.5342181783675897
3,2,0.5206819772321483,0.5342181783675897
3,2,0.494400087841842,0.5342181783675897
3,2,0.494400087841842,0.4935575520721347
3,2,0.5995276454030676,0.6968606835494082
3,2,0.5732457560127613,0.6968606835494082
3,2,0.5732457560127613,0.6562000572539537
3,2,0.5732457560127613,0.6968606835494082
3,2,0.546963866622455,0.6562000572539537
3,2,0.5732457560127613,0.6562000572539537
3,2,0.5732457560127613,0.6562000572539537
3,2,0.546963866622455,0.6562000572539537
3,2,0.546963866622455,0.6155394309584987
3,2,0.546963866622455,0.6562000572539537
3,2,0.5206819772321483,0.6155394309584987
3,2,0.546963866622455,0.6155394309584987
3,2,0.546963866622455,0.6155394309584987
3,2,0.5206819772321483,0.6155394309584987
3,2,0.5206819772321483,0.5748788046630442
3,2,0.5206819772321483,0.6155394309584987
3,2,0.494400087841842,0.5748788046630442
3,2,0.5206819772321483,0.5748788046630442
3,2,0.5206819772321483,0.5748788046630442
3,2,0.494400087841842,0.5748788046630442
3,2,0.494400087841842,0.5342181783675897
3,2,0.5732457560127613,0.6968606835494082
3,2,0.546963866622455,0.6968606835494082
3,2,0.546963866622455,0.6562000572539537
3,2,0.546963866622455,0.6968606835494082
3,2,0.5206819772321483,0.6562000572539537
3,2,0.546963866622455,0.6562000572539537
3,2,0.546963866622455,0.6562000572539537
3,2,0.5206819772321483,0.6562000572539537
3,2,0.5206819772321483,0.6155394309584987
3,2,0.5206819772321483,0.6562000572539537
3,2,0.494400087841842,0.6155394309584987
3,2,0.5206819772321483,0.6155394309584987
3,2,0.5206819772321483,0.6155394309584987
3,2,0.494400087841842,0.6155394309584987
3,2,0.494400087841842,0.5748788046630442
3,2,0.546963866622455,0.6968606835494082
3,2,0.5206819772321483,0.6968606835494082
3,2,0.5206819772321483,0.6562000572539537
3,2,0.5206819772321483,0.6968606835494082
3,2,0.494400087841842,0.6562000572539537
3,2,0.5206819772321483,0.6562000572539537
3,2,0.5206819772321483,0.6562000572539537
3,2,0.494400087841842,0.6562000572539537
3,2,0.494400087841842,0.6155394309584987
3,2,0.5206819772321483,0.6968606835494082
3,2,0.494400087841842,0.6968606835494082
3,2,0.494400087841842,0.6562000572539537
3,2,0.494400087841842,0.4935575520721347
3,2,0.5206819772321483,0.4935575520721347
3,2,0.5206819772321483,0.5342181783675897
3,2,0.5206819772321483,0.4935575520721347
3,2,0.546963866622455,0.5342181783675897
3,2,0.5206819772321483,0.5342181783675897
3,2,0.5206819772321483,0.5342181783675897
3,2,0.546963866622455,0.5342181783675897
3,2,0.546963866622455,0.5748788046630442
3,2,0.546963866622455,0.5342181783675897
3,2,0.5732457560127613,0.5748788046630442
3,2,0.546963866622455,0.5748788046630442
3,2,0.546963866622455,0.5748788046630442
3,2,0.5732457560127613,0.5748788046630442
3,2,0.5732457560127613,0.6155394309584987
3,2,0.5732457560127613,0.5748788046630442
3,2,0.5995276454030676,0.6155394309584987
3,2,0.5732457560127613,0.6155394309584987
3,2,0.5732457560127613,0.6155394309584987
3,2,0.5995276454030676,0.6155394309584987
3,2,0.5995276454030676,0.6562000572539537
3,2,0.5995276454030676,0.6155394309584987
3,2,0.6258095347933743,0.6562000572539537
3,2,0.5995276454030676,0.6562000572539537
3,2,0.5995276454030676,0.6562000572539537
3,2,0.6258095347933743,0.6562000572539537
3,2,0.6258095347933743,0.6968606835494082
3,2,0.5206819772321483,0.4935575520721347
3,2,0.546963866622455,0.4935575520721347
3,2,0.546963866622455,0.5342181783675897
3,2,0.546963866622455,0.4935575520721347
3,2,0.5732457560127613,0.5342181783675897
3,2,0.546963866622455,0.5342181783675897
3,2,0.546963866622455,0.5342181783675897
3,2,0.5732457560127613,0.5342181783675897
3,2,0.5732457560127613,0.5748788046630442
3,2,0.5732457560127613,0.5342181783675897
3,2,0.5995276454030676,0.5748788046630442
3,2,0.5732457560127613,0.5748788046630442
3,2,0.5732457560127613,0.5748788046630442
3,2,0.5995276454030676,0.5748788046630442
3,2,0.5995276454030676,0.6155394309584987
3,2,0.5995276454030676,0.5748788046630442
3,2,0.6258095347933743,0.6155394309584987
3,2,0.5995276454030676,0.6155394309584987
3,2,0.5995276454030676,0.6155394309584987
3,2,0.6258095347933743,0.6155394309584987
3,2,0.6258095347933743,0.6562000572539537
3,2,0.546963866622455,0.4935575520721347
3,2,0.5732457560127613,0.4935575520721347
3,2,0.5732457560127613,0.5342181783675897
3,2,0.5732457560127613,0.4935575520721347
3,2,0.5995276454030676,0.5342181783675897
3,2,0.5732457560127613,0.5342181783675897
3,2,0.5732457560127613,0.5342181783675897
3,2,0.5995276454030676,0.5342181783675897
3,2,0.5995276454030676,0.5748788046630442
3,2,0.5995276454030676,0.5342181783675897
3,2,0.6258095347933743,0.5748788046630442
3,2,0.5995276454030676,0.5748788046630442
3,2,0.5995276454030676,0.5748788046630442
3,2,0.6258095347933743,0.5748788046630442
3,2,0.6258095347933743,0.6155394309584987
3,2,0.5732457560127613,0.4935575520721347
3,2,0.5995276454030676,0.4935575520721347
3,2,0.5995276454030676,0.5342181783675897
3,2,0.5995276454030676,0.4935575520721347
3,2,0.6258095347933743,0.5342181783675897
3,2,0.5995276454030676,0.5342181783675897
3,2,0.5995276454030676,0.5342181783675897
3,2,0.6258095347933743,0.5342181783675897
3,2,0.6258095347933743,0.5748788046630442
3,2,0.5995276454030676,0.4935575520721347
3,2,0.6258095347933743,0.4935575520721347
3,2,0.6258095347933743,0.5342181783675897
3,2,0.6258095347933743,0.4935575520721347
3,2,0.5995276454030676,0.4935575520721347
3,2,0.5995276454030676,0.45289692577668017
3,2,0.5995276454030676,0.4935575520721347
3,2,0.5732457560127613,0.45289692577668017
3,2,0.5995276454030676,0.45289692577668017
3,2,0.5995276454030676,0.45289692577668017
3,2,0.5732457560127613,0.45289692577668017
3,2,0.5732457560127613,0.41223629948122564
3,2,0.5732457560127613,0.45289692577668017
3,2,0.546963866622455,0.41223629948122564
3,2,0.5732457560127613,0.41223629948122564
3,2,0.5732457560127613,0.41223629948122564
3,2,0.546963866622455,0.41223629948122564
3,2,0.546963866622455,0.3715756731857711
3,2,0.546963866622455,0.41223629948122564
3,2,0.5206819772321483,0.3715756731857711
3,2,0.546963866622455,0.3715756731857711
3,2,0.546963866622455,0.3715756731857711
3,2,0.5206819772321483,0.3715756731857711
3,2,0.5206819772321483,0.33091504689031614
3,2,0.5206819772321483,0.3715756731857711
3,2,0.494400087841842,0.33091504689031614
3,2,0.5206819772321483,0.33091504689031614
3,2,0.5206819772321483,0.33091504689031614
3,2,0.494400087841842,0.33091504689031614
3,2,0.494400087841842,0.2902544205948616
3,2,0.5995276454030676,0.4935575520721347
3,2,0.5732457560127613,0.4935575520721347
3,2,0.5732457560127613,0.45289692577668017
3,2,0.5732457560127613,0.4935575520721347
3,2,0.546963866622455,0.45289692577668017
3,2,0.5732457560127613,0.45289692577668017
3,2,0.5732457560127613,0.45289692577668017
3,2,0.546963866622455,0.45289692577668017
3,2,0.546963866622455,0.41223629948122564
3,2,0.546963866622455,0.45289692577668017
3,2,0.5206819772321483,0.41223629948122564
3,2,0.546963866622455,0.41223629948122564
3,2,0.546963866622455,0.41223629948122564
3,2,0.5206819772321483,0.41223629948122564
3,2,0.5206819772321483,0.3715756731857711
3,2,0.5206819772321483,0.41223629948122564
3,2,0.494400087841842,0.3715756731857711
3,2,0.5206819772321483,0.3715756731857711
3,2,0.5206819772321483,0.3715756731857711
3,2,0.494400087841842,0.3715756731857711
3,2,0.494400087841842,0.33091504689031614
3,2,0.5732457560127613,0.4935575520721347
3,2,0.546963866622455,0.4935575520721347
3,2,0.546963866622455,0.45289692577668017
3,2,0.546963866622455,0.4935575520721347
3,2,0.5206819772321483,0.45289692577668017
3,2,0.546963866622455,0.45289692577668017
3,2,0.546963866622455,0.45289692577668017
3,2,0.5206819772321483,0.45289692577668017
3,2,0.5206819772321483,0.41223629948122564
3,2,0.5206819772321483,0.45289692577668017
3,2,0.494400087841842,0.41223629948122564
3,2,0.5206819772321483,0.41223629948122564
3,2,0.5206819772321483,0.41223629948122564
3,2,0.494400087841842,0.41223629948122564
3,2,0.494400087841842,0.3715756731857711
3,2,0.546963866622455,0.4935575520721347
3,2,0.5206819772321483,0.4935575520721347
3,2,0.5206819772321483,0.45289692577668017
3,2,0.5206819772321483,0.4935575520721347
3,2,0.494400087841842,0.45289692577668017
3,2,0.5206819772321483,0.45289692577668017
3,2,0.5206819772321483,0.45289692577668017
3,2,0.494400087841842,0.45289692577668017
3,2,0.494400087841842,0.41223629948122564
3,2,0.5206819772321483,0.4935575520721347
3,2,0.494400087841842,0.4935575520721347
3,2,0.494400087841842,0.45289692577668017
3,2,0.494400087841842,0.2902544205948616
3,2,0.5206819772321483,0.2902544205948616
3,2,0.5206819772321483,0.33091504689031614
3,2,0.5206819772321483,0.2902544205948616
3,2,0.546963866622455,0.33091504689031614
3,2,0.5206819772321483,0.33091504689031614
3,2,0.5206819772321483,0.33091504689031614
3,2,0.546963866622455,0.33091504689031614
3,2,0.546963866622455,0.3715756731857711
3,2,0.546963866622455,0.33091504689031614
3,2,0.5732457560127613,0.3715756731857711
3,2,0.546963866622455,0.3715756731857711
3,2,0.546963866622455,0.3715756731857711
3,2,0.5732457560127613,0.3715756731857711
3,2,0.5732457560127613,0.41223629948122564
3,2,0.5732457560127613,0.3715756731857711
3,2,0.5995276454030676,0.41223629948122564
3,2,0.5732457560127613,0.41223629948122564
3,2,0.5732457560127613,0.41223629948122564
3,2,0.5995276454030676,0.41223629948122564
3,2,0.5995276454030676,0.45289692577668017
3,2,0.5995276454030676,0.41223629948122564
3,2,0.6258095347933743,0.45289692577668017
3,2,0.5995276454030676,0.45289692577668017
3,2,0.5995276454030676,0.45289692577668017
3,2,0.6258095347933743,0.45289692577668017
3,2,0.6258095347933743,0.4935575520721347
3,2,0.5206819772321483,0.2902544205948616
3,2,0.546963866622455,0.2902544205948616
3,2,0.546963866622455,0.33091504689031614
3,2,0.546963866622455,0.2902544205948616
3,2,0.5732457560127613,0.33091504689031614
3,2,0.546963866622455,0.33091504689031614
3,2,0.546963866622455,0.33091504689031614
3,2,0.5732457560127613,0.33091504689031614
3,2,0.5732457560127613,0.3715756731857711
3,2,0.5732457560127613,0.33091504689031614
3,2,0.5995276454030676,0.3715756731857711
3,2,0.5732457560127613,0.3715756731857711
3,2,0.5732457560127613,0.3715756731857711
3,2,0.5995276454030676,0.3715756731857711
3,2,0.5995276454030676,0.41223629948122564
3,2,0.5995276454030676,0.3715756731857711
3,2,0.6258095347933743,0.41223629948122564
3,2,0.5995276454030676,0.41223629948122564
3,2,0.5995276454030676,0.41223629948122564
3,2,0.6258095347933743,0.41223629948122564
3,2,0.6258095347933743,0.45289692577668017
3,2,0.546963866622455,0.2902544205948616
3,2,0.5732457560127613,0.2902544205948616
3,2,0.5732457560127613,0.33091504689031614
3,2,0.5732457560127613,0.2902544205948616
3,2,0.5995276454030676,0.33091504689031614
3,2,0.5732457560127613,0.33091504689031614
3,2,0.5732457560127613,0.33091504689031614
3,2,0.5995276454030676,0.33091504689031614
3,2,0.5995276454030676,0.3715756731857711
3,2,0.5995276454030676,0.33091504689031614
3,2,0.6258095347933743,0.3715756731857711
3,2,0.5995276454030676,0.3715756731857711
3,2,0.5995276454030676,0.3715756731857711
3,2,0.6258095347933743,0.3715756731857711
3,2,0.6258095347933743,0.41223629948122564
3,2,0.5732457560127613,0.2902544205948616
3,2,0.5995276454030676,0.2902544205948616
3,2,0.5995276454030676,0.33091504689031614
3,2,0.5995276454030676,0.2902544205948616
3,2,0.6258095347933743,0.33091504689031614
3,2,0.5995276454030676,0.33091504689031614
3,2,0.5995276454030676,0.33091504689031614
3,2,0.6258095347933743,0.33091504689031614
3,2,0.6258095347933743,0.3715756731857711
3,2,0.5995276454030676,0.2902544205948616
3,2,0.6258095347933743,0.2902544205948616
3,2,0.6258095347933743,0.33091504689031614
3,2,0.6258095347933743,0.6968606835494082
3,2,0.6258095347933743,0.6562000572539537
3,2,0.6521253362990227,0.6562000572539537
3,2,0.6258095347933743,0.6562000572539537
3,2,0.6521253362990227,0.6155394309584987
3,2,0.6521253362990227,0.6562000572539537
3,2,0.6521253362990227,0.6562000572539537
3,2,0.6521253362990227,0.6155394309584987
3,2,0.6784411378046715,0.6155394309584987
3,2,0.6521253362990227,0.6155394309584987
3,2,0.6784411378046715,0.5748788046630442
3,2,0.6784411378046715,0.6155394309584987
3,2,0.6784411378046715,0.6155394309584987
3,2,0.6784411378046715,0.5748788046630442
3,2,0.7047569393103204,0.5748788046630442
3,2,0.6784411378046715,0.5748788046630442
3,2,0.7047569393103204,0.5342181783675897
3,2,0.7047569393103204,0.5748788046630442
3,2,0.7047569393103204,0.5748788046630442
3,2,0.7047569393103204,0.5342181783675897
3,2,0.7310727408159692,0.5342181783675897
3,2,0.7047569393103204,0.5342181783675897
3,2,0.7310727408159692,0.4935575520721347
3,2,0.7310727408159692,0.5342181783675897
3,2,0.7310727408159692,0.5342181783675897
3,2,0.7310727408159692,0.4935575520721347
3,2,0.7573885423216176,0.4935575520721347
3,2,0.6258095347933743,0.6562000572539537
3,2,0.6258095347933743,0.6155394309584987
3,2,0.6521253362990227,0.6155394309584987
3,2,0.6258095347933743,0.6155394309584987
3,2,0.6521253362990227,0.5748788046630442
3,2,0.6521253362990227,0.6155394309584987
3,2,0.6521253362990227,0.6155394309584987
3,2,0.6521253362990227,0.5748788046630442
3,2,0.6784411378046715,0.5748788046630442
3,2,0.6521253362990227,0.5748788046630442
3,2,0.6784411378046715,0.5342181783675897
3,2,0.6784411378046715,0.5748788046630442
3,2,0.6784411378046715,0.5748788046630442
3,2,0.6784411378046715,0.5342181783675897
3,2,0.7047569393103204,0.5342181783675897
3,2,0.6784411378046715,0.5342181783675897
3,2,0.7047569393103204,0.4935575520721347
3,2,0.7047569393103204,0.5342181783675897
3,2,0.7047569393103204,0.5342181783675897
3,2,0.7047569393103204,0.4935575520721347
3,2,0.7310727408159692,0.4935575520721347
3,2,0.6258095347933743,0.6155394309584987
3,2,0.6258095347933743,0.5748788046630442
3,2,0.6521253362990227,0.5748788046630442
3,2,0.6258095347933743,0.5748788046630442
3,2,0.6521253362990227,0.5342181783675897
3,2,0.6521253362990227,0.5748788046630442
3,2,0.6521253362990227,0.5748788046630442
3,2,0.6521253362990227,0.5342181783675897
3,2,0.6784411378046715,0.5342181783675897
3,2,0.6521253362990227,0.5342181783675897
3,2,0.6784411378046715,0.4935575520721347
3,2,0.6784411378046715,0.5342181783675897
3,2,0.6784411378046715,0.5342181783675897
3,2,0.6784411378046715,0.4935575520721347
3,2,0.7047569393103204,0.4935575520721347
3,2,0.6258095347933743,0.5748788046630442
3,2,0.6258095347933743,0.5342181783675897
3,2,0.6521253362990227,0.5342181783675897
3,2,0.6258095347933743,0.5342181783675897
3,2,0.6521253362990227,0.4935575520721347
3,2,0.6521253362990227,0.5342181783675897
3,2,0.6521253362990227,0.5342181783675897
3,2,0.6521253362990227,0.4935575520721347
3,2,0.6784411378046715,0.4935575520721347
3,2,0.6258095347933743,0.5342181783675897
3,2,0.6258095347933743,0.4935575520721347
3,2,0.6521253362990227,0.4935575520721347
3,2,0.7573885423216176,0.4935575520721347
3,2,0.7573885423216176,0.5342181783675897
3,2,0.7310727408159692,0.5342181783675897
3,2,0.7573885423216176,0.5342181783675897
3,2,0.7310727408159692,0.5748788046630442
3,2,0.7310727408159692,0.5342181783675897
3,2,0.7310727408159692,0.5342181783675897
3,2,0.7310727408159692,0.5748788046630442
3,2,0.7047569393103204,0.5748788046630442
3,2,0.7310727408159692,0.5748788046630442
3,2,0.7047569393103204,0.6155394309584987
3,2,0.7047569393103204,0.5748788046630442
3,2,0.7047569393103204,0.5748788046630442
3,2,0.7047569393103204,0.6155394309584987
3,2,0.6784411378046715,0.6155394309584987
3,2,0.7047569393103204,0.6155394309584987
3,2,0.6784411378046715,0.6562000572539537
3,2,0.6784411378046715,0.6155394309584987
3,2,0.6784411378046715,0.6155394309584987
3,2,0.6784411378046715,0.6562000572539537
3,2,0.6521253362990227,0.6562000572539537
3,2,0.6784411378046715,0.6562000572539537
3,2,0.6521253362990227,0.6968606835494082
3,2,0.6521253362990227,0.6562000572539537
3,2,0.6521253362990227,0.6562000572539537
3,2,0.6521253362990227,0.6968606835494082
3,2,0.6258095347933743,0.6968606835494082
3,2,0.7573885423216176,0.5342181783675897
3,2,0.7573885423216176,0.5748788046630442
3,2,0.7310727408159692,0.5748788046630442
3,2,0.7573885423216176,0.5748788046630442
3,2,0.7310727408159692,0.6155394309584987
3,2,0.7310727408159692,0.5748788046630442
3,2,0.7310727408159692,0.5748788046630442
3,2,0.7310727408159692,0.6155394309584987
3,2,0.7047569393103204,0.6155394309584987
3,2,0.7310727408159692,0.6155394309584987
3,2,0.7047569393103204,0.6562000572539537
3,2,0.7047569393103204,0.6155394309584987
3,2,0.7047569393103204,0.6155394309584987
3,2,0.7047569393103204,0.6562000572539537
3,2,0.6784411378046715,0.6562000572539537
3,2,0.7047569393103204,0.6562000572539537
3,2,0.6784411378046715,0.6968606835494082
3,2,0.6784411378046715,0.6562000572539537
3,2,0.6784411378046715,0.6562000572539537
3,2,0.6784411378046715,0.6968606835494082
3,2,0.6521253362990227,0.6968606835494082
3,2,0.7573885423216176,0.5748788046630442
3,2,0.7573885423216176,0.6155394309584987
3,2,0.7310727408159692,0.6155394309584987
3,2,0.7573885423216176,0.6155394309584987
3,2,0.7310727408159692,0.6562000572539537
3,2,0.7310727408159692,0.6155394309584987
3,2,0.7310727408159692,0.6155394309584987
3,2,0.7310727408159692,0.6562000572539537
3,2,0.7047569393103204,0.6562000572539537
3,2,0.7310727408159692,0.6562000572539537
3,2,0.7047569393103204,0.6968606835494082
3,2,0.7047569393103204,0.6562000572539537
3,2,0.7047569393103204,0.6562000572539537
3,2,0.7047569393103204,0.6968606835494082
3,2,0.6784411378046715,0.6968606835494082
3,2,0.7573885423216176,0.6155394309584987
3,2,0.7573885423216176,0.6562000572539537
3,2,0.7310727408159692,0.6562000572539537
3,2,0.7573885423216176,0.6562000572539537
3,2,0.7310727408159692,0.6968606835494082
3,2,0.7310727408159692,0.6562000572539537
3,2,0.7310727408159692,0.6562000572539537
3,2,0.7310727408159692,0.6968606835494082
3,2,0.7047569393103204,0.6968606835494082
3,2,0.7573885423216176,0.6562000572539537
3,2,0.7573885423216176,0.6968606835494082
3,2,0.7310727408159692,0.6968606835494082
3,2,0.6258095347933743,0.4935575520721347
3,2,0.6258095347933743,0.45289692577668017
3,2,0.6521253362990227,0.45289692577668017
3,2,0.6258095347933743,0.45289692577668017
3,2,0.6521253362990227,0.41223629948122564
3,2,0.6521253362990227,0.45289692577668017
3,2,0.6521253362990227,0.45289692577668017
3,2,0.6521253362990227,0.41223629948122564
3,2,0.6784411378046715,0.41223629948122564
3,2,0.6521253362990227,0.41223629948122564
3,2,0.6784411378046715,0.3715756731857711
3,2,0.6784411378046715,0.41223629948122564
3,2,0.6784411378046715,0.41223629948122564
3,2,0.6784411378046715,0.3715756731857711
3,2,0.7047569393103204,0.3715756731857711
3,2,0.6784411378046715,0.3715756731857711
3,2,0.7047569393103204,0.33091504689031614
3,2,0.7047569393103204,0.3715756731857711
3,2,0.7047569393103204,0.3715756731857711
3,2,0.7047569393103204,0.33091504689031614
3,2,0.7310727408159692,0.33091504689031614
3,2,0.7047569393103204,0.33091504689031614
3,2,0.7310727408159692,0.2902544205948616
3,2,0.7310727408159692,0.33091504689031614
3,2,0.7310727408159692,0.33091504689031614
3,2,0.7310727408159692,0.2902544205948616
3,2,0.7573885423216176,0.2902544205948616
3,2,0.6258095347933743,0.45289692577668017
3,2,0.6258095347933743,0.41223629948122564
3,2,0.6521253362990227,0.41223629948122564
3,2,0.6258095347933743,0.41223629948122564
3,2,0.6521253362990227,0.37157567318577067
3,2,0.6521253362990227,0.41223629948122564
3,2,0.6521253362990227,0.41223629948122564
3,2,0.6521253362990227,0.37157567318577067
3,2,0.6784411378046715,0.3715756731857711
3,2,0.6521253362990227,0.37157567318577067
3,2,0.6784411378046715,0.33091504689031614
3,2,0.6784411378046715,0.3715756731857711
3,2,0.6784411378046715,0.3715756731857711
3,2,0.6784411378046715,0.33091504689031614
3,2,0.7047569393103204,0.33091504689031614
3,2,0.6784411378046715,0.33091504689031614
3,2,0.7047569393103204,0.2902544205948616
3,2,0.7047569393103204,0.33091504689031614
3,2,0.7047569393103204,0.33091504689031614
3,2,0.7047569393103204,0.2902544205948616
3,2,0.7310727408159692,0.2902544205948616
3,2,0.6258095347933743,0.41223629948122564
3,2,0.6258095347933743,0.3715756731857711
3,2,0.6521253362990227,0.37157567318577067
3,2,0.6258095347933743,0.3715756731857711
3,2,0.6521253362990227,0.33091504689031614
3,2,0.6521253362990227,0.37157567318577067
3,2,0.6521253362990227,0.37157567318577067
3,2,0.6521253362990227,0.33091504689031614
3,2,0.6784411378046715,0.33091504689031614
3,2,0.6521253362990227,0.33091504689031614
3,2,0.6784411378046715,0.2902544205948616
3,2,0.6784411378046715,0.33091504689031614
3,2,0.6784411378046715,0.33091504689031614
3,2,0.6784411378046715,0.2902544205948616
3,2,0.7047569393103204,0.2902544205948616
3,2,0.6258095347933743,0.3715756731857711
3,2,0.6258095347933743,0.33091504689031614
3,2,0.6521253362990227,0.33091504689031614
3,2,0.6258095347933743,0.33091504689031614
3,2,0.6521253362990227,0.2902544205948616
3,2,0.6521253362990227,0.33091504689031614
3,2,0.6521253362990227,0.33091504689031614
3,2,0.6521253362990227,0.2902544205948616
3,2,0.6784411378046715,0.2902544205948616
3,2,0.6258095347933743,0.33091504689031614
3,2,0.6258095347933743,0.2902544205948616
3,2,0.6521253362990227,0.2902544205948616
3,2,0.7573885423216176,0.2902544205948616
3,2,0.7573885423216176,0.33091504689031614
3,2,0.7310727408159692,0.33091504689031614
3,2,0.7573885423216176,0.33091504689031614
3,2,0.7310727408159692,0.3715756731857711
3,2,0.7310727408159692,0.33091504689031614
3,2,0.7310727408159692,0.33091504689031614
3,2,0.7310727408159692,0.3715756731857711
3,2,0.7047569393103204,0.3715756731857711
3,2,0.7310727408159692,0.3715756731857711
3,2,0.7047569393103204,0.41223629948122564
3,2,0.7047569393103204,0.3715756731857711
3,2,0.7047569393103204,0.3715756731857711
3,2,0.7047569393103204,0.41223629948122564
3,2,0.6784411378046715,0.41223629948122564
3,2,0.7047569393103204,0.41223629948122564
3,2,0.6784411378046715,0.45289692577668017
3,2,0.6784411378046715,0.41223629948122564
3,2,0.6784411378046715,0.41223629948122564
3,2,0.6784411378046715,0.45289692577668017
3,2,0.6521253362990227,0.45289692577668017
3,2,0.6784411378046715,0.45289692577668017
3,2,0.6521253362990227,0.4935575520721347
3,2,0.6521253362990227,0.45289692577668017
3,2,0.6521253362990227,0.45289692577668017
3,2,0.6521253362990227,0.4935575520721347
3,2,0.6258095347933743,0.4935575520721347
3,2,0.7573885423216176,0.33091504689031614
3,2,0.7573885423216176,0.3715756731857711
3,2,0.7310727408159692,0.3715756731857711
3,2,0.7573885423216176,0.3715756731857711
3,2,0.7310727408159692,0.41223629948122564
3,2,0.7310727408159692,0.3715756731857711
3,2,0.7310727408159692,0.3715756731857711
3,2,0.7310727408159692,0.41223629948122564
3,2,0.7047569393103204,0.41223629948122564
3,2,0.7310727408159692,0.41223629948122564
3,2,0.7047569393103204,0.45289692577668017
3,2,0.7047569393103204,0.41223629948122564
3,2,0.7047569393103204,0.41223629948122564
3,2,0.7047569393103204,0.45289692577668017
3,2,0.6784411378046715,0.45289692577668017
3,2,0.7047569393103204,0.45289692577668017
3,2,0.6784411378046715,0.4935575520721347
3,2,0.6784411378046715,0.45289692577668017
3,2,0.6784411378046715,0.45289692577668017
3,2,0.6784411378046715,0.4935575520721347
3,2,0.6521253362990227,0.4935575520721347
3,2,0.7573885423216176,0.3715756731857711
3,2,0.7573885423216176,0.41223629948122564
3,2,0.7310727408159692,0.41223629948122564
3,2,0.7573885423216176,0.41223629948122564
3,2,0.7310727408159692,0.45289692577668017
3,2,0.7310727408159692,0.41223629948122564
3,2,0.7310727408159692,0.41223629948122564
3,2,0.7310727408159692,0.45289692577668017
3,2,0.7047569393103204,0.45289692577668017
3,2,0.7310727408159692,0.45289692577668017
3,2,0.7047569393103204,0.4935575520721347
3,2,0.7047569393103204,0.45289692577668017
3,2,0.7047569393103204,0.45289692577668017
3,2,0.7047569393103204,0.4935575520721347
3,2,0.6784411378046715,0.4935575520721347
3,2,0.7573885423216176,0.41223629948122564
3,2,0.7573885423216176,0.45289692577668017
3,2,0.7310727408159692,0.45289692577668017
3,2,0.7573885423216176,0.45289692577668017
3,2,0.7310727408159692,0.4935575520721347
3,2,0.7310727408159692,0.45289692577668017
3,2,0.7310727408159692,0.45289692577668017
3,2,0.7310727408159692,0.4935575520721347
3,2,0.7047569393103204,0.4935575520721347
3,2,0.7573885423216176,0.45289692577668017
3,2,0.7573885423216176,0.4935575520721347
3,2,0.7310727408159692,0.4935575520721347
3,2,0.5274644003006146,0.26872022735248136
3,2,0.5491257639755283,0.26872022735248136
3,2,0.5491257639755283,0.3239333901442141
3,2,0.5491257639755283,0.26872022735248136
3,2,0.5707871276504424,0.3239333901442141
3,2,0.5491257639755283,0.3239333901442141
3,2,0.5491257639755283,0.3239333901442141
3,2,0.5707871276504424,0.3239333901442141
3,2,0.5707871276504424,0.37914655293594635
3,2,0.5707871276504424,0.3239333901442141
3,2,0.592448491325356,0.37914655293594635
3,2,0.5707871276504424,0.37914655293594635
3,2,0.5707871276504424,0.37914655293594635
3,2,0.592448491325356,0.37914655293594635
3,2,0.592448491325356,0.4343597157276786
3,2,0.592448491325356,0.37914655293594635
3,2,0.6141098550002702,0.4343597157276786
3,2,0.592448491325356,0.4343597157276786
3,2,0.592448491325356,0.4343597157276786
3,2,0.6141098550002702,0.4343597157276786
3,2,0.6141098550002702,0.4895728785194109
3,2,0.6141098550002702,0.4343597157276786
3,2,0.6357712186751838,0.4895728785194109
3,2,0.6141098550002702,0.4895728785194109
3,2,0.6141098550002702,0.4895728785194109
3,2,0.6357712186751838,0.4895728785194109
3,2,0.6357712186751838,0.5447860413111436
3,2,0.6357712186751838,0.4895728785194109
3,2,0.6574325823500975,0.5447860413111436
3,2,0.6357712186751838,0.5447860413111436
3,2,0.6357712186751838,0.5447860413111436
3,2,0.6574325823500975,0.5447860413111436
3,2,0.6574325823500975,0.5999992041028759
3,2,0.6574325823500975,0.5447860413111436
3,2,0.6790939460250116,0.5999992041028759
3,2,0.6574325823500975,0.5999992041028759
3,2,0.6574325823500975,0.5999992041028759
3,2,0.6790939460250116,0.5999992041028759
3,2,0.6790939460250116,0.6552123668946082
3,2,0.6790939460250116,0.5999992041028759
3,2,0.7007553096999253,0.6552123668946082
3,2,0.6790939460250116,0.6552123668946082
3,2,0.6790939460250116,0.6552123668946082
3,2,0.7007553096999253,0.6552123668946082
3,2,0.7007553096999253,0.7104255296863404
3,2,0.5491257639755283,0.26872022735248136
3,2,0.5707871276504424,0.26872022735248136
3,2,0.5707871276504424,0.3239333901442141
3,2,0.5707871276504424,0.26872022735248136
3,2,0.592448491325356,0.3239333901442141
3,2,0.5707871276504424,0.3239333901442141
3,2,0.5707871276504424,0.3239333901442141
3,2,0.592448491325356,0.3239333901442141
3,2,0.592448491325356,0.37914655293594635
3,2,0.592448491325356,0.3239333901442141
3,2,0.6141098550002702,0.37914655293594635
3,2,0.592448491325356,0.37914655293594635
3,2,0.592448491325356,0.37914655293594635
3,2,0.6141098550002702,0.37914655293594635
3,2,0.6141098550002702,0.4343597157276786
3,2,0.6141098550002702,0.37914655293594635
3,2,0.6357712186751838,0.4343597157276786
3,2,0.6141098550002702,0.4343597157276786
3,2,0.6141098550002702,0.4343597157276786
3,2,0.6357712186751838,0.4343597157276786
3,2,0.6357712186751838,0.4895728785194109
3,2,0.6357712186751838,0.4343597157276786
3,2,0.6574325823500975,0.4895728785194109
3,2,0.6357712186751838,0.4895728785194109
3,2,0.6357712186751838,0.4895728785194109
3,2,0.6574325823500975,0.4895728785194109
3,2,0.6574325823500975,0.5447860413111436
3,2,0.6574325823500975,0.4895728785194109
3,2,0.6790939460250116,0.5447860413111436
3,2,0.6574325823500975,0.5447860413111436
3,2,0.6574325823500975,0.5447860413111436
3,2,0.6790939460250116,0.5447860413111436
3,2,0.6790939460250116,0.5999992041028759
3,2,0.6790939460250116,0.5447860413111436
3,2,0.7007553096999253,0.5999992041028759
3,2,0.6790939460250116,0.5999992041028759
3,2,0.6790939460250116,0.5999992041028759
3,2,0.7007553096999253,0.5999992041028759
3,2,0.7007553096999253,0.6552123668946082
3,2,0.5707871276504424,0.26872022735248136
3,2,0.592448491325356,0.26872022735248136
3,2,0.592448491325356,0.3239333901442141
3,2,0.592448491325356,0.26872022735248136
3,2,0.6141098550002702,0.3239333901442141
3,2,0.592448491325356,0.3239333901442141
3,2,0.592448491325356,0.3239333901442141
3,2,0.6141098550002702,0.3239333901442141
3,2,0.6141098550002702,0.37914655293594635
3,2,0.6141098550002702,0.3239333901442141
3,2,0.6357712186751838,0.37914655293594635
3,2,0.6141098550002702,0.37914655293594635
3,2,0.6141098550002702,0.37914655293594635
3,2,0.6357712186751838,0.37914655293594635
3,2,0.6357712186751838,0.4343597157276786
3,2,0.6357712186751838,0.37914655293594635
3,2,0.6574325823500975,0.4343597157276786
3,2,0.6357712186751838,0.4343597157276786
3,2,0.6357712186751838,0.4343597157276786
3,2,0.6574325823500975,0.4343597157276786
3,2,0.6574325823500975,0.4895728785194109
3,2,0.6574325823500975,0.4343597157276786
3,2,0.6790939460250116,0.4895728785194109
3,2,0.6574325823500975,0.4895728785194109
3,2,0.6574325823500975,0.4895728785194109
3,2,0.6790939460250116,0.4895728785194109
3,2,0.6790939460250116,0.5447860413111436
3,2,0.6790939460250116,0.4895728785194109
3,2,0.7007553096999253,0.5447860413111436
3,2,0.6790939460250116,0.5447860413111436
3,2,0.6790939460250116,0.5447860413111436
3,2,0.7007553096999253,0.5447860413111436
3,2,0.7007553096999253,0.5999992041028759
3,2,0.592448491325356,0.26872022735248136
3,2,0.6141098550002702,0.26872022735248136
3,2,0.6141098550002702,0.3239333901442141
3,2,0.6141098550002702,0.26872022735248136
3,2,0.6357712186751838,0.3239333901442141
3,2,0.6141098550002702,0.3239333901442141
3,2,0.6141098550002702,0.3239333901442141
3,2,0.6357712186751838,0.3239333901442141
3,2,0.6357712186751838,0.37914655293594635
3,2,0.6357712186751838,0.3239333901442141
3,2,0.6574325823500975,0.37914655293594635
3,2,0.6357712186751838,0.37914655293594635
3,2,0.6357712186751838,0.37914655293594635
3,2,0.6574325823500975,0.37914655293594635
3,2,0.6574325823500975,0.4343597157276786
3,2,0.6574325823500975,0.37914655293594635
3,2,0.6790939460250116,0.4343597157276786
3,2,0.6574325823500975,0.4343597157276786
3,2,0.6574325823500975,0.4343597157276786
3,2,0.6790939460250116,0.4343597157276786
3,2,0.6790939460250116,0.4895728785194109
3,2,0.6790939460250116,0.4343597157276786
3,2,0.7007553096999253,0.4895728785194109
3,2,0.6790939460250116,0.4895728785194109
3,2,0.6790939460250116,0.4895728785194109
3,2,0.7007553096999253,0.4895728785194109
3,2,0.7007553096999253,0.5447860413111436
3,2,0.6141098550002702,0.26872022735248136
3,2,0.6357712186751838,0.26872022735248136
3,2,0.6357712186751838,0.3239333901442141
3,2,0.6357712186751838,0.26872022735248136
3,2,0.6574325823500975,0.3239333901442141
3,2,0.6357712186751838,0.3239333901442141
3,2,0.6357712186751838,0.3239333901442141
3,2,0.6574325823500975,0.3239333901442141
3,2,0.6574325823500975,0.37914655293594635
3,2,0.6574325823500975,0.3239333901442141
3,2,0.6790939460250116,0.37914655293594635
3,2,0.6574325823500975,0.37914655293594635
3,2,0.6574325823500975,0.37914655293594635
3,2,0.6790939460250116,0.37914655293594635
3,2,0.6790939460250116,0.4343597157276786
3,2,0.6790939460250116,0.37914655293594635
3,2,0.7007553096999253,0.4343597157276786
3,2,0.6790939460250116,0.4343597157276786
3,2,0.6790939460250116,0.4343597157276786
3,2,0.7007553096999253,0.4343597157276786
3,2,0.7007553096999253,0.4895728785194109
3,2,0.6357712186751838,0.26872022735248136
3,2,0.6574325823500975,0.26872022735248136
3,2,0.6574325823500975,0.3239333901442141
3,2,0.6574325823500975,0.26872022735248136
3,2,0.6790939460250116,0.3239333901442141
3,2,0.6574325823500975,0.3239333901442141
3,2,0.6574325823500975,0.3239333901442141
3,2,0.6790939460250116,0.3239333901442141
3,2,0.6790939460250116,0.37914655293594635
3,2,0.6790939460250116,0.3239333901442141
3,2,0.7007553096999253,0.37914655293594635
3,2,0.6790939460250116,0.37914655293594635
3,2,0.6790939460250116,0.37914655293594635
3,2,0.7007553096999253,0.37914655293594635
3,2,0.7007553096999253,0.4343597157276786
3,2,0.6574325823500975,0.26872022735248136
3,2,0.6790939460250116,0.26872022735248136
3,2,0.6790939460250116,0.3239333901442141
3,2,0.6790939460250116,0.26872022735248136
3,2,0.7007553096999253,0.3239333901442141
3,2,0.6790939460250116,0.3239333901442141
3,2,0.6790939460250116,0.3239333901442141
3,2,0.7007553096999253,0.3239333901442141
3,2,0.7007553096999253,0.37914655293594635
3,2,0.6790939460250116,0.26872022735248136
3,2,0.7007553096999253,0.26872022735248136
3,2,0.7007553096999253,0.3239333901442141
3,2,0.7007553096999253,0.7104255296863404
3,2,0.6790939460250116,0.7104255296863404
3,2,0.6790939460250116,0.6552123668946082
3,2,0.6790939460250116,0.7104255296863404
3,2,0.6574325823500975,0.6552123668946082
3,2,0.6790939460250116,0.6552123668946082
3,2,0.6790939460250116,0.6552123668946082
3,2,0.6574325823500975,0.6552123668946082
3,2,0.6574325823500975,0.5999992041028759
3,2,0.6574325823500975,0.6552123668946082
3,2,0.6357712186751838,0.5999992041028759
3,2,0.6574325823500975,0.5999992041028759
3,2,0.6574325823500975,0.5999992041028759
3,2,0.6357712186751838,0.5999992041028759
3,2,0.6357712186751838,0.5447860413111436
3,2,0.6357712186751838,0.5999992041028759
3,2,0.6141098550002702,0.5447860413111436
3,2,0.6357712186751838,0.5447860413111436
3,2,0.6357712186751838,0.5447860413111436
3,2,0.6141098550002702,0.5447860413111436
3,2,0.6141098550002702,0.4895728785194109
3,2,0.6141098550002702,0.5447860413111436
3,2,0.592448491325356,0.4895728785194109
3,2,0.6141098550002702,0.4895728785194109
3,2,0.6141098550002702,0.4895728785194109
3,2,0.592448491325356,0.4895728785194109
3,2,0.592448491325356,0.4343597157276786
3,2,0.592448491325356,0.4895728785194109
3,2,0.5707871276504424,0.4343597157276786
3,2,0.592448491325356,0.4343597157276786
3,2,0.592448491325356,0.4343597157276786
3,2,0.5707871276504424,0.4343597157276786
3,2,0.5707871276504424,0.37914655293594635
3,2,0.5707871276504424,0.4343597157276786
3,2,0.5491257639755283,0.37914655293594635
3,2,0.5707871276504424,0.37914655293594635
3,2,0.5707871276504424,0.37914655293594635
3,2,0.5491257639755283,0.37914655293594635
3,2,0.5491257639755283,0.3239333901442141
3,2,0.5491257639755283,0.37914655293594635
3,2,0.5274644003006146,0.3239333901442141
3,2,0.5491257639755283,0.3239333901442141
3,2,0.5491257639755283,0.3239333901442141
3,2,0.5274644003006146,0.3239333901442141
3,2,0.5274644003006146,0.26872022735248136
3,2,0.6790939460250116,0.7104255296863404
3,2,0.6574325823500975,0.7104255296863404
3,2,0.6574325823500975,0.6552123668946082
3,2,0.6574325823500975,0.7104255296863404
3,2,0.6357712186751838,0.6552123668946082
3,2,0.6574325823500975,0.6552123668946082
3,2,0.6574325823500975,0.6552123668946082
3,2,0.6357712186751838,0.6552123668946082
3,2,0.6357712186751838,0.5999992041028759
3,2,0.6357712186751838,0.6552123668946082
3,2,0.6141098550002702,0.5999992041028759
3,2,0.6357712186751838,0.5999992041028759
3,2,0.6357712186751838,0.5999992041028759
3,2,0.6141098550002702,0.5999992041028759
3,2,0.6141098550002702,0.5447860413111436
3,2,0.6141098550002702,0.5999992041028759
3,2,0.592448491325356,0.5447860413111436
3,2,0.6141098550002702,0.5447860413111436
3,2,0.6141098550002702,0.5447860413111436
3,2,0.592448491325356,0.5447860413111436
3,2,0.592448491325356,0.4895728785194109
3,2,0.592448491325356,0.5447860413111436
3,2,0.5707871276504424,0.4895728785194109
3,2,0.592448491325356,0.4895728785194109
3,2,0.592448491325356,0.4895728785194109
3,2,0.5707871276504424,0.4895728785194109
3,2,0.5707871276504424,0.4343597157276786
3,2,0.5707871276504424,0.4895728785194109
3,2,0.5491257639755283,0.4343597157276786
3,2,0.5707871276504424,0.4343597157276786
3,2,0.5707871276504424,0.4343597157276786
3,2,0.5491257639755283,0.4343597157276786
3,2,0.5491257639755283,0.37914655293594635
3,2,0.5491257639755283,0.4343597157276786
3,2,0.5274644003006146,0.37914655293594635
3,2,0.5491257639755283,0.37914655293594635
3,2,0.5491257639755283,0.37914655293594635
3,2,0.5274644003006146,0.37914655293594635
3,2,0.5274644003006146,0.3239333901442141
3,2,0.6574325823500975,0.7104255296863404
3,2,0.6357712186751838,0.7104255296863404
3,2,0.6357712186751838,0.6552123668946082
3,2,0.6357712186751838,0.7104255296863404
3,2,0.6141098550002702,0.6552123668946082
3,2,0.6357712186751838,0.6552123668946082
3,2,0.6357712186751838,0.6552123668946082
3,2,0.6141098550002702,0.6552123668946082
3,2,0.6141098550002702,0.5999992041028759
3,2,0.6141098550002702,0.6552123668946082
3,2,0.592448491325356,0.5999992041028759
3,2,0.6141098550002702,0.5999992041028759
3,2,0.6141098550002702,0.5999992041028759
3,2,0.592448491325356,0.5999992041028759
3,2,0.592448491325356,0.5447860413111436
3,2,0.592448491325356,0.5999992041028759
3,2,0.5707871276504424,0.5447860413111436
3,2,0.592448491325356,0.5447860413111436
3,2,0.592448491325356,0.5447860413111436
3,2,0.5707871276504424,0.5447860413111436
3,2,0.5707871276504424,0.4895728785194109
3,2,0.5707871276504424,0.5447860413111436
3,2,0.5491257639755283,0.4895728785194109
3,2,0.5707871276504424,0.4895728785194109
3,2,0.5707871276504424,0.4895728785194109
3,2,0.5491257639755283,0.4895728785194109
3,2,0.5491257639755283,0.4343597157276786
3,2,0.5491257639755283,0.4895728785194109
3,2,0.5274644003006146,0.4343597157276786
3,2,0.5491257639755283,0.4343597157276786
3,2,0.5491257639755283,0.4343597157276786
3,2,0.5274644003006146,0.4343597157276786
3,2,0.5274644003006146,0.37914655293594635
3,2,0.6357712186751838,0.7104255296863404
3,2,0.6141098550002702,0.7104255296863404
3,2,0.6141098550002702,0.6552123668946082
3,2,0.6141098550002702,0.7104255296863404
3,2,0.592448491325356,0.6552123668946082
3,2,0.6141098550002702,0.6552123668946082
3,2,0.6141098550002702,0.6552123668946082
3,2,0.592448491325356,0.6552123668946082
3,2,0.592448491325356,0.5999992041028759
3,2,0.592448491325356,0.6552123668946082
3,2,0.5707871276504424,0.5999992041028759
3,2,0.592448491325356,0.5999992041028759
3,2,0.592448491325356,0.5999992041028759
3,2,0.5707871276504424,0.5999992041028759
3,2,0.5707871276504424,0.5447860413111436
3,2,0.5707871276504424,0.5999992041028759
3,2,0.5491257639755283,0.5447860413111436
3,2,0.5707871276504424,0.5447860413111436
3,2,0.5707871276504424,0.5447860413111436
3,2,0.5491257639755283,0.5447860413111436
3,2,0.5491257639755283,0.4895728785194109
3,2,0.5491257639755283,0.5447860413111436
3,2,0.5274644003006146,0.4895728785194109
3,2,0.5491257639755283,0.4895728785194109
3,2,0.5491257639755283,0.4895728785194109
3,2,0.5274644003006146,0.4895728785194109
3,2,0.5274644003006146,0.4343597157276786
3,2,0.6141098550002702,0.7104255296863404
3,2,0.592448491325356,0.7104255296863404
3,2,0.592448491325356,0.6552123668946082
3,2,0.592448491325356,0.7104255296863404
3,2,0.5707871276504424,0.6552123668946082
3,2,0.592448491325356,0.6552123668946082
3,2,0.592448491325356,0.6552123668946082
3,2,0.5707871276504424,0.6552123668946082
3,2,0.5707871276504424,0.5999992041028759
3,2,0.5707871276504424,0.6552123668946082
3,2,0.5491257639755283,0.5999992041028759
3,2,0.5707871276504424,0.5999992041028759
3,2,0.5707871276504424,0.5999992041028759
3,2,0.5491257639755283,0.5999992041028759
3,2,0.5491257639755283,0.5447860413111436
3,2,0.5491257639755283,0.5999992041028759
3,2,0.5274644003006146,0.5447860413111436
3,2,0.5491257639755283,0.5447860413111436
3,2,0.5491257639755283,0.5447860413111436
3,2,0.5274644003006146,0.5447860413111436
3,2,0.5274644003006146,0.4895728785194109
3,2,0.592448491325356,0.7104255296863404
3,2,0.5707871276504424,0.7104255296863404
3,2,0.5707871276504424,0.6552123668946082
3,2,0.5707871276504424,0.7104255296863404
3,2,0.5491257639755283,0.6552123668946082
3,2,0.5707871276504424,0.6552123668946082
3,2,0.5707871276504424,0.6552123668946082
3,2,0.5491257639755283,0.6552123668946082
3,2,0.5491257639755283,0.5999992041028759
3,2,0.5491257639755283,0.6552123668946082
3,2,0.5274644003006146,0.5999992041028759
3,2,0.5491257639755283,0.5999992041028759
3,2,0.5491257639755283,0.5999992041028759
3,2,0.5274644003006146,0.5999992041028759
3,2,0.5274644003006146,0.5447860413111436
3,2,0.5707871276504424,0.7104255296863404
3,2,0.5491257639755283,0.7104255296863404
3,2,0.5491257639755283,0.6552123668946082
3,2,0.5491257639755283,0.7104255296863404
3,2,0.5274644003006146,0.6552123668946082
3,2,0.5491257639755283,0.6552123668946082
3,2,0.5491257639755283,0.6552123668946082
3,2,0.5274644003006146,0.6552123668946082
3,2,0.5274644003006146,0.5999992041028759
3,2,0.5491257639755283,0.7104255296863404
3,2,0.5274644003006146,0.7104255296863404
3,2,0.5274644003006146,0.6552123668946082
3,2,0.5274644003006146,0.26872022735248136
3,2,0.5274644003006146,0.3239333901442141
3,2,0.505760646481523,0.3239333901442141
3,2,0.5274644003006146,0.3239333901442141
3,2,0.505760646481523,0.37914655293594635
3,2,0.505760646481523,0.3239333901442141
3,2,0.505760646481523,0.3239333901442141
3,2,0.505760646481523,0.37914655293594635
3,2,0.48405689266243135,0.37914655293594635
3,2,0.505760646481523,0.37914655293594635
3,2,0.48405689266243135,0.4343597157276786
3,2,0.48405689266243135,0.37914655293594635
3,2,0.48405689266243135,0.37914655293594635
3,2,0.48405689266243135,0.4343597157276786
3,2,0.4623531388433393,0.4343597157276786
3,2,0.48405689266243135,0.4343597157276786
3,2,0.4623531388433393,0.4895728785194109
3,2,0.4623531388433393,0.4343597157276786
3,2,0.4623531388433393,0.4343597157276786
3,2,0.4623531388433393,0.4895728785194109
3,2,0.44064938502424766,0.4895728785194109
3,2,0.4623531388433393,0.4895728785194109
3,2,0.44064938502424766,0.5447860413111436
3,2,0.44064938502424766,0.4895728785194109
3,2,0.44064938502424766,0.4895728785194109
3,2,0.44064938502424766,0.5447860413111436
3,2,0.41894563120515604,0.5447860413111436
3,2,0.44064938502424766,0.5447860413111436
3,2,0.41894563120515604,0.5999992041028759
3,2,0.41894563120515604,0.5447860413111436
3,2,0.41894563120515604,0.5447860413111436
3,2,0.41894563120515604,0.5999992041028759
3,2,0.3972418773860644,0.5999992041028759
3,2,0.41894563120515604,0.5999992041028759
3,2,0.3972418773860644,0.6552123668946082
3,2,0.3972418773860644,0.5999992041028759
3,2,0.3972418773860644,0.5999992041028759
3,2,0.3972418773860644,0.6552123668946082
3,2,0.37553812356697236,0.6552123668946082
3,2,0.3972418773860644,0.6552123668946082
3,2,0.37553812356697236,0.7104255296863404
3,2,0.37553812356697236,0.6552123668946082
3,2,0.37553812356697236,0.6552123668946082
3,2,0.37553812356697236,0.7104255296863404
3,2,0.35383436974788074,0.7104255296863404
3,2,0.5274644003006146,0.3239333901442141
3,2,0.5274644003006146,0.37914655293594635
3,2,0.505760646481523,0.37914655293594635
3,2,0.5274644003006146,0.37914655293594635
3,2,0.505760646481523,0.4343597157276786
3,2,0.505760646481523,0.37914655293594635
3,2,0.505760646481523,0.37914655293594635
3,2,0.505760646481523,0.4343597157276786
3,2,0.48405689266243135,0.4343597157276786
3,2,0.505760646481523,0.4343597157276786
3,2,0.48405689266243135,0.4895728785194109
3,2,0.48405689266243135,0.4343597157276786
3,2,0.48405689266243135,0.4343597157276786
3,2,0.48405689266243135,0.4895728785194109
3,2,0.4623531388433393,0.4895728785194109
3,2,0.48405689266243135,0.4895728785194109
3,2,0.4623531388433393,0.5447860413111436
3,2,0.4623531388433393,0.4895728785194109
3,2,0.4623531388433393,0.4895728785194109
3,2,0.4623531388433393,0.5447860413111436
3,2,0.44064938502424766,0.5447860413111436
3,2,0.4623531388433393,0.5447860413111436
3,2,0.44064938502424766,0.5999992041028759
3,2,0.44064938502424766,0.5447860413111436
3,2,0.44064938502424766,0.5447860413111436
3,2,0.44064938502424766,0.5999992041028759
3,2,0.41894563120515604,0.5999992041028759
3,2,0.44064938502424766,0.5999992041028759
3,2,0.41894563120515604,0.6552123668946082
3,2,0.41894563120515604,0.5999992041028759
3,2,0.41894563120515604,0.5999992041028759
3,2,0.41894563120515604,0.6552123668946082
3,2,0.3972418773860644,0.6552123668946082
3,2,0.41894563120515604,0.6552123668946082
3,2,0.3972418773860644,0.7104255296863404
3,2,0.3972418773860644,0.6552123668946082
3,2,0.3972418773860644,0.6552123668946082
3,2,0.3972418773860644,0.7104255296863404
3,2,0.37553812356697236,0.7104255296863404
3,2,0.5274644003006146,0.37914655293594635
3,2,0.5274644003006146,0.4343597157276786
3,2,0.505760646481523,0.4343597157276786
3,2,0.5274644003006146,0.4343597157276786
3,2,0.505760646481523,0.4895728785194109
3,2,0.505760646481523,0.4343597157276786
3,2,0.505760646481523,0.4343597157276786
3,2,0.505760646481523,0.4895728785194109
3,2,0.48405689266243135,0.4895728785194109
3,2,0.505760646481523,0.4895728785194109
3,2,0.48405689266243135,0.5447860413111436
3,2,0.48405689266243135,0.4895728785194109
3,2,0.48405689266243135,0.4895728785194109
3,2,0.48405689266243135,0.5447860413111436
3,2,0.4623531388433393,0.5447860413111436
3,2,0.48405689266243135,0.5447860413111436
3,2,0.4623531388433393,0.5999992041028759
3,2,0.4623531388433393,0.5447860413111436
3,2,0.4623531388433393,0.5447860413111436
3,2,0.4623531388433393,0.5999992041028759
3,2,0.44064938502424766,0.5999992041028759
3,2,0.4623531388433393,0.5999992041028759
3,2,0.44064938502424766,0.6552123668946082
3,2,0.44064938502424766,0.5999992041028759
3,2,0.44064938502424766,0.5999992041028759
3,2,0.44064938502424766,0.6552123668946082
3,2,0.41894563120515604,0.6552123668946082
3,2,0.44064938502424766,0.6552123668946082
3,2,0.41894563120515604,0.7104255296863404
3,2,0.41894563120515604,0.6552123668946082
3,2,0.41894563120515604,0.6552123668946082
3,2,0.41894563120515604,0.7104255296863404
3,2,0.3972418773860644,0.7104255296863404
3,2,0.5274644003006146,0.4343597157276786
3,2,0.5274644003006146,0.4895728785194109
3,2,0.505760646481523,0.4895728785194109
3,2,0.5274644003006146,0.4895728785194109
3,2,0.505760646481523,0.5447860413111436
3,2,0.505760646481523,0.4895728785194109
3,2,0.505760646481523,0.4895728785194109
3,2,0.505760646481523,0.5447860413111436
3,2,0.48405689266243135,0.5447860413111436
3,2,0.505760646481523,0.5447860413111436
3,2,0.48405689266243135,0.5999992041028759
3,2,0.48405689266243135,0.5447860413111436
3,2,0.48405689266243135,0.5447860413111436
3,2,0.48405689266243135,0.5999992041028759
3,2,0.4623531388433393,0.5999992041028759
3,2,0.48405689266243135,0.5999992041028759
3,2,0.4623531388433393,0.6552123668946082
3,2,0.4623531388433393,0.5999992041028759
3,2,0.4623531388433393,0.5999992041028759
3,2,0.4623531388433393,0.6552123668946082
3,2,0.44064938502424766,0.6552123668946082
3,2,0.4623531388433393,0.6552123668946082
3,2,0.44064938502424766,0.7104255296863404
3,2,0.44064938502424766,0.6552123668946082
3,2,0.44064938502424766,0.6552123668946082
3,2,0.44064938502424766,0.7104255296863404
3,2,0.41894563120515604,0.7104255296863404
3,2,0.5274644003006146,0.4895728785194109
3,2,0.5274644003006146,0.5447860413111436
3,2,0.505760646481523,0.5447860413111436
3,2,0.5274644003006146,0.5447860413111436
3,2,0.505760646481523,0.5999992041028759
3,2,0.505760646481523,0.5447860413111436
3,2,0.505760646481523,0.5447860413111436
3,2,0.505760646481523,0.5999992041028759
3,2,0.48405689266243135,0.5999992041028759
3,2,0.505760646481523,0.5999992041028759
3,2,0.48405689266243135,0.6552123668946082
3,2,0.48405689266243135,0.5999992041028759
3,2,0.48405689266243135,0.5999992041028759
3,2,0.48405689266243135,0.6552123668946082
3,2,0.4623531388433393,0.6552123668946082
3,2,0.48405689266243135,0.6552123668946082
3,2,0.4623531388433393,0.7104255296863404
3,2,0.4623531388433393,0.6552123668946082
3,2,0.4623531388433393,0.6552123668946082
3,2,0.4623531388433393,0.7104255296863404
3,2,0.44064938502424766,0.7104255296863404
3,2,0.5274644003006146,0.5447860413111436
3,2,0.5274644003006146,0.5999992041028759
3,2,0.505760646481523,0.5999992041028759
3,2,0.5274644003006146,0.5999992041028759
3,2,0.505760646481523,0.6552123668946082
3,2,0.505760646481523,0.5999992041028759
3,2,0.505760646481523,0.5999992041028759
3,2,0.505760646481523,0.6552123668946082
3,2,0.48405689266243135,0.6552123668946082
3,2,0.505760646481523,0.6552123668946082
3,2,0.48405689266243135,0.7104255296863404
3,2,0.48405689266243135,0.6552123668946082
3,2,0.48405689266243135,0.6552123668946082
3,2,0.48405689266243135,0.7104255296863404
3,2,0.4623531388433393,0.7104255296863404
3,2,0.5274644003006146,0.5999992041028759
3,2,0.5274644003006146,0.6552123668946082
3,2,0.505760646481523,0.6552123668946082
3,2,0.5274644003006146,0.6552123668946082
3,2,0.505760646481523,0.7104255296863404
3,2,0.505760646481523,0.6552123668946082
3,2,0.505760646481523,0.6552123668946082
3,2,0.505760646481523,0.7104255296863404
3,2,0.48405689266243135,0.7104255296863404
3,2,0.5274644003006146,0.6552123668946082
3,2,0.5274644003006146,0.7104255296863404
3,2,0.505760646481523,0.7104255296863404
3,2,0.35383436974788074,0.7104255296863404
3,2,0.35383436974788074,0.6552123668946082
3,2,0.37553812356697236,0.6552123668946082
3,2,0.35383436974788074,0.6552123668946082
3,2,0.37553812356697236,0.5999992041028759
3,2,0.37553812356697236,0.6552123668946082
3,2,0.37553812356697236,0.6552123668946082
3,2,0.37553812356697236,0.5999992041028759
3,2,0.3972418773860644,0.5999992041028759
3,2,0.37553812356697236,0.5999992041028759
3,2,0.3972418773860644,0.5447860413111436
3,2,0.3972418773860644,0.5999992041028759
3,2,0.3972418773860644,0.5999992041028759
3,2,0.3972418773860644,0.5447860413111436
3,2,0.41894563120515604,0.5447860413111436
3,2,0.3972418773860644,0.5447860413111436
3,2,0.41894563120515604,0.4895728785194109
3,2,0.41894563120515604,0.5447860413111436
3,2,0.41894563120515604,0.5447860413111436
3,2,0.41894563120515604,0.4895728785194109
3,2,0.44064938502424766,0.4895728785194109
3,2,0.41894563120515604,0.4895728785194109
3,2,0.44064938502424766,0.4343597157276786
3,2,0.44064938502424766,0.4895728785194109
3,2,0.44064938502424766,0.4895728785194109
3,2,0.44064938502424766,0.4343597157276786
3,2,0.4623531388433393,0.4343597157276786
3,2,0.44064938502424766,0.4343597157276786
3,2,0.4623531388433393,0.37914655293594635
3,2,0.4623531388433393,0.4343597157276786
3,2,0.4623531388433393,0.4343597157276786
3,2,0.4623531388433393,0.37914655293594635
3,2,0.48405689266243135,0.37914655293594635
3,2,0.4623531388433393,0.37914655293594635
3,2,0.48405689266243135,0.3239333901442141
3,2,0.48405689266243135,0.37914655293594635
3,2,0.48405689266243135,0.37914655293594635
3,2,0.48405689266243135,0.3239333901442141
3,2,0.505760646481523,0.3239333901442141
3,2,0.48405689266243135,0.3239333901442141
3,2,0.505760646481523,0.26872022735248136
3,2,0.505760646481523,0.3239333901442141
3,2,0.505760646481523,0.3239333901442141
3,2,0.505760646481523,0.26872022735248136
3,2,0.5274644003006146,0.26872022735248136
3,2,0.35383436974788074,0.6552123668946082
3,2,0.35383436974788074,0.5999992041028759
3,2,0.37553812356697236,0.5999992041028759
3,2,0.35383436974788074,0.5999992041028759
3,2,0.37553812356697236,0.5447860413111436
3,2,0.37553812356697236,0.5999992041028759
3,2,0.37553812356697236,0.5999992041028759
3,2,0.37553812356697236,0.5447860413111436
3,2,0.3972418773860644,0.5447860413111436
3,2,0.37553812356697236,0.5447860413111436
3,2,0.3972418773860644,0.4895728785194109
3,2,0.3972418773860644,0.5447860413111436
3,2,0.3972418773860644,0.5447860413111436
3,2,0.3972418773860644,0.4895728785194109
3,2,0.41894563120515604,0.4895728785194109
3,2,0.3972418773860644,0.4895728785194109
3,2,0.41894563120515604,0.4343597157276786
3,2,0.41894563120515604,0.4895728785194109
3,2,0.41894563120515604,0.4895728785194109
3,2,0.41894563120515604,0.4343597157276786
3,2,0.44064938502424766,0.4343597157276786
3,2,0.41894563120515604,0.4343597157276786
3,2,0.44064938502424766,0.37914655293594635
3,2,0.44064938502424766,0.4343597157276786
3,2,0.44064938502424766,0.4343597157276786
3,2,0.44064938502424766,0.37914655293594635
3,2,0.4623531388433393,0.37914655293594635
3,2,0.44064938502424766,0.37914655293594635
3,2,0.4623531388433393,0.3239333901442141
3,2,0.4623531388433393,0.37914655293594635
3,2,0.4623531388433393,0.37914655293594635
3,2,0.4623531388433393,0.3239333901442141
3,2,0.48405689266243135,0.3239333901442141
3,2,0.4623531388433393,0.3239333901442141
3,2,0.48405689266243135,0.26872022735248136
3,2,0.48405689266243135,0.3239333901442141
3,2,0.48405689266243135,0.3239333901442141
3,2,0.48405689266243135,0.26872022735248136
3,2,0.505760646481523,0.26872022735248136
3,2,0.35383436974788074,0.5999992041028759
3,2,0.35383436974788074,0.5447860413111436
3,2,0.37553812356697236,0.5447860413111436
3,2,0.35383436974788074,0.5447860413111436
3,2,0.37553812356697236,0.4895728785194109
3,2,0.37553812356697236,0.5447860413111436
3,2,0.37553812356697236,0.5447860413111436
3,2,0.37553812356697236,0.4895728785194109
3,2,0.3972418773860644,0.4895728785194109
3,2,0.37553812356697236,0.4895728785194109
3,2,0.3972418773860644,0.4343597157276786
3,2,0.3972418773860644,0.4895728785194109
3,2,0.3972418773860644,0.4895728785194109
3,2,0.3972418773860644,0.4343597157276786
3,2,0.41894563120515604,0.4343597157276786
3,2,0.3972418773860644,0.4343597157276786
3,2,0.41894563120515604,0.37914655293594635
3,2,0.41894563120515604,0.4343597157276786
3,2,0.41894563120515604,0.4343597157276786
3,2,0.41894563120515604,0.37914655293594635
3,2,0.44064938502424766,0.37914655293594635
3,2,0.41894563120515604,0.37914655293594635
3,2,0.44064938502424766,0.3239333901442141
3,2,0.44064938502424766,0.37914655293594635
3,2,0.44064938502424766,0.37914655293594635
3,2,0.44064938502424766,0.3239333901442141
3,2,0.4623531388433393,0.3239333901442141
3,2,0.44064938502424766,0.3239333901442141
3,2,0.4623531388433393,0.26872022735248136
3,2,0.4623531388433393,0.3239333901442141
3,2,0.4623531388433393,0.3239333901442141
3,2,0.4623531388433393,0.26872022735248136
3,2,0.48405689266243135,0.26872022735248136
3,2,0.35383436974788074,0.5447860413111436
3,2,0.35383436974788074,0.4895728785194109
3,2,0.37553812356697236,0.4895728785194109
3,2,0.35383436974788074,0.4895728785194109
3,2,0.37553812356697236,0.4343597157276786
3,2,0.37553812356697236,0.4895728785194109
3,2,0.37553812356697236,0.4895728785194109
3,2,0.37553812356697236,0.4343597157276786
3,2,0.3972418773860644,0.4343597157276786
3,2,0.37553812356697236,0.4343597157276786
3,2,0.3972418773860644,0.37914655293594635
3,2,0.3972418773860644,0.4343597157276786
3,2,0.3972418773860644,0.4343597157276786
3,2,0.3972418773860644,0.37914655293594635
3,2,0.41894563120515604,0.37914655293594635
3,2,0.3972418773860644,0.37914655293594635
3,2,0.41894563120515604,0.3239333901442141
3,2,0.41894563120515604,0.37914655293594635
3,2,0.41894563120515604,0.37914655293594635
3,2,0.41894563120515604,0.3239333901442141
3,2,0.44064938502424766,0.3239333901442141
3,2,0.41894563120515604,0.3239333901442141
3,2,0.44064938502424766,0.26872022735248136
3,2,0.44064938502424766,0.3239333901442141
3,2,0.44064938502424766,0.3239333901442141
3,2,0.44064938502424766,0.26872022735248136
3,2,0.4623531388433393,0.26872022735248136
3,2,0.35383436974788074,0.4895728785194109
3,2,0.35383436974788074,0.4343597157276786
3,2,0.37553812356697236,0.4343597157276786
3,2,0.35383436974788074,0.4343597157276786
3,2,0.37553812356697236,0.37914655293594635
3,2,0.37553812356697236,0.4343597157276786
3,2,0.37553812356697236,0.4343597157276786
3,2,0.37553812356697236,0.37914655293594635
3,2,0.3972418773860644,0.37914655293594635
3,2,0.37553812356697236,0.37914655293594635
3,2,0.3972418773860644,0.3239333901442141
3,2,0.3972418773860644,0.37914655293594635
3,2,0.3972418773860644,0.37914655293594635
3,2,0.3972418773860644,0.3239333901442141
3,2,0.41894563120515604,0.3239333901442141
3,2,0.3972418773860644,0.3239333901442141
3,2,0.41894563120515604,0.26872022735248136
3,2,0.41894563120515604,0.3239333901442141
3,2,0.41894563120515604,0.3239333901442141
3,2,0.41894563120515604,0.26872022735248136
3,2,0.44064938502424766,0.26872022735248136
3,2,0.35383436974788074,0.4343597157276786
3,2,0.35383436974788074,0.37914655293594635
3,2,0.37553812356697236,0.37914655293594635
3,2,0.35383436974788074,0.37914655293594635
3,2,0.37553812356697236,0.3239333901442141
3,2,0.37553812356697236,0.37914655293594635
3,2,0.37553812356697236,0.37914655293594635
3,2,0.37553812356697236,0.3239333901442141
3,2,0.3972418773860644,0.3239333901442141
3,2,0.37553812356697236,0.3239333901442141
3,2,0.3972418773860644,0.26872022735248136
3,2,0.3972418773860644,0.3239333901442141
3,2,0.3972418773860644,0.3239333901442141
3,2,0.3972418773860644,0.26872022735248136
3,2,0.41894563120515604,0.26872022735248136
3,2,0.35383436974788074,0.37914655293594635
3,2,0.35383436974788074,0.3239333901442141
3,2,0.37553812356697236,0.3239333901442141
3,2,0.35383436974788074,0.3239333901442141
3,2,0.37553812356697236,0.26872022735248136
3,2,0.37553812356697236,0.3239333901442141
3,2,0.37553812356697236,0.3239333901442141
3,2,0.37553812356697236,0.26872022735248136
3,2,0.3972418773860644,0.26872022735248136
3,2,0.35383436974788074,0.3239333901442141
3,2,0.35383436974788074,0.26872022735248136
3,2,0.37553812356697236,0.26872022735248136
3,2,0.7122854289163176,0.5506994664239624
3,2,0.7122854289163176,0.5710467356293609
3,2,0.6601172914813653,0.5710467356293609
3,2,0.7122854289163176,0.5710467356293609
3,2,0.6601172914813653,0.5913940048347595
3,2,0.6601172914813653,0.5710467356293609
3,2,0.6601172914813653,0.5710467356293609
3,2,0.6601172914813653,0.5913940048347595
3,2,0.607949154046413,0.5913940048347595
3,2,0.6601172914813653,0.5913940048347595
3,2,0.607949154046413,0.611741274040158
3,2,0.607949154046413,0.5913940048347595
3,2,0.607949154046413,0.5913940048347595
3,2,0.607949154046413,0.611741274040158
3,2,0.5557810166114607,0.611741274040158
3,2,0.607949154046413,0.611741274040158
3,2,0.5557810166114607,0.6320885432455565
3,2,0.5557810166114607,0.611741274040158
3,2,0.5557810166114607,0.611741274040158
3,2,0.5557810166114607,0.6320885432455565
3,2,0.5036128791765084,0.6320885432455565
3,2,0.5557810166114607,0.6320885432455565
3,2,0.5036128791765084,0.652435812450955
3,2,0.5036128791765084,0.6320885432455565
3,2,0.5036128791765084,0.6320885432455565
3,2,0.5036128791765084,0.652435812450955
3,2,0.45144474174155613,0.652435812450955
3,2,0.5036128791765084,0.652435812450955
3,2,0.4514447417415566,0.6727830816563531
3,2,0.45144474174155613,0.652435812450955
3,2,0.45144474174155613,0.652435812450955
3,2,0.4514447417415566,0.6727830816563531
3,2,0.3992766043066043,0.6727830816563531
3,2,0.4514447417415566,0.6727830816563531
3,2,0.3992766043066043,0.6931303508617517
3,2,0.3992766043066043,0.6727830816563531
3,2,0.3992766043066043,0.6727830816563531
3,2,0.3992766043066043,0.6931303508617517
3,2,0.347108466871652,0.6931303508617517
3,2,0.3992766043066043,0.6931303508617517
3,2,0.347108466871652,0.7134776200671502
3,2,0.347108466871652,0.6931303508617517
3,2,0.347108466871652,0.6931303508617517
3,2,0.347108466871652,0.7134776200671502
3,2,0.2949403294366997,0.7134776200671502
3,2,0.347108466871652,0.7134776200671502
3,2,0.2949403294366997,0.7338248892725487
3,2,0.2949403294366997,0.7134776200671502
3,2,0.2949403294366997,0.7134776200671502
3,2,0.2949403294366997,0.7338248892725487
3,2,0.24277219200174738,0.7338248892725487
3,2,0.7122854289163176,0.5710467356293609
3,2,0.7122854289163176,0.5913940048347595
3,2,0.6601172914813653,0.5913940048347595
3,2,0.7122854289163176,0.5913940048347595
3,2,0.6601172914813653,0.611741274040158
3,2,0.6601172914813653,0.5913940048347595
3,2,0.6601172914813653,0.5913940048347595
3,2,0.6601172914813653,0.611741274040158
3,2,0.607949154046413,0.611741274040158
3,2,0.6601172914813653,0.611741274040158
3,2,0.607949154046413,0.6320885432455565
3,2,0.607949154046413,0.611741274040158
3,2,0.607949154046413,0.611741274040158
3,2,0.607949154046413,0.6320885432455565
3,2,0.5557810166114607,0.6320885432455565
3,2,0.607949154046413,0.6320885432455565
3,2,0.5557810166114607,0.652435812450955
3,2,0.5557810166114607,0.6320885432455565
3,2,0.5557810166114607,0.6320885432455565
3,2,0.5557810166114607,0.652435812450955
3,2,0.5036128791765084,0.652435812450955
3,2,0.5557810166114607,0.652435812450955
3,2,0.5036128791765089,0.6727830816563531
3,2,0.5036128791765084,0.652435812450955
3,2,0.5036128791765084,0.652435812450955
3,2,0.5036128791765089,0.6727830816563531
3,2,0.4514447417415566,0.6727830816563531
3,2,0.5036128791765089,0.6727830816563531
3,2,0.45144474174155613,0.6931303508617517
3,2,0.4514447417415566,0.6727830816563531
3,2,0.4514447417415566,0.6727830816563531
3,2,0.45144474174155613,0.6931303508617517
3,2,0.3992766043066043,0.6931303508617517
3,2,0.45144474174155613,0.6931303508617517
3,2,0.3992766043066043,0.7134776200671502
3,2,0.3992766043066043,0.6931303508617517
3,2,0.3992766043066043,0.6931303508617517
3,2,0.3992766043066043,0.7134776200671502
3,2,0.347108466871652,0.7134776200671502
3,2,0.3992766043066043,0.7134776200671502
3,2,0.347108466871652,0.7338248892725487
3,2,0.347108466871652,0.7134776200671502
3,2,0.347108466871652,0.7134776200671502
3,2,0.347108466871652,0.7338248892725487
3,2,0.2949403294366997,0.7338248892725487
3,2,0.7122854289163176,0.5913940048347595
3,2,0.7122854289163176,0.611741274040158
3,2,0.6601172914813653,0.611741274040158
3,2,0.7122854289163176,0.611741274040158
3,2,0.6601172914813653,0.6320885432455565
3,2,0.6601172914813653,0.611741274040158
3,2,0.6601172914813653,0.611741274040158
3,2,0.6601172914813653,0.6320885432455565
3,2,0.607949154046413,0.6320885432455565
3,2,0.6601172914813653,0.6320885432455565
3,2,0.607949154046413,0.652435812450955
3,2,0.607949154046413,0.6320885432455565
3,2,0.607949154046413,0.6320885432455565
3,2,0.607949154046413,0.652435812450955
3,2,0.5557810166114607,0.652435812450955
3,2,0.607949154046413,0.652435812450955
3,2,0.5557810166114607,0.6727830816563531
3,2,0.5557810166114607,0.652435812450955
3,2,0.5557810166114607,0.652435812450955
3,2,0.5557810166114607,0.6727830816563531
3,2,0.5036128791765089,0.6727830816563531
3,2,0.5557810166114607,0.6727830816563531
3,2,0.5036128791765084,0.6931303508617517
3,2,0.5036128791765089,0.6727830816563531
3,2,0.5036128791765089,0.6727830816563531
3,2,0.5036128791765084,0.6931303508617517
3,2,0.45144474174155613,0.6931303508617517
3,2,0.5036128791765084,0.6931303508617517
3,2,0.4514447417415566,0.7134776200671502
3,2,0.45144474174155613,0.6931303508617517
3,2,0.45144474174155613,0.6931303508617517
3,2,0.4514447417415566,0.7134776200671502
3,2,0.3992766043066043,0.7134776200671502
3,2,0.4514447417415566,0.7134776200671502
3,2,0.3992766043066043,0.7338248892725487
3,2,0.3992766043066043,0.7134776200671502
3,2,0.3992766043066043,0.7134776200671502
3,2,0.3992766043066043,0.7338248892725487
3,2,0.347108466871652,0.7338248892725487
3,2,0.7122854289163176,0.611741274040158
3,2,0.7122854289163176,0.6320885432455565
3,2,0.6601172914813653,0.6320885432455565
3,2,0.7122854289163176,0.6320885432455565
3,2,0.6601172914813653,0.652435812450955
3,2,0.6601172914813653,0.6320885432455565
3,2,0.6601172914813653,0.6320885432455565
3,2,0.6601172914813653,0.652435812450955
3,2,0.607949154046413,0.652435812450955
3,2,0.6601172914813653,0.652435812450955
3,2,0.607949154046413,0.6727830816563531
3,2,0.607949154046413,0.652435812450955
3,2,0.607949154046413,0.652435812450955
3,2,0.607949154046413,0.6727830816563531
3,2,0.5557810166114607,0.6727830816563531
3,2,0.607949154046413,0.6727830816563531
3,2,0.5557810166114607,0.6931303508617517
3,2,0.5557810166114607,0.6727830816563531
3,2,0.5557810166114607,0.6727830816563531
3,2,0.5557810166114607,0.6931303508617517
3,2,0.5036128791765084,0.6931303508617517
3,2,0.5557810166114607,0.6931303508617517
3,2,0.5036128791765089,0.7134776200671502
3,2,0.5036128791765084,0.6931303508617517
3,2,0.5036128791765084,0.6931303508617517
3,2,0.5036128791765089,0.7134776200671502
3,2,0.4514447417415566,0.7134776200671502
3,2,0.5036128791765089,0.7134776200671502
3,2,0.45144474174155613,0.7338248892725487
3,2,0.4514447417415566,0.7134776200671502
3,2,0.4514447417415566,0.7134776200671502
3,2,0.45144474174155613,0.7338248892725487
3,2,0.3992766043066043,0.7338248892725487
3,2,0.7122854289163176,0.6320885432455565
3,2,0.7122854289163176,0.652435812450955
3,2,0.6601172914813653,0.652435812450955
3,2,0.7122854289163176,0.652435812450955
3,2,0.6601172914813653,0.6727830816563531
3,2,0.6601172914813653,0.652435812450955
3,2,0.6601172914813653,0.652435812450955
3,2,0.6601172914813653,0.6727830816563531
3,2,0.607949154046413,0.6727830816563531
3,2,0.6601172914813653,0.6727830816563531
3,2,0.607949154046413,0.6931303508617517
3,2,0.607949154046413,0.6727830816563531
3,2,0.607949154046413,0.6727830816563531
3,2,0.607949154046413,0.6931303508617517
3,2,0.5557810166114607,0.6931303508617517
3,2,0.607949154046413,0.6931303508617517
3,2,0.5557810166114607,0.7134776200671502
3,2,0.5557810166114607,0.6931303508617517
3,2,0.5557810166114607,0.6931303508617517
3,2,0.5557810166114607,0.7134776200671502
3,2,0.5036128791765089,0.7134776200671502
3,2,0.5557810166114607,0.7134776200671502
3,2,0.5036128791765084,0.7338248892725487
3,2,0.5036128791765089,0.7134776200671502
3,2,0.5036128791765089,0.7134776200671502
3,2,0.5036128791765084,0.7338248892725487
3,2,0.45144474174155613,0.7338248892725487
3,2,0.7122854289163176,0.652435812450955
3,2,0.7122854289163176,0.6727830816563531
3,2,0.6601172914813653,0.6727830816563531
3,2,0.7122854289163176,0.6727830816563531
3,2,0.6601172914813653,0.6931303508617517
3,2,0.6601172914813653,0.6727830816563531
3,2,0.6601172914813653,0.6727830816563531
3,2,0.6601172914813653,0.6931303508617517
3,2,0.607949154046413,0.6931303508617517
3,2,0.6601172914813653,0.6931303508617517
3,2,0.607949154046413,0.7134776200671502
3,2,0.607949154046413,0.6931303508617517
3,2,0.607949154046413,0.6931303508617517
3,2,0.607949154046413,0.7134776200671502
3,2,0.5557810166114607,0.7134776200671502
3,2,0.607949154046413,0.7134776200671502
3,2,0.5557810166114607,0.7338248892725487
3,2,0.5557810166114607,0.7134776200671502
3,2,0.5557810166114607,0.7134776200671502
3,2,0.5557810166114607,0.7338248892725487
3,2,0.5036128791765084,0.7338248892725487
3,2,0.7122854289163176,0.6727830816563531
3,2,0.7122854289163176,0.6931303508617517
3,2,0.6601172914813653,0.6931303508617517
3,2,0.7122854289163176,0.6931303508617517
3,2,0.6601172914813653,0.7134776200671502
3,2,0.6601172914813653,0.6931303508617517
3,2,0.6601172914813653,0.6931303508617517
3,2,0.6601172914813653,0.7134776200671502
3,2,0.607949154046413,0.7134776200671502
3,2,0.6601172914813653,0.7134776200671502
3,2,0.607949154046413,0.7338248892725487
3,2,0.607949154046413,0.7134776200671502
3,2,0.607949154046413,0.7134776200671502
3,2,0.607949154046413,0.7338248892725487
3,2,0.5557810166114607,0.7338248892725487
3,2,0.7122854289163176,0.6931303508617517
3,2,0.7122854289163176,0.7134776200671502
3,2,0.6601172914813653,0.7134776200671502
3,2,0.7122854289163176,0.7134776200671502
3,2,0.6601172914813653,0.7338248892725487
3,2,0.6601172914813653,0.7134776200671502
3,2,0.6601172914813653,0.7134776200671502
3,2,0.6601172914813653,0.7338248892725487
3,2,0.607949154046413,0.7338248892725487
3,2,0.7122854289163176,0.7134776200671502
3,2,0.7122854289163176,0.7338248892725487
3,2,0.6601172914813653,0.7338248892725487
3,2,0.24277219200174738,0.7338248892725487
3,2,0.24277219200174738,0.7134776200671502
3,2,0.2949403294366997,0.7134776200671502
3,2,0.24277219200174738,0.7134776200671502
3,2,0.2949403294366997,0.6931303508617517
3,2,0.2949403294366997,0.7134776200671502
3,2,0.2949403294366997,0.7134776200671502
3,2,0.2949403294366997,0.6931303508617517
3,2,0.347108466871652,0.6931303508617517
3,2,0.2949403294366997,0.6931303508617517
3,2,0.347108466871652,0.6727830816563536
3,2,0.347108466871652,0.6931303508617517
3,2,0.347108466871652,0.6931303508617517
3,2,0.347108466871652,0.6727830816563536
3,2,0.3992766043066043,0.6727830816563536
3,2,0.347108466871652,0.6727830816563536
3,2,0.3992766043066043,0.652435812450955
3,2,0.3992766043066043,0.6727830816563536
3,2,0.3992766043066043,0.6727830816563536
3,2,0.3992766043066043,0.652435812450955
3,2,0.45144474174155613,0.652435812450955
3,2,0.3992766043066043,0.652435812450955
3,2,0.4514447417415566,0.6320885432455565
3,2,0.45144474174155613,0.652435812450955
3,2,0.45144474174155613,0.652435812450955
3,2,0.4514447417415566,0.6320885432455565
3,2,0.5036128791765084,0.6320885432455565
3,2,0.4514447417415566,0.6320885432455565
3,2,0.5036128791765084,0.611741274040158
3,2,0.5036128791765084,0.6320885432455565
3,2,0.5036128791765084,0.6320885432455565
3,2,0.5036128791765084,0.611741274040158
3,2,0.5557810166114607,0.611741274040158
3,2,0.5036128791765084,0.611741274040158
3,2,0.5557810166114607,0.5913940048347595
3,2,0.5557810166114607,0.611741274040158
3,2,0.5557810166114607,0.611741274040158
3,2,0.5557810166114607,0.5913940048347595
3,2,0.607949154046413,0.5913940048347595
3,2,0.5557810166114607,0.5913940048347595
3,2,0.607949154046413,0.5710467356293609
3,2,0.607949154046413,0.5913940048347595
3,2,0.607949154046413,0.5913940048347595
3,2,0.607949154046413,0.5710467356293609
3,2,0.6601172914813653,0.5710467356293609
3,2,0.607949154046413,0.5710467356293609
3,2,0.6601172914813653,0.5506994664239624
3,2,0.6601172914813653,0.5710467356293609
3,2,0.6601172914813653,0.5710467356293609
3,2,0.6601172914813653,0.5506994664239624
3,2,0.7122854289163176,0.5506994664239624
3,2,0.24277219200174738,0.7134776200671502
3,2,0.24277219200174738,0.6931303508617517
3,2,0.2949403294366997,0.6931303508617517
3,2,0.24277219200174738,0.6931303508617517
3,2,0.2949403294366997,0.6727830816563536
3,2,0.2949403294366997,0.6931303508617517
3,2,0.2949403294366997,0.6931303508617517
3,2,0.2949403294366997,0.6727830816563536
3,2,0.347108466871652,0.6727830816563536
3,2,0.2949403294366997,0.6727830816563536
3,2,0.347108466871652,0.652435812450955
3,2,0.347108466871652,0.6727830816563536
3,2,0.347108466871652,0.6727830816563536
3,2,0.347108466871652,0.652435812450955
3,2,0.3992766043066043,0.652435812450955
3,2,0.347108466871652,0.652435812450955
3,2,0.3992766043066043,0.6320885432455565
3,2,0.3992766043066043,0.652435812450955
3,2,0.3992766043066043,0.652435812450955
3,2,0.3992766043066043,0.6320885432455565
3,2,0.4514447417415566,0.6320885432455565
3,2,0.3992766043066043,0.6320885432455565
3,2,0.45144474174155613,0.611741274040158
3,2,0.4514447417415566,0.6320885432455565
3,2,0.4514447417415566,0.6320885432455565
3,2,0.45144474174155613,0.611741274040158
3,2,0.5036128791765084,0.611741274040158
3,2,0.45144474174155613,0.611741274040158
3,2,0.5036128791765084,0.5913940048347595
3,2,0.5036128791765084,0.611741274040158
3,2,0.5036128791765084,0.611741274040158
3,2,0.5036128791765084,0.5913940048347595
3,2,0.5557810166114607,0.5913940048347595
3,2,0.5036128791765084,0.5913940048347595
3,2,0.5557810166114607,0.5710467356293609
3,2,0.5557810166114607,0.5913940048347595
3,2,0.5557810166114607,0.5913940048347595
3,2,0.5557810166114607,0.5710467356293609
3,2,0.607949154046413,0.5710467356293609
3,2,0.5557810166114607,0.5710467356293609
3,2,0.607949154046413,0.5506994664239624
3,2,0.607949154046413,0.5710467356293609
3,2,0.607949154046413,0.5710467356293609
3,2,0.607949154046413,0.5506994664239624
3,2,0.6601172914813653,0.5506994664239624
3,2,0.24277219200174738,0.6931303508617517
3,2,0.24277219200174738,0.6727830816563536
3,2,0.2949403294366997,0.6727830816563536
3,2,0.24277219200174738,0.6727830816563536
3,2,0.2949403294366997,0.652435812450955
3,2,0.2949403294366997,0.6727830816563536
3,2,0.2949403294366997,0.6727830816563536
3,2,0.2949403294366997,0.652435812450955
3,2,0.347108466871652,0.652435812450955
3,2,0.2949403294366997,0.652435812450955
3,2,0.347108466871652,0.6320885432455565
3,2,0.347108466871652,0.652435812450955
3,2,0.347108466871652,0.652435812450955
3,2,0.347108466871652,0.6320885432455565
3,2,0.3992766043066043,0.6320885432455565
3,2,0.347108466871652,0.6320885432455565
3,2,0.3992766043066043,0.611741274040158
3,2,0.3992766043066043,0.6320885432455565
3,2,0.3992766043066043,0.6320885432455565
3,2,0.3992766043066043,0.611741274040158
3,2,0.45144474174155613,0.611741274040158
3,2,0.3992766043066043,0.611741274040158
3,2,0.4514447417415566,0.5913940048347595
3,2,0.45144474174155613,0.611741274040158
3,2,0.45144474174155613,0.611741274040158
3,2,0.4514447417415566,0.5913940048347595
3,2,0.5036128791765084,0.5913940048347595
3,2,0.4514447417415566,0.5913940048347595
3,2,0.5036128791765084,0.5710467356293609
3,2,0.5036128791765084,0.5913940048347595
3,2,0.5036128791765084,0.5913940048347595
3,2,0.5036128791765084,0.5710467356293609
3,2,0.5557810166114607,0.5710467356293609
3,2,0.5036128791765084,0.5710467356293609
3,2,0.5557810166114607,0.5506994664239624
3,2,0.5557810166114607,0.5710467356293609
3,2,0.5557810166114607,0.5710467356293609
3,2,0.5557810166114607,0.5506994664239624
3,2,0.607949154046413,0.5506994664239624
3,2,0.24277219200174738,0.6727830816563536
3,2,0.24277219200174738,0.652435812450955
3,2,0.2949403294366997,0.652435812450955
3,2,0.24277219200174738,0.652435812450955
3,2,0.2949403294366997,0.6320885432455565
3,2,0.2949403294366997,0.652435812450955
3,2,0.2949403294366997,0.652435812450955
3,2,0.2949403294366997,0.6320885432455565
3,2,0.347108466871652,0.6320885432455565
3,2,0.2949403294366997,0.6320885432455565
3,2,0.347108466871652,0.611741274040158
3,2,0.347108466871652,0.6320885432455565
3,2,0.347108466871652,0.6320885432455565
3,2,0.347108466871652,0.611741274040158
3,2,0.3992766043066043,0.611741274040158
3,2,0.347108466871652,0.611741274040158
3,2,0.3992766043066043,0.5913940048347595
3,2,0.3992766043066043,0.611741274040158
3,2,0.3992766043066043,0.611741274040158
3,2,0.3992766043066043,0.5913940048347595
3,2,0.4514447417415566,0.5913940048347595
3,2,0.3992766043066043,0.5913940048347595
3,2,0.45144474174155613,0.5710467356293609
3,2,0.4514447417415566,0.5913940048347595
3,2,0.4514447417415566,0.5913940048347595
3,2,0.45144474174155613,0.5710467356293609
3,2,0.5036128791765084,0.5710467356293609
3,2,0.45144474174155613,0.5710467356293609
3,2,0.5036128791765084,0.5506994664239624
3,2,0.5036128791765084,0.5710467356293609
3,2,0.5036128791765084,0.5710467356293609
3,2,0.5036128791765084,0.5506994664239624
3,2,0.5557810166114607,0.5506994664239624
3,2,0.24277219200174738,0.652435812450955
3,2,0.24277219200174738,0.6320885432455565
3,2,0.2949403294366997,0.6320885432455565
3,2,0.24277219200174738,0.6320885432455565
3,2,0.2949403294366997,0.611741274040158
3,2,0.2949403294366997,0.6320885432455565
3,2,0.2949403294366997,0.6320885432455565
3,2,0.2949403294366997,0.611741274040158
3,2,0.347108466871652,0.611741274040158
3,2,0.2949403294366997,0.611741274040158
3,2,0.347108466871652,0.5913940048347595
3,2,0.347108466871652,0.611741274040158
3,2,0.347108466871652,0.611741274040158
3,2,0.347108466871652,0.5913940048347595
3,2,0.3992766043066043,0.5913940048347595
3,2,0.347108466871652,0.5913940048347595
3,2,0.3992766043066043,0.5710467356293609
3,2,0.3992766043066043,0.5913940048347595
3,2,0.3992766043066043,0.5913940048347595
3,2,0.3992766043066043,0.5710467356293609
3,2,0.45144474174155613,0.5710467356293609
3,2,0.3992766043066043,0.5710467356293609
3,2,0.45144474174155613,0.5506994664239624
3,2,0.45144474174155613,0.5710467356293609
3,2,0.45144474174155613,0.5710467356293609
3,2,0.45144474174155613,0.5506994664239624
3,2,0.5036128791765084,0.5506994664239624
3,2,0.24277219200174738,0.6320885432455565
3,2,0.24277219200174738,0.611741274040158
3,2,0.2949403294366997,0.611741274040158
3,2,0.24277219200174738,0.611741274040158
3,2,0.2949403294366997,0.5913940048347595
3,2,0.2949403294366997,0.611741274040158
3,2,0.2949403294366997,0.611741274040158
3,2,0.2949403294366997,0.5913940048347595
3,2,0.347108466871652,0.5913940048347595
3,2,0.2949403294366997,0.5913940048347595
3,2,0.347108466871652,0.5710467356293609
3,2,0.347108466871652,0.5913940048347595
3,2,0.347108466871652,0.5913940048347595
3,2,0.347108466871652,0.5710467356293609
3,2,0.3992766043066043,0.5710467356293609
3,2,0.347108466871652,0.5710467356293609
3,2,0.3992766043066043,0.5506994664239624
3,2,0.3992766043066043,0.5710467356293609
3,2,0.3992766043066043,0.5710467356293609
3,2,0.3992766043066043,0.5506994664239624
3,2,0.45144474174155613,0.5506994664239624
3,2,0.24277219200174738,0.611741274040158
3,2,0.24277219200174738,0.5913940048347595
3,2,0.2949403294366997,0.5913940048347595
3,2,0.24277219200174738,0.5913940048347595
3,2,0.2949403294366997,0.5710467356293609
3,2,0.2949403294366997,0.5913940048347595
3,2,0.2949403294366997,0.5913940048347595
3,2,0.2949403294366997,0.5710467356293609
3,2,0.347108466871652,0.5710467356293609
3,2,0.2949403294366997,0.5710467356293609
3,2,0.347108466871652,0.5506994664239624
3,2,0.347108466871652,0.5710467356293609
3,2,0.347108466871652,0.5710467356293609
3,2,0.347108466871652,0.5506994664239624
3,2,0.3992766043066043,0.5506994664239624
3,2,0.24277219200174738,0.5913940048347595
3,2,0.24277219200174738,0.5710467356293609
3,2,0.2949403294366997,0.5710467356293609
3,2,0.24277219200174738,0.5710467356293609
3,2,0.2949403294366997,0.5506994664239624
3,2,0.2949403294366997,0.5710467356293609
3,2,0.2949403294366997,0.5710467356293609
3,2,0.2949403294366997,0.5506994664239624
3,2,0.347108466871652,0.5506994664239624
3,2,0.24277219200174738,0.5710467356293609
3,2,0.24277219200174738,0.5506994664239624
3,2,0.2949403294366997,0.5506994664239624
3,2,0.7122854289163176,0.5506994664239624
3,2,0.6601172914813653,0.5506994664239624
3,2,0.6601172914813653,0.5303145170904058
3,2,0.6601172914813653,0.5506994664239624
3,2,0.607949154046413,0.5303145170904058
3,2,0.6601172914813653,0.5303145170904058
3,2,0.6601172914813653,0.5303145170904058
3,2,0.607949154046413,0.5303145170904058
3,2,0.607949154046413,0.5099295677568492
3,2,0.607949154046413,0.5303145170904058
3,2,0.5557810166114607,0.5099295677568492
3,2,0.607949154046413,0.5099295677568492
3,2,0.607949154046413,0.5099295677568492
3,2,0.5557810166114607,0.5099295677568492
3,2,0.5557810166114607,0.48954461842329255
3,2,0.5557810166114607,0.5099295677568492
3,2,0.5036128791765084,0.48954461842329255
3,2,0.5557810166114607,0.48954461842329255
3,2,0.5557810166114607,0.48954461842329255
3,2,0.5036128791765084,0.48954461842329255
3,2,0.5036128791765084,0.46915966908973594
3,2,0.5036128791765084,0.48954461842329255
3,2,0.4514447417415566,0.46915966908973594
3,2,0.5036128791765084,0.46915966908973594
3,2,0.5036128791765084,0.46915966908973594
3,2,0.4514447417415566,0.46915966908973594
3,2,0.45144474174155613,0.44877471975617933
3,2,0.4514447417415566,0.46915966908973594
3,2,0.3992766043066043,0.44877471975617933
3,2,0.45144474174155613,0.44877471975617933
3,2,0.45144474174155613,0.44877471975617933
3,2,0.3992766043066043,0.44877471975617933
3,2,0.3992766043066043,0.4283897704226223
3,2,0.3992766043066043,0.44877471975617933
3,2,0.347108466871652,0.4283897704226223
3,2,0.3992766043066043,0.4283897704226223
3,2,0.3992766043066043,0.4283897704226223
3,2,0.347108466871652,0.4283897704226223
3,2,0.347108466871652,0.40800482108906566
3,2,0.347108466871652,0.4283897704226223
3,2,0.2949403294366997,0.40800482108906566
3,2,0.347108466871652,0.40800482108906566
3,2,0.347108466871652,0.40800482108906566
3,2,0.2949403294366997,0.40800482108906566
3,2,0.2949403294366997,0.38761987175550905
3,2,0.2949403294366997,0.40800482108906566
3,2,0.24277219200174738,0.38761987175550905
3,2,0.2949403294366997,0.38761987175550905
3,2,0.2949403294366997,0.38761987175550905
3,2,0.24277219200174738,0.38761987175550905
3,2,0.24277219200174738,0.36723492242195244
3,2,0.6601172914813653,0.5506994664239624
3,2,0.607949154046413,0.5506994664239624
3,2,0.607949154046413,0.5303145170904058
3,2,0.607949154046413,0.5506994664239624
3,2,0.5557810166114607,0.5303145170904058
3,2,0.607949154046413,0.5303145170904058
3,2,0.607949154046413,0.5303145170904058
3,2,0.5557810166114607,0.5303145170904058
3,2,0.5557810166114607,0.5099295677568492
3,2,0.5557810166114607,0.5303145170904058
3,2,0.5036128791765084,0.5099295677568492
3,2,0.5557810166114607,0.5099295677568492
3,2,0.5557810166114607,0.5099295677568492
3,2,0.5036128791765084,0.5099295677568492
3,2,0.5036128791765084,0.48954461842329255
3,2,0.5036128791765084,0.5099295677568492
3,2,0.4514447417415566,0.48954461842329255
3,2,0.5036128791765084,0.48954461842329255
3,2,0.5036128791765084,0.48954461842329255
3,2,0.4514447417415566,0.48954461842329255
3,2,0.4514447417415566,0.46915966908973594
3,2,0.4514447417415566,0.48954461842329255
3,2,0.3992766043066043,0.46915966908973594
3,2,0.4514447417415566,0.46915966908973594
3,2,0.4514447417415566,0.46915966908973594
3,2,0.3992766043066043,0.46915966908973594
3,2,0.3992766043066043,0.44877471975617933
3,2,0.3992766043066043,0.46915966908973594
3,2,0.347108466871652,0.44877471975617933
3,2,0.3992766043066043,0.44877471975617933
3,2,0.3992766043066043,0.44877471975617933
3,2,0.347108466871652,0.44877471975617933
3,2,0.347108466871652,0.4283897704226223
3,2,0.347108466871652,0.44877471975617933
3,2,0.2949403294366997,0.4283897704226223
3,2,0.347108466871652,0.4283897704226223
3,2,0.347108466871652,0.4283897704226223
3,2,0.2949403294366997,0.4283897704226223
3,2,0.2949403294366997,0.40800482108906566
3,2,0.2949403294366997,0.4283897704226223
3,2,0.24277219200174738,0.40800482108906566
3,2,0.2949403294366997,0.40800482108906566
3,2,0.2949403294366997,0.40800482108906566
3,2,0.24277219200174738,0.40800482108906566
3,2,0.24277219200174738,0.38761987175550905
3,2,0.607949154046413,0.5506994664239624
3,2,0.5557810166114607,0.5506994664239624
3,2,0.5557810166114607,0.5303145170904058
3,2,0.5557810166114607,0.5506994664239624
3,2,0.5036128791765084,0.5303145170904058
3,2,0.5557810166114607,0.5303145170904058
3,2,0.5557810166114607,0.5303145170904058
3,2,0.5036128791765084,0.5303145170904058
3,2,0.5036128791765084,0.5099295677568492
3,2,0.5036128791765084,0.5303145170904058
3,2,0.4514447417415566,0.5099295677568492
3,2,0.5036128791765084,0.5099295677568492
3,2,0.5036128791765084,0.5099295677568492
3,2,0.4514447417415566,0.5099295677568492
3,2,0.4514447417415566,0.48954461842329255
3,2,0.4514447417415566,0.5099295677568492
3,2,0.3992766043066043,0.48954461842329255
3,2,0.4514447417415566,0.48954461842329255
3,2,0.4514447417415566,0.48954461842329255
3,2,0.3992766043066043,0.48954461842329255
3,2,0.3992766043066043,0.46915966908973594
3,2,0.3992766043066043,0.48954461842329255
3,2,0.347108466871652,0.46915966908973594
3,2,0.3992766043066043,0.46915966908973594
3,2,0.3992766043066043,0.46915966908973594
3,2,0.347108466871652,0.46915966908973594
3,2,0.347108466871652,0.44877471975617933
3,2,0.347108466871652,0.46915966908973594
3,2,0.2949403294366997,0.44877471975617933
3,2,0.347108466871652,0.44877471975617933
3,2,0.347108466871652,0.44877471975617933
3,2,0.2949403294366997,0.44877471975617933
3,2,0.2949403294366997,0.4283897704226223
3,2,0.2949403294366997,0.44877471975617933
3,2,0.24277219200174738,0.4283897704226223
3,2,0.2949403294366997,0.4283897704226223
3,2,0.2949403294366997,0.4283897704226223
3,2,0.24277219200174738,0.4283897704226223
3,2,0.24277219200174738,0.40800482108906566
3,2,0.5557810166114607,0.5506994664239624
3,2,0.5036128791765084,0.5506994664239624
3,2,0.5036128791765084,0.5303145170904058
3,2,0.5036128791765084,0.5506994664239624
3,2,0.4514447417415566,0.5303145170904058
3,2,0.5036128791765084,0.5303145170904058
3,2,0.5036128791765084,0.5303145170904058
3,2,0.4514447417415566,0.5303145170904058
3,2,0.4514447417415566,0.5099295677568492
3,2,0.4514447417415566,0.5303145170904058
3,2,0.3992766043066043,0.5099295677568492
3,2,0.4514447417415566,0.5099295677568492
3,2,0.4514447417415566,0.5099295677568492
3,2,0.3992766043066043,0.5099295677568492
3,2,0.3992766043066043,0.48954461842329255
3,2,0.3992766043066043,0.5099295677568492
3,2,0.347108466871652,0.48954461842329255
3,2,0.3992766043066043,0.48954461842329255
3,2,0.3992766043066043,0.48954461842329255
3,2,0.347108466871652,0.48954461842329255
3,2,0.347108466871652,0.46915966908973594
3,2,0.347108466871652,0.48954461842329255
3,2,0.2949403294366997,0.46915966908973594
3,2,0.347108466871652,0.46915966908973594
3,2,0.347108466871652,0.46915966908973594
3,2,0.2949403294366997,0.46915966908973594
3,2,0.2949403294366997,0.44877471975617933
3,2,0.2949403294366997,0.46915966908973594
3,2,0.24277219200174738,0.44877471975617933
3,2,0.2949403294366997,0.44877471975617933
3,2,0.2949403294366997,0.44877471975617933
3,2,0.24277219200174738,0.44877471975617933
3,2,0.24277219200174738,0.4283897704226223
3,2,0.5036128791765084,0.5506994664239624
3,2,0.45144474174155613,0.5506994664239624
3,2,0.4514447417415566,0.5303145170904058
3,2,0.45144474174155613,0.5506994664239624
3,2,0.3992766043066043,0.5303145170904058
3,2,0.4514447417415566,0.5303145170904058
3,2,0.4514447417415566,0.5303145170904058
3,2,0.3992766043066043,0.5303145170904058
3,2,0.3992766043066043,0.5099295677568492
3,2,0.3992766043066043,0.5303145170904058
3,2,0.347108466871652,0.5099295677568492
3,2,0.3992766043066043,0.5099295677568492
3,2,0.3992766043066043,0.5099295677568492
3,2,0.347108466871652,0.5099295677568492
3,2,0.347108466871652,0.48954461842329255
3,2,0.347108466871652,0.5099295677568492
3,2,0.2949403294366997,0.48954461842329255
3,2,0.347108466871652,0.48954461842329255
3,2,0.347108466871652,0.48954461842329255
3,2,0.2949403294366997,0.48954461842329255
3,2,0.2949403294366997,0.46915966908973594
3,2,0.2949403294366997,0.48954461842329255
3,2,0.24277219200174738,0.46915966908973594
3,2,0.2949403294366997,0.46915966908973594
3,2,0.2949403294366997,0.46915966908973594
3,2,0.24277219200174738,0.46915966908973594
3,2,0.24277219200174738,0.44877471975617933
3,2,0.45144474174155613,0.5506994664239624
3,2,0.3992766043066043,0.5506994664239624
3,2,0.3992766043066043,0.5303145170904058
3,2,0.3992766043066043,0.5506994664239624
3,2,0.347108466871652,0.5303145170904058
3,2,0.3992766043066043,0.5303145170904058
3,2,0.3992766043066043,0.5303145170904058
3,2,0.347108466871652,0.5303145170904058
3,2,0.347108466871652,0.5099295677568492
3,2,0.347108466871652,0.5303145170904058
3,2,0.2949403294366997,0.5099295677568492
3,2,0.347108466871652,0.5099295677568492
3,2,0.347108466871652,0.5099295677568492
3,2,0.2949403294366997,0.5099295677568492
3,2,0.2949403294366997,0.48954461842329255
3,2,0.2949403294366997,0.5099295677568492
3,2,0.24277219200174738,0.48954461842329255
3,2,0.2949403294366997,0.48954461842329255
3,2,0.2949403294366997,0.48954461842329255
3,2,0.24277219200174738,0.48954461842329255
3,2,0.24277219200174738,0.46915966908973594
3,2,0.3992766043066043,0.5506994664239624
3,2,0.347108466871652,0.5506994664239624
3,2,0.347108466871652,0.5303145170904058
3,2,0.347108466871652,0.5506994664239624
3,2,0.2949403294366997,0.5303145170904058
3,2,0.347108466871652,0.5303145170904058
3,2,0.347108466871652,0.5303145170904058
3,2,0.2949403294366997,0.5303145170904058
3,2,0.2949403294366997,0.5099295677568492
3,2,0.2949403294366997,0.5303145170904058
3,2,0.24277219200174738,0.5099295677568492
3,2,0.2949403294366997,0.5099295677568492
3,2,0.2949403294366997,0.5099295677568492
3,2,0.24277219200174738,0.5099295677568492
3,2,0.24277219200174738,0.48954461842329255
3,2,0.347108466871652,0.5506994664239624
3,2,0.2949403294366997,0.5506994664239624
3,2,0.2949403294366997,0.5303145170904058
3,2,0.2949403294366997,0.5506994664239624
3,2,0.24277219200174738,0.5303145170904058
3,2,0.2949403294366997,0.5303145170904058
3,2,0.2949403294366997,0.5303145170904058
3,2,0.24277219200174738,0.5303145170904058
3,2,0.24277219200174738,0.5099295677568492
3,2,0.2949403294366997,0.5506994664239624
3,2,0.24277219200174738,0.5506994664239624
3,2,0.24277219200174738,0.5303145170904058
3,2,0.24277219200174738,0.36723492242195244
3,2,0.2949403294366997,0.36723492242195244
3,2,0.2949403294366997,0.38761987175550905
3,2,0.2949403294366997,0.36723492242195244
3,2,0.347108466871652,0.38761987175550905
3,2,0.2949403294366997,0.38761987175550905
3,2,0.2949403294366997,0.38761987175550905
3,2,0.347108466871652,0.38761987175550905
3,2,0.347108466871652,0.40800482108906566
3,2,0.347108466871652,0.38761987175550905
3,2,0.3992766043066043,0.40800482108906566
3,2,0.347108466871652,0.40800482108906566
3,2,0.347108466871652,0.40800482108906566
3,2,0.3992766043066043,0.40800482108906566
3,2,0.3992766043066043,0.4283897704226223
3,2,0.3992766043066043,0.40800482108906566
3,2,0.45144474174155613,0.4283897704226223
3,2,0.3992766043066043,0.4283897704226223
3,2,0.3992766043066043,0.4283897704226223
3,2,0.45144474174155613,0.4283897704226223
3,2,0.45144474174155613,0.44877471975617933
3,2,0.45144474174155613,0.4283897704226223
3,2,0.5036128791765084,0.44877471975617933
3,2,0.45144474174155613,0.44877471975617933
3,2,0.45144474174155613,0.44877471975617933
3,2,0.5036128791765084,0.44877471975617933
3,2,0.5036128791765084,0.46915966908973594
3,2,0.5036128791765084,0.44877471975617933
3,2,0.5557810166114607,0.46915966908973594
3,2,0.5036128791765084,0.46915966908973594
3,2,0.5036128791765084,0.46915966908973594
3,2,0.5557810166114607,0.46915966908973594
3,2,0.5557810166114607,0.48954461842329255
3,2,0.5557810166114607,0.46915966908973594
3,2,0.607949154046413,0.48954461842329255
3,2,0.5557810166114607,0.48954461842329255
3,2,0.5557810166114607,0.48954461842329255
3,2,0.607949154046413,0.48954461842329255
3,2,0.607949154046413,0.5099295677568492
3,2,0.607949154046413,0.48954461842329255
3,2,0.6601172914813653,0.5099295677568492
3,2,0.607949154046413,0.5099295677568492
3,2,0.607949154046413,0.5099295677568492
3,2,0.6601172914813653,0.5099295677568492
3,2,0.6601172914813653,0.5303145170904058
3,2,0.6601172914813653,0.5099295677568492
3,2,0.7122854289163176,0.5303145170904058
3,2,0.6601172914813653,0.5303145170904058
3,2,0.6601172914813653,0.5303145170904058
3,2,0.7122854289163176,0.5303145170904058
3,2,0.7122854289163176,0.5506994664239624
3,2,0.2949403294366997,0.36723492242195244
3,2,0.347108466871652,0.36723492242195244
3,2,0.347108466871652,0.38761987175550905
3,2,0.347108466871652,0.36723492242195244
3,2,0.3992766043066043,0.38761987175550905
3,2,0.347108466871652,0.38761987175550905
3,2,0.347108466871652,0.38761987175550905
3,2,0.3992766043066043,0.38761987175550905
3,2,0.3992766043066043,0.40800482108906566
3,2,0.3992766043066043,0.38761987175550905
3,2,0.45144474174155613,0.40800482108906566
3,2,0.3992766043066043,0.40800482108906566
3,2,0.3992766043066043,0.40800482108906566
3,2,0.45144474174155613,0.40800482108906566
3,2,0.45144474174155613,0.4283897704226223
3,2,0.45144474174155613,0.40800482108906566
3,2,0.5036128791765084,0.4283897704226223
3,2,0.45144474174155613,0.4283897704226223
3,2,0.45144474174155613,0.4283897704226223
3,2,0.5036128791765084,0.4283897704226223
3,2,0.5036128791765084,0.44877471975617933
3,2,0.5036128791765084,0.4283897704226223
3,2,0.5557810166114607,0.44877471975617933
3,2,0.5036128791765084,0.44877471975617933
3,2,0.5036128791765084,0.44877471975617933
3,2,0.5557810166114607,0.44877471975617933
3,2,0.5557810166114607,0.46915966908973594
3,2,0.5557810166114607,0.44877471975617933
3,2,0.607949154046413,0.46915966908973594
3,2,0.5557810166114607,0.46915966908973594
3,2,0.5557810166114607,0.46915966908973594
3,2,0.607949154046413,0.46915966908973594
3,2,0.607949154046413,0.48954461842329255
3,2,0.607949154046413,0.46915966908973594
3,2,0.6601172914813653,0.48954461842329255
3,2,0.607949154046413,0.48954461842329255
3,2,0.607949154046413,0.48954461842329255
3,2,0.6601172914813653,0.48954461842329255
3,2,0.6601172914813653,0.5099295677568492
3,2,0.6601172914813653,0.48954461842329255
3,2,0.7122854289163176,0.5099295677568492
3,2,0.6601172914813653,0.5099295677568492
3,2,0.6601172914813653,0.5099295677568492
3,2,0.7122854289163176,0.5099295677568492
3,2,0.7122854289163176,0.5303145170904058
3,2,0.347108466871652,0.36723492242195244
3,2,0.3992766043066043,0.36723492242195244
3,2,0.3992766043066043,0.38761987175550905
3,2,0.3992766043066043,0.36723492242195244
3,2,0.45144474174155613,0.38761987175550905
3,2,0.3992766043066043,0.38761987175550905
3,2,0.3992766043066043,0.38761987175550905
3,2,0.45144474174155613,0.38761987175550905
3,2,0.45144474174155613,0.40800482108906566
3,2,0.45144474174155613,0.38761987175550905
3,2,0.5036128791765084,0.40800482108906566
3,2,0.45144474174155613,0.40800482108906566
3,2,0.45144474174155613,0.40800482108906566
3,2,0.5036128791765084,0.40800482108906566
3,2,0.5036128791765084,0.4283897704226223
3,2,0.5036128791765084,0.40800482108906566
3,2,0.5557810166114607,0.4283897704226223
3,2,0.5036128791765084,0.4283897704226223
3,2,0.5036128791765084,0.4283897704226223
3,2,0.5557810166114607,0.4283897704226223
3,2,0.5557810166114607,0.44877471975617933
3,2,0.5557810166114607,0.4283897704226223
3,2,0.607949154046413,0.44877471975617933
3,2,0.5557810166114607,0.44877471975617933
3,2,0.5557810166114607,0.44877471975617933
3,2,0.607949154046413,0.44877471975617933
3,2,0.607949154046413,0.46915966908973594
3,2,0.607949154046413,0.44877471975617933
3,2,0.6601172914813653,0.46915966908973594
3,2,0.607949154046413,0.46915966908973594
3,2,0.607949154046413,0.46915966908973594
3,2,0.6601172914813653,0.46915966908973594
3,2,0.6601172914813653,0.48954461842329255
3,2,0.6601172914813653,0.46915966908973594
3,2,0.7122854289163176,0.48954461842329255
3,2,0.6601172914813653,0.48954461842329255
3,2,0.6601172914813653,0.48954461842329255
3,2,0.7122854289163176,0.48954461842329255
3,2,0.7122854289163176,0.5099295677568492
3,2,0.3992766043066043,0.36723492242195244
3,2,0.45144474174155613,0.36723492242195244
3,2,0.45144474174155613,0.38761987175550905
3,2,0.45144474174155613,0.36723492242195244
3,2,0.5036128791765084,0.38761987175550905
3,2,0.45144474174155613,0.38761987175550905
3,2,0.45144474174155613,0.38761987175550905
3,2,0.5036128791765084,0.38761987175550905
3,2,0.5036128791765084,0.40800482108906566
3,2,0.5036128791765084,0.38761987175550905
3,2,0.5557810166114607,0.40800482108906566
3,2,0.5036128791765084,0.40800482108906566
3,2,0.5036128791765084,0.40800482108906566
3,2,0.5557810166114607,0.40800482108906566
3,2,0.5557810166114607,0.4283897704226223
3,2,0.5557810166114607,0.40800482108906566
3,2,0.607949154046413,0.4283897704226223
3,2,0.5557810166114607,0.4283897704226223
3,2,0.5557810166114607,0.4283897704226223
3,2,0.607949154046413,0.4283897704226223
3,2,0.607949154046413,0.44877471975617933
3,2,0.607949154046413,0.4283897704226223
3,2,0.6601172914813653,0.44877471975617933
3,2,0.607949154046413,0.44877471975617933
3,2,0.607949154046413,0.44877471975617933
3,2,0.6601172914813653,0.44877471975617933
3,2,0.6601172914813653,0.46915966908973594
3,2,0.6601172914813653,0.44877471975617933
3,2,0.7122854289163176,0.46915966908973594
3,2,0.6601172914813653,0.46915966908973594
3,2,0.6601172914813653,0.46915966908973594
3,2,0.7122854289163176,0.46915966908973594
3,2,0.7122854289163176,0.48954461842329255
3,2,0.45144474174155613,0.36723492242195244
3,2,0.5036128791765084,0.36723492242195244
3,2,0.5036128791765084,0.38761987175550905
3,2,0.5036128791765084,0.36723492242195244
3,2,0.5557810166114607,0.38761987175550905
3,2,0.5036128791765084,0.38761987175550905
3,2,0.5036128791765084,0.38761987175550905
3,2,0.5557810166114607,0.38761987175550905
3,2,0.5557810166114607,0.40800482108906566
3,2,0.5557810166114607,0.38761987175550905
3,2,0.607949154046413,0.40800482108906566
3,2,0.5557810166114607,0.40800482108906566
3,2,0.5557810166114607,0.40800482108906566
3,2,0.607949154046413,0.40800482108906566
3,2,0.607949154046413,0.4283897704226223
3,2,0.607949154046413,0.40800482108906566
3,2,0.6601172914813653,0.4283897704226223
3,2,0.607949154046413,0.4283897704226223
3,2,0.607949154046413,0.4283897704226223
3,2,0.6601172914813653,0.4283897704226223
3,2,0.6601172914813653,0.44877471975617933
3,2,0.6601172914813653,0.4283897704226223
3,2,0.7122854289163176,0.44877471975617933
3,2,0.6601172914813653,0.44877471975617933
3,2,0.6601172914813653,0.44877471975617933
3,2,0.7122854289163176,0.44877471975617933
3,2,0.7122854289163176,0.46915966908973594
3,2,0.5036128791765084,0.36723492242195244
3,2,0.5557810166114607,0.36723492242195244
3,2,0.5557810166114607,0.38761987175550905
3,2,0.5557810166114607,0.36723492242195244
3,2,0.607949154046413,0.38761987175550905
3,2,0.5557810166114607,0.38761987175550905
3,2,0.5557810166114607,0.38761987175550905
3,2,0.607949154046413,0.38761987175550905
3,2,0.607949154046413,0.40800482108906566
3,2,0.607949154046413,0.38761987175550905
3,2,0.6601172914813653,0.40800482108906566
3,2,0.607949154046413,0.40800482108906566
3,2,0.607949154046413,0.40800482108906566
3,2,0.6601172914813653,0.40800482108906566
3,2,0.6601172914813653,0.4283897704226223
3,2,0.6601172914813653,0.40800482108906566
3,2,0.7122854289163176,0.4283897704226223
3,2,0.6601172914813653,0.4283897704226223
3,2,0.6601172914813653,0.4283897704226223
3,2,0.7122854289163176,0.4283897704226223
3,2,0.7122854289163176,0.44877471975617933
3,2,0.5557810166114607,0.36723492242195244
3,2,0.607949154046413,0.36723492242195244
3,2,0.607949154046413,0.38761987175550905
3,2,0.607949154046413,0.36723492242195244
3,2,0.6601172914813653,0.38761987175550905
3,2,0.607949154046413,0.38761987175550905
3,2,0.607949154046413,0.38761987175550905
3,2,0.6601172914813653,0.38761987175550905
3,2,0.6601172914813653,0.40800482108906566
3,2,0.6601172914813653,0.38761987175550905
3,2,0.7122854289163176,0.40800482108906566
3,2,0.6601172914813653,0.40800482108906566
3,2,0.6601172914813653,0.40800482108906566
3,2,0.7122854289163176,0.40800482108906566
3,2,0.7122854289163176,0.4283897704226223
3,2,0.607949154046413,0.36723492242195244
3,2,0.6601172914813653,0.36723492242195244
3,2,0.6601172914813653,0.38761987175550905
3,2,0.6601172914813653,0.36723492242195244
3,2,0.7122854289163176,0.38761987175550905
3,2,0.6601172914813653,0.38761987175550905
3,2,0.6601172914813653,0.38761987175550905
3,2,0.7122854289163176,0.38761987175550905
3,2,0.7122854289163176,0.40800482108906566
3,2,0.6601172914813653,0.36723492242195244
3,2,0.7122854289163176,0.36723492242195244
3,2,0.7122854289163176,0.38761987175550905
3,2,0.5,0.1499999999999999
3,2,0.3587396521883339,0.010637376413325406
3,2,0.3587396521883339,0.2893626235866744
3,2,0.6412603478116661,0.010637376413325406
3,2,0.6412603478116661,0.2893626235866744
3,2,0.7333142050003105,0.20240175952577122
3,2,0.7333142050003105,0.2240558384927831
3,2,0.6781328677452563,0.2240558384927831
3,2,0.7333142050003105,0.2240558384927831
3,2,0.6781328677452558,0.24570991745979542
3,2,0.6781328677452563,0.2240558384927831
3,2,0.6781328677452563,0.2240558384927831
3,2,0.6781328677452558,0.24570991745979542
3,2,0.6229515304902016,0.24570991745979542
3,2,0.6781328677452558,0.24570991745979542
3,2,0.6229515304902016,0.2673639964268073
3,2,0.6229515304902016,0.24570991745979542
3,2,0.6229515304902016,0.24570991745979542
3,2,0.6229515304902016,0.2673639964268073
3,2,0.5677701932351473,0.2673639964268073
3,2,0.6229515304902016,0.2673639964268073
3,2,0.5677701932351473,0.2890180753938192
3,2,0.5677701932351473,0.2673639964268073
3,2,0.5677701932351473,0.2673639964268073
3,2,0.5677701932351473,0.2890180753938192
3,2,0.5125888559800926,0.2890180753938192
3,2,0.5677701932351473,0.2890180753938192
3,2,0.5125888559800926,0.31067215436083107
3,2,0.5125888559800926,0.2890180753938192
3,2,0.5125888559800926,0.2890180753938192
3,2,0.5125888559800926,0.31067215436083107
3,2,0.4574075187250384,0.31067215436083107
3,2,0.5125888559800926,0.31067215436083107
3,2,0.4574075187250384,0.33232623332784295
3,2,0.4574075187250384,0.31067215436083107
3,2,0.4574075187250384,0.31067215436083107
3,2,0.4574075187250384,0.33232623332784295
3,2,0.4022261814699841,0.33232623332784295
3,2,0.4574075187250384,0.33232623332784295
3,2,0.4022261814699841,0.3539803122948548
3,2,0.4022261814699841,0.33232623332784295
3,2,0.4022261814699841,0.33232623332784295
3,2,0.4022261814699841,0.3539803122948548
3,2,0.3470448442149294,0.35398031229485527
3,2,0.4022261814699841,0.3539803122948548
3,2,0.3470448442149294,0.37563439126186715
3,2,0.3470448442149294,0.35398031229485527
3,2,0.3470448442149294,0.35398031229485527
3,2,0.3470448442149294,0.37563439126186715
3,2,0.2918635069598752,0.37563439126186715
3,2,0.7333142050003105,0.2240558384927831
3,2,0.7333142050003105,0.24570991745979542
3,2,0.6781328677452558,0.24570991745979542
3,2,0.7333142050003105,0.24570991745979542
3,2,0.6781328677452563,0.2673639964268073
3,2,0.6781328677452558,0.24570991745979542
3,2,0.6781328677452558,0.24570991745979542
3,2,0.6781328677452563,0.2673639964268073
3,2,0.6229515304902016,0.2673639964268073
3,2,0.6781328677452563,0.2673639964268073
3,2,0.6229515304902016,0.2890180753938192
3,2,0.6229515304902016,0.2673639964268073
3,2,0.6229515304902016,0.2673639964268073
3,2,0.6229515304902016,0.2890180753938192
3,2,0.5677701932351473,0.2890180753938192
3,2,0.6229515304902016,0.2890180753938192
3,2,0.5677701932351473,0.31067215436083107
3,2,0.5677701932351473,0.2890180753938192
3,2,0.5677701932351473,0.2890180753938192
3,2,0.5677701932351473,0.31067215436083107
3,2,0.5125888559800926,0.31067215436083107
3,2,0.5677701932351473,0.31067215436083107
3,2,0.5125888559800926,0.33232623332784295
3,2,0.5125888559800926,0.31067215436083107
3,2,0.5125888559800926,0.31067215436083107
3,2,0.5125888559800926,0.33232623332784295
3,2,0.4574075187250384,0.33232623332784295
3,2,0.5125888559800926,0.33232623332784295
3,2,0.4574075187250384,0.35398031229485527
3,2,0.4574075187250384,0.33232623332784295
3,2,0.4574075187250384,0.33232623332784295
3,2,0.4574075187250384,0.35398031229485527
3,2,0.4022261814699841,0.3539803122948548
3,2,0.4574075187250384,0.35398031229485527
3,2,0.4022261814699841,0.37563439126186715
3,2,0.4022261814699841,0.3539803122948548
3,2,0.4022261814699841,0.3539803122948548
3,2,0.4022261814699841,0.37563439126186715
3,2,0.3470448442149294,0.37563439126186715
3,2,0.7333142050003105,0.24570991745979542
3,2,0.7333142050003105,0.2673639964268073
3,2,0.6781328677452563,0.2673639964268073
3,2,0.7333142050003105,0.2673639964268073
3,2,0.6781328677452558,0.2890180753938192
3,2,0.6781328677452563,0.2673639964268073
3,2,0.6781328677452563,0.2673639964268073
3,2,0.6781328677452558,0.2890180753938192
3,2,0.6229515304902016,0.2890180753938192
3,2,0.6781328677452558,0.2890180753938192
3,2,0.6229515304902016,0.31067215436083107
3,2,0.6229515304902016,0.2890180753938192
3,2,0.6229515304902016,0.2890180753938192
3,2,0.6229515304902016,0.31067215436083107
3,2,0.5677701932351473,0.31067215436083107
3,2,0.6229515304902016,0.31067215436083107
3,2,0.5677701932351473,0.33232623332784295
3,2,0.5677701932351473,0.31067215436083107
3,2,0.5677701932351473,0.31067215436083107
3,2,0.5677701932351473,0.33232623332784295
3,2,0.5125888559800926,0.33232623332784295
3,2,0.5677701932351473,0.33232623332784295
3,2,0.5125888559800926,0.35398031229485527
3,2,0.5125888559800926,0.33232623332784295
3,2,0.5125888559800926,0.33232623332784295
3,2,0.5125888559800926,0.35398031229485527
3,2,0.4574075187250384,0.35398031229485527
3,2,0.5125888559800926,0.35398031229485527
3,2,0.4574075187250384,0.37563439126186715
3,2,0.4574075187250384,0.35398031229485527
3,2,0.4574075187250384,0.35398031229485527
3,2,0.4574075187250384,0.37563439126186715
3,2,0.4022261814699841,0.37563439126186715
3,2,0.7333142050003105,0.2673639964268073
3,2,0.7333142050003105,0.2890180753938192
3,2,0.6781328677452558,0.2890180753938192
3,2,0.7333142050003105,0.2890180753938192
3,2,0.6781328677452558,0.31067215436083107
3,2,0.6781328677452558,0.2890180753938192
3,2,0.6781328677452558,0.2890180753938192
3,2,0.6781328677452558,0.31067215436083107
3,2,0.6229515304902016,0.31067215436083107
3,2,0.6781328677452558,0.31067215436083107
3,2,0.6229515304902016,0.33232623332784295
3,2,0.6229515304902016,0.31067215436083107
3,2,0.6229515304902016,0.31067215436083107
3,2,0.6229515304902016,0.33232623332784295
3,2,0.5677701932351473,0.33232623332784295
3,2,0.6229515304902016,0.33232623332784295
3,2,0.5677701932351473,0.35398031229485527
3,2,0.5677701932351473,0.33232623332784295
3,2,0.5677701932351473,0.33232623332784295
3,2,0.5677701932351473,0.35398031229485527
3,2,0.5125888559800926,0.35398031229485527
3,2,0.5677701932351473,0.35398031229485527
3,2,0.5125888559800926,0.37563439126186715
3,2,0.5125888559800926,0.35398031229485527
3,2,0.5125888559800926,0.35398031229485527
3,2,0.5125888559800926,0.37563439126186715
3,2,0.4574075187250384,0.37563439126186715
3,2,0.7333142050003105,0.2890180753938192
3,2,0.7333142050003105,0.31067215436083107
3,2,0.6781328677452558,0.31067215436083107
3,2,0.7333142050003105,0.31067215436083107
3,2,0.6781328677452563,0.33232623332784295
3,2,0.6781328677452558,0.31067215436083107
3,2,0.6781328677452558,0.31067215436083107
3,2,0.6781328677452563,0.33232623332784295
3,2,0.6229515304902016,0.33232623332784295
3,2,0.6781328677452563,0.33232623332784295
3,2,0.6229515304902016,0.35398031229485527
3,2,0.6229515304902016,0.33232623332784295
3,2,0.6229515304902016,0.33232623332784295
3,2,0.6229515304902016,0.35398031229485527
3,2,0.5677701932351473,0.35398031229485527
3,2,0.6229515304902016,0.35398031229485527
3,2,0.5677701932351473,0.37563439126186715
3,2,0.5677701932351473,0.35398031229485527
3,2,0.5677701932351473,0.35398031229485527
3,2,0.5677701932351473,0.37563439126186715
3,2,0.5125888559800926,0.37563439126186715
3,2,0.7333142050003105,0.31067215436083107
3,2,0.7333142050003105,0.33232623332784295
3,2,0.6781328677452563,0.33232623332784295
3,2,0.7333142050003105,0.33232623332784295
3,2,0.6781328677452558,0.35398031229485527
3,2,0.6781328677452563,0.33232623332784295
3,2,0.6781328677452563,0.33232623332784295
3,2,0.6781328677452558,0.35398031229485527
3,2,0.6229515304902016,0.35398031229485527
3,2,0.6781328677452558,0.35398031229485527
3,2,0.6229515304902016,0.37563439126186715
3,2,0.6229515304902016,0.35398031229485527
3,2,0.6229515304902016,0.35398031229485527
3,2,0.6229515304902016,0.37563439126186715
3,2,0.5677701932351473,0.37563439126186715
3,2,0.7333142050003105,0.33232623332784295
3,2,0.7333142050003105,0.3539803122948548
3,2,0.6781328677452558,0.35398031229485527
3,2,0.7333142050003105,0.3539803122948548
3,2,0.6781328677452563,0.37563439126186715
3,2,0.6781328677452558,0.35398031229485527
3,2,0.6781328677452558,0.35398031229485527
3,2,0.6781328677452563,0.37563439126186715
3,2,0.6229515304902016,0.37563439126186715
3,2,0.7333142050003105,0.3539803122948548
3,2,0.7333142050003105,0.37563439126186715
3,2,0.6781328677452563,0.37563439126186715
3,2,0.2918635069598752,0.37563439126186715
3,2,0.2918635069598752,0.35398031229485527
3,2,0.3470448442149294,0.35398031229485527
3,2,0.2918635069598752,0.35398031229485527
3,2,0.3470448442149294,0.33232623332784295
3,2,0.3470448442149294,0.35398031229485527
3,2,0.3470448442149294,0.35398031229485527
3,2,0.3470448442149294,0.33232623332784295
3,2,0.4022261814699841,0.33232623332784295
3,2,0.3470448442149294,0.33232623332784295
3,2,0.4022261814699841,0.31067215436083107
3,2,0.4022261814699841,0.33232623332784295
3,2,0.4022261814699841,0.33232623332784295
3,2,0.4022261814699841,0.31067215436083107
3,2,0.4574075187250384,0.31067215436083107
3,2,0.4022261814699841,0.31067215436083107
3,2,0.4574075187250384,0.2890180753938192
3,2,0.4574075187250384,0.31067215436083107
3,2,0.4574075187250384,0.31067215436083107
3,2,0.4574075187250384,0.2890180753938192
3,2,0.5125888559800926,0.2890180753938192
3,2,0.4574075187250384,0.2890180753938192
3,2,0.5125888559800926,0.2673639964268073
3,2,0.5125888559800926,0.2890180753938192
3,2,0.5125888559800926,0.2890180753938192
3,2,0.5125888559800926,0.2673639964268073
3,2,0.5677701932351473,0.2673639964268073
3,2,0.5125888559800926,0.2673639964268073
3,2,0.5677701932351473,0.24570991745979542
3,2,0.5677701932351473,0.2673639964268073
3,2,0.5677701932351473,0.2673639964268073
3,2,0.5677701932351473,0.24570991745979542
3,2,0.6229515304902016,0.24570991745979542
3,2,0.5677701932351473,0.24570991745979542
3,2,0.6229515304902016,0.2240558384927831
3,2,0.6229515304902016,0.24570991745979542
3,2,0.6229515304902016,0.24570991745979542
3,2,0.6229515304902016,0.2240558384927831
3,2,0.6781328677452563,0.2240558384927831
3,2,0.6229515304902016,0.2240558384927831
3,2,0.6781328677452563,0.20240175952577122
3,2,0.6781328677452563,0.2240558384927831
3,2,0.6781328677452563,0.2240558384927831
3,2,0.6781328677452563,0.20240175952577122
3,2,0.7333142050003105,0.20240175952577122
3,2,0.2918635069598752,0.35398031229485527
3,2,0.2918635069598752,0.33232623332784295
3,2,0.3470448442149294,0.33232623332784295
3,2,0.2918635069598752,0.33232623332784295
3,2,0.3470448442149294,0.31067215436083107
3,2,0.3470448442149294,0.33232623332784295
3,2,0.3470448442149294,0.33232623332784295
3,2,0.3470448442149294,0.31067215436083107
3,2,0.4022261814699841,0.31067215436083107
3,2,0.3470448442149294,0.31067215436083107
3,2,0.4022261814699841,0.2890180753938192
3,2,0.4022261814699841,0.31067215436083107
3,2,0.4022261814699841,0.31067215436083107
3,2,0.4022261814699841,0.2890180753938192
3,2,0.4574075187250384,0.2890180753938192
3,2,0.4022261814699841,0.2890180753938192
3,2,0.4574075187250384,0.2673639964268073
3,2,0.4574075187250384,0.2890180753938192
3,2,0.4574075187250384,0.2890180753938192
3,2,0.4574075187250384,0.2673639964268073
3,2,0.5125888559800926,0.2673639964268073
3,2,0.4574075187250384,0.2673639964268073
3,2,0.5125888559800926,0.24570991745979542
3,2,0.5125888559800926,0.2673639964268073
3,2,0.5125888559800926,0.2673639964268073
3,2,0.5125888559800926,0.24570991745979542
3,2,0.5677701932351473,0.24570991745979542
3,2,0.5125888559800926,0.24570991745979542
3,2,0.5677701932351473,0.2240558384927831
3,2,0.5677701932351473,0.24570991745979542
3,2,0.5677701932351473,0.24570991745979542
3,2,0.5677701932351473,0.2240558384927831
3,2,0.6229515304902016,0.2240558384927831
3,2,0.5677701932351473,0.2240558384927831
3,2,0.6229515304902016,0.20240175952577122
3,2,0.6229515304902016,0.2240558384927831
3,2,0.6229515304902016,0.2240558384927831
3,2,0.6229515304902016,0.20240175952577122
3,2,0.6781328677452563,0.20240175952577122
3,2,0.2918635069598752,0.33232623332784295
3,2,0.2918635069598752,0.31067215436083107
3,2,0.3470448442149294,0.31067215436083107
3,2,0.2918635069598752,0.31067215436083107
3,2,0.3470448442149294,0.2890180753938192
3,2,0.3470448442149294,0.31067215436083107
3,2,0.3470448442149294,0.31067215436083107
3,2,0.3470448442149294,0.2890180753938192
3,2,0.4022261814699841,0.2890180753938192
3,2,0.3470448442149294,0.2890180753938192
3,2,0.4022261814699841,0.2673639964268073
3,2,0.4022261814699841,0.2890180753938192
3,2,0.4022261814699841,0.2890180753938192
3,2,0.4022261814699841,0.2673639964268073
3,2,0.4574075187250384,0.2673639964268073
3,2,0.4022261814699841,0.2673639964268073
3,2,0.4574075187250384,0.24570991745979542
3,2,0.4574075187250384,0.2673639964268073
3,2,0.4574075187250384,0.2673639964268073
3,2,0.4574075187250384,0.24570991745979542
3,2,0.5125888559800926,0.24570991745979542
3,2,0.4574075187250384,0.24570991745979542
3,2,0.5125888559800926,0.2240558384927831
3,2,0.5125888559800926,0.24570991745979542
3,2,0.5125888559800926,0.24570991745979542
3,2,0.5125888559800926,0.2240558384927831
3,2,0.5677701932351473,0.2240558384927831
3,2,0.5125888559800926,0.2240558384927831
3,2,0.5677701932351473,0.20240175952577122
3,2,0.5677701932351473,0.2240558384927831
3,2,0.5677701932351473,0.2240558384927831
3,2,0.5677701932351473,0.20240175952577122
3,2,0.6229515304902016,0.20240175952577122
3,2,0.2918635069598752,0.31067215436083107
3,2,0.2918635069598752,0.2890180753938192
3,2,0.3470448442149294,0.2890180753938192
3,2,0.2918635069598752,0.2890180753938192
3,2,0.3470448442149294,0.2673639964268073
3,2,0.3470448442149294,0.2890180753938192
3,2,0.3470448442149294,0.2890180753938192
3,2,0.3470448442149294,0.2673639964268073
3,2,0.4022261814699841,0.2673639964268073
3,2,0.3470448442149294,0.2673639964268073
3,2,0.4022261814699841,0.24570991745979542
3,2,0.4022261814699841,0.2673639964268073
3,2,0.4022261814699841,0.2673639964268073
3,2,0.4022261814699841,0.24570991745979542
3,2,0.4574075187250384,0.24570991745979542
3,2,0.4022261814699841,0.24570991745979542
3,2,0.4574075187250384,0.2240558384927831
3,2,0.4574075187250384,0.24570991745979542
3,2,0.4574075187250384,0.24570991745979542
3,2,0.4574075187250384,0.2240558384927831
3,2,0.5125888559800926,0.2240558384927831
3,2,0.4574075187250384,0.2240558384927831
3,2,0.5125888559800926,0.20240175952577122
3,2,0.5125888559800926,0.2240558384927831
3,2,0.5125888559800926,0.2240558384927831
3,2,0.5125888559800926,0.20240175952577122
3,2,0.5677701932351473,0.20240175952577122
3,2,0.2918635069598752,0.2890180753938192
3,2,0.2918635069598752,0.2673639964268073
3,2,0.3470448442149294,0.2673639964268073
3,2,0.2918635069598752,0.2673639964268073
3,2,0.3470448442149294,0.24570991745979542
3,2,0.3470448442149294,0.2673639964268073
3,2,0.3470448442149294,0.2673639964268073
3,2,0.3470448442149294,0.24570991745979542
3,2,0.4022261814699841,0.24570991745979542
3,2,0.3470448442149294,0.24570991745979542
3,2,0.4022261814699841,0.2240558384927831
3,2,0.4022261814699841,0.24570991745979542
3,2,0.4022261814699841,0.24570991745979542
3,2,0.4022261814699841,0.2240558384927831
3,2,0.4574075187250384,0.2240558384927831
3,2,0.4022261814699841,0.2240558384927831
3,2,0.4574075187250384,0.20240175952577122
3,2,0.4574075187250384,0.2240558384927831
3,2,0.4574075187250384,0.2240558384927831
3,2,0.4574075187250384,0.20240175952577122
3,2,0.5125888559800926,0.20240175952577122
3,2,0.2918635069598752,0.2673639964268073
3,2,0.2918635069598752,0.24570991745979542
3,2,0.3470448442149294,0.24570991745979542
3,2,0.2918635069598752,0.24570991745979542
3,2,0.3470448442149294,0.2240558384927831
3,2,0.3470448442149294,0.24570991745979542
3,2,0.3470448442149294,0.24570991745979542
3,2,0.3470448442149294,0.2240558384927831
3,2,0.4022261814699841,0.2240558384927831
3,2,0.3470448442149294,0.2240558384927831
3,2,0.4022261814699841,0.20240175952577122
3,2,0.4022261814699841,0.2240558384927831
3,2,0.4022261814699841,0.2240558384927831
3,2,0.4022261814699841,0.20240175952577122
3,2,0.4574075187250384,0.20240175952577122
3,2,0.2918635069598752,0.24570991745979542
3,2,0.2918635069598752,0.2240558384927831
3,2,0.3470448442149294,0.2240558384927831
3,2,0.2918635069598752,0.2240558384927831
3,2,0.3470448442149294,0.20240175952577122
3,2,0.3470448442149294,0.2240558384927831
3,2,0.3470448442149294,0.2240558384927831
3,2,0.3470448442149294,0.20240175952577122
3,2,0.4022261814699841,0.20240175952577122
3,2,0.2918635069598752,0.2240558384927831
3,2,0.2918635069598752,0.20240175952577122
3,2,0.3470448442149294,0.20240175952577122
3,2,0.7333142050003105,0.20240175952577122
3,2,0.6781328677452563,0.20240175952577122
3,2,0.6781328677452563,0.1806867403740493
3,2,0.6781328677452563,0.20240175952577122
3,2,0.6229515304902016,0.1806867403740493
3,2,0.6781328677452563,0.1806867403740493
3,2,0.6781328677452563,0.1806867403740493
3,2,0.6229515304902016,0.1806867403740493
3,2,0.6229515304902016,0.15897172122232694
3,2,0.6229515304902016,0.1806867403740493
3,2,0.5677701932351473,0.15897172122232694
3,2,0.6229515304902016,0.15897172122232694
3,2,0.6229515304902016,0.15897172122232694
3,2,0.5677701932351473,0.15897172122232694
3,2,0.5677701932351473,0.13725670207060503
3,2,0.5677701932351473,0.15897172122232694
3,2,0.5125888559800926,0.13725670207060503
3,2,0.5677701932351473,0.13725670207060503
3,2,0.5677701932351473,0.13725670207060503
3,2,0.5125888559800926,0.13725670207060503
3,2,0.5125888559800926,0.11554168291888267
3,2,0.5125888559800926,0.13725670207060503
3,2,0.4574075187250384,0.11554168291888267
3,2,0.5125888559800926,0.11554168291888267
3,2,0.5125888559800926,0.11554168291888267
3,2,0.4574075187250384,0.11554168291888267
3,2,0.4574075187250384,0.09382666376716076
3,2,0.4574075187250384,0.11554168291888267
3,2,0.4022261814699841,0.09382666376716076
3,2,0.4574075187250384,0.09382666376716076
3,2,0.4574075187250384,0.09382666376716076
3,2,0.4022261814699841,0.09382666376716076
3,2,0.4022261814699841,0.0721116446154384
3,2,0.4022261814699841,0.09382666376716076
3,2,0.3470448442149294,0.0721116446154384
3,2,0.4022261814699841,0.0721116446154384
3,2,0.4022261814699841,0.0721116446154384
3,2,0.3470448442149294,0.0721116446154384
3,2,0.3470448442149294,0.05039662546371648
3,2,0.3470448442149294,0.0721116446154384
3,2,0.2918635069598752,0.05039662546371648
3,2,0.3470448442149294,0.05039662546371648
3,2,0.3470448442149294,0.05039662546371648
3,2,0.2918635069598752,0.05039662546371648
3,2,0.2918635069598752,0.028681606311994123
3,2,0.6781328677452563,0.20240175952577122
3,2,0.6229515304902016,0.20240175952577122
3,2,0.6229515304902016,0.1806867403740493
3,2,0.6229515304902016,0.20240175952577122
3,2,0.5677701932351473,0.1806867403740493
3,2,0.6229515304902016,0.1806867403740493
3,2,0.6229515304902016,0.1806867403740493
3,2,0.5677701932351473,0.1806867403740493
3,2,0.5677701932351473,0.15897172122232694
3,2,0.5677701932351473,0.1806867403740493
3,2,0.5125888559800926,0.15897172122232694
3,2,0.5677701932351473,0.15897172122232694
3,2,0.5677701932351473,0.15897172122232694
3,2,0.5125888559800926,0.15897172122232694
3,2,0.5125888559800926,0.13725670207060503
3,2,0.5125888559800926,0.15897172122232694
3,2,0.4574075187250384,0.13725670207060503
3,2,0.5125888559800926,0.13725670207060503
3,2,0.5125888559800926,0.13725670207060503
3,2,0.4574075187250384,0.13725670207060503
3,2,0.4574075187250384,0.11554168291888267
3,2,0.4574075187250384,0.13725670207060503
3,2,0.4022261814699841,0.11554168291888267
3,2,0.4574075187250384,0.11554168291888267
3,2,0.4574075187250384,0.11554168291888267
3,2,0.4022261814699841,0.11554168291888267
3,2,0.4022261814699841,0.09382666376716076
3,2,0.4022261814699841,0.11554168291888267
3,2,0.3470448442149294,0.09382666376716076
3,2,0.4022261814699841,0.09382666376716076
3,2,0.4022261814699841,0.09382666376716076
3,2,0.3470448442149294,0.09382666376716076
3,2,0.3470448442149294,0.0721116446154384
3,2,0.3470448442149294,0.09382666376716076
3,2,0.2918635069598752,0.0721116446154384
3,2,0.3470448442149294,0.0721116446154384
3,2,0.3470448442149294,0.0721116446154384
3,2,0.2918635069598752,0.0721116446154384
3,2,0.2918635069598752,0.05039662546371648
3,2,0.6229515304902016,0.20240175952577122
3,2,0.5677701932351473,0.20240175952577122
3,2,0.5677701932351473,0.1806867403740493
3,2,0.5677701932351473,0.20240175952577122
3,2,0.5125888559800926,0.1806867403740493
3,2,0.5677701932351473,0.1806867403740493
3,2,0.5677701932351473,0.1806867403740493
3,2,0.5125888559800926,0.1806867403740493
3,2,0.5125888559800926,0.15897172122232694
3,2,0.5125888559800926,0.1806867403740493
3,2,0.4574075187250384,0.15897172122232694
3,2,0.5125888559800926,0.15897172122232694
3,2,0.5125888559800926,0.15897172122232694
3,2,0.4574075187250384,0.15897172122232694
3,2,0.4574075187250384,0.13725670207060503
3,2,0.4574075187250384,0.15897172122232694
3,2,0.4022261814699841,0.13725670207060503
3,2,0.4574075187250384,0.13725670207060503
3,2,0.4574075187250384,0.13725670207060503
3,2,0.4022261814699841,0.13725670207060503
3,2,0.4022261814699841,0.11554168291888267
3,2,0.4022261814699841,0.13725670207060503
3,2,0.3470448442149294,0.11554168291888267
3,2,0.4022261814699841,0.11554168291888267
3,2,0.4022261814699841,0.11554168291888267
3,2,0.3470448442149294,0.11554168291888267
3,2,0.3470448442149294,0.09382666376716076
3,2,0.3470448442149294,0.11554168291888267
3,2,0.2918635069598752,0.09382666376716076
3,2,0.3470448442149294,0.09382666376716076
3,2,0.3470448442149294,0.09382666376716076
3,2,0.2918635069598752,0.09382666376716076
3,2,0.2918635069598752,0.0721116446154384
3,2,0.5677701932351473,0.20240175952577122
3,2,0.5125888559800926,0.20240175952577122
3,2,0.5125888559800926,0.1806867403740493
3,2,0.5125888559800926,0.20240175952577122
3,2,0.4574075187250384,0.1806867403740493
3,2,0.5125888559800926,0.1806867403740493
3,2,0.5125888559800926,0.1806867403740493
3,2,0.4574075187250384,0.1806867403740493
3,2,0.4574075187250384,0.15897172122232694
3,2,0.4574075187250384,0.1806867403740493
3,2,0.4022261814699841,0.15897172122232694
3,2,0.4574075187250384,0.15897172122232694
3,2,0.4574075187250384,0.15897172122232694
3,2,0.4022261814699841,0.15897172122232694
3,2,0.4022261814699841,0.13725670207060503
3,2,0.4022261814699841,0.15897172122232694
3,2,0.3470448442149294,0.13725670207060503
3,2,0.4022261814699841,0.13725670207060503
3,2,0.4022261814699841,0.13725670207060503
3,2,0.3470448442149294,0.13725670207060503
3,2,0.3470448442149294,0.11554168291888267
3,2,0.3470448442149294,0.13725670207060503
3,2,0.2918635069598752,0.11554168291888267
3,2,0.3470448442149294,0.11554168291888267
3,2,0.3470448442149294,0.11554168291888267
3,2,0.2918635069598752,0.11554168291888267
3,2,0.2918635069598752,0.09382666376716076
3,2,0.5125888559800926,0.20240175952577122
3,2,0.4574075187250384,0.20240175952577122
3,2,0.4574075187250384,0.1806867403740493
3,2,0.4574075187250384,0.20240175952577122
3,2,0.4022261814699841,0.1806867403740493
3,2,0.4574075187250384,0.1806867403740493
3,2,0.4574075187250384,0.1806867403740493
3,2,0.4022261814699841,0.1806867403740493
3,2,0.4022261814699841,0.15897172122232694
3,2,0.4022261814699841,0.1806867403740493
3,2,0.3470448442149294,0.15897172122232694
3,2,0.4022261814699841,0.15897172122232694
3,2,0.4022261814699841,0.15897172122232694
3,2,0.3470448442149294,0.15897172122232694
3,2,0.3470448442149294,0.13725670207060503
3,2,0.3470448442149294,0.15897172122232694
3,2,0.2918635069598752,0.13725670207060503
3,2,0.3470448442149294,0.13725670207060503
3,2,0.3470448442149294,0.13725670207060503
3,2,0.2918635069598752,0.13725670207060503
3,2,0.2918635069598752,0.11554168291888267
3,2,0.4574075187250384,0.20240175952577122
3,2,0.4022261814699841,0.20240175952577122
3,2,0.4022261814699841,0.1806867403740493
3,2,0.4022261814699841,0.20240175952577122
3,2,0.3470448442149294,0.1806867403740493
3,2,0.4022261814699841,0.1806867403740493
3,2,0.4022261814699841,0.1806867403740493
3,2,0.3470448442149294,0.1806867403740493
3,2,0.3470448442149294,0.15897172122232694
3,2,0.3470448442149294,0.1806867403740493
3,2,0.2918635069598752,0.15897172122232694
3,2,0.3470448442149294,0.15897172122232694
3,2,0.3470448442149294,0.15897172122232694
3,2,0.2918635069598752,0.15897172122232694
3,2,0.2918635069598752,0.13725670207060503
3,2,0.4022261814699841,0.20240175952577122
3,2,0.3470448442149294,0.20240175952577122
3,2,0.3470448442149294,0.1806867403740493
3,2,0.3470448442149294,0.20240175952577122
3,2,0.2918635069598752,0.1806867403740493
3,2,0.3470448442149294,0.1806867403740493
3,2,0.3470448442149294,0.1806867403740493
3,2,0.2918635069598752,0.1806867403740493
3,2,0.2918635069598752,0.15897172122232694
3,2,0.3470448442149294,0.20240175952577122
3,2,0.2918635069598752,0.20240175952577122
3,2,0.2918635069598752,0.1806867403740493
3,2,0.2918635069598752,0.028681606311994123
3,2,0.3470448442149294,0.028681606311994123
3,2,0.3470448442149294,0.05039662546371648
3,2,0.3470448442149294,0.028681606311994123
3,2,0.4022261814699841,0.05039662546371648
3,2,0.3470448442149294,0.05039662546371648
3,2,0.3470448442149294,0.05039662546371648
3,2,0.4022261814699841,0.05039662546371648
3,2,0.4022261814699841,0.0721116446154384
3,2,0.4022261814699841,0.05039662546371648
3,2,0.4574075187250384,0.0721116446154384
3,2,0.4022261814699841,0.0721116446154384
3,2,0.4022261814699841,0.0721116446154384
3,2,0.4574075187250384,0.0721116446154384
3,2,0.4574075187250384,0.09382666376716076
3,2,0.4574075187250384,0.0721116446154384
3,2,0.5125888559800926,0.09382666376716076
3,2,0.4574075187250384,0.09382666376716076
3,2,0.4574075187250384,0.09382666376716076
3,2,0.5125888559800926,0.09382666376716076
3,2,0.5125888559800926,0.11554168291888267
3,2,0.5125888559800926,0.09382666376716076
3,2,0.5677701932351473,0.11554168291888267
3,2,0.5125888559800926,0.11554168291888267
3,2,0.5125888559800926,0.11554168291888267
3,2,0.5677701932351473,0.11554168291888267
3,2,0.5677701932351473,0.13725670207060503
3,2,0.5677701932351473,0.11554168291888267
3,2,0.6229515304902016,0.13725670207060503
3,2,0.5677701932351473,0.13725670207060503
3,2,0.5677701932351473,0.13725670207060503
3,2,0.6229515304902016,0.13725670207060503
3,2,0.6229515304902016,0.15897172122232694
3,2,0.6229515304902016,0.13725670207060503
3,2,0.6781328677452558,0.15897172122232694
3,2,0.6229515304902016,0.15897172122232694
3,2,0.6229515304902016,0.15897172122232694
3,2,0.6781328677452558,0.15897172122232694
3,2,0.6781328677452563,0.1806867403740493
3,2,0.6781328677452558,0.15897172122232694
3,2,0.7333142050003105,0.1806867403740493
3,2,0.6781328677452563,0.1806867403740493
3,2,0.6781328677452563,0.1806867403740493
3,2,0.7333142050003105,0.1806867403740493
3,2,0.7333142050003105,0.20240175952577122
3,2,0.3470448442149294,0.028681606311994123
3,2,0.4022261814699841,0.028681606311994123
3,2,0.4022261814699841,0.05039662546371648
3,2,0.4022261814699841,0.028681606311994123
3,2,0.4574075187250384,0.05039662546371648
3,2,0.4022261814699841,0.05039662546371648
3,2,0.4022261814699841,0.05039662546371648
3,2,0.4574075187250384,0.05039662546371648
3,2,0.4574075187250384,0.0721116446154384
3,2,0.4574075187250384,0.05039662546371648
3,2,0.5125888559800926,0.0721116446154384
3,2,0.4574075187250384,0.0721116446154384
3,2,0.4574075187250384,0.0721116446154384
3,2,0.5125888559800926,0.0721116446154384
3,2,0.5125888559800926,0.09382666376716076
3,2,0.5125888559800926,0.0721116446154384
3,2,0.5677701932351473,0.09382666376716076
3,2,0.5125888559800926,0.09382666376716076
3,2,0.5125888559800926,0.09382666376716076
3,2,0.5677701932351473,0.09382666376716076
3,2,0.5677701932351473,0.11554168291888267
3,2,0.5677701932351473,0.09382666376716076
3,2,0.6229515304902016,0.11554168291888267
3,2,0.5677701932351473,0.11554168291888267
3,2,0.5677701932351473,0.11554168291888267
3,2,0.6229515304902016,0.11554168291888267
3,2,0.6229515304902016,0.13725670207060503
3,2,0.6229515304902016,0.11554168291888267
3,2,0.6781328677452563,0.13725670207060503
3,2,0.6229515304902016,0.13725670207060503
3,2,0.6229515304902016,0.13725670207060503
3,2,0.6781328677452563,0.13725670207060503
3,2,0.6781328677452558,0.15897172122232694
3,2,0.6781328677452563,0.13725670207060503
3,2,0.7333142050003105,0.15897172122232694
3,2,0.6781328677452558,0.15897172122232694
3,2,0.6781328677452558,0.15897172122232694
3,2,0.7333142050003105,0.15897172122232694
3,2,0.7333142050003105,0.1806867403740493
3,2,0.4022261814699841,0.028681606311994123
3,2,0.4574075187250384,0.028681606311994123
3,2,0.4574075187250384,0.05039662546371648
3,2,0.4574075187250384,0.028681606311994123
3,2,0.5125888559800926,0.05039662546371648
3,2,0.4574075187250384,0.05039662546371648
3,2,0.4574075187250384,0.05039662546371648
3,2,0.5125888559800926,0.05039662546371648
3,2,0.5125888559800926,0.0721116446154384
3,2,0.5125888559800926,0.05039662546371648
3,2,0.5677701932351473,0.0721116446154384
3,2,0.5125888559800926,0.0721116446154384
3,2,0.5125888559800926,0.0721116446154384
3,2,0.5677701932351473,0.0721116446154384
3,2,0.5677701932351473,0.09382666376716076
3,2,0.5677701932351473,0.0721116446154384
3,2,0.6229515304902016,0.09382666376716076
3,2,0.5677701932351473,0.09382666376716076
3,2,0.5677701932351473,0.09382666376716076
3,2,0.6229515304902016,0.09382666376716076
3,2,0.6229515304902016,0.11554168291888267
3,2,0.6229515304902016,0.09382666376716076
3,2,0.6781328677452558,0.11554168291888267
3,2,0.6229515304902016,0.11554168291888267
3,2,0.6229515304902016,0.11554168291888267
3,2,0.6781328677452558,0.11554168291888267
3,2,0.6781328677452563,0.13725670207060503
3,2,0.6781328677452558,0.11554168291888267
3,2,0.7333142050003105,0.13725670207060503
3,2,0.6781328677452563,0.13725670207060503
3,2,0.6781328677452563,0.13725670207060503
3,2,0.7333142050003105,0.13725670207060503
3,2,0.7333142050003105,0.15897172122232694
3,2,0.4574075187250384,0.028681606311994123
3,2,0.5125888559800926,0.028681606311994123
3,2,0.5125888559800926,0.05039662546371648
3,2,0.5125888559800926,0.028681606311994123
3,2,0.5677701932351473,0.05039662546371648
3,2,0.5125888559800926,0.05039662546371648
3,2,0.5125888559800926,0.05039662546371648
3,2,0.5677701932351473,0.05039662546371648
3,2,0.5677701932351473,0.0721116446154384
3,2,0.5677701932351473,0.05039662546371648
3,2,0.6229515304902016,0.0721116446154384
3,2,0.5677701932351473,0.0721116446154384
3,2,0.5677701932351473,0.0721116446154384
3,2,0.6229515304902016,0.0721116446154384
3,2,0.6229515304902016,0.09382666376716076
3,2,0.6229515304902016,0.0721116446154384
3,2,0.6781328677452558,0.09382666376716076
3,2,0.6229515304902016,0.09382666376716076
3,2,0.6229515304902016,0.09382666376716076
3,2,0.6781328677452558,0.09382666376716076
3,2,0.6781328677452558,0.11554168291888267
3,2,0.6781328677452558,0.09382666376716076
3,2,0.7333142050003105,0.11554168291888267
3,2,0.6781328677452558,0.11554168291888267
3,2,0.6781328677452558,0.11554168291888267
3,2,0.7333142050003105,0.11554168291888267
3,2,0.7333142050003105,0.13725670207060503
3,2,0.5125888559800926,0.028681606311994123
3,2,0.5677701932351473,0.028681606311994123
3,2,0.5677701932351473,0.05039662546371648
3,2,0.5677701932351473,0.028681606311994123
3,2,0.6229515304902016,0.05039662546371648
3,2,0.5677701932351473,0.05039662546371648
3,2,0.5677701932351473,0.05039662546371648
3,2,0.6229515304902016,0.05039662546371648
3,2,0.6229515304902016,0.0721116446154384
3,2,0.6229515304902016,0.05039662546371648
3,2,0.6781328677452563,0.0721116446154384
3,2,0.6229515304902016,0.0721116446154384
3,2,0.6229515304902016,0.0721116446154384
3,2,0.6781328677452563,0.0721116446154384
3,2,0.6781328677452558,0.09382666376716076
3,2,0.6781328677452563,0.0721116446154384
3,2,0.7333142050003105,0.09382666376716076
3,2,0.6781328677452558,0.09382666376716076
3,2,0.6781328677452558,0.09382666376716076
3,2,0.7333142050003105,0.09382666376716076
3,2,0.7333142050003105,0.11554168291888267
3,2,0.5677701932351473,0.028681606311994123
3,2,0.6229515304902016,0.028681606311994123
3,2,0.6229515304902016,0.05039662546371648
3,2,0.6229515304902016,0.028681606311994123
3,2,0.6781328677452558,0.05039662546371648
3,2,0.6229515304902016,0.05039662546371648
3,2,0.6229515304902016,0.05039662546371648
3,2,0.6781328677452558,0.05039662546371648
3,2,0.6781328677452563,0.0721116446154384
3,2,0.6781328677452558,0.05039662546371648
3,2,0.7333142050003105,0.0721116446154384
3,2,0.6781328677452563,0.0721116446154384
3,2,0.6781328677452563,0.0721116446154384
3,2,0.7333142050003105,0.0721116446154384
3,2,0.7333142050003105,0.09382666376716076
3,2,0.6229515304902016,0.028681606311994123
3,2,0.6781328677452563,0.028681606311994123
3,2,0.6781328677452558,0.05039662546371648
3,2,0.6781328677452563,0.028681606311994123
3,2,0.7333142050003105,0.05039662546371648
3,2,0.6781328677452558,0.05039662546371648
3,2,0.6781328677452558,0.05039662546371648
3,2,0.7333142050003105,0.05039662546371648
3,2,0.7333142050003105,0.0721116446154384
3,2,0.6781328677452563,0.028681606311994123
3,2,0.7333142050003105,0.028681606311994123
3,2,0.7333142050003105,0.05039662546371648
3,2,0.4514455373208941,0.3873349067262186
3,2,0.4310779733644301,0.3873349067262186
3,2,0.4310779733644301,0.33514302408777974
3,2,0.4310779733644301,0.3873349067262186
3,2,0.41071040940796566,0.33514302408777974
3,2,0.4310779733644301,0.33514302408777974
3,2,0.4310779733644301,0.33514302408777974
3,2,0.41071040940796566,0.33514302408777974
3,2,0.41071040940796566,0.2829511414493404
3,2,0.41071040940796566,0.33514302408777974
3,2,0.39034284545150166,0.2829511414493404
3,2,0.41071040940796566,0.2829511414493404
3,2,0.41071040940796566,0.2829511414493404
3,2,0.39034284545150166,0.2829511414493404
3,2,0.39034284545150166,0.23075925881090154
3,2,0.39034284545150166,0.2829511414493404
3,2,0.36997528149503767,0.23075925881090154
3,2,0.39034284545150166,0.23075925881090154
3,2,0.39034284545150166,0.23075925881090154
3,2,0.36997528149503767,0.23075925881090154
3,2,0.36997528149503767,0.1785673761724622
3,2,0.36997528149503767,0.23075925881090154
3,2,0.34960771753857367,0.1785673761724622
3,2,0.36997528149503767,0.1785673761724622
3,2,0.36997528149503767,0.1785673761724622
3,2,0.34960771753857367,0.1785673761724622
3,2,0.34960771753857367,0.12637549353402333
3,2,0.34960771753857367,0.1785673761724622
3,2,0.3292401535821097,0.12637549353402333
3,2,0.34960771753857367,0.12637549353402333
3,2,0.34960771753857367,0.12637549353402333
3,2,0.3292401535821097,0.12637549353402333
3,2,0.3292401535821097,0.074183610895584
3,2,0.3292401535821097,0.12637549353402333
3,2,0.3088725896256457,0.074183610895584
3,2,0.3292401535821097,0.074183610895584
3,2,0.3292401535821097,0.074183610895584
3,2,0.3088725896256457,0.074183610895584
3,2,0.3088725896256457,0.021991728257145127
3,2,0.3088725896256457,0.074183610895584
3,2,0.2885050256691817,0.021991728257145127
3,2,0.3088725896256457,0.021991728257145127
3,2,0.3088725896256457,0.021991728257145127
3,2,0.2885050256691817,0.021991728257145127
3,3,0.2885050256691817,0.9697998456187058
3,2,0.2885050256691817,0.021991728257145127
3,3,0.2681374617127177,0.9697998456187058
3,3,0.2885050256691817,0.9697998456187058
3,3,0.2885050256691817,0.9697998456187058
3,3,0.2681374617127177,0.9697998456187058
3,3,0.2681374617127177,0.9176079629802669
3,2,0.4310779733644301,0.3873349067262186
3,2,0.41071040940796566,0.3873349067262186
3,2,0.41071040940796566,0.33514302408777974
3,2,0.41071040940796566,0.3873349067262186
3,2,0.39034284545150166,0.33514302408777974
3,2,0.41071040940796566,0.33514302408777974
3,2,0.41071040940796566,0.33514302408777974
3,2,0.39034284545150166,0.33514302408777974
3,2,0.39034284545150166,0.2829511414493404
3,2,0.39034284545150166,0.33514302408777974
3,2,0.36997528149503767,0.2829511414493404
3,2,0.39034284545150166,0.2829511414493404
3,2,0.39034284545150166,0.2829511414493404
3,2,0.36997528149503767,0.2829511414493404
3,2,0.36997528149503767,0.23075925881090154
3,2,0.36997528149503767,0.2829511414493404
3,2,0.34960771753857367,0.23075925881090154
3,2,0.36997528149503767,0.23075925881090154
3,2,0.36997528149503767,0.23075925881090154
3,2,0.34960771753857367,0.23075925881090154
3,2,0.34960771753857367,0.1785673761724622
3,2,0.34960771753857367,0.23075925881090154
3,2,0.3292401535821097,0.1785673761724622
3,2,0.34960771753857367,0.1785673761724622
3,2,0.34960771753857367,0.1785673761724622
3,2,0.3292401535821097,0.1785673761724622
3,2,0.3292401535821097,0.12637549353402333
3,2,0.3292401535821097,0.1785673761724622
3,2,0.3088725896256457,0.12637549353402333
3,2,0.3292401535821097,0.12637549353402333
3,2,0.3292401535821097,0.12637549353402333
3,2,0.3088725896256457,0.12637549353402333
3,2,0.3088725896256457,0.074183610895584
3,2,0.3088725896256457,0.12637549353402333
3,2,0.2885050256691817,0.074183610895584
3,2,0.3088725896256457,0.074183610895584
3,2,0.3088725896256457,0.074183610895584
3,2,0.2885050256691817,0.074183610895584
3,2,0.2885050256691817,0.021991728257145127
3,2,0.2885050256691817,0.074183610895584
3,2,0.2681374617127177,0.021991728257145127
3,2,0.2885050256691817,0.021991728257145127
3,2,0.2885050256691817,0.021991728257145127
3,2,0.2681374617127177,0.021991728257145127
3,3,0.2681374617127177,0.9697998456187058
3,2,0.41071040940796566,0.3873349067262186
3,2,0.39034284545150166,0.3873349067262186
3,2,0.39034284545150166,0.33514302408777974
3,2,0.39034284545150166,0.3873349067262186
3,2,0.36997528149503767,0.33514302408777974
3,2,0.39034284545150166,0.33514302408777974
3,2,0.39034284545150166,0.33514302408777974
3,2,0.36997528149503767,0.33514302408777974
3,2,0.36997528149503767,0.2829511414493404
3,2,0.36997528149503767,0.33514302408777974
3,2,0.34960771753857367,0.2829511414493404
3,2,0.36997528149503767,0.2829511414493404
3,2,0.36997528149503767,0.2829511414493404
3,2,0.34960771753857367,0.2829511414493404
3,2,0.34960771753857367,0.23075925881090154
3,2,0.34960771753857367,0.2829511414493404
3,2,0.3292401535821097,0.23075925881090154
3,2,0.34960771753857367,0.23075925881090154
3,2,0.34960771753857367,0.23075925881090154
3,2,0.3292401535821097,0.23075925881090154
3,2,0.3292401535821097,0.1785673761724622
3,2,0.3292401535821097,0.23075925881090154
3,2,0.3088725896256457,0.1785673761724622
3,2,0.3292401535821097,0.1785673761724622
3,2,0.3292401535821097,0.1785673761724622
3,2,0.3088725896256457,0.1785673761724622
3,2,0.3088725896256457,0.12637549353402333
3,2,0.3088725896256457,0.1785673761724622
3,2,0.2885050256691817,0.12637549353402333
3,2,0.3088725896256457,0.12637549353402333
3,2,0.3088725896256457,0.12637549353402333
3,2,0.2885050256691817,0.12637549353402333
3,2,0.2885050256691817,0.074183610895584
3,2,0.2885050256691817,0.12637549353402333
3,2,0.2681374617127177,0.074183610895584
3,2,0.2885050256691817,0.074183610895584
3,2,0.2885050256691817,0.074183610895584
3,2,0.2681374617127177,0.074183610895584
3,2,0.2681374617127177,0.021991728257145127
3,2,0.39034284545150166,0.3873349067262186
3,2,0.36997528149503767,0.3873349067262186
3,2,0.36997528149503767,0.33514302408777974
3,2,0.36997528149503767,0.3873349067262186
3,2,0.34960771753857367,0.33514302408777974
3,2,0.36997528149503767,0.33514302408777974
3,2,0.36997528149503767,0.33514302408777974
3,2,0.34960771753857367,0.33514302408777974
3,2,0.34960771753857367,0.2829511414493404
3,2,0.34960771753857367,0.33514302408777974
3,2,0.3292401535821097,0.2829511414493404
3,2,0.34960771753857367,0.2829511414493404
3,2,0.34960771753857367,0.2829511414493404
3,2,0.3292401535821097,0.2829511414493404
3,2,0.3292401535821097,0.23075925881090154
3,2,0.3292401535821097,0.2829511414493404
3,2,0.3088725896256457,0.23075925881090154
3,2,0.3292401535821097,0.23075925881090154
3,2,0.3292401535821097,0.23075925881090154
3,2,0.3088725896256457,0.23075925881090154
3,2,0.3088725896256457,0.1785673761724622
3,2,0.3088725896256457,0.23075925881090154
3,2,0.2885050256691817,0.1785673761724622
3,2,0.3088725896256457,0.1785673761724622
3,2,0.3088725896256457,0.1785673761724622
3,2,0.2885050256691817,0.1785673761724622
3,2,0.2885050256691817,0.12637549353402333
3,2,0.2885050256691817,0.1785673761724622
3,2,0.2681374617127177,0.12637549353402333
3,2,0.2885050256691817,0.12637549353402333
3,2,0.2885050256691817,0.12637549353402333
3,2,0.2681374617127177,0.12637549353402333
3,2,0.2681374617127177,0.074183610895584
3,2,0.36997528149503767,0.3873349067262186
3,2,0.34960771753857367,0.3873349067262186
3,2,0.34960771753857367,0.33514302408777974
3,2,0.34960771753857367,0.3873349067262186
3,2,0.3292401535821097,0.33514302408777974
3,2,0.34960771753857367,0.33514302408777974
3,2,0.34960771753857367,0.33514302408777974
3,2,0.3292401535821097,0.33514302408777974
3,2,0.3292401535821097,0.2829511414493404
3,2,0.3292401535821097,0.33514302408777974
3,2,0.3088725896256457,0.2829511414493404
3,2,0.3292401535821097,0.2829511414493404
3,2,0.3292401535821097,0.2829511414493404
3,2,0.3088725896256457,0.2829511414493404
3,2,0.3088725896256457,0.23075925881090154
3,2,0.3088725896256457,0.2829511414493404
3,2,0.2885050256691817,0.23075925881090154
3,2,0.3088725896256457,0.23075925881090154
3,2,0.3088725896256457,0.23075925881090154
3,2,0.2885050256691817,0.23075925881090154
3,2,0.2885050256691817,0.1785673761724622
3,2,0.2885050256691817,0.23075925881090154
3,2,0.2681374617127177,0.1785673761724622
3,2,0.2885050256691817,0.1785673761724622
3,2,0.2885050256691817,0.1785673761724622
3,2,0.2681374617127177,0.1785673761724622
3,2,0.2681374617127177,0.12637549353402333
3,2,0.34960771753857367,0.3873349067262186
3,2,0.3292401535821097,0.3873349067262186
3,2,0.3292401535821097,0.33514302408777974
3,2,0.3292401535821097,0.3873349067262186
3,2,0.3088725896256457,0.33514302408777974
3,2,0.3292401535821097,0.33514302408777974
3,2,0.3292401535821097,0.33514302408777974
3,2,0.3088725896256457,0.33514302408777974
3,2,0.3088725896256457,0.2829511414493404
3,2,0.3088725896256457,0.33514302408777974
3,2,0.2885050256691817,0.2829511414493404
3,2,0.3088725896256457,0.2829511414493404
3,2,0.3088725896256457,0.2829511414493404
3,2,0.2885050256691817,0.2829511414493404
3,2,0.2885050256691817,0.23075925881090154
3,2,0.2885050256691817,0.2829511414493404
3,2,0.2681374617127177,0.23075925881090154
3,2,0.2885050256691817,0.23075925881090154
3,2,0.2885050256691817,0.23075925881090154
3,2,0.2681374617127177,0.23075925881090154
3,2,0.2681374617127177,0.1785673761724622
3,2,0.3292401535821097,0.3873349067262186
3,2,0.3088725896256457,0.3873349067262186
3,2,0.3088725896256457,0.33514302408777974
3,2,0.3088725896256457,0.3873349067262186
3,2,0.2885050256691817,0.33514302408777974
3,2,0.3088725896256457,0.33514302408777974
3,2,0.3088725896256457,0.33514302408777974
3,2,0.2885050256691817,0.33514302408777974
3,2,0.2885050256691817,0.2829511414493404
3,2,0.2885050256691817,0.33514302408777974
3,2,0.2681374617127177,0.2829511414493404
3,2,0.2885050256691817,0.2829511414493404
3,2,0.2885050256691817,0.2829511414493404
3,2,0.2681374617127177,0.2829511414493404
3,2,0.2681374617127177,0.23075925881090154
3,2,0.3088725896256457,0.3873349067262186
3,2,0.2885050256691817,0.3873349067262186
3,2,0.2885050256691817,0.33514302408777974
3,2,0.2885050256691817,0.3873349067262186
3,2,0.2681374617127177,0.33514302408777974
3,2,0.2885050256691817,0.33514302408777974
3,2,0.2885050256691817,0.33514302408777974
3,2,0.2681374617127177,0.33514302408777974
3,2,0.2681374617127177,0.2829511414493404
3,2,0.2885050256691817,0.3873349067262186
3,2,0.2681374617127177,0.3873349067262186
3,2,0.2681374617127177,0.33514302408777974
3,3,0.2681374617127177,0.9176079629802669
3,3,0.2885050256691817,0.9176079629802669
3,3,0.2885050256691817,0.9697998456187058
3,3,0.2885050256691817,0.9176079629802669
3,3,0.3088725896256457,0.9697998456187058
3,3,0.2885050256691817,0.9697998456187058
3,3,0.2885050256691817,0.9697998456187058
3,3,0.3088725896256457,0.9697998456187058
3,2,0.3088725896256457,0.021991728257145127
3,3,0.3088725896256457,0.9697998456187058
3,2,0.3292401535821097,0.021991728257145127
3,2,0.3088725896256457,0.021991728257145127
3,2,0.3088725896256457,0.021991728257145127
3,2,0.3292401535821097,0.021991728257145127
3,2,0.3292401535821097,0.074183610895584
3,2,0.3292401535821097,0.021991728257145127
3,2,0.34960771753857367,0.074183610895584
3,2,0.3292401535821097,0.074183610895584
3,2,0.3292401535821097,0.074183610895584
3,2,0.34960771753857367,0.074183610895584
3,2,0.34960771753857367,0.12637549353402333
3,2,0.34960771753857367,0.074183610895584
3,2,0.36997528149503767,0.12637549353402333
3,2,0.34960771753857367,0.12637549353402333
3,2,0.34960771753857367,0.12637549353402333
3,2,0.36997528149503767,0.12637549353402333
3,2,0.36997528149503767,0.1785673761724622
3,2,0.36997528149503767,0.12637549353402333
3,2,0.39034284545150166,0.1785673761724622
3,2,0.36997528149503767,0.1785673761724622
3,2,0.36997528149503767,0.1785673761724622
3,2,0.39034284545150166,0.1785673761724622
3,2,0.39034284545150166,0.23075925881090154
3,2,0.39034284545150166,0.1785673761724622
3,2,0.41071040940796566,0.23075925881090154
3,2,0.39034284545150166,0.23075925881090154
3,2,0.39034284545150166,0.23075925881090154
3,2,0.41071040940796566,0.23075925881090154
3,2,0.41071040940796566,0.2829511414493404
3,2,0.41071040940796566,0.23075925881090154
3,2,0.43107797336442966,0.2829511414493404
3,2,0.41071040940796566,0.2829511414493404
3,2,0.41071040940796566,0.2829511414493404
3,2,0.43107797336442966,0.2829511414493404
3,2,0.43107797336442966,0.33514302408777974
3,2,0.43107797336442966,0.2829511414493404
3,2,0.4514455373208941,0.33514302408777974
3,2,0.43107797336442966,0.33514302408777974
3,2,0.43107797336442966,0.33514302408777974
3,2,0.4514455373208941,0.33514302408777974
3,2,0.4514455373208941,0.3873349067262186
3,3,0.2885050256691817,0.9176079629802669
3,3,0.3088725896256457,0.9176079629802669
3,3,0.3088725896256457,0.9697998456187058
3,3,0.3088725896256457,0.9176079629802669
3,3,0.3292401535821097,0.9697998456187058
3,3,0.3088725896256457,0.9697998456187058
3,3,0.3088725896256457,0.9697998456187058
3,3,0.3292401535821097,0.9697998456187058
3,2,0.3292401535821097,0.021991728257145127
3,3,0.3292401535821097,0.9697998456187058
3,2,0.34960771753857367,0.021991728257145127
3,2,0.3292401535821097,0.021991728257145127
3,2,0.3292401535821097,0.021991728257145127
3,2,0.34960771753857367,0.021991728257145127
3,2,0.34960771753857367,0.074183610895584
3,2,0.34960771753857367,0.021991728257145127
3,2,0.36997528149503767,0.074183610895584
3,2,0.34960771753857367,0.074183610895584
3,2,0.34960771753857367,0.074183610895584
3,2,0.36997528149503767,0.074183610895584
3,2,0.36997528149503767,0.12637549353402333
3,2,0.36997528149503767,0.074183610895584
3,2,0.39034284545150166,0.12637549353402333
3,2,0.36997528149503767,0.12637549353402333
3,2,0.36997528149503767,0.12637549353402333
3,2,0.39034284545150166,0.12637549353402333
3,2,0.39034284545150166,0.1785673761724622
3,2,0.39034284545150166,0.12637549353402333
3,2,0.41071040940796566,0.1785673761724622
3,2,0.39034284545150166,0.1785673761724622
3,2,0.39034284545150166,0.1785673761724622
3,2,0.41071040940796566,0.1785673761724622
3,2,0.41071040940796566,0.23075925881090154
3,2,0.41071040940796566,0.1785673761724622
3,2,0.43107797336442966,0.23075925881090154
3,2,0.41071040940796566,0.23075925881090154
3,2,0.41071040940796566,0.23075925881090154
3,2,0.43107797336442966,0.23075925881090154
3,2,0.43107797336442966,0.2829511414493404
3,2,0.43107797336442966,0.23075925881090154
3,2,0.4514455373208941,0.2829511414493404
3,2,0.43107797336442966,0.2829511414493404
3,2,0.43107797336442966,0.2829511414493404
3,2,0.4514455373208941,0.2829511414493404
3,2,0.4514455373208941,0.33514302408777974
3,3,0.3088725896256457,0.9176079629802669
3,3,0.3292401535821097,0.9176079629802669
3,3,0.3292401535821097,0.9697998456187058
3,3,0.3292401535821097,0.9176079629802669
3,3,0.34960771753857367,0.9697998456187058
3,3,0.3292401535821097,0.9697998456187058
3,3,0.3292401535821097,0.9697998456187058
3,3,0.34960771753857367,0.9697998456187058
3,2,0.34960771753857367,0.021991728257145127
3,3,0.34960771753857367,0.9697998456187058
3,2,0.36997528149503767,0.021991728257145127
3,2,0.34960771753857367,0.021991728257145127
3,2,0.34960771753857367,0.021991728257145127
3,2,0.36997528149503767,0.021991728257145127
3,2,0.36997528149503767,0.074183610895584
3,2,0.36997528149503767,0.021991728257145127
3,2,0.39034284545150166,0.074183610895584
3,2,0.36997528149503767,0.074183610895584
3,2,0.36997528149503767,0.074183610895584
3,2,0.39034284545150166,0.074183610895584
3,2,0.39034284545150166,0.12637549353402333
3,2,0.39034284545150166,0.074183610895584
3,2,0.41071040940796566,0.12637549353402333
3,2,0.39034284545150166,0.12637549353402333
3,2,0.39034284545150166,0.12637549353402333
3,2,0.41071040940796566,0.12637549353402333
3,2,0.41071040940796566,0.1785673761724622
3,2,0.41071040940796566,0.12637549353402333
3,2,0.43107797336442966,0.1785673761724622
3,2,0.41071040940796566,0.1785673761724622
3,2,0.41071040940796566,0.1785673761724622
3,2,0.43107797336442966,0.1785673761724622
3,2,0.43107797336442966,0.23075925881090154
3,2,0.43107797336442966,0.1785673761724622
3,2,0.4514455373208941,0.23075925881090154
3,2,0.43107797336442966,0.23075925881090154
3,2,0.43107797336442966,0.23075925881090154
3,2,0.4514455373208941,0.23075925881090154
3,2,0.4514455373208941,0.2829511414493404
3,3,0.3292401535821097,0.9176079629802669
3,3,0.34960771753857367,0.9176079629802669
3,3,0.34960771753857367,0.9697998456187058
3,3,0.34960771753857367,0.9176079629802669
3,3,0.36997528149503767,0.9697998456187058
3,3,0.34960771753857367,0.9697998456187058
3,3,0.34960771753857367,0.9697998456187058
3,3,0.36997528149503767,0.9697998456187058
3,2,0.36997528149503767,0.021991728257145127
3,3,0.36997528149503767,0.9697998456187058
3,2,0.39034284545150166,0.021991728257145127
3,2,0.36997528149503767,0.021991728257145127
3,2,0.36997528149503767,0.021991728257145127
3,2,0.39034284545150166,0.021991728257145127
3,2,0.39034284545150166,0.074183610895584
3,2,0.39034284545150166,0.021991728257145127
3,2,0.41071040940796566,0.074183610895584
3,2,0.39034284545150166,0.074183610895584
3,2,0.39034284545150166,0.074183610895584
3,2,0.41071040940796566,0.074183610895584
3,2,0.41071040940796566,0.12637549353402333
3,2,0.41071040940796566,0.074183610895584
3,2,0.43107797336442966,0.12637549353402333
3,2,0.41071040940796566,0.12637549353402333
3,2,0.41071040940796566,0.12637549353402333
3,2,0.43107797336442966,0.12637549353402333
3,2,0.43107797336442966,0.1785673761724622
3,2,0.43107797336442966,0.12637549353402333
3,2,0.4514455373208941,0.1785673761724622
3,2,0.43107797336442966,0.1785673761724622
3,2,0.43107797336442966,0.1785673761724622
3,2,0.4514455373208941,0.1785673761724622
3,2,0.4514455373208941,0.23075925881090154
3,3,0.34960771753857367,0.9176079629802669
3,3,0.36997528149503767,0.9176079629802669
3,3,0.36997528149503767,0.9697998456187058
3,3,0.36997528149503767,0.9176079629802669
3,3,0.39034284545150166,0.9697998456187058
3,3,0.36997528149503767,0.9697998456187058
3,3,0.36997528149503767,0.9697998456187058
3,3,0.39034284545150166,0.9697998456187058
3,2,0.39034284545150166,0.021991728257145127
3,3,0.39034284545150166,0.9697998456187058
3,2,0.41071040940796566,0.021991728257145127
3,2,0.39034284545150166,0.021991728257145127
3,2,0.39034284545150166,0.021991728257145127
3,2,0.41071040940796566,0.021991728257145127
3,2,0.41071040940796566,0.074183610895584
3,2,0.41071040940796566,0.021991728257145127
3,2,0.43107797336442966,0.074183610895584
3,2,0.41071040940796566,0.074183610895584
3,2,0.41071040940796566,0.074183610895584
3,2,0.43107797336442966,0.074183610895584
3,2,0.43107797336442966,0.12637549353402333
3,2,0.43107797336442966,0.074183610895584
3,2,0.4514455373208941,0.12637549353402333
3,2,0.43107797336442966,0.12637549353402333
3,2,0.43107797336442966,0.12637549353402333
3,2,0.4514455373208941,0.12637549353402333
3,2,0.4514455373208941,0.1785673761724622
3,3,0.36997528149503767,0.9176079629802669
3,3,0.39034284545150166,0.9176079629802669
3,3,0.39034284545150166,0.9697998456187058
3,3,0.39034284545150166,0.9176079629802669
3,3,0.41071040940796566,0.9697998456187058
3,3,0.39034284545150166,0.9697998456187058
3,3,0.39034284545150166,0.9697998456187058
3,3,0.41071040940796566,0.9697998456187058
3,2,0.41071040940796566,0.021991728257145127
3,3,0.41071040940796566,0.9697998456187058
3,2,0.43107797336442966,0.021991728257145127
3,2,0.41071040940796566,0.021991728257145127
3,2,0.41071040940796566,0.021991728257145127
3,2,0.43107797336442966,0.021991728257145127
3,2,0.43107797336442966,0.074183610895584
3,2,0.43107797336442966,0.021991728257145127
3,2,0.4514455373208941,0.074183610895584
3,2,0.43107797336442966,0.074183610895584
3,2,0.43107797336442966,0.074183610895584
3,2,0.4514455373208941,0.074183610895584
3,2,0.4514455373208941,0.12637549353402333
3,3,0.39034284545150166,0.9176079629802669
3,3,0.41071040940796566,0.9176079629802669
3,3,0.41071040940796566,0.9697998456187058
3,3,0.41071040940796566,0.9176079629802669
3,3,0.43107797336442966,0.9697998456187058
3,3,0.41071040940796566,0.9697998456187058
3,3,0.41071040940796566,0.9697998456187058
3,3,0.43107797336442966,0.9697998456187058
3,2,0.43107797336442966,0.021991728257145127
3,3,0.43107797336442966,0.9697998456187058
3,2,0.4514455373208941,0.021991728257145127
3,2,0.43107797336442966,0.021991728257145127
3,2,0.43107797336442966,0.021991728257145127
3,2,0.4514455373208941,0.021991728257145127
3,2,0.4514455373208941,0.074183610895584
3,3,0.41071040940796566,0.9176079629802669
3,3,0.43107797336442966,0.9176079629802669
3,3,0.43107797336442966,0.9697998456187058
3,3,0.43107797336442966,0.9176079629802669
3,3,0.4514455373208941,0.9697998456187058
3,3,0.43107797336442966,0.9697998456187058
3,3,0.43107797336442966,0.9697998456187058
3,3,0.4514455373208941,0.9697998456187058
3,2,0.4514455373208941,0.021991728257145127
3,3,0.43107797336442966,0.9176079629802669
3,3,0.4514455373208941,0.9176079629802669
3,3,0.4514455373208941,0.9697998456187058
3,2,0.4514455373208941,0.3873349067262186
3,2,0.4514455373208941,0.33514302408777974
3,2,0.4718311576283831,0.33514302408777974
3,2,0.4514455373208941,0.33514302408777974
3,2,0.4718311576283831,0.2829511414493404
3,2,0.4718311576283831,0.33514302408777974
3,2,0.4718311576283831,0.33514302408777974
3,2,0.4718311576283831,0.2829511414493404
3,2,0.4922167779358726,0.2829511414493404
3,2,0.4718311576283831,0.2829511414493404
3,2,0.4922167779358726,0.23075925881090154
3,2,0.4922167779358726,0.2829511414493404
3,2,0.4922167779358726,0.2829511414493404
3,2,0.4922167779358726,0.23075925881090154
3,2,0.5126023982433616,0.23075925881090154
3,2,0.4922167779358726,0.23075925881090154
3,2,0.5126023982433616,0.1785673761724622
3,2,0.5126023982433616,0.23075925881090154
3,2,0.5126023982433616,0.23075925881090154
3,2,0.5126023982433616,0.1785673761724622
3,2,0.5329880185508511,0.1785673761724622
3,2,0.5126023982433616,0.1785673761724622
3,2,0.5329880185508511,0.12637549353402333
3,2,0.5329880185508511,0.1785673761724622
3,2,0.5329880185508511,0.1785673761724622
3,2,0.5329880185508511,0.12637549353402333
3,2,0.5533736388583401,0.12637549353402333
3,2,0.5329880185508511,0.12637549353402333
3,2,0.5533736388583401,0.074183610895584
3,2,0.5533736388583401,0.12637549353402333
3,2,0.5533736388583401,0.12637549353402333
3,2,0.5533736388583401,0.074183610895584
3,2,0.5737592591658296,0.074183610895584
3,2,0.5533736388583401,0.074183610895584
3,2,0.5737592591658296,0.021991728257145127
3,2,0.5737592591658296,0.074183610895584
3,2,0.5737592591658296,0.074183610895584
3,2,0.5737592591658296,0.021991728257145127
3,2,0.5941448794733186,0.021991728257145127
3,2,0.5737592591658296,0.021991728257145127
3,3,0.5941448794733186,0.9697998456187058
3,2,0.5941448794733186,0.021991728257145127
3,2,0.5941448794733186,0.021991728257145127
3,3,0.5941448794733186,0.9697998456187058
3,3,0.6145304997808081,0.9697998456187058
3,3,0.5941448794733186,0.9697998456187058
3,3,0.6145304997808081,0.9176079629802669
3,3,0.6145304997808081,0.9697998456187058
3,3,0.6145304997808081,0.9697998456187058
3,3,0.6145304997808081,0.9176079629802669
3,3,0.6349161200882971,0.9176079629802669
3,2,0.4514455373208941,0.33514302408777974
3,2,0.4514455373208941,0.2829511414493404
3,2,0.4718311576283831,0.2829511414493404
3,2,0.4514455373208941,0.2829511414493404
3,2,0.4718311576283831,0.23075925881090154
3,2,0.4718311576283831,0.2829511414493404
3,2,0.4718311576283831,0.2829511414493404
3,2,0.4718311576283831,0.23075925881090154
3,2,0.4922167779358726,0.23075925881090154
3,2,0.4718311576283831,0.23075925881090154
3,2,0.4922167779358726,0.1785673761724622
3,2,0.4922167779358726,0.23075925881090154
3,2,0.4922167779358726,0.23075925881090154
3,2,0.4922167779358726,0.1785673761724622
3,2,0.5126023982433616,0.1785673761724622
3,2,0.4922167779358726,0.1785673761724622
3,2,0.5126023982433616,0.12637549353402333
3,2,0.5126023982433616,0.1785673761724622
3,2,0.5126023982433616,0.1785673761724622
3,2,0.5126023982433616,0.12637549353402333
3,2,0.5329880185508511,0.12637549353402333
3,2,0.5126023982433616,0.12637549353402333
3,2,0.5329880185508511,0.074183610895584
3,2,0.5329880185508511,0.12637549353402333
3,2,0.5329880185508511,0.12637549353402333
3,2,0.5329880185508511,0.074183610895584
3,2,0.5533736388583401,0.074183610895584
3,2,0.5329880185508511,0.074183610895584
3,2,0.5533736388583401,0.021991728257145127
3,2,0.5533736388583401,0.074183610895584
3,2,0.5533736388583401,0.074183610895584
3,2,0.5533736388583401,0.021991728257145127
3,2,0.5737592591658296,0.021991728257145127
3,2,0.5533736388583401,0.021991728257145127
3,3,0.5737592591658296,0.9697998456187058
3,2,0.5737592591658296,0.021991728257145127
3,2,0.5737592591658296,0.021991728257145127
3,3,0.5737592591658296,0.9697998456187058
3,3,0.5941448794733186,0.9697998456187058
3,3,0.5737592591658296,0.9697998456187058
3,3,0.5941448794733186,0.9176079629802669
3,3,0.5941448794733186,0.9697998456187058
3,3,0.5941448794733186,0.9697998456187058
3,3,0.5941448794733186,0.9176079629802669
3,3,0.6145304997808081,0.9176079629802669
3,2,0.4514455373208941,0.2829511414493404
3,2,0.4514455373208941,0.23075925881090154
3,2,0.4718311576283831,0.23075925881090154
3,2,0.4514455373208941,0.23075925881090154
3,2,0.4718311576283831,0.1785673761724622
3,2,0.4718311576283831,0.23075925881090154
3,2,0.4718311576283831,0.23075925881090154
3,2,0.4718311576283831,0.1785673761724622
3,2,0.4922167779358726,0.1785673761724622
3,2,0.4718311576283831,0.1785673761724622
3,2,0.4922167779358726,0.12637549353402333
3,2,0.4922167779358726,0.1785673761724622
3,2,0.4922167779358726,0.1785673761724622
3,2,0.4922167779358726,0.12637549353402333
3,2,0.5126023982433616,0.12637549353402333
3,2,0.4922167779358726,0.12637549353402333
3,2,0.5126023982433616,0.074183610895584
3,2,0.5126023982433616,0.12637549353402333
3,2,0.5126023982433616,0.12637549353402333
3,2,0.5126023982433616,0.074183610895584
3,2,0.5329880185508511,0.074183610895584
3,2,0.5126023982433616,0.074183610895584
3,2,0.5329880185508511,0.021991728257145127
3,2,0.5329880185508511,0.074183610895584
3,2,0.5329880185508511,0.074183610895584
3,2,0.5329880185508511,0.021991728257145127
3,2,0.5533736388583401,0.021991728257145127
3,2,0.5329880185508511,0.021991728257145127
3,3,0.5533736388583401,0.9697998456187058
3,2,0.5533736388583401,0.021991728257145127
3,2,0.5533736388583401,0.021991728257145127
3,3,0.5533736388583401,0.9697998456187058
3,3,0.5737592591658296,0.9697998456187058
3,3,0.5533736388583401,0.9697998456187058
3,3,0.5737592591658296,0.9176079629802669
3,3,0.5737592591658296,0.9697998456187058
3,3,0.5737592591658296,0.9697998456187058
3,3,0.5737592591658296,0.9176079629802669
3,3,0.5941448794733186,0.9176079629802669
3,2,0.4514455373208941,0.23075925881090154
3,2,0.4514455373208941,0.1785673761724622
3,2,0.4718311576283831,0.1785673761724622
3,2,0.4514455373208941,0.1785673761724622
3,2,0.4718311576283831,0.12637549353402333
3,2,0.4718311576283831,0.1785673761724622
3,2,0.4718311576283831,0.1785673761724622
3,2,0.4718311576283831,0.12637549353402333
3,2,0.4922167779358726,0.12637549353402333
3,2,0.4718311576283831,0.12637549353402333
3,2,0.4922167779358726,0.074183610895584
3,2,0.4922167779358726,0.12637549353402333
3,2,0.4922167779358726,0.12637549353402333
3,2,0.4922167779358726,0.074183610895584
3,2,0.5126023982433616,0.074183610895584
3,2,0.4922167779358726,0.074183610895584
3,2,0.5126023982433616,0.021991728257145127
3,2,0.5126023982433616,0.074183610895584
3,2,0.5126023982433616,0.074183610895584
3,2,0.5126023982433616,0.021991728257145127
3,2,0.5329880185508511,0.021991728257145127
3,2,0.5126023982433616,0.021991728257145127
3,3,0.5329880185508511,0.9697998456187058
3,2,0.5329880185508511,0.021991728257145127
3,2,0.5329880185508511,0.021991728257145127
3,3,0.5329880185508511,0.9697998456187058
3,3,0.5533736388583401,0.9697998456187058
3,3,0.5329880185508511,0.9697998456187058
3,3,0.5533736388583401,0.9176079629802669
3,3,0.5533736388583401,0.9697998456187058
3,3,0.5533736388583401,0.9697998456187058
3,3,0.5533736388583401,0.9176079629802669
3,3,0.5737592591658296,0.9176079629802669
3,2,0.4514455373208941,0.1785673761724622
3,2,0.4514455373208941,0.12637549353402333
3,2,0.4718311576283831,0.12637549353402333
3,2,0.4514455373208941,0.12637549353402333
3,2,0.4718311576283831,0.074183610895584
3,2,0.4718311576283831,0.12637549353402333
3,2,0.4718311576283831,0.12637549353402333
3,2,0.4718311576283831,0.074183610895584
3,2,0.4922167779358726,0.074183610895584
3,2,0.4718311576283831,0.074183610895584
3,2,0.4922167779358726,0.021991728257145127
3,2,0.4922167779358726,0.074183610895584
3,2,0.4922167779358726,0.074183610895584
3,2,0.4922167779358726,0.021991728257145127
3,2,0.5126023982433616,0.021991728257145127
3,2,0.4922167779358726,0.021991728257145127
3,3,0.5126023982433616,0.9697998456187058
3,2,0.5126023982433616,0.021991728257145127
3,2,0.5126023982433616,0.021991728257145127
3,3,0.5126023982433616,0.9697998456187058
3,3,0.5329880185508511,0.9697998456187058
3,3,0.5126023982433616,0.9697998456187058
3,3,0.5329880185508511,0.9176079629802669
3,3,0.5329880185508511,0.9697998456187058
3,3,0.5329880185508511,0.9697998456187058
3,3,0.5329880185508511,0.9176079629802669
3,3,0.5533736388583401,0.9176079629802669
3,2,0.4514455373208941,0.12637549353402333
3,2,0.4514455373208941,0.074183610895584
3,2,0.4718311576283831,0.074183610895584
3,2,0.4514455373208941,0.074183610895584
3,2,0.4718311576283831,0.021991728257145127
3,2,0.4718311576283831,0.074183610895584
3,2,0.4718311576283831,0.074183610895584
3,2,0.4718311576283831,0.021991728257145127
3,2,0.4922167779358726,0.021991728257145127
3,2,0.4718311576283831,0.021991728257145127
3,3,0.4922167779358726,0.9697998456187058
3,2,0.4922167779358726,0.021991728257145127
3,2,0.4922167779358726,0.021991728257145127
3,3,0.4922167779358726,0.9697998456187058
3,3,0.5126023982433616,0.9697998456187058
3,3,0.4922167779358726,0.9697998456187058
3,3,0.5126023982433616,0.9176079629802669
3,3,0.5126023982433616,0.9697998456187058
3,3,0.5126023982433616,0.9697998456187058
3,3,0.5126023982433616,0.9176079629802669
3,3,0.5329880185508511,0.9176079629802669
3,2,0.4514455373208941,0.074183610895584
3,2,0.4514455373208941,0.021991728257145127
3,2,0.4718311576283831,0.021991728257145127
3,2,0.4514455373208941,0.021991728257145127
3,3,0.4718311576283831,0.9697998456187058
3,2,0.4718311576283831,0.021991728257145127
3,2,0.4718311576283831,0.021991728257145127
3,3,0.4718311576283831,0.9697998456187058
3,3,0.4922167779358726,0.9697998456187058
3,3,0.4718311576283831,0.9697998456187058
3,3,0.4922167779358726,0.9176079629802669
3,3,0.4922167779358726,0.9697998456187058
3,3,0.4922167779358726,0.9697998456187058
3,3,0.4922167779358726,0.9176079629802669
3,3,0.5126023982433616,0.9176079629802669
3,2,0.4514455373208941,0.021991728257145127
3,3,0.4514455373208941,0.9697998456187058
3,3,0.4718311576283831,0.9697998456187058
3,3,0.4514455373208941,0.9697998456187058
3,3,0.4718311576283831,0.9176079629802669
3,3,0.4718311576283831,0.9697998456187058
3,3,0.4718311576283831,0.9697998456187058
3,3,0.4718311576283831,0.9176079629802669
3,3,0.4922167779358726,0.9176079629802669
3,3,0.4514455373208941,0.9697998456187058
3,3,0.4514455373208941,0.9176079629802669
3,3,0.4718311576283831,0.9176079629802669
3,3,0.6349161200882971,0.9176079629802669
3,3,0.6349161200882976,0.9697998456187058
3,3,0.6145304997808081,0.9697998456187058
3,3,0.6349161200882976,0.9697998456187058
3,2,0.6145304997808081,0.021991728257145127
3,3,0.6145304997808081,0.9697998456187058
3,3,0.6145304997808081,0.9697998456187058
3,2,0.6145304997808081,0.021991728257145127
3,2,0.5941448794733186,0.021991728257145127
3,2,0.6145304997808081,0.021991728257145127
3,2,0.5941448794733186,0.074183610895584
3,2,0.5941448794733186,0.021991728257145127
3,2,0.5941448794733186,0.021991728257145127
3,2,0.5941448794733186,0.074183610895584
3,2,0.5737592591658296,0.074183610895584
3,2,0.5941448794733186,0.074183610895584
3,2,0.5737592591658296,0.12637549353402333
3,2,0.5737592591658296,0.074183610895584
3,2,0.5737592591658296,0.074183610895584
3,2,0.5737592591658296,0.12637549353402333
3,2,0.5533736388583401,0.12637549353402333
3,2,0.5737592591658296,0.12637549353402333
3,2,0.5533736388583401,0.1785673761724622
3,2,0.5533736388583401,0.12637549353402333
3,2,0.5533736388583401,0.12637549353402333
3,2,0.5533736388583401,0.1785673761724622
3,2,0.5329880185508511,0.1785673761724622
3,2,0.5533736388583401,0.1785673761724622
3,2,0.5329880185508511,0.23075925881090154
3,2,0.5329880185508511,0.1785673761724622
3,2,0.5329880185508511,0.1785673761724622
3,2,0.5329880185508511,0.23075925881090154
3,2,0.5126023982433616,0.23075925881090154
3,2,0.5329880185508511,0.23075925881090154
3,2,0.5126023982433616,0.2829511414493404
3,2,0.5126023982433616,0.23075925881090154
3,2,0.5126023982433616,0.23075925881090154
3,2,0.5126023982433616,0.2829511414493404
3,2,0.4922167779358726,0.2829511414493404
3,2,0.5126023982433616,0.2829511414493404
3,2,0.4922167779358726,0.33514302408777974
3,2,0.4922167779358726,0.2829511414493404
3,2,0.4922167779358726,0.2829511414493404
3,2,0.4922167779358726,0.33514302408777974
3,2,0.4718311576283831,0.33514302408777974
3,2,0.4922167779358726,0.33514302408777974
3,2,0.4718311576283831,0.3873349067262186
3,2,0.4718311576283831,0.33514302408777974
3,2,0.4718311576283831,0.33514302408777974
3,2,0.4718311576283831,0.3873349067262186
3,2,0.4514455373208941,0.3873349067262186
3,3,0.6349161200882976,0.9697998456187058
3,2,0.6349161200882976,0.021991728257145127
3,2,0.6145304997808081,0.021991728257145127
3,2,0.6349161200882976,0.021991728257145127
3,2,0.6145304997808081,0.074183610895584
3,2,0.6145304997808081,0.021991728257145127
3,2,0.6145304997808081,0.021991728257145127
3,2,0.6145304997808081,0.074183610895584
3,2,0.5941448794733186,0.074183610895584
3,2,0.6145304997808081,0.074183610895584
3,2,0.5941448794733186,0.12637549353402333
3,2,0.5941448794733186,0.074183610895584
3,2,0.5941448794733186,0.074183610895584
3,2,0.5941448794733186,0.12637549353402333
3,2,0.5737592591658296,0.12637549353402333
3,2,0.5941448794733186,0.12637549353402333
3,2,0.5737592591658296,0.1785673761724622
3,2,0.5737592591658296,0.12637549353402333
3,2,0.5737592591658296,0.12637549353402333
3,2,0.5737592591658296,0.1785673761724622
3,2,0.5533736388583401,0.1785673761724622
3,2,0.5737592591658296,0.1785673761724622
3,2,0.5533736388583401,0.23075925881090154
3,2,0.5533736388583401,0.1785673761724622
3,2,0.5533736388583401,0.1785673761724622
3,2,0.5533736388583401,0.23075925881090154
3,2,0.5329880185508511,0.23075925881090154
3,2,0.5533736388583401,0.23075925881090154
3,2,0.5329880185508511,0.2829511414493404
3,2,0.5329880185508511,0.23075925881090154
3,2,0.5329880185508511,0.23075925881090154
3,2,0.5329880185508511,0.2829511414493404
3,2,0.5126023982433616,0.2829511414493404
3,2,0.5329880185508511,0.2829511414493404
3,2,0.5126023982433616,0.33514302408777974
3,2,0.5126023982433616,0.2829511414493404
3,2,0.5126023982433616,0.2829511414493404
3,2,0.5126023982433616,0.33514302408777974
3,2,0.4922167779358726,0.33514302408777974
3,2,0.5126023982433616,0.33514302408777974
3,2,0.4922167779358726,0.3873349067262186
3,2,0.4922167779358726,0.33514302408777974
3,2,0.4922167779358726,0.33514302408777974
3,2,0.4922167779358726,0.3873349067262186
3,2,0.4718311576283831,0.3873349067262186
3,2,0.6349161200882976,0.021991728257145127
3,2,0.6349161200882976,0.074183610895584
3,2,0.6145304997808081,0.074183610895584
3,2,0.6349161200882976,0.074183610895584
3,2,0.6145304997808081,0.12637549353402333
3,2,0.6145304997808081,0.074183610895584
3,2,0.6145304997808081,0.074183610895584
3,2,0.6145304997808081,0.12637549353402333
3,2,0.5941448794733186,0.12637549353402333
3,2,0.6145304997808081,0.12637549353402333
3,2,0.5941448794733186,0.1785673761724622
3,2,0.5941448794733186,0.12637549353402333
3,2,0.5941448794733186,0.12637549353402333
3,2,0.5941448794733186,0.1785673761724622
3,2,0.5737592591658296,0.1785673761724622
3,2,0.5941448794733186,0.1785673761724622
3,2,0.5737592591658296,0.23075925881090154
3,2,0.5737592591658296,0.1785673761724622
3,2,0.5737592591658296,0.1785673761724622
3,2,0.5737592591658296,0.23075925881090154
3,2,0.5533736388583401,0.23075925881090154
3,2,0.5737592591658296,0.23075925881090154
3,2,0.5533736388583401,0.2829511414493404
3,2,0.5533736388583401,0.23075925881090154
3,2,0.5533736388583401,0.23075925881090154
3,2,0.5533736388583401,0.2829511414493404
3,2,0.5329880185508511,0.2829511414493404
3,2,0.5533736388583401,0.2829511414493404
3,2,0.5329880185508511,0.33514302408777974
3,2,0.5329880185508511,0.2829511414493404
3,2,0.5329880185508511,0.2829511414493404
3,2,0.5329880185508511,0.33514302408777974
3,2,0.5126023982433616,0.33514302408777974
3,2,0.5329880185508511,0.33514302408777974
3,2,0.5126023982433616,0.3873349067262186
3,2,0.5126023982433616,0.33514302408777974
3,2,0.5126023982433616,0.33514302408777974
3,2,0.5126023982433616,0.3873349067262186
3,2,0.4922167779358726,0.3873349067262186
3,2,0.6349161200882976,0.074183610895584
3,2,0.6349161200882976,0.12637549353402333
3,2,0.6145304997808081,0.12637549353402333
3,2,0.6349161200882976,0.12637549353402333
3,2,0.6145304997808081,0.1785673761724622
3,2,0.6145304997808081,0.12637549353402333
3,2,0.6145304997808081,0.12637549353402333
3,2,0.6145304997808081,0.1785673761724622
3,2,0.5941448794733186,0.1785673761724622
3,2,0.6145304997808081,0.1785673761724622
3,2,0.5941448794733186,0.23075925881090154
3,2,0.5941448794733186,0.1785673761724622
3,2,0.5941448794733186,0.1785673761724622
3,2,0.5941448794733186,0.23075925881090154
3,2,0.5737592591658296,0.23075925881090154
3,2,0.5941448794733186,0.23075925881090154
3,2,0.5737592591658296,0.2829511414493404
3,2,0.5737592591658296,0.23075925881090154
3,2,0.5737592591658296,0.23075925881090154
3,2,0.5737592591658296,0.2829511414493404
3,2,0.5533736388583401,0.2829511414493404
3,2,0.5737592591658296,0.2829511414493404
3,2,0.5533736388583401,0.33514302408777974
3,2,0.5533736388583401,0.2829511414493404
3,2,0.5533736388583401,0.2829511414493404
3,2,0.5533736388583401,0.33514302408777974
3,2,0.5329880185508511,0.33514302408777974
3,2,0.5533736388583401,0.33514302408777974
3,2,0.5329880185508511,0.3873349067262186
3,2,0.5329880185508511,0.33514302408777974
3,2,0.5329880185508511,0.33514302408777974
3,2,0.5329880185508511,0.3873349067262186
3,2,0.5126023982433616,0.3873349067262186
3,2,0.6349161200882976,0.12637549353402333
3,2,0.6349161200882976,0.1785673761724622
3,2,0.6145304997808081,0.1785673761724622
3,2,0.6349161200882976,0.1785673761724622
3,2,0.6145304997808081,0.23075925881090154
3,2,0.6145304997808081,0.1785673761724622
3,2,0.6145304997808081,0.1785673761724622
3,2,0.6145304997808081,0.23075925881090154
3,2,0.5941448794733186,0.23075925881090154
3,2,0.6145304997808081,0.23075925881090154
3,2,0.5941448794733186,0.2829511414493404
3,2,0.5941448794733186,0.23075925881090154
3,2,0.5941448794733186,0.23075925881090154
3,2,0.5941448794733186,0.2829511414493404
3,2,0.5737592591658296,0.2829511414493404
3,2,0.5941448794733186,0.2829511414493404
3,2,0.5737592591658296,0.33514302408777974
3,2,0.5737592591658296,0.2829511414493404
3,2,0.5737592591658296,0.2829511414493404
3,2,0.5737592591658296,0.33514302408777974
3,2,0.5533736388583401,0.33514302408777974
3,2,0.5737592591658296,0.33514302408777974
3,2,0.5533736388583401,0.3873349067262186
3,2,0.5533736388583401,0.33514302408777974
3,2,0.5533736388583401,0.33514302408777974
3,2,0.5533736388583401,0.3873349067262186
3,2,0.5329880185508511,0.3873349067262186
3,2,0.6349161200882976,0.1785673761724622
3,2,0.6349161200882976,0.23075925881090154
3,2,0.6145304997808081,0.23075925881090154
3,2,0.6349161200882976,0.23075925881090154
3,2,0.6145304997808081,0.2829511414493404
3,2,0.6145304997808081,0.23075925881090154
3,2,0.6145304997808081,0.23075925881090154
3,2,0.6145304997808081,0.2829511414493404
3,2,0.5941448794733186,0.2829511414493404
3,2,0.6145304997808081,0.2829511414493404
3,2,0.5941448794733186,0.33514302408777974
3,2,0.5941448794733186,0.2829511414493404
3,2,0.5941448794733186,0.2829511414493404
3,2,0.5941448794733186,0.33514302408777974
3,2,0.5737592591658296,0.33514302408777974
3,2,0.5941448794733186,0.33514302408777974
3,2,0.5737592591658296,0.3873349067262186
3,2,0.5737592591658296,0.33514302408777974
3,2,0.5737592591658296,0.33514302408777974
3,2,0.5737592591658296,0.3873349067262186
3,2,0.5533736388583401,0.3873349067262186
3,2,0.6349161200882976,0.23075925881090154
3,2,0.6349161200882976,0.2829511414493404
3,2,0.6145304997808081,0.2829511414493404
3,2,0.6349161200882976,0.2829511414493404
3,2,0.6145304997808081,0.33514302408777974
3,2,0.6145304997808081,0.2829511414493404
3,2,0.6145304997808081,0.2829511414493404
3,2,0.6145304997808081,0.33514302408777974
3,2,0.5941448794733186,0.33514302408777974
3,2,0.6145304997808081,0.33514302408777974
3,2,0.5941448794733186,0.3873349067262186
3,2,0.5941448794733186,0.33514302408777974
3,2,0.5941448794733186,0.33514302408777974
3,2,0.5941448794733186,0.3873349067262186
3,2,0.5737592591658296,0.3873349067262186
3,2,0.6349161200882976,0.2829511414493404
3,2,0.6349161200882976,0.33514302408777974
3,2,0.6145304997808081,0.33514302408777974
3,2,0.6349161200882976,0.33514302408777974
3,2,0.6145304997808081,0.3873349067262186
3,2,0.6145304997808081,0.33514302408777974
3,2,0.6145304997808081,0.33514302408777974
3,2,0.6145304997808081,0.3873349067262186
3,2,0.5941448794733186,0.3873349067262186
3,2,0.6349161200882976,0.33514302408777974
3,2,0.6349161200882976,0.3873349067262186
3,2,0.6145304997808081,0.3873349067262186
3,2,0.9900000000000002,0.5
3,2,0.8910821748351836,0.41254748491299376
3,2,0.8910821748351836,0.5874525150870062
4,2,0.08891782516481683,0.41254748491299376
4,2,0.08891782516481683,0.5874525150870062
4,2,0.006225962251296124,0.6738692280329319
3,2,0.9659672496547427,0.6738692280329319
3,2,0.9659672496547427,0.6311187382958017
3,2,0.9659672496547427,0.6738692280329319
3,2,0.9257085370581892,0.6311187382958017
3,2,0.9659672496547427,0.6311187382958017
3,2,0.9659672496547427,0.6311187382958017
3,2,0.9257085370581892,0.6311187382958017
3,2,0.9257085370581892,0.588368248558671
3,2,0.9257085370581892,0.6311187382958017
3,2,0.8854498244616358,0.588368248558671
3,2,0.9257085370581892,0.588368248558671
3,2,0.9257085370581892,0.588368248558671
3,2,0.8854498244616358,0.588368248558671
3,2,0.8854498244616358,0.5456177588215407
3,2,0.8854498244616358,0.588368248558671
3,2,0.8451911118650828,0.5456177588215407
3,2,0.8854498244616358,0.5456177588215407
3,2,0.8854498244616358,0.5456177588215407
3,2,0.8451911118650828,0.5456177588215407
3,2,0.8451911118650828,0.50286726908441
3,2,0.9659672496547427,0.6738692280329319
3,2,0.9257085370581892,0.6738692280329319
3,2,0.9257085370581892,0.6311187382958017
3,2,0.9257085370581892,0.6738692280329319
3,2,0.8854498244616358,0.6311187382958017
3,2,0.9257085370581892,0.6311187382958017
3,2,0.9257085370581892,0.6311187382958017
3,2,0.8854498244616358,0.6311187382958017
3,2,0.8854498244616358,0.588368248558671
3,2,0.8854498244616358,0.6311187382958017
3,2,0.8451911118650828,0.588368248558671
3,2,0.8854498244616358,0.588368248558671
3,2,0.8854498244616358,0.588368248558671
3,2,0.8451911118650828,0.588368248558671
3,2,0.8451911118650828,0.5456177588215407
3,2,0.9257085370581892,0.6738692280329319
3,2,0.8854498244616358,0.6738692280329319
3,2,0.8854498244616358,0.6311187382958017
3,2,0.8854498244616358,0.6738692280329319
3,2,0.8451911118650828,0.6311187382958017
3,2,0.8854498244616358,0.6311187382958017
3,2,0.8854498244616358,0.6311187382958017
3,2,0.8451911118650828,0.6311187382958017
3,2,0.8451911118650828,0.588368248558671
3,2,0.8854498244616358,0.6738692280329319
3,2,0.8451911118650828,0.6738692280329319
3,2,0.8451911118650828,0.6311187382958017
3,2,0.8451911118650828,0.50286726908441
3,2,0.8854498244616358,0.50286726908441
3,2,0.8854498244616358,0.5456177588215407
3,2,0.8854498244616358,0.50286726908441
3,2,0.9257085370581892,0.5456177588215407
3,2,0.8854498244616358,0.5456177588215407
3,2,0.8854498244616358,0.5456177588215407
3,2,0.9257085370581892,0.5456177588215407
3,2,0.9257085370581892,0.588368248558671
3,2,0.9257085370581892,0.5456177588215407
3,2,0.9659672496547427,0.588368248558671
3,2,0.9257085370581892,0.588368248558671
3,2,0.9257085370581892,0.588368248558671
3,2,0.9659672496547427,0.588368248558671
3,2,0.9659672496547427,0.6311187382958017
3,2,0.9659672496547427,0.588368248558671
4,2,0.006225962251296124,0.6311187382958017
3,2,0.9659672496547427,0.6311187382958017
3,2,0.9659672496547427,0.6311187382958017
4,2,0.006225962251296124,0.6311187382958017
4,2,0.006225962251296124,0.6738692280329319
3,2,0.8854498244616358,0.50286726908441
3,2,0.9257085370581892,0.50286726908441
3,2,0.9257085370581892,0.5456177588215407
3,2,0.9257085370581892,0.50286726908441
3,2,0.9659672496547427,0.5456177588215407
3,2,0.9257085370581892,0.5456177588215407
3,2,0.9257085370581892,0.5456177588215407
3,2,0.9659672496547427,0.5456177588215407
3,2,0.9659672496547427,0.588368248558671
3,2,0.9659672496547427,0.5456177588215407
4,2,0.006225962251296124,0.588368248558671
3,2,0.9659672496547427,0.588368248558671
3,2,0.9659672496547427,0.588368248558671
4,2,0.006225962251296124,0.588368248558671
4,2,0.006225962251296124,0.6311187382958017
3,2,0.9257085370581892,0.50286726908441
3,2,0.9659672496547427,0.50286726908441
3,2,0.9659672496547427,0.5456177588215407
3,2,0.9659672496547427,0.50286726908441
4,2,0.006225962251296124,0.5456177588215407
3,2,0.9659672496547427,0.5456177588215407
3,2,0.9659672496547427,0.5456177588215407
4,2,0.006225962251296124,0.5456177588215407
4,2,0.006225962251296124,0.588368248558671
3,2,0.9659672496547427,0.50286726908441
4,2,0.006225962251296124,0.50286726908441
4,2,0.006225962251296124,0.5456177588215407
4,2,0.006225962251296124,0.50286726908441
3,2,0.9659672496547427,0.50286726908441
3,2,0.9659672496547427,0.4601468007586118
3,2,0.9659672496547427,0.50286726908441
3,2,0.9257085370581892,0.4601468007586118
3,2,0.9659672496547427,0.4601468007586118
3,2,0.9659672496547427,0.4601468007586118
3,2,0.9257085370581892,0.4601468007586118
3,2,0.9257085370581892,0.4174263324328136
3,2,0.9257085370581892,0.4601468007586118
3,2,0.8854498244616358,0.4174263324328136
3,2,0.9257085370581892,0.4174263324328136
3,2,0.9257085370581892,0.4174263324328136
3,2,0.8854498244616358,0.4174263324328136
3,2,0.8854498244616358,0.37470586410701534
3,2,0.8854498244616358,0.4174263324328136
3,2,0.8451911118650828,0.37470586410701534
3,2,0.8854498244616358,0.37470586410701534
3,2,0.8854498244616358,0.37470586410701534
3,2,0.8451911118650828,0.37470586410701534
3,2,0.8451911118650828,0.3319853957812171
3,2,0.9659672496547427,0.50286726908441
3,2,0.9257085370581892,0.50286726908441
3,2,0.9257085370581892,0.4601468007586118
3,2,0.9257085370581892,0.50286726908441
3,2,0.8854498244616358,0.4601468007586118
3,2,0.9257085370581892,0.4601468007586118
3,2,0.9257085370581892,0.4601468007586118
3,2,0.8854498244616358,0.4601468007586118
3,2,0.8854498244616358,0.4174263324328136
3,2,0.8854498244616358,0.4601468007586118
3,2,0.8451911118650828,0.4174263324328136
3,2,0.8854498244616358,0.4174263324328136
3,2,0.8854498244616358,0.4174263324328136
3,2,0.8451911118650828,0.4174263324328136
3,2,0.8451911118650828,0.37470586410701534
3,2,0.9257085370581892,0.50286726908441
3,2,0.8854498244616358,0.50286726908441
3,2,0.8854498244616358,0.4601468007586118
3,2,0.8854498244616358,0.50286726908441
3,2,0.8451911118650828,0.4601468007586118
3,2,0.8854498244616358,0.4601468007586118
3,2,0.8854498244616358,0.4601468007586118
3,2,0.8451911118650828,0.4601468007586118
3,2,0.8451911118650828,0.4174263324328136
3,2,0.8854498244616358,0.50286726908441
3,2,0.8451911118650828,0.50286726908441
3,2,0.8451911118650828,0.4601468007586118
3,2,0.8451911118650828,0.3319853957812171
3,2,0.8854498244616358,0.3319853957812171
3,2,0.8854498244616358,0.37470586410701534
3,2,0.8854498244616358,0.3319853957812171
3,2,0.9257085370581892,0.37470586410701534
3,2,0.8854498244616358,0.37470586410701534
3,2,0.8854498244616358,0.37470586410701534
3,2,0.9257085370581892,0.37470586410701534
3,2,0.9257085370581892,0.4174263324328136
3,2,0.9257085370581892,0.37470586410701534
3,2,0.9659672496547427,0.4174263324328136
3,2,0.9257085370581892,0.4174263324328136
3,2,0.9257085370581892,0.4174263324328136
3,2,0.9659672496547427,0.4174263324328136
3,2,0.9659672496547427,0.4601468007586118
3,2,0.9659672496547427,0.4174263324328136
4,2,0.006225962251296124,0.4601468007586118
3,2,0.9659672496547427,0.4601468007586118
3,2,0.9659672496547427,0.4601468007586118
4,2,0.006225962251296124,0.4601468007586118
4,2,0.006225962251296124,0.50286726908441
3,2,0.8854498244616358,0.3319853957812171
3,2,0.9257085370581892,0.3319853957812171
3,2,0.9257085370581892,0.37470586410701534
3,2,0.9257085370581892,0.3319853957812171
3,2,0.9659672496547427,0.37470586410701534
3,2,0.9257085370581892,0.37470586410701534
3,2,0.9257085370581892,0.37470586410701534
3,2,0.9659672496547427,0.37470586410701534
3,2,0.9659672496547427,0.4174263324328136
3,2,0.9659672496547427,0.37470586410701534
4,2,0.006225962251296124,0.4174263324328136
3,2,0.9659672496547427,0.4174263324328136
3,2,0.9659672496547427,0.4174263324328136
4,2,0.006225962251296124,0.4174263324328136
4,2,0.006225962251296124,0.4601468007586118
3,2,0.9257085370581892,0.3319853957812171
3,2,0.9659672496547427,0.3319853957812171
3,2,0.9659672496547427,0.37470586410701534
3,2,0.9659672496547427,0.3319853957812171
4,2,0.006225962251296124,0.37470586410701534
3,2,0.9659672496547427,0.37470586410701534
3,2,0.9659672496547427,0.37470586410701534
4,2,0.006225962251296124,0.37470586410701534
4,2,0.006225962251296124,0.4174263324328136
3,2,0.9659672496547427,0.3319853957812171
4,2,0.006225962251296124,0.3319853957812171
4,2,0.006225962251296124,0.37470586410701534
4,2,0.006225962251296124,0.6738692280329319
4,2,0.006225962251296124,0.6311187382958017
4,2,0.04645465343651711,0.6311187382958017
4,2,0.006225962251296124,0.6311187382958017
4,2,0.04645465343651711,0.588368248558671
4,2,0.04645465343651711,0.6311187382958017
4,2,0.04645465343651711,0.6311187382958017
4,2,0.04645465343651711,0.588368248558671
4,2,0.0866833446217381,0.588368248558671
4,2,0.04645465343651711,0.588368248558671
4,2,0.0866833446217381,0.5456177588215407
4,2,0.0866833446217381,0.588368248558671
4,2,0.0866833446217381,0.588368248558671
4,2,0.0866833446217381,0.5456177588215407
4,2,0.1269120358069591,0.5456177588215407
4,2,0.0866833446217381,0.5456177588215407
4,2,0.1269120358069591,0.50286726908441
4,2,0.1269120358069591,0.5456177588215407
4,2,0.1269120358069591,0.5456177588215407
4,2,0.1269120358069591,0.50286726908441
4,2,0.16714072699218008,0.50286726908441
4,2,0.006225962251296124,0.6311187382958017
4,2,0.006225962251296124,0.588368248558671
4,2,0.04645465343651711,0.588368248558671
4,2,0.006225962251296124,0.588368248558671
4,2,0.04645465343651711,0.5456177588215407
4,2,0.04645465343651711,0.588368248558671
4,2,0.04645465343651711,0.588368248558671
4,2,0.04645465343651711,0.5456177588215407
4,2,0.0866833446217381,0.5456177588215407
4,2,0.04645465343651711,0.5456177588215407
4,2,0.0866833446217381,0.50286726908441
4,2,0.0866833446217381,0.5456177588215407
4,2,0.0866833446217381,0.5456177588215407
4,2,0.0866833446217381,0.50286726908441
4,2,0.1269120358069591,0.50286726908441
4,2,0.006225962251296124,0.588368248558671
4,2,0.006225962251296124,0.5456177588215407
4,2,0.04645465343651711,0.5456177588215407
4,2,0.006225962251296124,0.5456177588215407
4,2,0.04645465343651711,0.50286726908441
4,2,0.04645465343651711,0.5456177588215407
4,2,0.04645465343651711,0.5456177588215407
4,2,0.04645465343651711,0.50286726908441
4,2,0.0866833446217381,0.50286726908441
4,2,0.006225962251296124,0.5456177588215407
4,2,0.006225962251296124,0.50286726908441
4,2,0.04645465343651711,0.50286726908441
4,2,0.16714072699218008,0.50286726908441
4,2,0.16714072699218008,0.5456177588215407
4,2,0.1269120358069591,0.5456177588215407
4,2,0.16714072699218008,0.5456177588215407
4,2,0.1269120358069591,0.588368248558671
4,2,0.1269120358069591,0.5456177588215407
4,2,0.1269120358069591,0.5456177588215407
4,2,0.1269120358069591,0.588368248558671
4,2,0.0866833446217381,0.588368248558671
4,2,0.1269120358069591,0.588368248558671
4,2,0.0866833446217381,0.6311187382958017
4,2,0.0866833446217381,0.588368248558671
4,2,0.0866833446217381,0.588368248558671
4,2,0.0866833446217381,0.6311187382958017
4,2,0.04645465343651711,0.6311187382958017
4,2,0.0866833446217381,0.6311187382958017
4,2,0.04645465343651711,0.6738692280329319
4,2,0.04645465343651711,0.6311187382958017
4,2,0.04645465343651711,0.6311187382958017
4,2,0.04645465343651711,0.6738692280329319
4,2,0.006225962251296124,0.6738692280329319
4,2,0.16714072699218008,0.5456177588215407
4,2,0.16714072699218008,0.588368248558671
4,2,0.1269120358069591,0.588368248558671
4,2,0.16714072699218008,0.588368248558671
4,2,0.1269120358069591,0.6311187382958017
4,2,0.1269120358069591,0.588368248558671
4,2,0.1269120358069591,0.588368248558671
4,2,0.1269120358069591,0.6311187382958017
4,2,0.0866833446217381,0.6311187382958017
4,2,0.1269120358069591,0.6311187382958017
4,2,0.0866833446217381,0.6738692280329319
4,2,0.0866833446217381,0.6311187382958017
4,2,0.0866833446217381,0.6311187382958017
4,2,0.0866833446217381,0.6738692280329319
4,2,0.04645465343651711,0.6738692280329319
4,2,0.16714072699218008,0.588368248558671
4,2,0.16714072699218008,0.6311187382958017
4,2,0.1269120358069591,0.6311187382958017
4,2,0.16714072699218008,0.6311187382958017
4,2,0.1269120358069591,0.6738692280329319
4,2,0.1269120358069591,0.6311187382958017
4,2,0.1269120358069591,0.6311187382958017
4,2,0.1269120358069591,0.6738692280329319
4,2,0.0866833446217381,0.6738692280329319
4,2,0.16714072699218008,0.6311187382958017
4,2,0.16714072699218008,0.6738692280329319
4,2,0.1269120358069591,0.6738692280329319
4,2,0.006225962251296124,0.50286726908441
4,2,0.006225962251296124,0.4601468007586118
4,2,0.04645465343651711,0.4601468007586118
4,2,0.006225962251296124,0.4601468007586118
4,2,0.04645465343651711,0.4174263324328136
4,2,0.04645465343651711,0.4601468007586118
4,2,0.04645465343651711,0.4601468007586118
4,2,0.04645465343651711,0.4174263324328136
4,2,0.0866833446217381,0.4174263324328136
4,2,0.04645465343651711,0.4174263324328136
4,2,0.0866833446217381,0.37470586410701534
4,2,0.0866833446217381,0.4174263324328136
4,2,0.0866833446217381,0.4174263324328136
4,2,0.0866833446217381,0.37470586410701534
4,2,0.1269120358069591,0.37470586410701534
4,2,0.0866833446217381,0.37470586410701534
4,2,0.1269120358069591,0.3319853957812171
4,2,0.1269120358069591,0.37470586410701534
4,2,0.1269120358069591,0.37470586410701534
4,2,0.1269120358069591,0.3319853957812171
4,2,0.16714072699218008,0.3319853957812171
4,2,0.006225962251296124,0.4601468007586118
4,2,0.006225962251296124,0.4174263324328136
4,2,0.04645465343651711,0.4174263324328136
4,2,0.006225962251296124,0.4174263324328136
4,2,0.04645465343651711,0.37470586410701534
4,2,0.04645465343651711,0.4174263324328136
4,2,0.04645465343651711,0.4174263324328136
4,2,0.04645465343651711,0.37470586410701534
4,2,0.0866833446217381,0.37470586410701534
4,2,0.04645465343651711,0.37470586410701534
4,2,0.0866833446217381,0.3319853957812171
4,2,0.0866833446217381,0.37470586410701534
4,2,0.0866833446217381,0.37470586410701534
4,2,0.0866833446217381,0.3319853957812171
4,2,0.1269120358069591,0.3319853957812171
4,2,0.006225962251296124,0.4174263324328136
4,2,0.006225962251296124,0.37470586410701534
4,2,0.04645465343651711,0.37470586410701534
4,2,0.006225962251296124,0.37470586410701534
4,2,0.04645465343651711,0.3319853957812171
4,2,0.04645465343651711,0.37470586410701534
4,2,0.04645465343651711,0.37470586410701534
4,2,0.04645465343651711,0.3319853957812171
4,2,0.0866833446217381,0.3319853957812171
4,2,0.006225962251296124,0.37470586410701534
4,2,0.006225962251296124,0.3319853957812171
4,2,0.04645465343651711,0.3319853957812171
4,2,0.16714072699218008,0.3319853957812171
4,2,0.16714072699218008,0.37470586410701534
4,2,0.1269120358069591,0.37470586410701534
4,2,0.16714072699218008,0.37470586410701534
4,2,0.1269120358069591,0.4174263324328136
4,2,0.1269120358069591,0.37470586410701534
4,2,0.1269120358069591,0.37470586410701534
4,2,0.1269120358069591,0.4174263324328136
4,2,0.0866833446217381,0.4174263324328136
4,2,0.1269120358069591,0.4174263324328136
4,2,0.0866833446217381,0.4601468007586118
4,2,0.0866833446217381,0.4174263324328136
4,2,0.0866833446217381,0.4174263324328136
4,2,0.0866833446217381,0.4601468007586118
4,2,0.04645465343651711,0.4601468007586118
4,2,0.0866833446217381,0.4601468007586118
4,2,0.04645465343651711,0.50286726908441
4,2,0.04645465343651711,0.4601468007586118
4,2,0.04645465343651711,0.4601468007586118
4,2,0.04645465343651711,0.50286726908441
4,2,0.006225962251296124,0.50286726908441
4,2,0.16714072699218008,0.37470586410701534
4,2,0.16714072699218008,0.4174263324328136
4,2,0.1269120358069591,0.4174263324328136
4,2,0.16714072699218008,0.4174263324328136
4,2,0.1269120358069591,0.4601468007586118
4,2,0.1269120358069591,0.4174263324328136
4,2,0.1269120358069591,0.4174263324328136
4,2,0.1269120358069591,0.4601468007586118
4,2,0.0866833446217381,0.4601468007586118
4,2,0.1269120358069591,0.4601468007586118
4,2,0.0866833446217381,0.50286726908441
4,2,0.0866833446217381,0.4601468007586118
4,2,0.0866833446217381,0.4601468007586118
4,2,0.0866833446217381,0.50286726908441
4,2,0.04645465343651711,0.50286726908441
4,2,0.16714072699218008,0.4174263324328136
4,2,0.16714072699218008,0.4601468007586118
4,2,0.1269120358069591,0.4601468007586118
4,2,0.16714072699218008,0.4601468007586118
4,2,0.1269120358069591,0.50286726908441
4,2,0.1269120358069591,0.4601468007586118
4,2,0.1269120358069591,0.4601468007586118
4,2,0.1269120358069591,0.50286726908441
4,2,0.0866833446217381,0.50286726908441
4,2,0.16714072699218008,0.4601468007586118
4,2,0.16714072699218008,0.50286726908441
4,2,0.1269120358069591,0.50286726908441
4,2,0.20000000000000018,0.43000000000000016
4,2,0.11254746467081844,0.3305286727796517
4,2,0.11254746467081844,0.5294713272203486
4,2,0.2874525353291819,0.3305286727796517
4,2,0.2874525353291819,0.5294713272203486
4,2,0.020900860726751347,0.42600631719061877
4,2,0.020900860726751347,0.38576118924643854
4,2,0.0636381307625733,0.38576118924643854
4,2,0.020900860726751347,0.38576118924643854
4,2,0.0636381307625733,0.3455160613022583
4,2,0.0636381307625733,0.38576118924643854
4,2,0.0636381307625733,0.38576118924643854
4,2,0.0636381307625733,0.3455160613022583
4,2,0.10637540079839436,0.3455160613022583
4,2,0.0636381307625733,0.3455160613022583
4,2,0.10637540079839436,0.3052709333580781
4,2,0.10637540079839436,0.3455160613022583
4,2,0.10637540079839436,0.3455160613022583
4,2,0.10637540079839436,0.3052709333580781
4,2,0.14911267083421542,0.3052709333580781
4,2,0.10637540079839436,0.3052709333580781
4,2,0.14911267083421542,0.26502580541389786
4,2,0.14911267083421542,0.3052709333580781
4,2,0.14911267083421542,0.3052709333580781
4,2,0.14911267083421542,0.26502580541389786
4,2,0.19184994087003648,0.26502580541389786
4,2,0.020900860726751347,0.38576118924643854
4,2,0.020900860726751347,0.3455160613022583
4,2,0.0636381307625733,0.3455160613022583
4,2,0.020900860726751347,0.3455160613022583
4,2,0.0636381307625733,0.3052709333580781
4,2,0.0636381307625733,0.3455160613022583
4,2,0.0636381307625733,0.3455160613022583
4,2,0.0636381307625733,0.3052709333580781
4,2,0.10637540079839436,0.3052709333580781
4,2,0.0636381307625733,0.3052709333580781
4,2,0.10637540079839436,0.26502580541389786
4,2,0.10637540079839436,0.3052709333580781
4,2,0.10637540079839436,0.3052709333580781
4,2,0.10637540079839436,0.26502580541389786
4,2,0.14911267083421542,0.26502580541389786
4,2,0.020900860726751347,0.3455160613022583
4,2,0.020900860726751347,0.3052709333580781
4,2,0.0636381307625733,0.3052709333580781
4,2,0.020900860726751347,0.3052709333580781
4,2,0.0636381307625733,0.26502580541389786
4,2,0.0636381307625733,0.3052709333580781
4,2,0.0636381307625733,0.3052709333580781
4,2,0.0636381307625733,0.26502580541389786
4,2,0.10637540079839436,0.26502580541389786
4,2,0.020900860726751347,0.3052709333580781
4,2,0.020900860726751347,0.26502580541389786
4,2,0.0636381307625733,0.26502580541389786
4,2,0.19184994087003648,0.26502580541389786
4,2,0.19184994087003648,0.3052709333580781
4,2,0.14911267083421542,0.3052709333580781
4,2,0.19184994087003648,0.3052709333580781
4,2,0.14911267083421542,0.3455160613022583
4,2,0.14911267083421542,0.3052709333580781
4,2,0.14911267083421542,0.3052709333580781
4,2,0.14911267083421542,0.3455160613022583
4,2,0.10637540079839436,0.3455160613022583
4,2,0.14911267083421542,0.3455160613022583
4,2,0.10637540079839436,0.38576118924643854
4,2,0.10637540079839436,0.3455160613022583
4,2,0.10637540079839436,0.3455160613022583
4,2,0.10637540079839436,0.38576118924643854
4,2,0.0636381307625733,0.38576118924643854
4,2,0.10637540079839436,0.38576118924643854
4,2,0.0636381307625733,0.42600631719061877
4,2,0.0636381307625733,0.38576118924643854
4,2,0.0636381307625733,0.38576118924643854
4,2,0.0636381307625733,0.42600631719061877
4,2,0.020900860726751347,0.42600631719061877
4,2,0.19184994087003648,0.3052709333580781
4,2,0.19184994087003648,0.3455160613022583
4,2,0.14911267083421542,0.3455160613022583
4,2,0.19184994087003648,0.3455160613022583
4,2,0.14911267083421542,0.38576118924643854
4,2,0.14911267083421542,0.3455160613022583
4,2,0.14911267083421542,0.3455160613022583
4,2,0.14911267083421542,0.38576118924643854
4,2,0.10637540079839436,0.38576118924643854
4,2,0.14911267083421542,0.38576118924643854
4,2,0.10637540079839436,0.42600631719061877
4,2,0.10637540079839436,0.38576118924643854
4,2,0.10637540079839436,0.38576118924643854
4,2,0.10637540079839436,0.42600631719061877
4,2,0.0636381307625733,0.42600631719061877
4,2,0.19184994087003648,0.3455160613022583
4,2,0.19184994087003648,0.38576118924643854
4,2,0.14911267083421542,0.38576118924643854
4,2,0.19184994087003648,0.38576118924643854
4,2,0.14911267083421542,0.42600631719061877
4,2,0.14911267083421542,0.38576118924643854
4,2,0.14911267083421542,0.38576118924643854
4,2,0.14911267083421542,0.42600631719061877
4,2,0.10637540079839436,0.42600631719061877
4,2,0.19184994087003648,0.38576118924643854
4,2,0.19184994087003648,0.42600631719061877
4,2,0.14911267083421542,0.42600631719061877
4,2,0.19184994087003648,0.42600631719061877
4,2,0.19184994087003648,0.38576118924643854
4,2,0.23457237672674136,0.38576118924643854
4,2,0.19184994087003648,0.38576118924643854
4,2,0.23457237672674136,0.3455160613022583
4,2,0.23457237672674136,0.38576118924643854
4,2,0.23457237672674136,0.38576118924643854
4,2,0.23457237672674136,0.3455160613022583
4,2,0.27729481258344535,0.3455160613022583
4,2,0.23457237672674136,0.3455160613022583
4,2,0.27729481258344535,0.3052709333580781
4,2,0.27729481258344535,0.3455160613022583
4,2,0.27729481258344535,0.3455160613022583
4,2,0.27729481258344535,0.3052709333580781
4,2,0.3200172484401502,0.3052709333580781
4,2,0.27729481258344535,0.3052709333580781
4,2,0.3200172484401502,0.26502580541389786
4,2,0.3200172484401502,0.3052709333580781
4,2,0.3200172484401502,0.3052709333580781
4,2,0.3200172484401502,0.26502580541389786
4,2,0.3627396842968551,0.26502580541389786
4,2,0.19184994087003648,0.38576118924643854
4,2,0.19184994087003648,0.3455160613022583
4,2,0.23457237672674136,0.3455160613022583
4,2,0.19184994087003648,0.3455160613022583
4,2,0.23457237672674136,0.3052709333580781
4,2,0.23457237672674136,0.3455160613022583
4,2,0.23457237672674136,0.3455160613022583
4,2,0.23457237672674136,0.3052709333580781
4,2,0.27729481258344535,0.3052709333580781
4,2,0.23457237672674136,0.3052709333580781
4,2,0.27729481258344535,0.26502580541389786
4,2,0.27729481258344535,0.3052709333580781
4,2,0.27729481258344535,0.3052709333580781
4,2,0.27729481258344535,0.26502580541389786
4,2,0.3200172484401502,0.26502580541389786
4,2,0.19184994087003648,0.3455160613022583
4,2,0.19184994087003648,0.3052709333580781
4,2,0.23457237672674136,0.3052709333580781
4,2,0.19184994087003648,0.3052709333580781
4,2,0.23457237672674136,0.26502580541389786
4,2,0.23457237672674136,0.3052709333580781
4,2,0.23457237672674136,0.3052709333580781
4,2,0.23457237672674136,0.26502580541389786
4,2,0.27729481258344535,0.26502580541389786
4,2,0.19184994087003648,0.3052709333580781
4,2,0.19184994087003648,0.26502580541389786
4,2,0.23457237672674136,0.26502580541389786
4,2,0.3627396842968551,0.26502580541389786
4,2,0.3627396842968551,0.3052709333580781
4,2,0.3200172484401502,0.3052709333580781
4,2,0.3627396842968551,0.3052709333580781
4,2,0.3200172484401502,0.3455160613022583
4,2,0.3200172484401502,0.3052709333580781
4,2,0.3200172484401502,0.3052709333580781
4,2,0.3200172484401502,0.3455160613022583
4,2,0.27729481258344535,0.3455160613022583
4,2,0.3200172484401502,0.3455160613022583
4,2,0.27729481258344535,0.38576118924643854
4,2,0.27729481258344535,0.3455160613022583
4,2,0.27729481258344535,0.3455160613022583
4,2,0.27729481258344535,0.38576118924643854
4,2,0.23457237672674136,0.38576118924643854
4,2,0.27729481258344535,0.38576118924643854
4,2,0.23457237672674136,0.42600631719061877
4,2,0.23457237672674136,0.38576118924643854
4,2,0.23457237672674136,0.38576118924643854
4,2,0.23457237672674136,0.42600631719061877
4,2,0.19184994087003648,0.42600631719061877
4,2,0.3627396842968551,0.3052709333580781
4,2,0.3627396842968551,0.3455160613022583
4,2,0.3200172484401502,0.3455160613022583
4,2,0.3627396842968551,0.3455160613022583
4,2,0.3200172484401502,0.38576118924643854
4,2,0.3200172484401502,0.3455160613022583
4,2,0.3200172484401502,0.3455160613022583
4,2,0.3200172484401502,0.38576118924643854
4,2,0.27729481258344535,0.38576118924643854
4,2,0.3200172484401502,0.38576118924643854
4,2,0.27729481258344535,0.42600631719061877
4,2,0.27729481258344535,0.38576118924643854
4,2,0.27729481258344535,0.38576118924643854
4,2,0.27729481258344535,0.42600631719061877
4,2,0.23457237672674136,0.42600631719061877
4,2,0.3627396842968551,0.3455160613022583
4,2,0.3627396842968551,0.38576118924643854
4,2,0.3200172484401502,0.38576118924643854
4,2,0.3627396842968551,0.38576118924643854
4,2,0.3200172484401502,0.42600631719061877
4,2,0.3200172484401502,0.38576118924643854
4,2,0.3200172484401502,0.38576118924643854
4,2,0.3200172484401502,0.42600631719061877
4,2,0.27729481258344535,0.42600631719061877
4,2,0.3627396842968551,0.38576118924643854
4,2,0.3627396842968551,0.42600631719061877
4,2,0.3200172484401502,0.42600631719061877
4,2,0.020900860726751347,0.42600631719061877
4,2,0.0636381307625733,0.42600631719061877
4,2,0.0636381307625733,0.46626627931391607
4,2,0.0636381307625733,0.42600631719061877
4,2,0.10637540079839436,0.46626627931391607
4,2,0.0636381307625733,0.46626627931391607
4,2,0.0636381307625733,0.46626627931391607
4,2,0.10637540079839436,0.46626627931391607
4,2,0.10637540079839436,0.5065262414372134
4,2,0.10637540079839436,0.46626627931391607
4,2,0.14911267083421542,0.5065262414372134
4,2,0.10637540079839436,0.5065262414372134
4,2,0.10637540079839436,0.5065262414372134
4,2,0.14911267083421542,0.5065262414372134
4,2,0.14911267083421542,0.5467862035605102
4,2,0.14911267083421542,0.5065262414372134
4,2,0.19184994087003648,0.5467862035605102
4,2,0.14911267083421542,0.5467862035605102
4,2,0.14911267083421542,0.5467862035605102
4,2,0.19184994087003648,0.5467862035605102
4,2,0.19184994087003648,0.5870461656838075
4,2,0.0636381307625733,0.42600631719061877
4,2,0.10637540079839436,0.42600631719061877
4,2,0.10637540079839436,0.46626627931391607
4,2,0.10637540079839436,0.42600631719061877
4,2,0.14911267083421542,0.46626627931391607
4,2,0.10637540079839436,0.46626627931391607
4,2,0.10637540079839436,0.46626627931391607
4,2,0.14911267083421542,0.46626627931391607
4,2,0.14911267083421542,0.5065262414372134
4,2,0.14911267083421542,0.46626627931391607
4,2,0.19184994087003648,0.5065262414372134
4,2,0.14911267083421542,0.5065262414372134
4,2,0.14911267083421542,0.5065262414372134
4,2,0.19184994087003648,0.5065262414372134
4,2,0.19184994087003648,0.5467862035605102
4,2,0.10637540079839436,0.42600631719061877
4,2,0.14911267083421542,0.42600631719061877
4,2,0.14911267083421542,0.46626627931391607
4,2,0.14911267083421542,0.42600631719061877
4,2,0.19184994087003648,0.46626627931391607
4,2,0.14911267083421542,0.46626627931391607
4,2,0.14911267083421542,0.46626627931391607
4,2,0.19184994087003648,0.46626627931391607
4,2,0.19184994087003648,0.5065262414372134
4,2,0.14911267083421542,0.42600631719061877
4,2,0.19184994087003648,0.42600631719061877
4,2,0.19184994087003648,0.46626627931391607
4,2,0.19184994087003648,0.5870461656838075
4,2,0.14911267083421542,0.5870461656838075
4,2,0.14911267083421542,0.5467862035605102
4,2,0.14911267083421542,0.5870461656838075
4,2,0.10637540079839436,0.5467862035605102
4,2,0.14911267083421542,0.5467862035605102
4,2,0.14911267083421542,0.5467862035605102
4,2,0.10637540079839436,0.5467862035605102
4,2,0.10637540079839436,0.5065262414372134
4,2,0.10637540079839436,0.5467862035605102
4,2,0.0636381307625733,0.5065262414372134
4,2,0.10637540079839436,0.5065262414372134
4,2,0.10637540079839436,0.5065262414372134
4,2,0.0636381307625733,0.5065262414372134
4,2,0.0636381307625733,0.46626627931391607
4,2,0.0636381307625733,0.5065262414372134
4,2,0.020900860726751347,0.46626627931391607
4,2,0.0636381307625733,0.46626627931391607
4,2,0.0636381307625733,0.46626627931391607
4,2,0.020900860726751347,0.46626627931391607
4,2,0.020900860726751347,0.42600631719061877
4,2,0.14911267083421542,0.5870461656838075
4,2,0.10637540079839436,0.5870461656838075
4,2,0.10637540079839436,0.5467862035605102
4,2,0.10637540079839436,0.5870461656838075
4,2,0.0636381307625733,0.5467862035605102
4,2,0.10637540079839436,0.5467862035605102
4,2,0.10637540079839436,0.5467862035605102
4,2,0.0636381307625733,0.5467862035605102
4,2,0.0636381307625733,0.5065262414372134
4,2,0.0636381307625733,0.5467862035605102
4,2,0.020900860726751347,0.5065262414372134
4,2,0.0636381307625733,0.5065262414372134
4,2,0.0636381307625733,0.5065262414372134
4,2,0.020900860726751347,0.5065262414372134
4,2,0.020900860726751347,0.46626627931391607
4,2,0.10637540079839436,0.5870461656838075
4,2,0.0636381307625733,0.5870461656838075
4,2,0.0636381307625733,0.5467862035605102
4,2,0.0636381307625733,0.5870461656838075
4,2,0.020900860726751347,0.5467862035605102
4,2,0.0636381307625733,0.5467862035605102
4,2,0.0636381307625733,0.5467862035605102
4,2,0.020900860726751347,0.5467862035605102
4,2,0.020900860726751347,0.5065262414372134
4,2,0.0636381307625733,0.5870461656838075
4,2,0.020900860726751347,0.5870461656838075
4,2,0.020900860726751347,0.5467862035605102
4,2,0.19184994087003648,0.42600631719061877
4,2,0.23457237672674136,0.42600631719061877
4,2,0.23457237672674136,0.46626627931391607
4,2,0.23457237672674136,0.42600631719061877
4,2,0.27729481258344624,0.46626627931391607
4,2,0.23457237672674136,0.46626627931391607
4,2,0.23457237672674136,0.46626627931391607
4,2,0.27729481258344624,0.46626627931391607
4,2,0.27729481258344535,0.5065262414372134
4,2,0.27729481258344624,0.46626627931391607
4,2,0.3200172484401502,0.5065262414372134
4,2,0.27729481258344535,0.5065262414372134
4,2,0.27729481258344535,0.5065262414372134
4,2,0.3200172484401502,0.5065262414372134
4,2,0.3200172484401502,0.5467862035605102
4,2,0.3200172484401502,0.5065262414372134
4,2,0.3627396842968551,0.5467862035605102
4,2,0.3200172484401502,0.5467862035605102
4,2,0.3200172484401502,0.5467862035605102
4,2,0.3627396842968551,0.5467862035605102
4,2,0.3627396842968551,0.5870461656838075
4,2,0.23457237672674136,0.42600631719061877
4,2,0.27729481258344535,0.42600631719061877
4,2,0.27729481258344624,0.46626627931391607
4,2,0.27729481258344535,0.42600631719061877
4,2,0.3200172484401502,0.46626627931391607
4,2,0.27729481258344624,0.46626627931391607
4,2,0.27729481258344624,0.46626627931391607
4,2,0.3200172484401502,0.46626627931391607
4,2,0.3200172484401502,0.5065262414372134
4,2,0.3200172484401502,0.46626627931391607
4,2,0.3627396842968551,0.5065262414372134
4,2,0.3200172484401502,0.5065262414372134
4,2,0.3200172484401502,0.5065262414372134
4,2,0.3627396842968551,0.5065262414372134
4,2,0.3627396842968551,0.5467862035605102
4,2,0.27729481258344535,0.42600631719061877
4,2,0.3200172484401502,0.42600631719061877
4,2,0.3200172484401502,0.46626627931391607
4,2,0.3200172484401502,0.42600631719061877
4,2,0.3627396842968551,0.46626627931391607
4,2,0.3200172484401502,0.46626627931391607
4,2,0.3200172484401502,0.46626627931391607
4,2,0.3627396842968551,0.46626627931391607
4,2,0.3627396842968551,0.5065262414372134
4,2,0.3200172484401502,0.42600631719061877
4,2,0.3627396842968551,0.42600631719061877
4,2,0.3627396842968551,0.46626627931391607
4,2,0.3627396842968551,0.5870461656838075
4,2,0.3200172484401502,0.5870461656838075
4,2,0.3200172484401502,0.5467862035605102
4,2,0.3200172484401502,0.5870461656838075
4,2,0.27729481258344535,0.5467862035605102
4,2,0.3200172484401502,0.5467862035605102
4,2,0.3200172484401502,0.5467862035605102
4,2,0.27729481258344535,0.5467862035605102
4,2,0.27729481258344535,0.5065262414372134
4,2,0.27729481258344535,0.5467862035605102
4,2,0.23457237672674136,0.5065262414372134
4,2,0.27729481258344535,0.5065262414372134
4,2,0.27729481258344535,0.5065262414372134
4,2,0.23457237672674136,0.5065262414372134
4,2,0.23457237672674136,0.46626627931391607
4,2,0.23457237672674136,0.5065262414372134
4,2,0.19184994087003648,0.46626627931391607
4,2,0.23457237672674136,0.46626627931391607
4,2,0.23457237672674136,0.46626627931391607
4,2,0.19184994087003648,0.46626627931391607
4,2,0.19184994087003648,0.42600631719061877
4,2,0.3200172484401502,0.5870461656838075
4,2,0.27729481258344535,0.5870461656838075
4,2,0.27729481258344535,0.5467862035605102
4,2,0.27729481258344535,0.5870461656838075
4,2,0.23457237672674136,0.5467862035605102
4,2,0.27729481258344535,0.5467862035605102
4,2,0.27729481258344535,0.5467862035605102
4,2,0.23457237672674136,0.5467862035605102
4,2,0.23457237672674136,0.5065262414372134
4,2,0.23457237672674136,0.5467862035605102
4,2,0.19184994087003648,0.5065262414372134
4,2,0.23457237672674136,0.5065262414372134
4,2,0.23457237672674136,0.5065262414372134
4,2,0.19184994087003648,0.5065262414372134
4,2,0.19184994087003648,0.46626627931391607
4,2,0.27729481258344535,0.5870461656838075
4,2,0.23457237672674136,0.5870461656838075
4,2,0.23457237672674136,0.5467862035605102
4,2,0.23457237672674136,0.5870461656838075
4,2,0.19184994087003648,0.5467862035605102
4,2,0.23457237672674136,0.5467862035605102
4,2,0.23457237672674136,0.5467862035605102
4,2,0.19184994087003648,0.5467862035605102
4,2,0.19184994087003648,0.5065262414372134
4,2,0.23457237672674136,0.5870461656838075
4,2,0.19184994087003648,0.5870461656838075
4,2,0.19184994087003648,0.5467862035605102
4,2,0.20000000000000018,0.1499999999999999
4,2,0.11794406922790213,0.008146617163431902
4,2,0.11794406922790213,0.2918533828365679
4,2,0.28205593077209823,0.008146617163431902
4,2,0.28205593077209823,0.2918533828365679
4,2,0.20445415761469654,0.366207983465038
4,2,0.18294640654617744,0.366207983465038
4,2,0.18294640654617744,0.3118786862011391
4,2,0.18294640654617744,0.366207983465038
4,2,0.16143865547765923,0.3118786862011391
4,2,0.18294640654617744,0.3118786862011391
4,2,0.18294640654617744,0.3118786862011391
4,2,0.16143865547765923,0.3118786862011391
4,2,0.16143865547765923,0.2575493889372402
4,2,0.16143865547765923,0.3118786862011391
4,2,0.13993090440914102,0.2575493889372402
4,2,0.16143865547765923,0.2575493889372402
4,2,0.16143865547765923,0.2575493889372402
4,2,0.13993090440914102,0.2575493889372402
4,2,0.13993090440914102,0.20322009167334176
4,2,0.13993090440914102,0.2575493889372402
4,2,0.11842315334062192,0.20322009167334176
4,2,0.13993090440914102,0.20322009167334176
4,2,0.13993090440914102,0.20322009167334176
4,2,0.11842315334062192,0.20322009167334176
4,2,0.11842315334062192,0.14889079440944286
4,2,0.11842315334062192,0.20322009167334176
4,2,0.09691540227210371,0.14889079440944286
4,2,0.11842315334062192,0.14889079440944286
4,2,0.11842315334062192,0.14889079440944286
4,2,0.09691540227210371,0.14889079440944286
4,2,0.09691540227210371,0.09456149714554396
4,2,0.09691540227210371,0.14889079440944286
4,2,0.0754076512035855,0.09456149714554396
4,2,0.09691540227210371,0.09456149714554396
4,2,0.09691540227210371,0.09456149714554396
4,2,0.0754076512035855,0.09456149714554396
4,2,0.0754076512035855,0.04023219988164506
4,2,0.0754076512035855,0.09456149714554396
4,2,0.0538999001350664,0.04023219988164506
4,2,0.0754076512035855,0.04023219988164506
4,2,0.0754076512035855,0.04023219988164506
4,2,0.0538999001350664,0.04023219988164506
4,3,0.0538999001350664,0.9859029026177466
4,2,0.0538999001350664,0.04023219988164506
4,3,0.03239214906654819,0.9859029026177466
4,3,0.0538999001350664,0.9859029026177466
4,3,0.0538999001350664,0.9859029026177466
4,3,0.03239214906654819,0.9859029026177466
4,3,0.03239214906654819,0.9315736053538477
4,2,0.18294640654617744,0.366207983465038
4,2,0.16143865547765923,0.366207983465038
4,2,0.16143865547765923,0.3118786862011391
4,2,0.16143865547765923,0.366207983465038
4,2,0.13993090440914102,0.3118786862011391
4,2,0.16143865547765923,0.3118786862011391
4,2,0.16143865547765923,0.3118786862011391
4,2,0.13993090440914102,0.3118786862011391
4,2,0.13993090440914102,0.2575493889372402
4,2,0.13993090440914102,0.3118786862011391
4,2,0.11842315334062192,0.2575493889372402
4,2,0.13993090440914102,0.2575493889372402
4,2,0.13993090440914102,0.2575493889372402
4,2,0.11842315334062192,0.2575493889372402
4,2,0.11842315334062192,0.20322009167334176
4,2,0.11842315334062192,0.2575493889372402
4,2,0.09691540227210371,0.20322009167334132
4,2,0.11842315334062192,0.20322009167334176
4,2,0.11842315334062192,0.20322009167334176
4,2,0.09691540227210371,0.20322009167334132
4,2,0.09691540227210371,0.14889079440944286
4,2,0.09691540227210371,0.20322009167334132
4,2,0.0754076512035855,0.14889079440944286
4,2,0.09691540227210371,0.14889079440944286
4,2,0.09691540227210371,0.14889079440944286
4,2,0.0754076512035855,0.14889079440944286
4,2,0.0754076512035855,0.09456149714554396
4,2,0.0754076512035855,0.14889079440944286
4,2,0.0538999001350664,0.09456149714554396
4,2,0.0754076512035855,0.09456149714554396
4,2,0.0754076512035855,0.09456149714554396
4,2,0.0538999001350664,0.09456149714554396
4,2,0.0538999001350664,0.04023219988164506
4,2,0.0538999001350664,0.09456149714554396
4,2,0.03239214906654819,0.04023219988164506
4,2,0.0538999001350664,0.04023219988164506
4,2,0.0538999001350664,0.04023219988164506
4,2,0.03239214906654819,0.04023219988164506
4,3,0.03239214906654819,0.9859029026177466
4,2,0.16143865547765923,0.366207983465038
4,2,0.13993090440914102,0.366207983465038
4,2,0.13993090440914102,0.3118786862011391
4,2,0.13993090440914102,0.366207983465038
4,2,0.11842315334062192,0.3118786862011391
4,2,0.13993090440914102,0.3118786862011391
4,2,0.13993090440914102,0.3118786862011391
4,2,0.11842315334062192,0.3118786862011391
4,2,0.11842315334062192,0.2575493889372402
4,2,0.11842315334062192,0.3118786862011391
4,2,0.09691540227210371,0.2575493889372402
4,2,0.11842315334062192,0.2575493889372402
4,2,0.11842315334062192,0.2575493889372402
4,2,0.09691540227210371,0.2575493889372402
4,2,0.09691540227210371,0.20322009167334132
4,2,0.09691540227210371,0.2575493889372402
4,2,0.0754076512035855,0.20322009167334132
4,2,0.09691540227210371,0.20322009167334132
4,2,0.09691540227210371,0.20322009167334132
4,2,0.0754076512035855,0.20322009167334132
4,2,0.0754076512035855,0.14889079440944286
4,2,0.0754076512035855,0.20322009167334132
4,2,0.0538999001350664,0.14889079440944286
4,2,0.0754076512035855,0.14889079440944286
4,2,0.0754076512035855,0.14889079440944286
4,2,0.0538999001350664,0.14889079440944286
4,2,0.0538999001350664,0.09456149714554396
4,2,0.0538999001350664,0.14889079440944286
4,2,0.03239214906654819,0.09456149714554396
4,2,0.0538999001350664,0.09456149714554396
4,2,0.0538999001350664,0.09456149714554396
4,2,0.03239214906654819,0.09456149714554396
4,2,0.03239214906654819,0.04023219988164506
4,2,0.13993090440914102,0.366207983465038
4,2,0.11842315334062192,0.366207983465038
4,2,0.11842315334062192,0.3118786862011391
4,2,0.11842315334062192,0.366207983465038
4,2,0.09691540227210371,0.3118786862011391
4,2,0.11842315334062192,0.3118786862011391
4,2,0.11842315334062192,0.3118786862011391
4,2,0.09691540227210371,0.3118786862011391
4,2,0.09691540227210371,0.2575493889372402
4,2,0.09691540227210371,0.3118786862011391
4,2,0.0754076512035855,0.2575493889372402
4,2,0.09691540227210371,0.2575493889372402
4,2,0.09691540227210371,0.2575493889372402
4,2,0.0754076512035855,0.2575493889372402
4,2,0.0754076512035855,0.20322009167334132
4,2,0.0754076512035855,0.2575493889372402
4,2,0.0538999001350664,0.20322009167334176
4,2,0.0754076512035855,0.20322009167334132
4,2,0.0754076512035855,0.20322009167334132
4,2,0.0538999001350664,0.20322009167334176
4,2,0.0538999001350664,0.14889079440944286
4,2,0.0538999001350664,0.20322009167334176
4,2,0.03239214906654819,0.14889079440944286
4,2,0.0538999001350664,0.14889079440944286
4,2,0.0538999001350664,0.14889079440944286
4,2,0.03239214906654819,0.14889079440944286
4,2,0.03239214906654819,0.09456149714554396
4,2,0.11842315334062192,0.366207983465038
4,2,0.09691540227210371,0.366207983465038
4,2,0.09691540227210371,0.3118786862011391
4,2,0.09691540227210371,0.366207983465038
4,2,0.0754076512035855,0.3118786862011391
4,2,0.09691540227210371,0.3118786862011391
4,2,0.09691540227210371,0.3118786862011391
4,2,0.0754076512035855,0.3118786862011391
4,2,0.0754076512035855,0.2575493889372402
4,2,0.0754076512035855,0.3118786862011391
4,2,0.0538999001350664,0.2575493889372402
4,2,0.0754076512035855,0.2575493889372402
4,2,0.0754076512035855,0.2575493889372402
4,2,0.0538999001350664,0.2575493889372402
4,2,0.0538999001350664,0.20322009167334176
4,2,0.0538999001350664,0.2575493889372402
4,2,0.03239214906654819,0.20322009167334176
4,2,0.0538999001350664,0.20322009167334176
4,2,0.0538999001350664,0.20322009167334176
4,2,0.03239214906654819,0.20322009167334176
4,2,0.03239214906654819,0.14889079440944286
4,2,0.09691540227210371,0.366207983465038
4,2,0.0754076512035855,0.366207983465038
4,2,0.0754076512035855,0.3118786862011391
4,2,0.0754076512035855,0.366207983465038
4,2,0.0538999001350664,0.3118786862011391
4,2,0.0754076512035855,0.3118786862011391
4,2,0.0754076512035855,0.3118786862011391
4,2,0.0538999001350664,0.3118786862011391
4,2,0.0538999001350664,0.2575493889372402
4,2,0.0538999001350664,0.3118786862011391
4,2,0.03239214906654819,0.2575493889372402
4,2,0.0538999001350664,0.2575493889372402
4,2,0.0538999001350664,0.2575493889372402
4,2,0.03239214906654819,0.2575493889372402
4,2,0.03239214906654819,0.20322009167334176
4,2,0.0754076512035855,0.366207983465038
4,2,0.0538999001350664,0.366207983465038
4,2,0.0538999001350664,0.3118786862011391
4,2,0.0538999001350664,0.366207983465038
4,2,0.03239214906654819,0.3118786862011391
4,2,0.0538999001350664,0.3118786862011391
4,2,0.0538999001350664,0.3118786862011391
4,2,0.03239214906654819,0.3118786862011391
4,2,0.03239214906654819,0.2575493889372402
4,2,0.0538999001350664,0.366207983465038
4,2,0.03239214906654819,0.366207983465038
4,2,0.03239214906654819,0.3118786862011391
4,3,0.03239214906654819,0.9315736053538477
4,3,0.0538999001350664,0.9315736053538477
4,3,0.0538999001350664,0.9859029026177466
4,3,0.0538999001350664,0.9315736053538477
4,3,0.0754076512035855,0.9859029026177466
4,3,0.0538999001350664,0.9859029026177466
4,3,0.0538999001350664,0.9859029026177466
4,3,0.0754076512035855,0.9859029026177466
4,2,0.0754076512035855,0.04023219988164506
4,3,0.0754076512035855,0.9859029026177466
4,2,0.09691540227210371,0.04023219988164506
4,2,0.0754076512035855,0.04023219988164506
4,2,0.0754076512035855,0.04023219988164506
4,2,0.09691540227210371,0.04023219988164506
4,2,0.09691540227210371,0.09456149714554396
4,2,0.09691540227210371,0.04023219988164506
4,2,0.11842315334062192,0.09456149714554396
4,2,0.09691540227210371,0.09456149714554396
4,2,0.09691540227210371,0.09456149714554396
4,2,0.11842315334062192,0.09456149714554396
4,2,0.11842315334062192,0.14889079440944286
4,2,0.11842315334062192,0.09456149714554396
4,2,0.13993090440914102,0.14889079440944286
4,2,0.11842315334062192,0.14889079440944286
4,2,0.11842315334062192,0.14889079440944286
4,2,0.13993090440914102,0.14889079440944286
4,2,0.13993090440914102,0.20322009167334176
4,2,0.13993090440914102,0.14889079440944286
4,2,0.16143865547765923,0.20322009167334132
4,2,0.13993090440914102,0.20322009167334176
4,2,0.13993090440914102,0.20322009167334176
4,2,0.16143865547765923,0.20322009167334132
4,2,0.16143865547765923,0.2575493889372402
4,2,0.16143865547765923,0.20322009167334132
4,2,0.18294640654617744,0.2575493889372402
4,2,0.16143865547765923,0.2575493889372402
4,2,0.16143865547765923,0.2575493889372402
4,2,0.18294640654617744,0.2575493889372402
4,2,0.18294640654617744,0.3118786862011391
4,2,0.18294640654617744,0.2575493889372402
4,2,0.20445415761469654,0.3118786862011391
4,2,0.18294640654617744,0.3118786862011391
4,2,0.18294640654617744,0.3118786862011391
4,2,0.20445415761469654,0.3118786862011391
4,2,0.20445415761469654,0.366207983465038
4,3,0.0538999001350664,0.9315736053538477
4,3,0.0754076512035855,0.9315736053538477
4,3,0.0754076512035855,0.9859029026177466
4,3,0.0754076512035855,0.9315736053538477
4,3,0.09691540227210371,0.9859029026177466
4,3,0.0754076512035855,0.9859029026177466
4,3,0.0754076512035855,0.9859029026177466
4,3,0.09691540227210371,0.9859029026177466
4,2,0.09691540227210371,0.04023219988164506
4,3,0.09691540227210371,0.9859029026177466
4,2,0.11842315334062192,0.04023219988164506
4,2,0.09691540227210371,0.04023219988164506
4,2,0.09691540227210371,0.04023219988164506
4,2,0.11842315334062192,0.04023219988164506
4,2,0.11842315334062192,0.09456149714554396
4,2,0.11842315334062192,0.04023219988164506
4,2,0.13993090440914102,0.09456149714554396
4,2,0.11842315334062192,0.09456149714554396
4,2,0.11842315334062192,0.09456149714554396
4,2,0.13993090440914102,0.09456149714554396
4,2,0.13993090440914102,0.14889079440944286
4,2,0.13993090440914102,0.09456149714554396
4,2,0.16143865547765923,0.14889079440944286
4,2,0.13993090440914102,0.14889079440944286
4,2,0.13993090440914102,0.14889079440944286
4,2,0.16143865547765923,0.14889079440944286
4,2,0.16143865547765923,0.20322009167334132
4,2,0.16143865547765923,0.14889079440944286
4,2,0.18294640654617744,0.20322009167334132
4,2,0.16143865547765923,0.20322009167334132
4,2,0.16143865547765923,0.20322009167334132
4,2,0.18294640654617744,0.20322009167334132
4,2,0.18294640654617744,0.2575493889372402
4,2,0.18294640654617744,0.20322009167334132
4,2,0.20445415761469654,0.2575493889372402
4,2,0.18294640654617744,0.2575493889372402
4,2,0.18294640654617744,0.2575493889372402
4,2,0.20445415761469654,0.2575493889372402
4,2,0.20445415761469654,0.3118786862011391
4,3,0.0754076512035855,0.9315736053538477
4,3,0.09691540227210371,0.9315736053538477
4,3,0.09691540227210371,0.9859029026177466
4,3,0.09691540227210371,0.9315736053538477
4,3,0.11842315334062192,0.9859029026177466
4,3,0.09691540227210371,0.9859029026177466
4,3,0.09691540227210371,0.9859029026177466
4,3,0.11842315334062192,0.9859029026177466
4,2,0.11842315334062192,0.04023219988164506
4,3,0.11842315334062192,0.9859029026177466
4,2,0.13993090440914102,0.04023219988164506
4,2,0.11842315334062192,0.04023219988164506
4,2,0.11842315334062192,0.04023219988164506
4,2,0.13993090440914102,0.04023219988164506
4,2,0.13993090440914102,0.09456149714554396
4,2,0.13993090440914102,0.04023219988164506
4,2,0.16143865547765923,0.09456149714554396
4,2,0.13993090440914102,0.09456149714554396
4,2,0.13993090440914102,0.09456149714554396
4,2,0.16143865547765923,0.09456149714554396
4,2,0.16143865547765923,0.14889079440944286
4,2,0.16143865547765923,0.09456149714554396
4,2,0.18294640654617744,0.14889079440944286
4,2,0.16143865547765923,0.14889079440944286
4,2,0.16143865547765923,0.14889079440944286
4,2,0.18294640654617744,0.14889079440944286
4,2,0.18294640654617744,0.20322009167334132
4,2,0.18294640654617744,0.14889079440944286
4,2,0.20445415761469654,0.20322009167334132
4,2,0.18294640654617744,0.20322009167334132
4,2,0.18294640654617744,0.20322009167334132
4,2,0.20445415761469654,0.20322009167334132
4,2,0.20445415761469654,0.2575493889372402
4,3,0.09691540227210371,0.9315736053538477
4,3,0.11842315334062192,0.9315736053538477
4,3,0.11842315334062192,0.9859029026177466
4,3,0.11842315334062192,0.9315736053538477
4,3,0.13993090440914102,0.9859029026177466
4,3,0.11842315334062192,0.9859029026177466
4,3,0.11842315334062192,0.9859029026177466
4,3,0.13993090440914102,0.9859029026177466
4,2,0.13993090440914102,0.04023219988164506
4,3,0.13993090440914102,0.9859029026177466
4,2,0.16143865547765923,0.04023219988164506
4,2,0.13993090440914102,0.04023219988164506
4,2,0.13993090440914102,0.04023219988164506
4,2,0.16143865547765923,0.04023219988164506
4,2,0.16143865547765923,0.09456149714554396
4,2,0.16143865547765923,0.04023219988164506
4,2,0.18294640654617744,0.09456149714554396
4,2,0.16143865547765923,0.09456149714554396
4,2,0.16143865547765923,0.09456149714554396
4,2,0.18294640654617744,0.09456149714554396
4,2,0.18294640654617744,0.14889079440944286
4,2,0.18294640654617744,0.09456149714554396
4,2,0.20445415761469565,0.14889079440944286
4,2,0.18294640654617744,0.14889079440944286
4,2,0.18294640654617744,0.14889079440944286
4,2,0.20445415761469565,0.14889079440944286
4,2,0.20445415761469654,0.20322009167334132
4,3,0.11842315334062192,0.9315736053538477
4,3,0.13993090440914102,0.9315736053538477
4,3,0.13993090440914102,0.9859029026177466
4,3,0.13993090440914102,0.9315736053538477
4,3,0.16143865547765923,0.9859029026177466
4,3,0.13993090440914102,0.9859029026177466
4,3,0.13993090440914102,0.9859029026177466
4,3,0.16143865547765923,0.9859029026177466
4,2,0.16143865547765923,0.04023219988164506
4,3,0.16143865547765923,0.9859029026177466
4,2,0.18294640654617744,0.04023219988164506
4,2,0.16143865547765923,0.04023219988164506
4,2,0.16143865547765923,0.04023219988164506
4,2,0.18294640654617744,0.04023219988164506
4,2,0.18294640654617744,0.09456149714554396
4,2,0.18294640654617744,0.04023219988164506
4,2,0.20445415761469565,0.09456149714554396
4,2,0.18294640654617744,0.09456149714554396
4,2,0.18294640654617744,0.09456149714554396
4,2,0.20445415761469565,0.09456149714554396
4,2,0.20445415761469565,0.14889079440944286
4,3,0.13993090440914102,0.9315736053538477
4,3,0.16143865547765923,0.9315736053538477
4,3,0.16143865547765923,0.9859029026177466
4,3,0.16143865547765923,0.9315736053538477
4,3,0.18294640654617744,0.9859029026177466
4,3,0.16143865547765923,0.9859029026177466
4,3,0.16143865547765923,0.9859029026177466
4,3,0.18294640654617744,0.9859029026177466
4,2,0.18294640654617744,0.04023219988164506
4,3,0.18294640654617744,0.9859029026177466
4,2,0.20445415761469565,0.04023219988164506
4,2,0.18294640654617744,0.04023219988164506
4,2,0.18294640654617744,0.04023219988164506
4,2,0.20445415761469565,0.04023219988164506
4,2,0.20445415761469565,0.09456149714554396
4,3,0.16143865547765923,0.9315736053538477
4,3,0.18294640654617744,0.9315736053538477
4,3,0.18294640654617744,0.9859029026177466
4,3,0.18294640654617744,0.9315736053538477
4,3,0.20445415761469565,0.9859029026177466
4,3,0.18294640654617744,0.9859029026177466
4,3,0.18294640654617744,0.9859029026177466
4,3,0.20445415761469565,0.9859029026177466
4,2,0.20445415761469565,0.04023219988164506
4,3,0.18294640654617744,0.9315736053538477
4,3,0.20445415761469565,0.9315736053538477
4,3,0.20445415761469565,0.9859029026177466
4,2,0.20445415761469654,0.366207983465038
4,2,0.20445415761469654,0.3118786862011391
4,2,0.22596190868321475,0.3118786862011391
4,2,0.20445415761469654,0.3118786862011391
4,2,0.22596190868321475,0.2575493889372402
4,2,0.22596190868321475,0.3118786862011391
4,2,0.22596190868321475,0.3118786862011391
4,2,0.22596190868321475,0.2575493889372402
4,2,0.24746965975173296,0.2575493889372402
4,2,0.22596190868321475,0.2575493889372402
4,2,0.24746965975173296,0.20322009167334132
4,2,0.24746965975173296,0.2575493889372402
4,2,0.24746965975173296,0.2575493889372402
4,2,0.24746965975173296,0.20322009167334132
4,2,0.2689774108202512,0.20322009167334132
4,2,0.24746965975173296,0.20322009167334132
4,2,0.2689774108202512,0.14889079440944286
4,2,0.2689774108202512,0.20322009167334132
4,2,0.2689774108202512,0.20322009167334132
4,2,0.2689774108202512,0.14889079440944286
4,2,0.29048516188877027,0.14889079440944286
4,2,0.2689774108202512,0.14889079440944286
4,2,0.29048516188877027,0.09456149714554396
4,2,0.29048516188877027,0.14889079440944286
4,2,0.29048516188877027,0.14889079440944286
4,2,0.29048516188877027,0.09456149714554396
4,2,0.3119929129572885,0.09456149714554396
4,2,0.29048516188877027,0.09456149714554396
4,2,0.3119929129572885,0.04023219988164506
4,2,0.3119929129572885,0.09456149714554396
4,2,0.3119929129572885,0.09456149714554396
4,2,0.3119929129572885,0.04023219988164506
4,2,0.3335006640258067,0.04023219988164506
4,2,0.3119929129572885,0.04023219988164506
4,3,0.3335006640258067,0.9859029026177466
4,2,0.3335006640258067,0.04023219988164506
4,2,0.3335006640258067,0.04023219988164506
4,3,0.3335006640258067,0.9859029026177466
4,3,0.3550084150943258,0.9859029026177466
4,3,0.3335006640258067,0.9859029026177466
4,3,0.3550084150943258,0.9315736053538477
4,3,0.3550084150943258,0.9859029026177466
4,3,0.3550084150943258,0.9859029026177466
4,3,0.3550084150943258,0.9315736053538477
4,3,0.376516166162844,0.9315736053538477
4,2,0.20445415761469654,0.3118786862011391
4,2,0.20445415761469654,0.2575493889372402
4,2,0.22596190868321475,0.2575493889372402
4,2,0.20445415761469654,0.2575493889372402
4,2,0.22596190868321475,0.20322009167334132
4,2,0.22596190868321475,0.2575493889372402
4,2,0.22596190868321475,0.2575493889372402
4,2,0.22596190868321475,0.20322009167334132
4,2,0.24746965975173296,0.20322009167334132
4,2,0.22596190868321475,0.20322009167334132
4,2,0.24746965975173296,0.14889079440944286
4,2,0.24746965975173296,0.20322009167334132
4,2,0.24746965975173296,0.20322009167334132
4,2,0.24746965975173296,0.14889079440944286
4,2,0.2689774108202512,0.14889079440944286
4,2,0.24746965975173296,0.14889079440944286
4,2,0.2689774108202512,0.09456149714554396
4,2,0.2689774108202512,0.14889079440944286
4,2,0.2689774108202512,0.14889079440944286
4,2,0.2689774108202512,0.09456149714554396
4,2,0.29048516188877027,0.09456149714554396
4,2,0.2689774108202512,0.09456149714554396
4,2,0.29048516188877027,0.04023219988164506
4,2,0.29048516188877027,0.09456149714554396
4,2,0.29048516188877027,0.09456149714554396
4,2,0.29048516188877027,0.04023219988164506
4,2,0.3119929129572885,0.04023219988164506
4,2,0.29048516188877027,0.04023219988164506
4,3,0.3119929129572885,0.9859029026177466
4,2,0.3119929129572885,0.04023219988164506
4,2,0.3119929129572885,0.04023219988164506
4,3,0.3119929129572885,0.9859029026177466
4,3,0.3335006640258067,0.9859029026177466
4,3,0.3119929129572885,0.9859029026177466
4,3,0.3335006640258067,0.9315736053538477
4,3,0.3335006640258067,0.9859029026177466
4,3,0.3335006640258067,0.9859029026177466
4,3,0.3335006640258067,0.9315736053538477
4,3,0.3550084150943258,0.9315736053538477
4,2,0.20445415761469654,0.2575493889372402
4,2,0.20445415761469654,0.20322009167334132
4,2,0.22596190868321475,0.20322009167334132
4,2,0.20445415761469654,0.20322009167334132
4,2,0.22596190868321475,0.14889079440944286
4,2,0.22596190868321475,0.20322009167334132
4,2,0.22596190868321475,0.20322009167334132
4,2,0.22596190868321475,0.14889079440944286
4,2,0.24746965975173296,0.14889079440944286
4,2,0.22596190868321475,0.14889079440944286
4,2,0.24746965975173296,0.09456149714554396
4,2,0.24746965975173296,0.14889079440944286
4,2,0.24746965975173296,0.14889079440944286
4,2,0.24746965975173296,0.09456149714554396
4,2,0.2689774108202512,0.09456149714554396
4,2,0.24746965975173296,0.09456149714554396
4,2,0.2689774108202512,0.04023219988164506
4,2,0.2689774108202512,0.09456149714554396
4,2,0.2689774108202512,0.09456149714554396
4,2,0.2689774108202512,0.04023219988164506
4,2,0.29048516188877027,0.04023219988164506
4,2,0.2689774108202512,0.04023219988164506
4,3,0.29048516188877027,0.9859029026177466
4,2,0.29048516188877027,0.04023219988164506
4,2,0.29048516188877027,0.04023219988164506
4,3,0.29048516188877027,0.9859029026177466
4,3,0.3119929129572885,0.9859029026177466
4,3,0.29048516188877027,0.9859029026177466
4,3,0.3119929129572885,0.9315736053538477
4,3,0.3119929129572885,0.9859029026177466
4,3,0.3119929129572885,0.9859029026177466
4,3,0.3119929129572885,0.9315736053538477
4,3,0.3335006640258067,0.9315736053538477
4,2,0.20445415761469654,0.20322009167334132
4,2,0.20445415761469565,0.14889079440944286
4,2,0.22596190868321475,0.14889079440944286
4,2,0.20445415761469565,0.14889079440944286
4,2,0.22596190868321475,0.09456149714554396
4,2,0.22596190868321475,0.14889079440944286
4,2,0.22596190868321475,0.14889079440944286
4,2,0.22596190868321475,0.09456149714554396
4,2,0.24746965975173296,0.09456149714554396
4,2,0.22596190868321475,0.09456149714554396
4,2,0.24746965975173296,0.04023219988164506
4,2,0.24746965975173296,0.09456149714554396
4,2,0.24746965975173296,0.09456149714554396
4,2,0.24746965975173296,0.04023219988164506
4,2,0.2689774108202512,0.04023219988164506
4,2,0.24746965975173296,0.04023219988164506
4,3,0.2689774108202512,0.9859029026177466
4,2,0.2689774108202512,0.04023219988164506
4,2,0.2689774108202512,0.04023219988164506
4,3,0.2689774108202512,0.9859029026177466
4,3,0.29048516188877027,0.9859029026177466
4,3,0.2689774108202512,0.9859029026177466
4,3,0.29048516188877027,0.9315736053538477
4,3,0.29048516188877027,0.9859029026177466
4,3,0.29048516188877027,0.9859029026177466
4,3,0.29048516188877027,0.9315736053538477
4,3,0.3119929129572885,0.9315736053538477
4,2,0.20445415761469565,0.14889079440944286
4,2,0.20445415761469565,0.09456149714554396
4,2,0.22596190868321475,0.09456149714554396
4,2,0.20445415761469565,0.09456149714554396
4,2,0.22596190868321475,0.04023219988164506
4,2,0.22596190868321475,0.09456149714554396
4,2,0.22596190868321475,0.09456149714554396
4,2,0.22596190868321475,0.04023219988164506
4,2,0.24746965975173296,0.04023219988164506
4,2,0.22596190868321475,0.04023219988164506
4,3,0.24746965975173296,0.9859029026177466
4,2,0.24746965975173296,0.04023219988164506
4,2,0.24746965975173296,0.04023219988164506
4,3,0.24746965975173296,0.9859029026177466
4,3,0.2689774108202512,0.9859029026177466
4,3,0.24746965975173296,0.9859029026177466
4,3,0.2689774108202512,0.9315736053538477
4,3,0.2689774108202512,0.9859029026177466
4,3,0.2689774108202512,0.9859029026177466
4,3,0.2689774108202512,0.9315736053538477
4,3,0.29048516188877027,0.9315736053538477
4,2,0.20445415761469565,0.09456149714554396
4,2,0.20445415761469565,0.04023219988164506
4,2,0.22596190868321475,0.04023219988164506
4,2,0.20445415761469565,0.04023219988164506
4,3,0.22596190868321475,0.9859029026177466
4,2,0.22596190868321475,0.04023219988164506
4,2,0.22596190868321475,0.04023219988164506
4,3,0.22596190868321475,0.9859029026177466
4,3,0.24746965975173296,0.9859029026177466
4,3,0.22596190868321475,0.9859029026177466
4,3,0.24746965975173296,0.9315736053538477
4,3,0.24746965975173296,0.9859029026177466
4,3,0.24746965975173296,0.9859029026177466
4,3,0.24746965975173296,0.9315736053538477
4,3,0.2689774108202512,0.9315736053538477
4,2,0.20445415761469565,0.04023219988164506
4,3,0.20445415761469565,0.9859029026177466
4,3,0.22596190868321475,0.9859029026177466
4,3,0.20445415761469565,0.9859029026177466
4,3,0.22596190868321475,0.9315736053538477
4,3,0.22596190868321475,0.9859029026177466
4,3,0.22596190868321475,0.9859029026177466
4,3,0.22596190868321475,0.9315736053538477
4,3,0.24746965975173296,0.9315736053538477
4,3,0.20445415761469565,0.9859029026177466
4,3,0.20445415761469565,0.9315736053538477
4,3,0.22596190868321475,0.9315736053538477
4,3,0.376516166162844,0.9315736053538477
4,3,0.376516166162844,0.9859029026177466
4,3,0.3550084150943258,0.9859029026177466
4,3,0.376516166162844,0.9859029026177466
4,2,0.3550084150943258,0.04023219988164506
4,3,0.3550084150943258,0.9859029026177466
4,3,0.3550084150943258,0.9859029026177466
4,2,0.3550084150943258,0.04023219988164506
4,2,0.3335006640258067,0.04023219988164506
4,2,0.3550084150943258,0.04023219988164506
4,2,0.3335006640258067,0.09456149714554396
4,2,0.3335006640258067,0.04023219988164506
4,2,0.3335006640258067,0.04023219988164506
4,2,0.3335006640258067,0.09456149714554396
4,2,0.3119929129572885,0.09456149714554396
4,2,0.3335006640258067,0.09456149714554396
4,2,0.3119929129572885,0.14889079440944286
4,2,0.3119929129572885,0.09456149714554396
4,2,0.3119929129572885,0.09456149714554396
4,2,0.3119929129572885,0.14889079440944286
4,2,0.29048516188877027,0.14889079440944286
4,2,0.3119929129572885,0.14889079440944286
4,2,0.29048516188877027,0.20322009167334132
4,2,0.29048516188877027,0.14889079440944286
4,2,0.29048516188877027,0.14889079440944286
4,2,0.29048516188877027,0.20322009167334132
4,2,0.2689774108202512,0.20322009167334132
4,2,0.29048516188877027,0.20322009167334132
4,2,0.2689774108202512,0.2575493889372402
4,2,0.2689774108202512,0.20322009167334132
4,2,0.2689774108202512,0.20322009167334132
4,2,0.2689774108202512,0.2575493889372402
4,2,0.24746965975173296,0.2575493889372402
4,2,0.2689774108202512,0.2575493889372402
4,2,0.24746965975173296,0.3118786862011391
4,2,0.24746965975173296,0.2575493889372402
4,2,0.24746965975173296,0.2575493889372402
4,2,0.24746965975173296,0.3118786862011391
4,2,0.22596190868321475,0.3118786862011391
4,2,0.24746965975173296,0.3118786862011391
4,2,0.22596190868321475,0.366207983465038
4,2,0.22596190868321475,0.3118786862011391
4,2,0.22596190868321475,0.3118786862011391
4,2,0.22596190868321475,0.366207983465038
4,2,0.20445415761469654,0.366207983465038
4,3,0.376516166162844,0.9859029026177466
4,2,0.376516166162844,0.04023219988164506
4,2,0.3550084150943258,0.04023219988164506
4,2,0.376516166162844,0.04023219988164506
4,2,0.3550084150943258,0.09456149714554396
4,2,0.3550084150943258,0.04023219988164506
4,2,0.3550084150943258,0.04023219988164506
4,2,0.3550084150943258,0.09456149714554396
4,2,0.3335006640258067,0.09456149714554396
4,2,0.3550084150943258,0.09456149714554396
4,2,0.3335006640258067,0.14889079440944286
4,2,0.3335006640258067,0.09456149714554396
4,2,0.3335006640258067,0.09456149714554396
4,2,0.3335006640258067,0.14889079440944286
4,2,0.3119929129572885,0.14889079440944286
4,2,0.3335006640258067,0.14889079440944286
4,2,0.3119929129572885,0.20322009167334132
4,2,0.3119929129572885,0.14889079440944286
4,2,0.3119929129572885,0.14889079440944286
4,2,0.3119929129572885,0.20322009167334132
4,2,0.29048516188877027,0.20322009167334132
4,2,0.3119929129572885,0.20322009167334132
4,2,0.29048516188877027,0.2575493889372402
4,2,0.29048516188877027,0.20322009167334132
4,2,0.29048516188877027,0.20322009167334132
4,2,0.29048516188877027,0.2575493889372402
4,2,0.2689774108202512,0.2575493889372402
4,2,0.29048516188877027,0.2575493889372402
4,2,0.2689774108202512,0.3118786862011391
4,2,0.2689774108202512,0.2575493889372402
4,2,0.2689774108202512,0.2575493889372402
4,2,0.2689774108202512,0.3118786862011391
4,2,0.24746965975173296,0.3118786862011391
4,2,0.2689774108202512,0.3118786862011391
4,2,0.24746965975173296,0.366207983465038
4,2,0.24746965975173296,0.3118786862011391
4,2,0.24746965975173296,0.3118786862011391
4,2,0.24746965975173296,0.366207983465038
4,2,0.22596190868321475,0.366207983465038
4,2,0.376516166162844,0.04023219988164506
4,2,0.376516166162844,0.09456149714554396
4,2,0.3550084150943258,0.09456149714554396
4,2,0.376516166162844,0.09456149714554396
4,2,0.3550084150943258,0.14889079440944286
4,2,0.3550084150943258,0.09456149714554396
4,2,0.3550084150943258,0.09456149714554396
4,2,0.3550084150943258,0.14889079440944286
4,2,0.3335006640258067,0.14889079440944286
4,2,0.3550084150943258,0.14889079440944286
4,2,0.3335006640258067,0.20322009167334132
4,2,0.3335006640258067,0.14889079440944286
4,2,0.3335006640258067,0.14889079440944286
4,2,0.3335006640258067,0.20322009167334132
4,2,0.3119929129572885,0.20322009167334132
4,2,0.3335006640258067,0.20322009167334132
4,2,0.3119929129572885,0.2575493889372402
4,2,0.3119929129572885,0.20322009167334132
4,2,0.3119929129572885,0.20322009167334132
4,2,0.3119929129572885,0.2575493889372402
4,2,0.29048516188877027,0.2575493889372402
4,2,0.3119929129572885,0.2575493889372402
4,2,0.29048516188877027,0.3118786862011391
4,2,0.29048516188877027,0.2575493889372402
4,2,0.29048516188877027,0.2575493889372402
4,2,0.29048516188877027,0.3118786862011391
4,2,0.2689774108202512,0.3118786862011391
4,2,0.29048516188877027,0.3118786862011391
4,2,0.2689774108202512,0.366207983465038
4,2,0.2689774108202512,0.3118786862011391
4,2,0.2689774108202512,0.3118786862011391
4,2,0.2689774108202512,0.366207983465038
4,2,0.24746965975173296,0.366207983465038
4,2,0.376516166162844,0.09456149714554396
4,2,0.376516166162844,0.14889079440944286
4,2,0.3550084150943258,0.14889079440944286
4,2,0.376516166162844,0.14889079440944286
4,2,0.3550084150943258,0.20322009167334132
4,2,0.3550084150943258,0.14889079440944286
4,2,0.3550084150943258,0.14889079440944286
4,2,0.3550084150943258,0.20322009167334132
4,2,0.3335006640258067,0.20322009167334132
4,2,0.3550084150943258,0.20322009167334132
4,2,0.3335006640258067,0.2575493889372402
4,2,0.3335006640258067,0.20322009167334132
4,2,0.3335006640258067,0.20322009167334132
4,2,0.3335006640258067,0.2575493889372402
4,2,0.3119929129572885,0.2575493889372402
4,2,0.3335006640258067,0.2575493889372402
4,2,0.3119929129572885,0.3118786862011391
4,2,0.3119929129572885,0.2575493889372402
4,2,0.3119929129572885,0.2575493889372402
4,2,0.3119929129572885,0.3118786862011391
4,2,0.29048516188877027,0.3118786862011391
4,2,0.3119929129572885,0.3118786862011391
4,2,0.29048516188877027,0.366207983465038
4,2,0.29048516188877027,0.3118786862011391
4,2,0.29048516188877027,0.3118786862011391
4,2,0.29048516188877027,0.366207983465038
4,2,0.2689774108202512,0.366207983465038
4,2,0.376516166162844,0.14889079440944286
4,2,0.376516166162844,0.20322009167334132
4,2,0.3550084150943258,0.20322009167334132
4,2,0.376516166162844,0.20322009167334132
4,2,0.3550084150943258,0.2575493889372402
4,2,0.3550084150943258,0.20322009167334132
4,2,0.3550084150943258,0.20322009167334132
4,2,0.3550084150943258,0.2575493889372402
4,2,0.3335006640258067,0.2575493889372402
4,2,0.3550084150943258,0.2575493889372402
4,2,0.3335006640258067,0.3118786862011391
4,2,0.3335006640258067,0.2575493889372402
4,2,0.3335006640258067,0.2575493889372402
4,2,0.3335006640258067,0.3118786862011391
4,2,0.3119929129572885,0.3118786862011391
4,2,0.3335006640258067,0.3118786862011391
4,2,0.3119929129572885,0.366207983465038
4,2,0.3119929129572885,0.3118786862011391
4,2,0.3119929129572885,0.3118786862011391
4,2,0.3119929129572885,0.366207983465038
4,2,0.29048516188877027,0.366207983465038
4,2,0.376516166162844,0.20322009167334132
4,2,0.376516166162844,0.2575493889372402
4,2,0.3550084150943258,0.2575493889372402
4,2,0.376516166162844,0.2575493889372402
4,2,0.3550084150943258,0.3118786862011391
4,2,0.3550084150943258,0.2575493889372402
4,2,0.3550084150943258,0.2575493889372402
4,2,0.3550084150943258,0.3118786862011391
4,2,0.3335006640258067,0.3118786862011391
4,2,0.3550084150943258,0.3118786862011391
4,2,0.3335006640258067,0.366207983465038
4,2,0.3335006640258067,0.3118786862011391
4,2,0.3335006640258067,0.3118786862011391
4,2,0.3335006640258067,0.366207983465038
4,2,0.3119929129572885,0.366207983465038
4,2,0.376516166162844,0.2575493889372402
4,2,0.376516166162844,0.3118786862011391
4,2,0.3550084150943258,0.3118786862011391
4,2,0.376516166162844,0.3118786862011391
4,2,0.3550084150943258,0.366207983465038
4,2,0.3550084150943258,0.3118786862011391
4,2,0.3550084150943258,0.3118786862011391
4,2,0.3550084150943258,0.366207983465038
4,2,0.3335006640258067,0.366207983465038
4,2,0.376516166162844,0.3118786862011391
4,2,0.376516166162844,0.366207983465038
4,2,0.3550084150943258,0.366207983465038
4,2,0.20000000000000018,0.9199999999999999
4,2,0.11658009069484532,0.8338521538709074
4,1,0.11658009069484532,0.006147846129092249
4,2,0.28341990930515504,0.8338521538709074
4,1,0.28341990930515504,0.006147846129092249
4,1,0.2045172700027793,0.0893655632979069
4,1,0.16425284429019893,0.0893655632979069
4,1,0.16425284429019893,0.046626462107691724
4,1,0.16425284429019893,0.0893655632979069
4,1,0.12398841857761855,0.046626462107691724
4,1,0.16425284429019893,0.046626462107691724
4,1,0.16425284429019893,0.046626462107691724
4,1,0.12398841857761855,0.046626462107691724
4,1,0.12398841857761855,0.0038873609174763235
4,1,0.12398841857761855,0.046626462107691724
4,1,0.08372399286503818,0.0038873609174763235
4,1,0.12398841857761855,0.0038873609174763235
4,1,0.12398841857761855,0.0038873609174763235
4,1,0.08372399286503818,0.0038873609174763235
4,2,0.08372399286503818,0.9611482597272611
4,1,0.08372399286503818,0.0038873609174763235
4,2,0.0434595671524578,0.9611482597272611
4,2,0.08372399286503818,0.9611482597272611
4,2,0.08372399286503818,0.9611482597272611
4,2,0.0434595671524578,0.9611482597272611
4,2,0.0434595671524578,0.9184091585370457
4,1,0.16425284429019893,0.0893655632979069
4,1,0.12398841857761855,0.0893655632979069
4,1,0.12398841857761855,0.046626462107691724
4,1,0.12398841857761855,0.0893655632979069
4,1,0.08372399286503818,0.046626462107691724
4,1,0.12398841857761855,0.046626462107691724
4,1,0.12398841857761855,0.046626462107691724
4,1,0.08372399286503818,0.046626462107691724
4,1,0.08372399286503818,0.0038873609174763235
4,1,0.08372399286503818,0.046626462107691724
4,1,0.0434595671524578,0.0038873609174763235
4,1,0.08372399286503818,0.0038873609174763235
4,1,0.08372399286503818,0.0038873609174763235
4,1,0.0434595671524578,0.0038873609174763235
4,2,0.0434595671524578,0.9611482597272611
4,1,0.12398841857761855,0.0893655632979069
4,1,0.08372399286503818,0.0893655632979069
4,1,0.08372399286503818,0.046626462107691724
4,1,0.08372399286503818,0.0893655632979069
4,1,0.0434595671524578,0.046626462107691724
4,1,0.08372399286503818,0.046626462107691724
4,1,0.08372399286503818,0.046626462107691724
4,1,0.0434595671524578,0.046626462107691724
4,1,0.0434595671524578,0.0038873609174763235
4,1,0.08372399286503818,0.0893655632979069
4,1,0.0434595671524578,0.0893655632979069
4,1,0.0434595671524578,0.046626462107691724
4,2,0.0434595671524578,0.9184091585370457
4,2,0.08372399286503818,0.9184091585370457
4,2,0.08372399286503818,0.9611482597272611
4,2,0.08372399286503818,0.9184091585370457
4,2,0.12398841857761855,0.9611482597272611
4,2,0.08372399286503818,0.9611482597272611
4,2,0.08372399286503818,0.9611482597272611
4,2,0.12398841857761855,0.9611482597272611
4,1,0.12398841857761855,0.0038873609174763235
4,2,0.12398841857761855,0.9611482597272611
4,1,0.16425284429019893,0.0038873609174763235
4,1,0.12398841857761855,0.0038873609174763235
4,1,0.12398841857761855,0.0038873609174763235
4,1,0.16425284429019893,0.0038873609174763235
4,1,0.16425284429019893,0.046626462107691724
4,1,0.16425284429019893,0.0038873609174763235
4,1,0.2045172700027793,0.046626462107691724
4,1,0.16425284429019893,0.046626462107691724
4,1,0.16425284429019893,0.046626462107691724
4,1,0.2045172700027793,0.046626462107691724
4,1,0.2045172700027793,0.0893655632979069
4,2,0.08372399286503818,0.9184091585370457
4,2,0.12398841857761855,0.9184091585370457
4,2,0.12398841857761855,0.9611482597272611
4,2,0.12398841857761855,0.9184091585370457
4,2,0.16425284429019893,0.9611482597272611
4,2,0.12398841857761855,0.9611482597272611
4,2,0.12398841857761855,0.9611482597272611
4,2,0.16425284429019893,0.9611482597272611
4,1,0.16425284429019893,0.0038873609174763235
4,2,0.16425284429019893,0.9611482597272611
4,1,0.2045172700027793,0.0038873609174763235
4,1,0.16425284429019893,0.0038873609174763235
4,1,0.16425284429019893,0.0038873609174763235
4,1,0.2045172700027793,0.0038873609174763235
4,1,0.2045172700027793,0.046626462107691724
4,2,0.12398841857761855,0.9184091585370457
4,2,0.16425284429019893,0.9184091585370457
4,2,0.16425284429019893,0.9611482597272611
4,2,0.16425284429019893,0.9184091585370457
4,2,0.2045172700027793,0.9611482597272611
4,2,0.16425284429019893,0.9611482597272611
4,2,0.16425284429019893,0.9611482597272611
4,2,0.2045172700027793,0.9611482597272611
4,1,0.2045172700027793,0.0038873609174763235
4,2,0.16425284429019893,0.9184091585370457
4,2,0.2045172700027793,0.9184091585370457
4,2,0.2045172700027793,0.9611482597272611
4,2,0.2045172700027793,0.9184091585370457
4,2,0.16425284429019893,0.9184091585370457
4,2,0.16425284429019893,0.8756846142614045
4,2,0.16425284429019893,0.9184091585370457
4,2,0.12398841857761855,0.8756846142614045
4,2,0.16425284429019893,0.8756846142614045
4,2,0.16425284429019893,0.8756846142614045
4,2,0.12398841857761855,0.8756846142614045
4,2,0.12398841857761855,0.8329600699857638
4,2,0.12398841857761855,0.8756846142614045
4,2,0.08372399286503818,0.8329600699857638
4,2,0.12398841857761855,0.8329600699857638
4,2,0.12398841857761855,0.8329600699857638
4,2,0.08372399286503818,0.8329600699857638
4,2,0.08372399286503818,0.7902355257101226
4,2,0.08372399286503818,0.8329600699857638
4,2,0.0434595671524578,0.7902355257101226
4,2,0.08372399286503818,0.7902355257101226
4,2,0.08372399286503818,0.7902355257101226
4,2,0.0434595671524578,0.7902355257101226
4,2,0.0434595671524578,0.7475109814344818
4,2,0.16425284429019893,0.9184091585370457
4,2,0.12398841857761855,0.9184091585370457
4,2,0.12398841857761855,0.8756846142614045
4,2,0.12398841857761855,0.9184091585370457
4,2,0.08372399286503818,0.8756846142614045
4,2,0.12398841857761855,0.8756846142614045
4,2,0.12398841857761855,0.8756846142614045
4,2,0.08372399286503818,0.8756846142614045
4,2,0.08372399286503818,0.8329600699857638
4,2,0.08372399286503818,0.8756846142614045
4,2,0.0434595671524578,0.8329600699857638
4,2,0.08372399286503818,0.8329600699857638
4,2,0.08372399286503818,0.8329600699857638
4,2,0.0434595671524578,0.8329600699857638
4,2,0.0434595671524578,0.7902355257101226
4,2,0.12398841857761855,0.9184091585370457
4,2,0.08372399286503818,0.9184091585370457
4,2,0.08372399286503818,0.8756846142614045
4,2,0.08372399286503818,0.9184091585370457
4,2,0.0434595671524578,0.8756846142614045
4,2,0.08372399286503818,0.8756846142614045
4,2,0.08372399286503818,0.8756846142614045
4,2,0.0434595671524578,0.8756846142614045
4,2,0.0434595671524578,0.8329600699857638
4,2,0.08372399286503818,0.9184091585370457
4,2,0.0434595671524578,0.9184091585370457
4,2,0.0434595671524578,0.8756846142614045
4,2,0.0434595671524578,0.7475109814344818
4,2,0.08372399286503818,0.7475109814344818
4,2,0.08372399286503818,0.7902355257101226
4,2,0.08372399286503818,0.7475109814344818
4,2,0.12398841857761855,0.7902355257101226
4,2,0.08372399286503818,0.7902355257101226
4,2,0.08372399286503818,0.7902355257101226
4,2,0.12398841857761855,0.7902355257101226
4,2,0.12398841857761855,0.8329600699857638
4,2,0.12398841857761855,0.7902355257101226
4,2,0.16425284429019893,0.8329600699857638
4,2,0.12398841857761855,0.8329600699857638
4,2,0.12398841857761855,0.8329600699857638
4,2,0.16425284429019893,0.8329600699857638
4,2,0.16425284429019893,0.8756846142614045
4,2,0.16425284429019893,0.8329600699857638
4,2,0.2045172700027793,0.8756846142614045
4,2,0.16425284429019893,0.8756846142614045
4,2,0.16425284429019893,0.8756846142614045
4,2,0.2045172700027793,0.8756846142614045
4,2,0.2045172700027793,0.9184091585370457
4,2,0.08372399286503818,0.7475109814344818
4,2,0.12398841857761855,0.7475109814344818
4,2,0.12398841857761855,0.7902355257101226
4,2,0.12398841857761855,0.7475109814344818
4,2,0.16425284429019893,0.7902355257101226
4,2,0.12398841857761855,0.7902355257101226
4,2,0.12398841857761855,0.7902355257101226
4,2,0.16425284429019893,0.7902355257101226
4,2,0.16425284429019893,0.8329600699857638
4,2,0.16425284429019893,0.7902355257101226
4,2,0.2045172700027793,0.8329600699857638
4,2,0.16425284429019893,0.8329600699857638
4,2,0.16425284429019893,0.8329600699857638
4,2,0.2045172700027793,0.8329600699857638
4,2,0.2045172700027793,0.8756846142614045
4,2,0.12398841857761855,0.7475109814344818
4,2,0.16425284429019893,0.7475109814344818
4,2,0.16425284429019893,0.7902355257101226
4,2,0.16425284429019893,0.7475109814344818
4,2,0.2045172700027793,0.7902355257101226
4,2,0.16425284429019893,0.7902355257101226
4,2,0.16425284429019893,0.7902355257101226
4,2,0.2045172700027793,0.7902355257101226
4,2,0.2045172700027793,0.8329600699857638
4,2,0.16425284429019893,0.7475109814344818
4,2,0.2045172700027793,0.7475109814344818
4,2,0.2045172700027793,0.7902355257101226
4,1,0.2045172700027793,0.0893655632979069
4,1,0.2045172700027793,0.046626462107691724
4,1,0.2447525818862104,0.046626462107691724
4,1,0.2045172700027793,0.046626462107691724
4,1,0.2447525818862104,0.0038873609174763235
4,1,0.2447525818862104,0.046626462107691724
4,1,0.2447525818862104,0.046626462107691724
4,1,0.2447525818862104,0.0038873609174763235
4,1,0.2849878937696424,0.0038873609174763235
4,1,0.2447525818862104,0.0038873609174763235
4,2,0.2849878937696424,0.9611482597272611
4,1,0.2849878937696424,0.0038873609174763235
4,1,0.2849878937696424,0.0038873609174763235
4,2,0.2849878937696424,0.9611482597272611
4,2,0.3252232056530735,0.9611482597272611
4,2,0.2849878937696424,0.9611482597272611
4,2,0.3252232056530735,0.9184091585370457
4,2,0.3252232056530735,0.9611482597272611
4,2,0.3252232056530735,0.9611482597272611
4,2,0.3252232056530735,0.9184091585370457
4,2,0.3654585175365055,0.9184091585370457
4,1,0.2045172700027793,0.046626462107691724
4,1,0.2045172700027793,0.0038873609174763235
4,1,0.2447525818862104,0.0038873609174763235
4,1,0.2045172700027793,0.0038873609174763235
4,2,0.2447525818862104,0.9611482597272611
4,1,0.2447525818862104,0.0038873609174763235
4,1,0.2447525818862104,0.0038873609174763235
4,2,0.2447525818862104,0.9611482597272611
4,2,0.2849878937696424,0.9611482597272611
4,2,0.2447525818862104,0.9611482597272611
4,2,0.2849878937696424,0.9184091585370457
4,2,0.2849878937696424,0.9611482597272611
4,2,0.2849878937696424,0.9611482597272611
4,2,0.2849878937696424,0.9184091585370457
4,2,0.3252232056530735,0.9184091585370457
4,1,0.2045172700027793,0.0038873609174763235
4,2,0.2045172700027793,0.9611482597272611
4,2,0.2447525818862104,0.9611482597272611
4,2,0.2045172700027793,0.9611482597272611
4,2,0.2447525818862104,0.9184091585370457
4,2,0.2447525818862104,0.9611482597272611
4,2,0.2447525818862104,0.9611482597272611
4,2,0.2447525818862104,0.9184091585370457
4,2,0.2849878937696424,0.9184091585370457
4,2,0.2045172700027793,0.9611482597272611
4,2,0.2045172700027793,0.9184091585370457
4,2,0.2447525818862104,0.9184091585370457
4,2,0.3654585175365055,0.9184091585370457
4,2,0.3654585175365055,0.9611482597272611
4,2,0.3252232056530735,0.9611482597272611
4,2,0.3654585175365055,0.9611482597272611
4,1,0.3252232056530735,0.0038873609174763235
4,2,0.3252232056530735,0.9611482597272611
4,2,0.3252232056530735,0.9611482597272611
4,1,0.3252232056530735,0.0038873609174763235
4,1,0.2849878937696424,0.0038873609174763235
4,1,0.3252232056530735,0.0038873609174763235
4,1,0.2849878937696424,0.046626462107691724
4,1,0.2849878937696424,0.0038873609174763235
4,1,0.2849878937696424,0.0038873609174763235
4,1,0.2849878937696424,0.046626462107691724
4,1,0.2447525818862104,0.046626462107691724
4,1,0.2849878937696424,0.046626462107691724
4,1,0.2447525818862104,0.0893655632979069
4,1,0.2447525818862104,0.046626462107691724
4,1,0.2447525818862104,0.046626462107691724
4,1,0.2447525818862104,0.0893655632979069
4,1,0.2045172700027793,0.0893655632979069
4,2,0.3654585175365055,0.9611482597272611
4,1,0.3654585175365055,0.0038873609174763235
4,1,0.3252232056530735,0.0038873609174763235
4,1,0.3654585175365055,0.0038873609174763235
4,1,0.3252232056530735,0.046626462107691724
4,1,0.3252232056530735,0.0038873609174763235
4,1,0.3252232056530735,0.0038873609174763235
4,1,0.3252232056530735,0.046626462107691724
4,1,0.2849878937696424,0.046626462107691724
4,1,0.3252232056530735,0.046626462107691724
4,1,0.2849878937696424,0.0893655632979069
4,1,0.2849878937696424,0.046626462107691724
4,1,0.2849878937696424,0.046626462107691724
4,1,0.2849878937696424,0.0893655632979069
4,1,0.2447525818862104,0.0893655632979069
4,1,0.3654585175365055,0.0038873609174763235
4,1,0.3654585175365055,0.046626462107691724
4,1,0.3252232056530735,0.046626462107691724
4,1,0.3654585175365055,0.046626462107691724
4,1,0.3252232056530735,0.0893655632979069
4,1,0.3252232056530735,0.046626462107691724
4,1,0.3252232056530735,0.046626462107691724
4,1,0.3252232056530735,0.0893655632979069
4,1,0.2849878937696424,0.0893655632979069
4,1,0.3654585175365055,0.046626462107691724
4,1,0.3654585175365055,0.0893655632979069
4,1,0.3252232056530735,0.0893655632979069
4,2,0.2045172700027793,0.9184091585370457
4,2,0.2045172700027793,0.8756846142614045
4,2,0.2447525818862104,0.8756846142614045
4,2,0.2045172700027793,0.8756846142614045
4,2,0.2447525818862104,0.8329600699857638
4,2,0.2447525818862104,0.8756846142614045
4,2,0.2447525818862104,0.8756846142614045
4,2,0.2447525818862104,0.8329600699857638
4,2,0.2849878937696424,0.8329600699857638
4,2,0.2447525818862104,0.8329600699857638
4,2,0.2849878937696424,0.7902355257101226
4,2,0.2849878937696424,0.8329600699857638
4,2,0.2849878937696424,0.8329600699857638
4,2,0.2849878937696424,0.7902355257101226
4,2,0.3252232056530735,0.7902355257101226
4,2,0.2849878937696424,0.7902355257101226
4,2,0.3252232056530735,0.7475109814344818
4,2,0.3252232056530735,0.7902355257101226
4,2,0.3252232056530735,0.7902355257101226
4,2,0.3252232056530735,0.7475109814344818
4,2,0.3654585175365055,0.7475109814344818
4,2,0.2045172700027793,0.8756846142614045
4,2,0.2045172700027793,0.8329600699857638
4,2,0.2447525818862104,0.8329600699857638
4,2,0.2045172700027793,0.8329600699857638
4,2,0.2447525818862104,0.7902355257101226
4,2,0.2447525818862104,0.8329600699857638
4,2,0.2447525818862104,0.8329600699857638
4,2,0.2447525818862104,0.7902355257101226
4,2,0.2849878937696424,0.7902355257101226
4,2,0.2447525818862104,0.7902355257101226
4,2,0.2849878937696424,0.7475109814344818
4,2,0.2849878937696424,0.7902355257101226
4,2,0.2849878937696424,0.7902355257101226
4,2,0.2849878937696424,0.7475109814344818
4,2,0.3252232056530735,0.7475109814344818
4,2,0.2045172700027793,0.8329600699857638
4,2,0.2045172700027793,0.7902355257101226
4,2,0.2447525818862104,0.7902355257101226
4,2,0.2045172700027793,0.7902355257101226
4,2,0.2447525818862104,0.7475109814344818
4,2,0.2447525818862104,0.7902355257101226
4,2,0.2447525818862104,0.7902355257101226
4,2,0.2447525818862104,0.7475109814344818
4,2,0.2849878937696424,0.7475109814344818
4,2,0.2045172700027793,0.7902355257101226
4,2,0.2045172700027793,0.7475109814344818
4,2,0.2447525818862104,0.7475109814344818
4,2,0.3654585175365055,0.7475109814344818
4,2,0.3654585175365055,0.7902355257101226
4,2,0.3252232056530735,0.7902355257101226
4,2,0.3654585175365055,0.7902355257101226
4,2,0.3252232056530735,0.8329600699857638
4,2,0.3252232056530735,0.7902355257101226
4,2,0.3252232056530735,0.7902355257101226
4,2,0.3252232056530735,0.8329600699857638
4,2,0.2849878937696424,0.8329600699857638
4,2,0.3252232056530735,0.8329600699857638
4,2,0.2849878937696424,0.8756846142614045
4,2,0.2849878937696424,0.8329600699857638
4,2,0.2849878937696424,0.8329600699857638
4,2,0.2849878937696424,0.8756846142614045
4,2,0.2447525818862104,0.8756846142614045
4,2,0.2849878937696424,0.8756846142614045
4,2,0.2447525818862104,0.9184091585370457
4,2,0.2447525818862104,0.8756846142614045
4,2,0.2447525818862104,0.8756846142614045
4,2,0.2447525818862104,0.9184091585370457
4,2,0.2045172700027793,0.9184091585370457
4,2,0.3654585175365055,0.7902355257101226
4,2,0.3654585175365055,0.8329600699857638
4,2,0.3252232056530735,0.8329600699857638
4,2,0.3654585175365055,0.8329600699857638
4,2,0.3252232056530735,0.8756846142614045
4,2,0.3252232056530735,0.8329600699857638
4,2,0.3252232056530735,0.8329600699857638
4,2,0.3252232056530735,0.8756846142614045
4,2,0.2849878937696424,0.8756846142614045
4,2,0.3252232056530735,0.8756846142614045
4,2,0.2849878937696424,0.9184091585370457
4,2,0.2849878937696424,0.8756846142614045
4,2,0.2849878937696424,0.8756846142614045
4,2,0.2849878937696424,0.9184091585370457
4,2,0.2447525818862104,0.9184091585370457
4,2,0.3654585175365055,0.8329600699857638
4,2,0.3654585175365055,0.8756846142614045
4,2,0.3252232056530735,0.8756846142614045
4,2,0.3654585175365055,0.8756846142614045
4,2,0.3252232056530735,0.9184091585370457
4,2,0.3252232056530735,0.8756846142614045
4,2,0.3252232056530735,0.8756846142614045
4,2,0.3252232056530735,0.9184091585370457
4,2,0.2849878937696424,0.9184091585370457
4,2,0.3654585175365055,0.8756846142614045
4,2,0.3654585175365055,0.9184091585370457
4,2,0.3252232056530735,0.9184091585370457
4,3,0.20000000000000018,0.8700000000000001
4,3,0.11254748491299438,0.7691844910945433
4,3,0.11254748491299438,0.9708155089054569
4,3,0.287452515087006,0.7691844910945433
4,3,0.287452515087006,0.9708155089054569
4,3,0.01591856400215086,0.8700140270451158
4,3,0.01591856400215086,0.8297807719379362
4,3,0.05865702179497578,0.8297807719379362
4,3,0.01591856400215086,0.8297807719379362
4,3,0.05865702179497578,0.7895475168307566
4,3,0.05865702179497578,0.8297807719379362
4,3,0.05865702179497578,0.8297807719379362
4,3,0.05865702179497578,0.7895475168307566
4,3,0.10139547958779982,0.7895475168307566
4,3,0.05865702179497578,0.7895475168307566
4,3,0.10139547958779982,0.7493142617235771
4,3,0.10139547958779982,0.7895475168307566
4,3,0.10139547958779982,0.7895475168307566
4,3,0.10139547958779982,0.7493142617235771
4,3,0.14413393738062386,0.7493142617235771
4,3,0.10139547958779982,0.7493142617235771
4,3,0.14413393738062386,0.7090810066163971
4,3,0.14413393738062386,0.7493142617235771
4,3,0.14413393738062386,0.7493142617235771
4,3,0.14413393738062386,0.7090810066163971
4,3,0.18687239517344878,0.7090810066163971
4,3,0.01591856400215086,0.8297807719379362
4,3,0.01591856400215086,0.7895475168307566
4,3,0.05865702179497578,0.7895475168307566
4,3,0.01591856400215086,0.7895475168307566
4,3,0.05865702179497578,0.7493142617235771
4,3,0.05865702179497578,0.7895475168307566
4,3,0.05865702179497578,0.7895475168307566
4,3,0.05865702179497578,0.7493142617235771
4,3,0.10139547958779982,0.7493142617235771
4,3,0.05865702179497578,0.7493142617235771
4,3,0.10139547958779982,0.7090810066163971
4,3,0.10139547958779982,0.7493142617235771
4,3,0.10139547958779982,0.7493142617235771
4,3,0.10139547958779982,0.7090810066163971
4,3,0.14413393738062386,0.7090810066163971
4,3,0.01591856400215086,0.7895475168307566
4,3,0.01591856400215086,0.7493142617235771
4,3,0.05865702179497578,0.7493142617235771
4,3,0.01591856400215086,0.7493142617235771
4,3,0.05865702179497578,0.7090810066163971
4,3,0.05865702179497578,0.7493142617235771
4,3,0.05865702179497578,0.7493142617235771
4,3,0.05865702179497578,0.7090810066163971
4,3,0.10139547958779982,0.7090810066163971
4,3,0.01591856400215086,0.7493142617235771
4,3,0.01591856400215086,0.7090810066163971
4,3,0.05865702179497578,0.7090810066163971
4,3,0.18687239517344878,0.7090810066163971
4,3,0.18687239517344878,0.7493142617235771
4,3,0.14413393738062386,0.7493142617235771
4,3,0.18687239517344878,0.7493142617235771
4,3,0.14413393738062386,0.7895475168307566
4,3,0.14413393738062386,0.7493142617235771
4,3,0.14413393738062386,0.7493142617235771
4,3,0.14413393738062386,0.7895475168307566
4,3,0.10139547958779982,0.7895475168307566
4,3,0.14413393738062386,0.7895475168307566
4,3,0.10139547958779982,0.8297807719379362
4,3,0.10139547958779982,0.7895475168307566
4,3,0.10139547958779982,0.7895475168307566
4,3,0.10139547958779982,0.8297807719379362
4,3,0.05865702179497578,0.8297807719379362
4,3,0.10139547958779982,0.8297807719379362
4,3,0.05865702179497578,0.8700140270451158
4,3,0.05865702179497578,0.8297807719379362
4,3,0.05865702179497578,0.8297807719379362
4,3,0.05865702179497578,0.8700140270451158
4,3,0.01591856400215086,0.8700140270451158
4,3,0.18687239517344878,0.7493142617235771
4,3,0.18687239517344878,0.7895475168307566
4,3,0.14413393738062386,0.7895475168307566
4,3,0.18687239517344878,0.7895475168307566
4,3,0.14413393738062386,0.8297807719379362
4,3,0.14413393738062386,0.7895475168307566
4,3,0.14413393738062386,0.7895475168307566
4,3,0.14413393738062386,0.8297807719379362
4,3,0.10139547958779982,0.8297807719379362
4,3,0.14413393738062386,0.8297807719379362
4,3,0.10139547958779982,0.8700140270451158
4,3,0.10139547958779982,0.8297807719379362
4,3,0.10139547958779982,0.8297807719379362
4,3,0.10139547958779982,0.8700140270451158
4,3,0.05865702179497578,0.8700140270451158
4,3,0.18687239517344878,0.7895475168307566
4,3,0.18687239517344878,0.8297807719379362
4,3,0.14413393738062386,0.8297807719379362
4,3,0.18687239517344878,0.8297807719379362
4,3,0.14413393738062386,0.8700140270451158
4,3,0.14413393738062386,0.8297807719379362
4,3,0.14413393738062386,0.8297807719379362
4,3,0.14413393738062386,0.8700140270451158
4,3,0.10139547958779982,0.8700140270451158
4,3,0.18687239517344878,0.8297807719379362
4,3,0.18687239517344878,0.8700140270451158
4,3,0.14413393738062386,0.8700140270451158
4,3,0.18687239517344878,0.8700140270451158
4,3,0.18687239517344878,0.8297807719379362
4,3,0.22959585175258646,0.8297807719379362
4,3,0.18687239517344878,0.8297807719379362
4,3,0.22959585175258646,0.7895475168307566
4,3,0.22959585175258646,0.8297807719379362
4,3,0.22959585175258646,0.8297807719379362
4,3,0.22959585175258646,0.7895475168307566
4,3,0.27231930833172413,0.7895475168307566
4,3,0.22959585175258646,0.7895475168307566
4,3,0.27231930833172413,0.7493142617235771
4,3,0.27231930833172413,0.7895475168307566
4,3,0.27231930833172413,0.7895475168307566
4,3,0.27231930833172413,0.7493142617235771
4,3,0.3150427649108618,0.7493142617235771
4,3,0.27231930833172413,0.7493142617235771
4,3,0.3150427649108618,0.7090810066163971
4,3,0.3150427649108618,0.7493142617235771
4,3,0.3150427649108618,0.7493142617235771
4,3,0.3150427649108618,0.7090810066163971
4,3,0.3577662214899995,0.7090810066163971
4,3,0.18687239517344878,0.8297807719379362
4,3,0.18687239517344878,0.7895475168307566
4,3,0.22959585175258646,0.7895475168307566
4,3,0.18687239517344878,0.7895475168307566
4,3,0.22959585175258646,0.7493142617235771
4,3,0.22959585175258646,0.7895475168307566
4,3,0.22959585175258646,0.7895475168307566
4,3,0.22959585175258646,0.7493142617235771
4,3,0.27231930833172413,0.7493142617235771
4,3,0.22959585175258646,0.7493142617235771
4,3,0.27231930833172413,0.7090810066163971
4,3,0.27231930833172413,0.7493142617235771
4,3,0.27231930833172413,0.7493142617235771
4,3,0.27231930833172413,0.7090810066163971
4,3,0.3150427649108618,0.7090810066163971
4,3,0.18687239517344878,0.7895475168307566
4,3,0.18687239517344878,0.7493142617235771
4,3,0.22959585175258646,0.7493142617235771
4,3,0.18687239517344878,0.7493142617235771
4,3,0.22959585175258646,0.7090810066163971
4,3,0.22959585175258646,0.7493142617235771
4,3,0.22959585175258646,0.7493142617235771
4,3,0.22959585175258646,0.7090810066163971
4,3,0.27231930833172413,0.7090810066163971
4,3,0.18687239517344878,0.7493142617235771
4,3,0.18687239517344878,0.7090810066163971
4,3,0.22959585175258646,0.7090810066163971
4,3,0.3577662214899995,0.7090810066163971
4,3,0.3577662214899995,0.7493142617235771
4,3,0.3150427649108618,0.7493142617235771
4,3,0.3577662214899995,0.7493142617235771
4,3,0.3150427649108618,0.7895475168307566
4,3,0.3150427649108618,0.7493142617235771
4,3,0.3150427649108618,0.7493142617235771
4,3,0.3150427649108618,0.7895475168307566
4,3,0.27231930833172413,0.7895475168307566
4,3,0.3150427649108618,0.7895475168307566
4,3,0.27231930833172413,0.8297807719379362
4,3,0.27231930833172413,0.7895475168307566
4,3,0.27231930833172413,0.7895475168307566
4,3,0.27231930833172413,0.8297807719379362
4,3,0.22959585175258646,0.8297807719379362
4,3,0.27231930833172413,0.8297807719379362
4,3,0.22959585175258646,0.8700140270451158
4,3,0.22959585175258646,0.8297807719379362
4,3,0.22959585175258646,0.8297807719379362
4,3,0.22959585175258646,0.8700140270451158
4,3,0.18687239517344878,0.8700140270451158
4,3,0.3577662214899995,0.7493142617235771
4,3,0.3577662214899995,0.7895475168307566
4,3,0.3150427649108618,0.7895475168307566
4,3,0.3577662214899995,0.7895475168307566
4,3,0.3150427649108618,0.8297807719379362
4,3,0.3150427649108618,0.7895475168307566
4,3,0.3150427649108618,0.7895475168307566
4,3,0.3150427649108618,0.8297807719379362
4,3,0.27231930833172413,0.8297807719379362
4,3,0.3150427649108618,0.8297807719379362
4,3,0.27231930833172413,0.8700140270451158
4,3,0.27231930833172413,0.8297807719379362
4,3,0.27231930833172413,0.8297807719379362
4,3,0.27231930833172413,0.8700140270451158
4,3,0.22959585175258646,0.8700140270451158
4,3,0.3577662214899995,0.7895475168307566
4,3,0.3577662214899995,0.8297807719379362
4,3,0.3150427649108618,0.8297807719379362
4,3,0.3577662214899995,0.8297807719379362
4,3,0.3150427649108618,0.8700140270451158
4,3,0.3150427649108618,0.8297807719379362
4,3,0.3150427649108618,0.8297807719379362
4,3,0.3150427649108618,0.8700140270451158
4,3,0.27231930833172413,0.8700140270451158
4,3,0.3577662214899995,0.8297807719379362
4,3,0.3577662214899995,0.8700140270451158
4,3,0.3150427649108618,0.8700140270451158
4,3,0.01591856400215086,0.8700140270451158
4,3,0.05865702179497578,0.8700140270451158
4,3,0.05865702179497578,0.9102772845796685
4,3,0.05865702179497578,0.8700140270451158
4,3,0.10139547958779982,0.9102772845796685
4,3,0.05865702179497578,0.9102772845796685
4,3,0.05865702179497578,0.9102772845796685
4,3,0.10139547958779982,0.9102772845796685
4,3,0.10139547958779982,0.9505405421142212
4,3,0.10139547958779982,0.9102772845796685
4,3,0.14413393738062386,0.9505405421142212
4,3,0.10139547958779982,0.9505405421142212
4,3,0.10139547958779982,0.9505405421142212
4,3,0.14413393738062386,0.9505405421142212
4,3,0.14413393738062386,0.990803799648774
4,3,0.14413393738062386,0.9505405421142212
4,3,0.18687239517344878,0.990803799648774
4,3,0.14413393738062386,0.990803799648774
4,3,0.14413393738062386,0.990803799648774
4,3,0.18687239517344878,0.990803799648774
4,2,0.18687239517344878,0.031067057183326252
4,3,0.05865702179497578,0.8700140270451158
4,3,0.10139547958779982,0.8700140270451158
4,3,0.10139547958779982,0.9102772845796685
4,3,0.10139547958779982,0.8700140270451158
4,3,0.14413393738062386,0.9102772845796685
4,3,0.10139547958779982,0.9102772845796685
4,3,0.10139547958779982,0.9102772845796685
4,3,0.14413393738062386,0.9102772845796685
4,3,0.14413393738062386,0.9505405421142212
4,3,0.14413393738062386,0.9102772845796685
4,3,0.18687239517344878,0.9505405421142212
4,3,0.14413393738062386,0.9505405421142212
4,3,0.14413393738062386,0.9505405421142212
4,3,0.18687239517344878,0.9505405421142212
4,3,0.18687239517344878,0.990803799648774
4,3,0.10139547958779982,0.8700140270451158
4,3,0.14413393738062386,0.8700140270451158
4,3,0.14413393738062386,0.9102772845796685
4,3,0.14413393738062386,0.8700140270451158
4,3,0.18687239517344878,0.9102772845796685
4,3,0.14413393738062386,0.9102772845796685
4,3,0.14413393738062386,0.9102772845796685
4,3,0.18687239517344878,0.9102772845796685
4,3,0.18687239517344878,0.9505405421142212
4,3,0.14413393738062386,0.8700140270451158
4,3,0.18687239517344878,0.8700140270451158
4,3,0.18687239517344878,0.9102772845796685
4,2,0.18687239517344878,0.031067057183326252
4,2,0.14413393738062386,0.031067057183326252
4,3,0.14413393738062386,0.990803799648774
4,2,0.14413393738062386,0.031067057183326252
4,3,0.10139547958779982,0.990803799648774
4,3,0.14413393738062386,0.990803799648774
4,3,0.14413393738062386,0.990803799648774
4,3,0.10139547958779982,0.990803799648774
4,3,0.10139547958779982,0.9505405421142212
4,3,0.10139547958779982,0.990803799648774
4,3,0.05865702179497578,0.9505405421142212
4,3,0.10139547958779982,0.9505405421142212
4,3,0.10139547958779982,0.9505405421142212
4,3,0.05865702179497578,0.9505405421142212
4,3,0.05865702179497578,0.9102772845796685
4,3,0.05865702179497578,0.9505405421142212
4,3,0.01591856400215086,0.9102772845796685
4,3,0.05865702179497578,0.9102772845796685
4,3,0.05865702179497578,0.9102772845796685
4,3,0.01591856400215086,0.9102772845796685
4,3,0.01591856400215086,0.8700140270451158
4,2,0.14413393738062386,0.031067057183326252
4,2,0.10139547958779982,0.031067057183326252
4,3,0.10139547958779982,0.990803799648774
4,2,0.10139547958779982,0.031067057183326252
4,3,0.05865702179497578,0.990803799648774
4,3,0.10139547958779982,0.990803799648774
4,3,0.10139547958779982,0.990803799648774
4,3,0.05865702179497578,0.990803799648774
4,3,0.05865702179497578,0.9505405421142212
4,3,0.05865702179497578,0.990803799648774
4,3,0.01591856400215086,0.9505405421142212
4,3,0.05865702179497578,0.9505405421142212
4,3,0.05865702179497578,0.9505405421142212
4,3,0.01591856400215086,0.9505405421142212
4,3,0.01591856400215086,0.9102772845796685
4,2,0.10139547958779982,0.031067057183326252
4,2,0.05865702179497578,0.031067057183326252
4,3,0.05865702179497578,0.990803799648774
4,2,0.05865702179497578,0.031067057183326252
4,3,0.01591856400215086,0.990803799648774
4,3,0.05865702179497578,0.990803799648774
4,3,0.05865702179497578,0.990803799648774
4,3,0.01591856400215086,0.990803799648774
4,3,0.01591856400215086,0.9505405421142212
4,2,0.05865702179497578,0.031067057183326252
4,2,0.01591856400215086,0.031067057183326252
4,3,0.01591856400215086,0.990803799648774
4,3,0.18687239517344878,0.8700140270451158
4,3,0.22959585175258646,0.8700140270451158
4,3,0.22959585175258646,0.9102772845796685
4,3,0.22959585175258646,0.8700140270451158
4,3,0.27231930833172413,0.9102772845796685
4,3,0.22959585175258646,0.9102772845796685
4,3,0.22959585175258646,0.9102772845796685
4,3,0.27231930833172413,0.9102772845796685
4,3,0.27231930833172413,0.9505405421142212
4,3,0.27231930833172413,0.9102772845796685
4,3,0.3150427649108618,0.9505405421142212
4,3,0.27231930833172413,0.9505405421142212
4,3,0.27231930833172413,0.9505405421142212
4,3,0.3150427649108618,0.9505405421142212
4,3,0.3150427649108618,0.990803799648774
4,3,0.3150427649108618,0.9505405421142212
4,3,0.3577662214899995,0.990803799648774
4,3,0.3150427649108618,0.990803799648774
4,3,0.3150427649108618,0.990803799648774
4,3,0.3577662214899995,0.990803799648774
4,2,0.3577662214899995,0.031067057183326252
4,3,0.22959585175258646,0.8700140270451158
4,3,0.27231930833172413,0.8700140270451158
4,3,0.27231930833172413,0.9102772845796685
4,3,0.27231930833172413,0.8700140270451158
4,3,0.3150427649108618,0.9102772845796685
4,3,0.27231930833172413,0.9102772845796685
4,3,0.27231930833172413,0.9102772845796685
4,3,0.3150427649108618,0.9102772845796685
4,3,0.3150427649108618,0.9505405421142212
4,3,0.3150427649108618,0.9102772845796685
4,3,0.3577662214899995,0.9505405421142212
4,3,0.3150427649108618,0.9505405421142212
4,3,0.3150427649108618,0.9505405421142212
4,3,0.3577662214899995,0.9505405421142212
4,3,0.3577662214899995,0.990803799648774
4,3,0.27231930833172413,0.8700140270451158
4,3,0.3150427649108618,0.8700140270451158
4,3,0.3150427649108618,0.9102772845796685
4,3,0.3150427649108618,0.8700140270451158
4,3,0.3577662214899995,0.9102772845796685
4,3,0.3150427649108618,0.9102772845796685
4,3,0.3150427649108618,0.9102772845796685
4,3,0.3577662214899995,0.9102772845796685
4,3,0.3577662214899995,0.9505405421142212
4,3,0.3150427649108618,0.8700140270451158
4,3,0.3577662214899995,0.8700140270451158
4,3,0.3577662214899995,0.9102772845796685
4,2,0.3577662214899995,0.031067057183326252
4,2,0.3150427649108618,0.031067057183326252
4,3,0.3150427649108618,0.990803799648774
4,2,0.3150427649108618,0.031067057183326252
4,3,0.27231930833172413,0.990803799648774
4,3,0.3150427649108618,0.990803799648774
4,3,0.3150427649108618,0.990803799648774
4,3,0.27231930833172413,0.990803799648774
4,3,0.27231930833172413,0.9505405421142212
4,3,0.27231930833172413,0.990803799648774
4,3,0.22959585175258646,0.9505405421142212
4,3,0.27231930833172413,0.9505405421142212
4,3,0.27231930833172413,0.9505405421142212
4,3,0.22959585175258646,0.9505405421142212
4,3,0.22959585175258646,0.9102772845796685
4,3,0.22959585175258646,0.9505405421142212
4,3,0.18687239517344878,0.9102772845796685
4,3,0.22959585175258646,0.9102772845796685
4,3,0.22959585175258646,0.9102772845796685
4,3,0.18687239517344878,0.9102772845796685
4,3,0.18687239517344878,0.8700140270451158
4,2,0.3150427649108618,0.031067057183326252
4,2,0.27231930833172413,0.031067057183326252
4,3,0.27231930833172413,0.990803799648774
4,2,0.27231930833172413,0.031067057183326252
4,3,0.22959585175258646,0.990803799648774
4,3,0.27231930833172413,0.990803799648774
4,3,0.27231930833172413,0.990803799648774
4,3,0.22959585175258646,0.990803799648774
4,3,0.22959585175258646,0.9505405421142212
4,3,0.22959585175258646,0.990803799648774
4,3,0.18687239517344878,0.9505405421142212
4,3,0.22959585175258646,0.9505405421142212
4,3,0.22959585175258646,0.9505405421142212
4,3,0.18687239517344878,0.9505405421142212
4,3,0.18687239517344878,0.9102772845796685
4,2,0.27231930833172413,0.031067057183326252
4,2,0.22959585175258646,0.031067057183326252
4,3,0.22959585175258646,0.990803799648774
4,2,0.22959585175258646,0.031067057183326252
4,3,0.18687239517344878,0.990803799648774
4,3,0.22959585175258646,0.990803799648774
4,3,0.22959585175258646,0.990803799648774
4,3,0.18687239517344878,0.990803799648774
4,3,0.18687239517344878,0.9505405421142212
4,2,0.22959585175258646,0.031067057183326252
4,2,0.18687239517344878,0.031067057183326252
4,3,0.18687239517344878,0.990803799648774
4,1,0.1299999999999999,0.13000000000000012
4,1,0.024914647012119318,0.020328518932560602
4,1,0.024914647012119318,0.23967148106743963
4,1,0.23508535298788047,0.020328518932560602
4,1,0.23508535298788047,0.23967148106743963
4,1,0.1087628642904166,0.2743505880982873
4,1,0.06850737315934463,0.2743505880982873
4,1,0.06850737315934463,0.23158926926134105
4,1,0.06850737315934463,0.2743505880982873
4,1,0.028251882028273556,0.23158926926134105
4,1,0.06850737315934463,0.23158926926134105
4,1,0.06850737315934463,0.23158926926134105
4,1,0.028251882028273556,0.23158926926134105
4,1,0.028251882028273556,0.18882795042439482
4,1,0.028251882028273556,0.23158926926134105
3,1,0.9879963908972025,0.18882795042439482
4,1,0.028251882028273556,0.18882795042439482
4,1,0.028251882028273556,0.18882795042439482
3,1,0.9879963908972025,0.18882795042439482
3,1,0.9879963908972025,0.1460666315874486
3,1,0.9879963908972025,0.18882795042439482
3,1,0.9477408997661314,0.1460666315874486
3,1,0.9879963908972025,0.1460666315874486
3,1,0.9879963908972025,0.1460666315874486
3,1,0.9477408997661314,0.1460666315874486
3,1,0.9477408997661314,0.10330531275050236
4,1,0.06850737315934463,0.2743505880982873
4,1,0.028251882028273556,0.2743505880982873
4,1,0.028251882028273556,0.23158926926134105
4,1,0.028251882028273556,0.2743505880982873
3,1,0.9879963908972025,0.23158926926134105
4,1,0.028251882028273556,0.23158926926134105
4,1,0.028251882028273556,0.23158926926134105
3,1,0.9879963908972025,0.23158926926134105
3,1,0.9879963908972025,0.18882795042439482
3,1,0.9879963908972025,0.23158926926134105
3,1,0.9477408997661314,0.18882795042439482
3,1,0.9879963908972025,0.18882795042439482
3,1,0.9879963908972025,0.18882795042439482
3,1,0.9477408997661314,0.18882795042439482
3,1,0.9477408997661314,0.1460666315874486
4,1,0.028251882028273556,0.2743505880982873
3,1,0.9879963908972025,0.2743505880982873
3,1,0.9879963908972025,0.23158926926134105
3,1,0.9879963908972025,0.2743505880982873
3,1,0.9477408997661314,0.23158926926134105
3,1,0.9879963908972025,0.23158926926134105
3,1,0.9879963908972025,0.23158926926134105
3,1,0.9477408997661314,0.23158926926134105
3,1,0.9477408997661314,0.18882795042439482
3,1,0.9879963908972025,0.2743505880982873
3,1,0.9477408997661314,0.2743505880982873
3,1,0.9477408997661314,0.23158926926134105
3,1,0.9477408997661314,0.10330531275050236
3,1,0.9879963908972025,0.10330531275050236
3,1,0.9879963908972025,0.1460666315874486
3,1,0.9879963908972025,0.10330531275050236
4,1,0.028251882028273556,0.1460666315874486
3,1,0.9879963908972025,0.1460666315874486
3,1,0.9879963908972025,0.1460666315874486
4,1,0.028251882028273556,0.1460666315874486
4,1,0.028251882028273556,0.18882795042439482
4,1,0.028251882028273556,0.1460666315874486
4,1,0.06850737315934463,0.18882795042439482
4,1,0.028251882028273556,0.18882795042439482
4,1,0.028251882028273556,0.18882795042439482
4,1,0.06850737315934463,0.18882795042439482
4,1,0.06850737315934463,0.23158926926134105
4,1,0.06850737315934463,0.18882795042439482
4,1,0.1087628642904166,0.23158926926134105
4,1,0.06850737315934463,0.23158926926134105
4,1,0.06850737315934463,0.23158926926134105
4,1,0.1087628642904166,0.23158926926134105
4,1,0.1087628642904166,0.2743505880982873
3,1,0.9879963908972025,0.10330531275050236
4,1,0.028251882028273556,0.10330531275050236
4,1,0.028251882028273556,0.1460666315874486
4,1,0.028251882028273556,0.10330531275050236
4,1,0.06850737315934463,0.1460666315874486
4,1,0.028251882028273556,0.1460666315874486
4,1,0.028251882028273556,0.1460666315874486
4,1,0.06850737315934463,0.1460666315874486
4,1,0.06850737315934463,0.18882795042439482
4,1,0.06850737315934463,0.1460666315874486
4,1,0.1087628642904166,0.18882795042439482
4,1,0.06850737315934463,0.18882795042439482
4,1,0.06850737315934463,0.18882795042439482
4,1,0.1087628642904166,0.18882795042439482
4,1,0.1087628642904166,0.23158926926134105
4,1,0.028251882028273556,0.10330531275050236
4,1,0.06850737315934463,0.10330531275050236
4,1,0.06850737315934463,0.1460666315874486
4,1,0.06850737315934463,0.10330531275050236
4,1,0.1087628642904166,0.1460666315874486
4,1,0.06850737315934463,0.1460666315874486
4,1,0.06850737315934463,0.1460666315874486
4,1,0.1087628642904166,0.1460666315874486
4,1,0.1087628642904166,0.18882795042439482
4,1,0.06850737315934463,0.10330531275050236
4,1,0.1087628642904166,0.10330531275050236
4,1,0.1087628642904166,0.1460666315874486
4,1,0.1087628642904166,0.10330531275050236
4,1,0.06850737315934463,0.10330531275050236
4,1,0.06850737315934463,0.06056202145100853
4,1,0.06850737315934463,0.10330531275050236
4,1,0.028251882028273556,0.06056202145100853
4,1,0.06850737315934463,0.06056202145100853
4,1,0.06850737315934463,0.06056202145100853
4,1,0.028251882028273556,0.06056202145100853
4,1,0.028251882028273556,0.017818730151514695
4,1,0.028251882028273556,0.06056202145100853
3,1,0.9879963908972025,0.017818730151514695
4,1,0.028251882028273556,0.017818730151514695
4,1,0.028251882028273556,0.017818730151514695
3,1,0.9879963908972025,0.017818730151514695
3,2,0.9879963908972025,0.9750754388520209
3,1,0.9879963908972025,0.017818730151514695
3,2,0.9477408997661314,0.9750754388520209
3,2,0.9879963908972025,0.9750754388520209
3,2,0.9879963908972025,0.9750754388520209
3,2,0.9477408997661314,0.9750754388520209
3,2,0.9477408997661314,0.9323321475525268
4,1,0.06850737315934463,0.10330531275050236
4,1,0.028251882028273556,0.10330531275050236
4,1,0.028251882028273556,0.06056202145100853
4,1,0.028251882028273556,0.10330531275050236
3,1,0.9879963908972025,0.06056202145100853
4,1,0.028251882028273556,0.06056202145100853
4,1,0.028251882028273556,0.06056202145100853
3,1,0.9879963908972025,0.06056202145100853
3,1,0.9879963908972025,0.017818730151514695
3,1,0.9879963908972025,0.06056202145100853
3,1,0.9477408997661314,0.017818730151514695
3,1,0.9879963908972025,0.017818730151514695
3,1,0.9879963908972025,0.017818730151514695
3,1,0.9477408997661314,0.017818730151514695
3,2,0.9477408997661314,0.9750754388520209
4,1,0.028251882028273556,0.10330531275050236
3,1,0.9879963908972025,0.10330531275050236
3,1,0.9879963908972025,0.06056202145100853
3,1,0.9879963908972025,0.10330531275050236
3,1,0.9477408997661314,0.06056202145100853
3,1,0.9879963908972025,0.06056202145100853
3,1,0.9879963908972025,0.06056202145100853
3,1,0.9477408997661314,0.06056202145100853
3,1,0.9477408997661314,0.017818730151514695
3,1,0.9879963908972025,0.10330531275050236
3,1,0.9477408997661314,0.10330531275050236
3,1,0.9477408997661314,0.06056202145100853
3,2,0.9477408997661314,0.9323321475525268
3,2,0.9879963908972025,0.9323321475525268
3,2,0.9879963908972025,0.9750754388520209
3,2,0.9879963908972025,0.9323321475525268
4,2,0.028251882028273556,0.9750754388520209
3,2,0.9879963908972025,0.9750754388520209
3,2,0.9879963908972025,0.9750754388520209
4,2,0.028251882028273556,0.9750754388520209
4,1,0.028251882028273556,0.017818730151514695
4,2,0.028251882028273556,0.9750754388520209
4,1,0.06850737315934463,0.017818730151514695
4,1,0.028251882028273556,0.017818730151514695
4,1,0.028251882028273556,0.017818730151514695
4,1,0.06850737315934463,0.017818730151514695
4,1,0.06850737315934463,0.06056202145100853
4,1,0.06850737315934463,0.017818730151514695
4,1,0.1087628642904166,0.06056202145100853
4,1,0.06850737315934463,0.06056202145100853
4,1,0.06850737315934463,0.06056202145100853
4,1,0.1087628642904166,0.06056202145100853
4,1,0.1087628642904166,0.10330531275050236
3,2,0.9879963908972025,0.9323321475525268
4,2,0.028251882028273556,0.9323321475525268
4,2,0.028251882028273556,0.9750754388520209
4,2,0.028251882028273556,0.9323321475525268
4,2,0.06850737315934463,0.9750754388520209
4,2,0.028251882028273556,0.9750754388520209
4,2,0.028251882028273556,0.9750754388520209
4,2,0.06850737315934463,0.9750754388520209
4,1,0.06850737315934463,0.017818730151514695
4,2,0.06850737315934463,0.9750754388520209
4,1,0.1087628642904166,0.017818730151514695
4,1,0.06850737315934463,0.017818730151514695
4,1,0.06850737315934463,0.017818730151514695
4,1,0.1087628642904166,0.017818730151514695
4,1,0.1087628642904166,0.06056202145100853
4,2,0.028251882028273556,0.9323321475525268
4,2,0.06850737315934463,0.9323321475525268
4,2,0.06850737315934463,0.9750754388520209
4,2,0.06850737315934463,0.9323321475525268
4,2,0.1087628642904166,0.9750754388520209
4,2,0.06850737315934463,0.9750754388520209
4,2,0.06850737315934463,0.9750754388520209
4,2,0.1087628642904166,0.9750754388520209
4,1,0.1087628642904166,0.017818730151514695
4,2,0.06850737315934463,0.9323321475525268
4,2,0.1087628642904166,0.9323321475525268
4,2,0.1087628642904166,0.9750754388520209
4,1,0.1087628642904166,0.2743505880982873
4,1,0.1087628642904166,0.23158926926134105
4,1,0.14903638295893984,0.23158926926134105
4,1,0.1087628642904166,0.23158926926134105
4,1,0.14903638295893984,0.18882795042439482
4,1,0.14903638295893984,0.23158926926134105
4,1,0.14903638295893984,0.23158926926134105
4,1,0.14903638295893984,0.18882795042439482
4,1,0.18930990162746308,0.18882795042439482
4,1,0.14903638295893984,0.18882795042439482
4,1,0.18930990162746308,0.1460666315874486
4,1,0.18930990162746308,0.18882795042439482
4,1,0.18930990162746308,0.18882795042439482
4,1,0.18930990162746308,0.1460666315874486
4,1,0.22958342029598722,0.1460666315874486
4,1,0.18930990162746308,0.1460666315874486
4,1,0.22958342029598722,0.10330531275050236
4,1,0.22958342029598722,0.1460666315874486
4,1,0.22958342029598722,0.1460666315874486
4,1,0.22958342029598722,0.10330531275050236
4,1,0.26985693896451046,0.10330531275050236
4,1,0.1087628642904166,0.23158926926134105
4,1,0.1087628642904166,0.18882795042439482
4,1,0.14903638295893984,0.18882795042439482
4,1,0.1087628642904166,0.18882795042439482
4,1,0.14903638295893984,0.1460666315874486
4,1,0.14903638295893984,0.18882795042439482
4,1,0.14903638295893984,0.18882795042439482
4,1,0.14903638295893984,0.1460666315874486
4,1,0.18930990162746308,0.1460666315874486
4,1,0.14903638295893984,0.1460666315874486
4,1,0.18930990162746308,0.10330531275050236
4,1,0.18930990162746308,0.1460666315874486
4,1,0.18930990162746308,0.1460666315874486
4,1,0.18930990162746308,0.10330531275050236
4,1,0.22958342029598722,0.10330531275050236
4,1,0.1087628642904166,0.18882795042439482
4,1,0.1087628642904166,0.1460666315874486
4,1,0.14903638295893984,0.1460666315874486
4,1,0.1087628642904166,0.1460666315874486
4,1,0.14903638295893984,0.10330531275050236
4,1,0.14903638295893984,0.1460666315874486
4,1,0.14903638295893984,0.1460666315874486
4,1,0.14903638295893984,0.10330531275050236
4,1,0.18930990162746308,0.10330531275050236
4,1,0.1087628642904166,0.1460666315874486
4,1,0.1087628642904166,0.10330531275050236
4,1,0.14903638295893984,0.10330531275050236
4,1,0.26985693896451046,0.10330531275050236
4,1,0.26985693896451046,0.1460666315874486
4,1,0.22958342029598722,0.1460666315874486
4,1,0.26985693896451046,0.1460666315874486
4,1,0.22958342029598722,0.18882795042439482
4,1,0.22958342029598722,0.1460666315874486
4,1,0.22958342029598722,0.1460666315874486
4,1,0.22958342029598722,0.18882795042439482
4,1,0.18930990162746308,0.18882795042439482
4,1,0.22958342029598722,0.18882795042439482
4,1,0.18930990162746308,0.23158926926134105
4,1,0.18930990162746308,0.18882795042439482
4,1,0.18930990162746308,0.18882795042439482
4,1,0.18930990162746308,0.23158926926134105
4,1,0.14903638295893984,0.23158926926134105
4,1,0.18930990162746308,0.23158926926134105
4,1,0.14903638295893984,0.2743505880982873
4,1,0.14903638295893984,0.23158926926134105
4,1,0.14903638295893984,0.23158926926134105
4,1,0.14903638295893984,0.2743505880982873
4,1,0.1087628642904166,0.2743505880982873
4,1,0.26985693896451046,0.1460666315874486
4,1,0.26985693896451046,0.18882795042439482
4,1,0.22958342029598722,0.18882795042439482
4,1,0.26985693896451046,0.18882795042439482
4,1,0.22958342029598722,0.23158926926134105
4,1,0.22958342029598722,0.18882795042439482
4,1,0.22958342029598722,0.18882795042439482
4,1,0.22958342029598722,0.23158926926134105
4,1,0.18930990162746308,0.23158926926134105
4,1,0.22958342029598722,0.23158926926134105
4,1,0.18930990162746308,0.2743505880982873
4,1,0.18930990162746308,0.23158926926134105
4,1,0.18930990162746308,0.23158926926134105
4,1,0.18930990162746308,0.2743505880982873
4,1,0.14903638295893984,0.2743505880982873
4,1,0.26985693896451046,0.18882795042439482
4,1,0.26985693896451046,0.23158926926134105
4,1,0.22958342029598722,0.23158926926134105
4,1,0.26985693896451046,0.23158926926134105
4,1,0.22958342029598722,0.2743505880982873
4,1,0.22958342029598722,0.23158926926134105
4,1,0.22958342029598722,0.23158926926134105
4,1,0.22958342029598722,0.2743505880982873
4,1,0.18930990162746308,0.2743505880982873
4,1,0.26985693896451046,0.23158926926134105
4,1,0.26985693896451046,0.2743505880982873
4,1,0.22958342029598722,0.2743505880982873
4,1,0.1087628642904166,0.10330531275050236
4,1,0.1087628642904166,0.06056202145100853
4,1,0.14903638295893984,0.06056202145100853
4,1,0.1087628642904166,0.06056202145100853
4,1,0.14903638295893984,0.017818730151514695
4,1,0.14903638295893984,0.06056202145100853
4,1,0.14903638295893984,0.06056202145100853
4,1,0.14903638295893984,0.017818730151514695
4,1,0.18930990162746308,0.017818730151514695
4,1,0.14903638295893984,0.017818730151514695
4,2,0.18930990162746308,0.9750754388520209
4,1,0.18930990162746308,0.017818730151514695
4,1,0.18930990162746308,0.017818730151514695
4,2,0.18930990162746308,0.9750754388520209
4,2,0.22958342029598722,0.9750754388520209
4,2,0.18930990162746308,0.9750754388520209
4,2,0.22958342029598722,0.9323321475525268
4,2,0.22958342029598722,0.9750754388520209
4,2,0.22958342029598722,0.9750754388520209
4,2,0.22958342029598722,0.9323321475525268
4,2,0.26985693896451046,0.9323321475525268
4,1,0.1087628642904166,0.06056202145100853
4,1,0.1087628642904166,0.017818730151514695
4,1,0.14903638295893984,0.017818730151514695
4,1,0.1087628642904166,0.017818730151514695
4,2,0.14903638295893984,0.9750754388520209
4,1,0.14903638295893984,0.017818730151514695
4,1,0.14903638295893984,0.017818730151514695
4,2,0.14903638295893984,0.9750754388520209
4,2,0.18930990162746308,0.9750754388520209
4,2,0.14903638295893984,0.9750754388520209
4,2,0.18930990162746308,0.9323321475525268
4,2,0.18930990162746308,0.9750754388520209
4,2,0.18930990162746308,0.9750754388520209
4,2,0.18930990162746308,0.9323321475525268
4,2,0.22958342029598722,0.9323321475525268
4,1,0.1087628642904166,0.017818730151514695
4,2,0.1087628642904166,0.9750754388520209
4,2,0.14903638295893984,0.9750754388520209
4,2,0.1087628642904166,0.9750754388520209
4,2,0.14903638295893984,0.9323321475525268
4,2,0.14903638295893984,0.9750754388520209
4,2,0.14903638295893984,0.9750754388520209
4,2,0.14903638295893984,0.9323321475525268
4,2,0.18930990162746308,0.9323321475525268
4,2,0.1087628642904166,0.9750754388520209
4,2,0.1087628642904166,0.9323321475525268
4,2,0.14903638295893984,0.9323321475525268
4,2,0.26985693896451046,0.9323321475525268
4,2,0.26985693896451046,0.9750754388520209
4,2,0.22958342029598722,0.9750754388520209
4,2,0.26985693896451046,0.9750754388520209
4,1,0.22958342029598722,0.017818730151514695
4,2,0.22958342029598722,0.9750754388520209
4,2,0.22958342029598722,0.9750754388520209
4,1,0.22958342029598722,0.017818730151514695
4,1,0.18930990162746308,0.017818730151514695
4,1,0.22958342029598722,0.017818730151514695
4,1,0.18930990162746308,0.06056202145100853
4,1,0.18930990162746308,0.017818730151514695
4,1,0.18930990162746308,0.017818730151514695
4,1,0.18930990162746308,0.06056202145100853
4,1,0.14903638295893984,0.06056202145100853
4,1,0.18930990162746308,0.06056202145100853
4,1,0.14903638295893984,0.10330531275050236
4,1,0.14903638295893984,0.06056202145100853
4,1,0.14903638295893984,0.06056202145100853
4,1,0.14903638295893984,0.10330531275050236
4,1,0.1087628642904166,0.10330531275050236
4,2,0.26985693896451046,0.9750754388520209
4,1,0.26985693896451046,0.017818730151514695
4,1,0.22958342029598722,0.017818730151514695
4,1,0.26985693896451046,0.017818730151514695
4,1,0.22958342029598722,0.06056202145100853
4,1,0.22958342029598722,0.017818730151514695
4,1,0.22958342029598722,0.017818730151514695
4,1,0.22958342029598722,0.06056202145100853
4,1,0.18930990162746308,0.06056202145100853
4,1,0.22958342029598722,0.06056202145100853
4,1,0.18930990162746308,0.10330531275050236
4,1,0.18930990162746308,0.06056202145100853
4,1,0.18930990162746308,0.06056202145100853
4,1,0.18930990162746308,0.10330531275050236
4,1,0.14903638295893984,0.10330531275050236
4,1,0.26985693896451046,0.017818730151514695
4,1,0.26985693896451046,0.06056202145100853
4,1,0.22958342029598722,0.06056202145100853
4,1,0.26985693896451046,0.06056202145100853
4,1,0.22958342029598722,0.10330531275050236
4,1,0.22958342029598722,0.06056202145100853
4,1,0.22958342029598722,0.06056202145100853
4,1,0.22958342029598722,0.10330531275050236
4,1,0.18930990162746308,0.10330531275050236
4,1,0.26985693896451046,0.06056202145100853
4,1,0.26985693896451046,0.10330531275050236
4,1,0.22958342029598722,0.10330531275050236
4,1,0.03492207088563859,0.15060957102543782
4,1,0.03492207088563859,0.10761389420161116
4,1,0.07454659820587839,0.10761389420161116
4,1,0.03492207088563859,0.10761389420161116
4,1,0.07454659820587839,0.0646182173777845
4,1,0.07454659820587839,0.10761389420161116
4,1,0.07454659820587839,0.10761389420161116
4,1,0.07454659820587839,0.0646182173777845
4,1,0.1141711255261173,0.0646182173777845
4,1,0.07454659820587839,0.0646182173777845
4,1,0.1141711255261173,0.02162254055395807
4,1,0.1141711255261173,0.0646182173777845
4,1,0.1141711255261173,0.0646182173777845
4,1,0.1141711255261173,0.02162254055395807
4,1,0.1537956528463571,0.02162254055395807
4,1,0.1141711255261173,0.02162254055395807
4,2,0.1537956528463571,0.9786268637301312
4,1,0.1537956528463571,0.02162254055395807
4,1,0.1537956528463571,0.02162254055395807
4,2,0.1537956528463571,0.9786268637301312
4,2,0.193420180166596,0.9786268637301312
4,1,0.03492207088563859,0.10761389420161116
4,1,0.03492207088563859,0.0646182173777845
4,1,0.07454659820587839,0.0646182173777845
4,1,0.03492207088563859,0.0646182173777845
4,1,0.07454659820587839,0.02162254055395807
4,1,0.07454659820587839,0.0646182173777845
4,1,0.07454659820587839,0.0646182173777845
4,1,0.07454659820587839,0.02162254055395807
4,1,0.1141711255261173,0.02162254055395807
4,1,0.07454659820587839,0.02162254055395807
4,2,0.1141711255261173,0.9786268637301312
4,1,0.1141711255261173,0.02162254055395807
4,1,0.1141711255261173,0.02162254055395807
4,2,0.1141711255261173,0.9786268637301312
4,2,0.1537956528463571,0.9786268637301312
4,1,0.03492207088563859,0.0646182173777845
4,1,0.03492207088563859,0.02162254055395807
4,1,0.07454659820587839,0.02162254055395807
4,1,0.03492207088563859,0.02162254055395807
4,2,0.07454659820587839,0.9786268637301312
4,1,0.07454659820587839,0.02162254055395807
4,1,0.07454659820587839,0.02162254055395807
4,2,0.07454659820587839,0.9786268637301312
4,2,0.1141711255261173,0.9786268637301312
4,1,0.03492207088563859,0.02162254055395807
4,2,0.03492207088563859,0.9786268637301312
4,2,0.07454659820587839,0.9786268637301312
4,2,0.193420180166596,0.9786268637301312
4,1,0.193420180166596,0.02162254055395807
4,1,0.1537956528463571,0.02162254055395807
4,1,0.193420180166596,0.02162254055395807
4,1,0.1537956528463571,0.0646182173777845
4,1,0.1537956528463571,0.02162254055395807
4,1,0.1537956528463571,0.02162254055395807
4,1,0.1537956528463571,0.0646182173777845
4,1,0.1141711255261173,0.0646182173777845
4,1,0.1537956528463571,0.0646182173777845
4,1,0.1141711255261173,0.10761389420161116
4,1,0.1141711255261173,0.0646182173777845
4,1,0.1141711255261173,0.0646182173777845
4,1,0.1141711255261173,0.10761389420161116
4,1,0.07454659820587839,0.10761389420161116
4,1,0.1141711255261173,0.10761389420161116
4,1,0.07454659820587839,0.15060957102543782
4,1,0.07454659820587839,0.10761389420161116
4,1,0.07454659820587839,0.10761389420161116
4,1,0.07454659820587839,0.15060957102543782
4,1,0.03492207088563859,0.15060957102543782
4,1,0.193420180166596,0.02162254055395807
4,1,0.193420180166596,0.0646182173777845
4,1,0.1537956528463571,0.0646182173777845
4,1,0.193420180166596,0.0646182173777845
4,1,0.1537956528463571,0.10761389420161116
4,1,0.1537956528463571,0.0646182173777845
4,1,0.1537956528463571,0.0646182173777845
4,1,0.1537956528463571,0.10761389420161116
4,1,0.1141711255261173,0.10761389420161116
4,1,0.1537956528463571,0.10761389420161116
4,1,0.1141711255261173,0.15060957102543782
4,1,0.1141711255261173,0.10761389420161116
4,1,0.1141711255261173,0.10761389420161116
4,1,0.1141711255261173,0.15060957102543782
4,1,0.07454659820587839,0.15060957102543782
4,1,0.193420180166596,0.0646182173777845
4,1,0.193420180166596,0.10761389420161116
4,1,0.1537956528463571,0.10761389420161116
4,1,0.193420180166596,0.10761389420161116
4,1,0.1537956528463571,0.15060957102543782
4,1,0.1537956528463571,0.10761389420161116
4,1,0.1537956528463571,0.10761389420161116
4,1,0.1537956528463571,0.15060957102543782
4,1,0.1141711255261173,0.15060957102543782
4,1,0.193420180166596,0.10761389420161116
4,1,0.193420180166596,0.15060957102543782
4,1,0.1537956528463571,0.15060957102543782
4,1,0.193420180166596,0.15060957102543782
4,1,0.193420180166596,0.10761389420161116
4,1,0.23300865241193147,0.10761389420161116
4,1,0.193420180166596,0.10761389420161116
4,1,0.23300865241193147,0.0646182173777845
4,1,0.23300865241193147,0.10761389420161116
4,1,0.23300865241193147,0.10761389420161116
4,1,0.23300865241193147,0.0646182173777845
4,1,0.27259712465726604,0.0646182173777845
4,1,0.23300865241193147,0.0646182173777845
4,1,0.27259712465726604,0.02162254055395807
4,1,0.27259712465726604,0.0646182173777845
4,1,0.27259712465726604,0.0646182173777845
4,1,0.27259712465726604,0.02162254055395807
4,1,0.3121855969026006,0.02162254055395807
4,1,0.27259712465726604,0.02162254055395807
4,2,0.3121855969026006,0.9786268637301312
4,1,0.3121855969026006,0.02162254055395807
4,1,0.3121855969026006,0.02162254055395807
4,2,0.3121855969026006,0.9786268637301312
4,2,0.3517740691479352,0.9786268637301312
4,1,0.193420180166596,0.10761389420161116
4,1,0.193420180166596,0.0646182173777845
4,1,0.23300865241193147,0.0646182173777845
4,1,0.193420180166596,0.0646182173777845
4,1,0.23300865241193147,0.02162254055395807
4,1,0.23300865241193147,0.0646182173777845
4,1,0.23300865241193147,0.0646182173777845
4,1,0.23300865241193147,0.02162254055395807
4,1,0.27259712465726604,0.02162254055395807
4,1,0.23300865241193147,0.02162254055395807
4,2,0.27259712465726604,0.9786268637301312
4,1,0.27259712465726604,0.02162254055395807
4,1,0.27259712465726604,0.02162254055395807
4,2,0.27259712465726604,0.9786268637301312
4,2,0.3121855969026006,0.9786268637301312
4,1,0.193420180166596,0.0646182173777845
4,1,0.193420180166596,0.02162254055395807
4,1,0.23300865241193147,0.02162254055395807
4,1,0.193420180166596,0.02162254055395807
4,2,0.23300865241193147,0.9786268637301312
4,1,0.23300865241193147,0.02162254055395807
4,1,0.23300865241193147,0.02162254055395807
4,2,0.23300865241193147,0.9786268637301312
4,2,0.27259712465726604,0.9786268637301312
4,1,0.193420180166596,0.02162254055395807
4,2,0.193420180166596,0.9786268637301312
4,2,0.23300865241193147,0.9786268637301312
4,2,0.3517740691479352,0.9786268637301312
4,1,0.3517740691479352,0.02162254055395807
4,1,0.3121855969026006,0.02162254055395807
4,1,0.3517740691479352,0.02162254055395807
4,1,0.3121855969026006,0.0646182173777845
4,1,0.3121855969026006,0.02162254055395807
4,1,0.3121855969026006,0.02162254055395807
4,1,0.3121855969026006,0.0646182173777845
4,1,0.27259712465726604,0.0646182173777845
4,1,0.3121855969026006,0.0646182173777845
4,1,0.27259712465726604,0.10761389420161116
4,1,0.27259712465726604,0.0646182173777845
4,1,0.27259712465726604,0.0646182173777845
4,1,0.27259712465726604,0.10761389420161116
4,1,0.23300865241193147,0.10761389420161116
4,1,0.27259712465726604,0.10761389420161116
4,1,0.23300865241193147,0.15060957102543782
4,1,0.23300865241193147,0.10761389420161116
4,1,0.23300865241193147,0.10761389420161116
4,1,0.23300865241193147,0.15060957102543782
4,1,0.193420180166596,0.15060957102543782
4,1,0.3517740691479352,0.02162254055395807
4,1,0.3517740691479352,0.0646182173777845
4,1,0.3121855969026006,0.0646182173777845
4,1,0.3517740691479352,0.0646182173777845
4,1,0.3121855969026006,0.10761389420161116
4,1,0.3121855969026006,0.0646182173777845
4,1,0.3121855969026006,0.0646182173777845
4,1,0.3121855969026006,0.10761389420161116
4,1,0.27259712465726604,0.10761389420161116
4,1,0.3121855969026006,0.10761389420161116
4,1,0.27259712465726604,0.15060957102543782
4,1,0.27259712465726604,0.10761389420161116
4,1,0.27259712465726604,0.10761389420161116
4,1,0.27259712465726604,0.15060957102543782
4,1,0.23300865241193147,0.15060957102543782
4,1,0.3517740691479352,0.0646182173777845
4,1,0.3517740691479352,0.10761389420161116
4,1,0.3121855969026006,0.10761389420161116
4,1,0.3517740691479352,0.10761389420161116
4,1,0.3121855969026006,0.15060957102543782
4,1,0.3121855969026006,0.10761389420161116
4,1,0.3121855969026006,0.10761389420161116
4,1,0.3121855969026006,0.15060957102543782
4,1,0.27259712465726604,0.15060957102543782
4,1,0.3517740691479352,0.10761389420161116
4,1,0.3517740691479352,0.15060957102543782
4,1,0.3121855969026006,0.15060957102543782
4,1,0.03492207088563859,0.15060957102543782
4,1,0.07454659820587839,0.15060957102543782
4,1,0.07454659820587839,0.19358722031181208
4,1,0.07454659820587839,0.15060957102543782
4,1,0.1141711255261173,0.19358722031181208
4,1,0.07454659820587839,0.19358722031181208
4,1,0.07454659820587839,0.19358722031181208
4,1,0.1141711255261173,0.19358722031181208
4,1,0.1141711255261173,0.23656486959818634
4,1,0.1141711255261173,0.19358722031181208
4,1,0.1537956528463571,0.23656486959818634
4,1,0.1141711255261173,0.23656486959818634
4,1,0.1141711255261173,0.23656486959818634
4,1,0.1537956528463571,0.23656486959818634
4,1,0.1537956528463571,0.2795425188845606
4,1,0.1537956528463571,0.23656486959818634
4,1,0.193420180166596,0.2795425188845606
4,1,0.1537956528463571,0.2795425188845606
4,1,0.1537956528463571,0.2795425188845606
4,1,0.193420180166596,0.2795425188845606
4,1,0.193420180166596,0.3225201681709349
4,1,0.07454659820587839,0.15060957102543782
4,1,0.1141711255261173,0.15060957102543782
4,1,0.1141711255261173,0.19358722031181208
4,1,0.1141711255261173,0.15060957102543782
4,1,0.1537956528463571,0.19358722031181208
4,1,0.1141711255261173,0.19358722031181208
4,1,0.1141711255261173,0.19358722031181208
4,1,0.1537956528463571,0.19358722031181208
4,1,0.1537956528463571,0.23656486959818634
4,1,0.1537956528463571,0.19358722031181208
4,1,0.193420180166596,0.23656486959818634
4,1,0.1537956528463571,0.23656486959818634
4,1,0.1537956528463571,0.23656486959818634
4,1,0.193420180166596,0.23656486959818634
4,1,0.193420180166596,0.2795425188845606
4,1,0.1141711255261173,0.15060957102543782
4,1,0.1537956528463571,0.15060957102543782
4,1,0.1537956528463571,0.19358722031181208
4,1,0.1537956528463571,0.15060957102543782
4,1,0.193420180166596,0.19358722031181208
4,1,0.1537956528463571,0.19358722031181208
4,1,0.1537956528463571,0.19358722031181208
4,1,0.193420180166596,0.19358722031181208
4,1,0.193420180166596,0.23656486959818634
4,1,0.1537956528463571,0.15060957102543782
4,1,0.193420180166596,0.15060957102543782
4,1,0.193420180166596,0.19358722031181208
4,1,0.193420180166596,0.3225201681709349
4,1,0.1537956528463571,0.3225201681709349
4,1,0.1537956528463571,0.2795425188845606
4,1,0.1537956528463571,0.3225201681709349
4,1,0.1141711255261173,0.2795425188845606
4,1,0.1537956528463571,0.2795425188845606
4,1,0.1537956528463571,0.2795425188845606
4,1,0.1141711255261173,0.2795425188845606
4,1,0.1141711255261173,0.23656486959818634
4,1,0.1141711255261173,0.2795425188845606
4,1,0.07454659820587839,0.23656486959818634
4,1,0.1141711255261173,0.23656486959818634
4,1,0.1141711255261173,0.23656486959818634
4,1,0.07454659820587839,0.23656486959818634
4,1,0.07454659820587839,0.19358722031181208
4,1,0.07454659820587839,0.23656486959818634
4,1,0.03492207088563859,0.19358722031181208
4,1,0.07454659820587839,0.19358722031181208
4,1,0.07454659820587839,0.19358722031181208
4,1,0.03492207088563859,0.19358722031181208
4,1,0.03492207088563859,0.15060957102543782
4,1,0.1537956528463571,0.3225201681709349
4,1,0.1141711255261173,0.3225201681709349
4,1,0.1141711255261173,0.2795425188845606
4,1,0.1141711255261173,0.3225201681709349
4,1,0.07454659820587839,0.2795425188845606
4,1,0.1141711255261173,0.2795425188845606
4,1,0.1141711255261173,0.2795425188845606
4,1,0.07454659820587839,0.2795425188845606
4,1,0.07454659820587839,0.23656486959818634
4,1,0.07454659820587839,0.2795425188845606
4,1,0.03492207088563859,0.23656486959818634
4,1,0.07454659820587839,0.23656486959818634
4,1,0.07454659820587839,0.23656486959818634
4,1,0.03492207088563859,0.23656486959818634
4,1,0.03492207088563859,0.19358722031181208
4,1,0.1141711255261173,0.3225201681709349
4,1,0.07454659820587839,0.3225201681709349
4,1,0.07454659820587839,0.2795425188845606
4,1,0.07454659820587839,0.3225201681709349
4,1,0.03492207088563859,0.2795425188845606
4,1,0.07454659820587839,0.2795425188845606
4,1,0.07454659820587839,0.2795425188845606
4,1,0.03492207088563859,0.2795425188845606
4,1,0.03492207088563859,0.23656486959818634
4,1,0.07454659820587839,0.3225201681709349
4,1,0.03492207088563859,0.3225201681709349
4,1,0.03492207088563859,0.2795425188845606
4,1,0.193420180166596,0.15060957102543782
4,1,0.23300865241193147,0.15060957102543782
4,1,0.23300865241193147,0.19358722031181208
4,1,0.23300865241193147,0.15060957102543782
4,1,0.27259712465726604,0.19358722031181208
4,1,0.23300865241193147,0.19358722031181208
4,1,0.23300865241193147,0.19358722031181208
4,1,0.27259712465726604,0.19358722031181208
4,1,0.27259712465726604,0.23656486959818634
4,1,0.27259712465726604,0.19358722031181208
4,1,0.3121855969026006,0.23656486959818634
4,1,0.27259712465726604,0.23656486959818634
4,1,0.27259712465726604,0.23656486959818634
4,1,0.3121855969026006,0.23656486959818634
4,1,0.3121855969026006,0.2795425188845606
4,1,0.3121855969026006,0.23656486959818634
4,1,0.3517740691479352,0.2795425188845606
4,1,0.3121855969026006,0.2795425188845606
4,1,0.3121855969026006,0.2795425188845606
4,1,0.3517740691479352,0.2795425188845606
4,1,0.3517740691479352,0.3225201681709349
4,1,0.23300865241193147,0.15060957102543782
4,1,0.27259712465726604,0.15060957102543782
4,1,0.27259712465726604,0.19358722031181208
4,1,0.27259712465726604,0.15060957102543782
4,1,0.3121855969026006,0.19358722031181208
4,1,0.27259712465726604,0.19358722031181208
4,1,0.27259712465726604,0.19358722031181208
4,1,0.3121855969026006,0.19358722031181208
4,1,0.3121855969026006,0.23656486959818634
4,1,0.3121855969026006,0.19358722031181208
4,1,0.3517740691479352,0.23656486959818634
4,1,0.3121855969026006,0.23656486959818634
4,1,0.3121855969026006,0.23656486959818634
4,1,0.3517740691479352,0.23656486959818634
4,1,0.3517740691479352,0.2795425188845606
4,1,0.27259712465726604,0.15060957102543782
4,1,0.3121855969026006,0.15060957102543782
4,1,0.3121855969026006,0.19358722031181208
4,1,0.3121855969026006,0.15060957102543782
4,1,0.3517740691479352,0.19358722031181208
4,1,0.3121855969026006,0.19358722031181208
4,1,0.3121855969026006,0.19358722031181208
4,1,0.3517740691479352,0.19358722031181208
4,1,0.3517740691479352,0.23656486959818634
4,1,0.3121855969026006,0.15060957102543782
4,1,0.3517740691479352,0.15060957102543782
4,1,0.3517740691479352,0.19358722031181208
4,1,0.3517740691479352,0.3225201681709349
4,1,0.3121855969026006,0.3225201681709349
4,1,0.3121855969026006,0.2795425188845606
4,1,0.3121855969026006,0.3225201681709349
4,1,0.27259712465726604,0.2795425188845606
4,1,0.3121855969026006,0.2795425188845606
4,1,0.3121855969026006,0.2795425188845606
4,1,0.27259712465726604,0.2795425188845606
4,1,0.27259712465726604,0.23656486959818634
4,1,0.27259712465726604,0.2795425188845606
4,1,0.23300865241193147,0.23656486959818634
4,1,0.27259712465726604,0.23656486959818634
4,1,0.27259712465726604,0.23656486959818634
4,1,0.23300865241193147,0.23656486959818634
4,1,0.23300865241193147,0.19358722031181208
4,1,0.23300865241193147,0.23656486959818634
4,1,0.193420180166596,0.19358722031181208
4,1,0.23300865241193147,0.19358722031181208
4,1,0.23300865241193147,0.19358722031181208
4,1,0.193420180166596,0.19358722031181208
4,1,0.193420180166596,0.15060957102543782
4,1,0.3121855969026006,0.3225201681709349
4,1,0.27259712465726604,0.3225201681709349
4,1,0.27259712465726604,0.2795425188845606
4,1,0.27259712465726604,0.3225201681709349
4,1,0.23300865241193147,0.2795425188845606
4,1,0.27259712465726604,0.2795425188845606
4,1,0.27259712465726604,0.2795425188845606
4,1,0.23300865241193147,0.2795425188845606
4,1,0.23300865241193147,0.23656486959818634
4,1,0.23300865241193147,0.2795425188845606
4,1,0.193420180166596,0.23656486959818634
4,1,0.23300865241193147,0.23656486959818634
4,1,0.23300865241193147,0.23656486959818634
4,1,0.193420180166596,0.23656486959818634
4,1,0.193420180166596,0.19358722031181208
4,1,0.27259712465726604,0.3225201681709349
4,1,0.23300865241193147,0.3225201681709349
4,1,0.23300865241193147,0.2795425188845606
4,1,0.23300865241193147,0.3225201681709349
4,1,0.193420180166596,0.2795425188845606
4,1,0.23300865241193147,0.2795425188845606
4,1,0.23300865241193147,0.2795425188845606
4,1,0.193420180166596,0.2795425188845606
4,1,0.193420180166596,0.23656486959818634
4,1,0.23300865241193147,0.3225201681709349
4,1,0.193420180166596,0.3225201681709349
4,1,0.193420180166596,0.2795425188845606
3,3,0.7800000000000002,0.7999999999999998
3,3,0.6945637878039199,0.7171731459619228
3,3,0.6945637878039199,0.8828268540380768
3,3,0.8654362121960806,0.7171731459619228
3,3,0.8654362121960806,0.8828268540380768
3,3,0.6128952284684384,0.798506624719503
3,3,0.6128952284684384,0.758265148511676
3,3,0.6556189437747162,0.758265148511676
3,3,0.6128952284684384,0.758265148511676
3,3,0.6556189437747162,0.7180236723038491
3,3,0.6556189437747162,0.758265148511676
3,3,0.6556189437747162,0.758265148511676
3,3,0.6556189437747162,0.7180236723038491
3,3,0.698342659080994,0.7180236723038491
3,3,0.6556189437747162,0.7180236723038491
3,3,0.698342659080994,0.6777821960960222
3,3,0.698342659080994,0.7180236723038491
3,3,0.698342659080994,0.7180236723038491
3,3,0.698342659080994,0.6777821960960222
3,3,0.7410663743872714,0.6777821960960222
3,3,0.698342659080994,0.6777821960960222
3,3,0.7410663743872714,0.6375407198881953
3,3,0.7410663743872714,0.6777821960960222
3,3,0.7410663743872714,0.6777821960960222
3,3,0.7410663743872714,0.6375407198881953
3,3,0.7837900896935492,0.6375407198881953
3,3,0.6128952284684384,0.758265148511676
3,3,0.6128952284684384,0.7180236723038491
3,3,0.6556189437747162,0.7180236723038491
3,3,0.6128952284684384,0.7180236723038491
3,3,0.6556189437747162,0.6777821960960222
3,3,0.6556189437747162,0.7180236723038491
3,3,0.6556189437747162,0.7180236723038491
3,3,0.6556189437747162,0.6777821960960222
3,3,0.698342659080994,0.6777821960960222
3,3,0.6556189437747162,0.6777821960960222
3,3,0.698342659080994,0.6375407198881953
3,3,0.698342659080994,0.6777821960960222
3,3,0.698342659080994,0.6777821960960222
3,3,0.698342659080994,0.6375407198881953
3,3,0.7410663743872714,0.6375407198881953
3,3,0.6128952284684384,0.7180236723038491
3,3,0.6128952284684384,0.6777821960960222
3,3,0.6556189437747162,0.6777821960960222
3,3,0.6128952284684384,0.6777821960960222
3,3,0.6556189437747162,0.6375407198881953
3,3,0.6556189437747162,0.6777821960960222
3,3,0.6556189437747162,0.6777821960960222
3,3,0.6556189437747162,0.6375407198881953
3,3,0.698342659080994,0.6375407198881953
3,3,0.6128952284684384,0.6777821960960222
3,3,0.6128952284684384,0.6375407198881953
3,3,0.6556189437747162,0.6375407198881953
3,3,0.7837900896935492,0.6375407198881953
3,3,0.7837900896935492,0.6777821960960222
3,3,0.7410663743872714,0.6777821960960222
3,3,0.7837900896935492,0.6777821960960222
3,3,0.7410663743872714,0.7180236723038491
3,3,0.7410663743872714,0.6777821960960222
3,3,0.7410663743872714,0.6777821960960222
3,3,0.7410663743872714,0.7180236723038491
3,3,0.698342659080994,0.7180236723038491
3,3,0.7410663743872714,0.7180236723038491
3,3,0.698342659080994,0.758265148511676
3,3,0.698342659080994,0.7180236723038491
3,3,0.698342659080994,0.7180236723038491
3,3,0.698342659080994,0.758265148511676
3,3,0.6556189437747162,0.758265148511676
3,3,0.698342659080994,0.758265148511676
3,3,0.6556189437747162,0.798506624719503
3,3,0.6556189437747162,0.758265148511676
3,3,0.6556189437747162,0.758265148511676
3,3,0.6556189437747162,0.798506624719503
3,3,0.6128952284684384,0.798506624719503
3,3,0.7837900896935492,0.6777821960960222
3,3,0.7837900896935492,0.7180236723038491
3,3,0.7410663743872714,0.7180236723038491
3,3,0.7837900896935492,0.7180236723038491
3,3,0.7410663743872714,0.758265148511676
3,3,0.7410663743872714,0.7180236723038491
3,3,0.7410663743872714,0.7180236723038491
3,3,0.7410663743872714,0.758265148511676
3,3,0.698342659080994,0.758265148511676
3,3,0.7410663743872714,0.758265148511676
3,3,0.698342659080994,0.798506624719503
3,3,0.698342659080994,0.758265148511676
3,3,0.698342659080994,0.758265148511676
3,3,0.698342659080994,0.798506624719503
3,3,0.6556189437747162,0.798506624719503
3,3,0.7837900896935492,0.7180236723038491
3,3,0.7837900896935492,0.758265148511676
3,3,0.7410663743872714,0.758265148511676
3,3,0.7837900896935492,0.758265148511676
3,3,0.7410663743872714,0.798506624719503
3,3,0.7410663743872714,0.758265148511676
3,3,0.7410663743872714,0.758265148511676
3,3,0.7410663743872714,0.798506624719503
3,3,0.698342659080994,0.798506624719503
3,3,0.7837900896935492,0.758265148511676
3,3,0.7837900896935492,0.798506624719503
3,3,0.7410663743872714,0.798506624719503
3,3,0.7837900896935492,0.798506624719503
3,3,0.7837900896935492,0.758265148511676
3,3,0.8265284064062888,0.758265148511676
3,3,0.7837900896935492,0.758265148511676
3,3,0.8265284064062888,0.7180236723038491
3,3,0.8265284064062888,0.758265148511676
3,3,0.8265284064062888,0.758265148511676
3,3,0.8265284064062888,0.7180236723038491
3,3,0.8692667231190279,0.7180236723038491
3,3,0.8265284064062888,0.7180236723038491
3,3,0.8692667231190279,0.6777821960960222
3,3,0.8692667231190279,0.7180236723038491
3,3,0.8692667231190279,0.7180236723038491
3,3,0.8692667231190279,0.6777821960960222
3,3,0.9120050398317674,0.6777821960960222
3,3,0.8692667231190279,0.6777821960960222
3,3,0.9120050398317674,0.6375407198881953
3,3,0.9120050398317674,0.6777821960960222
3,3,0.9120050398317674,0.6777821960960222
3,3,0.9120050398317674,0.6375407198881953
3,3,0.9547433565445065,0.6375407198881953
3,3,0.7837900896935492,0.758265148511676
3,3,0.7837900896935492,0.7180236723038491
3,3,0.8265284064062888,0.7180236723038491
3,3,0.7837900896935492,0.7180236723038491
3,3,0.8265284064062888,0.6777821960960222
3,3,0.8265284064062888,0.7180236723038491
3,3,0.8265284064062888,0.7180236723038491
3,3,0.8265284064062888,0.6777821960960222
3,3,0.8692667231190279,0.6777821960960222
3,3,0.8265284064062888,0.6777821960960222
3,3,0.8692667231190279,0.6375407198881953
3,3,0.8692667231190279,0.6777821960960222
3,3,0.8692667231190279,0.6777821960960222
3,3,0.8692667231190279,0.6375407198881953
3,3,0.9120050398317674,0.6375407198881953
3,3,0.7837900896935492,0.7180236723038491
3,3,0.7837900896935492,0.6777821960960222
3,3,0.8265284064062888,0.6777821960960222
3,3,0.7837900896935492,0.6777821960960222
3,3,0.8265284064062888,0.6375407198881953
3,3,0.8265284064062888,0.6777821960960222
3,3,0.8265284064062888,0.6777821960960222
3,3,0.8265284064062888,0.6375407198881953
3,3,0.8692667231190279,0.6375407198881953
3,3,0.7837900896935492,0.6777821960960222
3,3,0.7837900896935492,0.6375407198881953
3,3,0.8265284064062888,0.6375407198881953
3,3,0.9547433565445065,0.6375407198881953
3,3,0.9547433565445065,0.6777821960960222
3,3,0.9120050398317674,0.6777821960960222
3,3,0.9547433565445065,0.6777821960960222
3,3,0.9120050398317674,0.7180236723038491
3,3,0.9120050398317674,0.6777821960960222
3,3,0.9120050398317674,0.6777821960960222
3,3,0.9120050398317674,0.7180236723038491
3,3,0.8692667231190279,0.7180236723038491
3,3,0.9120050398317674,0.7180236723038491
3,3,0.8692667231190279,0.758265148511676
3,3,0.8692667231190279,0.7180236723038491
3,3,0.8692667231190279,0.7180236723038491
3,3,0.8692667231190279,0.758265148511676
3,3,0.8265284064062888,0.758265148511676
3,3,0.8692667231190279,0.758265148511676
3,3,0.8265284064062888,0.798506624719503
3,3,0.8265284064062888,0.758265148511676
3,3,0.8265284064062888,0.758265148511676
3,3,0.8265284064062888,0.798506624719503
3,3,0.7837900896935492,0.798506624719503
3,3,0.9547433565445065,0.6777821960960222
3,3,0.9547433565445065,0.7180236723038491
3,3,0.9120050398317674,0.7180236723038491
3,3,0.9547433565445065,0.7180236723038491
3,3,0.9120050398317674,0.758265148511676
3,3,0.9120050398317674,0.7180236723038491
3,3,0.9120050398317674,0.7180236723038491
3,3,0.9120050398317674,0.758265148511676
3,3,0.8692667231190279,0.758265148511676
3,3,0.9120050398317674,0.758265148511676
3,3,0.8692667231190279,0.798506624719503
3,3,0.8692667231190279,0.758265148511676
3,3,0.8692667231190279,0.758265148511676
3,3,0.8692667231190279,0.798506624719503
3,3,0.8265284064062888,0.798506624719503
3,3,0.9547433565445065,0.7180236723038491
3,3,0.9547433565445065,0.758265148511676
3,3,0.9120050398317674,0.758265148511676
3,3,0.9547433565445065,0.758265148511676
3,3,0.9120050398317674,0.798506624719503
3,3,0.9120050398317674,0.758265148511676
3,3,0.9120050398317674,0.758265148511676
3,3,0.9120050398317674,0.798506624719503
3,3,0.8692667231190279,0.798506624719503
3,3,0.9547433565445065,0.758265148511676
3,3,0.9547433565445065,0.798506624719503
3,3,0.9120050398317674,0.798506624719503
3,3,0.6128952284684384,0.798506624719503
3,3,0.6556189437747162,0.798506624719503
3,3,0.6556189437747162,0.8387773037402528
3,3,0.6556189437747162,0.798506624719503
3,3,0.698342659080994,0.8387773037402528
3,3,0.6556189437747162,0.8387773037402528
3,3,0.6556189437747162,0.8387773037402528
3,3,0.698342659080994,0.8387773037402528
3,3,0.698342659080994,0.8790479827610027
3,3,0.698342659080994,0.8387773037402528
3,3,0.7410663743872714,0.8790479827610027
3,3,0.698342659080994,0.8790479827610027
3,3,0.698342659080994,0.8790479827610027
3,3,0.7410663743872714,0.8790479827610027
3,3,0.7410663743872714,0.9193186617817526
3,3,0.7410663743872714,0.8790479827610027
3,3,0.7837900896935492,0.9193186617817526
3,3,0.7410663743872714,0.9193186617817526
3,3,0.7410663743872714,0.9193186617817526
3,3,0.7837900896935492,0.9193186617817526
3,3,0.7837900896935492,0.9595893408025025
3,3,0.6556189437747162,0.798506624719503
3,3,0.698342659080994,0.798506624719503
3,3,0.698342659080994,0.8387773037402528
3,3,0.698342659080994,0.798506624719503
3,3,0.7410663743872714,0.8387773037402528
3,3,0.698342659080994,0.8387773037402528
3,3,0.698342659080994,0.8387773037402528
3,3,0.7410663743872714,0.8387773037402528
3,3,0.7410663743872714,0.8790479827610027
3,3,0.7410663743872714,0.8387773037402528
3,3,0.7837900896935492,0.8790479827610027
3,3,0.7410663743872714,0.8790479827610027
3,3,0.7410663743872714,0.8790479827610027
3,3,0.7837900896935492,0.8790479827610027
3,3,0.7837900896935492,0.9193186617817526
3,3,0.698342659080994,0.798506624719503
3,3,0.7410663743872714,0.798506624719503
3,3,0.7410663743872714,0.8387773037402528
3,3,0.7410663743872714,0.798506624719503
3,3,0.7837900896935492,0.8387773037402528
3,3,0.7410663743872714,0.8387773037402528
3,3,0.7410663743872714,0.8387773037402528
3,3,0.7837900896935492,0.8387773037402528
3,3,0.7837900896935492,0.8790479827610027
3,3,0.7410663743872714,0.798506624719503
3,3,0.7837900896935492,0.798506624719503
3,3,0.7837900896935492,0.8387773037402528
3,3,0.7837900896935492,0.9595893408025025
3,3,0.7410663743872714,0.9595893408025025
3,3,0.7410663743872714,0.9193186617817526
3,3,0.7410663743872714,0.9595893408025025
3,3,0.698342659080994,0.9193186617817526
3,3,0.7410663743872714,0.9193186617817526
3,3,0.7410663743872714,0.9193186617817526
3,3,0.698342659080994,0.9193186617817526
3,3,0.698342659080994,0.8790479827610027
3,3,0.698342659080994,0.9193186617817526
3,3,0.6556189437747162,0.8790479827610027
3,3,0.698342659080994,0.8790479827610027
3,3,0.698342659080994,0.8790479827610027
3,3,0.6556189437747162,0.8790479827610027
3,3,0.6556189437747162,0.8387773037402528
3,3,0.6556189437747162,0.8790479827610027
3,3,0.6128952284684384,0.8387773037402528
3,3,0.6556189437747162,0.8387773037402528
3,3,0.6556189437747162,0.8387773037402528
3,3,0.6128952284684384,0.8387773037402528
3,3,0.6128952284684384,0.798506624719503
3,3,0.7410663743872714,0.9595893408025025
3,3,0.698342659080994,0.9595893408025025
3,3,0.698342659080994,0.9193186617817526
3,3,0.698342659080994,0.9595893408025025
3,3,0.6556189437747162,0.9193186617817526
3,3,0.698342659080994,0.9193186617817526
3,3,0.698342659080994,0.9193186617817526
3,3,0.6556189437747162,0.9193186617817526
3,3,0.6556189437747162,0.8790479827610027
3,3,0.6556189437747162,0.9193186617817526
3,3,0.6128952284684384,0.8790479827610027
3,3,0.6556189437747162,0.8790479827610027
3,3,0.6556189437747162,0.8790479827610027
3,3,0.6128952284684384,0.8790479827610027
3,3,0.6128952284684384,0.8387773037402528
3,3,0.698342659080994,0.9595893408025025
3,3,0.6556189437747162,0.9595893408025025
3,3,0.6556189437747162,0.9193186617817526
3,3,0.6556189437747162,0.9595893408025025
3,3,0.6128952284684384,0.9193186617817526
3,3,0.6556189437747162,0.9193186617817526
3,3,0.6556189437747162,0.9193186617817526
3,3,0.6128952284684384,0.9193186617817526
3,3,0.6128952284684384,0.8790479827610027
3,3,0.6556189437747162,0.9595893408025025
3,3,0.6128952284684384,0.9595893408025025
3,3,0.6128952284684384,0.9193186617817526
3,3,0.7837900896935492,0.798506624719503
3,3,0.8265284064062888,0.798506624719503
3,3,0.8265284064062888,0.8387773037402528
3,3,0.8265284064062888,0.798506624719503
3,3,0.8692667231190279,0.8387773037402528
3,3,0.8265284064062888,0.8387773037402528
3,3,0.8265284064062888,0.8387773037402528
3,3,0.8692667231190279,0.8387773037402528
3,3,0.8692667231190279,0.8790479827610027
3,3,0.8692667231190279,0.8387773037402528
3,3,0.912005039831767,0.8790479827610027
3,3,0.8692667231190279,0.8790479827610027
3,3,0.8692667231190279,0.8790479827610027
3,3,0.912005039831767,0.8790479827610027
3,3,0.9120050398317674,0.9193186617817526
3,3,0.912005039831767,0.8790479827610027
3,3,0.9547433565445065,0.9193186617817526
3,3,0.9120050398317674,0.9193186617817526
3,3,0.9120050398317674,0.9193186617817526
3,3,0.9547433565445065,0.9193186617817526
3,3,0.9547433565445065,0.9595893408025025
3,3,0.8265284064062888,0.798506624719503
3,3,0.8692667231190279,0.798506624719503
3,3,0.8692667231190279,0.8387773037402528
3,3,0.8692667231190279,0.798506624719503
3,3,0.9120050398317674,0.8387773037402528
3,3,0.8692667231190279,0.8387773037402528
3,3,0.8692667231190279,0.8387773037402528
3,3,0.9120050398317674,0.8387773037402528
3,3,0.912005039831767,0.8790479827610027
3,3,0.9120050398317674,0.8387773037402528
3,3,0.9547433565445065,0.8790479827610027
3,3,0.912005039831767,0.8790479827610027
3,3,0.912005039831767,0.8790479827610027
3,3,0.9547433565445065,0.8790479827610027
3,3,0.9547433565445065,0.9193186617817526
3,3,0.8692667231190279,0.798506624719503
3,3,0.9120050398317674,0.798506624719503
3,3,0.9120050398317674,0.8387773037402528
3,3,0.9120050398317674,0.798506624719503
3,3,0.9547433565445065,0.8387773037402528
3,3,0.9120050398317674,0.8387773037402528
3,3,0.9120050398317674,0.8387773037402528
3,3,0.9547433565445065,0.8387773037402528
3,3,0.9547433565445065,0.8790479827610027
3,3,0.9120050398317674,0.798506624719503
3,3,0.9547433565445065,0.798506624719503
3,3,0.9547433565445065,0.8387773037402528
3,3,0.9547433565445065,0.9595893408025025
3,3,0.9120050398317674,0.9595893408025025
3,3,0.9120050398317674,0.9193186617817526
3,3,0.9120050398317674,0.9595893408025025
3,3,0.8692667231190279,0.9193186617817526
3,3,0.9120050398317674,0.9193186617817526
3,3,0.9120050398317674,0.9193186617817526
3,3,0.8692667231190279,0.9193186617817526
3,3,0.8692667231190279,0.8790479827610027
3,3,0.8692667231190279,0.9193186617817526
3,3,0.8265284064062888,0.8790479827610027
3,3,0.8692667231190279,0.8790479827610027
3,3,0.8692667231190279,0.8790479827610027
3,3,0.8265284064062888,0.8790479827610027
3,3,0.8265284064062888,0.8387773037402528
3,3,0.8265284064062888,0.8790479827610027
3,3,0.7837900896935492,0.8387773037402528
3,3,0.8265284064062888,0.8387773037402528
3,3,0.8265284064062888,0.8387773037402528
3,3,0.7837900896935492,0.8387773037402528
3,3,0.7837900896935492,0.798506624719503
3,3,0.9120050398317674,0.9595893408025025
3,3,0.8692667231190279,0.9595893408025025
3,3,0.8692667231190279,0.9193186617817526
3,3,0.8692667231190279,0.9595893408025025
3,3,0.8265284064062888,0.9193186617817526
3,3,0.8692667231190279,0.9193186617817526
3,3,0.8692667231190279,0.9193186617817526
3,3,0.8265284064062888,0.9193186617817526
3,3,0.8265284064062888,0.8790479827610027
3,3,0.8265284064062888,0.9193186617817526
3,3,0.7837900896935492,0.8790479827610027
3,3,0.8265284064062888,0.8790479827610027
3,3,0.8265284064062888,0.8790479827610027
3,3,0.7837900896935492,0.8790479827610027
3,3,0.7837900896935492,0.8387773037402528
3,3,0.8692667231190279,0.9595893408025025
3,3,0.8265284064062888,0.9595893408025025
3,3,0.8265284064062888,0.9193186617817526
3,3,0.8265284064062888,0.9595893408025025
3,3,0.7837900896935492,0.9193186617817526
3,3,0.8265284064062888,0.9193186617817526
3,3,0.8265284064062888,0.9193186617817526
3,3,0.7837900896935492,0.9193186617817526
3,3,0.7837900896935492,0.8790479827610027
3,3,0.8265284064062888,0.9595893408025025
3,3,0.7837900896935492,0.9595893408025025
3,3,0.7837900896935492,0.9193186617817526
4,2,0.0600000000000005,0.71
3,2,0.9206769093826961,0.6050332459202297
3,2,0.9206769093826961,0.8149667540797703
4,2,0.19932309061730447,0.6050332459202297
4,2,0.19932309061730447,0.8149667540797703
4,2,0.28128566819183654,0.6858858620724124
4,2,0.28128566819183654,0.7057966852522979
4,2,0.23047176032134598,0.7057966852522979
4,2,0.28128566819183654,0.7057966852522979
4,2,0.23047176032134598,0.7257075084321829
4,2,0.23047176032134598,0.7057966852522979
4,2,0.23047176032134598,0.7057966852522979
4,2,0.23047176032134598,0.7257075084321829
4,2,0.17965785245085453,0.7257075084321829
4,2,0.23047176032134598,0.7257075084321829
4,2,0.17965785245085453,0.7456183316120684
4,2,0.17965785245085453,0.7257075084321829
4,2,0.17965785245085453,0.7257075084321829
4,2,0.17965785245085453,0.7456183316120684
4,2,0.12884394458036308,0.7456183316120684
4,2,0.17965785245085453,0.7456183316120684
4,2,0.12884394458036308,0.7655291547919534
4,2,0.12884394458036308,0.7456183316120684
4,2,0.12884394458036308,0.7456183316120684
4,2,0.12884394458036308,0.7655291547919534
4,2,0.07803003670987163,0.7655291547919534
4,2,0.12884394458036308,0.7655291547919534
4,2,0.07803003670987163,0.7854399779718388
4,2,0.07803003670987163,0.7655291547919534
4,2,0.07803003670987163,0.7655291547919534
4,2,0.07803003670987163,0.7854399779718388
4,2,0.027216128839380183,0.7854399779718388
4,2,0.07803003670987163,0.7854399779718388
4,2,0.027216128839380183,0.8053508011517239
4,2,0.027216128839380183,0.7854399779718388
4,2,0.027216128839380183,0.7854399779718388
4,2,0.027216128839380183,0.8053508011517239
3,2,0.9764022209688887,0.8053508011517239
4,2,0.027216128839380183,0.8053508011517239
3,2,0.9764022209688887,0.8252616243316093
3,2,0.9764022209688887,0.8053508011517239
3,2,0.9764022209688887,0.8053508011517239
3,2,0.9764022209688887,0.8252616243316093
3,2,0.9255883130983973,0.8252616243316093
3,2,0.9764022209688887,0.8252616243316093
3,2,0.9255883130983973,0.8451724475114943
3,2,0.9255883130983973,0.8252616243316093
3,2,0.9255883130983973,0.8252616243316093
3,2,0.9255883130983973,0.8451724475114943
3,2,0.8747744052279063,0.8451724475114943
3,2,0.9255883130983973,0.8451724475114943
3,2,0.8747744052279058,0.8650832706913798
3,2,0.8747744052279063,0.8451724475114943
3,2,0.8747744052279063,0.8451724475114943
3,2,0.8747744052279058,0.8650832706913798
3,2,0.8239604973574148,0.8650832706913798
4,2,0.28128566819183654,0.7057966852522979
4,2,0.28128566819183654,0.7257075084321829
4,2,0.23047176032134598,0.7257075084321829
4,2,0.28128566819183654,0.7257075084321829
4,2,0.23047176032134598,0.7456183316120684
4,2,0.23047176032134598,0.7257075084321829
4,2,0.23047176032134598,0.7257075084321829
4,2,0.23047176032134598,0.7456183316120684
4,2,0.17965785245085453,0.7456183316120684
4,2,0.23047176032134598,0.7456183316120684
4,2,0.17965785245085453,0.7655291547919534
4,2,0.17965785245085453,0.7456183316120684
4,2,0.17965785245085453,0.7456183316120684
4,2,0.17965785245085453,0.7655291547919534
4,2,0.12884394458036308,0.7655291547919534
4,2,0.17965785245085453,0.7655291547919534
4,2,0.12884394458036308,0.7854399779718388
4,2,0.12884394458036308,0.7655291547919534
4,2,0.12884394458036308,0.7655291547919534
4,2,0.12884394458036308,0.7854399779718388
4,2,0.07803003670987163,0.7854399779718388
4,2,0.12884394458036308,0.7854399779718388
4,2,0.07803003670987163,0.8053508011517239
4,2,0.07803003670987163,0.7854399779718388
4,2,0.07803003670987163,0.7854399779718388
4,2,0.07803003670987163,0.8053508011517239
4,2,0.027216128839380183,0.8053508011517239
4,2,0.07803003670987163,0.8053508011517239
4,2,0.027216128839380183,0.8252616243316093
4,2,0.027216128839380183,0.8053508011517239
4,2,0.027216128839380183,0.8053508011517239
4,2,0.027216128839380183,0.8252616243316093
3,2,0.9764022209688887,0.8252616243316093
4,2,0.027216128839380183,0.8252616243316093
3,2,0.9764022209688887,0.8451724475114943
3,2,0.9764022209688887,0.8252616243316093
3,2,0.9764022209688887,0.8252616243316093
3,2,0.9764022209688887,0.8451724475114943
3,2,0.9255883130983973,0.8451724475114943
3,2,0.9764022209688887,0.8451724475114943
3,2,0.9255883130983973,0.8650832706913798
3,2,0.9255883130983973,0.8451724475114943
3,2,0.9255883130983973,0.8451724475114943
3,2,0.9255883130983973,0.8650832706913798
3,2,0.8747744052279058,0.8650832706913798
4,2,0.28128566819183654,0.7257075084321829
4,2,0.28128566819183654,0.7456183316120684
4,2,0.23047176032134598,0.7456183316120684
4,2,0.28128566819183654,0.7456183316120684
4,2,0.23047176032134598,0.7655291547919534
4,2,0.23047176032134598,0.7456183316120684
4,2,0.23047176032134598,0.7456183316120684
4,2,0.23047176032134598,0.7655291547919534
4,2,0.17965785245085453,0.7655291547919534
4,2,0.23047176032134598,0.7655291547919534
4,2,0.17965785245085453,0.7854399779718388
4,2,0.17965785245085453,0.7655291547919534
4,2,0.17965785245085453,0.7655291547919534
4,2,0.17965785245085453,0.7854399779718388
4,2,0.12884394458036308,0.7854399779718388
4,2,0.17965785245085453,0.7854399779718388
4,2,0.12884394458036308,0.8053508011517239
4,2,0.12884394458036308,0.7854399779718388
4,2,0.12884394458036308,0.7854399779718388
4,2,0.12884394458036308,0.8053508011517239
4,2,0.07803003670987163,0.8053508011517239
4,2,0.12884394458036308,0.8053508011517239
4,2,0.07803003670987163,0.8252616243316093
4,2,0.07803003670987163,0.8053508011517239
4,2,0.07803003670987163,0.8053508011517239
4,2,0.07803003670987163,0.8252616243316093
4,2,0.027216128839380183,0.8252616243316093
4,2,0.07803003670987163,0.8252616243316093
4,2,0.027216128839380183,0.8451724475114943
4,2,0.027216128839380183,0.8252616243316093
4,2,0.027216128839380183,0.8252616243316093
4,2,0.027216128839380183,0.8451724475114943
3,2,0.9764022209688887,0.8451724475114943
4,2,0.027216128839380183,0.8451724475114943
3,2,0.9764022209688887,0.8650832706913798
3,2,0.9764022209688887,0.8451724475114943
3,2,0.9764022209688887,0.8451724475114943
3,2,0.9764022209688887,0.8650832706913798
3,2,0.9255883130983973,0.8650832706913798
4,2,0.28128566819183654,0.7456183316120684
4,2,0.28128566819183654,0.7655291547919534
4,2,0.23047176032134598,0.7655291547919534
4,2,0.28128566819183654,0.7655291547919534
4,2,0.23047176032134598,0.7854399779718388
4,2,0.23047176032134598,0.7655291547919534
4,2,0.23047176032134598,0.7655291547919534
4,2,0.23047176032134598,0.7854399779718388
4,2,0.17965785245085453,0.7854399779718388
4,2,0.23047176032134598,0.7854399779718388
4,2,0.17965785245085453,0.8053508011517239
4,2,0.17965785245085453,0.7854399779718388
4,2,0.17965785245085453,0.7854399779718388
4,2,0.17965785245085453,0.8053508011517239
4,2,0.12884394458036308,0.8053508011517239
4,2,0.17965785245085453,0.8053508011517239
4,2,0.12884394458036308,0.8252616243316093
4,2,0.12884394458036308,0.8053508011517239
4,2,0.12884394458036308,0.8053508011517239
4,2,0.12884394458036308,0.8252616243316093
4,2,0.07803003670987163,0.8252616243316093
4,2,0.12884394458036308,0.8252616243316093
4,2,0.07803003670987163,0.8451724475114943
4,2,0.07803003670987163,0.8252616243316093
4,2,0.07803003670987163,0.8252616243316093
4,2,0.07803003670987163,0.8451724475114943
4,2,0.027216128839380183,0.8451724475114943
4,2,0.07803003670987163,0.8451724475114943
4,2,0.027216128839380183,0.8650832706913798
4,2,0.027216128839380183,0.8451724475114943
4,2,0.027216128839380183,0.8451724475114943
4,2,0.027216128839380183,0.8650832706913798
3,2,0.9764022209688887,0.8650832706913798
4,2,0.28128566819183654,0.7655291547919534
4,2,0.28128566819183654,0.7854399779718388
4,2,0.23047176032134598,0.7854399779718388
4,2,0.28128566819183654,0.7854399779718388
4,2,0.23047176032134598,0.8053508011517239
4,2,0.23047176032134598,0.7854399779718388
4,2,0.23047176032134598,0.7854399779718388
4,2,0.23047176032134598,0.8053508011517239
4,2,0.17965785245085453,0.8053508011517239
4,2,0.23047176032134598,0.8053508011517239
4,2,0.17965785245085453,0.8252616243316093
4,2,0.17965785245085453,0.8053508011517239
4,2,0.17965785245085453,0.8053508011517239
4,2,0.17965785245085453,0.8252616243316093
4,2,0.12884394458036308,0.8252616243316093
4,2,0.17965785245085453,0.8252616243316093
4,2,0.12884394458036308,0.8451724475114943
4,2,0.12884394458036308,0.8252616243316093
4,2,0.12884394458036308,0.8252616243316093
4,2,0.12884394458036308,0.8451724475114943
4,2,0.07803003670987163,0.8451724475114943
4,2,0.12884394458036308,0.8451724475114943
4,2,0.07803003670987163,0.8650832706913798
4,2,0.07803003670987163,0.8451724475114943
4,2,0.07803003670987163,0.8451724475114943
4,2,0.07803003670987163,0.8650832706913798
4,2,0.027216128839380183,0.8650832706913798
4,2,0.28128566819183654,0.7854399779718388
4,2,0.28128566819183654,0.8053508011517239
4,2,0.23047176032134598,0.8053508011517239
4,2,0.28128566819183654,0.8053508011517239
4,2,0.23047176032134598,0.8252616243316093
4,2,0.23047176032134598,0.8053508011517239
4,2,0.23047176032134598,0.8053508011517239
4,2,0.23047176032134598,0.8252616243316093
4,2,0.17965785245085453,0.8252616243316093
4,2,0.23047176032134598,0.8252616243316093
4,2,0.17965785245085453,0.8451724475114943
4,2,0.17965785245085453,0.8252616243316093
4,2,0.17965785245085453,0.8252616243316093
4,2,0.17965785245085453,0.8451724475114943
4,2,0.12884394458036308,0.8451724475114943
4,2,0.17965785245085453,0.8451724475114943
4,2,0.12884394458036308,0.8650832706913798
4,2,0.12884394458036308,0.8451724475114943
4,2,0.12884394458036308,0.8451724475114943
4,2,0.12884394458036308,0.8650832706913798
4,2,0.07803003670987163,0.8650832706913798
4,2,0.28128566819183654,0.8053508011517239
4,2,0.28128566819183654,0.8252616243316093
4,2,0.23047176032134598,0.8252616243316093
4,2,0.28128566819183654,0.8252616243316093
4,2,0.23047176032134598,0.8451724475114943
4,2,0.23047176032134598,0.8252616243316093
4,2,0.23047176032134598,0.8252616243316093
4,2,0.23047176032134598,0.8451724475114943
4,2,0.17965785245085453,0.8451724475114943
4,2,0.23047176032134598,0.8451724475114943
4,2,0.17965785245085453,0.8650832706913798
4,2,0.17965785245085453,0.8451724475114943
4,2,0.17965785245085453,0.8451724475114943
4,2,0.17965785245085453,0.8650832706913798
4,2,0.12884394458036308,0.8650832706913798
4,2,0.28128566819183654,0.8252616243316093
4,2,0.28128566819183654,0.8451724475114943
4,2,0.23047176032134598,0.8451724475114943
4,2,0.28128566819183654,0.8451724475114943
4,2,0.23047176032134598,0.8650832706913798
4,2,0.23047176032134598,0.8451724475114943
4,2,0.23047176032134598,0.8451724475114943
4,2,0.23047176032134598,0.8650832706913798
4,2,0.17965785245085453,0.8650832706913798
4,2,0.28128566819183654,0.8451724475114943
4,2,0.28128566819183654,0.8650832706913798
4,2,0.23047176032134598,0.8650832706913798
3,2,0.8239604973574148,0.8650832706913798
3,2,0.8239604973574148,0.8451724475114943
3,2,0.8747744052279058,0.8451724475114943
3,2,0.8239604973574148,0.8451724475114943
3,2,0.8747744052279058,0.8252616243316093
3,2,0.8747744052279058,0.8451724475114943
3,2,0.8747744052279058,0.8451724475114943
3,2,0.8747744052279058,0.8252616243316093
3,2,0.9255883130983973,0.8252616243316093
3,2,0.8747744052279058,0.8252616243316093
3,2,0.9255883130983973,0.8053508011517239
3,2,0.9255883130983973,0.8252616243316093
3,2,0.9255883130983973,0.8252616243316093
3,2,0.9255883130983973,0.8053508011517239
3,2,0.9764022209688887,0.8053508011517239
3,2,0.9255883130983973,0.8053508011517239
3,2,0.9764022209688887,0.7854399779718388
3,2,0.9764022209688887,0.8053508011517239
3,2,0.9764022209688887,0.8053508011517239
3,2,0.9764022209688887,0.7854399779718388
4,2,0.027216128839380183,0.7854399779718388
3,2,0.9764022209688887,0.7854399779718388
4,2,0.027216128839380183,0.7655291547919534
4,2,0.027216128839380183,0.7854399779718388
4,2,0.027216128839380183,0.7854399779718388
4,2,0.027216128839380183,0.7655291547919534
4,2,0.07803003670987163,0.7655291547919534
4,2,0.027216128839380183,0.7655291547919534
4,2,0.07803003670987163,0.7456183316120684
4,2,0.07803003670987163,0.7655291547919534
4,2,0.07803003670987163,0.7655291547919534
4,2,0.07803003670987163,0.7456183316120684
4,2,0.12884394458036308,0.7456183316120684
4,2,0.07803003670987163,0.7456183316120684
4,2,0.12884394458036308,0.7257075084321829
4,2,0.12884394458036308,0.7456183316120684
4,2,0.12884394458036308,0.7456183316120684
4,2,0.12884394458036308,0.7257075084321829
4,2,0.17965785245085453,0.7257075084321829
4,2,0.12884394458036308,0.7257075084321829
4,2,0.17965785245085453,0.7057966852522979
4,2,0.17965785245085453,0.7257075084321829
4,2,0.17965785245085453,0.7257075084321829
4,2,0.17965785245085453,0.7057966852522979
4,2,0.23047176032134598,0.7057966852522979
4,2,0.17965785245085453,0.7057966852522979
4,2,0.23047176032134598,0.6858858620724124
4,2,0.23047176032134598,0.7057966852522979
4,2,0.23047176032134598,0.7057966852522979
4,2,0.23047176032134598,0.6858858620724124
4,2,0.28128566819183654,0.6858858620724124
3,2,0.8239604973574148,0.8451724475114943
3,2,0.8239604973574148,0.8252616243316093
3,2,0.8747744052279058,0.8252616243316093
3,2,0.8239604973574148,0.8252616243316093
3,2,0.8747744052279058,0.8053508011517239
3,2,0.8747744052279058,0.8252616243316093
3,2,0.8747744052279058,0.8252616243316093
3,2,0.8747744052279058,0.8053508011517239
3,2,0.9255883130983973,0.8053508011517239
3,2,0.8747744052279058,0.8053508011517239
3,2,0.9255883130983973,0.7854399779718388
3,2,0.9255883130983973,0.8053508011517239
3,2,0.9255883130983973,0.8053508011517239
3,2,0.9255883130983973,0.7854399779718388
3,2,0.9764022209688887,0.7854399779718388
3,2,0.9255883130983973,0.7854399779718388
3,2,0.9764022209688887,0.7655291547919534
3,2,0.9764022209688887,0.7854399779718388
3,2,0.9764022209688887,0.7854399779718388
3,2,0.9764022209688887,0.7655291547919534
4,2,0.027216128839380183,0.7655291547919534
3,2,0.9764022209688887,0.7655291547919534
4,2,0.027216128839380183,0.7456183316120684
4,2,0.027216128839380183,0.7655291547919534
4,2,0.027216128839380183,0.7655291547919534
4,2,0.027216128839380183,0.7456183316120684
4,2,0.07803003670987163,0.7456183316120684
4,2,0.027216128839380183,0.7456183316120684
4,2,0.07803003670987163,0.7257075084321829
4,2,0.07803003670987163,0.7456183316120684
4,2,0.07803003670987163,0.7456183316120684
4,2,0.07803003670987163,0.7257075084321829
4,2,0.12884394458036308,0.7257075084321829
4,2,0.07803003670987163,0.7257075084321829
4,2,0.12884394458036308,0.7057966852522979
4,2,0.12884394458036308,0.7257075084321829
4,2,0.12884394458036308,0.7257075084321829
4,2,0.12884394458036308,0.7057966852522979
4,2,0.17965785245085453,0.7057966852522979
4,2,0.12884394458036308,0.7057966852522979
4,2,0.17965785245085453,0.6858858620724124
4,2,0.17965785245085453,0.7057966852522979
4,2,0.17965785245085453,0.7057966852522979
4,2,0.17965785245085453,0.6858858620724124
4,2,0.23047176032134598,0.6858858620724124
3,2,0.8239604973574148,0.8252616243316093
3,2,0.8239604973574148,0.8053508011517239
3,2,0.8747744052279058,0.8053508011517239
3,2,0.8239604973574148,0.8053508011517239
3,2,0.8747744052279058,0.7854399779718388
3,2,0.8747744052279058,0.8053508011517239
3,2,0.8747744052279058,0.8053508011517239
3,2,0.8747744052279058,0.7854399779718388
3,2,0.9255883130983973,0.7854399779718388
3,2,0.8747744052279058,0.7854399779718388
3,2,0.9255883130983973,0.7655291547919534
3,2,0.9255883130983973,0.7854399779718388
3,2,0.9255883130983973,0.7854399779718388
3,2,0.9255883130983973,0.7655291547919534
3,2,0.9764022209688887,0.7655291547919534
3,2,0.9255883130983973,0.7655291547919534
3,2,0.9764022209688887,0.7456183316120684
3,2,0.9764022209688887,0.7655291547919534
3,2,0.9764022209688887,0.7655291547919534
3,2,0.9764022209688887,0.7456183316120684
4,2,0.027216128839380183,0.7456183316120684
3,2,0.9764022209688887,0.7456183316120684
4,2,0.027216128839380183,0.7257075084321829
4,2,0.027216128839380183,0.7456183316120684
4,2,0.027216128839380183,0.7456183316120684
4,2,0.027216128839380183,0.7257075084321829
4,2,0.07803003670987163,0.7257075084321829
4,2,0.027216128839380183,0.7257075084321829
4,2,0.07803003670987163,0.7057966852522979
4,2,0.07803003670987163,0.7257075084321829
4,2,0.07803003670987163,0.7257075084321829
4,2,0.07803003670987163,0.7057966852522979
4,2,0.12884394458036308,0.7057966852522979
4,2,0.07803003670987163,0.7057966852522979
4,2,0.12884394458036308,0.6858858620724124
4,2,0.12884394458036308,0.7057966852522979
4,2,0.12884394458036308,0.7057966852522979
4,2,0.12884394458036308,0.6858858620724124
4,2,0.17965785245085453,0.6858858620724124
3,2,0.8239604973574148,0.8053508011517239
3,2,0.8239604973574148,0.7854399779718388
3,2,0.8747744052279058,0.7854399779718388
3,2,0.8239604973574148,0.7854399779718388
3,2,0.8747744052279058,0.7655291547919534
3,2,0.8747744052279058,0.7854399779718388
3,2,0.8747744052279058,0.7854399779718388
3,2,0.8747744052279058,0.7655291547919534
3,2,0.9255883130983973,0.7655291547919534
3,2,0.8747744052279058,0.7655291547919534
3,2,0.9255883130983973,0.7456183316120684
3,2,0.9255883130983973,0.7655291547919534
3,2,0.9255883130983973,0.7655291547919534
3,2,0.9255883130983973,0.7456183316120684
3,2,0.9764022209688887,0.7456183316120684
3,2,0.9255883130983973,0.7456183316120684
3,2,0.9764022209688887,0.7257075084321829
3,2,0.9764022209688887,0.7456183316120684
3,2,0.9764022209688887,0.7456183316120684
3,2,0.9764022209688887,0.7257075084321829
4,2,0.027216128839380183,0.7257075084321829
3,2,0.9764022209688887,0.7257075084321829
4,2,0.027216128839380183,0.7057966852522979
4,2,0.027216128839380183,0.7257075084321829
4,2,0.027216128839380183,0.7257075084321829
4,2,0.027216128839380183,0.7057966852522979
4,2,0.07803003670987163,0.7057966852522979
4,2,0.027216128839380183,0.7057966852522979
4,2,0.07803003670987163,0.6858858620724124
4,2,0.07803003670987163,0.7057966852522979
4,2,0.07803003670987163,0.7057966852522979
4,2,0.07803003670987163,0.6858858620724124
4,2,0.12884394458036308,0.6858858620724124
3,2,0.8239604973574148,0.7854399779718388
3,2,0.8239604973574148,0.7655291547919534
3,2,0.8747744052279058,0.7655291547919534
3,2,0.8239604973574148,0.7655291547919534
3,2,0.8747744052279058,0.7456183316120684
3,2,0.8747744052279058,0.7655291547919534
3,2,0.8747744052279058,0.7655291547919534
3,2,0.8747744052279058,0.7456183316120684
3,2,0.9255883130983973,0.7456183316120684
3,2,0.8747744052279058,0.7456183316120684
3,2,0.9255883130983973,0.7257075084321829
3,2,0.9255883130983973,0.7456183316120684
3,2,0.9255883130983973,0.7456183316120684
3,2,0.9255883130983973,0.7257075084321829
3,2,0.9764022209688887,0.7257075084321829
3,2,0.9255883130983973,0.7257075084321829
3,2,0.9764022209688887,0.7057966852522979
3,2,0.9764022209688887,0.7257075084321829
3,2,0.9764022209688887,0.7257075084321829
3,2,0.9764022209688887,0.7057966852522979
4,2,0.027216128839380183,0.7057966852522979
3,2,0.9764022209688887,0.7057966852522979
4,2,0.027216128839380183,0.6858858620724124
4,2,0.027216128839380183,0.7057966852522979
4,2,0.027216128839380183,0.7057966852522979
4,2,0.027216128839380183,0.6858858620724124
4,2,0.07803003670987163,0.6858858620724124
3,2,0.8239604973574148,0.7655291547919534
3,2,0.8239604973574148,0.7456183316120684
3,2,0.8747744052279058,0.7456183316120684
3,2,0.8239604973574148,0.7456183316120684
3,2,0.8747744052279058,0.7257075084321829
3,2,0.8747744052279058,0.7456183316120684
3,2,0.8747744052279058,0.7456183316120684
3,2,0.8747744052279058,0.7257075084321829
3,2,0.9255883130983973,0.7257075084321829
3,2,0.8747744052279058,0.7257075084321829
3,2,0.9255883130983973,0.7057966852522979
3,2,0.9255883130983973,0.7257075084321829
3,2,0.9255883130983973,0.7257075084321829
3,2,0.9255883130983973,0.7057966852522979
3,2,0.9764022209688887,0.7057966852522979
3,2,0.9255883130983973,0.7057966852522979
3,2,0.9764022209688887,0.6858858620724124
3,2,0.9764022209688887,0.7057966852522979
3,2,0.9764022209688887,0.7057966852522979
3,2,0.9764022209688887,0.6858858620724124
4,2,0.027216128839380183,0.6858858620724124
3,2,0.8239604973574148,0.7456183316120684
3,2,0.8239604973574148,0.7257075084321829
3,2,0.8747744052279058,0.7257075084321829
3,2,0.8239604973574148,0.7257075084321829
3,2,0.8747744052279058,0.7057966852522979
3,2,0.8747744052279058,0.7257075084321829
3,2,0.8747744052279058,0.7257075084321829
3,2,0.8747744052279058,0.7057966852522979
3,2,0.9255883130983973,0.7057966852522979
3,2,0.8747744052279058,0.7057966852522979
3,2,0.9255883130983973,0.6858858620724124
3,2,0.9255883130983973,0.7057966852522979
3,2,0.9255883130983973,0.7057966852522979
3,2,0.9255883130983973,0.6858858620724124
3,2,0.9764022209688887,0.6858858620724124
3,2,0.8239604973574148,0.7257075084321829
3,2,0.8239604973574148,0.7057966852522979
3,2,0.8747744052279058,0.7057966852522979
3,2,0.8239604973574148,0.7057966852522979
3,2,0.8747744052279058,0.6858858620724124
3,2,0.8747744052279058,0.7057966852522979
3,2,0.8747744052279058,0.7057966852522979
3,2,0.8747744052279058,0.6858858620724124
3,2,0.9255883130983973,0.6858858620724124
3,2,0.8239604973574148,0.7057966852522979
3,2,0.8239604973574148,0.6858858620724124
3,2,0.8747744052279058,0.6858858620724124
4,2,0.28128566819183654,0.6858858620724124
4,2,0.23047176032134598,0.6858858620724124
4,2,0.23047176032134598,0.6659833006448843
4,2,0.23047176032134598,0.6858858620724124
4,2,0.17965785245085453,0.6659833006448843
4,2,0.23047176032134598,0.6659833006448843
4,2,0.23047176032134598,0.6659833006448843
4,2,0.17965785245085453,0.6659833006448843
4,2,0.17965785245085453,0.6460807392173558
4,2,0.17965785245085453,0.6659833006448843
4,2,0.12884394458036308,0.6460807392173558
4,2,0.17965785245085453,0.6460807392173558
4,2,0.17965785245085453,0.6460807392173558
4,2,0.12884394458036308,0.6460807392173558
4,2,0.12884394458036308,0.6261781777898272
4,2,0.12884394458036308,0.6460807392173558
4,2,0.07803003670987163,0.6261781777898272
4,2,0.12884394458036308,0.6261781777898272
4,2,0.12884394458036308,0.6261781777898272
4,2,0.07803003670987163,0.6261781777898272
4,2,0.07803003670987163,0.6062756163622987
4,2,0.07803003670987163,0.6261781777898272
4,2,0.027216128839380183,0.6062756163622987
4,2,0.07803003670987163,0.6062756163622987
4,2,0.07803003670987163,0.6062756163622987
4,2,0.027216128839380183,0.6062756163622987
4,2,0.027216128839380183,0.5863730549347705
4,2,0.027216128839380183,0.6062756163622987
3,2,0.9764022209688887,0.5863730549347705
4,2,0.027216128839380183,0.5863730549347705
4,2,0.027216128839380183,0.5863730549347705
3,2,0.9764022209688887,0.5863730549347705
3,2,0.9764022209688887,0.566470493507242
3,2,0.9764022209688887,0.5863730549347705
3,2,0.9255883130983973,0.566470493507242
3,2,0.9764022209688887,0.566470493507242
3,2,0.9764022209688887,0.566470493507242
3,2,0.9255883130983973,0.566470493507242
3,2,0.9255883130983973,0.5465679320797134
3,2,0.9255883130983973,0.566470493507242
3,2,0.8747744052279063,0.5465679320797134
3,2,0.9255883130983973,0.5465679320797134
3,2,0.9255883130983973,0.5465679320797134
3,2,0.8747744052279063,0.5465679320797134
3,2,0.8747744052279063,0.5266653706521849
3,2,0.8747744052279063,0.5465679320797134
3,2,0.8239604973574148,0.5266653706521849
3,2,0.8747744052279063,0.5266653706521849
3,2,0.8747744052279063,0.5266653706521849
3,2,0.8239604973574148,0.5266653706521849
3,2,0.8239604973574148,0.5067628092246568
4,2,0.23047176032134598,0.6858858620724124
4,2,0.17965785245085453,0.6858858620724124
4,2,0.17965785245085453,0.6659833006448843
4,2,0.17965785245085453,0.6858858620724124
4,2,0.12884394458036308,0.6659833006448843
4,2,0.17965785245085453,0.6659833006448843
4,2,0.17965785245085453,0.6659833006448843
4,2,0.12884394458036308,0.6659833006448843
4,2,0.12884394458036308,0.6460807392173558
4,2,0.12884394458036308,0.6659833006448843
4,2,0.07803003670987163,0.6460807392173558
4,2,0.12884394458036308,0.6460807392173558
4,2,0.12884394458036308,0.6460807392173558
4,2,0.07803003670987163,0.6460807392173558
4,2,0.07803003670987163,0.6261781777898272
4,2,0.07803003670987163,0.6460807392173558
4,2,0.027216128839380183,0.6261781777898272
4,2,0.07803003670987163,0.6261781777898272
4,2,0.07803003670987163,0.6261781777898272
4,2,0.027216128839380183,0.6261781777898272
4,2,0.027216128839380183,0.6062756163622987
4,2,0.027216128839380183,0.6261781777898272
3,2,0.9764022209688887,0.6062756163622987
4,2,0.027216128839380183,0.6062756163622987
4,2,0.027216128839380183,0.6062756163622987
3,2,0.9764022209688887,0.6062756163622987
3,2,0.9764022209688887,0.5863730549347705
3,2,0.9764022209688887,0.6062756163622987
3,2,0.9255883130983973,0.5863730549347705
3,2,0.9764022209688887,0.5863730549347705
3,2,0.9764022209688887,0.5863730549347705
3,2,0.9255883130983973,0.5863730549347705
3,2,0.9255883130983973,0.566470493507242
3,2,0.9255883130983973,0.5863730549347705
3,2,0.8747744052279058,0.566470493507242
3,2,0.9255883130983973,0.566470493507242
3,2,0.9255883130983973,0.566470493507242
3,2,0.8747744052279058,0.566470493507242
3,2,0.8747744052279063,0.5465679320797134
3,2,0.8747744052279058,0.566470493507242
3,2,0.8239604973574148,0.5465679320797134
3,2,0.8747744052279063,0.5465679320797134
3,2,0.8747744052279063,0.5465679320797134
3,2,0.8239604973574148,0.5465679320797134
3,2,0.8239604973574148,0.5266653706521849
4,2,0.17965785245085453,0.6858858620724124
4,2,0.12884394458036308,0.6858858620724124
4,2,0.12884394458036308,0.6659833006448843
4,2,0.12884394458036308,0.6858858620724124
4,2,0.07803003670987163,0.6659833006448843
4,2,0.12884394458036308,0.6659833006448843
4,2,0.12884394458036308,0.6659833006448843
4,2,0.07803003670987163,0.6659833006448843
4,2,0.07803003670987163,0.6460807392173558
4,2,0.07803003670987163,0.6659833006448843
4,2,0.027216128839380183,0.6460807392173558
4,2,0.07803003670987163,0.6460807392173558
4,2,0.07803003670987163,0.6460807392173558
4,2,0.027216128839380183,0.6460807392173558
4,2,0.027216128839380183,0.6261781777898272
4,2,0.027216128839380183,0.6460807392173558
3,2,0.9764022209688887,0.6261781777898272
4,2,0.027216128839380183,0.6261781777898272
4,2,0.027216128839380183,0.6261781777898272
3,2,0.9764022209688887,0.6261781777898272
3,2,0.9764022209688887,0.6062756163622987
3,2,0.9764022209688887,0.6261781777898272
3,2,0.9255883130983973,0.6062756163622987
3,2,0.9764022209688887,0.6062756163622987
3,2,0.9764022209688887,0.6062756163622987
3,2,0.9255883130983973,0.6062756163622987
3,2,0.9255883130983973,0.5863730549347705
3,2,0.9255883130983973,0.6062756163622987
3,2,0.8747744052279058,0.5863730549347705
3,2,0.9255883130983973,0.5863730549347705
3,2,0.9255883130983973,0.5863730549347705
3,2,0.8747744052279058,0.5863730549347705
3,2,0.8747744052279058,0.566470493507242
3,2,0.8747744052279058,0.5863730549347705
3,2,0.8239604973574148,0.566470493507242
3,2,0.8747744052279058,0.566470493507242
3,2,0.8747744052279058,0.566470493507242
3,2,0.8239604973574148,0.566470493507242
3,2,0.8239604973574148,0.5465679320797134
4,2,0.12884394458036308,0.6858858620724124
4,2,0.07803003670987163,0.6858858620724124
4,2,0.07803003670987163,0.6659833006448843
4,2,0.07803003670987163,0.6858858620724124
4,2,0.027216128839380183,0.6659833006448843
4,2,0.07803003670987163,0.6659833006448843
4,2,0.07803003670987163,0.6659833006448843
4,2,0.027216128839380183,0.6659833006448843
4,2,0.027216128839380183,0.6460807392173558
4,2,0.027216128839380183,0.6659833006448843
3,2,0.9764022209688887,0.6460807392173558
4,2,0.027216128839380183,0.6460807392173558
4,2,0.027216128839380183,0.6460807392173558
3,2,0.9764022209688887,0.6460807392173558
3,2,0.9764022209688887,0.6261781777898272
3,2,0.9764022209688887,0.6460807392173558
3,2,0.9255883130983973,0.6261781777898272
3,2,0.9764022209688887,0.6261781777898272
3,2,0.9764022209688887,0.6261781777898272
3,2,0.9255883130983973,0.6261781777898272
3,2,0.9255883130983973,0.6062756163622987
3,2,0.9255883130983973,0.6261781777898272
3,2,0.8747744052279063,0.6062756163622987
3,2,0.9255883130983973,0.6062756163622987
3,2,0.9255883130983973,0.6062756163622987
3,2,0.8747744052279063,0.6062756163622987
3,2,0.8747744052279058,0.5863730549347705
3,2,0.8747744052279063,0.6062756163622987
3,2,0.8239604973574148,0.5863730549347705
3,2,0.8747744052279058,0.5863730549347705
3,2,0.8747744052279058,0.5863730549347705
3,2,0.8239604973574148,0.5863730549347705
3,2,0.8239604973574148,0.566470493507242
4,2,0.07803003670987163,0.6858858620724124
4,2,0.027216128839380183,0.6858858620724124
4,2,0.027216128839380183,0.6659833006448843
4,2,0.027216128839380183,0.6858858620724124
3,2,0.9764022209688887,0.6659833006448843
4,2,0.027216128839380183,0.6659833006448843
4,2,0.027216128839380183,0.6659833006448843
3,2,0.9764022209688887,0.6659833006448843
3,2,0.9764022209688887,0.6460807392173558
3,2,0.9764022209688887,0.6659833006448843
3,2,0.9255883130983973,0.6460807392173558
3,2,0.9764022209688887,0.6460807392173558
3,2,0.9764022209688887,0.6460807392173558
3,2,0.9255883130983973,0.6460807392173558
3,2,0.9255883130983973,0.6261781777898272
3,2,0.9255883130983973,0.6460807392173558
3,2,0.8747744052279058,0.6261781777898272
3,2,0.9255883130983973,0.6261781777898272
3,2,0.9255883130983973,0.6261781777898272
3,2,0.8747744052279058,0.6261781777898272
3,2,0.8747744052279063,0.6062756163622987
3,2,0.8747744052279058,0.6261781777898272
3,2,0.8239604973574148,0.6062756163622987
3,2,0.8747744052279063,0.6062756163622987
3,2,0.8747744052279063,0.6062756163622987
3,2,0.8239604973574148,0.6062756163622987
3,2,0.8239604973574148,0.5863730549347705
4,2,0.027216128839380183,0.6858858620724124
3,2,0.9764022209688887,0.6858858620724124
3,2,0.9764022209688887,0.6659833006448843
3,2,0.9764022209688887,0.6858858620724124
3,2,0.9255883130983973,0.6659833006448843
3,2,0.9764022209688887,0.6659833006448843
3,2,0.9764022209688887,0.6659833006448843
3,2,0.9255883130983973,0.6659833006448843
3,2,0.9255883130983973,0.6460807392173558
3,2,0.9255883130983973,0.6659833006448843
3,2,0.8747744052279063,0.6460807392173558
3,2,0.9255883130983973,0.6460807392173558
3,2,0.9255883130983973,0.6460807392173558
3,2,0.8747744052279063,0.6460807392173558
3,2,0.8747744052279058,0.6261781777898272
3,2,0.8747744052279063,0.6460807392173558
3,2,0.8239604973574148,0.6261781777898272
3,2,0.8747744052279058,0.6261781777898272
3,2,0.8747744052279058,0.6261781777898272
3,2,0.8239604973574148,0.6261781777898272
3,2,0.8239604973574148,0.6062756163622987
3,2,0.9764022209688887,0.6858858620724124
3,2,0.9255883130983973,0.6858858620724124
3,2,0.9255883130983973,0.6659833006448843
3,2,0.9255883130983973,0.6858858620724124
3,2,0.8747744052279063,0.6659833006448843
3,2,0.9255883130983973,0.6659833006448843
3,2,0.9255883130983973,0.6659833006448843
3,2,0.8747744052279063,0.6659833006448843
3,2,0.8747744052279063,0.6460807392173558
3,2,0.8747744052279063,0.6659833006448843
3,2,0.8239604973574148,0.6460807392173558
3,2,0.8747744052279063,0.6460807392173558
3,2,0.8747744052279063,0.6460807392173558
3,2,0.8239604973574148,0.6460807392173558
3,2,0.8239604973574148,0.6261781777898272
3,2,0.9255883130983973,0.6858858620724124
3,2,0.8747744052279063,0.6858858620724124
3,2,0.8747744052279063,0.6659833006448843
3,2,0.8747744052279063,0.6858858620724124
3,2,0.8239604973574148,0.6659833006448843
3,2,0.8747744052279063,0.6659833006448843
3,2,0.8747744052279063,0.6659833006448843
3,2,0.8239604973574148,0.6659833006448843
3,2,0.8239604973574148,0.6460807392173558
3,2,0.8747744052279063,0.6858858620724124
3,2,0.8239604973574148,0.6858858620724124
3,2,0.8239604973574148,0.6659833006448843
3,2,0.8239604973574148,0.5067628092246568
3,2,0.8747744052279058,0.5067628092246568
3,2,0.8747744052279058,0.5266653706521849
3,2,0.8747744052279058,0.5067628092246568
3,2,0.9255883130983973,0.5266653706521849
3,2,0.8747744052279058,0.5266653706521849
3,2,0.8747744052279058,0.5266653706521849
3,2,0.9255883130983973,0.5266653706521849
3,2,0.9255883130983973,0.5465679320797134
3,2,0.9255883130983973,0.5266653706521849
3,2,0.9764022209688887,0.5465679320797134
3,2,0.9255883130983973,0.5465679320797134
3,2,0.9255883130983973,0.5465679320797134
3,2,0.9764022209688887,0.5465679320797134
3,2,0.9764022209688887,0.566470493507242
3,2,0.9764022209688887,0.5465679320797134
4,2,0.027216128839380183,0.566470493507242
3,2,0.9764022209688887,0.566470493507242
3,2,0.9764022209688887,0.566470493507242
4,2,0.027216128839380183,0.566470493507242
4,2,0.027216128839380183,0.5863730549347705
4,2,0.027216128839380183,0.566470493507242
4,2,0.07803003670987163,0.5863730549347705
4,2,0.027216128839380183,0.5863730549347705
4,2,0.027216128839380183,0.5863730549347705
4,2,0.07803003670987163,0.5863730549347705
4,2,0.07803003670987163,0.6062756163622987
4,2,0.07803003670987163,0.5863730549347705
4,2,0.12884394458036308,0.6062756163622987
4,2,0.07803003670987163,0.6062756163622987
4,2,0.07803003670987163,0.6062756163622987
4,2,0.12884394458036308,0.6062756163622987
4,2,0.12884394458036308,0.6261781777898272
4,2,0.12884394458036308,0.6062756163622987
4,2,0.17965785245085453,0.6261781777898272
4,2,0.12884394458036308,0.6261781777898272
4,2,0.12884394458036308,0.6261781777898272
4,2,0.17965785245085453,0.6261781777898272
4,2,0.17965785245085453,0.6460807392173558
4,2,0.17965785245085453,0.6261781777898272
4,2,0.23047176032134598,0.6460807392173558
4,2,0.17965785245085453,0.6460807392173558
4,2,0.17965785245085453,0.6460807392173558
4,2,0.23047176032134598,0.6460807392173558
4,2,0.23047176032134598,0.6659833006448843
4,2,0.23047176032134598,0.6460807392173558
4,2,0.28128566819183654,0.6659833006448843
4,2,0.23047176032134598,0.6659833006448843
4,2,0.23047176032134598,0.6659833006448843
4,2,0.28128566819183654,0.6659833006448843
4,2,0.28128566819183654,0.6858858620724124
3,2,0.8747744052279058,0.5067628092246568
3,2,0.9255883130983973,0.5067628092246568
3,2,0.9255883130983973,0.5266653706521849
3,2,0.9255883130983973,0.5067628092246568
3,2,0.9764022209688887,0.5266653706521849
3,2,0.9255883130983973,0.5266653706521849
3,2,0.9255883130983973,0.5266653706521849
3,2,0.9764022209688887,0.5266653706521849
3,2,0.9764022209688887,0.5465679320797134
3,2,0.9764022209688887,0.5266653706521849
4,2,0.027216128839380183,0.5465679320797134
3,2,0.9764022209688887,0.5465679320797134
3,2,0.9764022209688887,0.5465679320797134
4,2,0.027216128839380183,0.5465679320797134
4,2,0.027216128839380183,0.566470493507242
4,2,0.027216128839380183,0.5465679320797134
4,2,0.07803003670987163,0.566470493507242
4,2,0.027216128839380183,0.566470493507242
4,2,0.027216128839380183,0.566470493507242
4,2,0.07803003670987163,0.566470493507242
4,2,0.07803003670987163,0.5863730549347705
4,2,0.07803003670987163,0.566470493507242
4,2,0.12884394458036308,0.5863730549347705
4,2,0.07803003670987163,0.5863730549347705
4,2,0.07803003670987163,0.5863730549347705
4,2,0.12884394458036308,0.5863730549347705
4,2,0.12884394458036308,0.6062756163622987
4,2,0.12884394458036308,0.5863730549347705
4,2,0.17965785245085453,0.6062756163622987
4,2,0.12884394458036308,0.6062756163622987
4,2,0.12884394458036308,0.6062756163622987
4,2,0.17965785245085453,0.6062756163622987
4,2,0.17965785245085453,0.6261781777898272
4,2,0.17965785245085453,0.6062756163622987
4,2,0.23047176032134598,0.6261781777898272
4,2,0.17965785245085453,0.6261781777898272
4,2,0.17965785245085453,0.6261781777898272
4,2,0.23047176032134598,0.6261781777898272
4,2,0.23047176032134598,0.6460807392173558
4,2,0.23047176032134598,0.6261781777898272
4,2,0.28128566819183654,0.6460807392173558
4,2,0.23047176032134598,0.6460807392173558
4,2,0.23047176032134598,0.6460807392173558
4,2,0.28128566819183654,0.6460807392173558
4,2,0.28128566819183654,0.6659833006448843
3,2,0.9255883130983973,0.5067628092246568
3,2,0.9764022209688887,0.5067628092246568
3,2,0.9764022209688887,0.5266653706521849
3,2,0.9764022209688887,0.5067628092246568
4,2,0.027216128839380183,0.5266653706521849
3,2,0.9764022209688887,0.5266653706521849
3,2,0.9764022209688887,0.5266653706521849
4,2,0.027216128839380183,0.5266653706521849
4,2,0.027216128839380183,0.5465679320797134
4,2,0.027216128839380183,0.5266653706521849
4,2,0.07803003670987163,0.5465679320797134
4,2,0.027216128839380183,0.5465679320797134
4,2,0.027216128839380183,0.5465679320797134
4,2,0.07803003670987163,0.5465679320797134
4,2,0.07803003670987163,0.566470493507242
4,2,0.07803003670987163,0.5465679320797134
4,2,0.12884394458036308,0.566470493507242
4,2,0.07803003670987163,0.566470493507242
4,2,0.07803003670987163,0.566470493507242
4,2,0.12884394458036308,0.566470493507242
4,2,0.12884394458036308,0.5863730549347705
4,2,0.12884394458036308,0.566470493507242
4,2,0.17965785245085453,0.5863730549347705
4,2,0.12884394458036308,0.5863730549347705
4,2,0.12884394458036308,0.5863730549347705
4,2,0.17965785245085453,0.5863730549347705
4,2,0.17965785245085453,0.6062756163622987
4,2,0.17965785245085453,0.5863730549347705
4,2,0.23047176032134598,0.6062756163622987
4,2,0.17965785245085453,0.6062756163622987
4,2,0.17965785245085453,0.6062756163622987
4,2,0.23047176032134598,0.6062756163622987
4,2,0.23047176032134598,0.6261781777898272
4,2,0.23047176032134598,0.6062756163622987
4,2,0.28128566819183654,0.6261781777898272
4,2,0.23047176032134598,0.6261781777898272
4,2,0.23047176032134598,0.6261781777898272
4,2,0.28128566819183654,0.6261781777898272
4,2,0.28128566819183654,0.6460807392173558
3,2,0.9764022209688887,0.5067628092246568
4,2,0.027216128839380183,0.5067628092246568
4,2,0.027216128839380183,0.5266653706521849
4,2,0.027216128839380183,0.5067628092246568
4,2,0.07803003670987163,0.5266653706521849
4,2,0.027216128839380183,0.5266653706521849
4,2,0.027216128839380183,0.5266653706521849
4,2,0.07803003670987163,0.5266653706521849
4,2,0.07803003670987163,0.5465679320797134
4,2,0.07803003670987163,0.5266653706521849
4,2,0.12884394458036308,0.5465679320797134
4,2,0.07803003670987163,0.5465679320797134
4,2,0.07803003670987163,0.5465679320797134
4,2,0.12884394458036308,0.5465679320797134
4,2,0.12884394458036308,0.566470493507242
4,2,0.12884394458036308,0.5465679320797134
4,2,0.17965785245085453,0.566470493507242
4,2,0.12884394458036308,0.566470493507242
4,2,0.12884394458036308,0.566470493507242
4,2,0.17965785245085453,0.566470493507242
4,2,0.17965785245085453,0.5863730549347705
4,2,0.17965785245085453,0.566470493507242
4,2,0.23047176032134598,0.5863730549347705
4,2,0.17965785245085453,0.5863730549347705
4,2,0.17965785245085453,0.5863730549347705
4,2,0.23047176032134598,0.5863730549347705
4,2,0.23047176032134598,0.6062756163622987
4,2,0.23047176032134598,0.5863730549347705
4,2,0.28128566819183654,0.6062756163622987
4,2,0.23047176032134598,0.6062756163622987
4,2,0.23047176032134598,0.6062756163622987
4,2,0.28128566819183654,0.6062756163622987
4,2,0.28128566819183654,0.6261781777898272
4,2,0.027216128839380183,0.5067628092246568
4,2,0.07803003670987163,0.5067628092246568
4,2,0.07803003670987163,0.5266653706521849
4,2,0.07803003670987163,0.5067628092246568
4,2,0.12884394458036308,0.5266653706521849
4,2,0.07803003670987163,0.5266653706521849
4,2,0.07803003670987163,0.5266653706521849
4,2,0.12884394458036308,0.5266653706521849
4,2,0.12884394458036308,0.5465679320797134
4,2,0.12884394458036308,0.5266653706521849
4,2,0.17965785245085453,0.5465679320797134
4,2,0.12884394458036308,0.5465679320797134
4,2,0.12884394458036308,0.5465679320797134
4,2,0.17965785245085453,0.5465679320797134
4,2,0.17965785245085453,0.566470493507242
4,2,0.17965785245085453,0.5465679320797134
4,2,0.23047176032134598,0.566470493507242
4,2,0.17965785245085453,0.566470493507242
4,2,0.17965785245085453,0.566470493507242
4,2,0.23047176032134598,0.566470493507242
4,2,0.23047176032134598,0.5863730549347705
4,2,0.23047176032134598,0.566470493507242
4,2,0.28128566819183654,0.5863730549347705
4,2,0.23047176032134598,0.5863730549347705
4,2,0.23047176032134598,0.5863730549347705
4,2,0.28128566819183654,0.5863730549347705
4,2,0.28128566819183654,0.6062756163622987
4,2,0.07803003670987163,0.5067628092246568
4,2,0.12884394458036308,0.5067628092246568
4,2,0.12884394458036308,0.5266653706521849
4,2,0.12884394458036308,0.5067628092246568
4,2,0.17965785245085453,0.5266653706521849
4,2,0.12884394458036308,0.5266653706521849
4,2,0.12884394458036308,0.5266653706521849
4,2,0.17965785245085453,0.5266653706521849
4,2,0.17965785245085453,0.5465679320797134
4,2,0.17965785245085453,0.5266653706521849
4,2,0.23047176032134598,0.5465679320797134
4,2,0.17965785245085453,0.5465679320797134
4,2,0.17965785245085453,0.5465679320797134
4,2,0.23047176032134598,0.5465679320797134
4,2,0.23047176032134598,0.566470493507242
4,2,0.23047176032134598,0.5465679320797134
4,2,0.28128566819183654,0.566470493507242
4,2,0.23047176032134598,0.566470493507242
4,2,0.23047176032134598,0.566470493507242
4,2,0.28128566819183654,0.566470493507242
4,2,0.28128566819183654,0.5863730549347705
4,2,0.12884394458036308,0.5067628092246568
4,2,0.17965785245085453,0.5067628092246568
4,2,0.17965785245085453,0.5266653706521849
4,2,0.17965785245085453,0.5067628092246568
4,2,0.23047176032134598,0.5266653706521849
4,2,0.17965785245085453,0.5266653706521849
4,2,0.17965785245085453,0.5266653706521849
4,2,0.23047176032134598,0.5266653706521849
4,2,0.23047176032134598,0.5465679320797134
4,2,0.23047176032134598,0.5266653706521849
4,2,0.28128566819183654,0.5465679320797134
4,2,0.23047176032134598,0.5465679320797134
4,2,0.23047176032134598,0.5465679320797134
4,2,0.28128566819183654,0.5465679320797134
4,2,0.28128566819183654,0.566470493507242
4,2,0.17965785245085453,0.5067628092246568
4,2,0.23047176032134598,0.5067628092246568
4,2,0.23047176032134598,0.5266653706521849
4,2,0.23047176032134598,0.5067628092246568
4,2,0.28128566819183654,0.5266653706521849
4,2,0.23047176032134598,0.5266653706521849
4,2,0.23047176032134598,0.5266653706521849
4,2,0.28128566819183654,0.5266653706521849
4,2,0.28128566819183654,0.5465679320797134
4,2,0.23047176032134598,0.5067628092246568
4,2,0.28128566819183654,0.5067628092246568
4,2,0.28128566819183654,0.5266653706521849
4,2,0.031301565379816765,0.9257575799997104
3,2,0.994049324003011,0.9257575799997104
3,2,0.994049324003011,0.8940522791552592
3,2,0.994049324003011,0.9257575799997104
3,2,0.9567970826262053,0.8940522791552592
3,2,0.994049324003011,0.8940522791552592
3,2,0.994049324003011,0.8940522791552592
3,2,0.9567970826262053,0.8940522791552592
3,2,0.9567970826262053,0.862346978310808
3,2,0.9567970826262053,0.8940522791552592
3,2,0.9195448412493992,0.862346978310808
3,2,0.9567970826262053,0.862346978310808
3,2,0.9567970826262053,0.862346978310808
3,2,0.9195448412493992,0.862346978310808
3,2,0.9195448412493992,0.8306416774663568
3,2,0.9195448412493992,0.862346978310808
3,2,0.882292599872593,0.8306416774663568
3,2,0.9195448412493992,0.8306416774663568
3,2,0.9195448412493992,0.8306416774663568
3,2,0.882292599872593,0.8306416774663568
3,2,0.882292599872593,0.7989363766219055
3,2,0.882292599872593,0.8306416774663568
3,2,0.8450403584957868,0.7989363766219055
3,2,0.882292599872593,0.7989363766219055
3,2,0.882292599872593,0.7989363766219055
3,2,0.8450403584957868,0.7989363766219055
3,2,0.8450403584957868,0.7672310757774543
3,2,0.994049324003011,0.9257575799997104
3,2,0.9567970826262053,0.9257575799997104
3,2,0.9567970826262053,0.8940522791552592
3,2,0.9567970826262053,0.9257575799997104
3,2,0.9195448412493992,0.8940522791552592
3,2,0.9567970826262053,0.8940522791552592
3,2,0.9567970826262053,0.8940522791552592
3,2,0.9195448412493992,0.8940522791552592
3,2,0.9195448412493992,0.862346978310808
3,2,0.9195448412493992,0.8940522791552592
3,2,0.882292599872593,0.862346978310808
3,2,0.9195448412493992,0.862346978310808
3,2,0.9195448412493992,0.862346978310808
3,2,0.882292599872593,0.862346978310808
3,2,0.882292599872593,0.8306416774663568
3,2,0.882292599872593,0.862346978310808
3,2,0.8450403584957868,0.8306416774663568
3,2,0.882292599872593,0.8306416774663568
3,2,0.882292599872593,0.8306416774663568
3,2,0.8450403584957868,0.8306416774663568
3,2,0.8450403584957868,0.7989363766219055
3,2,0.9567970826262053,0.9257575799997104
3,2,0.9195448412493992,0.9257575799997104
3,2,0.9195448412493992,0.8940522791552592
3,2,0.9195448412493992,0.9257575799997104
3,2,0.882292599872593,0.8940522791552592
3,2,0.9195448412493992,0.8940522791552592
3,2,0.9195448412493992,0.8940522791552592
3,2,0.882292599872593,0.8940522791552592
3,2,0.882292599872593,0.862346978310808
3,2,0.882292599872593,0.8940522791552592
3,2,0.8450403584957868,0.862346978310808
3,2,0.882292599872593,0.862346978310808
3,2,0.882292599872593,0.862346978310808
3,2,0.8450403584957868,0.862346978310808
3,2,0.8450403584957868,0.8306416774663568
3,2,0.9195448412493992,0.9257575799997104
3,2,0.882292599872593,0.9257575799997104
3,2,0.882292599872593,0.8940522791552592
3,2,0.882292599872593,0.9257575799997104
3,2,0.8450403584957868,0.8940522791552592
3,2,0.882292599872593,0.8940522791552592
3,2,0.882292599872593,0.8940522791552592
3,2,0.8450403584957868,0.8940522791552592
3,2,0.8450403584957868,0.862346978310808
3,2,0.882292599872593,0.9257575799997104
3,2,0.8450403584957868,0.9257575799997104
3,2,0.8450403584957868,0.8940522791552592
3,2,0.8450403584957868,0.7672310757774543
3,2,0.882292599872593,0.7672310757774543
3,2,0.882292599872593,0.7989363766219055
3,2,0.882292599872593,0.7672310757774543
3,2,0.9195448412493992,0.7989363766219055
3,2,0.882292599872593,0.7989363766219055
3,2,0.882292599872593,0.7989363766219055
3,2,0.9195448412493992,0.7989363766219055
3,2,0.9195448412493992,0.8306416774663568
3,2,0.9195448412493992,0.7989363766219055
3,2,0.9567970826262053,0.8306416774663568
3,2,0.9195448412493992,0.8306416774663568
3,2,0.9195448412493992,0.8306416774663568
3,2,0.9567970826262053,0.8306416774663568
3,2,0.9567970826262053,0.862346978310808
3,2,0.9567970826262053,0.8306416774663568
3,2,0.994049324003011,0.862346978310808
3,2,0.9567970826262053,0.862346978310808
3,2,0.9567970826262053,0.862346978310808
3,2,0.994049324003011,0.862346978310808
3,2,0.994049324003011,0.8940522791552592
3,2,0.994049324003011,0.862346978310808
4,2,0.031301565379816765,0.8940522791552592
3,2,0.994049324003011,0.8940522791552592
3,2,0.994049324003011,0.8940522791552592
4,2,0.031301565379816765,0.8940522791552592
4,2,0.031301565379816765,0.9257575799997104
3,2,0.882292599872593,0.7672310757774543
3,2,0.9195448412493992,0.7672310757774543
3,2,0.9195448412493992,0.7989363766219055
3,2,0.9195448412493992,0.7672310757774543
3,2,0.9567970826262053,0.7989363766219055
3,2,0.9195448412493992,0.7989363766219055
3,2,0.9195448412493992,0.7989363766219055
3,2,0.9567970826262053,0.7989363766219055
3,2,0.9567970826262053,0.8306416774663568
3,2,0.9567970826262053,0.7989363766219055
3,2,0.994049324003011,0.8306416774663568
3,2,0.9567970826262053,0.8306416774663568
3,2,0.9567970826262053,0.8306416774663568
3,2,0.994049324003011,0.8306416774663568
3,2,0.994049324003011,0.862346978310808
3,2,0.994049324003011,0.8306416774663568
4,2,0.031301565379816765,0.862346978310808
3,2,0.994049324003011,0.862346978310808
3,2,0.994049324003011,0.862346978310808
4,2,0.031301565379816765,0.862346978310808
4,2,0.031301565379816765,0.8940522791552592
3,2,0.9195448412493992,0.7672310757774543
3,2,0.9567970826262053,0.7672310757774543
3,2,0.9567970826262053,0.7989363766219055
3,2,0.9567970826262053,0.7672310757774543
3,2,0.994049324003011,0.7989363766219055
3,2,0.9567970826262053,0.7989363766219055
3,2,0.9567970826262053,0.7989363766219055
3,2,0.994049324003011,0.7989363766219055
3,2,0.994049324003011,0.8306416774663568
3,2,0.994049324003011,0.7989363766219055
4,2,0.031301565379816765,0.8306416774663568
3,2,0.994049324003011,0.8306416774663568
3,2,0.994049324003011,0.8306416774663568
4,2,0.031301565379816765,0.8306416774663568
4,2,0.031301565379816765,0.862346978310808
3,2,0.9567970826262053,0.7672310757774543
3,2,0.994049324003011,0.7672310757774543
3,2,0.994049324003011,0.7989363766219055
3,2,0.994049324003011,0.7672310757774543
4,2,0.031301565379816765,0.7989363766219055
3,2,0.994049324003011,0.7989363766219055
3,2,0.994049324003011,0.7989363766219055
4,2,0.031301565379816765,0.7989363766219055
4,2,0.031301565379816765,0.8306416774663568
3,2,0.994049324003011,0.7672310757774543
4,2,0.031301565379816765,0.7672310757774543
4,2,0.031301565379816765,0.7989363766219055
4,2,0.031301565379816765,0.7672310757774543
3,2,0.994049324003011,0.7672310757774543
3,2,0.994049324003011,0.7355555172414872
3,2,0.994049324003011,0.7672310757774543
3,2,0.9567970826262053,0.7355555172414872
3,2,0.994049324003011,0.7355555172414872
3,2,0.994049324003011,0.7355555172414872
3,2,0.9567970826262053,0.7355555172414872
3,2,0.9567970826262053,0.7038799587055204
3,2,0.9567970826262053,0.7355555172414872
3,2,0.9195448412493992,0.7038799587055204
3,2,0.9567970826262053,0.7038799587055204
3,2,0.9567970826262053,0.7038799587055204
3,2,0.9195448412493992,0.7038799587055204
3,2,0.9195448412493992,0.6722044001695537
3,2,0.9195448412493992,0.7038799587055204
3,2,0.882292599872593,0.6722044001695537
3,2,0.9195448412493992,0.6722044001695537
3,2,0.9195448412493992,0.6722044001695537
3,2,0.882292599872593,0.6722044001695537
3,2,0.882292599872593,0.640528841633587
3,2,0.882292599872593,0.6722044001695537
3,2,0.8450403584957868,0.640528841633587
3,2,0.882292599872593,0.640528841633587
3,2,0.882292599872593,0.640528841633587
3,2,0.8450403584957868,0.640528841633587
3,2,0.8450403584957868,0.6088532830976199
3,2,0.994049324003011,0.7672310757774543
3,2,0.9567970826262053,0.7672310757774543
3,2,0.9567970826262053,0.7355555172414872
3,2,0.9567970826262053,0.7672310757774543
3,2,0.9195448412493992,0.7355555172414872
3,2,0.9567970826262053,0.7355555172414872
3,2,0.9567970826262053,0.7355555172414872
3,2,0.9195448412493992,0.7355555172414872
3,2,0.9195448412493992,0.7038799587055204
3,2,0.9195448412493992,0.7355555172414872
3,2,0.882292599872593,0.7038799587055204
3,2,0.9195448412493992,0.7038799587055204
3,2,0.9195448412493992,0.7038799587055204
3,2,0.882292599872593,0.7038799587055204
3,2,0.882292599872593,0.6722044001695537
3,2,0.882292599872593,0.7038799587055204
3,2,0.8450403584957868,0.6722044001695537
3,2,0.882292599872593,0.6722044001695537
3,2,0.882292599872593,0.6722044001695537
3,2,0.8450403584957868,0.6722044001695537
3,2,0.8450403584957868,0.640528841633587
3,2,0.9567970826262053,0.7672310757774543
3,2,0.9195448412493992,0.7672310757774543
3,2,0.9195448412493992,0.7355555172414872
3,2,0.9195448412493992,0.7672310757774543
3,2,0.882292599872593,0.7355555172414872
3,2,0.9195448412493992,0.7355555172414872
3,2,0.9195448412493992,0.7355555172414872
3,2,0.882292599872593,0.7355555172414872
3,2,0.882292599872593,0.7038799587055204
3,2,0.882292599872593,0.7355555172414872
3,2,0.8450403584957868,0.7038799587055204
3,2,0.882292599872593,0.7038799587055204
3,2,0.882292599872593,0.7038799587055204
3,2,0.8450403584957868,0.7038799587055204
3,2,0.8450403584957868,0.6722044001695537
3,2,0.9195448412493992,0.7672310757774543
3,2,0.882292599872593,0.7672310757774543
3,2,0.882292599872593,0.7355555172414872
3,2,0.882292599872593,0.7672310757774543
3,2,0.8450403584957868,0.7355555172414872
3,2,0.882292599872593,0.7355555172414872
3,2,0.882292599872593,0.7355555172414872
3,2,0.8450403584957868,0.7355555172414872
3,2,0.8450403584957868,0.7038799587055204
3,2,0.882292599872593,0.7672310757774543
3,2,0.8450403584957868,0.7672310757774543
3,2,0.8450403584957868,0.7355555172414872
3,2,0.8450403584957868,0.6088532830976199
3,2,0.882292599872593,0.6088532830976199
3,2,0.882292599872593,0.640528841633587
3,2,0.882292599872593,0.6088532830976199
3,2,0.9195448412493992,0.640528841633587
3,2,0.882292599872593,0.640528841633587
3,2,0.882292599872593,0.640528841633587
3,2,0.9195448412493992,0.640528841633587
3,2,0.9195448412493992,0.6722044001695537
3,2,0.9195448412493992,0.640528841633587
3,2,0.9567970826262053,0.6722044001695537
3,2,0.9195448412493992,0.6722044001695537
3,2,0.9195448412493992,0.6722044001695537
3,2,0.9567970826262053,0.6722044001695537
3,2,0.9567970826262053,0.7038799587055204
3,2,0.9567970826262053,0.6722044001695537
3,2,0.994049324003011,0.7038799587055204
3,2,0.9567970826262053,0.7038799587055204
3,2,0.9567970826262053,0.7038799587055204
3,2,0.994049324003011,0.7038799587055204
3,2,0.994049324003011,0.7355555172414872
3,2,0.994049324003011,0.7038799587055204
4,2,0.031301565379816765,0.7355555172414872
3,2,0.994049324003011,0.7355555172414872
3,2,0.994049324003011,0.7355555172414872
4,2,0.031301565379816765,0.7355555172414872
4,2,0.031301565379816765,0.7672310757774543
3,2,0.882292599872593,0.6088532830976199
3,2,0.9195448412493992,0.6088532830976199
3,2,0.9195448412493992,0.640528841633587
3,2,0.9195448412493992,0.6088532830976199
3,2,0.9567970826262053,0.640528841633587
3,2,0.9195448412493992,0.640528841633587
3,2,0.9195448412493992,0.640528841633587
3,2,0.9567970826262053,0.640528841633587
3,2,0.9567970826262053,0.6722044001695537
3,2,0.9567970826262053,0.640528841633587
3,2,0.994049324003011,0.6722044001695537
3,2,0.9567970826262053,0.6722044001695537
3,2,0.9567970826262053,0.6722044001695537
3,2,0.994049324003011,0.6722044001695537
3,2,0.994049324003011,0.7038799587055204
3,2,0.994049324003011,0.6722044001695537
4,2,0.031301565379816765,0.7038799587055204
3,2,0.994049324003011,0.7038799587055204
3,2,0.994049324003011,0.7038799587055204
4,2,0.031301565379816765,0.7038799587055204
4,2,0.031301565379816765,0.7355555172414872
3,2,0.9195448412493992,0.6088532830976199
3,2,0.9567970826262053,0.6088532830976199
3,2,0.9567970826262053,0.640528841633587
3,2,0.9567970826262053,0.6088532830976199
3,2,0.994049324003011,0.640528841633587
3,2,0.9567970826262053,0.640528841633587
3,2,0.9567970826262053,0.640528841633587
3,2,0.994049324003011,0.640528841633587
3,2,0.994049324003011,0.6722044001695537
3,2,0.994049324003011,0.640528841633587
4,2,0.031301565379816765,0.6722044001695537
3,2,0.994049324003011,0.6722044001695537
3,2,0.994049324003011,0.6722044001695537
4,2,0.031301565379816765,0.6722044001695537
4,2,0.031301565379816765,0.7038799587055204
3,2,0.9567970826262053,0.6088532830976199
3,2,0.994049324003011,0.6088532830976199
3,2,0.994049324003011,0.640528841633587
3,2,0.994049324003011,0.6088532830976199
4,2,0.031301565379816765,0.640528841633587
3,2,0.994049324003011,0.640528841633587
3,2,0.994049324003011,0.640528841633587
4,2,0.031301565379816765,0.640528841633587
4,2,0.031301565379816765,0.6722044001695537
3,2,0.994049324003011,0.6088532830976199
4,2,0.031301565379816765,0.6088532830976199
4,2,0.031301565379816765,0.640528841633587
4,2,0.031301565379816765,0.9257575799997104
4,2,0.031301565379816765,0.8940522791552592
4,2,0.06856867791086518,0.8940522791552592
4,2,0.031301565379816765,0.8940522791552592
4,2,0.06856867791086518,0.862346978310808
4,2,0.06856867791086518,0.8940522791552592
4,2,0.06856867791086518,0.8940522791552592
4,2,0.06856867791086518,0.862346978310808
4,2,0.1058357904419136,0.862346978310808
4,2,0.06856867791086518,0.862346978310808
4,2,0.1058357904419136,0.8306416774663568
4,2,0.1058357904419136,0.862346978310808
4,2,0.1058357904419136,0.862346978310808
4,2,0.1058357904419136,0.8306416774663568
4,2,0.14310290297296202,0.8306416774663568
4,2,0.1058357904419136,0.8306416774663568
4,2,0.14310290297296202,0.7989363766219055
4,2,0.14310290297296202,0.8306416774663568
4,2,0.14310290297296202,0.8306416774663568
4,2,0.14310290297296202,0.7989363766219055
4,2,0.18037001550401044,0.7989363766219055
4,2,0.14310290297296202,0.7989363766219055
4,2,0.18037001550401044,0.7672310757774543
4,2,0.18037001550401044,0.7989363766219055
4,2,0.18037001550401044,0.7989363766219055
4,2,0.18037001550401044,0.7672310757774543
4,2,0.21763712803505886,0.7672310757774543
4,2,0.031301565379816765,0.8940522791552592
4,2,0.031301565379816765,0.862346978310808
4,2,0.06856867791086518,0.862346978310808
4,2,0.031301565379816765,0.862346978310808
4,2,0.06856867791086518,0.8306416774663568
4,2,0.06856867791086518,0.862346978310808
4,2,0.06856867791086518,0.862346978310808
4,2,0.06856867791086518,0.8306416774663568
4,2,0.1058357904419136,0.8306416774663568
4,2,0.06856867791086518,0.8306416774663568
4,2,0.1058357904419136,0.7989363766219055
4,2,0.1058357904419136,0.8306416774663568
4,2,0.1058357904419136,0.8306416774663568
4,2,0.1058357904419136,0.7989363766219055
4,2,0.14310290297296202,0.7989363766219055
4,2,0.1058357904419136,0.7989363766219055
4,2,0.14310290297296202,0.7672310757774543
4,2,0.14310290297296202,0.7989363766219055
4,2,0.14310290297296202,0.7989363766219055
4,2,0.14310290297296202,0.7672310757774543
4,2,0.18037001550401044,0.7672310757774543
4,2,0.031301565379816765,0.862346978310808
4,2,0.031301565379816765,0.8306416774663568
4,2,0.06856867791086518,0.8306416774663568
4,2,0.031301565379816765,0.8306416774663568
4,2,0.06856867791086518,0.7989363766219055
4,2,0.06856867791086518,0.8306416774663568
4,2,0.06856867791086518,0.8306416774663568
4,2,0.06856867791086518,0.7989363766219055
4,2,0.1058357904419136,0.7989363766219055
4,2,0.06856867791086518,0.7989363766219055
4,2,0.1058357904419136,0.7672310757774543
4,2,0.1058357904419136,0.7989363766219055
4,2,0.1058357904419136,0.7989363766219055
4,2,0.1058357904419136,0.7672310757774543
4,2,0.14310290297296202,0.7672310757774543
4,2,0.031301565379816765,0.8306416774663568
4,2,0.031301565379816765,0.7989363766219055
4,2,0.06856867791086518,0.7989363766219055
4,2,0.031301565379816765,0.7989363766219055
4,2,0.06856867791086518,0.7672310757774543
4,2,0.06856867791086518,0.7989363766219055
4,2,0.06856867791086518,0.7989363766219055
4,2,0.06856867791086518,0.7672310757774543
4,2,0.1058357904419136,0.7672310757774543
4,2,0.031301565379816765,0.7989363766219055
4,2,0.031301565379816765,0.7672310757774543
4,2,0.06856867791086518,0.7672310757774543
4,2,0.21763712803505886,0.7672310757774543
4,2,0.21763712803505886,0.7989363766219055
4,2,0.18037001550401044,0.7989363766219055
4,2,0.21763712803505886,0.7989363766219055
4,2,0.18037001550401044,0.8306416774663568
4,2,0.18037001550401044,0.7989363766219055
4,2,0.18037001550401044,0.7989363766219055
4,2,0.18037001550401044,0.8306416774663568
4,2,0.14310290297296202,0.8306416774663568
4,2,0.18037001550401044,0.8306416774663568
4,2,0.14310290297296202,0.862346978310808
4,2,0.14310290297296202,0.8306416774663568
4,2,0.14310290297296202,0.8306416774663568
4,2,0.14310290297296202,0.862346978310808
4,2,0.1058357904419136,0.862346978310808
4,2,0.14310290297296202,0.862346978310808
4,2,0.1058357904419136,0.8940522791552592
4,2,0.1058357904419136,0.862346978310808
4,2,0.1058357904419136,0.862346978310808
4,2,0.1058357904419136,0.8940522791552592
4,2,0.06856867791086518,0.8940522791552592
4,2,0.1058357904419136,0.8940522791552592
4,2,0.06856867791086518,0.9257575799997104
4,2,0.06856867791086518,0.8940522791552592
4,2,0.06856867791086518,0.8940522791552592
4,2,0.06856867791086518,0.9257575799997104
4,2,0.031301565379816765,0.9257575799997104
4,2,0.21763712803505886,0.7989363766219055
4,2,0.21763712803505886,0.8306416774663568
4,2,0.18037001550401044,0.8306416774663568
4,2,0.21763712803505886,0.8306416774663568
4,2,0.18037001550401044,0.862346978310808
4,2,0.18037001550401044,0.8306416774663568
4,2,0.18037001550401044,0.8306416774663568
4,2,0.18037001550401044,0.862346978310808
4,2,0.14310290297296202,0.862346978310808
4,2,0.18037001550401044,0.862346978310808
4,2,0.14310290297296202,0.8940522791552592
4,2,0.14310290297296202,0.862346978310808
4,2,0.14310290297296202,0.862346978310808
4,2,0.14310290297296202,0.8940522791552592
4,2,0.1058357904419136,0.8940522791552592
4,2,0.14310290297296202,0.8940522791552592
4,2,0.1058357904419136,0.9257575799997104
4,2,0.1058357904419136,0.8940522791552592
4,2,0.1058357904419136,0.8940522791552592
4,2,0.1058357904419136,0.9257575799997104
4,2,0.06856867791086518,0.9257575799997104
4,2,0.21763712803505886,0.8306416774663568
4,2,0.21763712803505886,0.862346978310808
4,2,0.18037001550401044,0.862346978310808
4,2,0.21763712803505886,0.862346978310808
4,2,0.18037001550401044,0.8940522791552592
4,2,0.18037001550401044,0.862346978310808
4,2,0.18037001550401044,0.862346978310808
4,2,0.18037001550401044,0.8940522791552592
4,2,0.14310290297296202,0.8940522791552592
4,2,0.18037001550401044,0.8940522791552592
4,2,0.14310290297296202,0.9257575799997104
4,2,0.14310290297296202,0.8940522791552592
4,2,0.14310290297296202,0.8940522791552592
4,2,0.14310290297296202,0.9257575799997104
4,2,0.1058357904419136,0.9257575799997104
4,2,0.21763712803505886,0.862346978310808
4,2,0.21763712803505886,0.8940522791552592
4,2,0.18037001550401044,0.8940522791552592
4,2,0.21763712803505886,0.8940522791552592
4,2,0.18037001550401044,0.9257575799997104
4,2,0.18037001550401044,0.8940522791552592
4,2,0.18037001550401044,0.8940522791552592
4,2,0.18037001550401044,0.9257575799997104
4,2,0.14310290297296202,0.9257575799997104
4,2,0.21763712803505886,0.8940522791552592
4,2,0.21763712803505886,0.9257575799997104
4,2,0.18037001550401044,0.9257575799997104
4,2,0.031301565379816765,0.7672310757774543
4,2,0.031301565379816765,0.7355555172414872
4,2,0.06856867791086518,0.7355555172414872
4,2,0.031301565379816765,0.7355555172414872
4,2,0.06856867791086518,0.7038799587055204
4,2,0.06856867791086518,0.7355555172414872
4,2,0.06856867791086518,0.7355555172414872
4,2,0.06856867791086518,0.7038799587055204
4,2,0.1058357904419136,0.7038799587055204
4,2,0.06856867791086518,0.7038799587055204
4,2,0.1058357904419136,0.6722044001695537
4,2,0.1058357904419136,0.7038799587055204
4,2,0.1058357904419136,0.7038799587055204
4,2,0.1058357904419136,0.6722044001695537
4,2,0.14310290297296202,0.6722044001695537
4,2,0.1058357904419136,0.6722044001695537
4,2,0.14310290297296202,0.640528841633587
4,2,0.14310290297296202,0.6722044001695537
4,2,0.14310290297296202,0.6722044001695537
4,2,0.14310290297296202,0.640528841633587
4,2,0.18037001550401044,0.640528841633587
4,2,0.14310290297296202,0.640528841633587
4,2,0.18037001550401044,0.6088532830976199
4,2,0.18037001550401044,0.640528841633587
4,2,0.18037001550401044,0.640528841633587
4,2,0.18037001550401044,0.6088532830976199
4,2,0.21763712803505886,0.6088532830976199
4,2,0.031301565379816765,0.7355555172414872
4,2,0.031301565379816765,0.7038799587055204
4,2,0.06856867791086518,0.7038799587055204
4,2,0.031301565379816765,0.7038799587055204
4,2,0.06856867791086518,0.6722044001695537
4,2,0.06856867791086518,0.7038799587055204
4,2,0.06856867791086518,0.7038799587055204
4,2,0.06856867791086518,0.6722044001695537
4,2,0.1058357904419136,0.6722044001695537
4,2,0.06856867791086518,0.6722044001695537
4,2,0.1058357904419136,0.640528841633587
4,2,0.1058357904419136,0.6722044001695537
4,2,0.1058357904419136,0.6722044001695537
4,2,0.1058357904419136,0.640528841633587
4,2,0.14310290297296202,0.640528841633587
4,2,0.1058357904419136,0.640528841633587
4,2,0.14310290297296202,0.6088532830976199
4,2,0.14310290297296202,0.640528841633587
4,2,0.14310290297296202,0.640528841633587
4,2,0.14310290297296202,0.6088532830976199
4,2,0.18037001550401044,0.6088532830976199
4,2,0.031301565379816765,0.7038799587055204
4,2,0.031301565379816765,0.6722044001695537
4,2,0.06856867791086518,0.6722044001695537
4,2,0.031301565379816765,0.6722044001695537
4,2,0.06856867791086518,0.640528841633587
4,2,0.06856867791086518,0.6722044001695537
4,2,0.06856867791086518,0.6722044001695537
4,2,0.06856867791086518,0.640528841633587
4,2,0.1058357904419136,0.640528841633587
4,2,0.06856867791086518,0.640528841633587
4,2,0.1058357904419136,0.6088532830976199
4,2,0.1058357904419136,0.640528841633587
4,2,0.1058357904419136,0.640528841633587
4,2,0.1058357904419136,0.6088532830976199
4,2,0.14310290297296202,0.6088532830976199
4,2,0.031301565379816765,0.6722044001695537
4,2,0.031301565379816765,0.640528841633587
4,2,0.06856867791086518,0.640528841633587
4,2,0.031301565379816765,0.640528841633587
4,2,0.06856867791086518,0.6088532830976199
4,2,0.06856867791086518,0.640528841633587
4,2,0.06856867791086518,0.640528841633587
4,2,0.06856867791086518,0.6088532830976199
4,2,0.1058357904419136,0.6088532830976199
4,2,0.031301565379816765,0.640528841633587
4,2,0.031301565379816765,0.6088532830976199
4,2,0.06856867791086518,0.6088532830976199
4,2,0.21763712803505886,0.6088532830976199
4,2,0.21763712803505886,0.640528841633587
4,2,0.18037001550401044,0.640528841633587
4,2,0.21763712803505886,0.640528841633587
4,2,0.18037001550401044,0.6722044001695537
4,2,0.18037001550401044,0.640528841633587
4,2,0.18037001550401044,0.640528841633587
4,2,0.18037001550401044,0.6722044001695537
4,2,0.14310290297296202,0.6722044001695537
4,2,0.18037001550401044,0.6722044001695537
4,2,0.14310290297296202,0.7038799587055204
4,2,0.14310290297296202,0.6722044001695537
4,2,0.14310290297296202,0.6722044001695537
4,2,0.14310290297296202,0.7038799587055204
4,2,0.1058357904419136,0.7038799587055204
4,2,0.14310290297296202,0.7038799587055204
4,2,0.1058357904419136,0.7355555172414872
4,2,0.1058357904419136,0.7038799587055204
4,2,0.1058357904419136,0.7038799587055204
4,2,0.1058357904419136,0.7355555172414872
4,2,0.06856867791086518,0.7355555172414872
4,2,0.1058357904419136,0.7355555172414872
4,2,0.06856867791086518,0.7672310757774543
4,2,0.06856867791086518,0.7355555172414872
4,2,0.06856867791086518,0.7355555172414872
4,2,0.06856867791086518,0.7672310757774543
4,2,0.031301565379816765,0.7672310757774543
4,2,0.21763712803505886,0.640528841633587
4,2,0.21763712803505886,0.6722044001695537
4,2,0.18037001550401044,0.6722044001695537
4,2,0.21763712803505886,0.6722044001695537
4,2,0.18037001550401044,0.7038799587055204
4,2,0.18037001550401044,0.6722044001695537
4,2,0.18037001550401044,0.6722044001695537
4,2,0.18037001550401044,0.7038799587055204
4,2,0.14310290297296202,0.7038799587055204
4,2,0.18037001550401044,0.7038799587055204
4,2,0.14310290297296202,0.7355555172414872
4,2,0.14310290297296202,0.7038799587055204
4,2,0.14310290297296202,0.7038799587055204
4,2,0.14310290297296202,0.7355555172414872
4,2,0.1058357904419136,0.7355555172414872
4,2,0.14310290297296202,0.7355555172414872
4,2,0.1058357904419136,0.7672310757774543
4,2,0.1058357904419136,0.7355555172414872
4,2,0.1058357904419136,0.7355555172414872
4,2,0.1058357904419136,0.7672310757774543
4,2,0.06856867791086518,0.7672310757774543
4,2,0.21763712803505886,0.6722044001695537
4,2,0.21763712803505886,0.7038799587055204
4,2,0.18037001550401044,0.7038799587055204
4,2,0.21763712803505886,0.7038799587055204
4,2,0.18037001550401044,0.7355555172414872
4,2,0.18037001550401044,0.7038799587055204
4,2,0.18037001550401044,0.7038799587055204
4,2,0.18037001550401044,0.7355555172414872
4,2,0.14310290297296202,0.7355555172414872
4,2,0.18037001550401044,0.7355555172414872
4,2,0.14310290297296202,0.7672310757774543
4,2,0.14310290297296202,0.7355555172414872
4,2,0.14310290297296202,0.7355555172414872
4,2,0.14310290297296202,0.7672310757774543
4,2,0.1058357904419136,0.7672310757774543
4,2,0.21763712803505886,0.7038799587055204
4,2,0.21763712803505886,0.7355555172414872
4,2,0.18037001550401044,0.7355555172414872
4,2,0.21763712803505886,0.7355555172414872
4,2,0.18037001550401044,0.7672310757774543
4,2,0.18037001550401044,0.7355555172414872
4,2,0.18037001550401044,0.7355555172414872
4,2,0.18037001550401044,0.7672310757774543
4,2,0.14310290297296202,0.7672310757774543
4,2,0.21763712803505886,0.7355555172414872
4,2,0.21763712803505886,0.7672310757774543
4,2,0.18037001550401044,0.7672310757774543
3,3,0.5,0.8700000000000001
3,3,0.33754862438022437,0.7795427768191141
3,3,0.33754862438022437,0.9604572231808861
3,3,0.6624513756197756,0.7795427768191141
3,3,0.6624513756197756,0.9604572231808861
3,3,0.6523699772318685,0.8628735082121182
3,3,0.6523699772318685,0.8835655335525159
3,3,0.5994947071803884,0.8835655335525159
3,3,0.6523699772318685,0.8835655335525159
3,3,0.5994947071803884,0.9042575588929131
3,3,0.5994947071803884,0.8835655335525159
3,3,0.5994947071803884,0.8835655335525159
3,3,0.5994947071803884,0.9042575588929131
3,3,0.5466194371289088,0.9042575588929131
3,3,0.5994947071803884,0.9042575588929131
3,3,0.5466194371289088,0.9249495842333109
3,3,0.5466194371289088,0.9042575588929131
3,3,0.5466194371289088,0.9042575588929131
3,3,0.5466194371289088,0.9249495842333109
3,3,0.49374416707742874,0.9249495842333109
3,3,0.5466194371289088,0.9249495842333109
3,3,0.49374416707742874,0.9456416095737086
3,3,0.49374416707742874,0.9249495842333109
3,3,0.49374416707742874,0.9249495842333109
3,3,0.49374416707742874,0.9456416095737086
3,3,0.4408688970259491,0.9456416095737086
3,3,0.49374416707742874,0.9456416095737086
3,3,0.4408688970259491,0.9663336349141063
3,3,0.4408688970259491,0.9456416095737086
3,3,0.4408688970259491,0.9456416095737086
3,3,0.4408688970259491,0.9663336349141063
3,3,0.3879936269744695,0.9663336349141063
3,3,0.4408688970259491,0.9663336349141063
3,3,0.3879936269744695,0.987025660254504
3,3,0.3879936269744695,0.9663336349141063
3,3,0.3879936269744695,0.9663336349141063
3,3,0.3879936269744695,0.987025660254504
3,3,0.3351183569229894,0.987025660254504
3,3,0.3879936269744695,0.987025660254504
3,2,0.3351183569229894,0.007717685594901713
3,3,0.3351183569229894,0.987025660254504
3,3,0.3351183569229894,0.987025660254504
3,2,0.3351183569229894,0.007717685594901713
3,2,0.2822430868715098,0.007717685594901713
3,2,0.3351183569229894,0.007717685594901713
3,2,0.2822430868715098,0.028409710935299426
3,2,0.2822430868715098,0.007717685594901713
3,2,0.2822430868715098,0.007717685594901713
3,2,0.2822430868715098,0.028409710935299426
3,2,0.22936781682003016,0.028409710935299426
3,3,0.6523699772318685,0.8835655335525159
3,3,0.6523699772318685,0.9042575588929131
3,3,0.5994947071803884,0.9042575588929131
3,3,0.6523699772318685,0.9042575588929131
3,3,0.5994947071803884,0.9249495842333109
3,3,0.5994947071803884,0.9042575588929131
3,3,0.5994947071803884,0.9042575588929131
3,3,0.5994947071803884,0.9249495842333109
3,3,0.5466194371289088,0.9249495842333109
3,3,0.5994947071803884,0.9249495842333109
3,3,0.5466194371289088,0.9456416095737086
3,3,0.5466194371289088,0.9249495842333109
3,3,0.5466194371289088,0.9249495842333109
3,3,0.5466194371289088,0.9456416095737086
3,3,0.49374416707742874,0.9456416095737086
3,3,0.5466194371289088,0.9456416095737086
3,3,0.49374416707742874,0.9663336349141063
3,3,0.49374416707742874,0.9456416095737086
3,3,0.49374416707742874,0.9456416095737086
3,3,0.49374416707742874,0.9663336349141063
3,3,0.4408688970259491,0.9663336349141063
3,3,0.49374416707742874,0.9663336349141063
3,3,0.4408688970259491,0.987025660254504
3,3,0.4408688970259491,0.9663336349141063
3,3,0.4408688970259491,0.9663336349141063
3,3,0.4408688970259491,0.987025660254504
3,3,0.3879936269744695,0.987025660254504
3,3,0.4408688970259491,0.987025660254504
3,2,0.3879936269744695,0.007717685594901713
3,3,0.3879936269744695,0.987025660254504
3,3,0.3879936269744695,0.987025660254504
3,2,0.3879936269744695,0.007717685594901713
3,2,0.3351183569229894,0.007717685594901713
3,2,0.3879936269744695,0.007717685594901713
3,2,0.3351183569229894,0.028409710935299426
3,2,0.3351183569229894,0.007717685594901713
3,2,0.3351183569229894,0.007717685594901713
3,2,0.3351183569229894,0.028409710935299426
3,2,0.2822430868715098,0.028409710935299426
3,3,0.6523699772318685,0.9042575588929131
3,3,0.6523699772318685,0.9249495842333109
3,3,0.5994947071803884,0.9249495842333109
3,3,0.6523699772318685,0.9249495842333109
3,3,0.5994947071803884,0.9456416095737086
3,3,0.5994947071803884,0.9249495842333109
3,3,0.5994947071803884,0.9249495842333109
3,3,0.5994947071803884,0.9456416095737086
3,3,0.5466194371289088,0.9456416095737086
3,3,0.5994947071803884,0.9456416095737086
3,3,0.5466194371289088,0.9663336349141063
3,3,0.5466194371289088,0.9456416095737086
3,3,0.5466194371289088,0.9456416095737086
3,3,0.5466194371289088,0.9663336349141063
3,3,0.49374416707742874,0.9663336349141063
3,3,0.5466194371289088,0.9663336349141063
3,3,0.49374416707742874,0.987025660254504
3,3,0.49374416707742874,0.9663336349141063
3,3,0.49374416707742874,0.9663336349141063
3,3,0.49374416707742874,0.987025660254504
3,3,0.4408688970259491,0.987025660254504
3,3,0.49374416707742874,0.987025660254504
3,2,0.4408688970259491,0.007717685594901713
3,3,0.4408688970259491,0.987025660254504
3,3,0.4408688970259491,0.987025660254504
3,2,0.4408688970259491,0.007717685594901713
3,2,0.3879936269744695,0.007717685594901713
3,2,0.4408688970259491,0.007717685594901713
3,2,0.3879936269744695,0.028409710935299426
3,2,0.3879936269744695,0.007717685594901713
3,2,0.3879936269744695,0.007717685594901713
3,2,0.3879936269744695,0.028409710935299426
3,2,0.3351183569229894,0.028409710935299426
3,3,0.6523699772318685,0.9249495842333109
3,3,0.6523699772318685,0.9456416095737086
3,3,0.5994947071803884,0.9456416095737086
3,3,0.6523699772318685,0.9456416095737086
3,3,0.5994947071803884,0.9663336349141063
3,3,0.5994947071803884,0.9456416095737086
3,3,0.5994947071803884,0.9456416095737086
3,3,0.5994947071803884,0.9663336349141063
3,3,0.5466194371289088,0.9663336349141063
3,3,0.5994947071803884,0.9663336349141063
3,3,0.5466194371289088,0.987025660254504
3,3,0.5466194371289088,0.9663336349141063
3,3,0.5466194371289088,0.9663336349141063
3,3,0.5466194371289088,0.987025660254504
3,3,0.49374416707742874,0.987025660254504
3,3,0.5466194371289088,0.987025660254504
3,2,0.49374416707742874,0.007717685594901713
3,3,0.49374416707742874,0.987025660254504
3,3,0.49374416707742874,0.987025660254504
3,2,0.49374416707742874,0.007717685594901713
3,2,0.4408688970259491,0.007717685594901713
3,2,0.49374416707742874,0.007717685594901713
3,2,0.4408688970259491,0.028409710935299426
3,2,0.4408688970259491,0.007717685594901713
3,2,0.4408688970259491,0.007717685594901713
3,2,0.4408688970259491,0.028409710935299426
3,2,0.3879936269744695,0.028409710935299426
3,3,0.6523699772318685,0.9456416095737086
3,3,0.6523699772318685,0.9663336349141063
3,3,0.5994947071803884,0.9663336349141063
3,3,0.6523699772318685,0.9663336349141063
3,3,0.5994947071803884,0.987025660254504
3,3,0.5994947071803884,0.9663336349141063
3,3,0.5994947071803884,0.9663336349141063
3,3,0.5994947071803884,0.987025660254504
3,3,0.5466194371289088,0.987025660254504
3,3,0.5994947071803884,0.987025660254504
3,2,0.5466194371289088,0.007717685594901713
3,3,0.5466194371289088,0.987025660254504
3,3,0.5466194371289088,0.987025660254504
3,2,0.5466194371289088,0.007717685594901713
3,2,0.49374416707742874,0.007717685594901713
3,2,0.5466194371289088,0.007717685594901713
3,2,0.49374416707742874,0.028409710935299426
3,2,0.49374416707742874,0.007717685594901713
3,2,0.49374416707742874,0.007717685594901713
3,2,0.49374416707742874,0.028409710935299426
3,2,0.4408688970259491,0.028409710935299426
3,3,0.6523699772318685,0.9663336349141063
3,3,0.6523699772318685,0.987025660254504
3,3,0.5994947071803884,0.987025660254504
3,3,0.6523699772318685,0.987025660254504
3,2,0.5994947071803884,0.007717685594901713
3,3,0.5994947071803884,0.987025660254504
3,3,0.5994947071803884,0.987025660254504
3,2,0.5994947071803884,0.007717685594901713
3,2,0.5466194371289088,0.007717685594901713
3,2,0.5994947071803884,0.007717685594901713
3,2,0.5466194371289088,0.028409710935299426
3,2,0.5466194371289088,0.007717685594901713
3,2,0.5466194371289088,0.007717685594901713
3,2,0.5466194371289088,0.028409710935299426
3,2,0.49374416707742874,0.028409710935299426
3,3,0.6523699772318685,0.987025660254504
3,2,0.6523699772318685,0.007717685594901713
3,2,0.5994947071803884,0.007717685594901713
3,2,0.6523699772318685,0.007717685594901713
3,2,0.5994947071803884,0.028409710935299426
3,2,0.5994947071803884,0.007717685594901713
3,2,0.5994947071803884,0.007717685594901713
3,2,0.5994947071803884,0.028409710935299426
3,2,0.5466194371289088,0.028409710935299426
3,2,0.6523699772318685,0.007717685594901713
3,2,0.6523699772318685,0.028409710935299426
3,2,0.5994947071803884,0.028409710935299426
3,2,0.22936781682003016,0.028409710935299426
3,2,0.22936781682003016,0.007717685594901713
3,2,0.2822430868715098,0.007717685594901713
3,2,0.22936781682003016,0.007717685594901713
3,3,0.2822430868715098,0.987025660254504
3,2,0.2822430868715098,0.007717685594901713
3,2,0.2822430868715098,0.007717685594901713
3,3,0.2822430868715098,0.987025660254504
3,3,0.3351183569229894,0.987025660254504
3,3,0.2822430868715098,0.987025660254504
3,3,0.3351183569229894,0.9663336349141063
3,3,0.3351183569229894,0.987025660254504
3,3,0.3351183569229894,0.987025660254504
3,3,0.3351183569229894,0.9663336349141063
3,3,0.3879936269744695,0.9663336349141063
3,3,0.3351183569229894,0.9663336349141063
3,3,0.3879936269744695,0.9456416095737086
3,3,0.3879936269744695,0.9663336349141063
3,3,0.3879936269744695,0.9663336349141063
3,3,0.3879936269744695,0.9456416095737086
3,3,0.4408688970259491,0.9456416095737086
3,3,0.3879936269744695,0.9456416095737086
3,3,0.4408688970259491,0.9249495842333109
3,3,0.4408688970259491,0.9456416095737086
3,3,0.4408688970259491,0.9456416095737086
3,3,0.4408688970259491,0.9249495842333109
3,3,0.49374416707742874,0.9249495842333109
3,3,0.4408688970259491,0.9249495842333109
3,3,0.49374416707742874,0.9042575588929131
3,3,0.49374416707742874,0.9249495842333109
3,3,0.49374416707742874,0.9249495842333109
3,3,0.49374416707742874,0.9042575588929131
3,3,0.5466194371289088,0.9042575588929131
3,3,0.49374416707742874,0.9042575588929131
3,3,0.5466194371289088,0.8835655335525159
3,3,0.5466194371289088,0.9042575588929131
3,3,0.5466194371289088,0.9042575588929131
3,3,0.5466194371289088,0.8835655335525159
3,3,0.5994947071803884,0.8835655335525159
3,3,0.5466194371289088,0.8835655335525159
3,3,0.5994947071803884,0.8628735082121182
3,3,0.5994947071803884,0.8835655335525159
3,3,0.5994947071803884,0.8835655335525159
3,3,0.5994947071803884,0.8628735082121182
3,3,0.6523699772318685,0.8628735082121182
3,2,0.22936781682003016,0.007717685594901713
3,3,0.22936781682003016,0.987025660254504
3,3,0.2822430868715098,0.987025660254504
3,3,0.22936781682003016,0.987025660254504
3,3,0.2822430868715098,0.9663336349141063
3,3,0.2822430868715098,0.987025660254504
3,3,0.2822430868715098,0.987025660254504
3,3,0.2822430868715098,0.9663336349141063
3,3,0.3351183569229894,0.9663336349141063
3,3,0.2822430868715098,0.9663336349141063
3,3,0.3351183569229894,0.9456416095737086
3,3,0.3351183569229894,0.9663336349141063
3,3,0.3351183569229894,0.9663336349141063
3,3,0.3351183569229894,0.9456416095737086
3,3,0.3879936269744695,0.9456416095737086
3,3,0.3351183569229894,0.9456416095737086
3,3,0.3879936269744695,0.9249495842333109
3,3,0.3879936269744695,0.9456416095737086
3,3,0.3879936269744695,0.9456416095737086
3,3,0.3879936269744695,0.9249495842333109
3,3,0.4408688970259491,0.9249495842333109
3,3,0.3879936269744695,0.9249495842333109
3,3,0.4408688970259491,0.9042575588929131
3,3,0.4408688970259491,0.9249495842333109
3,3,0.4408688970259491,0.9249495842333109
3,3,0.4408688970259491,0.9042575588929131
3,3,0.49374416707742874,0.9042575588929131
3,3,0.4408688970259491,0.9042575588929131
3,3,0.49374416707742874,0.8835655335525159
3,3,0.49374416707742874,0.9042575588929131
3,3,0.49374416707742874,0.9042575588929131
3,3,0.49374416707742874,0.8835655335525159
3,3,0.5466194371289088,0.8835655335525159
3,3,0.49374416707742874,0.8835655335525159
3,3,0.5466194371289088,0.8628735082121182
3,3,0.5466194371289088,0.8835655335525159
3,3,0.5466194371289088,0.8835655335525159
3,3,0.5466194371289088,0.8628735082121182
3,3,0.5994947071803884,0.8628735082121182
3,3,0.22936781682003016,0.987025660254504
3,3,0.22936781682003016,0.9663336349141063
3,3,0.2822430868715098,0.9663336349141063
3,3,0.22936781682003016,0.9663336349141063
3,3,0.2822430868715098,0.9456416095737086
3,3,0.2822430868715098,0.9663336349141063
3,3,0.2822430868715098,0.9663336349141063
3,3,0.2822430868715098,0.9456416095737086
3,3,0.3351183569229894,0.9456416095737086
3,3,0.2822430868715098,0.9456416095737086
3,3,0.3351183569229894,0.9249495842333109
3,3,0.3351183569229894,0.9456416095737086
3,3,0.3351183569229894,0.9456416095737086
3,3,0.3351183569229894,0.9249495842333109
3,3,0.3879936269744695,0.9249495842333109
3,3,0.3351183569229894,0.9249495842333109
3,3,0.3879936269744695,0.9042575588929131
3,3,0.3879936269744695,0.9249495842333109
3,3,0.3879936269744695,0.9249495842333109
3,3,0.3879936269744695,0.9042575588929131
3,3,0.4408688970259491,0.9042575588929131
3,3,0.3879936269744695,0.9042575588929131
3,3,0.4408688970259491,0.8835655335525159
3,3,0.4408688970259491,0.9042575588929131
3,3,0.4408688970259491,0.9042575588929131
3,3,0.4408688970259491,0.8835655335525159
3,3,0.49374416707742874,0.8835655335525159
3,3,0.4408688970259491,0.8835655335525159
3,3,0.49374416707742874,0.8628735082121182
3,3,0.49374416707742874,0.8835655335525159
3,3,0.49374416707742874,0.8835655335525159
3,3,0.49374416707742874,0.8628735082121182
3,3,0.5466194371289088,0.8628735082121182
3,3,0.22936781682003016,0.9663336349141063
3,3,0.22936781682003016,0.9456416095737086
3,3,0.2822430868715098,0.9456416095737086
3,3,0.22936781682003016,0.9456416095737086
3,3,0.2822430868715098,0.9249495842333109
3,3,0.2822430868715098,0.9456416095737086
3,3,0.2822430868715098,0.9456416095737086
3,3,0.2822430868715098,0.9249495842333109
3,3,0.3351183569229894,0.9249495842333109
3,3,0.2822430868715098,0.9249495842333109
3,3,0.3351183569229894,0.9042575588929131
3,3,0.3351183569229894,0.9249495842333109
3,3,0.3351183569229894,0.9249495842333109
3,3,0.3351183569229894,0.9042575588929131
3,3,0.3879936269744695,0.9042575588929131
3,3,0.3351183569229894,0.9042575588929131
3,3,0.3879936269744695,0.8835655335525159
3,3,0.3879936269744695,0.9042575588929131
3,3,0.3879936269744695,0.9042575588929131
3,3,0.3879936269744695,0.8835655335525159
3,3,0.4408688970259491,0.8835655335525159
3,3,0.3879936269744695,0.8835655335525159
3,3,0.4408688970259491,0.8628735082121182
3,3,0.4408688970259491,0.8835655335525159
3,3,0.4408688970259491,0.8835655335525159
3,3,0.4408688970259491,0.8628735082121182
3,3,0.49374416707742874,0.8628735082121182
3,3,0.22936781682003016,0.9456416095737086
3,3,0.22936781682003016,0.9249495842333109
3,3,0.2822430868715098,0.9249495842333109
3,3,0.22936781682003016,0.9249495842333109
3,3,0.2822430868715098,0.9042575588929131
3,3,0.2822430868715098,0.9249495842333109
3,3,0.2822430868715098,0.9249495842333109
3,3,0.2822430868715098,0.9042575588929131
3,3,0.3351183569229894,0.9042575588929131
3,3,0.2822430868715098,0.9042575588929131
3,3,0.3351183569229894,0.8835655335525159
3,3,0.3351183569229894,0.9042575588929131
3,3,0.3351183569229894,0.9042575588929131
3,3,0.3351183569229894,0.8835655335525159
3,3,0.3879936269744695,0.8835655335525159
3,3,0.3351183569229894,0.8835655335525159
3,3,0.3879936269744695,0.8628735082121182
3,3,0.3879936269744695,0.8835655335525159
3,3,0.3879936269744695,0.8835655335525159
3,3,0.3879936269744695,0.8628735082121182
3,3,0.4408688970259491,0.8628735082121182
3,3,0.22936781682003016,0.9249495842333109
3,3,0.22936781682003016,0.9042575588929131
3,3,0.2822430868715098,0.9042575588929131
3,3,0.22936781682003016,0.9042575588929131
3,3,0.2822430868715098,0.8835655335525159
3,3,0.2822430868715098,0.9042575588929131
3,3,0.2822430868715098,0.9042575588929131
3,3,0.2822430868715098,0.8835655335525159
3,3,0.3351183569229894,0.8835655335525159
3,3,0.2822430868715098,0.8835655335525159
3,3,0.3351183569229894,0.8628735082121182
3,3,0.3351183569229894,0.8835655335525159
3,3,0.3351183569229894,0.8835655335525159
3,3,0.3351183569229894,0.8628735082121182
3,3,0.3879936269744695,0.8628735082121182
3,3,0.22936781682003016,0.9042575588929131
3,3,0.22936781682003016,0.8835655335525159
3,3,0.2822430868715098,0.8835655335525159
3,3,0.22936781682003016,0.8835655335525159
3,3,0.2822430868715098,0.8628735082121182
3,3,0.2822430868715098,0.8835655335525159
3,3,0.2822430868715098,0.8835655335525159
3,3,0.2822430868715098,0.8628735082121182
3,3,0.3351183569229894,0.8628735082121182
3,3,0.22936781682003016,0.8835655335525159
3,3,0.22936781682003016,0.8628735082121182
3,3,0.2822430868715098,0.8628735082121182
3,3,0.6523699772318685,0.8628735082121182
3,3,0.5994947071803884,0.8628735082121182
3,3,0.5994947071803884,0.8421521185973488
3,3,0.5994947071803884,0.8628735082121182
3,3,0.5466194371289088,0.8421521185973488
3,3,0.5994947071803884,0.8421521185973488
3,3,0.5994947071803884,0.8421521185973488
3,3,0.5466194371289088,0.8421521185973488
3,3,0.5466194371289088,0.82143072898258
3,3,0.5466194371289088,0.8421521185973488
3,3,0.49374416707742874,0.82143072898258
3,3,0.5466194371289088,0.82143072898258
3,3,0.5466194371289088,0.82143072898258
3,3,0.49374416707742874,0.82143072898258
3,3,0.49374416707742874,0.8007093393678106
3,3,0.49374416707742874,0.82143072898258
3,3,0.4408688970259491,0.8007093393678106
3,3,0.49374416707742874,0.8007093393678106
3,3,0.49374416707742874,0.8007093393678106
3,3,0.4408688970259491,0.8007093393678106
3,3,0.4408688970259491,0.7799879497530418
3,3,0.4408688970259491,0.8007093393678106
3,3,0.3879936269744695,0.7799879497530418
3,3,0.4408688970259491,0.7799879497530418
3,3,0.4408688970259491,0.7799879497530418
3,3,0.3879936269744695,0.7799879497530418
3,3,0.3879936269744695,0.7592665601382724
3,3,0.3879936269744695,0.7799879497530418
3,3,0.3351183569229894,0.7592665601382724
3,3,0.3879936269744695,0.7592665601382724
3,3,0.3879936269744695,0.7592665601382724
3,3,0.3351183569229894,0.7592665601382724
3,3,0.3351183569229894,0.7385451705235031
3,3,0.3351183569229894,0.7592665601382724
3,3,0.2822430868715098,0.7385451705235031
3,3,0.3351183569229894,0.7385451705235031
3,3,0.3351183569229894,0.7385451705235031
3,3,0.2822430868715098,0.7385451705235031
3,3,0.2822430868715098,0.7178237809087342
3,3,0.2822430868715098,0.7385451705235031
3,3,0.22936781682003016,0.7178237809087342
3,3,0.2822430868715098,0.7178237809087342
3,3,0.2822430868715098,0.7178237809087342
3,3,0.22936781682003016,0.7178237809087342
3,3,0.22936781682003016,0.6971023912939653
3,3,0.5994947071803884,0.8628735082121182
3,3,0.5466194371289088,0.8628735082121182
3,3,0.5466194371289088,0.8421521185973488
3,3,0.5466194371289088,0.8628735082121182
3,3,0.49374416707742874,0.8421521185973488
3,3,0.5466194371289088,0.8421521185973488
3,3,0.5466194371289088,0.8421521185973488
3,3,0.49374416707742874,0.8421521185973488
3,3,0.49374416707742874,0.82143072898258
3,3,0.49374416707742874,0.8421521185973488
3,3,0.4408688970259491,0.82143072898258
3,3,0.49374416707742874,0.82143072898258
3,3,0.49374416707742874,0.82143072898258
3,3,0.4408688970259491,0.82143072898258
3,3,0.4408688970259491,0.8007093393678106
3,3,0.4408688970259491,0.82143072898258
3,3,0.3879936269744695,0.8007093393678106
3,3,0.4408688970259491,0.8007093393678106
3,3,0.4408688970259491,0.8007093393678106
3,3,0.3879936269744695,0.8007093393678106
3,3,0.3879936269744695,0.7799879497530418
3,3,0.3879936269744695,0.8007093393678106
3,3,0.3351183569229894,0.7799879497530418
3,3,0.3879936269744695,0.7799879497530418
3,3,0.3879936269744695,0.7799879497530418
3,3,0.3351183569229894,0.7799879497530418
3,3,0.3351183569229894,0.7592665601382724
3,3,0.3351183569229894,0.7799879497530418
3,3,0.2822430868715098,0.7592665601382724
3,3,0.3351183569229894,0.7592665601382724
3,3,0.3351183569229894,0.7592665601382724
3,3,0.2822430868715098,0.7592665601382724
3,3,0.2822430868715098,0.7385451705235031
3,3,0.2822430868715098,0.7592665601382724
3,3,0.22936781682003016,0.7385451705235031
3,3,0.2822430868715098,0.7385451705235031
3,3,0.2822430868715098,0.7385451705235031
3,3,0.22936781682003016,0.7385451705235031
3,3,0.22936781682003016,0.7178237809087342
3,3,0.5466194371289088,0.8628735082121182
3,3,0.49374416707742874,0.8628735082121182
3,3,0.49374416707742874,0.8421521185973488
3,3,0.49374416707742874,0.8628735082121182
3,3,0.4408688970259491,0.8421521185973488
3,3,0.49374416707742874,0.8421521185973488
3,3,0.49374416707742874,0.8421521185973488
3,3,0.4408688970259491,0.8421521185973488
3,3,0.4408688970259491,0.82143072898258
3,3,0.4408688970259491,0.8421521185973488
3,3,0.3879936269744695,0.82143072898258
3,3,0.4408688970259491,0.82143072898258
3,3,0.4408688970259491,0.82143072898258
3,3,0.3879936269744695,0.82143072898258
3,3,0.3879936269744695,0.8007093393678106
3,3,0.3879936269744695,0.82143072898258
3,3,0.3351183569229894,0.8007093393678106
3,3,0.3879936269744695,0.8007093393678106
3,3,0.3879936269744695,0.8007093393678106
3,3,0.3351183569229894,0.8007093393678106
3,3,0.3351183569229894,0.7799879497530418
3,3,0.3351183569229894,0.8007093393678106
3,3,0.2822430868715098,0.7799879497530418
3,3,0.3351183569229894,0.7799879497530418
3,3,0.3351183569229894,0.7799879497530418
3,3,0.2822430868715098,0.7799879497530418
3,3,0.2822430868715098,0.7592665601382724
3,3,0.2822430868715098,0.7799879497530418
3,3,0.22936781682003016,0.7592665601382724
3,3,0.2822430868715098,0.7592665601382724
3,3,0.2822430868715098,0.7592665601382724
3,3,0.22936781682003016,0.7592665601382724
3,3,0.22936781682003016,0.7385451705235031
3,3,0.49374416707742874,0.8628735082121182
3,3,0.4408688970259491,0.8628735082121182
3,3,0.4408688970259491,0.8421521185973488
3,3,0.4408688970259491,0.8628735082121182
3,3,0.3879936269744695,0.8421521185973488
3,3,0.4408688970259491,0.8421521185973488
3,3,0.4408688970259491,0.8421521185973488
3,3,0.3879936269744695,0.8421521185973488
3,3,0.3879936269744695,0.82143072898258
3,3,0.3879936269744695,0.8421521185973488
3,3,0.3351183569229894,0.82143072898258
3,3,0.3879936269744695,0.82143072898258
3,3,0.3879936269744695,0.82143072898258
3,3,0.3351183569229894,0.82143072898258
3,3,0.3351183569229894,0.8007093393678106
3,3,0.3351183569229894,0.82143072898258
3,3,0.2822430868715098,0.8007093393678106
3,3,0.3351183569229894,0.8007093393678106
3,3,0.3351183569229894,0.8007093393678106
3,3,0.2822430868715098,0.8007093393678106
3,3,0.2822430868715098,0.7799879497530418
3,3,0.2822430868715098,0.8007093393678106
3,3,0.22936781682003016,0.7799879497530418
3,3,0.2822430868715098,0.7799879497530418
3,3,0.2822430868715098,0.7799879497530418
3,3,0.22936781682003016,0.7799879497530418
3,3,0.22936781682003016,0.7592665601382724
3,3,0.4408688970259491,0.8628735082121182
3,3,0.3879936269744695,0.8628735082121182
3,3,0.3879936269744695,0.8421521185973488
3,3,0.3879936269744695,0.8628735082121182
3,3,0.3351183569229894,0.8421521185973488
3,3,0.3879936269744695,0.8421521185973488
3,3,0.3879936269744695,0.8421521185973488
3,3,0.3351183569229894,0.8421521185973488
3,3,0.3351183569229894,0.82143072898258
3,3,0.3351183569229894,0.8421521185973488
3,3,0.2822430868715098,0.82143072898258
3,3,0.3351183569229894,0.82143072898258
3,3,0.3351183569229894,0.82143072898258
3,3,0.2822430868715098,0.82143072898258
3,3,0.2822430868715098,0.8007093393678106
3,3,0.2822430868715098,0.82143072898258
3,3,0.22936781682003016,0.8007093393678106
3,3,0.2822430868715098,0.8007093393678106
3,3,0.2822430868715098,0.8007093393678106
3,3,0.22936781682003016,0.8007093393678106
3,3,0.22936781682003016,0.7799879497530418
3,3,0.3879936269744695,0.8628735082121182
3,3,0.3351183569229894,0.8628735082121182
3,3,0.3351183569229894,0.8421521185973488
3,3,0.3351183569229894,0.8628735082121182
3,3,0.2822430868715098,0.8421521185973488
3,3,0.3351183569229894,0.8421521185973488
3,3,0.3351183569229894,0.8421521185973488
3,3,0.2822430868715098,0.8421521185973488
3,3,0.2822430868715098,0.82143072898258
3,3,0.2822430868715098,0.8421521185973488
3,3,0.22936781682003016,0.82143072898258
3,3,0.2822430868715098,0.82143072898258
3,3,0.2822430868715098,0.82143072898258
3,3,0.22936781682003016,0.82143072898258
3,3,0.22936781682003016,0.8007093393678106
3,3,0.3351183569229894,0.8628735082121182
3,3,0.2822430868715098,0.8628735082121182
3,3,0.2822430868715098,0.8421521185973488
3,3,0.2822430868715098,0.8628735082121182
3,3,0.22936781682003016,0.8421521185973488
3,3,0.2822430868715098,0.8421521185973488
3,3,0.2822430868715098,0.8421521185973488
3,3,0.22936781682003016,0.8421521185973488
3,3,0.22936781682003016,0.82143072898258
3,3,0.2822430868715098,0.8628735082121182
3,3,0.22936781682003016,0.8628735082121182
3,3,0.22936781682003016,0.8421521185973488
3,3,0.22936781682003016,0.6971023912939653
3,3,0.2822430868715098,0.6971023912939653
3,3,0.2822430868715098,0.7178237809087342
3,3,0.2822430868715098,0.6971023912939653
3,3,0.3351183569229894,0.7178237809087342
3,3,0.2822430868715098,0.7178237809087342
3,3,0.2822430868715098,0.7178237809087342
3,3,0.3351183569229894,0.7178237809087342
3,3,0.3351183569229894,0.7385451705235031
3,3,0.3351183569229894,0.7178237809087342
3,3,0.3879936269744695,0.7385451705235035
3,3,0.3351183569229894,0.7385451705235031
3,3,0.3351183569229894,0.7385451705235031
3,3,0.3879936269744695,0.7385451705235035
3,3,0.3879936269744695,0.7592665601382724
3,3,0.3879936269744695,0.7385451705235035
3,3,0.4408688970259491,0.7592665601382724
3,3,0.3879936269744695,0.7592665601382724
3,3,0.3879936269744695,0.7592665601382724
3,3,0.4408688970259491,0.7592665601382724
3,3,0.4408688970259491,0.7799879497530418
3,3,0.4408688970259491,0.7592665601382724
3,3,0.49374416707742874,0.7799879497530418
3,3,0.4408688970259491,0.7799879497530418
3,3,0.4408688970259491,0.7799879497530418
3,3,0.49374416707742874,0.7799879497530418
3,3,0.49374416707742874,0.8007093393678106
3,3,0.49374416707742874,0.7799879497530418
3,3,0.5466194371289088,0.8007093393678106
3,3,0.49374416707742874,0.8007093393678106
3,3,0.49374416707742874,0.8007093393678106
3,3,0.5466194371289088,0.8007093393678106
3,3,0.5466194371289088,0.82143072898258
3,3,0.5466194371289088,0.8007093393678106
3,3,0.5994947071803884,0.82143072898258
3,3,0.5466194371289088,0.82143072898258
3,3,0.5466194371289088,0.82143072898258
3,3,0.5994947071803884,0.82143072898258
3,3,0.5994947071803884,0.8421521185973488
3,3,0.5994947071803884,0.82143072898258
3,3,0.6523699772318685,0.8421521185973488
3,3,0.5994947071803884,0.8421521185973488
3,3,0.5994947071803884,0.8421521185973488
3,3,0.6523699772318685,0.8421521185973488
3,3,0.6523699772318685,0.8628735082121182
3,3,0.2822430868715098,0.6971023912939653
3,3,0.3351183569229894,0.6971023912939653
3,3,0.3351183569229894,0.7178237809087342
3,3,0.3351183569229894,0.6971023912939653
3,3,0.3879936269744695,0.7178237809087342
3,3,0.3351183569229894,0.7178237809087342
3,3,0.3351183569229894,0.7178237809087342
3,3,0.3879936269744695,0.7178237809087342
3,3,0.3879936269744695,0.7385451705235035
3,3,0.3879936269744695,0.7178237809087342
3,3,0.4408688970259491,0.7385451705235031
3,3,0.3879936269744695,0.7385451705235035
3,3,0.3879936269744695,0.7385451705235035
3,3,0.4408688970259491,0.7385451705235031
3,3,0.4408688970259491,0.7592665601382724
3,3,0.4408688970259491,0.7385451705235031
3,3,0.49374416707742874,0.7592665601382724
3,3,0.4408688970259491,0.7592665601382724
3,3,0.4408688970259491,0.7592665601382724
3,3,0.49374416707742874,0.7592665601382724
3,3,0.49374416707742874,0.7799879497530418
3,3,0.49374416707742874,0.7592665601382724
3,3,0.5466194371289088,0.7799879497530418
3,3,0.49374416707742874,0.7799879497530418
3,3,0.49374416707742874,0.7799879497530418
3,3,0.5466194371289088,0.7799879497530418
3,3,0.5466194371289088,0.8007093393678106
3,3,0.5466194371289088,0.7799879497530418
3,3,0.5994947071803884,0.8007093393678106
3,3,0.5466194371289088,0.8007093393678106
3,3,0.5466194371289088,0.8007093393678106
3,3,0.5994947071803884,0.8007093393678106
3,3,0.5994947071803884,0.82143072898258
3,3,0.5994947071803884,0.8007093393678106
3,3,0.6523699772318685,0.82143072898258
3,3,0.5994947071803884,0.82143072898258
3,3,0.5994947071803884,0.82143072898258
3,3,0.6523699772318685,0.82143072898258
3,3,0.6523699772318685,0.8421521185973488
3,3,0.3351183569229894,0.6971023912939653
3,3,0.3879936269744695,0.6971023912939653
3,3,0.3879936269744695,0.7178237809087342
3,3,0.3879936269744695,0.6971023912939653
3,3,0.4408688970259491,0.7178237809087342
3,3,0.3879936269744695,0.7178237809087342
3,3,0.3879936269744695,0.7178237809087342
3,3,0.4408688970259491,0.7178237809087342
3,3,0.4408688970259491,0.7385451705235031
3,3,0.4408688970259491,0.7178237809087342
3,3,0.49374416707742874,0.7385451705235031
3,3,0.4408688970259491,0.7385451705235031
3,3,0.4408688970259491,0.7385451705235031
3,3,0.49374416707742874,0.7385451705235031
3,3,0.49374416707742874,0.7592665601382724
3,3,0.49374416707742874,0.7385451705235031
3,3,0.5466194371289088,0.7592665601382724
3,3,0.49374416707742874,0.7592665601382724
3,3,0.49374416707742874,0.7592665601382724
3,3,0.5466194371289088,0.7592665601382724
3,3,0.5466194371289088,0.7799879497530418
3,3,0.5466194371289088,0.7592665601382724
3,3,0.5994947071803884,0.7799879497530418
3,3,0.5466194371289088,0.7799879497530418
3,3,0.5466194371289088,0.7799879497530418
3,3,0.5994947071803884,0.7799879497530418
3,3,0.5994947071803884,0.8007093393678106
3,3,0.5994947071803884,0.7799879497530418
3,3,0.6523699772318685,0.8007093393678106
3,3,0.5994947071803884,0.8007093393678106
3,3,0.5994947071803884,0.8007093393678106
3,3,0.6523699772318685,0.8007093393678106
3,3,0.6523699772318685,0.82143072898258
3,3,0.3879936269744695,0.6971023912939653
3,3,0.4408688970259491,0.6971023912939653
3,3,0.4408688970259491,0.7178237809087342
3,3,0.4408688970259491,0.6971023912939653
3,3,0.49374416707742874,0.7178237809087342
3,3,0.4408688970259491,0.7178237809087342
3,3,0.4408688970259491,0.7178237809087342
3,3,0.49374416707742874,0.7178237809087342
3,3,0.49374416707742874,0.7385451705235031
3,3,0.49374416707742874,0.7178237809087342
3,3,0.5466194371289088,0.7385451705235031
3,3,0.49374416707742874,0.7385451705235031
3,3,0.49374416707742874,0.7385451705235031
3,3,0.5466194371289088,0.7385451705235031
3,3,0.5466194371289088,0.7592665601382724
3,3,0.5466194371289088,0.7385451705235031
3,3,0.5994947071803884,0.7592665601382724
3,3,0.5466194371289088,0.7592665601382724
3,3,0.5466194371289088,0.7592665601382724
3,3,0.5994947071803884,0.7592665601382724
3,3,0.5994947071803884,0.7799879497530418
3,3,0.5994947071803884,0.7592665601382724
3,3,0.6523699772318685,0.7799879497530418
3,3,0.5994947071803884,0.7799879497530418
3,3,0.5994947071803884,0.7799879497530418
3,3,0.6523699772318685,0.7799879497530418
3,3,0.6523699772318685,0.8007093393678106
3,3,0.4408688970259491,0.6971023912939653
3,3,0.49374416707742874,0.6971023912939653
3,3,0.49374416707742874,0.7178237809087342
3,3,0.49374416707742874,0.6971023912939653
3,3,0.5466194371289088,0.7178237809087342
3,3,0.49374416707742874,0.7178237809087342
3,3,0.49374416707742874,0.7178237809087342
3,3,0.5466194371289088,0.7178237809087342
3,3,0.5466194371289088,0.7385451705235031
3,3,0.5466194371289088,0.7178237809087342
3,3,0.5994947071803884,0.7385451705235035
3,3,0.5466194371289088,0.7385451705235031
3,3,0.5466194371289088,0.7385451705235031
3,3,0.5994947071803884,0.7385451705235035
3,3,0.5994947071803884,0.7592665601382724
3,3,0.5994947071803884,0.7385451705235035
3,3,0.6523699772318685,0.7592665601382724
3,3,0.5994947071803884,0.7592665601382724
3,3,0.5994947071803884,0.7592665601382724
3,3,0.6523699772318685,0.7592665601382724
3,3,0.6523699772318685,0.7799879497530418
3,3,0.49374416707742874,0.6971023912939653
3,3,0.5466194371289088,0.6971023912939653
3,3,0.5466194371289088,0.7178237809087342
3,3,0.5466194371289088,0.6971023912939653
3,3,0.5994947071803884,0.7178237809087342
3,3,0.5466194371289088,0.7178237809087342
3,3,0.5466194371289088,0.7178237809087342
3,3,0.5994947071803884,0.7178237809087342
3,3,0.5994947071803884,0.7385451705235035
3,3,0.5994947071803884,0.7178237809087342
3,3,0.6523699772318685,0.7385451705235031
3,3,0.5994947071803884,0.7385451705235035
3,3,0.5994947071803884,0.7385451705235035
3,3,0.6523699772318685,0.7385451705235031
3,3,0.6523699772318685,0.7592665601382724
3,3,0.5466194371289088,0.6971023912939653
3,3,0.5994947071803884,0.6971023912939653
3,3,0.5994947071803884,0.7178237809087342
3,3,0.5994947071803884,0.6971023912939653
3,3,0.6523699772318685,0.7178237809087342
3,3,0.5994947071803884,0.7178237809087342
3,3,0.5994947071803884,0.7178237809087342
3,3,0.6523699772318685,0.7178237809087342
3,3,0.6523699772318685,0.7385451705235031
3,3,0.5994947071803884,0.6971023912939653
3,3,0.6523699772318685,0.6971023912939653
3,3,0.6523699772318685,0.7178237809087342
3,3,0.7526000337530001,0.8447068104676627
3,3,0.7526000337530001,0.865437988173889
3,3,0.6997149756100631,0.865437988173889
3,3,0.7526000337530001,0.865437988173889
3,3,0.6997149756100631,0.8861691658801152
3,3,0.6997149756100631,0.865437988173889
3,3,0.6997149756100631,0.865437988173889
3,3,0.6997149756100631,0.8861691658801152
3,3,0.6468299174671261,0.8861691658801152
3,3,0.6997149756100631,0.8861691658801152
3,3,0.6468299174671261,0.9069003435863419
3,3,0.6468299174671261,0.8861691658801152
3,3,0.6468299174671261,0.8861691658801152
3,3,0.6468299174671261,0.9069003435863419
3,3,0.5939448593241892,0.9069003435863419
3,3,0.6468299174671261,0.9069003435863419
3,3,0.5939448593241892,0.9276315212925681
3,3,0.5939448593241892,0.9069003435863419
3,3,0.5939448593241892,0.9069003435863419
3,3,0.5939448593241892,0.9276315212925681
3,3,0.5410598011812522,0.9276315212925681
3,3,0.5939448593241892,0.9276315212925681
3,3,0.5410598011812522,0.9483626989987943
3,3,0.5410598011812522,0.9276315212925681
3,3,0.5410598011812522,0.9276315212925681
3,3,0.5410598011812522,0.9483626989987943
3,3,0.4881747430383152,0.9483626989987943
3,3,0.5410598011812522,0.9483626989987943
3,3,0.4881747430383152,0.9690938767050206
3,3,0.4881747430383152,0.9483626989987943
3,3,0.4881747430383152,0.9483626989987943
3,3,0.4881747430383152,0.9690938767050206
3,3,0.4352896848953782,0.9690938767050206
3,3,0.4881747430383152,0.9690938767050206
3,3,0.4352896848953782,0.9898250544112468
3,3,0.4352896848953782,0.9690938767050206
3,3,0.4352896848953782,0.9690938767050206
3,3,0.4352896848953782,0.9898250544112468
3,3,0.38240462675244125,0.9898250544112468
3,3,0.4352896848953782,0.9898250544112468
3,2,0.38240462675244125,0.01055623211747303
3,3,0.38240462675244125,0.9898250544112468
3,3,0.38240462675244125,0.9898250544112468
3,2,0.38240462675244125,0.01055623211747303
3,2,0.32951956860950427,0.01055623211747303
3,3,0.7526000337530001,0.865437988173889
3,3,0.7526000337530001,0.8861691658801152
3,3,0.6997149756100631,0.8861691658801152
3,3,0.7526000337530001,0.8861691658801152
3,3,0.6997149756100631,0.9069003435863419
3,3,0.6997149756100631,0.8861691658801152
3,3,0.6997149756100631,0.8861691658801152
3,3,0.6997149756100631,0.9069003435863419
3,3,0.6468299174671261,0.9069003435863419
3,3,0.6997149756100631,0.9069003435863419
3,3,0.6468299174671261,0.9276315212925681
3,3,0.6468299174671261,0.9069003435863419
3,3,0.6468299174671261,0.9069003435863419
3,3,0.6468299174671261,0.9276315212925681
3,3,0.5939448593241892,0.9276315212925681
3,3,0.6468299174671261,0.9276315212925681
3,3,0.5939448593241892,0.9483626989987943
3,3,0.5939448593241892,0.9276315212925681
3,3,0.5939448593241892,0.9276315212925681
3,3,0.5939448593241892,0.9483626989987943
3,3,0.5410598011812522,0.9483626989987943
3,3,0.5939448593241892,0.9483626989987943
3,3,0.5410598011812522,0.9690938767050206
3,3,0.5410598011812522,0.9483626989987943
3,3,0.5410598011812522,0.9483626989987943
3,3,0.5410598011812522,0.9690938767050206
3,3,0.4881747430383152,0.9690938767050206
3,3,0.5410598011812522,0.9690938767050206
3,3,0.4881747430383152,0.9898250544112468
3,3,0.4881747430383152,0.9690938767050206
3,3,0.4881747430383152,0.9690938767050206
3,3,0.4881747430383152,0.9898250544112468
3,3,0.4352896848953782,0.9898250544112468
3,3,0.4881747430383152,0.9898250544112468
3,2,0.4352896848953782,0.01055623211747303
3,3,0.4352896848953782,0.9898250544112468
3,3,0.4352896848953782,0.9898250544112468
3,2,0.4352896848953782,0.01055623211747303
3,2,0.38240462675244125,0.01055623211747303
3,3,0.7526000337530001,0.8861691658801152
3,3,0.7526000337530001,0.9069003435863419
3,3,0.6997149756100631,0.9069003435863419
3,3,0.7526000337530001,0.9069003435863419
3,3,0.6997149756100631,0.9276315212925681
3,3,0.6997149756100631,0.9069003435863419
3,3,0.6997149756100631,0.9069003435863419
3,3,0.6997149756100631,0.9276315212925681
3,3,0.6468299174671261,0.9276315212925681
3,3,0.6997149756100631,0.9276315212925681
3,3,0.6468299174671261,0.9483626989987943
3,3,0.6468299174671261,0.9276315212925681
3,3,0.6468299174671261,0.9276315212925681
3,3,0.6468299174671261,0.9483626989987943
3,3,0.5939448593241892,0.9483626989987943
3,3,0.6468299174671261,0.9483626989987943
3,3,0.5939448593241892,0.9690938767050206
3,3,0.5939448593241892,0.9483626989987943
3,3,0.5939448593241892,0.9483626989987943
3,3,0.5939448593241892,0.9690938767050206
3,3,0.5410598011812522,0.9690938767050206
3,3,0.5939448593241892,0.9690938767050206
3,3,0.5410598011812522,0.9898250544112468
3,3,0.5410598011812522,0.9690938767050206
3,3,0.5410598011812522,0.9690938767050206
3,3,0.5410598011812522,0.9898250544112468
3,3,0.4881747430383152,0.9898250544112468
3,3,0.5410598011812522,0.9898250544112468
3,2,0.4881747430383152,0.01055623211747303
3,3,0.4881747430383152,0.9898250544112468
3,3,0.4881747430383152,0.9898250544112468
3,2,0.4881747430383152,0.01055623211747303
3,2,0.4352896848953782,0.01055623211747303
3,3,0.7526000337530001,0.9069003435863419
3,3,0.7526000337530001,0.9276315212925681
3,3,0.6997149756100631,0.9276315212925681
3,3,0.7526000337530001,0.9276315212925681
3,3,0.6997149756100631,0.9483626989987943
3,3,0.6997149756100631,0.9276315212925681
3,3,0.6997149756100631,0.9276315212925681
3,3,0.6997149756100631,0.9483626989987943
3,3,0.6468299174671261,0.9483626989987943
3,3,0.6997149756100631,0.9483626989987943
3,3,0.6468299174671261,0.9690938767050206
3,3,0.6468299174671261,0.9483626989987943
3,3,0.6468299174671261,0.9483626989987943
3,3,0.6468299174671261,0.9690938767050206
3,3,0.5939448593241892,0.9690938767050206
3,3,0.6468299174671261,0.9690938767050206
3,3,0.5939448593241892,0.9898250544112468
3,3,0.5939448593241892,0.9690938767050206
3,3,0.5939448593241892,0.9690938767050206
3,3,0.5939448593241892,0.9898250544112468
3,3,0.5410598011812522,0.9898250544112468
3,3,0.5939448593241892,0.9898250544112468
3,2,0.5410598011812522,0.01055623211747303
3,3,0.5410598011812522,0.9898250544112468
3,3,0.5410598011812522,0.9898250544112468
3,2,0.5410598011812522,0.01055623211747303
3,2,0.4881747430383152,0.01055623211747303
3,3,0.7526000337530001,0.9276315212925681
3,3,0.7526000337530001,0.9483626989987943
3,3,0.6997149756100631,0.9483626989987943
3,3,0.7526000337530001,0.9483626989987943
3,3,0.6997149756100631,0.9690938767050206
3,3,0.6997149756100631,0.9483626989987943
3,3,0.6997149756100631,0.9483626989987943
3,3,0.6997149756100631,0.9690938767050206
3,3,0.6468299174671261,0.9690938767050206
3,3,0.6997149756100631,0.9690938767050206
3,3,0.6468299174671261,0.9898250544112468
3,3,0.6468299174671261,0.9690938767050206
3,3,0.6468299174671261,0.9690938767050206
3,3,0.6468299174671261,0.9898250544112468
3,3,0.5939448593241892,0.9898250544112468
3,3,0.6468299174671261,0.9898250544112468
3,2,0.5939448593241892,0.01055623211747303
3,3,0.5939448593241892,0.9898250544112468
3,3,0.5939448593241892,0.9898250544112468
3,2,0.5939448593241892,0.01055623211747303
3,2,0.5410598011812522,0.01055623211747303
3,3,0.7526000337530001,0.9483626989987943
3,3,0.7526000337530001,0.9690938767050206
3,3,0.6997149756100631,0.9690938767050206
3,3,0.7526000337530001,0.9690938767050206
3,3,0.6997149756100631,0.9898250544112468
3,3,0.6997149756100631,0.9690938767050206
3,3,0.6997149756100631,0.9690938767050206
3,3,0.6997149756100631,0.9898250544112468
3,3,0.6468299174671261,0.9898250544112468
3,3,0.6997149756100631,0.9898250544112468
3,2,0.6468299174671261,0.01055623211747303
3,3,0.6468299174671261,0.9898250544112468
3,3,0.6468299174671261,0.9898250544112468
3,2,0.6468299174671261,0.01055623211747303
3,2,0.5939448593241892,0.01055623211747303
3,3,0.7526000337530001,0.9690938767050206
3,3,0.7526000337530001,0.9898250544112468
3,3,0.6997149756100631,0.9898250544112468
3,3,0.7526000337530001,0.9898250544112468
3,2,0.6997149756100631,0.01055623211747303
3,3,0.6997149756100631,0.9898250544112468
3,3,0.6997149756100631,0.9898250544112468
3,2,0.6997149756100631,0.01055623211747303
3,2,0.6468299174671261,0.01055623211747303
3,3,0.7526000337530001,0.9898250544112468
3,2,0.7526000337530001,0.01055623211747303
3,2,0.6997149756100631,0.01055623211747303
3,2,0.32951956860950427,0.01055623211747303
3,3,0.32951956860950427,0.9898250544112468
3,3,0.38240462675244125,0.9898250544112468
3,3,0.32951956860950427,0.9898250544112468
3,3,0.38240462675244125,0.9690938767050206
3,3,0.38240462675244125,0.9898250544112468
3,3,0.38240462675244125,0.9898250544112468
3,3,0.38240462675244125,0.9690938767050206
3,3,0.4352896848953782,0.9690938767050206
3,3,0.38240462675244125,0.9690938767050206
3,3,0.4352896848953782,0.9483626989987943
3,3,0.4352896848953782,0.9690938767050206
3,3,0.4352896848953782,0.9690938767050206
3,3,0.4352896848953782,0.9483626989987943
3,3,0.4881747430383152,0.9483626989987943
3,3,0.4352896848953782,0.9483626989987943
3,3,0.4881747430383152,0.9276315212925681
3,3,0.4881747430383152,0.9483626989987943
3,3,0.4881747430383152,0.9483626989987943
3,3,0.4881747430383152,0.9276315212925681
3,3,0.5410598011812522,0.9276315212925681
3,3,0.4881747430383152,0.9276315212925681
3,3,0.5410598011812522,0.9069003435863419
3,3,0.5410598011812522,0.9276315212925681
3,3,0.5410598011812522,0.9276315212925681
3,3,0.5410598011812522,0.9069003435863419
3,3,0.5939448593241892,0.9069003435863419
3,3,0.5410598011812522,0.9069003435863419
3,3,0.5939448593241892,0.8861691658801152
3,3,0.5939448593241892,0.9069003435863419
3,3,0.5939448593241892,0.9069003435863419
3,3,0.5939448593241892,0.8861691658801152
3,3,0.6468299174671261,0.8861691658801152
3,3,0.5939448593241892,0.8861691658801152
3,3,0.6468299174671261,0.865437988173889
3,3,0.6468299174671261,0.8861691658801152
3,3,0.6468299174671261,0.8861691658801152
3,3,0.6468299174671261,0.865437988173889
3,3,0.6997149756100631,0.865437988173889
3,3,0.6468299174671261,0.865437988173889
3,3,0.6997149756100631,0.8447068104676627
3,3,0.6997149756100631,0.865437988173889
3,3,0.6997149756100631,0.865437988173889
3,3,0.6997149756100631,0.8447068104676627
3,3,0.7526000337530001,0.8447068104676627
3,3,0.32951956860950427,0.9898250544112468
3,3,0.32951956860950427,0.9690938767050206
3,3,0.38240462675244125,0.9690938767050206
3,3,0.32951956860950427,0.9690938767050206
3,3,0.38240462675244125,0.9483626989987943
3,3,0.38240462675244125,0.9690938767050206
3,3,0.38240462675244125,0.9690938767050206
3,3,0.38240462675244125,0.9483626989987943
3,3,0.4352896848953782,0.9483626989987943
3,3,0.38240462675244125,0.9483626989987943
3,3,0.4352896848953782,0.9276315212925681
3,3,0.4352896848953782,0.9483626989987943
3,3,0.4352896848953782,0.9483626989987943
3,3,0.4352896848953782,0.9276315212925681
3,3,0.4881747430383152,0.9276315212925681
3,3,0.4352896848953782,0.9276315212925681
3,3,0.4881747430383152,0.9069003435863419
3,3,0.4881747430383152,0.9276315212925681
3,3,0.4881747430383152,0.9276315212925681
3,3,0.4881747430383152,0.9069003435863419
3,3,0.5410598011812522,0.9069003435863419
3,3,0.4881747430383152,0.9069003435863419
3,3,0.5410598011812522,0.8861691658801152
3,3,0.5410598011812522,0.9069003435863419
3,3,0.5410598011812522,0.9069003435863419
3,3,0.5410598011812522,0.8861691658801152
3,3,0.5939448593241892,0.8861691658801152
3,3,0.5410598011812522,0.8861691658801152
3,3,0.5939448593241892,0.865437988173889
3,3,0.5939448593241892,0.8861691658801152
3,3,0.5939448593241892,0.8861691658801152
3,3,0.5939448593241892,0.865437988173889
3,3,0.6468299174671261,0.865437988173889
3,3,0.5939448593241892,0.865437988173889
3,3,0.6468299174671261,0.8447068104676627
3,3,0.6468299174671261,0.865437988173889
3,3,0.6468299174671261,0.865437988173889
3,3,0.6468299174671261,0.8447068104676627
3,3,0.6997149756100631,0.8447068104676627
3,3,0.32951956860950427,0.9690938767050206
3,3,0.32951956860950427,0.9483626989987943
3,3,0.38240462675244125,0.9483626989987943
3,3,0.32951956860950427,0.9483626989987943
3,3,0.38240462675244125,0.9276315212925681
3,3,0.38240462675244125,0.9483626989987943
3,3,0.38240462675244125,0.9483626989987943
3,3,0.38240462675244125,0.9276315212925681
3,3,0.4352896848953782,0.9276315212925681
3,3,0.38240462675244125,0.9276315212925681
3,3,0.4352896848953782,0.9069003435863419
3,3,0.4352896848953782,0.9276315212925681
3,3,0.4352896848953782,0.9276315212925681
3,3,0.4352896848953782,0.9069003435863419
3,3,0.4881747430383152,0.9069003435863419
3,3,0.4352896848953782,0.9069003435863419
3,3,0.4881747430383152,0.8861691658801152
3,3,0.4881747430383152,0.9069003435863419
3,3,0.4881747430383152,0.9069003435863419
3,3,0.4881747430383152,0.8861691658801152
3,3,0.5410598011812522,0.8861691658801152
3,3,0.4881747430383152,0.8861691658801152
3,3,0.5410598011812522,0.865437988173889
3,3,0.5410598011812522,0.8861691658801152
3,3,0.5410598011812522,0.8861691658801152
3,3,0.5410598011812522,0.865437988173889
3,3,0.5939448593241892,0.865437988173889
3,3,0.5410598011812522,0.865437988173889
3,3,0.5939448593241892,0.8447068104676627
3,3,0.5939448593241892,0.865437988173889
3,3,0.5939448593241892,0.865437988173889
3,3,0.5939448593241892,0.8447068104676627
3,3,0.6468299174671261,0.8447068104676627
3,3,0.32951956860950427,0.9483626989987943
3,3,0.32951956860950427,0.9276315212925681
3,3,0.38240462675244125,0.9276315212925681
3,3,0.32951956860950427,0.9276315212925681
3,3,0.38240462675244125,0.9069003435863419
3,3,0.38240462675244125,0.9276315212925681
3,3,0.38240462675244125,0.9276315212925681
3,3,0.38240462675244125,0.9069003435863419
3,3,0.4352896848953782,0.9069003435863419
3,3,0.38240462675244125,0.9069003435863419
3,3,0.4352896848953782,0.8861691658801152
3,3,0.4352896848953782,0.9069003435863419
3,3,0.4352896848953782,0.9069003435863419
3,3,0.4352896848953782,0.8861691658801152
3,3,0.4881747430383152,0.8861691658801152
3,3,0.4352896848953782,0.8861691658801152
3,3,0.4881747430383152,0.865437988173889
3,3,0.4881747430383152,0.8861691658801152
3,3,0.4881747430383152,0.8861691658801152
3,3,0.4881747430383152,0.865437988173889
3,3,0.5410598011812522,0.865437988173889
3,3,0.4881747430383152,0.865437988173889
3,3,0.5410598011812522,0.8447068104676627
3,3,0.5410598011812522,0.865437988173889
3,3,0.5410598011812522,0.865437988173889
3,3,0.5410598011812522,0.8447068104676627
3,3,0.5939448593241892,0.8447068104676627
3,3,0.32951956860950427,0.9276315212925681
3,3,0.32951956860950427,0.9069003435863419
3,3,0.38240462675244125,0.9069003435863419
3,3,0.32951956860950427,0.9069003435863419
3,3,0.38240462675244125,0.8861691658801152
3,3,0.38240462675244125,0.9069003435863419
3,3,0.38240462675244125,0.9069003435863419
3,3,0.38240462675244125,0.8861691658801152
3,3,0.4352896848953782,0.8861691658801152
3,3,0.38240462675244125,0.8861691658801152
3,3,0.4352896848953782,0.865437988173889
3,3,0.4352896848953782,0.8861691658801152
3,3,0.4352896848953782,0.8861691658801152
3,3,0.4352896848953782,0.865437988173889
3,3,0.4881747430383152,0.865437988173889
3,3,0.4352896848953782,0.865437988173889
3,3,0.4881747430383152,0.8447068104676627
3,3,0.4881747430383152,0.865437988173889
3,3,0.4881747430383152,0.865437988173889
3,3,0.4881747430383152,0.8447068104676627
3,3,0.5410598011812522,0.8447068104676627
3,3,0.32951956860950427,0.9069003435863419
3,3,0.32951956860950427,0.8861691658801152
3,3,0.38240462675244125,0.8861691658801152
3,3,0.32951956860950427,0.8861691658801152
3,3,0.38240462675244125,0.865437988173889
3,3,0.38240462675244125,0.8861691658801152
3,3,0.38240462675244125,0.8861691658801152
3,3,0.38240462675244125,0.865437988173889
3,3,0.4352896848953782,0.865437988173889
3,3,0.38240462675244125,0.865437988173889
3,3,0.4352896848953782,0.8447068104676627
3,3,0.4352896848953782,0.865437988173889
3,3,0.4352896848953782,0.865437988173889
3,3,0.4352896848953782,0.8447068104676627
3,3,0.4881747430383152,0.8447068104676627
3,3,0.32951956860950427,0.8861691658801152
3,3,0.32951956860950427,0.865437988173889
3,3,0.38240462675244125,0.865437988173889
3,3,0.32951956860950427,0.865437988173889
3,3,0.38240462675244125,0.8447068104676627
3,3,0.38240462675244125,0.865437988173889
3,3,0.38240462675244125,0.865437988173889
3,3,0.38240462675244125,0.8447068104676627
3,3,0.4352896848953782,0.8447068104676627
3,3,0.32951956860950427,0.865437988173889
3,3,0.32951956860950427,0.8447068104676627
3,3,0.38240462675244125,0.8447068104676627
3,3,0.7526000337530001,0.8447068104676627
3,3,0.6997149756100631,0.8447068104676627
3,3,0.6997149756100631,0.8239952089443507
3,3,0.6997149756100631,0.8447068104676627
3,3,0.6468299174671261,0.8239952089443507
3,3,0.6997149756100631,0.8239952089443507
3,3,0.6997149756100631,0.8239952089443507
3,3,0.6468299174671261,0.8239952089443507
3,3,0.6468299174671261,0.8032836074210388
3,3,0.6468299174671261,0.8239952089443507
3,3,0.5939448593241892,0.8032836074210388
3,3,0.6468299174671261,0.8032836074210388
3,3,0.6468299174671261,0.8032836074210388
3,3,0.5939448593241892,0.8032836074210388
3,3,0.5939448593241892,0.7825720058977268
3,3,0.5939448593241892,0.8032836074210388
3,3,0.5410598011812522,0.7825720058977268
3,3,0.5939448593241892,0.7825720058977268
3,3,0.5939448593241892,0.7825720058977268
3,3,0.5410598011812522,0.7825720058977268
3,3,0.5410598011812522,0.7618604043744148
3,3,0.5410598011812522,0.7825720058977268
3,3,0.4881747430383152,0.7618604043744148
3,3,0.5410598011812522,0.7618604043744148
3,3,0.5410598011812522,0.7618604043744148
3,3,0.4881747430383152,0.7618604043744148
3,3,0.4881747430383152,0.7411488028511029
3,3,0.4881747430383152,0.7618604043744148
3,3,0.4352896848953782,0.7411488028511029
3,3,0.4881747430383152,0.7411488028511029
3,3,0.4881747430383152,0.7411488028511029
3,3,0.4352896848953782,0.7411488028511029
3,3,0.4352896848953782,0.7204372013277913
3,3,0.4352896848953782,0.7411488028511029
3,3,0.38240462675244125,0.7204372013277913
3,3,0.4352896848953782,0.7204372013277913
3,3,0.4352896848953782,0.7204372013277913
3,3,0.38240462675244125,0.7204372013277913
3,3,0.38240462675244125,0.6997255998044793
3,3,0.38240462675244125,0.7204372013277913
3,3,0.32951956860950427,0.6997255998044793
3,3,0.38240462675244125,0.6997255998044793
3,3,0.38240462675244125,0.6997255998044793
3,3,0.32951956860950427,0.6997255998044793
3,3,0.32951956860950427,0.6790139982811674
3,3,0.6997149756100631,0.8447068104676627
3,3,0.6468299174671261,0.8447068104676627
3,3,0.6468299174671261,0.8239952089443507
3,3,0.6468299174671261,0.8447068104676627
3,3,0.5939448593241892,0.8239952089443507
3,3,0.6468299174671261,0.8239952089443507
3,3,0.6468299174671261,0.8239952089443507
3,3,0.5939448593241892,0.8239952089443507
3,3,0.5939448593241892,0.8032836074210388
3,3,0.5939448593241892,0.8239952089443507
3,3,0.5410598011812522,0.8032836074210388
3,3,0.5939448593241892,0.8032836074210388
3,3,0.5939448593241892,0.8032836074210388
3,3,0.5410598011812522,0.8032836074210388
3,3,0.5410598011812522,0.7825720058977268
3,3,0.5410598011812522,0.8032836074210388
3,3,0.4881747430383152,0.7825720058977268
3,3,0.5410598011812522,0.7825720058977268
3,3,0.5410598011812522,0.7825720058977268
3,3,0.4881747430383152,0.7825720058977268
3,3,0.4881747430383152,0.7618604043744148
3,3,0.4881747430383152,0.7825720058977268
3,3,0.4352896848953782,0.7618604043744148
3,3,0.4881747430383152,0.7618604043744148
3,3,0.4881747430383152,0.7618604043744148
3,3,0.4352896848953782,0.7618604043744148
3,3,0.4352896848953782,0.7411488028511029
3,3,0.4352896848953782,0.7618604043744148
3,3,0.38240462675244125,0.7411488028511029
3,3,0.4352896848953782,0.7411488028511029
3,3,0.4352896848953782,0.7411488028511029
3,3,0.38240462675244125,0.7411488028511029
3,3,0.38240462675244125,0.7204372013277913
3,3,0.38240462675244125,0.7411488028511029
3,3,0.32951956860950427,0.7204372013277913
3,3,0.38240462675244125,0.7204372013277913
3,3,0.38240462675244125,0.7204372013277913
3,3,0.32951956860950427,0.7204372013277913
3,3,0.32951956860950427,0.6997255998044793
3,3,0.6468299174671261,0.8447068104676627
3,3,0.5939448593241892,0.8447068104676627
3,3,0.5939448593241892,0.8239952089443507
3,3,0.5939448593241892,0.8447068104676627
3,3,0.5410598011812522,0.8239952089443507
3,3,0.5939448593241892,0.8239952089443507
3,3,0.5939448593241892,0.8239952089443507
3,3,0.5410598011812522,0.8239952089443507
3,3,0.5410598011812522,0.8032836074210388
3,3,0.5410598011812522,0.8239952089443507
3,3,0.4881747430383152,0.8032836074210388
3,3,0.5410598011812522,0.8032836074210388
3,3,0.5410598011812522,0.8032836074210388
3,3,0.4881747430383152,0.8032836074210388
3,3,0.4881747430383152,0.7825720058977268
3,3,0.4881747430383152,0.8032836074210388
3,3,0.4352896848953782,0.7825720058977268
3,3,0.4881747430383152,0.7825720058977268
3,3,0.4881747430383152,0.7825720058977268
3,3,0.4352896848953782,0.7825720058977268
3,3,0.4352896848953782,0.7618604043744148
3,3,0.4352896848953782,0.7825720058977268
3,3,0.38240462675244125,0.7618604043744148
3,3,0.4352896848953782,0.7618604043744148
3,3,0.4352896848953782,0.7618604043744148
3,3,0.38240462675244125,0.7618604043744148
3,3,0.38240462675244125,0.7411488028511029
3,3,0.38240462675244125,0.7618604043744148
3,3,0.32951956860950427,0.7411488028511029
3,3,0.38240462675244125,0.7411488028511029
3,3,0.38240462675244125,0.7411488028511029
3,3,0.32951956860950427,0.7411488028511029
3,3,0.32951956860950427,0.7204372013277913
3,3,0.5939448593241892,0.8447068104676627
3,3,0.5410598011812522,0.8447068104676627
3,3,0.5410598011812522,0.8239952089443507
3,3,0.5410598011812522,0.8447068104676627
3,3,0.4881747430383152,0.8239952089443507
3,3,0.5410598011812522,0.8239952089443507
3,3,0.5410598011812522,0.8239952089443507
3,3,0.4881747430383152,0.8239952089443507
3,3,0.4881747430383152,0.8032836074210388
3,3,0.4881747430383152,0.8239952089443507
3,3,0.4352896848953782,0.8032836074210388
3,3,0.4881747430383152,0.8032836074210388
3,3,0.4881747430383152,0.8032836074210388
3,3,0.4352896848953782,0.8032836074210388
3,3,0.4352896848953782,0.7825720058977268
3,3,0.4352896848953782,0.8032836074210388
3,3,0.38240462675244125,0.7825720058977268
3,3,0.4352896848953782,0.7825720058977268
3,3,0.4352896848953782,0.7825720058977268
3,3,0.38240462675244125,0.7825720058977268
3,3,0.38240462675244125,0.7618604043744148
3,3,0.38240462675244125,0.7825720058977268
3,3,0.32951956860950427,0.7618604043744148
3,3,0.38240462675244125,0.7618604043744148
3,3,0.38240462675244125,0.7618604043744148
3,3,0.32951956860950427,0.7618604043744148
3,3,0.32951956860950427,0.7411488028511029
3,3,0.5410598011812522,0.8447068104676627
3,3,0.4881747430383152,0.8447068104676627
3,3,0.4881747430383152,0.8239952089443507
3,3,0.4881747430383152,0.8447068104676627
3,3,0.4352896848953782,0.8239952089443507
3,3,0.4881747430383152,0.8239952089443507
3,3,0.4881747430383152,0.8239952089443507
3,3,0.4352896848953782,0.8239952089443507
3,3,0.4352896848953782,0.8032836074210388
3,3,0.4352896848953782,0.8239952089443507
3,3,0.38240462675244125,0.8032836074210388
3,3,0.4352896848953782,0.8032836074210388
3,3,0.4352896848953782,0.8032836074210388
3,3,0.38240462675244125,0.8032836074210388
3,3,0.38240462675244125,0.7825720058977268
3,3,0.38240462675244125,0.8032836074210388
3,3,0.32951956860950427,0.7825720058977268
3,3,0.38240462675244125,0.7825720058977268
3,3,0.38240462675244125,0.7825720058977268
3,3,0.32951956860950427,0.7825720058977268
3,3,0.32951956860950427,0.7618604043744148
3,3,0.4881747430383152,0.8447068104676627
3,3,0.4352896848953782,0.8447068104676627
3,3,0.4352896848953782,0.8239952089443507
3,3,0.4352896848953782,0.8447068104676627
3,3,0.38240462675244125,0.8239952089443507
3,3,0.4352896848953782,0.8239952089443507
3,3,0.4352896848953782,0.8239952089443507
3,3,0.38240462675244125,0.8239952089443507
3,3,0.38240462675244125,0.8032836074210388
3,3,0.38240462675244125,0.8239952089443507
3,3,0.32951956860950427,0.8032836074210388
3,3,0.38240462675244125,0.8032836074210388
3,3,0.38240462675244125,0.8032836074210388
3,3,0.32951956860950427,0.8032836074210388
3,3,0.32951956860950427,0.7825720058977268
3,3,0.4352896848953782,0.8447068104676627
3,3,0.38240462675244125,0.8447068104676627
3,3,0.38240462675244125,0.8239952089443507
3,3,0.38240462675244125,0.8447068104676627
3,3,0.32951956860950427,0.8239952089443507
3,3,0.38240462675244125,0.8239952089443507
3,3,0.38240462675244125,0.8239952089443507
3,3,0.32951956860950427,0.8239952089443507
3,3,0.32951956860950427,0.8032836074210388
3,3,0.38240462675244125,0.8447068104676627
3,3,0.32951956860950427,0.8447068104676627
3,3,0.32951956860950427,0.8239952089443507
3,3,0.32951956860950427,0.6790139982811674
3,3,0.38240462675244125,0.6790139982811674
3,3,0.38240462675244125,0.6997255998044793
3,3,0.38240462675244125,0.6790139982811674
3,3,0.4352896848953782,0.6997255998044793
3,3,0.38240462675244125,0.6997255998044793
3,3,0.38240462675244125,0.6997255998044793
3,3,0.4352896848953782,0.6997255998044793
3,3,0.4352896848953782,0.7204372013277913
3,3,0.4352896848953782,0.6997255998044793
3,3,0.4881747430383152,0.7204372013277913
3,3,0.4352896848953782,0.7204372013277913
3,3,0.4352896848953782,0.7204372013277913
3,3,0.4881747430383152,0.7204372013277913
3,3,0.4881747430383152,0.7411488028511029
3,3,0.4881747430383152,0.7204372013277913
3,3,0.5410598011812522,0.7411488028511029
3,3,0.4881747430383152,0.7411488028511029
3,3,0.4881747430383152,0.7411488028511029
3,3,0.5410598011812522,0.7411488028511029
3,3,0.5410598011812522,0.7618604043744148
3,3,0.5410598011812522,0.7411488028511029
3,3,0.5939448593241892,0.7618604043744148
3,3,0.5410598011812522,0.7618604043744148
3,3,0.5410598011812522,0.7618604043744148
3,3,0.5939448593241892,0.7618604043744148
3,3,0.5939448593241892,0.7825720058977268
3,3,0.5939448593241892,0.7618604043744148
3,3,0.6468299174671261,0.7825720058977268
3,3,0.5939448593241892,0.7825720058977268
3,3,0.5939448593241892,0.7825720058977268
3,3,0.6468299174671261,0.7825720058977268
3,3,0.6468299174671261,0.8032836074210388
3,3,0.6468299174671261,0.7825720058977268
3,3,0.6997149756100631,0.8032836074210388
3,3,0.6468299174671261,0.8032836074210388
3,3,0.6468299174671261,0.8032836074210388
3,3,0.6997149756100631,0.8032836074210388
3,3,0.6997149756100631,0.8239952089443507
3,3,0.6997149756100631,0.8032836074210388
3,3,0.7526000337530001,0.8239952089443507
3,3,0.6997149756100631,0.8239952089443507
3,3,0.6997149756100631,0.8239952089443507
3,3,0.7526000337530001,0.8239952089443507
3,3,0.7526000337530001,0.8447068104676627
3,3,0.38240462675244125,0.6790139982811674
3,3,0.4352896848953782,0.6790139982811674
3,3,0.4352896848953782,0.6997255998044793
3,3,0.4352896848953782,0.6790139982811674
3,3,0.4881747430383152,0.6997255998044793
3,3,0.4352896848953782,0.6997255998044793
3,3,0.4352896848953782,0.6997255998044793
3,3,0.4881747430383152,0.6997255998044793
3,3,0.4881747430383152,0.7204372013277913
3,3,0.4881747430383152,0.6997255998044793
3,3,0.5410598011812522,0.7204372013277913
3,3,0.4881747430383152,0.7204372013277913
3,3,0.4881747430383152,0.7204372013277913
3,3,0.5410598011812522,0.7204372013277913
3,3,0.5410598011812522,0.7411488028511029
3,3,0.5410598011812522,0.7204372013277913
3,3,0.5939448593241892,0.7411488028511033
3,3,0.5410598011812522,0.7411488028511029
3,3,0.5410598011812522,0.7411488028511029
3,3,0.5939448593241892,0.7411488028511033
3,3,0.5939448593241892,0.7618604043744148
3,3,0.5939448593241892,0.7411488028511033
3,3,0.6468299174671261,0.7618604043744148
3,3,0.5939448593241892,0.7618604043744148
3,3,0.5939448593241892,0.7618604043744148
3,3,0.6468299174671261,0.7618604043744148
3,3,0.6468299174671261,0.7825720058977268
3,3,0.6468299174671261,0.7618604043744148
3,3,0.6997149756100631,0.7825720058977268
3,3,0.6468299174671261,0.7825720058977268
3,3,0.6468299174671261,0.7825720058977268
3,3,0.6997149756100631,0.7825720058977268
3,3,0.6997149756100631,0.8032836074210388
3,3,0.6997149756100631,0.7825720058977268
3,3,0.7526000337530001,0.8032836074210388
3,3,0.6997149756100631,0.8032836074210388
3,3,0.6997149756100631,0.8032836074210388
3,3,0.7526000337530001,0.8032836074210388
3,3,0.7526000337530001,0.8239952089443507
3,3,0.4352896848953782,0.6790139982811674
3,3,0.4881747430383152,0.6790139982811674
3,3,0.4881747430383152,0.6997255998044793
3,3,0.4881747430383152,0.6790139982811674
3,3,0.5410598011812522,0.6997255998044793
3,3,0.4881747430383152,0.6997255998044793
3,3,0.4881747430383152,0.6997255998044793
3,3,0.5410598011812522,0.6997255998044793
3,3,0.5410598011812522,0.7204372013277913
3,3,0.5410598011812522,0.6997255998044793
3,3,0.5939448593241892,0.7204372013277913
3,3,0.5410598011812522,0.7204372013277913
3,3,0.5410598011812522,0.7204372013277913
3,3,0.5939448593241892,0.7204372013277913
3,3,0.5939448593241892,0.7411488028511033
3,3,0.5939448593241892,0.7204372013277913
3,3,0.6468299174671261,0.7411488028511033
3,3,0.5939448593241892,0.7411488028511033
3,3,0.5939448593241892,0.7411488028511033
3,3,0.6468299174671261,0.7411488028511033
3,3,0.6468299174671261,0.7618604043744148
3,3,0.6468299174671261,0.7411488028511033
3,3,0.6997149756100631,0.7618604043744148
3,3,0.6468299174671261,0.7618604043744148
3,3,0.6468299174671261,0.7618604043744148
3,3,0.6997149756100631,0.7618604043744148
3,3,0.6997149756100631,0.7825720058977268
3,3,0.6997149756100631,0.7618604043744148
3,3,0.7526000337530001,0.7825720058977268
3,3,0.6997149756100631,0.7825720058977268
3,3,0.6997149756100631,0.7825720058977268
3,3,0.7526000337530001,0.7825720058977268
3,3,0.7526000337530001,0.8032836074210388
3,3,0.4881747430383152,0.6790139982811674
3,3,0.5410598011812522,0.6790139982811674
3,3,0.5410598011812522,0.6997255998044793
3,3,0.5410598011812522,0.6790139982811674
3,3,0.5939448593241892,0.6997255998044793
3,3,0.5410598011812522,0.6997255998044793
3,3,0.5410598011812522,0.6997255998044793
3,3,0.5939448593241892,0.6997255998044793
3,3,0.5939448593241892,0.7204372013277913
3,3,0.5939448593241892,0.6997255998044793
3,3,0.6468299174671261,0.7204372013277913
3,3,0.5939448593241892,0.7204372013277913
3,3,0.5939448593241892,0.7204372013277913
3,3,0.6468299174671261,0.7204372013277913
3,3,0.6468299174671261,0.7411488028511033
3,3,0.6468299174671261,0.7204372013277913
3,3,0.6997149756100631,0.7411488028511029
3,3,0.6468299174671261,0.7411488028511033
3,3,0.6468299174671261,0.7411488028511033
3,3,0.6997149756100631,0.7411488028511029
3,3,0.6997149756100631,0.7618604043744148
3,3,0.6997149756100631,0.7411488028511029
3,3,0.7526000337530001,0.7618604043744148
3,3,0.6997149756100631,0.7618604043744148
3,3,0.6997149756100631,0.7618604043744148
3,3,0.7526000337530001,0.7618604043744148
3,3,0.7526000337530001,0.7825720058977268
3,3,0.5410598011812522,0.6790139982811674
3,3,0.5939448593241892,0.6790139982811674
3,3,0.5939448593241892,0.6997255998044793
3,3,0.5939448593241892,0.6790139982811674
3,3,0.6468299174671261,0.6997255998044793
3,3,0.5939448593241892,0.6997255998044793
3,3,0.5939448593241892,0.6997255998044793
3,3,0.6468299174671261,0.6997255998044793
3,3,0.6468299174671261,0.7204372013277913
3,3,0.6468299174671261,0.6997255998044793
3,3,0.6997149756100631,0.7204372013277913
3,3,0.6468299174671261,0.7204372013277913
3,3,0.6468299174671261,0.7204372013277913
3,3,0.6997149756100631,0.7204372013277913
3,3,0.6997149756100631,0.7411488028511029
3,3,0.6997149756100631,0.7204372013277913
3,3,0.7526000337530001,0.7411488028511029
3,3,0.6997149756100631,0.7411488028511029
3,3,0.6997149756100631,0.7411488028511029
3,3,0.7526000337530001,0.7411488028511029
3,3,0.7526000337530001,0.7618604043744148
3,3,0.5939448593241892,0.6790139982811674
3,3,0.6468299174671261,0.6790139982811674
3,3,0.6468299174671261,0.6997255998044793
3,3,0.6468299174671261,0.6790139982811674
3,3,0.6997149756100631,0.6997255998044793
3,3,0.6468299174671261,0.6997255998044793
3,3,0.6468299174671261,0.6997255998044793
3,3,0.6997149756100631,0.6997255998044793
3,3,0.6997149756100631,0.7204372013277913
3,3,0.6997149756100631,0.6997255998044793
3,3,0.7526000337530001,0.7204372013277913
3,3,0.6997149756100631,0.7204372013277913
3,3,0.6997149756100631,0.7204372013277913
3,3,0.7526000337530001,0.7204372013277913
3,3,0.7526000337530001,0.7411488028511029
3,3,0.6468299174671261,0.6790139982811674
3,3,0.6997149756100631,0.6790139982811674
3,3,0.6997149756100631,0.6997255998044793
3,3,0.6997149756100631,0.6790139982811674
3,3,0.7526000337530001,0.6997255998044793
3,3,0.6997149756100631,0.6997255998044793
3,3,0.6997149756100631,0.6997255998044793
3,3,0.7526000337530001,0.6997255998044793
3,3,0.7526000337530001,0.7204372013277913
3,3,0.6997149756100631,0.6790139982811674
3,3,0.7526000337530001,0.6790139982811674
3,3,0.7526000337530001,0.6997255998044793
3,2,0.5699999999999998,0.9900000000000002
3,2,0.27,0.6901948480517328
3,1,0.27,0.28980515194826784
3,2,0.8699999999999997,0.6901948480517328
3,1,0.8699999999999997,0.28980515194826784
