6,6,0.08000000000000007,0.21999999999999975
5,6,0.772955864098722,0.06351464034465248
5,6,0.772955864098722,0.376485359655347
6,6,0.3870441359012782,0.06351464034465248
6,6,0.3870441359012782,0.376485359655347
6,6,0.5089652210066591,0.47967626882824543
6,6,0.45890997642709674,0.47967626882824543
6,6,0.45890997642709674,0.44818611496129
6,6,0.45890997642709674,0.47967626882824543
6,6,0.4088547318475344,0.44818611496129
6,6,0.45890997642709674,0.44818611496129
6,6,0.45890997642709674,0.44818611496129
6,6,0.4088547318475344,0.44818611496129
6,6,0.4088547318475344,0.4166959610943355
6,6,0.4088547318475344,0.44818611496129
6,6,0.35879948726797206,0.4166959610943355
6,6,0.4088547318475344,0.4166959610943355
6,6,0.4088547318475344,0.4166959610943355
6,6,0.35879948726797206,0.4166959610943355
6,6,0.35879948726797206,0.38520580722738096
6,6,0.35879948726797206,0.4166959610943355
6,6,0.3087442426884106,0.38520580722738096
6,6,0.35879948726797206,0.38520580722738096
6,6,0.35879948726797206,0.38520580722738096
6,6,0.3087442426884106,0.38520580722738096
6,6,0.3087442426884106,0.35371565336042643
6,6,0.3087442426884106,0.38520580722738096
6,6,0.25868899810884827,0.35371565336042643
6,6,0.3087442426884106,0.35371565336042643
6,6,0.3087442426884106,0.35371565336042643
6,6,0.25868899810884827,0.35371565336042643
6,6,0.25868899810884827,0.3222254994934719
6,6,0.25868899810884827,0.35371565336042643
6,6,0.20863375352928593,0.3222254994934719
6,6,0.25868899810884827,0.3222254994934719
6,6,0.25868899810884827,0.3222254994934719
6,6,0.20863375352928593,0.3222254994934719
6,6,0.20863375352928593,0.29073534562651737
6,6,0.20863375352928593,0.3222254994934719
6,6,0.15857850894972358,0.29073534562651737
6,6,0.20863375352928593,0.29073534562651737
6,6,0.20863375352928593,0.29073534562651737
6,6,0.15857850894972358,0.29073534562651737
6,6,0.15857850894972358,0.25924519175956284
6,6,0.15857850894972358,0.29073534562651737
6,6,0.10852326437016124,0.25924519175956284
6,6,0.15857850894972358,0.25924519175956284
6,6,0.15857850894972358,0.25924519175956284
6,6,0.10852326437016124,0.25924519175956284
6,6,0.10852326437016124,0.22775503789260831
6,6,0.10852326437016124,0.25924519175956284
6,6,0.0584680197905989,0.22775503789260831
6,6,0.10852326437016124,0.22775503789260831
6,6,0.10852326437016124,0.22775503789260831
6,6,0.0584680197905989,0.22775503789260831
6,6,0.0584680197905989,0.19626488402565379
6,6,0.0584680197905989,0.22775503789260831
6,6,0.00841277521103656,0.19626488402565379
6,6,0.0584680197905989,0.19626488402565379
6,6,0.0584680197905989,0.19626488402565379
6,6,0.00841277521103656,0.19626488402565379
6,6,0.00841277521103656,0.16477473015869837
6,6,0.00841277521103656,0.19626488402565379
5,6,0.9583575306314751,0.16477473015869837
6,6,0.00841277521103656,0.16477473015869837
6,6,0.00841277521103656,0.16477473015869837
5,6,0.9583575306314751,0.16477473015869837
5,6,0.9583575306314751,0.13328457629174384
5,6,0.9583575306314751,0.16477473015869837
5,6,0.9083022860519128,0.13328457629174384
5,6,0.9583575306314751,0.13328457629174384
5,6,0.9583575306314751,0.13328457629174384
5,6,0.9083022860519128,0.13328457629174384
5,6,0.9083022860519128,0.10179442242478931
5,6,0.9083022860519128,0.13328457629174384
5,6,0.8582470414723504,0.10179442242478931
5,6,0.9083022860519128,0.10179442242478931
5,6,0.9083022860519128,0.10179442242478931
5,6,0.8582470414723504,0.10179442242478931
5,6,0.8582470414723504,0.07030426855783478
5,6,0.8582470414723504,0.10179442242478931
5,6,0.8081917968927881,0.07030426855783478
5,6,0.8582470414723504,0.07030426855783478
5,6,0.8582470414723504,0.07030426855783478
5,6,0.8081917968927881,0.07030426855783478
5,6,0.8081917968927881,0.03881411469088025
5,6,0.8081917968927881,0.07030426855783478
5,6,0.7581365523132257,0.03881411469088025
5,6,0.8081917968927881,0.03881411469088025
5,6,0.8081917968927881,0.03881411469088025
5,6,0.7581365523132257,0.03881411469088025
5,6,0.7581365523132257,0.007323960823925724
5,6,0.7581365523132257,0.03881411469088025
5,6,0.7080813077336634,0.007323960823925724
5,6,0.7581365523132257,0.007323960823925724
5,6,0.7581365523132257,0.007323960823925724
5,6,0.7080813077336634,0.007323960823925724
5,7,0.7080813077336634,0.9758338069569712
5,6,0.7080813077336634,0.007323960823925724
5,7,0.658026063154102,0.9758338069569712
5,7,0.7080813077336634,0.9758338069569712
5,7,0.7080813077336634,0.9758338069569712
5,7,0.658026063154102,0.9758338069569712
5,7,0.658026063154102,0.9443436530900167
6,6,0.45890997642709674,0.47967626882824543
6,6,0.4088547318475344,0.47967626882824455
6,6,0.4088547318475344,0.44818611496129
6,6,0.4088547318475344,0.47967626882824455
6,6,0.35879948726797206,0.44818611496129
6,6,0.4088547318475344,0.44818611496129
6,6,0.4088547318475344,0.44818611496129
6,6,0.35879948726797206,0.44818611496129
6,6,0.35879948726797206,0.4166959610943355
6,6,0.35879948726797206,0.44818611496129
6,6,0.3087442426884106,0.4166959610943355
6,6,0.35879948726797206,0.4166959610943355
6,6,0.35879948726797206,0.4166959610943355
6,6,0.3087442426884106,0.4166959610943355
6,6,0.3087442426884106,0.38520580722738096
6,6,0.3087442426884106,0.4166959610943355
6,6,0.25868899810884827,0.38520580722738096
6,6,0.3087442426884106,0.38520580722738096
6,6,0.3087442426884106,0.38520580722738096
6,6,0.25868899810884827,0.38520580722738096
6,6,0.25868899810884827,0.35371565336042643
6,6,0.25868899810884827,0.38520580722738096
6,6,0.20863375352928593,0.35371565336042643
6,6,0.25868899810884827,0.35371565336042643
6,6,0.25868899810884827,0.35371565336042643
6,6,0.20863375352928593,0.35371565336042643
6,6,0.20863375352928593,0.3222254994934719
6,6,0.20863375352928593,0.35371565336042643
6,6,0.15857850894972358,0.3222254994934719
6,6,0.20863375352928593,0.3222254994934719
6,6,0.20863375352928593,0.3222254994934719
6,6,0.15857850894972358,0.3222254994934719
6,6,0.15857850894972358,0.29073534562651737
6,6,0.15857850894972358,0.3222254994934719
6,6,0.10852326437016124,0.29073534562651737
6,6,0.15857850894972358,0.29073534562651737
6,6,0.15857850894972358,0.29073534562651737
6,6,0.10852326437016124,0.29073534562651737
6,6,0.10852326437016124,0.25924519175956284
6,6,0.10852326437016124,0.29073534562651737
6,6,0.0584680197905989,0.25924519175956284
6,6,0.10852326437016124,0.25924519175956284
6,6,0.10852326437016124,0.25924519175956284
6,6,0.0584680197905989,0.25924519175956284
6,6,0.0584680197905989,0.22775503789260831
6,6,0.0584680197905989,0.25924519175956284
6,6,0.00841277521103656,0.22775503789260831
6,6,0.0584680197905989,0.22775503789260831
6,6,0.0584680197905989,0.22775503789260831
6,6,0.00841277521103656,0.22775503789260831
6,6,0.00841277521103656,0.19626488402565379
6,6,0.00841277521103656,0.22775503789260831
5,6,0.9583575306314751,0.19626488402565379
6,6,0.00841277521103656,0.19626488402565379
6,6,0.00841277521103656,0.19626488402565379
5,6,0.9583575306314751,0.19626488402565379
5,6,0.9583575306314751,0.16477473015869837
5,6,0.9583575306314751,0.19626488402565379
5,6,0.9083022860519128,0.16477473015869837
5,6,0.9583575306314751,0.16477473015869837
5,6,0.9583575306314751,0.16477473015869837
5,6,0.9083022860519128,0.16477473015869837
5,6,0.9083022860519128,0.13328457629174384
5,6,0.9083022860519128,0.16477473015869837
5,6,0.8582470414723504,0.13328457629174384
5,6,0.9083022860519128,0.13328457629174384
5,6,0.9083022860519128,0.13328457629174384
5,6,0.8582470414723504,0.13328457629174384
5,6,0.8582470414723504,0.10179442242478931
5,6,0.8582470414723504,0.13328457629174384
5,6,0.8081917968927881,0.10179442242478931
5,6,0.8582470414723504,0.10179442242478931
5,6,0.8582470414723504,0.10179442242478931
5,6,0.8081917968927881,0.10179442242478931
5,6,0.8081917968927881,0.07030426855783478
5,6,0.8081917968927881,0.10179442242478931
5,6,0.7581365523132257,0.07030426855783478
5,6,0.8081917968927881,0.07030426855783478
5,6,0.8081917968927881,0.07030426855783478
5,6,0.7581365523132257,0.07030426855783478
5,6,0.7581365523132257,0.03881411469088025
5,6,0.7581365523132257,0.07030426855783478
5,6,0.7080813077336634,0.03881411469088025
5,6,0.7581365523132257,0.03881411469088025
5,6,0.7581365523132257,0.03881411469088025
5,6,0.7080813077336634,0.03881411469088025
5,6,0.7080813077336634,0.007323960823925724
5,6,0.7080813077336634,0.03881411469088025
5,6,0.658026063154102,0.007323960823925724
5,6,0.7080813077336634,0.007323960823925724
5,6,0.7080813077336634,0.007323960823925724
5,6,0.658026063154102,0.007323960823925724
5,7,0.658026063154102,0.9758338069569712
6,6,0.4088547318475344,0.47967626882824455
6,6,0.35879948726797206,0.47967626882824455
6,6,0.35879948726797206,0.44818611496129
6,6,0.35879948726797206,0.47967626882824455
6,6,0.3087442426884106,0.44818611496129
6,6,0.35879948726797206,0.44818611496129
6,6,0.35879948726797206,0.44818611496129
6,6,0.3087442426884106,0.44818611496129
6,6,0.3087442426884106,0.4166959610943355
6,6,0.3087442426884106,0.44818611496129
6,6,0.25868899810884827,0.4166959610943355
6,6,0.3087442426884106,0.4166959610943355
6,6,0.3087442426884106,0.4166959610943355
6,6,0.25868899810884827,0.4166959610943355
6,6,0.25868899810884827,0.38520580722738096
6,6,0.25868899810884827,0.4166959610943355
6,6,0.20863375352928593,0.38520580722738096
6,6,0.25868899810884827,0.38520580722738096
6,6,0.25868899810884827,0.38520580722738096
6,6,0.20863375352928593,0.38520580722738096
6,6,0.20863375352928593,0.35371565336042643
6,6,0.20863375352928593,0.38520580722738096
6,6,0.15857850894972358,0.35371565336042643
6,6,0.20863375352928593,0.35371565336042643
6,6,0.20863375352928593,0.35371565336042643
6,6,0.15857850894972358,0.35371565336042643
6,6,0.15857850894972358,0.3222254994934719
6,6,0.15857850894972358,0.35371565336042643
6,6,0.10852326437016124,0.3222254994934719
6,6,0.15857850894972358,0.3222254994934719
6,6,0.15857850894972358,0.3222254994934719
6,6,0.10852326437016124,0.3222254994934719
6,6,0.10852326437016124,0.29073534562651737
6,6,0.10852326437016124,0.3222254994934719
6,6,0.0584680197905989,0.29073534562651737
6,6,0.10852326437016124,0.29073534562651737
6,6,0.10852326437016124,0.29073534562651737
6,6,0.0584680197905989,0.29073534562651737
6,6,0.0584680197905989,0.25924519175956284
6,6,0.0584680197905989,0.29073534562651737
6,6,0.00841277521103656,0.25924519175956284
6,6,0.0584680197905989,0.25924519175956284
6,6,0.0584680197905989,0.25924519175956284
6,6,0.00841277521103656,0.25924519175956284
6,6,0.00841277521103656,0.22775503789260831
6,6,0.00841277521103656,0.25924519175956284
5,6,0.9583575306314751,0.22775503789260831
6,6,0.00841277521103656,0.22775503789260831
6,6,0.00841277521103656,0.22775503789260831
5,6,0.9583575306314751,0.22775503789260831
5,6,0.9583575306314751,0.19626488402565379
5,6,0.9583575306314751,0.22775503789260831
5,6,0.9083022860519128,0.19626488402565379
5,6,0.9583575306314751,0.19626488402565379
5,6,0.9583575306314751,0.19626488402565379
5,6,0.9083022860519128,0.19626488402565379
5,6,0.9083022860519128,0.16477473015869837
5,6,0.9083022860519128,0.19626488402565379
5,6,0.8582470414723504,0.16477473015869837
5,6,0.9083022860519128,0.16477473015869837
5,6,0.9083022860519128,0.16477473015869837
5,6,0.8582470414723504,0.16477473015869837
5,6,0.8582470414723504,0.13328457629174384
5,6,0.8582470414723504,0.16477473015869837
5,6,0.8081917968927881,0.13328457629174384
5,6,0.8582470414723504,0.13328457629174384
5,6,0.8582470414723504,0.13328457629174384
5,6,0.8081917968927881,0.13328457629174384
5,6,0.8081917968927881,0.10179442242478931
5,6,0.8081917968927881,0.13328457629174384
5,6,0.7581365523132257,0.10179442242478931
5,6,0.8081917968927881,0.10179442242478931
5,6,0.8081917968927881,0.10179442242478931
5,6,0.7581365523132257,0.10179442242478931
5,6,0.7581365523132257,0.07030426855783478
5,6,0.7581365523132257,0.10179442242478931
5,6,0.7080813077336634,0.07030426855783478
5,6,0.7581365523132257,0.07030426855783478
5,6,0.7581365523132257,0.07030426855783478
5,6,0.7080813077336634,0.07030426855783478
5,6,0.7080813077336634,0.03881411469088025
5,6,0.7080813077336634,0.07030426855783478
5,6,0.658026063154102,0.03881411469088025
5,6,0.7080813077336634,0.03881411469088025
5,6,0.7080813077336634,0.03881411469088025
5,6,0.658026063154102,0.03881411469088025
5,6,0.658026063154102,0.007323960823925724
6,6,0.35879948726797206,0.47967626882824455
6,6,0.3087442426884106,0.47967626882824543
6,6,0.3087442426884106,0.44818611496129
6,6,0.3087442426884106,0.47967626882824543
6,6,0.25868899810884827,0.44818611496129
6,6,0.3087442426884106,0.44818611496129
6,6,0.3087442426884106,0.44818611496129
6,6,0.25868899810884827,0.44818611496129
6,6,0.25868899810884827,0.4166959610943355
6,6,0.25868899810884827,0.44818611496129
6,6,0.20863375352928593,0.4166959610943355
6,6,0.25868899810884827,0.4166959610943355
6,6,0.25868899810884827,0.4166959610943355
6,6,0.20863375352928593,0.4166959610943355
6,6,0.20863375352928593,0.38520580722738096
6,6,0.20863375352928593,0.4166959610943355
6,6,0.15857850894972358,0.38520580722738096
6,6,0.20863375352928593,0.38520580722738096
6,6,0.20863375352928593,0.38520580722738096
6,6,0.15857850894972358,0.38520580722738096
6,6,0.15857850894972358,0.35371565336042643
6,6,0.15857850894972358,0.38520580722738096
6,6,0.10852326437016124,0.35371565336042643
6,6,0.15857850894972358,0.35371565336042643
6,6,0.15857850894972358,0.35371565336042643
6,6,0.10852326437016124,0.35371565336042643
6,6,0.10852326437016124,0.3222254994934719
6,6,0.10852326437016124,0.35371565336042643
6,6,0.0584680197905989,0.3222254994934719
6,6,0.10852326437016124,0.3222254994934719
6,6,0.10852326437016124,0.3222254994934719
6,6,0.0584680197905989,0.3222254994934719
6,6,0.0584680197905989,0.29073534562651737
6,6,0.0584680197905989,0.3222254994934719
6,6,0.00841277521103656,0.29073534562651737
6,6,0.0584680197905989,0.29073534562651737
6,6,0.0584680197905989,0.29073534562651737
6,6,0.00841277521103656,0.29073534562651737
6,6,0.00841277521103656,0.25924519175956284
6,6,0.00841277521103656,0.29073534562651737
5,6,0.9583575306314751,0.25924519175956284
6,6,0.00841277521103656,0.25924519175956284
6,6,0.00841277521103656,0.25924519175956284
5,6,0.9583575306314751,0.25924519175956284
5,6,0.9583575306314751,0.22775503789260831
5,6,0.9583575306314751,0.25924519175956284
5,6,0.9083022860519128,0.22775503789260831
5,6,0.9583575306314751,0.22775503789260831
5,6,0.9583575306314751,0.22775503789260831
5,6,0.9083022860519128,0.22775503789260831
5,6,0.9083022860519128,0.19626488402565379
5,6,0.9083022860519128,0.22775503789260831
5,6,0.8582470414723504,0.19626488402565379
5,6,0.9083022860519128,0.19626488402565379
5,6,0.9083022860519128,0.19626488402565379
5,6,0.8582470414723504,0.19626488402565379
5,6,0.8582470414723504,0.16477473015869837
5,6,0.8582470414723504,0.19626488402565379
5,6,0.8081917968927881,0.16477473015869837
5,6,0.8582470414723504,0.16477473015869837
5,6,0.8582470414723504,0.16477473015869837
5,6,0.8081917968927881,0.16477473015869837
5,6,0.8081917968927881,0.13328457629174384
5,6,0.8081917968927881,0.16477473015869837
5,6,0.7581365523132257,0.13328457629174384
5,6,0.8081917968927881,0.13328457629174384
5,6,0.8081917968927881,0.13328457629174384
5,6,0.7581365523132257,0.13328457629174384
5,6,0.7581365523132257,0.10179442242478931
5,6,0.7581365523132257,0.13328457629174384
5,6,0.7080813077336634,0.10179442242478931
5,6,0.7581365523132257,0.10179442242478931
5,6,0.7581365523132257,0.10179442242478931
5,6,0.7080813077336634,0.10179442242478931
5,6,0.7080813077336634,0.07030426855783478
5,6,0.7080813077336634,0.10179442242478931
5,6,0.658026063154102,0.07030426855783478
5,6,0.7080813077336634,0.07030426855783478
5,6,0.7080813077336634,0.07030426855783478
5,6,0.658026063154102,0.07030426855783478
5,6,0.658026063154102,0.03881411469088025
6,6,0.3087442426884106,0.47967626882824543
6,6,0.25868899810884827,0.47967626882824543
6,6,0.25868899810884827,0.44818611496129
6,6,0.25868899810884827,0.47967626882824543
6,6,0.20863375352928593,0.44818611496129
6,6,0.25868899810884827,0.44818611496129
6,6,0.25868899810884827,0.44818611496129
6,6,0.20863375352928593,0.44818611496129
6,6,0.20863375352928593,0.4166959610943355
6,6,0.20863375352928593,0.44818611496129
6,6,0.15857850894972358,0.4166959610943355
6,6,0.20863375352928593,0.4166959610943355
6,6,0.20863375352928593,0.4166959610943355
6,6,0.15857850894972358,0.4166959610943355
6,6,0.15857850894972358,0.38520580722738096
6,6,0.15857850894972358,0.4166959610943355
6,6,0.10852326437016124,0.38520580722738096
6,6,0.15857850894972358,0.38520580722738096
6,6,0.15857850894972358,0.38520580722738096
6,6,0.10852326437016124,0.38520580722738096
6,6,0.10852326437016124,0.35371565336042643
6,6,0.10852326437016124,0.38520580722738096
6,6,0.0584680197905989,0.35371565336042643
6,6,0.10852326437016124,0.35371565336042643
6,6,0.10852326437016124,0.35371565336042643
6,6,0.0584680197905989,0.35371565336042643
6,6,0.0584680197905989,0.3222254994934719
6,6,0.0584680197905989,0.35371565336042643
6,6,0.00841277521103656,0.3222254994934719
6,6,0.0584680197905989,0.3222254994934719
6,6,0.0584680197905989,0.3222254994934719
6,6,0.00841277521103656,0.3222254994934719
6,6,0.00841277521103656,0.29073534562651737
6,6,0.00841277521103656,0.3222254994934719
5,6,0.9583575306314751,0.29073534562651737
6,6,0.00841277521103656,0.29073534562651737
6,6,0.00841277521103656,0.29073534562651737
5,6,0.9583575306314751,0.29073534562651737
5,6,0.9583575306314751,0.25924519175956284
5,6,0.9583575306314751,0.29073534562651737
5,6,0.9083022860519128,0.25924519175956284
5,6,0.9583575306314751,0.25924519175956284
5,6,0.9583575306314751,0.25924519175956284
5,6,0.9083022860519128,0.25924519175956284
5,6,0.9083022860519128,0.22775503789260831
5,6,0.9083022860519128,0.25924519175956284
5,6,0.8582470414723504,0.22775503789260831
5,6,0.9083022860519128,0.22775503789260831
5,6,0.9083022860519128,0.22775503789260831
5,6,0.8582470414723504,0.22775503789260831
5,6,0.8582470414723504,0.19626488402565379
5,6,0.8582470414723504,0.22775503789260831
5,6,0.8081917968927881,0.19626488402565379
5,6,0.8582470414723504,0.19626488402565379
5,6,0.8582470414723504,0.19626488402565379
5,6,0.8081917968927881,0.19626488402565379
5,6,0.8081917968927881,0.16477473015869837
5,6,0.8081917968927881,0.19626488402565379
5,6,0.7581365523132257,0.16477473015869837
5,6,0.8081917968927881,0.16477473015869837
5,6,0.8081917968927881,0.16477473015869837
5,6,0.7581365523132257,0.16477473015869837
5,6,0.7581365523132257,0.13328457629174384
5,6,0.7581365523132257,0.16477473015869837
5,6,0.7080813077336634,0.13328457629174384
5,6,0.7581365523132257,0.13328457629174384
5,6,0.7581365523132257,0.13328457629174384
5,6,0.7080813077336634,0.13328457629174384
5,6,0.7080813077336634,0.10179442242478931
5,6,0.7080813077336634,0.13328457629174384
5,6,0.658026063154102,0.10179442242478931
5,6,0.7080813077336634,0.10179442242478931
5,6,0.7080813077336634,0.10179442242478931
5,6,0.658026063154102,0.10179442242478931
5,6,0.658026063154102,0.07030426855783478
6,6,0.25868899810884827,0.47967626882824543
6,6,0.20863375352928593,0.47967626882824455
6,6,0.20863375352928593,0.44818611496129
6,6,0.20863375352928593,0.47967626882824455
6,6,0.15857850894972358,0.44818611496129
6,6,0.20863375352928593,0.44818611496129
6,6,0.20863375352928593,0.44818611496129
6,6,0.15857850894972358,0.44818611496129
6,6,0.15857850894972358,0.4166959610943355
6,6,0.15857850894972358,0.44818611496129
6,6,0.10852326437016124,0.4166959610943355
6,6,0.15857850894972358,0.4166959610943355
6,6,0.15857850894972358,0.4166959610943355
6,6,0.10852326437016124,0.4166959610943355
6,6,0.10852326437016124,0.38520580722738096
6,6,0.10852326437016124,0.4166959610943355
6,6,0.0584680197905989,0.38520580722738096
6,6,0.10852326437016124,0.38520580722738096
6,6,0.10852326437016124,0.38520580722738096
6,6,0.0584680197905989,0.38520580722738096
6,6,0.0584680197905989,0.35371565336042643
6,6,0.0584680197905989,0.38520580722738096
6,6,0.00841277521103656,0.35371565336042643
6,6,0.0584680197905989,0.35371565336042643
6,6,0.0584680197905989,0.35371565336042643
6,6,0.00841277521103656,0.35371565336042643
6,6,0.00841277521103656,0.3222254994934719
6,6,0.00841277521103656,0.35371565336042643
5,6,0.9583575306314751,0.3222254994934719
6,6,0.00841277521103656,0.3222254994934719
6,6,0.00841277521103656,0.3222254994934719
5,6,0.9583575306314751,0.3222254994934719
5,6,0.9583575306314751,0.29073534562651737
5,6,0.9583575306314751,0.3222254994934719
5,6,0.9083022860519128,0.29073534562651737
5,6,0.9583575306314751,0.29073534562651737
5,6,0.9583575306314751,0.29073534562651737
5,6,0.9083022860519128,0.29073534562651737
5,6,0.9083022860519128,0.25924519175956284
5,6,0.9083022860519128,0.29073534562651737
5,6,0.8582470414723504,0.25924519175956284
5,6,0.9083022860519128,0.25924519175956284
5,6,0.9083022860519128,0.25924519175956284
5,6,0.8582470414723504,0.25924519175956284
5,6,0.8582470414723504,0.22775503789260831
5,6,0.8582470414723504,0.25924519175956284
5,6,0.8081917968927881,0.22775503789260831
5,6,0.8582470414723504,0.22775503789260831
5,6,0.8582470414723504,0.22775503789260831
5,6,0.8081917968927881,0.22775503789260831
5,6,0.8081917968927881,0.19626488402565379
5,6,0.8081917968927881,0.22775503789260831
5,6,0.7581365523132257,0.19626488402565379
5,6,0.8081917968927881,0.19626488402565379
5,6,0.8081917968927881,0.19626488402565379
5,6,0.7581365523132257,0.19626488402565379
5,6,0.7581365523132257,0.16477473015869837
5,6,0.7581365523132257,0.19626488402565379
5,6,0.7080813077336634,0.16477473015869837
5,6,0.7581365523132257,0.16477473015869837
5,6,0.7581365523132257,0.16477473015869837
5,6,0.7080813077336634,0.16477473015869837
5,6,0.7080813077336634,0.13328457629174384
5,6,0.7080813077336634,0.16477473015869837
5,6,0.658026063154102,0.13328457629174384
5,6,0.7080813077336634,0.13328457629174384
5,6,0.7080813077336634,0.13328457629174384
5,6,0.658026063154102,0.13328457629174384
5,6,0.658026063154102,0.10179442242478931
6,6,0.20863375352928593,0.47967626882824455
6,6,0.15857850894972358,0.47967626882824543
6,6,0.15857850894972358,0.44818611496129
6,6,0.15857850894972358,0.47967626882824543
6,6,0.10852326437016124,0.44818611496129
6,6,0.15857850894972358,0.44818611496129
6,6,0.15857850894972358,0.44818611496129
6,6,0.10852326437016124,0.44818611496129
6,6,0.10852326437016124,0.4166959610943355
6,6,0.10852326437016124,0.44818611496129
6,6,0.0584680197905989,0.4166959610943355
6,6,0.10852326437016124,0.4166959610943355
6,6,0.10852326437016124,0.4166959610943355
6,6,0.0584680197905989,0.4166959610943355
6,6,0.0584680197905989,0.38520580722738096
6,6,0.0584680197905989,0.4166959610943355
6,6,0.00841277521103656,0.38520580722738096
6,6,0.0584680197905989,0.38520580722738096
6,6,0.0584680197905989,0.38520580722738096
6,6,0.00841277521103656,0.38520580722738096
6,6,0.00841277521103656,0.35371565336042643
6,6,0.00841277521103656,0.38520580722738096
5,6,0.9583575306314751,0.35371565336042643
6,6,0.00841277521103656,0.35371565336042643
6,6,0.00841277521103656,0.35371565336042643
5,6,0.9583575306314751,0.35371565336042643
5,6,0.9583575306314751,0.3222254994934719
5,6,0.9583575306314751,0.35371565336042643
5,6,0.9083022860519128,0.3222254994934719
5,6,0.9583575306314751,0.3222254994934719
5,6,0.9583575306314751,0.3222254994934719
5,6,0.9083022860519128,0.3222254994934719
5,6,0.9083022860519128,0.29073534562651737
5,6,0.9083022860519128,0.3222254994934719
5,6,0.8582470414723504,0.29073534562651737
5,6,0.9083022860519128,0.29073534562651737
5,6,0.9083022860519128,0.29073534562651737
5,6,0.8582470414723504,0.29073534562651737
5,6,0.8582470414723504,0.25924519175956284
5,6,0.8582470414723504,0.29073534562651737
5,6,0.8081917968927881,0.25924519175956284
5,6,0.8582470414723504,0.25924519175956284
5,6,0.8582470414723504,0.25924519175956284
5,6,0.8081917968927881,0.25924519175956284
5,6,0.8081917968927881,0.22775503789260831
5,6,0.8081917968927881,0.25924519175956284
5,6,0.7581365523132257,0.22775503789260831
5,6,0.8081917968927881,0.22775503789260831
5,6,0.8081917968927881,0.22775503789260831
5,6,0.7581365523132257,0.22775503789260831
5,6,0.7581365523132257,0.19626488402565379
5,6,0.7581365523132257,0.22775503789260831
5,6,0.7080813077336634,0.19626488402565379
5,6,0.7581365523132257,0.19626488402565379
5,6,0.7581365523132257,0.19626488402565379
5,6,0.7080813077336634,0.19626488402565379
5,6,0.7080813077336634,0.16477473015869837
5,6,0.7080813077336634,0.19626488402565379
5,6,0.658026063154102,0.16477473015869837
5,6,0.7080813077336634,0.16477473015869837
5,6,0.7080813077336634,0.16477473015869837
5,6,0.658026063154102,0.16477473015869837
5,6,0.658026063154102,0.13328457629174384
6,6,0.15857850894972358,0.47967626882824543
6,6,0.10852326437016124,0.47967626882824543
6,6,0.10852326437016124,0.44818611496129
6,6,0.10852326437016124,0.47967626882824543
6,6,0.0584680197905989,0.44818611496129
6,6,0.10852326437016124,0.44818611496129
6,6,0.10852326437016124,0.44818611496129
6,6,0.0584680197905989,0.44818611496129
6,6,0.0584680197905989,0.4166959610943355
6,6,0.0584680197905989,0.44818611496129
6,6,0.00841277521103656,0.4166959610943355
6,6,0.0584680197905989,0.4166959610943355
6,6,0.0584680197905989,0.4166959610943355
6,6,0.00841277521103656,0.4166959610943355
6,6,0.00841277521103656,0.38520580722738096
6,6,0.00841277521103656,0.4166959610943355
5,6,0.9583575306314751,0.38520580722738096
6,6,0.00841277521103656,0.38520580722738096
6,6,0.00841277521103656,0.38520580722738096
5,6,0.9583575306314751,0.38520580722738096
5,6,0.9583575306314751,0.35371565336042643
5,6,0.9583575306314751,0.38520580722738096
5,6,0.9083022860519128,0.35371565336042643
5,6,0.9583575306314751,0.35371565336042643
5,6,0.9583575306314751,0.35371565336042643
5,6,0.9083022860519128,0.35371565336042643
5,6,0.9083022860519128,0.3222254994934719
5,6,0.9083022860519128,0.35371565336042643
5,6,0.8582470414723504,0.3222254994934719
5,6,0.9083022860519128,0.3222254994934719
5,6,0.9083022860519128,0.3222254994934719
5,6,0.8582470414723504,0.3222254994934719
5,6,0.8582470414723504,0.29073534562651737
5,6,0.8582470414723504,0.3222254994934719
5,6,0.8081917968927881,0.29073534562651737
5,6,0.8582470414723504,0.29073534562651737
5,6,0.8582470414723504,0.29073534562651737
5,6,0.8081917968927881,0.29073534562651737
5,6,0.8081917968927881,0.25924519175956284
5,6,0.8081917968927881,0.29073534562651737
5,6,0.7581365523132257,0.25924519175956284
5,6,0.8081917968927881,0.25924519175956284
5,6,0.8081917968927881,0.25924519175956284
5,6,0.7581365523132257,0.25924519175956284
5,6,0.7581365523132257,0.22775503789260831
5,6,0.7581365523132257,0.25924519175956284
5,6,0.7080813077336634,0.22775503789260831
5,6,0.7581365523132257,0.22775503789260831
5,6,0.7581365523132257,0.22775503789260831
5,6,0.7080813077336634,0.22775503789260831
5,6,0.7080813077336634,0.19626488402565379
5,6,0.7080813077336634,0.22775503789260831
5,6,0.658026063154102,0.19626488402565379
5,6,0.7080813077336634,0.19626488402565379
5,6,0.7080813077336634,0.19626488402565379
5,6,0.658026063154102,0.19626488402565379
5,6,0.658026063154102,0.16477473015869837
6,6,0.10852326437016124,0.47967626882824543
6,6,0.0584680197905989,0.47967626882824543
6,6,0.0584680197905989,0.44818611496129
6,6,0.0584680197905989,0.47967626882824543
6,6,0.00841277521103656,0.44818611496129
6,6,0.0584680197905989,0.44818611496129
6,6,0.0584680197905989,0.44818611496129
6,6,0.00841277521103656,0.44818611496129
6,6,0.00841277521103656,0.4166959610943355
6,6,0.00841277521103656,0.44818611496129
5,6,0.9583575306314751,0.4166959610943355
6,6,0.00841277521103656,0.4166959610943355
6,6,0.00841277521103656,0.4166959610943355
5,6,0.9583575306314751,0.4166959610943355
5,6,0.9583575306314751,0.38520580722738096
5,6,0.9583575306314751,0.4166959610943355
5,6,0.9083022860519128,0.38520580722738096
5,6,0.9583575306314751,0.38520580722738096
5,6,0.9583575306314751,0.38520580722738096
5,6,0.9083022860519128,0.38520580722738096
5,6,0.9083022860519128,0.35371565336042643
5,6,0.9083022860519128,0.38520580722738096
5,6,0.8582470414723504,0.35371565336042643
5,6,0.9083022860519128,0.35371565336042643
5,6,0.9083022860519128,0.35371565336042643
5,6,0.8582470414723504,0.35371565336042643
5,6,0.8582470414723504,0.3222254994934719
5,6,0.8582470414723504,0.35371565336042643
5,6,0.8081917968927881,0.3222254994934719
5,6,0.8582470414723504,0.3222254994934719
5,6,0.8582470414723504,0.3222254994934719
5,6,0.8081917968927881,0.3222254994934719
5,6,0.8081917968927881,0.29073534562651737
5,6,0.8081917968927881,0.3222254994934719
5,6,0.7581365523132257,0.29073534562651737
5,6,0.8081917968927881,0.29073534562651737
5,6,0.8081917968927881,0.29073534562651737
5,6,0.7581365523132257,0.29073534562651737
5,6,0.7581365523132257,0.25924519175956284
5,6,0.7581365523132257,0.29073534562651737
5,6,0.7080813077336634,0.25924519175956284
5,6,0.7581365523132257,0.25924519175956284
5,6,0.7581365523132257,0.25924519175956284
5,6,0.7080813077336634,0.25924519175956284
5,6,0.7080813077336634,0.22775503789260831
5,6,0.7080813077336634,0.25924519175956284
5,6,0.658026063154102,0.22775503789260831
5,6,0.7080813077336634,0.22775503789260831
5,6,0.7080813077336634,0.22775503789260831
5,6,0.658026063154102,0.22775503789260831
5,6,0.658026063154102,0.19626488402565379
6,6,0.0584680197905989,0.47967626882824543
6,6,0.00841277521103656,0.47967626882824543
6,6,0.00841277521103656,0.44818611496129
6,6,0.00841277521103656,0.47967626882824543
5,6,0.9583575306314751,0.44818611496129
6,6,0.00841277521103656,0.44818611496129
6,6,0.00841277521103656,0.44818611496129
5,6,0.9583575306314751,0.44818611496129
5,6,0.9583575306314751,0.4166959610943355
5,6,0.9583575306314751,0.44818611496129
5,6,0.9083022860519128,0.4166959610943355
5,6,0.9583575306314751,0.4166959610943355
5,6,0.9583575306314751,0.4166959610943355
5,6,0.9083022860519128,0.4166959610943355
5,6,0.9083022860519128,0.38520580722738096
5,6,0.9083022860519128,0.4166959610943355
5,6,0.8582470414723504,0.38520580722738096
5,6,0.9083022860519128,0.38520580722738096
5,6,0.9083022860519128,0.38520580722738096
5,6,0.8582470414723504,0.38520580722738096
5,6,0.8582470414723504,0.35371565336042643
5,6,0.8582470414723504,0.38520580722738096
5,6,0.8081917968927881,0.35371565336042643
5,6,0.8582470414723504,0.35371565336042643
5,6,0.8582470414723504,0.35371565336042643
5,6,0.8081917968927881,0.35371565336042643
5,6,0.8081917968927881,0.3222254994934719
5,6,0.8081917968927881,0.35371565336042643
5,6,0.7581365523132257,0.3222254994934719
5,6,0.8081917968927881,0.3222254994934719
5,6,0.8081917968927881,0.3222254994934719
5,6,0.7581365523132257,0.3222254994934719
5,6,0.7581365523132257,0.29073534562651737
5,6,0.7581365523132257,0.3222254994934719
5,6,0.7080813077336634,0.29073534562651737
5,6,0.7581365523132257,0.29073534562651737
5,6,0.7581365523132257,0.29073534562651737
5,6,0.7080813077336634,0.29073534562651737
5,6,0.7080813077336634,0.25924519175956284
5,6,0.7080813077336634,0.29073534562651737
5,6,0.658026063154102,0.25924519175956284
5,6,0.7080813077336634,0.25924519175956284
5,6,0.7080813077336634,0.25924519175956284
5,6,0.658026063154102,0.25924519175956284
5,6,0.658026063154102,0.22775503789260831
6,6,0.00841277521103656,0.47967626882824543
5,6,0.9583575306314751,0.47967626882824543
5,6,0.9583575306314751,0.44818611496129
5,6,0.9583575306314751,0.47967626882824543
5,6,0.9083022860519128,0.44818611496129
5,6,0.9583575306314751,0.44818611496129
5,6,0.9583575306314751,0.44818611496129
5,6,0.9083022860519128,0.44818611496129
5,6,0.9083022860519128,0.4166959610943355
5,6,0.9083022860519128,0.44818611496129
5,6,0.8582470414723504,0.4166959610943355
5,6,0.9083022860519128,0.4166959610943355
5,6,0.9083022860519128,0.4166959610943355
5,6,0.8582470414723504,0.4166959610943355
5,6,0.8582470414723504,0.38520580722738096
5,6,0.8582470414723504,0.4166959610943355
5,6,0.8081917968927881,0.38520580722738096
5,6,0.8582470414723504,0.38520580722738096
5,6,0.8582470414723504,0.38520580722738096
5,6,0.8081917968927881,0.38520580722738096
5,6,0.8081917968927881,0.35371565336042643
5,6,0.8081917968927881,0.38520580722738096
5,6,0.7581365523132257,0.35371565336042643
5,6,0.8081917968927881,0.35371565336042643
5,6,0.8081917968927881,0.35371565336042643
5,6,0.7581365523132257,0.35371565336042643
5,6,0.7581365523132257,0.3222254994934719
5,6,0.7581365523132257,0.35371565336042643
5,6,0.7080813077336634,0.3222254994934719
5,6,0.7581365523132257,0.3222254994934719
5,6,0.7581365523132257,0.3222254994934719
5,6,0.7080813077336634,0.3222254994934719
5,6,0.7080813077336634,0.29073534562651737
5,6,0.7080813077336634,0.3222254994934719
5,6,0.658026063154102,0.29073534562651737
5,6,0.7080813077336634,0.29073534562651737
5,6,0.7080813077336634,0.29073534562651737
5,6,0.658026063154102,0.29073534562651737
5,6,0.658026063154102,0.25924519175956284
5,6,0.9583575306314751,0.47967626882824543
5,6,0.9083022860519128,0.47967626882824455
5,6,0.9083022860519128,0.44818611496129
5,6,0.9083022860519128,0.47967626882824455
5,6,0.8582470414723504,0.44818611496129
5,6,0.9083022860519128,0.44818611496129
5,6,0.9083022860519128,0.44818611496129
5,6,0.8582470414723504,0.44818611496129
5,6,0.8582470414723504,0.4166959610943355
5,6,0.8582470414723504,0.44818611496129
5,6,0.8081917968927881,0.4166959610943355
5,6,0.8582470414723504,0.4166959610943355
5,6,0.8582470414723504,0.4166959610943355
5,6,0.8081917968927881,0.4166959610943355
5,6,0.8081917968927881,0.38520580722738096
5,6,0.8081917968927881,0.4166959610943355
5,6,0.7581365523132257,0.38520580722738096
5,6,0.8081917968927881,0.38520580722738096
5,6,0.8081917968927881,0.38520580722738096
5,6,0.7581365523132257,0.38520580722738096
5,6,0.7581365523132257,0.35371565336042643
5,6,0.7581365523132257,0.38520580722738096
5,6,0.7080813077336634,0.35371565336042643
5,6,0.7581365523132257,0.35371565336042643
5,6,0.7581365523132257,0.35371565336042643
5,6,0.7080813077336634,0.35371565336042643
5,6,0.7080813077336634,0.3222254994934719
5,6,0.7080813077336634,0.35371565336042643
5,6,0.658026063154102,0.3222254994934719
5,6,0.7080813077336634,0.3222254994934719
5,6,0.7080813077336634,0.3222254994934719
5,6,0.658026063154102,0.3222254994934719
5,6,0.658026063154102,0.29073534562651737
5,6,0.9083022860519128,0.47967626882824455
5,6,0.8582470414723504,0.47967626882824543
5,6,0.8582470414723504,0.44818611496129
5,6,0.8582470414723504,0.47967626882824543
5,6,0.8081917968927881,0.44818611496129
5,6,0.8582470414723504,0.44818611496129
5,6,0.8582470414723504,0.44818611496129
5,6,0.8081917968927881,0.44818611496129
5,6,0.8081917968927881,0.4166959610943355
5,6,0.8081917968927881,0.44818611496129
5,6,0.7581365523132257,0.4166959610943355
5,6,0.8081917968927881,0.4166959610943355
5,6,0.8081917968927881,0.4166959610943355
5,6,0.7581365523132257,0.4166959610943355
5,6,0.7581365523132257,0.38520580722738096
5,6,0.7581365523132257,0.4166959610943355
5,6,0.7080813077336634,0.38520580722738096
5,6,0.7581365523132257,0.38520580722738096
5,6,0.7581365523132257,0.38520580722738096
5,6,0.7080813077336634,0.38520580722738096
5,6,0.7080813077336634,0.35371565336042643
5,6,0.7080813077336634,0.38520580722738096
5,6,0.658026063154102,0.35371565336042643
5,6,0.7080813077336634,0.35371565336042643
5,6,0.7080813077336634,0.35371565336042643
5,6,0.658026063154102,0.35371565336042643
5,6,0.658026063154102,0.3222254994934719
5,6,0.8582470414723504,0.47967626882824543
5,6,0.8081917968927881,0.47967626882824543
5,6,0.8081917968927881,0.44818611496129
5,6,0.8081917968927881,0.47967626882824543
5,6,0.7581365523132257,0.44818611496129
5,6,0.8081917968927881,0.44818611496129
5,6,0.8081917968927881,0.44818611496129
5,6,0.7581365523132257,0.44818611496129
5,6,0.7581365523132257,0.4166959610943355
5,6,0.7581365523132257,0.44818611496129
5,6,0.7080813077336634,0.4166959610943355
5,6,0.7581365523132257,0.4166959610943355
5,6,0.7581365523132257,0.4166959610943355
5,6,0.7080813077336634,0.4166959610943355
5,6,0.7080813077336634,0.38520580722738096
5,6,0.7080813077336634,0.4166959610943355
5,6,0.658026063154102,0.38520580722738096
5,6,0.7080813077336634,0.38520580722738096
5,6,0.7080813077336634,0.38520580722738096
5,6,0.658026063154102,0.38520580722738096
5,6,0.658026063154102,0.35371565336042643
5,6,0.8081917968927881,0.47967626882824543
5,6,0.7581365523132257,0.47967626882824455
5,6,0.7581365523132257,0.44818611496129
5,6,0.7581365523132257,0.47967626882824455
5,6,0.7080813077336634,0.44818611496129
5,6,0.7581365523132257,0.44818611496129
5,6,0.7581365523132257,0.44818611496129
5,6,0.7080813077336634,0.44818611496129
5,6,0.7080813077336634,0.4166959610943355
5,6,0.7080813077336634,0.44818611496129
5,6,0.658026063154102,0.4166959610943355
5,6,0.7080813077336634,0.4166959610943355
5,6,0.7080813077336634,0.4166959610943355
5,6,0.658026063154102,0.4166959610943355
5,6,0.658026063154102,0.38520580722738096
5,6,0.7581365523132257,0.47967626882824455
5,6,0.7080813077336634,0.47967626882824543
5,6,0.7080813077336634,0.44818611496129
5,6,0.7080813077336634,0.47967626882824543
5,6,0.658026063154102,0.44818611496129
5,6,0.7080813077336634,0.44818611496129
5,6,0.7080813077336634,0.44818611496129
5,6,0.658026063154102,0.44818611496129
5,6,0.658026063154102,0.4166959610943355
5,6,0.7080813077336634,0.47967626882824543
5,6,0.658026063154102,0.47967626882824543
5,6,0.658026063154102,0.44818611496129
5,7,0.658026063154102,0.9443436530900167
5,7,0.7080813077336634,0.9443436530900167
5,7,0.7080813077336634,0.9758338069569712
5,7,0.7080813077336634,0.9443436530900167
5,7,0.7581365523132257,0.9758338069569712
5,7,0.7080813077336634,0.9758338069569712
5,7,0.7080813077336634,0.9758338069569712
5,7,0.7581365523132257,0.9758338069569712
5,6,0.7581365523132257,0.007323960823925724
5,7,0.7581365523132257,0.9758338069569712
5,6,0.8081917968927881,0.007323960823925724
5,6,0.7581365523132257,0.007323960823925724
5,6,0.7581365523132257,0.007323960823925724
5,6,0.8081917968927881,0.007323960823925724
5,6,0.8081917968927881,0.03881411469088025
5,6,0.8081917968927881,0.007323960823925724
5,6,0.8582470414723504,0.03881411469088025
5,6,0.8081917968927881,0.03881411469088025
5,6,0.8081917968927881,0.03881411469088025
5,6,0.8582470414723504,0.03881411469088025
5,6,0.8582470414723504,0.07030426855783478
5,6,0.8582470414723504,0.03881411469088025
5,6,0.9083022860519128,0.07030426855783478
5,6,0.8582470414723504,0.07030426855783478
5,6,0.8582470414723504,0.07030426855783478
5,6,0.9083022860519128,0.07030426855783478
5,6,0.9083022860519128,0.10179442242478931
5,6,0.9083022860519128,0.07030426855783478
5,6,0.9583575306314751,0.10179442242478931
5,6,0.9083022860519128,0.10179442242478931
5,6,0.9083022860519128,0.10179442242478931
5,6,0.9583575306314751,0.10179442242478931
5,6,0.9583575306314751,0.13328457629174384
5,6,0.9583575306314751,0.10179442242478931
6,6,0.00841277521103656,0.13328457629174384
5,6,0.9583575306314751,0.13328457629174384
5,6,0.9583575306314751,0.13328457629174384
6,6,0.00841277521103656,0.13328457629174384
6,6,0.00841277521103656,0.16477473015869837
6,6,0.00841277521103656,0.13328457629174384
6,6,0.0584680197905989,0.16477473015869837
6,6,0.00841277521103656,0.16477473015869837
6,6,0.00841277521103656,0.16477473015869837
6,6,0.0584680197905989,0.16477473015869837
6,6,0.0584680197905989,0.19626488402565379
6,6,0.0584680197905989,0.16477473015869837
6,6,0.10852326437016124,0.19626488402565379
6,6,0.0584680197905989,0.19626488402565379
6,6,0.0584680197905989,0.19626488402565379
6,6,0.10852326437016124,0.19626488402565379
6,6,0.10852326437016124,0.22775503789260831
6,6,0.10852326437016124,0.19626488402565379
6,6,0.15857850894972358,0.22775503789260831
6,6,0.10852326437016124,0.22775503789260831
6,6,0.10852326437016124,0.22775503789260831
6,6,0.15857850894972358,0.22775503789260831
6,6,0.15857850894972358,0.25924519175956284
6,6,0.15857850894972358,0.22775503789260831
6,6,0.20863375352928593,0.25924519175956284
6,6,0.15857850894972358,0.25924519175956284
6,6,0.15857850894972358,0.25924519175956284
6,6,0.20863375352928593,0.25924519175956284
6,6,0.20863375352928593,0.29073534562651737
6,6,0.20863375352928593,0.25924519175956284
6,6,0.25868899810884827,0.29073534562651737
6,6,0.20863375352928593,0.29073534562651737
6,6,0.20863375352928593,0.29073534562651737
6,6,0.25868899810884827,0.29073534562651737
6,6,0.25868899810884827,0.3222254994934719
6,6,0.25868899810884827,0.29073534562651737
6,6,0.3087442426884106,0.3222254994934719
6,6,0.25868899810884827,0.3222254994934719
6,6,0.25868899810884827,0.3222254994934719
6,6,0.3087442426884106,0.3222254994934719
6,6,0.3087442426884106,0.35371565336042643
6,6,0.3087442426884106,0.3222254994934719
6,6,0.35879948726797206,0.35371565336042643
6,6,0.3087442426884106,0.35371565336042643
6,6,0.3087442426884106,0.35371565336042643
6,6,0.35879948726797206,0.35371565336042643
6,6,0.35879948726797206,0.38520580722738096
6,6,0.35879948726797206,0.35371565336042643
6,6,0.4088547318475344,0.38520580722738096
6,6,0.35879948726797206,0.38520580722738096
6,6,0.35879948726797206,0.38520580722738096
6,6,0.4088547318475344,0.38520580722738096
6,6,0.4088547318475344,0.4166959610943355
6,6,0.4088547318475344,0.38520580722738096
6,6,0.45890997642709674,0.4166959610943355
6,6,0.4088547318475344,0.4166959610943355
6,6,0.4088547318475344,0.4166959610943355
6,6,0.45890997642709674,0.4166959610943355
6,6,0.45890997642709674,0.44818611496129
6,6,0.45890997642709674,0.4166959610943355
6,6,0.5089652210066591,0.44818611496129
6,6,0.45890997642709674,0.44818611496129
6,6,0.45890997642709674,0.44818611496129
6,6,0.5089652210066591,0.44818611496129
6,6,0.5089652210066591,0.47967626882824543
5,7,0.7080813077336634,0.9443436530900167
5,7,0.7581365523132257,0.9443436530900167
5,7,0.7581365523132257,0.9758338069569712
5,7,0.7581365523132257,0.9443436530900167
5,7,0.8081917968927881,0.9758338069569712
5,7,0.7581365523132257,0.9758338069569712
5,7,0.7581365523132257,0.9758338069569712
5,7,0.8081917968927881,0.9758338069569712
5,6,0.8081917968927881,0.007323960823925724
5,7,0.8081917968927881,0.9758338069569712
5,6,0.8582470414723504,0.007323960823925724
5,6,0.8081917968927881,0.007323960823925724
5,6,0.8081917968927881,0.007323960823925724
5,6,0.8582470414723504,0.007323960823925724
5,6,0.8582470414723504,0.03881411469088025
5,6,0.8582470414723504,0.007323960823925724
5,6,0.9083022860519128,0.03881411469088025
5,6,0.8582470414723504,0.03881411469088025
5,6,0.8582470414723504,0.03881411469088025
5,6,0.9083022860519128,0.03881411469088025
5,6,0.9083022860519128,0.07030426855783478
5,6,0.9083022860519128,0.03881411469088025
5,6,0.9583575306314751,0.07030426855783478
5,6,0.9083022860519128,0.07030426855783478
5,6,0.9083022860519128,0.07030426855783478
5,6,0.9583575306314751,0.07030426855783478
5,6,0.9583575306314751,0.10179442242478931
5,6,0.9583575306314751,0.07030426855783478
6,6,0.00841277521103656,0.10179442242478931
5,6,0.9583575306314751,0.10179442242478931
5,6,0.9583575306314751,0.10179442242478931
6,6,0.00841277521103656,0.10179442242478931
6,6,0.00841277521103656,0.13328457629174384
6,6,0.00841277521103656,0.10179442242478931
6,6,0.0584680197905989,0.13328457629174384
6,6,0.00841277521103656,0.13328457629174384
6,6,0.00841277521103656,0.13328457629174384
6,6,0.0584680197905989,0.13328457629174384
6,6,0.0584680197905989,0.16477473015869837
6,6,0.0584680197905989,0.13328457629174384
6,6,0.10852326437016124,0.16477473015869837
6,6,0.0584680197905989,0.16477473015869837
6,6,0.0584680197905989,0.16477473015869837
6,6,0.10852326437016124,0.16477473015869837
6,6,0.10852326437016124,0.19626488402565379
6,6,0.10852326437016124,0.16477473015869837
6,6,0.15857850894972358,0.19626488402565379
6,6,0.10852326437016124,0.19626488402565379
6,6,0.10852326437016124,0.19626488402565379
6,6,0.15857850894972358,0.19626488402565379
6,6,0.15857850894972358,0.22775503789260831
6,6,0.15857850894972358,0.19626488402565379
6,6,0.20863375352928593,0.22775503789260831
6,6,0.15857850894972358,0.22775503789260831
6,6,0.15857850894972358,0.22775503789260831
6,6,0.20863375352928593,0.22775503789260831
6,6,0.20863375352928593,0.25924519175956284
6,6,0.20863375352928593,0.22775503789260831
6,6,0.25868899810884827,0.25924519175956284
6,6,0.20863375352928593,0.25924519175956284
6,6,0.20863375352928593,0.25924519175956284
6,6,0.25868899810884827,0.25924519175956284
6,6,0.25868899810884827,0.29073534562651737
6,6,0.25868899810884827,0.25924519175956284
6,6,0.3087442426884106,0.29073534562651737
6,6,0.25868899810884827,0.29073534562651737
6,6,0.25868899810884827,0.29073534562651737
6,6,0.3087442426884106,0.29073534562651737
6,6,0.3087442426884106,0.3222254994934719
6,6,0.3087442426884106,0.29073534562651737
6,6,0.35879948726797206,0.3222254994934719
6,6,0.3087442426884106,0.3222254994934719
6,6,0.3087442426884106,0.3222254994934719
6,6,0.35879948726797206,0.3222254994934719
6,6,0.35879948726797206,0.35371565336042643
6,6,0.35879948726797206,0.3222254994934719
6,6,0.4088547318475344,0.35371565336042643
6,6,0.35879948726797206,0.35371565336042643
6,6,0.35879948726797206,0.35371565336042643
6,6,0.4088547318475344,0.35371565336042643
6,6,0.4088547318475344,0.38520580722738096
6,6,0.4088547318475344,0.35371565336042643
6,6,0.45890997642709674,0.38520580722738096
6,6,0.4088547318475344,0.38520580722738096
6,6,0.4088547318475344,0.38520580722738096
6,6,0.45890997642709674,0.38520580722738096
6,6,0.45890997642709674,0.4166959610943355
6,6,0.45890997642709674,0.38520580722738096
6,6,0.5089652210066591,0.4166959610943355
6,6,0.45890997642709674,0.4166959610943355
6,6,0.45890997642709674,0.4166959610943355
6,6,0.5089652210066591,0.4166959610943355
6,6,0.5089652210066591,0.44818611496129
5,7,0.7581365523132257,0.9443436530900167
5,7,0.8081917968927881,0.9443436530900167
5,7,0.8081917968927881,0.9758338069569712
5,7,0.8081917968927881,0.9443436530900167
5,7,0.8582470414723504,0.9758338069569712
5,7,0.8081917968927881,0.9758338069569712
5,7,0.8081917968927881,0.9758338069569712
5,7,0.8582470414723504,0.9758338069569712
5,6,0.8582470414723504,0.007323960823925724
5,7,0.8582470414723504,0.9758338069569712
5,6,0.9083022860519128,0.007323960823925724
5,6,0.8582470414723504,0.007323960823925724
5,6,0.8582470414723504,0.007323960823925724
5,6,0.9083022860519128,0.007323960823925724
5,6,0.9083022860519128,0.03881411469088025
5,6,0.9083022860519128,0.007323960823925724
5,6,0.9583575306314751,0.03881411469088025
5,6,0.9083022860519128,0.03881411469088025
5,6,0.9083022860519128,0.03881411469088025
5,6,0.9583575306314751,0.03881411469088025
5,6,0.9583575306314751,0.07030426855783478
5,6,0.9583575306314751,0.03881411469088025
6,6,0.00841277521103656,0.07030426855783478
5,6,0.9583575306314751,0.07030426855783478
5,6,0.9583575306314751,0.07030426855783478
6,6,0.00841277521103656,0.07030426855783478
6,6,0.00841277521103656,0.10179442242478931
6,6,0.00841277521103656,0.07030426855783478
6,6,0.0584680197905989,0.10179442242478931
6,6,0.00841277521103656,0.10179442242478931
6,6,0.00841277521103656,0.10179442242478931
6,6,0.0584680197905989,0.10179442242478931
6,6,0.0584680197905989,0.13328457629174384
6,6,0.0584680197905989,0.10179442242478931
6,6,0.10852326437016124,0.13328457629174384
6,6,0.0584680197905989,0.13328457629174384
6,6,0.0584680197905989,0.13328457629174384
6,6,0.10852326437016124,0.13328457629174384
6,6,0.10852326437016124,0.16477473015869837
6,6,0.10852326437016124,0.13328457629174384
6,6,0.15857850894972358,0.16477473015869837
6,6,0.10852326437016124,0.16477473015869837
6,6,0.10852326437016124,0.16477473015869837
6,6,0.15857850894972358,0.16477473015869837
6,6,0.15857850894972358,0.19626488402565379
6,6,0.15857850894972358,0.16477473015869837
6,6,0.20863375352928593,0.19626488402565379
6,6,0.15857850894972358,0.19626488402565379
6,6,0.15857850894972358,0.19626488402565379
6,6,0.20863375352928593,0.19626488402565379
6,6,0.20863375352928593,0.22775503789260831
6,6,0.20863375352928593,0.19626488402565379
6,6,0.25868899810884827,0.22775503789260831
6,6,0.20863375352928593,0.22775503789260831
6,6,0.20863375352928593,0.22775503789260831
6,6,0.25868899810884827,0.22775503789260831
6,6,0.25868899810884827,0.25924519175956284
6,6,0.25868899810884827,0.22775503789260831
6,6,0.3087442426884106,0.25924519175956284
6,6,0.25868899810884827,0.25924519175956284
6,6,0.25868899810884827,0.25924519175956284
6,6,0.3087442426884106,0.25924519175956284
6,6,0.3087442426884106,0.29073534562651737
6,6,0.3087442426884106,0.25924519175956284
6,6,0.35879948726797295,0.29073534562651737
6,6,0.3087442426884106,0.29073534562651737
6,6,0.3087442426884106,0.29073534562651737
6,6,0.35879948726797295,0.29073534562651737
6,6,0.35879948726797206,0.3222254994934719
6,6,0.35879948726797295,0.29073534562651737
6,6,0.4088547318475344,0.3222254994934719
6,6,0.35879948726797206,0.3222254994934719
6,6,0.35879948726797206,0.3222254994934719
6,6,0.4088547318475344,0.3222254994934719
6,6,0.4088547318475344,0.35371565336042643
6,6,0.4088547318475344,0.3222254994934719
6,6,0.45890997642709674,0.35371565336042643
6,6,0.4088547318475344,0.35371565336042643
6,6,0.4088547318475344,0.35371565336042643
6,6,0.45890997642709674,0.35371565336042643
6,6,0.45890997642709674,0.38520580722738096
6,6,0.45890997642709674,0.35371565336042643
6,6,0.5089652210066591,0.38520580722738096
6,6,0.45890997642709674,0.38520580722738096
6,6,0.45890997642709674,0.38520580722738096
6,6,0.5089652210066591,0.38520580722738096
6,6,0.5089652210066591,0.4166959610943355
5,7,0.8081917968927881,0.9443436530900167
5,7,0.8582470414723504,0.9443436530900167
5,7,0.8582470414723504,0.9758338069569712
5,7,0.8582470414723504,0.9443436530900167
5,7,0.9083022860519128,0.9758338069569712
5,7,0.8582470414723504,0.9758338069569712
5,7,0.8582470414723504,0.9758338069569712
5,7,0.9083022860519128,0.9758338069569712
5,6,0.9083022860519128,0.007323960823925724
5,7,0.9083022860519128,0.9758338069569712
5,6,0.9583575306314751,0.007323960823925724
5,6,0.9083022860519128,0.007323960823925724
5,6,0.9083022860519128,0.007323960823925724
5,6,0.9583575306314751,0.007323960823925724
5,6,0.9583575306314751,0.03881411469088025
5,6,0.9583575306314751,0.007323960823925724
6,6,0.00841277521103656,0.03881411469088025
5,6,0.9583575306314751,0.03881411469088025
5,6,0.9583575306314751,0.03881411469088025
6,6,0.00841277521103656,0.03881411469088025
6,6,0.00841277521103656,0.07030426855783478
6,6,0.00841277521103656,0.03881411469088025
6,6,0.0584680197905989,0.07030426855783478
6,6,0.00841277521103656,0.07030426855783478
6,6,0.00841277521103656,0.07030426855783478
6,6,0.0584680197905989,0.07030426855783478
6,6,0.0584680197905989,0.10179442242478931
6,6,0.0584680197905989,0.07030426855783478
6,6,0.10852326437016124,0.10179442242478931
6,6,0.0584680197905989,0.10179442242478931
6,6,0.0584680197905989,0.10179442242478931
6,6,0.10852326437016124,0.10179442242478931
6,6,0.10852326437016124,0.13328457629174384
6,6,0.10852326437016124,0.10179442242478931
6,6,0.15857850894972358,0.13328457629174384
6,6,0.10852326437016124,0.13328457629174384
6,6,0.10852326437016124,0.13328457629174384
6,6,0.15857850894972358,0.13328457629174384
6,6,0.15857850894972358,0.16477473015869837
6,6,0.15857850894972358,0.13328457629174384
6,6,0.20863375352928593,0.16477473015869837
6,6,0.15857850894972358,0.16477473015869837
6,6,0.15857850894972358,0.16477473015869837
6,6,0.20863375352928593,0.16477473015869837
6,6,0.20863375352928593,0.19626488402565379
6,6,0.20863375352928593,0.16477473015869837
6,6,0.25868899810884827,0.19626488402565379
6,6,0.20863375352928593,0.19626488402565379
6,6,0.20863375352928593,0.19626488402565379
6,6,0.25868899810884827,0.19626488402565379
6,6,0.25868899810884827,0.22775503789260831
6,6,0.25868899810884827,0.19626488402565379
6,6,0.3087442426884106,0.22775503789260831
6,6,0.25868899810884827,0.22775503789260831
6,6,0.25868899810884827,0.22775503789260831
6,6,0.3087442426884106,0.22775503789260831
6,6,0.3087442426884106,0.25924519175956284
6,6,0.3087442426884106,0.22775503789260831
6,6,0.35879948726797206,0.25924519175956284
6,6,0.3087442426884106,0.25924519175956284
6,6,0.3087442426884106,0.25924519175956284
6,6,0.35879948726797206,0.25924519175956284
6,6,0.35879948726797295,0.29073534562651737
6,6,0.35879948726797206,0.25924519175956284
6,6,0.4088547318475344,0.29073534562651737
6,6,0.35879948726797295,0.29073534562651737
6,6,0.35879948726797295,0.29073534562651737
6,6,0.4088547318475344,0.29073534562651737
6,6,0.4088547318475344,0.3222254994934719
6,6,0.4088547318475344,0.29073534562651737
6,6,0.45890997642709674,0.3222254994934719
6,6,0.4088547318475344,0.3222254994934719
6,6,0.4088547318475344,0.3222254994934719
6,6,0.45890997642709674,0.3222254994934719
6,6,0.45890997642709674,0.35371565336042643
6,6,0.45890997642709674,0.3222254994934719
6,6,0.5089652210066591,0.35371565336042643
6,6,0.45890997642709674,0.35371565336042643
6,6,0.45890997642709674,0.35371565336042643
6,6,0.5089652210066591,0.35371565336042643
6,6,0.5089652210066591,0.38520580722738096
5,7,0.8582470414723504,0.9443436530900167
5,7,0.9083022860519128,0.9443436530900167
5,7,0.9083022860519128,0.9758338069569712
5,7,0.9083022860519128,0.9443436530900167
5,7,0.9583575306314751,0.9758338069569712
5,7,0.9083022860519128,0.9758338069569712
5,7,0.9083022860519128,0.9758338069569712
5,7,0.9583575306314751,0.9758338069569712
5,6,0.9583575306314751,0.007323960823925724
5,7,0.9583575306314751,0.9758338069569712
6,6,0.00841277521103656,0.007323960823925724
5,6,0.9583575306314751,0.007323960823925724
5,6,0.9583575306314751,0.007323960823925724
6,6,0.00841277521103656,0.007323960823925724
6,6,0.00841277521103656,0.03881411469088025
6,6,0.00841277521103656,0.007323960823925724
6,6,0.0584680197905989,0.03881411469088025
6,6,0.00841277521103656,0.03881411469088025
6,6,0.00841277521103656,0.03881411469088025
6,6,0.0584680197905989,0.03881411469088025
6,6,0.0584680197905989,0.07030426855783478
6,6,0.0584680197905989,0.03881411469088025
6,6,0.10852326437016124,0.07030426855783478
6,6,0.0584680197905989,0.07030426855783478
6,6,0.0584680197905989,0.07030426855783478
6,6,0.10852326437016124,0.07030426855783478
6,6,0.10852326437016124,0.10179442242478931
6,6,0.10852326437016124,0.07030426855783478
6,6,0.15857850894972358,0.10179442242478931
6,6,0.10852326437016124,0.10179442242478931
6,6,0.10852326437016124,0.10179442242478931
6,6,0.15857850894972358,0.10179442242478931
6,6,0.15857850894972358,0.13328457629174384
6,6,0.15857850894972358,0.10179442242478931
6,6,0.20863375352928593,0.13328457629174384
6,6,0.15857850894972358,0.13328457629174384
6,6,0.15857850894972358,0.13328457629174384
6,6,0.20863375352928593,0.13328457629174384
6,6,0.20863375352928593,0.16477473015869837
6,6,0.20863375352928593,0.13328457629174384
6,6,0.25868899810884827,0.16477473015869837
6,6,0.20863375352928593,0.16477473015869837
6,6,0.20863375352928593,0.16477473015869837
6,6,0.25868899810884827,0.16477473015869837
6,6,0.25868899810884827,0.19626488402565379
6,6,0.25868899810884827,0.16477473015869837
6,6,0.3087442426884106,0.19626488402565379
6,6,0.25868899810884827,0.19626488402565379
6,6,0.25868899810884827,0.19626488402565379
6,6,0.3087442426884106,0.19626488402565379
6,6,0.3087442426884106,0.22775503789260831
6,6,0.3087442426884106,0.19626488402565379
6,6,0.35879948726797295,0.22775503789260831
6,6,0.3087442426884106,0.22775503789260831
6,6,0.3087442426884106,0.22775503789260831
6,6,0.35879948726797295,0.22775503789260831
6,6,0.35879948726797206,0.25924519175956284
6,6,0.35879948726797295,0.22775503789260831
6,6,0.4088547318475344,0.25924519175956284
6,6,0.35879948726797206,0.25924519175956284
6,6,0.35879948726797206,0.25924519175956284
6,6,0.4088547318475344,0.25924519175956284
6,6,0.4088547318475344,0.29073534562651737
6,6,0.4088547318475344,0.25924519175956284
6,6,0.45890997642709674,0.29073534562651737
6,6,0.4088547318475344,0.29073534562651737
6,6,0.4088547318475344,0.29073534562651737
6,6,0.45890997642709674,0.29073534562651737
6,6,0.45890997642709674,0.3222254994934719
6,6,0.45890997642709674,0.29073534562651737
6,6,0.5089652210066591,0.3222254994934719
6,6,0.45890997642709674,0.3222254994934719
6,6,0.45890997642709674,0.3222254994934719
6,6,0.5089652210066591,0.3222254994934719
6,6,0.5089652210066591,0.35371565336042643
5,7,0.9083022860519128,0.9443436530900167
5,7,0.9583575306314751,0.9443436530900167
5,7,0.9583575306314751,0.9758338069569712
5,7,0.9583575306314751,0.9443436530900167
6,7,0.00841277521103656,0.9758338069569712
5,7,0.9583575306314751,0.9758338069569712
5,7,0.9583575306314751,0.9758338069569712
6,7,0.00841277521103656,0.9758338069569712
6,6,0.00841277521103656,0.007323960823925724
6,7,0.00841277521103656,0.9758338069569712
6,6,0.0584680197905989,0.007323960823925724
6,6,0.00841277521103656,0.007323960823925724
6,6,0.00841277521103656,0.007323960823925724
6,6,0.0584680197905989,0.007323960823925724
6,6,0.0584680197905989,0.03881411469088025
6,6,0.0584680197905989,0.007323960823925724
6,6,0.10852326437016124,0.03881411469088025
6,6,0.0584680197905989,0.03881411469088025
6,6,0.0584680197905989,0.03881411469088025
6,6,0.10852326437016124,0.03881411469088025
6,6,0.10852326437016124,0.07030426855783478
6,6,0.10852326437016124,0.03881411469088025
6,6,0.15857850894972358,0.07030426855783478
6,6,0.10852326437016124,0.07030426855783478
6,6,0.10852326437016124,0.07030426855783478
6,6,0.15857850894972358,0.07030426855783478
6,6,0.15857850894972358,0.10179442242478931
6,6,0.15857850894972358,0.07030426855783478
6,6,0.20863375352928593,0.10179442242478931
6,6,0.15857850894972358,0.10179442242478931
6,6,0.15857850894972358,0.10179442242478931
6,6,0.20863375352928593,0.10179442242478931
6,6,0.20863375352928593,0.13328457629174384
6,6,0.20863375352928593,0.10179442242478931
6,6,0.25868899810884827,0.13328457629174384
6,6,0.20863375352928593,0.13328457629174384
6,6,0.20863375352928593,0.13328457629174384
6,6,0.25868899810884827,0.13328457629174384
6,6,0.25868899810884827,0.16477473015869837
6,6,0.25868899810884827,0.13328457629174384
6,6,0.3087442426884106,0.16477473015869837
6,6,0.25868899810884827,0.16477473015869837
6,6,0.25868899810884827,0.16477473015869837
6,6,0.3087442426884106,0.16477473015869837
6,6,0.3087442426884106,0.19626488402565379
6,6,0.3087442426884106,0.16477473015869837
6,6,0.35879948726797206,0.19626488402565379
6,6,0.3087442426884106,0.19626488402565379
6,6,0.3087442426884106,0.19626488402565379
6,6,0.35879948726797206,0.19626488402565379
6,6,0.35879948726797295,0.22775503789260831
6,6,0.35879948726797206,0.19626488402565379
6,6,0.4088547318475344,0.22775503789260831
6,6,0.35879948726797295,0.22775503789260831
6,6,0.35879948726797295,0.22775503789260831
6,6,0.4088547318475344,0.22775503789260831
6,6,0.4088547318475344,0.25924519175956284
6,6,0.4088547318475344,0.22775503789260831
6,6,0.45890997642709674,0.25924519175956284
6,6,0.4088547318475344,0.25924519175956284
6,6,0.4088547318475344,0.25924519175956284
6,6,0.45890997642709674,0.25924519175956284
6,6,0.45890997642709674,0.29073534562651737
6,6,0.45890997642709674,0.25924519175956284
6,6,0.5089652210066591,0.29073534562651737
6,6,0.45890997642709674,0.29073534562651737
6,6,0.45890997642709674,0.29073534562651737
6,6,0.5089652210066591,0.29073534562651737
6,6,0.5089652210066591,0.3222254994934719
5,7,0.9583575306314751,0.9443436530900167
6,7,0.00841277521103656,0.9443436530900167
6,7,0.00841277521103656,0.9758338069569712
6,7,0.00841277521103656,0.9443436530900167
6,7,0.0584680197905989,0.9758338069569712
6,7,0.00841277521103656,0.9758338069569712
6,7,0.00841277521103656,0.9758338069569712
6,7,0.0584680197905989,0.9758338069569712
6,6,0.0584680197905989,0.007323960823925724
6,7,0.0584680197905989,0.9758338069569712
6,6,0.10852326437016124,0.007323960823925724
6,6,0.0584680197905989,0.007323960823925724
6,6,0.0584680197905989,0.007323960823925724
6,6,0.10852326437016124,0.007323960823925724
6,6,0.10852326437016124,0.03881411469088025
6,6,0.10852326437016124,0.007323960823925724
6,6,0.15857850894972358,0.03881411469088025
6,6,0.10852326437016124,0.03881411469088025
6,6,0.10852326437016124,0.03881411469088025
6,6,0.15857850894972358,0.03881411469088025
6,6,0.15857850894972358,0.07030426855783478
6,6,0.15857850894972358,0.03881411469088025
6,6,0.20863375352928593,0.07030426855783478
6,6,0.15857850894972358,0.07030426855783478
6,6,0.15857850894972358,0.07030426855783478
6,6,0.20863375352928593,0.07030426855783478
6,6,0.20863375352928593,0.10179442242478931
6,6,0.20863375352928593,0.07030426855783478
6,6,0.25868899810884827,0.10179442242478931
6,6,0.20863375352928593,0.10179442242478931
6,6,0.20863375352928593,0.10179442242478931
6,6,0.25868899810884827,0.10179442242478931
6,6,0.25868899810884827,0.13328457629174384
6,6,0.25868899810884827,0.10179442242478931
6,6,0.3087442426884106,0.13328457629174384
6,6,0.25868899810884827,0.13328457629174384
6,6,0.25868899810884827,0.13328457629174384
6,6,0.3087442426884106,0.13328457629174384
6,6,0.3087442426884106,0.16477473015869837
6,6,0.3087442426884106,0.13328457629174384
6,6,0.35879948726797206,0.16477473015869837
6,6,0.3087442426884106,0.16477473015869837
6,6,0.3087442426884106,0.16477473015869837
6,6,0.35879948726797206,0.16477473015869837
6,6,0.35879948726797206,0.19626488402565379
6,6,0.35879948726797206,0.16477473015869837
6,6,0.4088547318475344,0.19626488402565379
6,6,0.35879948726797206,0.19626488402565379
6,6,0.35879948726797206,0.19626488402565379
6,6,0.4088547318475344,0.19626488402565379
6,6,0.4088547318475344,0.22775503789260831
6,6,0.4088547318475344,0.19626488402565379
6,6,0.45890997642709674,0.22775503789260831
6,6,0.4088547318475344,0.22775503789260831
6,6,0.4088547318475344,0.22775503789260831
6,6,0.45890997642709674,0.22775503789260831
6,6,0.45890997642709674,0.25924519175956284
6,6,0.45890997642709674,0.22775503789260831
6,6,0.5089652210066591,0.25924519175956284
6,6,0.45890997642709674,0.25924519175956284
6,6,0.45890997642709674,0.25924519175956284
6,6,0.5089652210066591,0.25924519175956284
6,6,0.5089652210066591,0.29073534562651737
6,7,0.00841277521103656,0.9443436530900167
6,7,0.0584680197905989,0.9443436530900167
6,7,0.0584680197905989,0.9758338069569712
6,7,0.0584680197905989,0.9443436530900167
6,7,0.10852326437016124,0.9758338069569712
6,7,0.0584680197905989,0.9758338069569712
6,7,0.0584680197905989,0.9758338069569712
6,7,0.10852326437016124,0.9758338069569712
6,6,0.10852326437016124,0.007323960823925724
6,7,0.10852326437016124,0.9758338069569712
6,6,0.15857850894972358,0.007323960823925724
6,6,0.10852326437016124,0.007323960823925724
6,6,0.10852326437016124,0.007323960823925724
6,6,0.15857850894972358,0.007323960823925724
6,6,0.15857850894972358,0.03881411469088025
6,6,0.15857850894972358,0.007323960823925724
6,6,0.20863375352928593,0.03881411469088025
6,6,0.15857850894972358,0.03881411469088025
6,6,0.15857850894972358,0.03881411469088025
6,6,0.20863375352928593,0.03881411469088025
6,6,0.20863375352928593,0.07030426855783478
6,6,0.20863375352928593,0.03881411469088025
6,6,0.25868899810884827,0.07030426855783478
6,6,0.20863375352928593,0.07030426855783478
6,6,0.20863375352928593,0.07030426855783478
6,6,0.25868899810884827,0.07030426855783478
6,6,0.25868899810884827,0.10179442242478931
6,6,0.25868899810884827,0.07030426855783478
6,6,0.3087442426884106,0.10179442242478931
6,6,0.25868899810884827,0.10179442242478931
6,6,0.25868899810884827,0.10179442242478931
6,6,0.3087442426884106,0.10179442242478931
6,6,0.3087442426884106,0.13328457629174384
6,6,0.3087442426884106,0.10179442242478931
6,6,0.35879948726797206,0.13328457629174384
6,6,0.3087442426884106,0.13328457629174384
6,6,0.3087442426884106,0.13328457629174384
6,6,0.35879948726797206,0.13328457629174384
6,6,0.35879948726797206,0.16477473015869837
6,6,0.35879948726797206,0.13328457629174384
6,6,0.4088547318475344,0.16477473015869837
6,6,0.35879948726797206,0.16477473015869837
6,6,0.35879948726797206,0.16477473015869837
6,6,0.4088547318475344,0.16477473015869837
6,6,0.4088547318475344,0.19626488402565379
6,6,0.4088547318475344,0.16477473015869837
6,6,0.45890997642709674,0.19626488402565379
6,6,0.4088547318475344,0.19626488402565379
6,6,0.4088547318475344,0.19626488402565379
6,6,0.45890997642709674,0.19626488402565379
6,6,0.45890997642709674,0.22775503789260831
6,6,0.45890997642709674,0.19626488402565379
6,6,0.5089652210066591,0.22775503789260831
6,6,0.45890997642709674,0.22775503789260831
6,6,0.45890997642709674,0.22775503789260831
6,6,0.5089652210066591,0.22775503789260831
6,6,0.5089652210066591,0.25924519175956284
6,7,0.0584680197905989,0.9443436530900167
6,7,0.10852326437016124,0.9443436530900167
6,7,0.10852326437016124,0.9758338069569712
6,7,0.10852326437016124,0.9443436530900167
6,7,0.15857850894972358,0.9758338069569712
6,7,0.10852326437016124,0.9758338069569712
6,7,0.10852326437016124,0.9758338069569712
6,7,0.15857850894972358,0.9758338069569712
6,6,0.15857850894972358,0.007323960823925724
6,7,0.15857850894972358,0.9758338069569712
6,6,0.20863375352928593,0.007323960823925724
6,6,0.15857850894972358,0.007323960823925724
6,6,0.15857850894972358,0.007323960823925724
6,6,0.20863375352928593,0.007323960823925724
6,6,0.20863375352928593,0.03881411469088025
6,6,0.20863375352928593,0.007323960823925724
6,6,0.25868899810884827,0.03881411469088025
6,6,0.20863375352928593,0.03881411469088025
6,6,0.20863375352928593,0.03881411469088025
6,6,0.25868899810884827,0.03881411469088025
6,6,0.25868899810884827,0.07030426855783478
6,6,0.25868899810884827,0.03881411469088025
6,6,0.3087442426884106,0.07030426855783478
6,6,0.25868899810884827,0.07030426855783478
6,6,0.25868899810884827,0.07030426855783478
6,6,0.3087442426884106,0.07030426855783478
6,6,0.3087442426884106,0.10179442242478931
6,6,0.3087442426884106,0.07030426855783478
6,6,0.35879948726797295,0.10179442242478931
6,6,0.3087442426884106,0.10179442242478931
6,6,0.3087442426884106,0.10179442242478931
6,6,0.35879948726797295,0.10179442242478931
6,6,0.35879948726797206,0.13328457629174384
6,6,0.35879948726797295,0.10179442242478931
6,6,0.4088547318475344,0.13328457629174384
6,6,0.35879948726797206,0.13328457629174384
6,6,0.35879948726797206,0.13328457629174384
6,6,0.4088547318475344,0.13328457629174384
6,6,0.4088547318475344,0.16477473015869837
6,6,0.4088547318475344,0.13328457629174384
6,6,0.45890997642709674,0.16477473015869837
6,6,0.4088547318475344,0.16477473015869837
6,6,0.4088547318475344,0.16477473015869837
6,6,0.45890997642709674,0.16477473015869837
6,6,0.45890997642709674,0.19626488402565379
6,6,0.45890997642709674,0.16477473015869837
6,6,0.5089652210066591,0.19626488402565379
6,6,0.45890997642709674,0.19626488402565379
6,6,0.45890997642709674,0.19626488402565379
6,6,0.5089652210066591,0.19626488402565379
6,6,0.5089652210066591,0.22775503789260831
6,7,0.10852326437016124,0.9443436530900167
6,7,0.15857850894972358,0.9443436530900167
6,7,0.15857850894972358,0.9758338069569712
6,7,0.15857850894972358,0.9443436530900167
6,7,0.20863375352928593,0.9758338069569712
6,7,0.15857850894972358,0.9758338069569712
6,7,0.15857850894972358,0.9758338069569712
6,7,0.20863375352928593,0.9758338069569712
6,6,0.20863375352928593,0.007323960823925724
6,7,0.20863375352928593,0.9758338069569712
6,6,0.25868899810884827,0.007323960823925724
6,6,0.20863375352928593,0.007323960823925724
6,6,0.20863375352928593,0.007323960823925724
6,6,0.25868899810884827,0.007323960823925724
6,6,0.25868899810884827,0.03881411469088025
6,6,0.25868899810884827,0.007323960823925724
6,6,0.3087442426884106,0.03881411469088025
6,6,0.25868899810884827,0.03881411469088025
6,6,0.25868899810884827,0.03881411469088025
6,6,0.3087442426884106,0.03881411469088025
6,6,0.3087442426884106,0.07030426855783478
6,6,0.3087442426884106,0.03881411469088025
6,6,0.35879948726797206,0.07030426855783478
6,6,0.3087442426884106,0.07030426855783478
6,6,0.3087442426884106,0.07030426855783478
6,6,0.35879948726797206,0.07030426855783478
6,6,0.35879948726797295,0.10179442242478931
6,6,0.35879948726797206,0.07030426855783478
6,6,0.4088547318475344,0.10179442242478931
6,6,0.35879948726797295,0.10179442242478931
6,6,0.35879948726797295,0.10179442242478931
6,6,0.4088547318475344,0.10179442242478931
6,6,0.4088547318475344,0.13328457629174384
6,6,0.4088547318475344,0.10179442242478931
6,6,0.45890997642709674,0.13328457629174384
6,6,0.4088547318475344,0.13328457629174384
6,6,0.4088547318475344,0.13328457629174384
6,6,0.45890997642709674,0.13328457629174384
6,6,0.45890997642709674,0.16477473015869837
6,6,0.45890997642709674,0.13328457629174384
6,6,0.5089652210066591,0.16477473015869837
6,6,0.45890997642709674,0.16477473015869837
6,6,0.45890997642709674,0.16477473015869837
6,6,0.5089652210066591,0.16477473015869837
6,6,0.5089652210066591,0.19626488402565379
6,7,0.15857850894972358,0.9443436530900167
6,7,0.20863375352928593,0.9443436530900167
6,7,0.20863375352928593,0.9758338069569712
6,7,0.20863375352928593,0.9443436530900167
6,7,0.25868899810884827,0.9758338069569712
6,7,0.20863375352928593,0.9758338069569712
6,7,0.20863375352928593,0.9758338069569712
6,7,0.25868899810884827,0.9758338069569712
6,6,0.25868899810884827,0.007323960823925724
6,7,0.25868899810884827,0.9758338069569712
6,6,0.3087442426884106,0.007323960823925724
6,6,0.25868899810884827,0.007323960823925724
6,6,0.25868899810884827,0.007323960823925724
6,6,0.3087442426884106,0.007323960823925724
6,6,0.3087442426884106,0.03881411469088025
6,6,0.3087442426884106,0.007323960823925724
6,6,0.35879948726797206,0.03881411469088025
6,6,0.3087442426884106,0.03881411469088025
6,6,0.3087442426884106,0.03881411469088025
6,6,0.35879948726797206,0.03881411469088025
6,6,0.35879948726797206,0.07030426855783478
6,6,0.35879948726797206,0.03881411469088025
6,6,0.4088547318475344,0.07030426855783478
6,6,0.35879948726797206,0.07030426855783478
6,6,0.35879948726797206,0.07030426855783478
6,6,0.4088547318475344,0.07030426855783478
6,6,0.4088547318475344,0.10179442242478931
6,6,0.4088547318475344,0.07030426855783478
6,6,0.45890997642709674,0.10179442242478931
6,6,0.4088547318475344,0.10179442242478931
6,6,0.4088547318475344,0.10179442242478931
6,6,0.45890997642709674,0.10179442242478931
6,6,0.45890997642709674,0.13328457629174384
6,6,0.45890997642709674,0.10179442242478931
6,6,0.5089652210066591,0.13328457629174384
6,6,0.45890997642709674,0.13328457629174384
6,6,0.45890997642709674,0.13328457629174384
6,6,0.5089652210066591,0.13328457629174384
6,6,0.5089652210066591,0.16477473015869837
6,7,0.20863375352928593,0.9443436530900167
6,7,0.25868899810884827,0.9443436530900167
6,7,0.25868899810884827,0.9758338069569712
6,7,0.25868899810884827,0.9443436530900167
6,7,0.3087442426884106,0.9758338069569712
6,7,0.25868899810884827,0.9758338069569712
6,7,0.25868899810884827,0.9758338069569712
6,7,0.3087442426884106,0.9758338069569712
6,6,0.3087442426884106,0.007323960823925724
6,7,0.3087442426884106,0.9758338069569712
6,6,0.35879948726797206,0.007323960823925724
6,6,0.3087442426884106,0.007323960823925724
6,6,0.3087442426884106,0.007323960823925724
6,6,0.35879948726797206,0.007323960823925724
6,6,0.35879948726797206,0.03881411469088025
6,6,0.35879948726797206,0.007323960823925724
6,6,0.4088547318475344,0.03881411469088025
6,6,0.35879948726797206,0.03881411469088025
6,6,0.35879948726797206,0.03881411469088025
6,6,0.4088547318475344,0.03881411469088025
6,6,0.4088547318475344,0.07030426855783478
6,6,0.4088547318475344,0.03881411469088025
6,6,0.45890997642709674,0.07030426855783478
6,6,0.4088547318475344,0.07030426855783478
6,6,0.4088547318475344,0.07030426855783478
6,6,0.45890997642709674,0.07030426855783478
6,6,0.45890997642709674,0.10179442242478931
6,6,0.45890997642709674,0.07030426855783478
6,6,0.5089652210066591,0.10179442242478931
6,6,0.45890997642709674,0.10179442242478931
6,6,0.45890997642709674,0.10179442242478931
6,6,0.5089652210066591,0.10179442242478931
6,6,0.5089652210066591,0.13328457629174384
6,7,0.25868899810884827,0.9443436530900167
6,7,0.3087442426884106,0.9443436530900167
6,7,0.3087442426884106,0.9758338069569712
6,7,0.3087442426884106,0.9443436530900167
6,7,0.35879948726797206,0.9758338069569712
6,7,0.3087442426884106,0.9758338069569712
6,7,0.3087442426884106,0.9758338069569712
6,7,0.35879948726797206,0.9758338069569712
6,6,0.35879948726797206,0.007323960823925724
6,7,0.35879948726797206,0.9758338069569712
6,6,0.4088547318475344,0.007323960823925724
6,6,0.35879948726797206,0.007323960823925724
6,6,0.35879948726797206,0.007323960823925724
6,6,0.4088547318475344,0.007323960823925724
6,6,0.4088547318475344,0.03881411469088025
6,6,0.4088547318475344,0.007323960823925724
6,6,0.45890997642709674,0.03881411469088025
6,6,0.4088547318475344,0.03881411469088025
6,6,0.4088547318475344,0.03881411469088025
6,6,0.45890997642709674,0.03881411469088025
6,6,0.45890997642709674,0.07030426855783478
6,6,0.45890997642709674,0.03881411469088025
6,6,0.5089652210066591,0.07030426855783478
6,6,0.45890997642709674,0.07030426855783478
6,6,0.45890997642709674,0.07030426855783478
6,6,0.5089652210066591,0.07030426855783478
6,6,0.5089652210066591,0.10179442242478931
6,7,0.3087442426884106,0.9443436530900167
6,7,0.35879948726797206,0.9443436530900167
6,7,0.35879948726797206,0.9758338069569712
6,7,0.35879948726797206,0.9443436530900167
6,7,0.4088547318475344,0.9758338069569712
6,7,0.35879948726797206,0.9758338069569712
6,7,0.35879948726797206,0.9758338069569712
6,7,0.4088547318475344,0.9758338069569712
6,6,0.4088547318475344,0.007323960823925724
6,7,0.4088547318475344,0.9758338069569712
6,6,0.45890997642709674,0.007323960823925724
6,6,0.4088547318475344,0.007323960823925724
6,6,0.4088547318475344,0.007323960823925724
6,6,0.45890997642709674,0.007323960823925724
6,6,0.45890997642709674,0.03881411469088025
6,6,0.45890997642709674,0.007323960823925724
6,6,0.5089652210066591,0.03881411469088025
6,6,0.45890997642709674,0.03881411469088025
6,6,0.45890997642709674,0.03881411469088025
6,6,0.5089652210066591,0.03881411469088025
6,6,0.5089652210066591,0.07030426855783478
6,7,0.35879948726797206,0.9443436530900167
6,7,0.4088547318475344,0.9443436530900167
6,7,0.4088547318475344,0.9758338069569712
6,7,0.4088547318475344,0.9443436530900167
6,7,0.45890997642709674,0.9758338069569712
6,7,0.4088547318475344,0.9758338069569712
6,7,0.4088547318475344,0.9758338069569712
6,7,0.45890997642709674,0.9758338069569712
6,6,0.45890997642709674,0.007323960823925724
6,7,0.45890997642709674,0.9758338069569712
6,6,0.5089652210066591,0.007323960823925724
6,6,0.45890997642709674,0.007323960823925724
6,6,0.45890997642709674,0.007323960823925724
6,6,0.5089652210066591,0.007323960823925724
6,6,0.5089652210066591,0.03881411469088025
6,7,0.4088547318475344,0.9443436530900167
6,7,0.45890997642709674,0.9443436530900167
6,7,0.45890997642709674,0.9758338069569712
6,7,0.45890997642709674,0.9443436530900167
6,7,0.5089652210066591,0.9758338069569712
6,7,0.45890997642709674,0.9758338069569712
6,7,0.45890997642709674,0.9758338069569712
6,7,0.5089652210066591,0.9758338069569712
6,6,0.5089652210066591,0.007323960823925724
6,7,0.45890997642709674,0.9443436530900167
6,7,0.5089652210066591,0.9443436530900167
6,7,0.5089652210066591,0.9758338069569712
6,6,0.5,0.4299999999999997
6,6,0.40095719310693845,0.3279368892127206
6,6,0.40095719310693845,0.5320631107872789
6,6,0.5990428068930616,0.3279368892127206
6,6,0.5990428068930616,0.5320631107872789
6,6,0.6744898464149971,0.6264301377541601
6,6,0.6354490338850143,0.6264301377541601
6,6,0.6354490338850143,0.5837039298815858
6,6,0.6354490338850143,0.6264301377541601
6,6,0.5964082213550315,0.5837039298815858
6,6,0.6354490338850143,0.5837039298815858
6,6,0.6354490338850143,0.5837039298815858
6,6,0.5964082213550315,0.5837039298815858
6,6,0.5964082213550315,0.5409777220090115
6,6,0.5964082213550315,0.5837039298815858
6,6,0.5573674088250486,0.5409777220090115
6,6,0.5964082213550315,0.5409777220090115
6,6,0.5964082213550315,0.5409777220090115
6,6,0.5573674088250486,0.5409777220090115
6,6,0.5573674088250486,0.4982515141364381
6,6,0.5573674088250486,0.5409777220090115
6,6,0.5183265962950658,0.4982515141364381
6,6,0.5573674088250486,0.4982515141364381
6,6,0.5573674088250486,0.4982515141364381
6,6,0.5183265962950658,0.4982515141364381
6,6,0.5183265962950658,0.4555253062638638
6,6,0.5183265962950658,0.4982515141364381
6,6,0.4792857837650839,0.4555253062638638
6,6,0.5183265962950658,0.4555253062638638
6,6,0.5183265962950658,0.4555253062638638
6,6,0.4792857837650839,0.4555253062638638
6,6,0.4792857837650839,0.4127990983912895
6,6,0.4792857837650839,0.4555253062638638
6,6,0.4402449712351011,0.4127990983912895
6,6,0.4792857837650839,0.4127990983912895
6,6,0.4792857837650839,0.4127990983912895
6,6,0.4402449712351011,0.4127990983912895
6,6,0.4402449712351011,0.37007289051871517
6,6,0.4402449712351011,0.4127990983912895
6,6,0.4012041587051183,0.37007289051871517
6,6,0.4402449712351011,0.37007289051871517
6,6,0.4402449712351011,0.37007289051871517
6,6,0.4012041587051183,0.37007289051871517
6,6,0.4012041587051183,0.32734668264614086
6,6,0.4012041587051183,0.37007289051871517
6,6,0.36216334617513546,0.32734668264614086
6,6,0.4012041587051183,0.32734668264614086
6,6,0.4012041587051183,0.32734668264614086
6,6,0.36216334617513546,0.32734668264614086
6,6,0.36216334617513546,0.28462047477356656
6,6,0.36216334617513546,0.32734668264614086
6,6,0.32312253364515264,0.28462047477356656
6,6,0.36216334617513546,0.28462047477356656
6,6,0.36216334617513546,0.28462047477356656
6,6,0.32312253364515264,0.28462047477356656
6,6,0.32312253364515264,0.24189426690099225
6,6,0.6354490338850143,0.6264301377541601
6,6,0.5964082213550315,0.6264301377541601
6,6,0.5964082213550315,0.5837039298815858
6,6,0.5964082213550315,0.6264301377541601
6,6,0.5573674088250486,0.5837039298815858
6,6,0.5964082213550315,0.5837039298815858
6,6,0.5964082213550315,0.5837039298815858
6,6,0.5573674088250486,0.5837039298815858
6,6,0.5573674088250486,0.5409777220090115
6,6,0.5573674088250486,0.5837039298815858
6,6,0.5183265962950658,0.5409777220090115
6,6,0.5573674088250486,0.5409777220090115
6,6,0.5573674088250486,0.5409777220090115
6,6,0.5183265962950658,0.5409777220090115
6,6,0.5183265962950658,0.4982515141364381
6,6,0.5183265962950658,0.5409777220090115
6,6,0.4792857837650839,0.4982515141364381
6,6,0.5183265962950658,0.4982515141364381
6,6,0.5183265962950658,0.4982515141364381
6,6,0.4792857837650839,0.4982515141364381
6,6,0.4792857837650839,0.4555253062638638
6,6,0.4792857837650839,0.4982515141364381
6,6,0.4402449712351011,0.4555253062638638
6,6,0.4792857837650839,0.4555253062638638
6,6,0.4792857837650839,0.4555253062638638
6,6,0.4402449712351011,0.4555253062638638
6,6,0.4402449712351011,0.4127990983912895
6,6,0.4402449712351011,0.4555253062638638
6,6,0.4012041587051183,0.4127990983912895
6,6,0.4402449712351011,0.4127990983912895
6,6,0.4402449712351011,0.4127990983912895
6,6,0.4012041587051183,0.4127990983912895
6,6,0.4012041587051183,0.37007289051871517
6,6,0.4012041587051183,0.4127990983912895
6,6,0.36216334617513546,0.37007289051871517
6,6,0.4012041587051183,0.37007289051871517
6,6,0.4012041587051183,0.37007289051871517
6,6,0.36216334617513546,0.37007289051871517
6,6,0.36216334617513546,0.32734668264614086
6,6,0.36216334617513546,0.37007289051871517
6,6,0.32312253364515264,0.32734668264614086
6,6,0.36216334617513546,0.32734668264614086
6,6,0.36216334617513546,0.32734668264614086
6,6,0.32312253364515264,0.32734668264614086
6,6,0.32312253364515264,0.28462047477356656
6,6,0.5964082213550315,0.6264301377541601
6,6,0.5573674088250486,0.6264301377541601
6,6,0.5573674088250486,0.5837039298815858
6,6,0.5573674088250486,0.6264301377541601
6,6,0.5183265962950658,0.5837039298815858
6,6,0.5573674088250486,0.5837039298815858
6,6,0.5573674088250486,0.5837039298815858
6,6,0.5183265962950658,0.5837039298815858
6,6,0.5183265962950658,0.5409777220090115
6,6,0.5183265962950658,0.5837039298815858
6,6,0.4792857837650839,0.5409777220090115
6,6,0.5183265962950658,0.5409777220090115
6,6,0.5183265962950658,0.5409777220090115
6,6,0.4792857837650839,0.5409777220090115
6,6,0.4792857837650839,0.4982515141364381
6,6,0.4792857837650839,0.5409777220090115
6,6,0.4402449712351011,0.4982515141364381
6,6,0.4792857837650839,0.4982515141364381
6,6,0.4792857837650839,0.4982515141364381
6,6,0.4402449712351011,0.4982515141364381
6,6,0.4402449712351011,0.4555253062638638
6,6,0.4402449712351011,0.4982515141364381
6,6,0.4012041587051183,0.4555253062638638
6,6,0.4402449712351011,0.4555253062638638
6,6,0.4402449712351011,0.4555253062638638
6,6,0.4012041587051183,0.4555253062638638
6,6,0.4012041587051183,0.4127990983912895
6,6,0.4012041587051183,0.4555253062638638
6,6,0.36216334617513546,0.4127990983912895
6,6,0.4012041587051183,0.4127990983912895
6,6,0.4012041587051183,0.4127990983912895
6,6,0.36216334617513546,0.4127990983912895
6,6,0.36216334617513546,0.37007289051871517
6,6,0.36216334617513546,0.4127990983912895
6,6,0.32312253364515264,0.37007289051871517
6,6,0.36216334617513546,0.37007289051871517
6,6,0.36216334617513546,0.37007289051871517
6,6,0.32312253364515264,0.37007289051871517
6,6,0.32312253364515264,0.32734668264614086
6,6,0.5573674088250486,0.6264301377541601
6,6,0.5183265962950658,0.6264301377541601
6,6,0.5183265962950658,0.5837039298815858
6,6,0.5183265962950658,0.6264301377541601
6,6,0.4792857837650839,0.5837039298815858
6,6,0.5183265962950658,0.5837039298815858
6,6,0.5183265962950658,0.5837039298815858
6,6,0.4792857837650839,0.5837039298815858
6,6,0.4792857837650839,0.5409777220090115
6,6,0.4792857837650839,0.5837039298815858
6,6,0.4402449712351011,0.5409777220090115
6,6,0.4792857837650839,0.5409777220090115
6,6,0.4792857837650839,0.5409777220090115
6,6,0.4402449712351011,0.5409777220090115
6,6,0.4402449712351011,0.4982515141364381
6,6,0.4402449712351011,0.5409777220090115
6,6,0.4012041587051183,0.4982515141364381
6,6,0.4402449712351011,0.4982515141364381
6,6,0.4402449712351011,0.4982515141364381
6,6,0.4012041587051183,0.4982515141364381
6,6,0.4012041587051183,0.4555253062638638
6,6,0.4012041587051183,0.4982515141364381
6,6,0.36216334617513546,0.4555253062638638
6,6,0.4012041587051183,0.4555253062638638
6,6,0.4012041587051183,0.4555253062638638
6,6,0.36216334617513546,0.4555253062638638
6,6,0.36216334617513546,0.4127990983912895
6,6,0.36216334617513546,0.4555253062638638
6,6,0.32312253364515264,0.4127990983912895
6,6,0.36216334617513546,0.4127990983912895
6,6,0.36216334617513546,0.4127990983912895
6,6,0.32312253364515264,0.4127990983912895
6,6,0.32312253364515264,0.37007289051871517
6,6,0.5183265962950658,0.6264301377541601
6,6,0.4792857837650839,0.6264301377541601
6,6,0.4792857837650839,0.5837039298815858
6,6,0.4792857837650839,0.6264301377541601
6,6,0.4402449712351011,0.5837039298815858
6,6,0.4792857837650839,0.5837039298815858
6,6,0.4792857837650839,0.5837039298815858
6,6,0.4402449712351011,0.5837039298815858
6,6,0.4402449712351011,0.5409777220090115
6,6,0.4402449712351011,0.5837039298815858
6,6,0.4012041587051183,0.5409777220090115
6,6,0.4402449712351011,0.5409777220090115
6,6,0.4402449712351011,0.5409777220090115
6,6,0.4012041587051183,0.5409777220090115
6,6,0.4012041587051183,0.4982515141364381
6,6,0.4012041587051183,0.5409777220090115
6,6,0.36216334617513546,0.4982515141364381
6,6,0.4012041587051183,0.4982515141364381
6,6,0.4012041587051183,0.4982515141364381
6,6,0.36216334617513546,0.4982515141364381
6,6,0.36216334617513546,0.4555253062638638
6,6,0.36216334617513546,0.4982515141364381
6,6,0.32312253364515264,0.4555253062638638
6,6,0.36216334617513546,0.4555253062638638
6,6,0.36216334617513546,0.4555253062638638
6,6,0.32312253364515264,0.4555253062638638
6,6,0.32312253364515264,0.4127990983912895
6,6,0.4792857837650839,0.6264301377541601
6,6,0.4402449712351011,0.6264301377541601
6,6,0.4402449712351011,0.5837039298815858
6,6,0.4402449712351011,0.6264301377541601
6,6,0.4012041587051183,0.5837039298815858
6,6,0.4402449712351011,0.5837039298815858
6,6,0.4402449712351011,0.5837039298815858
6,6,0.4012041587051183,0.5837039298815858
6,6,0.4012041587051183,0.5409777220090115
6,6,0.4012041587051183,0.5837039298815858
6,6,0.36216334617513546,0.5409777220090115
6,6,0.4012041587051183,0.5409777220090115
6,6,0.4012041587051183,0.5409777220090115
6,6,0.36216334617513546,0.5409777220090115
6,6,0.36216334617513546,0.4982515141364381
6,6,0.36216334617513546,0.5409777220090115
6,6,0.32312253364515264,0.4982515141364381
6,6,0.36216334617513546,0.4982515141364381
6,6,0.36216334617513546,0.4982515141364381
6,6,0.32312253364515264,0.4982515141364381
6,6,0.32312253364515264,0.4555253062638638
6,6,0.4402449712351011,0.6264301377541601
6,6,0.4012041587051183,0.6264301377541601
6,6,0.4012041587051183,0.5837039298815858
6,6,0.4012041587051183,0.6264301377541601
6,6,0.36216334617513546,0.5837039298815858
6,6,0.4012041587051183,0.5837039298815858
6,6,0.4012041587051183,0.5837039298815858
6,6,0.36216334617513546,0.5837039298815858
6,6,0.36216334617513546,0.5409777220090115
6,6,0.36216334617513546,0.5837039298815858
6,6,0.32312253364515264,0.5409777220090115
6,6,0.36216334617513546,0.5409777220090115
6,6,0.36216334617513546,0.5409777220090115
6,6,0.32312253364515264,0.5409777220090115
6,6,0.32312253364515264,0.4982515141364381
6,6,0.4012041587051183,0.6264301377541601
6,6,0.36216334617513546,0.6264301377541601
6,6,0.36216334617513546,0.5837039298815858
6,6,0.36216334617513546,0.6264301377541601
6,6,0.32312253364515264,0.5837039298815858
6,6,0.36216334617513546,0.5837039298815858
6,6,0.36216334617513546,0.5837039298815858
6,6,0.32312253364515264,0.5837039298815858
6,6,0.32312253364515264,0.5409777220090115
6,6,0.36216334617513546,0.6264301377541601
6,6,0.32312253364515264,0.6264301377541601
6,6,0.32312253364515264,0.5837039298815858
6,6,0.32312253364515264,0.24189426690099225
6,6,0.36216334617513546,0.24189426690099225
6,6,0.36216334617513546,0.28462047477356656
6,6,0.36216334617513546,0.24189426690099225
6,6,0.4012041587051183,0.28462047477356656
6,6,0.36216334617513546,0.28462047477356656
6,6,0.36216334617513546,0.28462047477356656
6,6,0.4012041587051183,0.28462047477356656
6,6,0.4012041587051183,0.32734668264614086
6,6,0.4012041587051183,0.28462047477356656
6,6,0.4402449712351011,0.32734668264614086
6,6,0.4012041587051183,0.32734668264614086
6,6,0.4012041587051183,0.32734668264614086
6,6,0.4402449712351011,0.32734668264614086
6,6,0.4402449712351011,0.37007289051871517
6,6,0.4402449712351011,0.32734668264614086
6,6,0.4792857837650839,0.37007289051871517
6,6,0.4402449712351011,0.37007289051871517
6,6,0.4402449712351011,0.37007289051871517
6,6,0.4792857837650839,0.37007289051871517
6,6,0.4792857837650839,0.4127990983912895
6,6,0.4792857837650839,0.37007289051871517
6,6,0.5183265962950658,0.4127990983912895
6,6,0.4792857837650839,0.4127990983912895
6,6,0.4792857837650839,0.4127990983912895
6,6,0.5183265962950658,0.4127990983912895
6,6,0.5183265962950658,0.4555253062638638
6,6,0.5183265962950658,0.4127990983912895
6,6,0.5573674088250486,0.4555253062638638
6,6,0.5183265962950658,0.4555253062638638
6,6,0.5183265962950658,0.4555253062638638
6,6,0.5573674088250486,0.4555253062638638
6,6,0.5573674088250486,0.4982515141364381
6,6,0.5573674088250486,0.4555253062638638
6,6,0.5964082213550315,0.4982515141364381
6,6,0.5573674088250486,0.4982515141364381
6,6,0.5573674088250486,0.4982515141364381
6,6,0.5964082213550315,0.4982515141364381
6,6,0.5964082213550315,0.5409777220090115
6,6,0.5964082213550315,0.4982515141364381
6,6,0.6354490338850143,0.5409777220090115
6,6,0.5964082213550315,0.5409777220090115
6,6,0.5964082213550315,0.5409777220090115
6,6,0.6354490338850143,0.5409777220090115
6,6,0.6354490338850143,0.5837039298815858
6,6,0.6354490338850143,0.5409777220090115
6,6,0.6744898464149971,0.5837039298815858
6,6,0.6354490338850143,0.5837039298815858
6,6,0.6354490338850143,0.5837039298815858
6,6,0.6744898464149971,0.5837039298815858
6,6,0.6744898464149971,0.6264301377541601
6,6,0.36216334617513546,0.24189426690099225
6,6,0.4012041587051183,0.24189426690099225
6,6,0.4012041587051183,0.28462047477356656
6,6,0.4012041587051183,0.24189426690099225
6,6,0.4402449712351011,0.28462047477356656
6,6,0.4012041587051183,0.28462047477356656
6,6,0.4012041587051183,0.28462047477356656
6,6,0.4402449712351011,0.28462047477356656
6,6,0.4402449712351011,0.32734668264614086
6,6,0.4402449712351011,0.28462047477356656
6,6,0.4792857837650839,0.32734668264614086
6,6,0.4402449712351011,0.32734668264614086
6,6,0.4402449712351011,0.32734668264614086
6,6,0.4792857837650839,0.32734668264614086
6,6,0.4792857837650839,0.37007289051871517
6,6,0.4792857837650839,0.32734668264614086
6,6,0.5183265962950658,0.37007289051871517
6,6,0.4792857837650839,0.37007289051871517
6,6,0.4792857837650839,0.37007289051871517
6,6,0.5183265962950658,0.37007289051871517
6,6,0.5183265962950658,0.4127990983912895
6,6,0.5183265962950658,0.37007289051871517
6,6,0.5573674088250486,0.4127990983912895
6,6,0.5183265962950658,0.4127990983912895
6,6,0.5183265962950658,0.4127990983912895
6,6,0.5573674088250486,0.4127990983912895
6,6,0.5573674088250486,0.4555253062638638
6,6,0.5573674088250486,0.4127990983912895
6,6,0.5964082213550315,0.4555253062638638
6,6,0.5573674088250486,0.4555253062638638
6,6,0.5573674088250486,0.4555253062638638
6,6,0.5964082213550315,0.4555253062638638
6,6,0.5964082213550315,0.4982515141364381
6,6,0.5964082213550315,0.4555253062638638
6,6,0.6354490338850143,0.4982515141364381
6,6,0.5964082213550315,0.4982515141364381
6,6,0.5964082213550315,0.4982515141364381
6,6,0.6354490338850143,0.4982515141364381
6,6,0.6354490338850143,0.5409777220090115
6,6,0.6354490338850143,0.4982515141364381
6,6,0.6744898464149971,0.5409777220090115
6,6,0.6354490338850143,0.5409777220090115
6,6,0.6354490338850143,0.5409777220090115
6,6,0.6744898464149971,0.5409777220090115
6,6,0.6744898464149971,0.5837039298815858
6,6,0.4012041587051183,0.24189426690099225
6,6,0.4402449712351011,0.24189426690099225
6,6,0.4402449712351011,0.28462047477356656
6,6,0.4402449712351011,0.24189426690099225
6,6,0.4792857837650839,0.28462047477356656
6,6,0.4402449712351011,0.28462047477356656
6,6,0.4402449712351011,0.28462047477356656
6,6,0.4792857837650839,0.28462047477356656
6,6,0.4792857837650839,0.32734668264614086
6,6,0.4792857837650839,0.28462047477356656
6,6,0.5183265962950658,0.32734668264614086
6,6,0.4792857837650839,0.32734668264614086
6,6,0.4792857837650839,0.32734668264614086
6,6,0.5183265962950658,0.32734668264614086
6,6,0.5183265962950658,0.37007289051871517
6,6,0.5183265962950658,0.32734668264614086
6,6,0.5573674088250486,0.37007289051871517
6,6,0.5183265962950658,0.37007289051871517
6,6,0.5183265962950658,0.37007289051871517
6,6,0.5573674088250486,0.37007289051871517
6,6,0.5573674088250486,0.4127990983912895
6,6,0.5573674088250486,0.37007289051871517
6,6,0.5964082213550315,0.4127990983912895
6,6,0.5573674088250486,0.4127990983912895
6,6,0.5573674088250486,0.4127990983912895
6,6,0.5964082213550315,0.4127990983912895
6,6,0.5964082213550315,0.4555253062638638
6,6,0.5964082213550315,0.4127990983912895
6,6,0.6354490338850143,0.4555253062638638
6,6,0.5964082213550315,0.4555253062638638
6,6,0.5964082213550315,0.4555253062638638
6,6,0.6354490338850143,0.4555253062638638
6,6,0.6354490338850143,0.4982515141364381
6,6,0.6354490338850143,0.4555253062638638
6,6,0.6744898464149971,0.4982515141364381
6,6,0.6354490338850143,0.4982515141364381
6,6,0.6354490338850143,0.4982515141364381
6,6,0.6744898464149971,0.4982515141364381
6,6,0.6744898464149971,0.5409777220090115
6,6,0.4402449712351011,0.24189426690099225
6,6,0.4792857837650839,0.24189426690099225
6,6,0.4792857837650839,0.28462047477356656
6,6,0.4792857837650839,0.24189426690099225
6,6,0.5183265962950658,0.28462047477356656
6,6,0.4792857837650839,0.28462047477356656
6,6,0.4792857837650839,0.28462047477356656
6,6,0.5183265962950658,0.28462047477356656
6,6,0.5183265962950658,0.32734668264614086
6,6,0.5183265962950658,0.28462047477356656
6,6,0.5573674088250486,0.32734668264614086
6,6,0.5183265962950658,0.32734668264614086
6,6,0.5183265962950658,0.32734668264614086
6,6,0.5573674088250486,0.32734668264614086
6,6,0.5573674088250486,0.37007289051871517
6,6,0.5573674088250486,0.32734668264614086
6,6,0.5964082213550315,0.37007289051871517
6,6,0.5573674088250486,0.37007289051871517
6,6,0.5573674088250486,0.37007289051871517
6,6,0.5964082213550315,0.37007289051871517
6,6,0.5964082213550315,0.4127990983912895
6,6,0.5964082213550315,0.37007289051871517
6,6,0.6354490338850143,0.4127990983912895
6,6,0.5964082213550315,0.4127990983912895
6,6,0.5964082213550315,0.4127990983912895
6,6,0.6354490338850143,0.4127990983912895
6,6,0.6354490338850143,0.4555253062638638
6,6,0.6354490338850143,0.4127990983912895
6,6,0.6744898464149971,0.4555253062638638
6,6,0.6354490338850143,0.4555253062638638
6,6,0.6354490338850143,0.4555253062638638
6,6,0.6744898464149971,0.4555253062638638
6,6,0.6744898464149971,0.4982515141364381
6,6,0.4792857837650839,0.24189426690099225
6,6,0.5183265962950658,0.24189426690099225
6,6,0.5183265962950658,0.28462047477356656
6,6,0.5183265962950658,0.24189426690099225
6,6,0.5573674088250486,0.28462047477356656
6,6,0.5183265962950658,0.28462047477356656
6,6,0.5183265962950658,0.28462047477356656
6,6,0.5573674088250486,0.28462047477356656
6,6,0.5573674088250486,0.32734668264614086
6,6,0.5573674088250486,0.28462047477356656
6,6,0.5964082213550315,0.32734668264614086
6,6,0.5573674088250486,0.32734668264614086
6,6,0.5573674088250486,0.32734668264614086
6,6,0.5964082213550315,0.32734668264614086
6,6,0.5964082213550315,0.37007289051871517
6,6,0.5964082213550315,0.32734668264614086
6,6,0.6354490338850143,0.37007289051871517
6,6,0.5964082213550315,0.37007289051871517
6,6,0.5964082213550315,0.37007289051871517
6,6,0.6354490338850143,0.37007289051871517
6,6,0.6354490338850143,0.4127990983912895
6,6,0.6354490338850143,0.37007289051871517
6,6,0.6744898464149971,0.4127990983912895
6,6,0.6354490338850143,0.4127990983912895
6,6,0.6354490338850143,0.4127990983912895
6,6,0.6744898464149971,0.4127990983912895
6,6,0.6744898464149971,0.4555253062638638
6,6,0.5183265962950658,0.24189426690099225
6,6,0.5573674088250486,0.24189426690099225
6,6,0.5573674088250486,0.28462047477356656
6,6,0.5573674088250486,0.24189426690099225
6,6,0.5964082213550315,0.28462047477356656
6,6,0.5573674088250486,0.28462047477356656
6,6,0.5573674088250486,0.28462047477356656
6,6,0.5964082213550315,0.28462047477356656
6,6,0.5964082213550315,0.32734668264614086
6,6,0.5964082213550315,0.28462047477356656
6,6,0.6354490338850143,0.32734668264614086
6,6,0.5964082213550315,0.32734668264614086
6,6,0.5964082213550315,0.32734668264614086
6,6,0.6354490338850143,0.32734668264614086
6,6,0.6354490338850143,0.37007289051871517
6,6,0.6354490338850143,0.32734668264614086
6,6,0.6744898464149971,0.37007289051871517
6,6,0.6354490338850143,0.37007289051871517
6,6,0.6354490338850143,0.37007289051871517
6,6,0.6744898464149971,0.37007289051871517
6,6,0.6744898464149971,0.4127990983912895
6,6,0.5573674088250486,0.24189426690099225
6,6,0.5964082213550315,0.24189426690099225
6,6,0.5964082213550315,0.28462047477356656
6,6,0.5964082213550315,0.24189426690099225
6,6,0.6354490338850143,0.28462047477356656
6,6,0.5964082213550315,0.28462047477356656
6,6,0.5964082213550315,0.28462047477356656
6,6,0.6354490338850143,0.28462047477356656
6,6,0.6354490338850143,0.32734668264614086
6,6,0.6354490338850143,0.28462047477356656
6,6,0.6744898464149971,0.32734668264614086
6,6,0.6354490338850143,0.32734668264614086
6,6,0.6354490338850143,0.32734668264614086
6,6,0.6744898464149971,0.32734668264614086
6,6,0.6744898464149971,0.37007289051871517
6,6,0.5964082213550315,0.24189426690099225
6,6,0.6354490338850143,0.24189426690099225
6,6,0.6354490338850143,0.28462047477356656
6,6,0.6354490338850143,0.24189426690099225
6,6,0.6744898464149971,0.28462047477356656
6,6,0.6354490338850143,0.28462047477356656
6,6,0.6354490338850143,0.28462047477356656
6,6,0.6744898464149971,0.28462047477356656
6,6,0.6744898464149971,0.32734668264614086
6,6,0.6354490338850143,0.24189426690099225
6,6,0.6744898464149971,0.24189426690099225
6,6,0.6744898464149971,0.28462047477356656
6,6,0.29000000000000004,0.5700000000000003
6,6,0.1994481871346805,0.41704782052710243
6,6,0.1994481871346805,0.7229521794728981
6,6,0.3805518128653196,0.41704782052710243
6,6,0.3805518128653196,0.7229521794728981
6,6,0.25366969416946716,0.7827711138282218
6,6,0.22754371726743017,0.7373220459764793
6,6,0.2850063922264807,0.7373220459764793
6,6,0.22754371726743017,0.7373220459764793
6,6,0.2588804153244437,0.6918729781247368
6,6,0.2850063922264807,0.7373220459764793
6,6,0.2850063922264807,0.7373220459764793
6,6,0.2588804153244437,0.6918729781247368
6,6,0.3163430902834943,0.6918729781247368
6,6,0.2588804153244437,0.6918729781247368
6,6,0.2902171133814573,0.6464239102729943
6,6,0.3163430902834943,0.6918729781247368
6,6,0.3163430902834943,0.6918729781247368
6,6,0.2902171133814573,0.6464239102729943
6,6,0.34767978834050783,0.6464239102729943
6,6,0.2902171133814573,0.6464239102729943
6,6,0.32155381143847084,0.6009748424212518
6,6,0.34767978834050783,0.6464239102729943
6,6,0.34767978834050783,0.6464239102729943
6,6,0.32155381143847084,0.6009748424212518
6,6,0.3790164863975214,0.6009748424212518
6,6,0.32155381143847084,0.6009748424212518
6,6,0.3528905094954844,0.5555257745695092
6,6,0.3790164863975214,0.6009748424212518
6,6,0.3790164863975214,0.6009748424212518
6,6,0.3528905094954844,0.5555257745695092
6,6,0.41035318445453495,0.5555257745695092
6,6,0.3528905094954844,0.5555257745695092
6,6,0.38422720755249795,0.5100767067177667
6,6,0.41035318445453495,0.5555257745695092
6,6,0.41035318445453495,0.5555257745695092
6,6,0.38422720755249795,0.5100767067177667
6,6,0.4416898825115485,0.5100767067177667
6,6,0.22754371726743017,0.7373220459764793
6,6,0.20141774036539317,0.6918729781247368
6,6,0.2588804153244437,0.6918729781247368
6,6,0.20141774036539317,0.6918729781247368
6,6,0.23275443842240673,0.6464239102729943
6,6,0.2588804153244437,0.6918729781247368
6,6,0.2588804153244437,0.6918729781247368
6,6,0.23275443842240673,0.6464239102729943
6,6,0.2902171133814573,0.6464239102729943
6,6,0.23275443842240673,0.6464239102729943
6,6,0.2640911364794203,0.6009748424212518
6,6,0.2902171133814573,0.6464239102729943
6,6,0.2902171133814573,0.6464239102729943
6,6,0.2640911364794203,0.6009748424212518
6,6,0.32155381143847084,0.6009748424212518
6,6,0.2640911364794203,0.6009748424212518
6,6,0.29542783453643384,0.5555257745695092
6,6,0.32155381143847084,0.6009748424212518
6,6,0.32155381143847084,0.6009748424212518
6,6,0.29542783453643384,0.5555257745695092
6,6,0.3528905094954844,0.5555257745695092
6,6,0.29542783453643384,0.5555257745695092
6,6,0.3267645325934483,0.5100767067177667
6,6,0.3528905094954844,0.5555257745695092
6,6,0.3528905094954844,0.5555257745695092
6,6,0.3267645325934483,0.5100767067177667
6,6,0.38422720755249795,0.5100767067177667
6,6,0.20141774036539317,0.6918729781247368
6,6,0.17529176346335618,0.6464239102729943
6,6,0.23275443842240673,0.6464239102729943
6,6,0.17529176346335618,0.6464239102729943
6,6,0.20662846152037062,0.6009748424212518
6,6,0.23275443842240673,0.6464239102729943
6,6,0.23275443842240673,0.6464239102729943
6,6,0.20662846152037062,0.6009748424212518
6,6,0.2640911364794203,0.6009748424212518
6,6,0.20662846152037062,0.6009748424212518
6,6,0.23796515957738418,0.5555257745695092
6,6,0.2640911364794203,0.6009748424212518
6,6,0.2640911364794203,0.6009748424212518
6,6,0.23796515957738418,0.5555257745695092
6,6,0.29542783453643384,0.5555257745695092
6,6,0.23796515957738418,0.5555257745695092
6,6,0.26930185763439773,0.5100767067177667
6,6,0.29542783453643384,0.5555257745695092
6,6,0.29542783453643384,0.5555257745695092
6,6,0.26930185763439773,0.5100767067177667
6,6,0.3267645325934483,0.5100767067177667
6,6,0.17529176346335618,0.6464239102729943
6,6,0.14916578656132007,0.6009748424212518
6,6,0.20662846152037062,0.6009748424212518
6,6,0.14916578656132007,0.6009748424212518
6,6,0.18050248461833363,0.5555257745695092
6,6,0.20662846152037062,0.6009748424212518
6,6,0.20662846152037062,0.6009748424212518
6,6,0.18050248461833363,0.5555257745695092
6,6,0.23796515957738418,0.5555257745695092
6,6,0.18050248461833363,0.5555257745695092
6,6,0.21183918267534718,0.5100767067177667
6,6,0.23796515957738418,0.5555257745695092
6,6,0.23796515957738418,0.5555257745695092
6,6,0.21183918267534718,0.5100767067177667
6,6,0.26930185763439773,0.5100767067177667
6,6,0.14916578656132007,0.6009748424212518
6,6,0.12303980965928307,0.5555257745695092
6,6,0.18050248461833363,0.5555257745695092
6,6,0.12303980965928307,0.5555257745695092
6,6,0.15437650771629663,0.5100767067177667
6,6,0.18050248461833363,0.5555257745695092
6,6,0.18050248461833363,0.5555257745695092
6,6,0.15437650771629663,0.5100767067177667
6,6,0.21183918267534718,0.5100767067177667
6,6,0.12303980965928307,0.5555257745695092
6,6,0.09691383275724608,0.5100767067177667
6,6,0.15437650771629663,0.5100767067177667
6,6,0.4416898825115485,0.5100767067177667
6,6,0.4416898825115485,0.5555257745695092
6,6,0.41035318445453495,0.5555257745695092
6,6,0.4416898825115485,0.5555257745695092
6,6,0.41035318445453495,0.6009748424212518
6,6,0.41035318445453495,0.5555257745695092
6,6,0.41035318445453495,0.5555257745695092
6,6,0.41035318445453495,0.6009748424212518
6,6,0.3790164863975214,0.6009748424212518
6,6,0.41035318445453495,0.6009748424212518
6,6,0.3790164863975214,0.6464239102729943
6,6,0.3790164863975214,0.6009748424212518
6,6,0.3790164863975214,0.6009748424212518
6,6,0.3790164863975214,0.6464239102729943
6,6,0.34767978834050783,0.6464239102729943
6,6,0.3790164863975214,0.6464239102729943
6,6,0.34767978834050783,0.6918729781247368
6,6,0.34767978834050783,0.6464239102729943
6,6,0.34767978834050783,0.6464239102729943
6,6,0.34767978834050783,0.6918729781247368
6,6,0.3163430902834943,0.6918729781247368
6,6,0.34767978834050783,0.6918729781247368
6,6,0.3163430902834943,0.7373220459764793
6,6,0.3163430902834943,0.6918729781247368
6,6,0.3163430902834943,0.6918729781247368
6,6,0.3163430902834943,0.7373220459764793
6,6,0.2850063922264807,0.7373220459764793
6,6,0.3163430902834943,0.7373220459764793
6,6,0.2850063922264807,0.7827711138282218
6,6,0.2850063922264807,0.7373220459764793
6,6,0.2850063922264807,0.7373220459764793
6,6,0.2850063922264807,0.7827711138282218
6,6,0.25366969416946716,0.7827711138282218
6,6,0.4416898825115485,0.5555257745695092
6,6,0.4416898825115485,0.6009748424212518
6,6,0.41035318445453495,0.6009748424212518
6,6,0.4416898825115485,0.6009748424212518
6,6,0.41035318445453495,0.6464239102729943
6,6,0.41035318445453495,0.6009748424212518
6,6,0.41035318445453495,0.6009748424212518
6,6,0.41035318445453495,0.6464239102729943
6,6,0.3790164863975214,0.6464239102729943
6,6,0.41035318445453495,0.6464239102729943
6,6,0.3790164863975214,0.6918729781247368
6,6,0.3790164863975214,0.6464239102729943
6,6,0.3790164863975214,0.6464239102729943
6,6,0.3790164863975214,0.6918729781247368
6,6,0.34767978834050783,0.6918729781247368
6,6,0.3790164863975214,0.6918729781247368
6,6,0.34767978834050783,0.7373220459764793
6,6,0.34767978834050783,0.6918729781247368
6,6,0.34767978834050783,0.6918729781247368
6,6,0.34767978834050783,0.7373220459764793
6,6,0.3163430902834943,0.7373220459764793
6,6,0.34767978834050783,0.7373220459764793
6,6,0.3163430902834943,0.7827711138282218
6,6,0.3163430902834943,0.7373220459764793
6,6,0.3163430902834943,0.7373220459764793
6,6,0.3163430902834943,0.7827711138282218
6,6,0.2850063922264807,0.7827711138282218
6,6,0.4416898825115485,0.6009748424212518
6,6,0.4416898825115485,0.6464239102729943
6,6,0.41035318445453495,0.6464239102729943
6,6,0.4416898825115485,0.6464239102729943
6,6,0.41035318445453495,0.6918729781247368
6,6,0.41035318445453495,0.6464239102729943
6,6,0.41035318445453495,0.6464239102729943
6,6,0.41035318445453495,0.6918729781247368
6,6,0.3790164863975214,0.6918729781247368
6,6,0.41035318445453495,0.6918729781247368
6,6,0.3790164863975214,0.7373220459764793
6,6,0.3790164863975214,0.6918729781247368
6,6,0.3790164863975214,0.6918729781247368
6,6,0.3790164863975214,0.7373220459764793
6,6,0.34767978834050783,0.7373220459764793
6,6,0.3790164863975214,0.7373220459764793
6,6,0.34767978834050783,0.7827711138282218
6,6,0.34767978834050783,0.7373220459764793
6,6,0.34767978834050783,0.7373220459764793
6,6,0.34767978834050783,0.7827711138282218
6,6,0.3163430902834943,0.7827711138282218
6,6,0.4416898825115485,0.6464239102729943
6,6,0.4416898825115485,0.6918729781247368
6,6,0.41035318445453495,0.6918729781247368
6,6,0.4416898825115485,0.6918729781247368
6,6,0.41035318445453495,0.7373220459764793
6,6,0.41035318445453495,0.6918729781247368
6,6,0.41035318445453495,0.6918729781247368
6,6,0.41035318445453495,0.7373220459764793
6,6,0.3790164863975214,0.7373220459764793
6,6,0.41035318445453495,0.7373220459764793
6,6,0.3790164863975214,0.7827711138282218
6,6,0.3790164863975214,0.7373220459764793
6,6,0.3790164863975214,0.7373220459764793
6,6,0.3790164863975214,0.7827711138282218
6,6,0.34767978834050783,0.7827711138282218
6,6,0.4416898825115485,0.6918729781247368
6,6,0.4416898825115485,0.7373220459764793
6,6,0.41035318445453495,0.7373220459764793
6,6,0.4416898825115485,0.7373220459764793
6,6,0.41035318445453495,0.7827711138282218
6,6,0.41035318445453495,0.7373220459764793
6,6,0.41035318445453495,0.7373220459764793
6,6,0.41035318445453495,0.7827711138282218
6,6,0.3790164863975214,0.7827711138282218
6,6,0.4416898825115485,0.7373220459764793
6,6,0.4416898825115485,0.7827711138282218
6,6,0.41035318445453495,0.7827711138282218
6,6,0.4723752404241903,0.7205319444771101
6,6,0.4333430791799655,0.7205319444771101
6,6,0.4333430791799655,0.6778370000753355
6,6,0.4333430791799655,0.7205319444771101
6,6,0.3943109179357407,0.6778370000753355
6,6,0.4333430791799655,0.6778370000753355
6,6,0.4333430791799655,0.6778370000753355
6,6,0.3943109179357407,0.6778370000753355
6,6,0.3943109179357407,0.635142055673561
6,6,0.3943109179357407,0.6778370000753355
6,6,0.3552787566915159,0.635142055673561
6,6,0.3943109179357407,0.635142055673561
6,6,0.3943109179357407,0.635142055673561
6,6,0.3552787566915159,0.635142055673561
6,6,0.3552787566915159,0.5924471112717873
6,6,0.3552787566915159,0.635142055673561
6,6,0.31624659544729106,0.5924471112717873
6,6,0.3552787566915159,0.5924471112717873
6,6,0.3552787566915159,0.5924471112717873
6,6,0.31624659544729106,0.5924471112717873
6,6,0.31624659544729106,0.5497521668700127
6,6,0.31624659544729106,0.5924471112717873
6,6,0.27721443420306624,0.5497521668700127
6,6,0.31624659544729106,0.5497521668700127
6,6,0.31624659544729106,0.5497521668700127
6,6,0.27721443420306624,0.5497521668700127
6,6,0.27721443420306624,0.507057222468239
6,6,0.27721443420306624,0.5497521668700127
6,6,0.23818227295884142,0.507057222468239
6,6,0.27721443420306624,0.507057222468239
6,6,0.27721443420306624,0.507057222468239
6,6,0.23818227295884142,0.507057222468239
6,6,0.23818227295884142,0.46436227806646446
6,6,0.23818227295884142,0.507057222468239
6,6,0.1991501117146166,0.46436227806646446
6,6,0.23818227295884142,0.46436227806646446
6,6,0.23818227295884142,0.46436227806646446
6,6,0.1991501117146166,0.46436227806646446
6,6,0.1991501117146166,0.4216673336646908
6,6,0.1991501117146166,0.46436227806646446
6,6,0.1601179504703918,0.4216673336646908
6,6,0.1991501117146166,0.4216673336646908
6,6,0.1991501117146166,0.4216673336646908
6,6,0.1601179504703918,0.4216673336646908
6,6,0.1601179504703918,0.3789723892629162
6,6,0.1601179504703918,0.4216673336646908
6,6,0.12108578922616697,0.3789723892629162
6,6,0.1601179504703918,0.3789723892629162
6,6,0.1601179504703918,0.3789723892629162
6,6,0.12108578922616697,0.3789723892629162
6,6,0.12108578922616697,0.3362774448611425
6,6,0.4333430791799655,0.7205319444771101
6,6,0.3943109179357407,0.7205319444771101
6,6,0.3943109179357407,0.6778370000753355
6,6,0.3943109179357407,0.7205319444771101
6,6,0.3552787566915159,0.6778370000753355
6,6,0.3943109179357407,0.6778370000753355
6,6,0.3943109179357407,0.6778370000753355
6,6,0.3552787566915159,0.6778370000753355
6,6,0.3552787566915159,0.635142055673561
6,6,0.3552787566915159,0.6778370000753355
6,6,0.31624659544729106,0.635142055673561
6,6,0.3552787566915159,0.635142055673561
6,6,0.3552787566915159,0.635142055673561
6,6,0.31624659544729106,0.635142055673561
6,6,0.31624659544729106,0.5924471112717873
6,6,0.31624659544729106,0.635142055673561
6,6,0.27721443420306624,0.5924471112717873
6,6,0.31624659544729106,0.5924471112717873
6,6,0.31624659544729106,0.5924471112717873
6,6,0.27721443420306624,0.5924471112717873
6,6,0.27721443420306624,0.5497521668700127
6,6,0.27721443420306624,0.5924471112717873
6,6,0.23818227295884142,0.5497521668700127
6,6,0.27721443420306624,0.5497521668700127
6,6,0.27721443420306624,0.5497521668700127
6,6,0.23818227295884142,0.5497521668700127
6,6,0.23818227295884142,0.507057222468239
6,6,0.23818227295884142,0.5497521668700127
6,6,0.1991501117146166,0.507057222468239
6,6,0.23818227295884142,0.507057222468239
6,6,0.23818227295884142,0.507057222468239
6,6,0.1991501117146166,0.507057222468239
6,6,0.1991501117146166,0.46436227806646446
6,6,0.1991501117146166,0.507057222468239
6,6,0.1601179504703918,0.46436227806646446
6,6,0.1991501117146166,0.46436227806646446
6,6,0.1991501117146166,0.46436227806646446
6,6,0.1601179504703918,0.46436227806646446
6,6,0.1601179504703918,0.4216673336646908
6,6,0.1601179504703918,0.46436227806646446
6,6,0.12108578922616697,0.4216673336646908
6,6,0.1601179504703918,0.4216673336646908
6,6,0.1601179504703918,0.4216673336646908
6,6,0.12108578922616697,0.4216673336646908
6,6,0.12108578922616697,0.3789723892629162
6,6,0.3943109179357407,0.7205319444771101
6,6,0.3552787566915159,0.7205319444771101
6,6,0.3552787566915159,0.6778370000753355
6,6,0.3552787566915159,0.7205319444771101
6,6,0.31624659544729106,0.6778370000753355
6,6,0.3552787566915159,0.6778370000753355
6,6,0.3552787566915159,0.6778370000753355
6,6,0.31624659544729106,0.6778370000753355
6,6,0.31624659544729106,0.635142055673561
6,6,0.31624659544729106,0.6778370000753355
6,6,0.27721443420306624,0.635142055673561
6,6,0.31624659544729106,0.635142055673561
6,6,0.31624659544729106,0.635142055673561
6,6,0.27721443420306624,0.635142055673561
6,6,0.27721443420306624,0.5924471112717873
6,6,0.27721443420306624,0.635142055673561
6,6,0.23818227295884142,0.5924471112717873
6,6,0.27721443420306624,0.5924471112717873
6,6,0.27721443420306624,0.5924471112717873
6,6,0.23818227295884142,0.5924471112717873
6,6,0.23818227295884142,0.5497521668700127
6,6,0.23818227295884142,0.5924471112717873
6,6,0.1991501117146166,0.5497521668700127
6,6,0.23818227295884142,0.5497521668700127
6,6,0.23818227295884142,0.5497521668700127
6,6,0.1991501117146166,0.5497521668700127
6,6,0.1991501117146166,0.507057222468239
6,6,0.1991501117146166,0.5497521668700127
6,6,0.1601179504703918,0.507057222468239
6,6,0.1991501117146166,0.507057222468239
6,6,0.1991501117146166,0.507057222468239
6,6,0.1601179504703918,0.507057222468239
6,6,0.1601179504703918,0.46436227806646446
6,6,0.1601179504703918,0.507057222468239
6,6,0.12108578922616697,0.46436227806646446
6,6,0.1601179504703918,0.46436227806646446
6,6,0.1601179504703918,0.46436227806646446
6,6,0.12108578922616697,0.46436227806646446
6,6,0.12108578922616697,0.4216673336646908
6,6,0.3552787566915159,0.7205319444771101
6,6,0.31624659544729106,0.7205319444771101
6,6,0.31624659544729106,0.6778370000753355
6,6,0.31624659544729106,0.7205319444771101
6,6,0.27721443420306624,0.6778370000753355
6,6,0.31624659544729106,0.6778370000753355
6,6,0.31624659544729106,0.6778370000753355
6,6,0.27721443420306624,0.6778370000753355
6,6,0.27721443420306624,0.635142055673561
6,6,0.27721443420306624,0.6778370000753355
6,6,0.23818227295884142,0.635142055673561
6,6,0.27721443420306624,0.635142055673561
6,6,0.27721443420306624,0.635142055673561
6,6,0.23818227295884142,0.635142055673561
6,6,0.23818227295884142,0.5924471112717873
6,6,0.23818227295884142,0.635142055673561
6,6,0.1991501117146166,0.5924471112717873
6,6,0.23818227295884142,0.5924471112717873
6,6,0.23818227295884142,0.5924471112717873
6,6,0.1991501117146166,0.5924471112717873
6,6,0.1991501117146166,0.5497521668700127
6,6,0.1991501117146166,0.5924471112717873
6,6,0.1601179504703918,0.5497521668700127
6,6,0.1991501117146166,0.5497521668700127
6,6,0.1991501117146166,0.5497521668700127
6,6,0.1601179504703918,0.5497521668700127
6,6,0.1601179504703918,0.507057222468239
6,6,0.1601179504703918,0.5497521668700127
6,6,0.12108578922616697,0.507057222468239
6,6,0.1601179504703918,0.507057222468239
6,6,0.1601179504703918,0.507057222468239
6,6,0.12108578922616697,0.507057222468239
6,6,0.12108578922616697,0.46436227806646446
6,6,0.31624659544729106,0.7205319444771101
6,6,0.27721443420306624,0.7205319444771101
6,6,0.27721443420306624,0.6778370000753355
6,6,0.27721443420306624,0.7205319444771101
6,6,0.23818227295884142,0.6778370000753355
6,6,0.27721443420306624,0.6778370000753355
6,6,0.27721443420306624,0.6778370000753355
6,6,0.23818227295884142,0.6778370000753355
6,6,0.23818227295884142,0.635142055673561
6,6,0.23818227295884142,0.6778370000753355
6,6,0.1991501117146166,0.635142055673561
6,6,0.23818227295884142,0.635142055673561
6,6,0.23818227295884142,0.635142055673561
6,6,0.1991501117146166,0.635142055673561
6,6,0.1991501117146166,0.5924471112717873
6,6,0.1991501117146166,0.635142055673561
6,6,0.1601179504703918,0.5924471112717873
6,6,0.1991501117146166,0.5924471112717873
6,6,0.1991501117146166,0.5924471112717873
6,6,0.1601179504703918,0.5924471112717873
6,6,0.1601179504703918,0.5497521668700127
6,6,0.1601179504703918,0.5924471112717873
6,6,0.12108578922616697,0.5497521668700127
6,6,0.1601179504703918,0.5497521668700127
6,6,0.1601179504703918,0.5497521668700127
6,6,0.12108578922616697,0.5497521668700127
6,6,0.12108578922616697,0.507057222468239
6,6,0.27721443420306624,0.7205319444771101
6,6,0.23818227295884142,0.7205319444771101
6,6,0.23818227295884142,0.6778370000753355
6,6,0.23818227295884142,0.7205319444771101
6,6,0.1991501117146166,0.6778370000753355
6,6,0.23818227295884142,0.6778370000753355
6,6,0.23818227295884142,0.6778370000753355
6,6,0.1991501117146166,0.6778370000753355
6,6,0.1991501117146166,0.635142055673561
6,6,0.1991501117146166,0.6778370000753355
6,6,0.1601179504703918,0.635142055673561
6,6,0.1991501117146166,0.635142055673561
6,6,0.1991501117146166,0.635142055673561
6,6,0.1601179504703918,0.635142055673561
6,6,0.1601179504703918,0.5924471112717873
6,6,0.1601179504703918,0.635142055673561
6,6,0.12108578922616697,0.5924471112717873
6,6,0.1601179504703918,0.5924471112717873
6,6,0.1601179504703918,0.5924471112717873
6,6,0.12108578922616697,0.5924471112717873
6,6,0.12108578922616697,0.5497521668700127
6,6,0.23818227295884142,0.7205319444771101
6,6,0.1991501117146166,0.7205319444771101
6,6,0.1991501117146166,0.6778370000753355
6,6,0.1991501117146166,0.7205319444771101
6,6,0.1601179504703918,0.6778370000753355
6,6,0.1991501117146166,0.6778370000753355
6,6,0.1991501117146166,0.6778370000753355
6,6,0.1601179504703918,0.6778370000753355
6,6,0.1601179504703918,0.635142055673561
6,6,0.1601179504703918,0.6778370000753355
6,6,0.12108578922616697,0.635142055673561
6,6,0.1601179504703918,0.635142055673561
6,6,0.1601179504703918,0.635142055673561
6,6,0.12108578922616697,0.635142055673561
6,6,0.12108578922616697,0.5924471112717873
6,6,0.1991501117146166,0.7205319444771101
6,6,0.1601179504703918,0.7205319444771101
6,6,0.1601179504703918,0.6778370000753355
6,6,0.1601179504703918,0.7205319444771101
6,6,0.12108578922616697,0.6778370000753355
6,6,0.1601179504703918,0.6778370000753355
6,6,0.1601179504703918,0.6778370000753355
6,6,0.12108578922616697,0.6778370000753355
6,6,0.12108578922616697,0.635142055673561
6,6,0.1601179504703918,0.7205319444771101
6,6,0.12108578922616697,0.7205319444771101
6,6,0.12108578922616697,0.6778370000753355
6,6,0.12108578922616697,0.3362774448611425
6,6,0.1601179504703918,0.3362774448611425
6,6,0.1601179504703918,0.3789723892629162
6,6,0.1601179504703918,0.3362774448611425
6,6,0.1991501117146166,0.3789723892629162
6,6,0.1601179504703918,0.3789723892629162
6,6,0.1601179504703918,0.3789723892629162
6,6,0.1991501117146166,0.3789723892629162
6,6,0.1991501117146166,0.4216673336646908
6,6,0.1991501117146166,0.3789723892629162
6,6,0.23818227295884142,0.4216673336646908
6,6,0.1991501117146166,0.4216673336646908
6,6,0.1991501117146166,0.4216673336646908
6,6,0.23818227295884142,0.4216673336646908
6,6,0.23818227295884142,0.46436227806646446
6,6,0.23818227295884142,0.4216673336646908
6,6,0.27721443420306624,0.46436227806646446
6,6,0.23818227295884142,0.46436227806646446
6,6,0.23818227295884142,0.46436227806646446
6,6,0.27721443420306624,0.46436227806646446
6,6,0.27721443420306624,0.507057222468239
6,6,0.27721443420306624,0.46436227806646446
6,6,0.31624659544729106,0.507057222468239
6,6,0.27721443420306624,0.507057222468239
6,6,0.27721443420306624,0.507057222468239
6,6,0.31624659544729106,0.507057222468239
6,6,0.31624659544729106,0.5497521668700127
6,6,0.31624659544729106,0.507057222468239
6,6,0.3552787566915159,0.5497521668700127
6,6,0.31624659544729106,0.5497521668700127
6,6,0.31624659544729106,0.5497521668700127
6,6,0.3552787566915159,0.5497521668700127
6,6,0.3552787566915159,0.5924471112717873
6,6,0.3552787566915159,0.5497521668700127
6,6,0.3943109179357407,0.5924471112717873
6,6,0.3552787566915159,0.5924471112717873
6,6,0.3552787566915159,0.5924471112717873
6,6,0.3943109179357407,0.5924471112717873
6,6,0.3943109179357407,0.635142055673561
6,6,0.3943109179357407,0.5924471112717873
6,6,0.4333430791799655,0.635142055673561
6,6,0.3943109179357407,0.635142055673561
6,6,0.3943109179357407,0.635142055673561
6,6,0.4333430791799655,0.635142055673561
6,6,0.4333430791799655,0.6778370000753355
6,6,0.4333430791799655,0.635142055673561
6,6,0.4723752404241903,0.6778370000753355
6,6,0.4333430791799655,0.6778370000753355
6,6,0.4333430791799655,0.6778370000753355
6,6,0.4723752404241903,0.6778370000753355
6,6,0.4723752404241903,0.7205319444771101
6,6,0.1601179504703918,0.3362774448611425
6,6,0.1991501117146166,0.3362774448611425
6,6,0.1991501117146166,0.3789723892629162
6,6,0.1991501117146166,0.3362774448611425
6,6,0.23818227295884142,0.3789723892629162
6,6,0.1991501117146166,0.3789723892629162
6,6,0.1991501117146166,0.3789723892629162
6,6,0.23818227295884142,0.3789723892629162
6,6,0.23818227295884142,0.4216673336646908
6,6,0.23818227295884142,0.3789723892629162
6,6,0.27721443420306624,0.4216673336646908
6,6,0.23818227295884142,0.4216673336646908
6,6,0.23818227295884142,0.4216673336646908
6,6,0.27721443420306624,0.4216673336646908
6,6,0.27721443420306624,0.46436227806646446
6,6,0.27721443420306624,0.4216673336646908
6,6,0.31624659544729106,0.46436227806646446
6,6,0.27721443420306624,0.46436227806646446
6,6,0.27721443420306624,0.46436227806646446
6,6,0.31624659544729106,0.46436227806646446
6,6,0.31624659544729106,0.507057222468239
6,6,0.31624659544729106,0.46436227806646446
6,6,0.3552787566915159,0.507057222468239
6,6,0.31624659544729106,0.507057222468239
6,6,0.31624659544729106,0.507057222468239
6,6,0.3552787566915159,0.507057222468239
6,6,0.3552787566915159,0.5497521668700127
6,6,0.3552787566915159,0.507057222468239
6,6,0.3943109179357407,0.5497521668700127
6,6,0.3552787566915159,0.5497521668700127
6,6,0.3552787566915159,0.5497521668700127
6,6,0.3943109179357407,0.5497521668700127
6,6,0.3943109179357407,0.5924471112717873
6,6,0.3943109179357407,0.5497521668700127
6,6,0.4333430791799655,0.5924471112717873
6,6,0.3943109179357407,0.5924471112717873
6,6,0.3943109179357407,0.5924471112717873
6,6,0.4333430791799655,0.5924471112717873
6,6,0.4333430791799655,0.635142055673561
6,6,0.4333430791799655,0.5924471112717873
6,6,0.4723752404241903,0.635142055673561
6,6,0.4333430791799655,0.635142055673561
6,6,0.4333430791799655,0.635142055673561
6,6,0.4723752404241903,0.635142055673561
6,6,0.4723752404241903,0.6778370000753355
6,6,0.1991501117146166,0.3362774448611425
6,6,0.23818227295884142,0.3362774448611425
6,6,0.23818227295884142,0.3789723892629162
6,6,0.23818227295884142,0.3362774448611425
6,6,0.27721443420306624,0.3789723892629162
6,6,0.23818227295884142,0.3789723892629162
6,6,0.23818227295884142,0.3789723892629162
6,6,0.27721443420306624,0.3789723892629162
6,6,0.27721443420306624,0.4216673336646908
6,6,0.27721443420306624,0.3789723892629162
6,6,0.31624659544729106,0.4216673336646908
6,6,0.27721443420306624,0.4216673336646908
6,6,0.27721443420306624,0.4216673336646908
6,6,0.31624659544729106,0.4216673336646908
6,6,0.31624659544729106,0.46436227806646446
6,6,0.31624659544729106,0.4216673336646908
6,6,0.3552787566915159,0.46436227806646446
6,6,0.31624659544729106,0.46436227806646446
6,6,0.31624659544729106,0.46436227806646446
6,6,0.3552787566915159,0.46436227806646446
6,6,0.3552787566915159,0.507057222468239
6,6,0.3552787566915159,0.46436227806646446
6,6,0.3943109179357407,0.507057222468239
6,6,0.3552787566915159,0.507057222468239
6,6,0.3552787566915159,0.507057222468239
6,6,0.3943109179357407,0.507057222468239
6,6,0.3943109179357407,0.5497521668700127
6,6,0.3943109179357407,0.507057222468239
6,6,0.4333430791799655,0.5497521668700127
6,6,0.3943109179357407,0.5497521668700127
6,6,0.3943109179357407,0.5497521668700127
6,6,0.4333430791799655,0.5497521668700127
6,6,0.4333430791799655,0.5924471112717873
6,6,0.4333430791799655,0.5497521668700127
6,6,0.4723752404241903,0.5924471112717873
6,6,0.4333430791799655,0.5924471112717873
6,6,0.4333430791799655,0.5924471112717873
6,6,0.4723752404241903,0.5924471112717873
6,6,0.4723752404241903,0.635142055673561
6,6,0.23818227295884142,0.3362774448611425
6,6,0.27721443420306624,0.3362774448611425
6,6,0.27721443420306624,0.3789723892629162
6,6,0.27721443420306624,0.3362774448611425
6,6,0.31624659544729106,0.3789723892629162
6,6,0.27721443420306624,0.3789723892629162
6,6,0.27721443420306624,0.3789723892629162
6,6,0.31624659544729106,0.3789723892629162
6,6,0.31624659544729106,0.4216673336646908
6,6,0.31624659544729106,0.3789723892629162
6,6,0.3552787566915159,0.4216673336646908
6,6,0.31624659544729106,0.4216673336646908
6,6,0.31624659544729106,0.4216673336646908
6,6,0.3552787566915159,0.4216673336646908
6,6,0.3552787566915159,0.46436227806646446
6,6,0.3552787566915159,0.4216673336646908
6,6,0.3943109179357407,0.46436227806646446
6,6,0.3552787566915159,0.46436227806646446
6,6,0.3552787566915159,0.46436227806646446
6,6,0.3943109179357407,0.46436227806646446
6,6,0.3943109179357407,0.507057222468239
6,6,0.3943109179357407,0.46436227806646446
6,6,0.4333430791799655,0.507057222468239
6,6,0.3943109179357407,0.507057222468239
6,6,0.3943109179357407,0.507057222468239
6,6,0.4333430791799655,0.507057222468239
6,6,0.4333430791799655,0.5497521668700127
6,6,0.4333430791799655,0.507057222468239
6,6,0.4723752404241903,0.5497521668700127
6,6,0.4333430791799655,0.5497521668700127
6,6,0.4333430791799655,0.5497521668700127
6,6,0.4723752404241903,0.5497521668700127
6,6,0.4723752404241903,0.5924471112717873
6,6,0.27721443420306624,0.3362774448611425
6,6,0.31624659544729106,0.3362774448611425
6,6,0.31624659544729106,0.3789723892629162
6,6,0.31624659544729106,0.3362774448611425
6,6,0.3552787566915159,0.3789723892629162
6,6,0.31624659544729106,0.3789723892629162
6,6,0.31624659544729106,0.3789723892629162
6,6,0.3552787566915159,0.3789723892629162
6,6,0.3552787566915159,0.4216673336646908
6,6,0.3552787566915159,0.3789723892629162
6,6,0.3943109179357407,0.4216673336646908
6,6,0.3552787566915159,0.4216673336646908
6,6,0.3552787566915159,0.4216673336646908
6,6,0.3943109179357407,0.4216673336646908
6,6,0.3943109179357407,0.46436227806646446
6,6,0.3943109179357407,0.4216673336646908
6,6,0.4333430791799655,0.46436227806646446
6,6,0.3943109179357407,0.46436227806646446
6,6,0.3943109179357407,0.46436227806646446
6,6,0.4333430791799655,0.46436227806646446
6,6,0.4333430791799655,0.507057222468239
6,6,0.4333430791799655,0.46436227806646446
6,6,0.4723752404241903,0.507057222468239
6,6,0.4333430791799655,0.507057222468239
6,6,0.4333430791799655,0.507057222468239
6,6,0.4723752404241903,0.507057222468239
6,6,0.4723752404241903,0.5497521668700127
6,6,0.31624659544729106,0.3362774448611425
6,6,0.3552787566915159,0.3362774448611425
6,6,0.3552787566915159,0.3789723892629162
6,6,0.3552787566915159,0.3362774448611425
6,6,0.3943109179357407,0.3789723892629162
6,6,0.3552787566915159,0.3789723892629162
6,6,0.3552787566915159,0.3789723892629162
6,6,0.3943109179357407,0.3789723892629162
6,6,0.3943109179357407,0.4216673336646908
6,6,0.3943109179357407,0.3789723892629162
6,6,0.4333430791799655,0.4216673336646908
6,6,0.3943109179357407,0.4216673336646908
6,6,0.3943109179357407,0.4216673336646908
6,6,0.4333430791799655,0.4216673336646908
6,6,0.4333430791799655,0.46436227806646446
6,6,0.4333430791799655,0.4216673336646908
6,6,0.4723752404241903,0.46436227806646446
6,6,0.4333430791799655,0.46436227806646446
6,6,0.4333430791799655,0.46436227806646446
6,6,0.4723752404241903,0.46436227806646446
6,6,0.4723752404241903,0.507057222468239
6,6,0.3552787566915159,0.3362774448611425
6,6,0.3943109179357407,0.3362774448611425
6,6,0.3943109179357407,0.3789723892629162
6,6,0.3943109179357407,0.3362774448611425
6,6,0.4333430791799655,0.3789723892629162
6,6,0.3943109179357407,0.3789723892629162
6,6,0.3943109179357407,0.3789723892629162
6,6,0.4333430791799655,0.3789723892629162
6,6,0.4333430791799655,0.4216673336646908
6,6,0.4333430791799655,0.3789723892629162
6,6,0.4723752404241903,0.4216673336646908
6,6,0.4333430791799655,0.4216673336646908
6,6,0.4333430791799655,0.4216673336646908
6,6,0.4723752404241903,0.4216673336646908
6,6,0.4723752404241903,0.46436227806646446
6,6,0.3943109179357407,0.3362774448611425
6,6,0.4333430791799655,0.3362774448611425
6,6,0.4333430791799655,0.3789723892629162
6,6,0.4333430791799655,0.3362774448611425
6,6,0.4723752404241903,0.3789723892629162
6,6,0.4333430791799655,0.3789723892629162
6,6,0.4333430791799655,0.3789723892629162
6,6,0.4723752404241903,0.3789723892629162
6,6,0.4723752404241903,0.4216673336646908
6,6,0.4333430791799655,0.3362774448611425
6,6,0.4723752404241903,0.3362774448611425
6,6,0.4723752404241903,0.3789723892629162
6,6,0.71,0.5700000000000003
6,6,0.6308455190319595,0.43687916343978284
6,6,0.6308455190319595,0.7031208365602177
6,6,0.7891544809680404,0.43687916343978284
6,6,0.7891544809680404,0.7031208365602177
6,6,0.5595741035897026,0.775655030102727
6,6,0.5595741035897026,0.7303361448871319
6,6,0.5932731182209583,0.7303361448871319
6,6,0.5595741035897026,0.7303361448871319
6,6,0.5932731182209583,0.6850172596715369
6,6,0.5932731182209583,0.7303361448871319
6,6,0.5932731182209583,0.7303361448871319
6,6,0.5932731182209583,0.6850172596715369
6,6,0.626972132852214,0.6850172596715369
6,6,0.5932731182209583,0.6850172596715369
6,6,0.626972132852214,0.6396983744559428
6,6,0.626972132852214,0.6850172596715369
6,6,0.626972132852214,0.6850172596715369
6,6,0.626972132852214,0.6396983744559428
6,6,0.6606711474834697,0.6396983744559428
6,6,0.626972132852214,0.6396983744559428
6,6,0.6606711474834697,0.5943794892403478
6,6,0.6606711474834697,0.6396983744559428
6,6,0.6606711474834697,0.6396983744559428
6,6,0.6606711474834697,0.5943794892403478
6,6,0.6943701621147262,0.5943794892403478
6,6,0.6606711474834697,0.5943794892403478
6,6,0.6943701621147262,0.5490606040247528
6,6,0.6943701621147262,0.5943794892403478
6,6,0.6943701621147262,0.5943794892403478
6,6,0.6943701621147262,0.5490606040247528
6,6,0.7280691767459819,0.5490606040247528
6,6,0.6943701621147262,0.5490606040247528
6,6,0.7280691767459819,0.5037417188091586
6,6,0.7280691767459819,0.5490606040247528
6,6,0.7280691767459819,0.5490606040247528
6,6,0.7280691767459819,0.5037417188091586
6,6,0.7617681913772376,0.5037417188091586
6,6,0.7280691767459819,0.5037417188091586
6,6,0.7617681913772376,0.4584228335935636
6,6,0.7617681913772376,0.5037417188091586
6,6,0.7617681913772376,0.5037417188091586
6,6,0.7617681913772376,0.4584228335935636
6,6,0.7954672060084933,0.4584228335935636
6,6,0.7617681913772376,0.4584228335935636
6,6,0.7954672060084933,0.4131039483779686
6,6,0.7954672060084933,0.4584228335935636
6,6,0.7954672060084933,0.4584228335935636
6,6,0.7954672060084933,0.4131039483779686
6,6,0.829166220639749,0.4131039483779686
6,6,0.7954672060084933,0.4131039483779686
6,6,0.829166220639749,0.36778506316237447
6,6,0.829166220639749,0.4131039483779686
6,6,0.829166220639749,0.4131039483779686
6,6,0.829166220639749,0.36778506316237447
6,6,0.8628652352710047,0.36778506316237447
6,6,0.5595741035897026,0.7303361448871319
6,6,0.5595741035897026,0.6850172596715369
6,6,0.5932731182209583,0.6850172596715369
6,6,0.5595741035897026,0.6850172596715369
6,6,0.5932731182209583,0.6396983744559428
6,6,0.5932731182209583,0.6850172596715369
6,6,0.5932731182209583,0.6850172596715369
6,6,0.5932731182209583,0.6396983744559428
6,6,0.626972132852214,0.6396983744559428
6,6,0.5932731182209583,0.6396983744559428
6,6,0.626972132852214,0.5943794892403478
6,6,0.626972132852214,0.6396983744559428
6,6,0.626972132852214,0.6396983744559428
6,6,0.626972132852214,0.5943794892403478
6,6,0.6606711474834697,0.5943794892403478
6,6,0.626972132852214,0.5943794892403478
6,6,0.6606711474834697,0.5490606040247528
6,6,0.6606711474834697,0.5943794892403478
6,6,0.6606711474834697,0.5943794892403478
6,6,0.6606711474834697,0.5490606040247528
6,6,0.6943701621147262,0.5490606040247528
6,6,0.6606711474834697,0.5490606040247528
6,6,0.6943701621147262,0.5037417188091586
6,6,0.6943701621147262,0.5490606040247528
6,6,0.6943701621147262,0.5490606040247528
6,6,0.6943701621147262,0.5037417188091586
6,6,0.7280691767459819,0.5037417188091586
6,6,0.6943701621147262,0.5037417188091586
6,6,0.7280691767459819,0.4584228335935636
6,6,0.7280691767459819,0.5037417188091586
6,6,0.7280691767459819,0.5037417188091586
6,6,0.7280691767459819,0.4584228335935636
6,6,0.7617681913772376,0.4584228335935636
6,6,0.7280691767459819,0.4584228335935636
6,6,0.7617681913772376,0.4131039483779686
6,6,0.7617681913772376,0.4584228335935636
6,6,0.7617681913772376,0.4584228335935636
6,6,0.7617681913772376,0.4131039483779686
6,6,0.7954672060084933,0.4131039483779686
6,6,0.7617681913772376,0.4131039483779686
6,6,0.7954672060084933,0.36778506316237447
6,6,0.7954672060084933,0.4131039483779686
6,6,0.7954672060084933,0.4131039483779686
6,6,0.7954672060084933,0.36778506316237447
6,6,0.829166220639749,0.36778506316237447
6,6,0.5595741035897026,0.6850172596715369
6,6,0.5595741035897026,0.6396983744559428
6,6,0.5932731182209583,0.6396983744559428
6,6,0.5595741035897026,0.6396983744559428
6,6,0.5932731182209583,0.5943794892403478
6,6,0.5932731182209583,0.6396983744559428
6,6,0.5932731182209583,0.6396983744559428
6,6,0.5932731182209583,0.5943794892403478
6,6,0.626972132852214,0.5943794892403478
6,6,0.5932731182209583,0.5943794892403478
6,6,0.626972132852214,0.5490606040247528
6,6,0.626972132852214,0.5943794892403478
6,6,0.626972132852214,0.5943794892403478
6,6,0.626972132852214,0.5490606040247528
6,6,0.6606711474834697,0.5490606040247528
6,6,0.626972132852214,0.5490606040247528
6,6,0.6606711474834697,0.5037417188091586
6,6,0.6606711474834697,0.5490606040247528
6,6,0.6606711474834697,0.5490606040247528
6,6,0.6606711474834697,0.5037417188091586
6,6,0.6943701621147262,0.5037417188091586
6,6,0.6606711474834697,0.5037417188091586
6,6,0.6943701621147262,0.4584228335935636
6,6,0.6943701621147262,0.5037417188091586
6,6,0.6943701621147262,0.5037417188091586
6,6,0.6943701621147262,0.4584228335935636
6,6,0.7280691767459819,0.4584228335935636
6,6,0.6943701621147262,0.4584228335935636
6,6,0.7280691767459819,0.4131039483779686
6,6,0.7280691767459819,0.4584228335935636
6,6,0.7280691767459819,0.4584228335935636
6,6,0.7280691767459819,0.4131039483779686
6,6,0.7617681913772376,0.4131039483779686
6,6,0.7280691767459819,0.4131039483779686
6,6,0.7617681913772376,0.36778506316237447
6,6,0.7617681913772376,0.4131039483779686
6,6,0.7617681913772376,0.4131039483779686
6,6,0.7617681913772376,0.36778506316237447
6,6,0.7954672060084933,0.36778506316237447
6,6,0.5595741035897026,0.6396983744559428
6,6,0.5595741035897026,0.5943794892403478
6,6,0.5932731182209583,0.5943794892403478
6,6,0.5595741035897026,0.5943794892403478
6,6,0.5932731182209583,0.5490606040247528
6,6,0.5932731182209583,0.5943794892403478
6,6,0.5932731182209583,0.5943794892403478
6,6,0.5932731182209583,0.5490606040247528
6,6,0.626972132852214,0.5490606040247528
6,6,0.5932731182209583,0.5490606040247528
6,6,0.626972132852214,0.5037417188091586
6,6,0.626972132852214,0.5490606040247528
6,6,0.626972132852214,0.5490606040247528
6,6,0.626972132852214,0.5037417188091586
6,6,0.6606711474834697,0.5037417188091586
6,6,0.626972132852214,0.5037417188091586
6,6,0.6606711474834697,0.4584228335935636
6,6,0.6606711474834697,0.5037417188091586
6,6,0.6606711474834697,0.5037417188091586
6,6,0.6606711474834697,0.4584228335935636
6,6,0.6943701621147262,0.4584228335935636
6,6,0.6606711474834697,0.4584228335935636
6,6,0.6943701621147262,0.4131039483779686
6,6,0.6943701621147262,0.4584228335935636
6,6,0.6943701621147262,0.4584228335935636
6,6,0.6943701621147262,0.4131039483779686
6,6,0.7280691767459819,0.4131039483779686
6,6,0.6943701621147262,0.4131039483779686
6,6,0.7280691767459819,0.36778506316237447
6,6,0.7280691767459819,0.4131039483779686
6,6,0.7280691767459819,0.4131039483779686
6,6,0.7280691767459819,0.36778506316237447
6,6,0.7617681913772376,0.36778506316237447
6,6,0.5595741035897026,0.5943794892403478
6,6,0.5595741035897026,0.5490606040247528
6,6,0.5932731182209583,0.5490606040247528
6,6,0.5595741035897026,0.5490606040247528
6,6,0.5932731182209583,0.5037417188091586
6,6,0.5932731182209583,0.5490606040247528
6,6,0.5932731182209583,0.5490606040247528
6,6,0.5932731182209583,0.5037417188091586
6,6,0.626972132852214,0.5037417188091586
6,6,0.5932731182209583,0.5037417188091586
6,6,0.626972132852214,0.4584228335935636
6,6,0.626972132852214,0.5037417188091586
6,6,0.626972132852214,0.5037417188091586
6,6,0.626972132852214,0.4584228335935636
6,6,0.6606711474834697,0.4584228335935636
6,6,0.626972132852214,0.4584228335935636
6,6,0.6606711474834697,0.4131039483779686
6,6,0.6606711474834697,0.4584228335935636
6,6,0.6606711474834697,0.4584228335935636
6,6,0.6606711474834697,0.4131039483779686
6,6,0.6943701621147262,0.4131039483779686
6,6,0.6606711474834697,0.4131039483779686
6,6,0.6943701621147262,0.36778506316237447
6,6,0.6943701621147262,0.4131039483779686
6,6,0.6943701621147262,0.4131039483779686
6,6,0.6943701621147262,0.36778506316237447
6,6,0.7280691767459819,0.36778506316237447
6,6,0.5595741035897026,0.5490606040247528
6,6,0.5595741035897026,0.5037417188091586
6,6,0.5932731182209583,0.5037417188091586
6,6,0.5595741035897026,0.5037417188091586
6,6,0.5932731182209583,0.4584228335935636
6,6,0.5932731182209583,0.5037417188091586
6,6,0.5932731182209583,0.5037417188091586
6,6,0.5932731182209583,0.4584228335935636
6,6,0.626972132852214,0.4584228335935636
6,6,0.5932731182209583,0.4584228335935636
6,6,0.626972132852214,0.4131039483779686
6,6,0.626972132852214,0.4584228335935636
6,6,0.626972132852214,0.4584228335935636
6,6,0.626972132852214,0.4131039483779686
6,6,0.6606711474834697,0.4131039483779686
6,6,0.626972132852214,0.4131039483779686
6,6,0.6606711474834697,0.36778506316237447
6,6,0.6606711474834697,0.4131039483779686
6,6,0.6606711474834697,0.4131039483779686
6,6,0.6606711474834697,0.36778506316237447
6,6,0.6943701621147262,0.36778506316237447
6,6,0.5595741035897026,0.5037417188091586
6,6,0.5595741035897026,0.4584228335935636
6,6,0.5932731182209583,0.4584228335935636
6,6,0.5595741035897026,0.4584228335935636
6,6,0.5932731182209583,0.4131039483779686
6,6,0.5932731182209583,0.4584228335935636
6,6,0.5932731182209583,0.4584228335935636
6,6,0.5932731182209583,0.4131039483779686
6,6,0.626972132852214,0.4131039483779686
6,6,0.5932731182209583,0.4131039483779686
6,6,0.626972132852214,0.36778506316237447
6,6,0.626972132852214,0.4131039483779686
6,6,0.626972132852214,0.4131039483779686
6,6,0.626972132852214,0.36778506316237447
6,6,0.6606711474834697,0.36778506316237447
6,6,0.5595741035897026,0.4584228335935636
6,6,0.5595741035897026,0.4131039483779686
6,6,0.5932731182209583,0.4131039483779686
6,6,0.5595741035897026,0.4131039483779686
6,6,0.5932731182209583,0.36778506316237447
6,6,0.5932731182209583,0.4131039483779686
6,6,0.5932731182209583,0.4131039483779686
6,6,0.5932731182209583,0.36778506316237447
6,6,0.626972132852214,0.36778506316237447
6,6,0.5595741035897026,0.4131039483779686
6,6,0.5595741035897026,0.36778506316237447
6,6,0.5932731182209583,0.36778506316237447
6,6,0.8628652352710047,0.36778506316237447
6,6,0.8628652352710047,0.4131039483779686
6,6,0.829166220639749,0.4131039483779686
6,6,0.8628652352710047,0.4131039483779686
6,6,0.829166220639749,0.4584228335935636
6,6,0.829166220639749,0.4131039483779686
6,6,0.829166220639749,0.4131039483779686
6,6,0.829166220639749,0.4584228335935636
6,6,0.7954672060084933,0.4584228335935636
6,6,0.829166220639749,0.4584228335935636
6,6,0.7954672060084933,0.5037417188091586
6,6,0.7954672060084933,0.4584228335935636
6,6,0.7954672060084933,0.4584228335935636
6,6,0.7954672060084933,0.5037417188091586
6,6,0.7617681913772376,0.5037417188091586
6,6,0.7954672060084933,0.5037417188091586
6,6,0.7617681913772376,0.5490606040247528
6,6,0.7617681913772376,0.5037417188091586
6,6,0.7617681913772376,0.5037417188091586
6,6,0.7617681913772376,0.5490606040247528
6,6,0.7280691767459819,0.5490606040247528
6,6,0.7617681913772376,0.5490606040247528
6,6,0.7280691767459819,0.5943794892403478
6,6,0.7280691767459819,0.5490606040247528
6,6,0.7280691767459819,0.5490606040247528
6,6,0.7280691767459819,0.5943794892403478
6,6,0.6943701621147262,0.5943794892403478
6,6,0.7280691767459819,0.5943794892403478
6,6,0.6943701621147262,0.6396983744559428
6,6,0.6943701621147262,0.5943794892403478
6,6,0.6943701621147262,0.5943794892403478
6,6,0.6943701621147262,0.6396983744559428
6,6,0.6606711474834697,0.6396983744559428
6,6,0.6943701621147262,0.6396983744559428
6,6,0.6606711474834697,0.6850172596715369
6,6,0.6606711474834697,0.6396983744559428
6,6,0.6606711474834697,0.6396983744559428
6,6,0.6606711474834697,0.6850172596715369
6,6,0.626972132852214,0.6850172596715369
6,6,0.6606711474834697,0.6850172596715369
6,6,0.626972132852214,0.7303361448871319
6,6,0.626972132852214,0.6850172596715369
6,6,0.626972132852214,0.6850172596715369
6,6,0.626972132852214,0.7303361448871319
6,6,0.5932731182209583,0.7303361448871319
6,6,0.626972132852214,0.7303361448871319
6,6,0.5932731182209583,0.775655030102727
6,6,0.5932731182209583,0.7303361448871319
6,6,0.5932731182209583,0.7303361448871319
6,6,0.5932731182209583,0.775655030102727
6,6,0.5595741035897026,0.775655030102727
6,6,0.8628652352710047,0.4131039483779686
6,6,0.8628652352710047,0.4584228335935636
6,6,0.829166220639749,0.4584228335935636
6,6,0.8628652352710047,0.4584228335935636
6,6,0.829166220639749,0.5037417188091586
6,6,0.829166220639749,0.4584228335935636
6,6,0.829166220639749,0.4584228335935636
6,6,0.829166220639749,0.5037417188091586
6,6,0.7954672060084933,0.5037417188091586
6,6,0.829166220639749,0.5037417188091586
6,6,0.7954672060084933,0.5490606040247528
6,6,0.7954672060084933,0.5037417188091586
6,6,0.7954672060084933,0.5037417188091586
6,6,0.7954672060084933,0.5490606040247528
6,6,0.7617681913772376,0.5490606040247528
6,6,0.7954672060084933,0.5490606040247528
6,6,0.7617681913772376,0.5943794892403478
6,6,0.7617681913772376,0.5490606040247528
6,6,0.7617681913772376,0.5490606040247528
6,6,0.7617681913772376,0.5943794892403478
6,6,0.7280691767459819,0.5943794892403478
6,6,0.7617681913772376,0.5943794892403478
6,6,0.7280691767459819,0.6396983744559428
6,6,0.7280691767459819,0.5943794892403478
6,6,0.7280691767459819,0.5943794892403478
6,6,0.7280691767459819,0.6396983744559428
6,6,0.6943701621147262,0.6396983744559428
6,6,0.7280691767459819,0.6396983744559428
6,6,0.6943701621147262,0.6850172596715369
6,6,0.6943701621147262,0.6396983744559428
6,6,0.6943701621147262,0.6396983744559428
6,6,0.6943701621147262,0.6850172596715369
6,6,0.6606711474834697,0.6850172596715369
6,6,0.6943701621147262,0.6850172596715369
6,6,0.6606711474834697,0.7303361448871319
6,6,0.6606711474834697,0.6850172596715369
6,6,0.6606711474834697,0.6850172596715369
6,6,0.6606711474834697,0.7303361448871319
6,6,0.626972132852214,0.7303361448871319
6,6,0.6606711474834697,0.7303361448871319
6,6,0.626972132852214,0.775655030102727
6,6,0.626972132852214,0.7303361448871319
6,6,0.626972132852214,0.7303361448871319
6,6,0.626972132852214,0.775655030102727
6,6,0.5932731182209583,0.775655030102727
6,6,0.8628652352710047,0.4584228335935636
6,6,0.8628652352710047,0.5037417188091586
6,6,0.829166220639749,0.5037417188091586
6,6,0.8628652352710047,0.5037417188091586
6,6,0.829166220639749,0.5490606040247528
6,6,0.829166220639749,0.5037417188091586
6,6,0.829166220639749,0.5037417188091586
6,6,0.829166220639749,0.5490606040247528
6,6,0.7954672060084933,0.5490606040247528
6,6,0.829166220639749,0.5490606040247528
6,6,0.7954672060084933,0.5943794892403478
6,6,0.7954672060084933,0.5490606040247528
6,6,0.7954672060084933,0.5490606040247528
6,6,0.7954672060084933,0.5943794892403478
6,6,0.7617681913772376,0.5943794892403478
6,6,0.7954672060084933,0.5943794892403478
6,6,0.7617681913772376,0.6396983744559428
6,6,0.7617681913772376,0.5943794892403478
6,6,0.7617681913772376,0.5943794892403478
6,6,0.7617681913772376,0.6396983744559428
6,6,0.7280691767459819,0.6396983744559428
6,6,0.7617681913772376,0.6396983744559428
6,6,0.7280691767459819,0.6850172596715369
6,6,0.7280691767459819,0.6396983744559428
6,6,0.7280691767459819,0.6396983744559428
6,6,0.7280691767459819,0.6850172596715369
6,6,0.6943701621147262,0.6850172596715369
6,6,0.7280691767459819,0.6850172596715369
6,6,0.6943701621147262,0.7303361448871319
6,6,0.6943701621147262,0.6850172596715369
6,6,0.6943701621147262,0.6850172596715369
6,6,0.6943701621147262,0.7303361448871319
6,6,0.6606711474834697,0.7303361448871319
6,6,0.6943701621147262,0.7303361448871319
6,6,0.6606711474834697,0.775655030102727
6,6,0.6606711474834697,0.7303361448871319
6,6,0.6606711474834697,0.7303361448871319
6,6,0.6606711474834697,0.775655030102727
6,6,0.626972132852214,0.775655030102727
6,6,0.8628652352710047,0.5037417188091586
6,6,0.8628652352710047,0.5490606040247528
6,6,0.829166220639749,0.5490606040247528
6,6,0.8628652352710047,0.5490606040247528
6,6,0.829166220639749,0.5943794892403478
6,6,0.829166220639749,0.5490606040247528
6,6,0.829166220639749,0.5490606040247528
6,6,0.829166220639749,0.5943794892403478
6,6,0.7954672060084933,0.5943794892403478
6,6,0.829166220639749,0.5943794892403478
6,6,0.7954672060084933,0.6396983744559428
6,6,0.7954672060084933,0.5943794892403478
6,6,0.7954672060084933,0.5943794892403478
6,6,0.7954672060084933,0.6396983744559428
6,6,0.7617681913772376,0.6396983744559428
6,6,0.7954672060084933,0.6396983744559428
6,6,0.7617681913772376,0.6850172596715369
6,6,0.7617681913772376,0.6396983744559428
6,6,0.7617681913772376,0.6396983744559428
6,6,0.7617681913772376,0.6850172596715369
6,6,0.7280691767459819,0.6850172596715369
6,6,0.7617681913772376,0.6850172596715369
6,6,0.7280691767459819,0.7303361448871319
6,6,0.7280691767459819,0.6850172596715369
6,6,0.7280691767459819,0.6850172596715369
6,6,0.7280691767459819,0.7303361448871319
6,6,0.6943701621147262,0.7303361448871319
6,6,0.7280691767459819,0.7303361448871319
6,6,0.6943701621147262,0.775655030102727
6,6,0.6943701621147262,0.7303361448871319
6,6,0.6943701621147262,0.7303361448871319
6,6,0.6943701621147262,0.775655030102727
6,6,0.6606711474834697,0.775655030102727
6,6,0.8628652352710047,0.5490606040247528
6,6,0.8628652352710047,0.5943794892403478
6,6,0.829166220639749,0.5943794892403478
6,6,0.8628652352710047,0.5943794892403478
6,6,0.829166220639749,0.6396983744559428
6,6,0.829166220639749,0.5943794892403478
6,6,0.829166220639749,0.5943794892403478
6,6,0.829166220639749,0.6396983744559428
6,6,0.7954672060084933,0.6396983744559428
6,6,0.829166220639749,0.6396983744559428
6,6,0.7954672060084933,0.6850172596715378
6,6,0.7954672060084933,0.6396983744559428
6,6,0.7954672060084933,0.6396983744559428
6,6,0.7954672060084933,0.6850172596715378
6,6,0.7617681913772376,0.6850172596715369
6,6,0.7954672060084933,0.6850172596715378
6,6,0.7617681913772376,0.7303361448871319
6,6,0.7617681913772376,0.6850172596715369
6,6,0.7617681913772376,0.6850172596715369
6,6,0.7617681913772376,0.7303361448871319
6,6,0.7280691767459819,0.7303361448871319
6,6,0.7617681913772376,0.7303361448871319
6,6,0.7280691767459819,0.775655030102727
6,6,0.7280691767459819,0.7303361448871319
6,6,0.7280691767459819,0.7303361448871319
6,6,0.7280691767459819,0.775655030102727
6,6,0.6943701621147262,0.775655030102727
6,6,0.8628652352710047,0.5943794892403478
6,6,0.8628652352710047,0.6396983744559428
6,6,0.829166220639749,0.6396983744559428
6,6,0.8628652352710047,0.6396983744559428
6,6,0.829166220639749,0.6850172596715369
6,6,0.829166220639749,0.6396983744559428
6,6,0.829166220639749,0.6396983744559428
6,6,0.829166220639749,0.6850172596715369
6,6,0.7954672060084933,0.6850172596715378
6,6,0.829166220639749,0.6850172596715369
6,6,0.7954672060084933,0.7303361448871319
6,6,0.7954672060084933,0.6850172596715378
6,6,0.7954672060084933,0.6850172596715378
6,6,0.7954672060084933,0.7303361448871319
6,6,0.7617681913772376,0.7303361448871319
6,6,0.7954672060084933,0.7303361448871319
6,6,0.7617681913772376,0.775655030102727
6,6,0.7617681913772376,0.7303361448871319
6,6,0.7617681913772376,0.7303361448871319
6,6,0.7617681913772376,0.775655030102727
6,6,0.7280691767459819,0.775655030102727
6,6,0.8628652352710047,0.6396983744559428
6,6,0.8628652352710047,0.6850172596715369
6,6,0.829166220639749,0.6850172596715369
6,6,0.8628652352710047,0.6850172596715369
6,6,0.829166220639749,0.7303361448871319
6,6,0.829166220639749,0.6850172596715369
6,6,0.829166220639749,0.6850172596715369
6,6,0.829166220639749,0.7303361448871319
6,6,0.7954672060084933,0.7303361448871319
6,6,0.829166220639749,0.7303361448871319
6,6,0.7954672060084933,0.775655030102727
6,6,0.7954672060084933,0.7303361448871319
6,6,0.7954672060084933,0.7303361448871319
6,6,0.7954672060084933,0.775655030102727
6,6,0.7617681913772376,0.775655030102727
6,6,0.8628652352710047,0.6850172596715369
6,6,0.8628652352710047,0.7303361448871319
6,6,0.829166220639749,0.7303361448871319
6,6,0.8628652352710047,0.7303361448871319
6,6,0.829166220639749,0.775655030102727
6,6,0.829166220639749,0.7303361448871319
6,6,0.829166220639749,0.7303361448871319
6,6,0.829166220639749,0.775655030102727
6,6,0.7954672060084933,0.775655030102727
6,6,0.8628652352710047,0.7303361448871319
6,6,0.8628652352710047,0.775655030102727
6,6,0.829166220639749,0.775655030102727
