6,5,0.9399999999999995,0.7999999999999998
6,5,0.6329558640987214,0.6435146403446526
6,5,0.6329558640987214,0.9564853596553471
7,5,0.2470441359012776,0.6435146403446526
7,5,0.2470441359012776,0.9564853596553471
7,4,0.3689652210066585,0.059676268828245504
7,4,0.3189099764270962,0.059676268828245504
7,4,0.3189099764270962,0.028186114961290087
7,4,0.3189099764270962,0.059676268828245504
7,4,0.26885473184753383,0.028186114961290087
7,4,0.3189099764270962,0.028186114961290087
7,4,0.3189099764270962,0.028186114961290087
7,4,0.26885473184753383,0.028186114961290087
7,5,0.26885473184753383,0.9966959610943356
7,4,0.26885473184753383,0.028186114961290087
7,5,0.2187994872679715,0.9966959610943356
7,5,0.26885473184753383,0.9966959610943356
7,5,0.26885473184753383,0.9966959610943356
7,5,0.2187994872679715,0.9966959610943356
7,5,0.2187994872679715,0.965205807227381
7,5,0.2187994872679715,0.9966959610943356
7,5,0.16874424268841004,0.965205807227381
7,5,0.2187994872679715,0.965205807227381
7,5,0.2187994872679715,0.965205807227381
7,5,0.16874424268841004,0.965205807227381
7,5,0.16874424268841004,0.9337156533604265
7,5,0.16874424268841004,0.965205807227381
7,5,0.1186889981088477,0.9337156533604265
7,5,0.16874424268841004,0.9337156533604265
7,5,0.16874424268841004,0.9337156533604265
7,5,0.1186889981088477,0.9337156533604265
7,5,0.1186889981088477,0.902225499493472
7,5,0.1186889981088477,0.9337156533604265
7,5,0.06863375352928536,0.902225499493472
7,5,0.1186889981088477,0.902225499493472
7,5,0.1186889981088477,0.902225499493472
7,5,0.06863375352928536,0.902225499493472
7,5,0.06863375352928536,0.8707353456265174
7,5,0.06863375352928536,0.902225499493472
7,5,0.018578508949723016,0.8707353456265174
7,5,0.06863375352928536,0.8707353456265174
7,5,0.06863375352928536,0.8707353456265174
7,5,0.018578508949723016,0.8707353456265174
7,5,0.018578508949723016,0.8392451917595629
7,5,0.018578508949723016,0.8707353456265174
6,5,0.9685232643701607,0.8392451917595629
7,5,0.018578508949723016,0.8392451917595629
7,5,0.018578508949723016,0.8392451917595629
6,5,0.9685232643701607,0.8392451917595629
6,5,0.9685232643701607,0.8077550378926084
6,5,0.9685232643701607,0.8392451917595629
6,5,0.9184680197905983,0.8077550378926084
6,5,0.9685232643701607,0.8077550378926084
6,5,0.9685232643701607,0.8077550378926084
6,5,0.9184680197905983,0.8077550378926084
6,5,0.9184680197905983,0.7762648840256539
6,5,0.9184680197905983,0.8077550378926084
6,5,0.868412775211036,0.7762648840256539
6,5,0.9184680197905983,0.7762648840256539
6,5,0.9184680197905983,0.7762648840256539
6,5,0.868412775211036,0.7762648840256539
6,5,0.868412775211036,0.7447747301586984
6,5,0.868412775211036,0.7762648840256539
6,5,0.8183575306314745,0.7447747301586984
6,5,0.868412775211036,0.7447747301586984
6,5,0.868412775211036,0.7447747301586984
6,5,0.8183575306314745,0.7447747301586984
6,5,0.8183575306314745,0.7132845762917439
6,5,0.8183575306314745,0.7447747301586984
6,5,0.7683022860519122,0.7132845762917439
6,5,0.8183575306314745,0.7132845762917439
6,5,0.8183575306314745,0.7132845762917439
6,5,0.7683022860519122,0.7132845762917439
6,5,0.7683022860519122,0.6817944224247894
6,5,0.7683022860519122,0.7132845762917439
6,5,0.7182470414723499,0.6817944224247894
6,5,0.7683022860519122,0.6817944224247894
6,5,0.7683022860519122,0.6817944224247894
6,5,0.7182470414723499,0.6817944224247894
6,5,0.7182470414723499,0.6503042685578349
6,5,0.7182470414723499,0.6817944224247894
6,5,0.6681917968927875,0.6503042685578349
6,5,0.7182470414723499,0.6503042685578349
6,5,0.7182470414723499,0.6503042685578349
6,5,0.6681917968927875,0.6503042685578349
6,5,0.6681917968927875,0.6188141146908803
6,5,0.6681917968927875,0.6503042685578349
6,5,0.6181365523132252,0.6188141146908803
6,5,0.6681917968927875,0.6188141146908803
6,5,0.6681917968927875,0.6188141146908803
6,5,0.6181365523132252,0.6188141146908803
6,5,0.6181365523132252,0.5873239608239258
6,5,0.6181365523132252,0.6188141146908803
6,5,0.5680813077336628,0.5873239608239258
6,5,0.6181365523132252,0.5873239608239258
6,5,0.6181365523132252,0.5873239608239258
6,5,0.5680813077336628,0.5873239608239258
6,5,0.5680813077336628,0.5558338069569713
6,5,0.5680813077336628,0.5873239608239258
6,5,0.5180260631541014,0.5558338069569713
6,5,0.5680813077336628,0.5558338069569713
6,5,0.5680813077336628,0.5558338069569713
6,5,0.5180260631541014,0.5558338069569713
6,5,0.5180260631541014,0.5243436530900167
7,4,0.3189099764270962,0.059676268828245504
7,4,0.26885473184753383,0.059676268828244616
7,4,0.26885473184753383,0.028186114961290087
7,4,0.26885473184753383,0.059676268828244616
7,4,0.2187994872679715,0.028186114961290087
7,4,0.26885473184753383,0.028186114961290087
7,4,0.26885473184753383,0.028186114961290087
7,4,0.2187994872679715,0.028186114961290087
7,5,0.2187994872679715,0.9966959610943356
7,4,0.2187994872679715,0.028186114961290087
7,5,0.16874424268841004,0.9966959610943356
7,5,0.2187994872679715,0.9966959610943356
7,5,0.2187994872679715,0.9966959610943356
7,5,0.16874424268841004,0.9966959610943356
7,5,0.16874424268841004,0.965205807227381
7,5,0.16874424268841004,0.9966959610943356
7,5,0.1186889981088477,0.965205807227381
7,5,0.16874424268841004,0.965205807227381
7,5,0.16874424268841004,0.965205807227381
7,5,0.1186889981088477,0.965205807227381
7,5,0.1186889981088477,0.9337156533604265
7,5,0.1186889981088477,0.965205807227381
7,5,0.06863375352928536,0.9337156533604265
7,5,0.1186889981088477,0.9337156533604265
7,5,0.1186889981088477,0.9337156533604265
7,5,0.06863375352928536,0.9337156533604265
7,5,0.06863375352928536,0.902225499493472
7,5,0.06863375352928536,0.9337156533604265
7,5,0.018578508949723016,0.902225499493472
7,5,0.06863375352928536,0.902225499493472
7,5,0.06863375352928536,0.902225499493472
7,5,0.018578508949723016,0.902225499493472
7,5,0.018578508949723016,0.8707353456265174
7,5,0.018578508949723016,0.902225499493472
6,5,0.9685232643701607,0.8707353456265174
7,5,0.018578508949723016,0.8707353456265174
7,5,0.018578508949723016,0.8707353456265174
6,5,0.9685232643701607,0.8707353456265174
6,5,0.9685232643701607,0.8392451917595629
6,5,0.9685232643701607,0.8707353456265174
6,5,0.9184680197905983,0.8392451917595629
6,5,0.9685232643701607,0.8392451917595629
6,5,0.9685232643701607,0.8392451917595629
6,5,0.9184680197905983,0.8392451917595629
6,5,0.9184680197905983,0.8077550378926084
6,5,0.9184680197905983,0.8392451917595629
6,5,0.868412775211036,0.8077550378926084
6,5,0.9184680197905983,0.8077550378926084
6,5,0.9184680197905983,0.8077550378926084
6,5,0.868412775211036,0.8077550378926084
6,5,0.868412775211036,0.7762648840256539
6,5,0.868412775211036,0.8077550378926084
6,5,0.8183575306314745,0.7762648840256539
6,5,0.868412775211036,0.7762648840256539
6,5,0.868412775211036,0.7762648840256539
6,5,0.8183575306314745,0.7762648840256539
6,5,0.8183575306314745,0.7447747301586984
6,5,0.8183575306314745,0.7762648840256539
6,5,0.7683022860519122,0.7447747301586984
6,5,0.8183575306314745,0.7447747301586984
6,5,0.8183575306314745,0.7447747301586984
6,5,0.7683022860519122,0.7447747301586984
6,5,0.7683022860519122,0.7132845762917439
6,5,0.7683022860519122,0.7447747301586984
6,5,0.7182470414723499,0.7132845762917439
6,5,0.7683022860519122,0.7132845762917439
6,5,0.7683022860519122,0.7132845762917439
6,5,0.7182470414723499,0.7132845762917439
6,5,0.7182470414723499,0.6817944224247894
6,5,0.7182470414723499,0.7132845762917439
6,5,0.6681917968927875,0.6817944224247894
6,5,0.7182470414723499,0.6817944224247894
6,5,0.7182470414723499,0.6817944224247894
6,5,0.6681917968927875,0.6817944224247894
6,5,0.6681917968927875,0.6503042685578349
6,5,0.6681917968927875,0.6817944224247894
6,5,0.6181365523132252,0.6503042685578349
6,5,0.6681917968927875,0.6503042685578349
6,5,0.6681917968927875,0.6503042685578349
6,5,0.6181365523132252,0.6503042685578349
6,5,0.6181365523132252,0.6188141146908803
6,5,0.6181365523132252,0.6503042685578349
6,5,0.5680813077336628,0.6188141146908803
6,5,0.6181365523132252,0.6188141146908803
6,5,0.6181365523132252,0.6188141146908803
6,5,0.5680813077336628,0.6188141146908803
6,5,0.5680813077336628,0.5873239608239258
6,5,0.5680813077336628,0.6188141146908803
6,5,0.5180260631541014,0.5873239608239258
6,5,0.5680813077336628,0.5873239608239258
6,5,0.5680813077336628,0.5873239608239258
6,5,0.5180260631541014,0.5873239608239258
6,5,0.5180260631541014,0.5558338069569713
7,4,0.26885473184753383,0.059676268828244616
7,4,0.2187994872679715,0.059676268828244616
7,4,0.2187994872679715,0.028186114961290087
7,4,0.2187994872679715,0.059676268828244616
7,4,0.16874424268841004,0.028186114961290087
7,4,0.2187994872679715,0.028186114961290087
7,4,0.2187994872679715,0.028186114961290087
7,4,0.16874424268841004,0.028186114961290087
7,5,0.16874424268841004,0.9966959610943356
7,4,0.16874424268841004,0.028186114961290087
7,5,0.1186889981088477,0.9966959610943356
7,5,0.16874424268841004,0.9966959610943356
7,5,0.16874424268841004,0.9966959610943356
7,5,0.1186889981088477,0.9966959610943356
7,5,0.1186889981088477,0.965205807227381
7,5,0.1186889981088477,0.9966959610943356
7,5,0.06863375352928536,0.965205807227381
7,5,0.1186889981088477,0.965205807227381
7,5,0.1186889981088477,0.965205807227381
7,5,0.06863375352928536,0.965205807227381
7,5,0.06863375352928536,0.9337156533604265
7,5,0.06863375352928536,0.965205807227381
7,5,0.018578508949723016,0.9337156533604265
7,5,0.06863375352928536,0.9337156533604265
7,5,0.06863375352928536,0.9337156533604265
7,5,0.018578508949723016,0.9337156533604265
7,5,0.018578508949723016,0.902225499493472
7,5,0.018578508949723016,0.9337156533604265
6,5,0.9685232643701607,0.902225499493472
7,5,0.018578508949723016,0.902225499493472
7,5,0.018578508949723016,0.902225499493472
6,5,0.9685232643701607,0.902225499493472
6,5,0.9685232643701607,0.8707353456265174
6,5,0.9685232643701607,0.902225499493472
6,5,0.9184680197905983,0.8707353456265174
6,5,0.9685232643701607,0.8707353456265174
6,5,0.9685232643701607,0.8707353456265174
6,5,0.9184680197905983,0.8707353456265174
6,5,0.9184680197905983,0.8392451917595629
6,5,0.9184680197905983,0.8707353456265174
6,5,0.868412775211036,0.8392451917595629
6,5,0.9184680197905983,0.8392451917595629
6,5,0.9184680197905983,0.8392451917595629
6,5,0.868412775211036,0.8392451917595629
6,5,0.868412775211036,0.8077550378926084
6,5,0.868412775211036,0.8392451917595629
6,5,0.8183575306314745,0.8077550378926084
6,5,0.868412775211036,0.8077550378926084
6,5,0.868412775211036,0.8077550378926084
6,5,0.8183575306314745,0.8077550378926084
6,5,0.8183575306314745,0.7762648840256539
6,5,0.8183575306314745,0.8077550378926084
6,5,0.7683022860519122,0.7762648840256539
6,5,0.8183575306314745,0.7762648840256539
6,5,0.8183575306314745,0.7762648840256539
6,5,0.7683022860519122,0.7762648840256539
6,5,0.7683022860519122,0.7447747301586984
6,5,0.7683022860519122,0.7762648840256539
6,5,0.7182470414723499,0.7447747301586984
6,5,0.7683022860519122,0.7447747301586984
6,5,0.7683022860519122,0.7447747301586984
6,5,0.7182470414723499,0.7447747301586984
6,5,0.7182470414723499,0.7132845762917439
6,5,0.7182470414723499,0.7447747301586984
6,5,0.6681917968927875,0.7132845762917439
6,5,0.7182470414723499,0.7132845762917439
6,5,0.7182470414723499,0.7132845762917439
6,5,0.6681917968927875,0.7132845762917439
6,5,0.6681917968927875,0.6817944224247894
6,5,0.6681917968927875,0.7132845762917439
6,5,0.6181365523132252,0.6817944224247894
6,5,0.6681917968927875,0.6817944224247894
6,5,0.6681917968927875,0.6817944224247894
6,5,0.6181365523132252,0.6817944224247894
6,5,0.6181365523132252,0.6503042685578349
6,5,0.6181365523132252,0.6817944224247894
6,5,0.5680813077336628,0.6503042685578349
6,5,0.6181365523132252,0.6503042685578349
6,5,0.6181365523132252,0.6503042685578349
6,5,0.5680813077336628,0.6503042685578349
6,5,0.5680813077336628,0.6188141146908803
6,5,0.5680813077336628,0.6503042685578349
6,5,0.5180260631541014,0.6188141146908803
6,5,0.5680813077336628,0.6188141146908803
6,5,0.5680813077336628,0.6188141146908803
6,5,0.5180260631541014,0.6188141146908803
6,5,0.5180260631541014,0.5873239608239258
7,4,0.2187994872679715,0.059676268828244616
7,4,0.16874424268841004,0.059676268828245504
7,4,0.16874424268841004,0.028186114961290087
7,4,0.16874424268841004,0.059676268828245504
7,4,0.1186889981088477,0.028186114961290087
7,4,0.16874424268841004,0.028186114961290087
7,4,0.16874424268841004,0.028186114961290087
7,4,0.1186889981088477,0.028186114961290087
7,5,0.1186889981088477,0.9966959610943356
7,4,0.1186889981088477,0.028186114961290087
7,5,0.06863375352928536,0.9966959610943356
7,5,0.1186889981088477,0.9966959610943356
7,5,0.1186889981088477,0.9966959610943356
7,5,0.06863375352928536,0.9966959610943356
7,5,0.06863375352928536,0.965205807227381
7,5,0.06863375352928536,0.9966959610943356
7,5,0.018578508949723016,0.965205807227381
7,5,0.06863375352928536,0.965205807227381
7,5,0.06863375352928536,0.965205807227381
7,5,0.018578508949723016,0.965205807227381
7,5,0.018578508949723016,0.9337156533604265
7,5,0.018578508949723016,0.965205807227381
6,5,0.9685232643701607,0.9337156533604265
7,5,0.018578508949723016,0.9337156533604265
7,5,0.018578508949723016,0.9337156533604265
6,5,0.9685232643701607,0.9337156533604265
6,5,0.9685232643701607,0.902225499493472
6,5,0.9685232643701607,0.9337156533604265
6,5,0.9184680197905983,0.902225499493472
6,5,0.9685232643701607,0.902225499493472
6,5,0.9685232643701607,0.902225499493472
6,5,0.9184680197905983,0.902225499493472
6,5,0.9184680197905983,0.8707353456265174
6,5,0.9184680197905983,0.902225499493472
6,5,0.868412775211036,0.8707353456265174
6,5,0.9184680197905983,0.8707353456265174
6,5,0.9184680197905983,0.8707353456265174
6,5,0.868412775211036,0.8707353456265174
6,5,0.868412775211036,0.8392451917595629
6,5,0.868412775211036,0.8707353456265174
6,5,0.8183575306314745,0.8392451917595629
6,5,0.868412775211036,0.8392451917595629
6,5,0.868412775211036,0.8392451917595629
6,5,0.8183575306314745,0.8392451917595629
6,5,0.8183575306314745,0.8077550378926084
6,5,0.8183575306314745,0.8392451917595629
6,5,0.7683022860519122,0.8077550378926084
6,5,0.8183575306314745,0.8077550378926084
6,5,0.8183575306314745,0.8077550378926084
6,5,0.7683022860519122,0.8077550378926084
6,5,0.7683022860519122,0.7762648840256539
6,5,0.7683022860519122,0.8077550378926084
6,5,0.7182470414723499,0.7762648840256539
6,5,0.7683022860519122,0.7762648840256539
6,5,0.7683022860519122,0.7762648840256539
6,5,0.7182470414723499,0.7762648840256539
6,5,0.7182470414723499,0.7447747301586984
6,5,0.7182470414723499,0.7762648840256539
6,5,0.6681917968927875,0.7447747301586984
6,5,0.7182470414723499,0.7447747301586984
6,5,0.7182470414723499,0.7447747301586984
6,5,0.6681917968927875,0.7447747301586984
6,5,0.6681917968927875,0.7132845762917439
6,5,0.6681917968927875,0.7447747301586984
6,5,0.6181365523132252,0.7132845762917439
6,5,0.6681917968927875,0.7132845762917439
6,5,0.6681917968927875,0.7132845762917439
6,5,0.6181365523132252,0.7132845762917439
6,5,0.6181365523132252,0.6817944224247894
6,5,0.6181365523132252,0.7132845762917439
6,5,0.5680813077336628,0.6817944224247894
6,5,0.6181365523132252,0.6817944224247894
6,5,0.6181365523132252,0.6817944224247894
6,5,0.5680813077336628,0.6817944224247894
6,5,0.5680813077336628,0.6503042685578349
6,5,0.5680813077336628,0.6817944224247894
6,5,0.5180260631541014,0.6503042685578349
6,5,0.5680813077336628,0.6503042685578349
6,5,0.5680813077336628,0.6503042685578349
6,5,0.5180260631541014,0.6503042685578349
6,5,0.5180260631541014,0.6188141146908803
7,4,0.16874424268841004,0.059676268828245504
7,4,0.1186889981088477,0.059676268828245504
7,4,0.1186889981088477,0.028186114961290087
7,4,0.1186889981088477,0.059676268828245504
7,4,0.06863375352928536,0.028186114961290087
7,4,0.1186889981088477,0.028186114961290087
7,4,0.1186889981088477,0.028186114961290087
7,4,0.06863375352928536,0.028186114961290087
7,5,0.06863375352928536,0.9966959610943356
7,4,0.06863375352928536,0.028186114961290087
7,5,0.018578508949723016,0.9966959610943356
7,5,0.06863375352928536,0.9966959610943356
7,5,0.06863375352928536,0.9966959610943356
7,5,0.018578508949723016,0.9966959610943356
7,5,0.018578508949723016,0.965205807227381
7,5,0.018578508949723016,0.9966959610943356
6,5,0.9685232643701607,0.965205807227381
7,5,0.018578508949723016,0.965205807227381
7,5,0.018578508949723016,0.965205807227381
6,5,0.9685232643701607,0.965205807227381
6,5,0.9685232643701607,0.9337156533604265
6,5,0.9685232643701607,0.965205807227381
6,5,0.9184680197905983,0.9337156533604265
6,5,0.9685232643701607,0.9337156533604265
6,5,0.9685232643701607,0.9337156533604265
6,5,0.9184680197905983,0.9337156533604265
6,5,0.9184680197905983,0.902225499493472
6,5,0.9184680197905983,0.9337156533604265
6,5,0.868412775211036,0.902225499493472
6,5,0.9184680197905983,0.902225499493472
6,5,0.9184680197905983,0.902225499493472
6,5,0.868412775211036,0.902225499493472
6,5,0.868412775211036,0.8707353456265174
6,5,0.868412775211036,0.902225499493472
6,5,0.8183575306314745,0.8707353456265174
6,5,0.868412775211036,0.8707353456265174
6,5,0.868412775211036,0.8707353456265174
6,5,0.8183575306314745,0.8707353456265174
6,5,0.8183575306314745,0.8392451917595629
6,5,0.8183575306314745,0.8707353456265174
6,5,0.7683022860519122,0.8392451917595629
6,5,0.8183575306314745,0.8392451917595629
6,5,0.8183575306314745,0.8392451917595629
6,5,0.7683022860519122,0.8392451917595629
6,5,0.7683022860519122,0.8077550378926084
6,5,0.7683022860519122,0.8392451917595629
6,5,0.7182470414723499,0.8077550378926084
6,5,0.7683022860519122,0.8077550378926084
6,5,0.7683022860519122,0.8077550378926084
6,5,0.7182470414723499,0.8077550378926084
6,5,0.7182470414723499,0.7762648840256539
6,5,0.7182470414723499,0.8077550378926084
6,5,0.6681917968927875,0.7762648840256539
6,5,0.7182470414723499,0.7762648840256539
6,5,0.7182470414723499,0.7762648840256539
6,5,0.6681917968927875,0.7762648840256539
6,5,0.6681917968927875,0.7447747301586984
6,5,0.6681917968927875,0.7762648840256539
6,5,0.6181365523132252,0.7447747301586984
6,5,0.6681917968927875,0.7447747301586984
6,5,0.6681917968927875,0.7447747301586984
6,5,0.6181365523132252,0.7447747301586984
6,5,0.6181365523132252,0.7132845762917439
6,5,0.6181365523132252,0.7447747301586984
6,5,0.5680813077336628,0.7132845762917439
6,5,0.6181365523132252,0.7132845762917439
6,5,0.6181365523132252,0.7132845762917439
6,5,0.5680813077336628,0.7132845762917439
6,5,0.5680813077336628,0.6817944224247894
6,5,0.5680813077336628,0.7132845762917439
6,5,0.5180260631541014,0.6817944224247894
6,5,0.5680813077336628,0.6817944224247894
6,5,0.5680813077336628,0.6817944224247894
6,5,0.5180260631541014,0.6817944224247894
6,5,0.5180260631541014,0.6503042685578349
7,4,0.1186889981088477,0.059676268828245504
7,4,0.06863375352928536,0.059676268828244616
7,4,0.06863375352928536,0.028186114961290087
7,4,0.06863375352928536,0.059676268828244616
7,4,0.018578508949723016,0.028186114961290087
7,4,0.06863375352928536,0.028186114961290087
7,4,0.06863375352928536,0.028186114961290087
7,4,0.018578508949723016,0.028186114961290087
7,5,0.018578508949723016,0.9966959610943356
7,4,0.018578508949723016,0.028186114961290087
6,5,0.9685232643701607,0.9966959610943356
7,5,0.018578508949723016,0.9966959610943356
7,5,0.018578508949723016,0.9966959610943356
6,5,0.9685232643701607,0.9966959610943356
6,5,0.9685232643701607,0.965205807227381
6,5,0.9685232643701607,0.9966959610943356
6,5,0.9184680197905983,0.965205807227381
6,5,0.9685232643701607,0.965205807227381
6,5,0.9685232643701607,0.965205807227381
6,5,0.9184680197905983,0.965205807227381
6,5,0.9184680197905983,0.9337156533604265
6,5,0.9184680197905983,0.965205807227381
6,5,0.868412775211036,0.9337156533604265
6,5,0.9184680197905983,0.9337156533604265
6,5,0.9184680197905983,0.9337156533604265
6,5,0.868412775211036,0.9337156533604265
6,5,0.868412775211036,0.902225499493472
6,5,0.868412775211036,0.9337156533604265
6,5,0.8183575306314745,0.902225499493472
6,5,0.868412775211036,0.902225499493472
6,5,0.868412775211036,0.902225499493472
6,5,0.8183575306314745,0.902225499493472
6,5,0.8183575306314745,0.8707353456265174
6,5,0.8183575306314745,0.902225499493472
6,5,0.7683022860519122,0.8707353456265174
6,5,0.8183575306314745,0.8707353456265174
6,5,0.8183575306314745,0.8707353456265174
6,5,0.7683022860519122,0.8707353456265174
6,5,0.7683022860519122,0.8392451917595629
6,5,0.7683022860519122,0.8707353456265174
6,5,0.7182470414723499,0.8392451917595629
6,5,0.7683022860519122,0.8392451917595629
6,5,0.7683022860519122,0.8392451917595629
6,5,0.7182470414723499,0.8392451917595629
6,5,0.7182470414723499,0.8077550378926084
6,5,0.7182470414723499,0.8392451917595629
6,5,0.6681917968927875,0.8077550378926084
6,5,0.7182470414723499,0.8077550378926084
6,5,0.7182470414723499,0.8077550378926084
6,5,0.6681917968927875,0.8077550378926084
6,5,0.6681917968927875,0.7762648840256539
6,5,0.6681917968927875,0.8077550378926084
6,5,0.6181365523132252,0.7762648840256539
6,5,0.6681917968927875,0.7762648840256539
6,5,0.6681917968927875,0.7762648840256539
6,5,0.6181365523132252,0.7762648840256539
6,5,0.6181365523132252,0.7447747301586984
6,5,0.6181365523132252,0.7762648840256539
6,5,0.5680813077336628,0.7447747301586984
6,5,0.6181365523132252,0.7447747301586984
6,5,0.6181365523132252,0.7447747301586984
6,5,0.5680813077336628,0.7447747301586984
6,5,0.5680813077336628,0.7132845762917439
6,5,0.5680813077336628,0.7447747301586984
6,5,0.5180260631541014,0.7132845762917439
6,5,0.5680813077336628,0.7132845762917439
6,5,0.5680813077336628,0.7132845762917439
6,5,0.5180260631541014,0.7132845762917439
6,5,0.5180260631541014,0.6817944224247894
7,4,0.06863375352928536,0.059676268828244616
7,4,0.018578508949723016,0.059676268828245504
7,4,0.018578508949723016,0.028186114961290087
7,4,0.018578508949723016,0.059676268828245504
6,4,0.9685232643701607,0.028186114961290087
7,4,0.018578508949723016,0.028186114961290087
7,4,0.018578508949723016,0.028186114961290087
6,4,0.9685232643701607,0.028186114961290087
6,5,0.9685232643701607,0.9966959610943356
6,4,0.9685232643701607,0.028186114961290087
6,5,0.9184680197905983,0.9966959610943356
6,5,0.9685232643701607,0.9966959610943356
6,5,0.9685232643701607,0.9966959610943356
6,5,0.9184680197905983,0.9966959610943356
6,5,0.9184680197905983,0.965205807227381
6,5,0.9184680197905983,0.9966959610943356
6,5,0.868412775211036,0.965205807227381
6,5,0.9184680197905983,0.965205807227381
6,5,0.9184680197905983,0.965205807227381
6,5,0.868412775211036,0.965205807227381
6,5,0.868412775211036,0.9337156533604265
6,5,0.868412775211036,0.965205807227381
6,5,0.8183575306314745,0.9337156533604265
6,5,0.868412775211036,0.9337156533604265
6,5,0.868412775211036,0.9337156533604265
6,5,0.8183575306314745,0.9337156533604265
6,5,0.8183575306314745,0.902225499493472
6,5,0.8183575306314745,0.9337156533604265
6,5,0.7683022860519122,0.902225499493472
6,5,0.8183575306314745,0.902225499493472
6,5,0.8183575306314745,0.902225499493472
6,5,0.7683022860519122,0.902225499493472
6,5,0.7683022860519122,0.8707353456265174
6,5,0.7683022860519122,0.902225499493472
6,5,0.7182470414723499,0.8707353456265174
6,5,0.7683022860519122,0.8707353456265174
6,5,0.7683022860519122,0.8707353456265174
6,5,0.7182470414723499,0.8707353456265174
6,5,0.7182470414723499,0.8392451917595629
6,5,0.7182470414723499,0.8707353456265174
6,5,0.6681917968927875,0.8392451917595629
6,5,0.7182470414723499,0.8392451917595629
6,5,0.7182470414723499,0.8392451917595629
6,5,0.6681917968927875,0.8392451917595629
6,5,0.6681917968927875,0.8077550378926084
6,5,0.6681917968927875,0.8392451917595629
6,5,0.6181365523132252,0.8077550378926084
6,5,0.6681917968927875,0.8077550378926084
6,5,0.6681917968927875,0.8077550378926084
6,5,0.6181365523132252,0.8077550378926084
6,5,0.6181365523132252,0.7762648840256539
6,5,0.6181365523132252,0.8077550378926084
6,5,0.5680813077336628,0.7762648840256539
6,5,0.6181365523132252,0.7762648840256539
6,5,0.6181365523132252,0.7762648840256539
6,5,0.5680813077336628,0.7762648840256539
6,5,0.5680813077336628,0.7447747301586984
6,5,0.5680813077336628,0.7762648840256539
6,5,0.5180260631541014,0.7447747301586984
6,5,0.5680813077336628,0.7447747301586984
6,5,0.5680813077336628,0.7447747301586984
6,5,0.5180260631541014,0.7447747301586984
6,5,0.5180260631541014,0.7132845762917439
7,4,0.018578508949723016,0.059676268828245504
6,4,0.9685232643701607,0.059676268828245504
6,4,0.9685232643701607,0.028186114961290087
6,4,0.9685232643701607,0.059676268828245504
6,4,0.9184680197905983,0.028186114961290087
6,4,0.9685232643701607,0.028186114961290087
6,4,0.9685232643701607,0.028186114961290087
6,4,0.9184680197905983,0.028186114961290087
6,5,0.9184680197905983,0.9966959610943356
6,4,0.9184680197905983,0.028186114961290087
6,5,0.868412775211036,0.9966959610943356
6,5,0.9184680197905983,0.9966959610943356
6,5,0.9184680197905983,0.9966959610943356
6,5,0.868412775211036,0.9966959610943356
6,5,0.868412775211036,0.965205807227381
6,5,0.868412775211036,0.9966959610943356
6,5,0.8183575306314745,0.965205807227381
6,5,0.868412775211036,0.965205807227381
6,5,0.868412775211036,0.965205807227381
6,5,0.8183575306314745,0.965205807227381
6,5,0.8183575306314745,0.9337156533604265
6,5,0.8183575306314745,0.965205807227381
6,5,0.7683022860519122,0.9337156533604265
6,5,0.8183575306314745,0.9337156533604265
6,5,0.8183575306314745,0.9337156533604265
6,5,0.7683022860519122,0.9337156533604265
6,5,0.7683022860519122,0.902225499493472
6,5,0.7683022860519122,0.9337156533604265
6,5,0.7182470414723499,0.902225499493472
6,5,0.7683022860519122,0.902225499493472
6,5,0.7683022860519122,0.902225499493472
6,5,0.7182470414723499,0.902225499493472
6,5,0.7182470414723499,0.8707353456265174
6,5,0.7182470414723499,0.902225499493472
6,5,0.6681917968927875,0.8707353456265174
6,5,0.7182470414723499,0.8707353456265174
6,5,0.7182470414723499,0.8707353456265174
6,5,0.6681917968927875,0.8707353456265174
6,5,0.6681917968927875,0.8392451917595629
6,5,0.6681917968927875,0.8707353456265174
6,5,0.6181365523132252,0.8392451917595629
6,5,0.6681917968927875,0.8392451917595629
6,5,0.6681917968927875,0.8392451917595629
6,5,0.6181365523132252,0.8392451917595629
6,5,0.6181365523132252,0.8077550378926084
6,5,0.6181365523132252,0.8392451917595629
6,5,0.5680813077336628,0.8077550378926084
6,5,0.6181365523132252,0.8077550378926084
6,5,0.6181365523132252,0.8077550378926084
6,5,0.5680813077336628,0.8077550378926084
6,5,0.5680813077336628,0.7762648840256539
6,5,0.5680813077336628,0.8077550378926084
6,5,0.5180260631541014,0.7762648840256539
6,5,0.5680813077336628,0.7762648840256539
6,5,0.5680813077336628,0.7762648840256539
6,5,0.5180260631541014,0.7762648840256539
6,5,0.5180260631541014,0.7447747301586984
6,4,0.9685232643701607,0.059676268828245504
6,4,0.9184680197905983,0.059676268828245504
6,4,0.9184680197905983,0.028186114961290087
6,4,0.9184680197905983,0.059676268828245504
6,4,0.868412775211036,0.028186114961290087
6,4,0.9184680197905983,0.028186114961290087
6,4,0.9184680197905983,0.028186114961290087
6,4,0.868412775211036,0.028186114961290087
6,5,0.868412775211036,0.9966959610943356
6,4,0.868412775211036,0.028186114961290087
6,5,0.8183575306314745,0.9966959610943356
6,5,0.868412775211036,0.9966959610943356
6,5,0.868412775211036,0.9966959610943356
6,5,0.8183575306314745,0.9966959610943356
6,5,0.8183575306314745,0.965205807227381
6,5,0.8183575306314745,0.9966959610943356
6,5,0.7683022860519122,0.965205807227381
6,5,0.8183575306314745,0.965205807227381
6,5,0.8183575306314745,0.965205807227381
6,5,0.7683022860519122,0.965205807227381
6,5,0.7683022860519122,0.9337156533604265
6,5,0.7683022860519122,0.965205807227381
6,5,0.7182470414723499,0.9337156533604265
6,5,0.7683022860519122,0.9337156533604265
6,5,0.7683022860519122,0.9337156533604265
6,5,0.7182470414723499,0.9337156533604265
6,5,0.7182470414723499,0.902225499493472
6,5,0.7182470414723499,0.9337156533604265
6,5,0.6681917968927875,0.902225499493472
6,5,0.7182470414723499,0.902225499493472
6,5,0.7182470414723499,0.902225499493472
6,5,0.6681917968927875,0.902225499493472
6,5,0.6681917968927875,0.8707353456265174
6,5,0.6681917968927875,0.902225499493472
6,5,0.6181365523132252,0.8707353456265174
6,5,0.6681917968927875,0.8707353456265174
6,5,0.6681917968927875,0.8707353456265174
6,5,0.6181365523132252,0.8707353456265174
6,5,0.6181365523132252,0.8392451917595629
6,5,0.6181365523132252,0.8707353456265174
6,5,0.5680813077336628,0.8392451917595629
6,5,0.6181365523132252,0.8392451917595629
6,5,0.6181365523132252,0.8392451917595629
6,5,0.5680813077336628,0.8392451917595629
6,5,0.5680813077336628,0.8077550378926084
6,5,0.5680813077336628,0.8392451917595629
6,5,0.5180260631541014,0.8077550378926084
6,5,0.5680813077336628,0.8077550378926084
6,5,0.5680813077336628,0.8077550378926084
6,5,0.5180260631541014,0.8077550378926084
6,5,0.5180260631541014,0.7762648840256539
6,4,0.9184680197905983,0.059676268828245504
6,4,0.868412775211036,0.059676268828245504
6,4,0.868412775211036,0.028186114961290087
6,4,0.868412775211036,0.059676268828245504
6,4,0.8183575306314745,0.028186114961290087
6,4,0.868412775211036,0.028186114961290087
6,4,0.868412775211036,0.028186114961290087
6,4,0.8183575306314745,0.028186114961290087
6,5,0.8183575306314745,0.9966959610943356
6,4,0.8183575306314745,0.028186114961290087
6,5,0.7683022860519122,0.9966959610943356
6,5,0.8183575306314745,0.9966959610943356
6,5,0.8183575306314745,0.9966959610943356
6,5,0.7683022860519122,0.9966959610943356
6,5,0.7683022860519122,0.965205807227381
6,5,0.7683022860519122,0.9966959610943356
6,5,0.7182470414723499,0.965205807227381
6,5,0.7683022860519122,0.965205807227381
6,5,0.7683022860519122,0.965205807227381
6,5,0.7182470414723499,0.965205807227381
6,5,0.7182470414723499,0.9337156533604265
6,5,0.7182470414723499,0.965205807227381
6,5,0.6681917968927875,0.9337156533604265
6,5,0.7182470414723499,0.9337156533604265
6,5,0.7182470414723499,0.9337156533604265
6,5,0.6681917968927875,0.9337156533604265
6,5,0.6681917968927875,0.902225499493472
6,5,0.6681917968927875,0.9337156533604265
6,5,0.6181365523132252,0.902225499493472
6,5,0.6681917968927875,0.902225499493472
6,5,0.6681917968927875,0.902225499493472
6,5,0.6181365523132252,0.902225499493472
6,5,0.6181365523132252,0.8707353456265174
6,5,0.6181365523132252,0.902225499493472
6,5,0.5680813077336628,0.8707353456265174
6,5,0.6181365523132252,0.8707353456265174
6,5,0.6181365523132252,0.8707353456265174
6,5,0.5680813077336628,0.8707353456265174
6,5,0.5680813077336628,0.8392451917595629
6,5,0.5680813077336628,0.8707353456265174
6,5,0.5180260631541014,0.8392451917595629
6,5,0.5680813077336628,0.8392451917595629
6,5,0.5680813077336628,0.8392451917595629
6,5,0.5180260631541014,0.8392451917595629
6,5,0.5180260631541014,0.8077550378926084
6,4,0.868412775211036,0.059676268828245504
6,4,0.8183575306314745,0.059676268828245504
6,4,0.8183575306314745,0.028186114961290087
6,4,0.8183575306314745,0.059676268828245504
6,4,0.7683022860519122,0.028186114961290087
6,4,0.8183575306314745,0.028186114961290087
6,4,0.8183575306314745,0.028186114961290087
6,4,0.7683022860519122,0.028186114961290087
6,5,0.7683022860519122,0.9966959610943356
6,4,0.7683022860519122,0.028186114961290087
6,5,0.7182470414723499,0.9966959610943356
6,5,0.7683022860519122,0.9966959610943356
6,5,0.7683022860519122,0.9966959610943356
6,5,0.7182470414723499,0.9966959610943356
6,5,0.7182470414723499,0.965205807227381
6,5,0.7182470414723499,0.9966959610943356
6,5,0.6681917968927875,0.965205807227381
6,5,0.7182470414723499,0.965205807227381
6,5,0.7182470414723499,0.965205807227381
6,5,0.6681917968927875,0.965205807227381
6,5,0.6681917968927875,0.9337156533604265
6,5,0.6681917968927875,0.965205807227381
6,5,0.6181365523132252,0.9337156533604265
6,5,0.6681917968927875,0.9337156533604265
6,5,0.6681917968927875,0.9337156533604265
6,5,0.6181365523132252,0.9337156533604265
6,5,0.6181365523132252,0.902225499493472
6,5,0.6181365523132252,0.9337156533604265
6,5,0.5680813077336628,0.902225499493472
6,5,0.6181365523132252,0.902225499493472
6,5,0.6181365523132252,0.902225499493472
6,5,0.5680813077336628,0.902225499493472
6,5,0.5680813077336628,0.8707353456265174
6,5,0.5680813077336628,0.902225499493472
6,5,0.5180260631541014,0.8707353456265174
6,5,0.5680813077336628,0.8707353456265174
6,5,0.5680813077336628,0.8707353456265174
6,5,0.5180260631541014,0.8707353456265174
6,5,0.5180260631541014,0.8392451917595629
6,4,0.8183575306314745,0.059676268828245504
6,4,0.7683022860519122,0.059676268828244616
6,4,0.7683022860519122,0.028186114961290087
6,4,0.7683022860519122,0.059676268828244616
6,4,0.7182470414723499,0.028186114961290087
6,4,0.7683022860519122,0.028186114961290087
6,4,0.7683022860519122,0.028186114961290087
6,4,0.7182470414723499,0.028186114961290087
6,5,0.7182470414723499,0.9966959610943356
6,4,0.7182470414723499,0.028186114961290087
6,5,0.6681917968927875,0.9966959610943356
6,5,0.7182470414723499,0.9966959610943356
6,5,0.7182470414723499,0.9966959610943356
6,5,0.6681917968927875,0.9966959610943356
6,5,0.6681917968927875,0.965205807227381
6,5,0.6681917968927875,0.9966959610943356
6,5,0.6181365523132252,0.965205807227381
6,5,0.6681917968927875,0.965205807227381
6,5,0.6681917968927875,0.965205807227381
6,5,0.6181365523132252,0.965205807227381
6,5,0.6181365523132252,0.9337156533604265
6,5,0.6181365523132252,0.965205807227381
6,5,0.5680813077336628,0.9337156533604265
6,5,0.6181365523132252,0.9337156533604265
6,5,0.6181365523132252,0.9337156533604265
6,5,0.5680813077336628,0.9337156533604265
6,5,0.5680813077336628,0.902225499493472
6,5,0.5680813077336628,0.9337156533604265
6,5,0.5180260631541014,0.902225499493472
6,5,0.5680813077336628,0.902225499493472
6,5,0.5680813077336628,0.902225499493472
6,5,0.5180260631541014,0.902225499493472
6,5,0.5180260631541014,0.8707353456265174
6,4,0.7683022860519122,0.059676268828244616
6,4,0.7182470414723499,0.059676268828245504
6,4,0.7182470414723499,0.028186114961290087
6,4,0.7182470414723499,0.059676268828245504
6,4,0.6681917968927875,0.028186114961290087
6,4,0.7182470414723499,0.028186114961290087
6,4,0.7182470414723499,0.028186114961290087
6,4,0.6681917968927875,0.028186114961290087
6,5,0.6681917968927875,0.9966959610943356
6,4,0.6681917968927875,0.028186114961290087
6,5,0.6181365523132252,0.9966959610943356
6,5,0.6681917968927875,0.9966959610943356
6,5,0.6681917968927875,0.9966959610943356
6,5,0.6181365523132252,0.9966959610943356
6,5,0.6181365523132252,0.965205807227381
6,5,0.6181365523132252,0.9966959610943356
6,5,0.5680813077336628,0.965205807227381
6,5,0.6181365523132252,0.965205807227381
6,5,0.6181365523132252,0.965205807227381
6,5,0.5680813077336628,0.965205807227381
6,5,0.5680813077336628,0.9337156533604265
6,5,0.5680813077336628,0.965205807227381
6,5,0.5180260631541014,0.9337156533604265
6,5,0.5680813077336628,0.9337156533604265
6,5,0.5680813077336628,0.9337156533604265
6,5,0.5180260631541014,0.9337156533604265
6,5,0.5180260631541014,0.902225499493472
6,4,0.7182470414723499,0.059676268828245504
6,4,0.6681917968927875,0.059676268828245504
6,4,0.6681917968927875,0.028186114961290087
6,4,0.6681917968927875,0.059676268828245504
6,4,0.6181365523132252,0.028186114961290087
6,4,0.6681917968927875,0.028186114961290087
6,4,0.6681917968927875,0.028186114961290087
6,4,0.6181365523132252,0.028186114961290087
6,5,0.6181365523132252,0.9966959610943356
6,4,0.6181365523132252,0.028186114961290087
6,5,0.5680813077336628,0.9966959610943356
6,5,0.6181365523132252,0.9966959610943356
6,5,0.6181365523132252,0.9966959610943356
6,5,0.5680813077336628,0.9966959610943356
6,5,0.5680813077336628,0.965205807227381
6,5,0.5680813077336628,0.9966959610943356
6,5,0.5180260631541014,0.965205807227381
6,5,0.5680813077336628,0.965205807227381
6,5,0.5680813077336628,0.965205807227381
6,5,0.5180260631541014,0.965205807227381
6,5,0.5180260631541014,0.9337156533604265
6,4,0.6681917968927875,0.059676268828245504
6,4,0.6181365523132252,0.059676268828244616
6,4,0.6181365523132252,0.028186114961290087
6,4,0.6181365523132252,0.059676268828244616
6,4,0.5680813077336628,0.028186114961290087
6,4,0.6181365523132252,0.028186114961290087
6,4,0.6181365523132252,0.028186114961290087
6,4,0.5680813077336628,0.028186114961290087
6,5,0.5680813077336628,0.9966959610943356
6,4,0.5680813077336628,0.028186114961290087
6,5,0.5180260631541014,0.9966959610943356
6,5,0.5680813077336628,0.9966959610943356
6,5,0.5680813077336628,0.9966959610943356
6,5,0.5180260631541014,0.9966959610943356
6,5,0.5180260631541014,0.965205807227381
6,4,0.6181365523132252,0.059676268828244616
6,4,0.5680813077336628,0.059676268828245504
6,4,0.5680813077336628,0.028186114961290087
6,4,0.5680813077336628,0.059676268828245504
6,4,0.5180260631541014,0.028186114961290087
6,4,0.5680813077336628,0.028186114961290087
6,4,0.5680813077336628,0.028186114961290087
6,4,0.5180260631541014,0.028186114961290087
6,5,0.5180260631541014,0.9966959610943356
6,4,0.5680813077336628,0.059676268828245504
6,4,0.5180260631541014,0.059676268828245504
6,4,0.5180260631541014,0.028186114961290087
6,5,0.5180260631541014,0.5243436530900167
6,5,0.5680813077336628,0.5243436530900167
6,5,0.5680813077336628,0.5558338069569713
6,5,0.5680813077336628,0.5243436530900167
6,5,0.6181365523132252,0.5558338069569713
6,5,0.5680813077336628,0.5558338069569713
6,5,0.5680813077336628,0.5558338069569713
6,5,0.6181365523132252,0.5558338069569713
6,5,0.6181365523132252,0.5873239608239258
6,5,0.6181365523132252,0.5558338069569713
6,5,0.6681917968927875,0.5873239608239258
6,5,0.6181365523132252,0.5873239608239258
6,5,0.6181365523132252,0.5873239608239258
6,5,0.6681917968927875,0.5873239608239258
6,5,0.6681917968927875,0.6188141146908803
6,5,0.6681917968927875,0.5873239608239258
6,5,0.7182470414723499,0.6188141146908803
6,5,0.6681917968927875,0.6188141146908803
6,5,0.6681917968927875,0.6188141146908803
6,5,0.7182470414723499,0.6188141146908803
6,5,0.7182470414723499,0.6503042685578349
6,5,0.7182470414723499,0.6188141146908803
6,5,0.7683022860519122,0.6503042685578349
6,5,0.7182470414723499,0.6503042685578349
6,5,0.7182470414723499,0.6503042685578349
6,5,0.7683022860519122,0.6503042685578349
6,5,0.7683022860519122,0.6817944224247894
6,5,0.7683022860519122,0.6503042685578349
6,5,0.8183575306314745,0.6817944224247894
6,5,0.7683022860519122,0.6817944224247894
6,5,0.7683022860519122,0.6817944224247894
6,5,0.8183575306314745,0.6817944224247894
6,5,0.8183575306314745,0.7132845762917439
6,5,0.8183575306314745,0.6817944224247894
6,5,0.868412775211036,0.7132845762917439
6,5,0.8183575306314745,0.7132845762917439
6,5,0.8183575306314745,0.7132845762917439
6,5,0.868412775211036,0.7132845762917439
6,5,0.868412775211036,0.7447747301586984
6,5,0.868412775211036,0.7132845762917439
6,5,0.9184680197905983,0.7447747301586984
6,5,0.868412775211036,0.7447747301586984
6,5,0.868412775211036,0.7447747301586984
6,5,0.9184680197905983,0.7447747301586984
6,5,0.9184680197905983,0.7762648840256539
6,5,0.9184680197905983,0.7447747301586984
6,5,0.9685232643701607,0.7762648840256539
6,5,0.9184680197905983,0.7762648840256539
6,5,0.9184680197905983,0.7762648840256539
6,5,0.9685232643701607,0.7762648840256539
6,5,0.9685232643701607,0.8077550378926084
6,5,0.9685232643701607,0.7762648840256539
7,5,0.018578508949723016,0.8077550378926084
6,5,0.9685232643701607,0.8077550378926084
6,5,0.9685232643701607,0.8077550378926084
7,5,0.018578508949723016,0.8077550378926084
7,5,0.018578508949723016,0.8392451917595629
7,5,0.018578508949723016,0.8077550378926084
7,5,0.06863375352928536,0.8392451917595629
7,5,0.018578508949723016,0.8392451917595629
7,5,0.018578508949723016,0.8392451917595629
7,5,0.06863375352928536,0.8392451917595629
7,5,0.06863375352928536,0.8707353456265174
7,5,0.06863375352928536,0.8392451917595629
7,5,0.1186889981088477,0.8707353456265174
7,5,0.06863375352928536,0.8707353456265174
7,5,0.06863375352928536,0.8707353456265174
7,5,0.1186889981088477,0.8707353456265174
7,5,0.1186889981088477,0.902225499493472
7,5,0.1186889981088477,0.8707353456265174
7,5,0.16874424268841004,0.902225499493472
7,5,0.1186889981088477,0.902225499493472
7,5,0.1186889981088477,0.902225499493472
7,5,0.16874424268841004,0.902225499493472
7,5,0.16874424268841004,0.9337156533604265
7,5,0.16874424268841004,0.902225499493472
7,5,0.2187994872679715,0.9337156533604265
7,5,0.16874424268841004,0.9337156533604265
7,5,0.16874424268841004,0.9337156533604265
7,5,0.2187994872679715,0.9337156533604265
7,5,0.2187994872679715,0.965205807227381
7,5,0.2187994872679715,0.9337156533604265
7,5,0.26885473184753383,0.965205807227381
7,5,0.2187994872679715,0.965205807227381
7,5,0.2187994872679715,0.965205807227381
7,5,0.26885473184753383,0.965205807227381
7,5,0.26885473184753383,0.9966959610943356
7,5,0.26885473184753383,0.965205807227381
7,5,0.3189099764270962,0.9966959610943356
7,5,0.26885473184753383,0.9966959610943356
7,5,0.26885473184753383,0.9966959610943356
7,5,0.3189099764270962,0.9966959610943356
7,4,0.3189099764270962,0.028186114961290087
7,5,0.3189099764270962,0.9966959610943356
7,4,0.3689652210066585,0.028186114961290087
7,4,0.3189099764270962,0.028186114961290087
7,4,0.3189099764270962,0.028186114961290087
7,4,0.3689652210066585,0.028186114961290087
7,4,0.3689652210066585,0.059676268828245504
6,5,0.5680813077336628,0.5243436530900167
6,5,0.6181365523132252,0.5243436530900167
6,5,0.6181365523132252,0.5558338069569713
6,5,0.6181365523132252,0.5243436530900167
6,5,0.6681917968927875,0.5558338069569713
6,5,0.6181365523132252,0.5558338069569713
6,5,0.6181365523132252,0.5558338069569713
6,5,0.6681917968927875,0.5558338069569713
6,5,0.6681917968927875,0.5873239608239258
6,5,0.6681917968927875,0.5558338069569713
6,5,0.7182470414723499,0.5873239608239258
6,5,0.6681917968927875,0.5873239608239258
6,5,0.6681917968927875,0.5873239608239258
6,5,0.7182470414723499,0.5873239608239258
6,5,0.7182470414723499,0.6188141146908803
6,5,0.7182470414723499,0.5873239608239258
6,5,0.7683022860519122,0.6188141146908803
6,5,0.7182470414723499,0.6188141146908803
6,5,0.7182470414723499,0.6188141146908803
6,5,0.7683022860519122,0.6188141146908803
6,5,0.7683022860519122,0.6503042685578349
6,5,0.7683022860519122,0.6188141146908803
6,5,0.8183575306314745,0.6503042685578349
6,5,0.7683022860519122,0.6503042685578349
6,5,0.7683022860519122,0.6503042685578349
6,5,0.8183575306314745,0.6503042685578349
6,5,0.8183575306314745,0.6817944224247894
6,5,0.8183575306314745,0.6503042685578349
6,5,0.868412775211036,0.6817944224247894
6,5,0.8183575306314745,0.6817944224247894
6,5,0.8183575306314745,0.6817944224247894
6,5,0.868412775211036,0.6817944224247894
6,5,0.868412775211036,0.7132845762917439
6,5,0.868412775211036,0.6817944224247894
6,5,0.9184680197905983,0.7132845762917439
6,5,0.868412775211036,0.7132845762917439
6,5,0.868412775211036,0.7132845762917439
6,5,0.9184680197905983,0.7132845762917439
6,5,0.9184680197905983,0.7447747301586984
6,5,0.9184680197905983,0.7132845762917439
6,5,0.9685232643701607,0.7447747301586984
6,5,0.9184680197905983,0.7447747301586984
6,5,0.9184680197905983,0.7447747301586984
6,5,0.9685232643701607,0.7447747301586984
6,5,0.9685232643701607,0.7762648840256539
6,5,0.9685232643701607,0.7447747301586984
7,5,0.018578508949723016,0.7762648840256539
6,5,0.9685232643701607,0.7762648840256539
6,5,0.9685232643701607,0.7762648840256539
7,5,0.018578508949723016,0.7762648840256539
7,5,0.018578508949723016,0.8077550378926084
7,5,0.018578508949723016,0.7762648840256539
7,5,0.06863375352928536,0.8077550378926084
7,5,0.018578508949723016,0.8077550378926084
7,5,0.018578508949723016,0.8077550378926084
7,5,0.06863375352928536,0.8077550378926084
7,5,0.06863375352928536,0.8392451917595629
7,5,0.06863375352928536,0.8077550378926084
7,5,0.1186889981088477,0.8392451917595629
7,5,0.06863375352928536,0.8392451917595629
7,5,0.06863375352928536,0.8392451917595629
7,5,0.1186889981088477,0.8392451917595629
7,5,0.1186889981088477,0.8707353456265174
7,5,0.1186889981088477,0.8392451917595629
7,5,0.16874424268841004,0.8707353456265174
7,5,0.1186889981088477,0.8707353456265174
7,5,0.1186889981088477,0.8707353456265174
7,5,0.16874424268841004,0.8707353456265174
7,5,0.16874424268841004,0.902225499493472
7,5,0.16874424268841004,0.8707353456265174
7,5,0.2187994872679715,0.902225499493472
7,5,0.16874424268841004,0.902225499493472
7,5,0.16874424268841004,0.902225499493472
7,5,0.2187994872679715,0.902225499493472
7,5,0.2187994872679715,0.9337156533604265
7,5,0.2187994872679715,0.902225499493472
7,5,0.26885473184753383,0.9337156533604265
7,5,0.2187994872679715,0.9337156533604265
7,5,0.2187994872679715,0.9337156533604265
7,5,0.26885473184753383,0.9337156533604265
7,5,0.26885473184753383,0.965205807227381
7,5,0.26885473184753383,0.9337156533604265
7,5,0.3189099764270962,0.965205807227381
7,5,0.26885473184753383,0.965205807227381
7,5,0.26885473184753383,0.965205807227381
7,5,0.3189099764270962,0.965205807227381
7,5,0.3189099764270962,0.9966959610943356
7,5,0.3189099764270962,0.965205807227381
7,5,0.3689652210066585,0.9966959610943356
7,5,0.3189099764270962,0.9966959610943356
7,5,0.3189099764270962,0.9966959610943356
7,5,0.3689652210066585,0.9966959610943356
7,4,0.3689652210066585,0.028186114961290087
6,5,0.6181365523132252,0.5243436530900167
6,5,0.6681917968927875,0.5243436530900167
6,5,0.6681917968927875,0.5558338069569713
6,5,0.6681917968927875,0.5243436530900167
6,5,0.7182470414723499,0.5558338069569713
6,5,0.6681917968927875,0.5558338069569713
6,5,0.6681917968927875,0.5558338069569713
6,5,0.7182470414723499,0.5558338069569713
6,5,0.7182470414723499,0.5873239608239258
6,5,0.7182470414723499,0.5558338069569713
6,5,0.7683022860519122,0.5873239608239258
6,5,0.7182470414723499,0.5873239608239258
6,5,0.7182470414723499,0.5873239608239258
6,5,0.7683022860519122,0.5873239608239258
6,5,0.7683022860519122,0.6188141146908803
6,5,0.7683022860519122,0.5873239608239258
6,5,0.8183575306314745,0.6188141146908803
6,5,0.7683022860519122,0.6188141146908803
6,5,0.7683022860519122,0.6188141146908803
6,5,0.8183575306314745,0.6188141146908803
6,5,0.8183575306314745,0.6503042685578349
6,5,0.8183575306314745,0.6188141146908803
6,5,0.868412775211036,0.6503042685578349
6,5,0.8183575306314745,0.6503042685578349
6,5,0.8183575306314745,0.6503042685578349
6,5,0.868412775211036,0.6503042685578349
6,5,0.868412775211036,0.6817944224247894
6,5,0.868412775211036,0.6503042685578349
6,5,0.9184680197905983,0.6817944224247894
6,5,0.868412775211036,0.6817944224247894
6,5,0.868412775211036,0.6817944224247894
6,5,0.9184680197905983,0.6817944224247894
6,5,0.9184680197905983,0.7132845762917439
6,5,0.9184680197905983,0.6817944224247894
6,5,0.9685232643701607,0.7132845762917439
6,5,0.9184680197905983,0.7132845762917439
6,5,0.9184680197905983,0.7132845762917439
6,5,0.9685232643701607,0.7132845762917439
6,5,0.9685232643701607,0.7447747301586984
6,5,0.9685232643701607,0.7132845762917439
7,5,0.018578508949723016,0.7447747301586984
6,5,0.9685232643701607,0.7447747301586984
6,5,0.9685232643701607,0.7447747301586984
7,5,0.018578508949723016,0.7447747301586984
7,5,0.018578508949723016,0.7762648840256539
7,5,0.018578508949723016,0.7447747301586984
7,5,0.06863375352928536,0.7762648840256539
7,5,0.018578508949723016,0.7762648840256539
7,5,0.018578508949723016,0.7762648840256539
7,5,0.06863375352928536,0.7762648840256539
7,5,0.06863375352928536,0.8077550378926084
7,5,0.06863375352928536,0.7762648840256539
7,5,0.1186889981088477,0.8077550378926084
7,5,0.06863375352928536,0.8077550378926084
7,5,0.06863375352928536,0.8077550378926084
7,5,0.1186889981088477,0.8077550378926084
7,5,0.1186889981088477,0.8392451917595629
7,5,0.1186889981088477,0.8077550378926084
7,5,0.16874424268841004,0.8392451917595629
7,5,0.1186889981088477,0.8392451917595629
7,5,0.1186889981088477,0.8392451917595629
7,5,0.16874424268841004,0.8392451917595629
7,5,0.16874424268841004,0.8707353456265174
7,5,0.16874424268841004,0.8392451917595629
7,5,0.21879948726797238,0.8707353456265174
7,5,0.16874424268841004,0.8707353456265174
7,5,0.16874424268841004,0.8707353456265174
7,5,0.21879948726797238,0.8707353456265174
7,5,0.2187994872679715,0.902225499493472
7,5,0.21879948726797238,0.8707353456265174
7,5,0.26885473184753383,0.902225499493472
7,5,0.2187994872679715,0.902225499493472
7,5,0.2187994872679715,0.902225499493472
7,5,0.26885473184753383,0.902225499493472
7,5,0.26885473184753383,0.9337156533604265
7,5,0.26885473184753383,0.902225499493472
7,5,0.3189099764270962,0.9337156533604265
7,5,0.26885473184753383,0.9337156533604265
7,5,0.26885473184753383,0.9337156533604265
7,5,0.3189099764270962,0.9337156533604265
7,5,0.3189099764270962,0.965205807227381
7,5,0.3189099764270962,0.9337156533604265
7,5,0.3689652210066585,0.965205807227381
7,5,0.3189099764270962,0.965205807227381
7,5,0.3189099764270962,0.965205807227381
7,5,0.3689652210066585,0.965205807227381
7,5,0.3689652210066585,0.9966959610943356
6,5,0.6681917968927875,0.5243436530900167
6,5,0.7182470414723499,0.5243436530900167
6,5,0.7182470414723499,0.5558338069569713
6,5,0.7182470414723499,0.5243436530900167
6,5,0.7683022860519122,0.5558338069569713
6,5,0.7182470414723499,0.5558338069569713
6,5,0.7182470414723499,0.5558338069569713
6,5,0.7683022860519122,0.5558338069569713
6,5,0.7683022860519122,0.5873239608239258
6,5,0.7683022860519122,0.5558338069569713
6,5,0.8183575306314745,0.5873239608239258
6,5,0.7683022860519122,0.5873239608239258
6,5,0.7683022860519122,0.5873239608239258
6,5,0.8183575306314745,0.5873239608239258
6,5,0.8183575306314745,0.6188141146908803
6,5,0.8183575306314745,0.5873239608239258
6,5,0.868412775211036,0.6188141146908803
6,5,0.8183575306314745,0.6188141146908803
6,5,0.8183575306314745,0.6188141146908803
6,5,0.868412775211036,0.6188141146908803
6,5,0.868412775211036,0.6503042685578349
6,5,0.868412775211036,0.6188141146908803
6,5,0.9184680197905983,0.6503042685578349
6,5,0.868412775211036,0.6503042685578349
6,5,0.868412775211036,0.6503042685578349
6,5,0.9184680197905983,0.6503042685578349
6,5,0.9184680197905983,0.6817944224247894
6,5,0.9184680197905983,0.6503042685578349
6,5,0.9685232643701607,0.6817944224247894
6,5,0.9184680197905983,0.6817944224247894
6,5,0.9184680197905983,0.6817944224247894
6,5,0.9685232643701607,0.6817944224247894
6,5,0.9685232643701607,0.7132845762917439
6,5,0.9685232643701607,0.6817944224247894
7,5,0.018578508949723016,0.7132845762917439
6,5,0.9685232643701607,0.7132845762917439
6,5,0.9685232643701607,0.7132845762917439
7,5,0.018578508949723016,0.7132845762917439
7,5,0.018578508949723016,0.7447747301586984
7,5,0.018578508949723016,0.7132845762917439
7,5,0.06863375352928536,0.7447747301586984
7,5,0.018578508949723016,0.7447747301586984
7,5,0.018578508949723016,0.7447747301586984
7,5,0.06863375352928536,0.7447747301586984
7,5,0.06863375352928536,0.7762648840256539
7,5,0.06863375352928536,0.7447747301586984
7,5,0.1186889981088477,0.7762648840256539
7,5,0.06863375352928536,0.7762648840256539
7,5,0.06863375352928536,0.7762648840256539
7,5,0.1186889981088477,0.7762648840256539
7,5,0.1186889981088477,0.8077550378926084
7,5,0.1186889981088477,0.7762648840256539
7,5,0.16874424268841004,0.8077550378926084
7,5,0.1186889981088477,0.8077550378926084
7,5,0.1186889981088477,0.8077550378926084
7,5,0.16874424268841004,0.8077550378926084
7,5,0.16874424268841004,0.8392451917595629
7,5,0.16874424268841004,0.8077550378926084
7,5,0.2187994872679715,0.8392451917595629
7,5,0.16874424268841004,0.8392451917595629
7,5,0.16874424268841004,0.8392451917595629
7,5,0.2187994872679715,0.8392451917595629
7,5,0.21879948726797238,0.8707353456265174
7,5,0.2187994872679715,0.8392451917595629
7,5,0.26885473184753383,0.8707353456265174
7,5,0.21879948726797238,0.8707353456265174
7,5,0.21879948726797238,0.8707353456265174
7,5,0.26885473184753383,0.8707353456265174
7,5,0.26885473184753383,0.902225499493472
7,5,0.26885473184753383,0.8707353456265174
7,5,0.3189099764270962,0.902225499493472
7,5,0.26885473184753383,0.902225499493472
7,5,0.26885473184753383,0.902225499493472
7,5,0.3189099764270962,0.902225499493472
7,5,0.3189099764270962,0.9337156533604265
7,5,0.3189099764270962,0.902225499493472
7,5,0.3689652210066585,0.9337156533604265
7,5,0.3189099764270962,0.9337156533604265
7,5,0.3189099764270962,0.9337156533604265
7,5,0.3689652210066585,0.9337156533604265
7,5,0.3689652210066585,0.965205807227381
6,5,0.7182470414723499,0.5243436530900167
6,5,0.7683022860519122,0.5243436530900167
6,5,0.7683022860519122,0.5558338069569713
6,5,0.7683022860519122,0.5243436530900167
6,5,0.8183575306314745,0.5558338069569713
6,5,0.7683022860519122,0.5558338069569713
6,5,0.7683022860519122,0.5558338069569713
6,5,0.8183575306314745,0.5558338069569713
6,5,0.8183575306314745,0.5873239608239258
6,5,0.8183575306314745,0.5558338069569713
6,5,0.868412775211036,0.5873239608239258
6,5,0.8183575306314745,0.5873239608239258
6,5,0.8183575306314745,0.5873239608239258
6,5,0.868412775211036,0.5873239608239258
6,5,0.868412775211036,0.6188141146908803
6,5,0.868412775211036,0.5873239608239258
6,5,0.9184680197905983,0.6188141146908803
6,5,0.868412775211036,0.6188141146908803
6,5,0.868412775211036,0.6188141146908803
6,5,0.9184680197905983,0.6188141146908803
6,5,0.9184680197905983,0.6503042685578349
6,5,0.9184680197905983,0.6188141146908803
6,5,0.9685232643701607,0.6503042685578349
6,5,0.9184680197905983,0.6503042685578349
6,5,0.9184680197905983,0.6503042685578349
6,5,0.9685232643701607,0.6503042685578349
6,5,0.9685232643701607,0.6817944224247894
6,5,0.9685232643701607,0.6503042685578349
7,5,0.018578508949723016,0.6817944224247894
6,5,0.9685232643701607,0.6817944224247894
6,5,0.9685232643701607,0.6817944224247894
7,5,0.018578508949723016,0.6817944224247894
7,5,0.018578508949723016,0.7132845762917439
7,5,0.018578508949723016,0.6817944224247894
7,5,0.06863375352928536,0.7132845762917439
7,5,0.018578508949723016,0.7132845762917439
7,5,0.018578508949723016,0.7132845762917439
7,5,0.06863375352928536,0.7132845762917439
7,5,0.06863375352928536,0.7447747301586984
7,5,0.06863375352928536,0.7132845762917439
7,5,0.1186889981088477,0.7447747301586984
7,5,0.06863375352928536,0.7447747301586984
7,5,0.06863375352928536,0.7447747301586984
7,5,0.1186889981088477,0.7447747301586984
7,5,0.1186889981088477,0.7762648840256539
7,5,0.1186889981088477,0.7447747301586984
7,5,0.16874424268841004,0.7762648840256539
7,5,0.1186889981088477,0.7762648840256539
7,5,0.1186889981088477,0.7762648840256539
7,5,0.16874424268841004,0.7762648840256539
7,5,0.16874424268841004,0.8077550378926084
7,5,0.16874424268841004,0.7762648840256539
7,5,0.21879948726797238,0.8077550378926084
7,5,0.16874424268841004,0.8077550378926084
7,5,0.16874424268841004,0.8077550378926084
7,5,0.21879948726797238,0.8077550378926084
7,5,0.2187994872679715,0.8392451917595629
7,5,0.21879948726797238,0.8077550378926084
7,5,0.26885473184753383,0.8392451917595629
7,5,0.2187994872679715,0.8392451917595629
7,5,0.2187994872679715,0.8392451917595629
7,5,0.26885473184753383,0.8392451917595629
7,5,0.26885473184753383,0.8707353456265174
7,5,0.26885473184753383,0.8392451917595629
7,5,0.3189099764270962,0.8707353456265174
7,5,0.26885473184753383,0.8707353456265174
7,5,0.26885473184753383,0.8707353456265174
7,5,0.3189099764270962,0.8707353456265174
7,5,0.3189099764270962,0.902225499493472
7,5,0.3189099764270962,0.8707353456265174
7,5,0.3689652210066585,0.902225499493472
7,5,0.3189099764270962,0.902225499493472
7,5,0.3189099764270962,0.902225499493472
7,5,0.3689652210066585,0.902225499493472
7,5,0.3689652210066585,0.9337156533604265
6,5,0.7683022860519122,0.5243436530900167
6,5,0.8183575306314745,0.5243436530900167
6,5,0.8183575306314745,0.5558338069569713
6,5,0.8183575306314745,0.5243436530900167
6,5,0.868412775211036,0.5558338069569713
6,5,0.8183575306314745,0.5558338069569713
6,5,0.8183575306314745,0.5558338069569713
6,5,0.868412775211036,0.5558338069569713
6,5,0.868412775211036,0.5873239608239258
6,5,0.868412775211036,0.5558338069569713
6,5,0.9184680197905983,0.5873239608239258
6,5,0.868412775211036,0.5873239608239258
6,5,0.868412775211036,0.5873239608239258
6,5,0.9184680197905983,0.5873239608239258
6,5,0.9184680197905983,0.6188141146908803
6,5,0.9184680197905983,0.5873239608239258
6,5,0.9685232643701607,0.6188141146908803
6,5,0.9184680197905983,0.6188141146908803
6,5,0.9184680197905983,0.6188141146908803
6,5,0.9685232643701607,0.6188141146908803
6,5,0.9685232643701607,0.6503042685578349
6,5,0.9685232643701607,0.6188141146908803
7,5,0.018578508949723016,0.6503042685578349
6,5,0.9685232643701607,0.6503042685578349
6,5,0.9685232643701607,0.6503042685578349
7,5,0.018578508949723016,0.6503042685578349
7,5,0.018578508949723016,0.6817944224247894
7,5,0.018578508949723016,0.6503042685578349
7,5,0.06863375352928536,0.6817944224247894
7,5,0.018578508949723016,0.6817944224247894
7,5,0.018578508949723016,0.6817944224247894
7,5,0.06863375352928536,0.6817944224247894
7,5,0.06863375352928536,0.7132845762917439
7,5,0.06863375352928536,0.6817944224247894
7,5,0.1186889981088477,0.7132845762917439
7,5,0.06863375352928536,0.7132845762917439
7,5,0.06863375352928536,0.7132845762917439
7,5,0.1186889981088477,0.7132845762917439
7,5,0.1186889981088477,0.7447747301586984
7,5,0.1186889981088477,0.7132845762917439
7,5,0.16874424268841004,0.7447747301586984
7,5,0.1186889981088477,0.7447747301586984
7,5,0.1186889981088477,0.7447747301586984
7,5,0.16874424268841004,0.7447747301586984
7,5,0.16874424268841004,0.7762648840256539
7,5,0.16874424268841004,0.7447747301586984
7,5,0.2187994872679715,0.7762648840256539
7,5,0.16874424268841004,0.7762648840256539
7,5,0.16874424268841004,0.7762648840256539
7,5,0.2187994872679715,0.7762648840256539
7,5,0.21879948726797238,0.8077550378926084
7,5,0.2187994872679715,0.7762648840256539
7,5,0.26885473184753383,0.8077550378926084
7,5,0.21879948726797238,0.8077550378926084
7,5,0.21879948726797238,0.8077550378926084
7,5,0.26885473184753383,0.8077550378926084
7,5,0.26885473184753383,0.8392451917595629
7,5,0.26885473184753383,0.8077550378926084
7,5,0.3189099764270962,0.8392451917595629
7,5,0.26885473184753383,0.8392451917595629
7,5,0.26885473184753383,0.8392451917595629
7,5,0.3189099764270962,0.8392451917595629
7,5,0.3189099764270962,0.8707353456265174
7,5,0.3189099764270962,0.8392451917595629
7,5,0.3689652210066585,0.8707353456265174
7,5,0.3189099764270962,0.8707353456265174
7,5,0.3189099764270962,0.8707353456265174
7,5,0.3689652210066585,0.8707353456265174
7,5,0.3689652210066585,0.902225499493472
6,5,0.8183575306314745,0.5243436530900167
6,5,0.868412775211036,0.5243436530900167
6,5,0.868412775211036,0.5558338069569713
6,5,0.868412775211036,0.5243436530900167
6,5,0.9184680197905983,0.5558338069569713
6,5,0.868412775211036,0.5558338069569713
6,5,0.868412775211036,0.5558338069569713
6,5,0.9184680197905983,0.5558338069569713
6,5,0.9184680197905983,0.5873239608239258
6,5,0.9184680197905983,0.5558338069569713
6,5,0.9685232643701607,0.5873239608239258
6,5,0.9184680197905983,0.5873239608239258
6,5,0.9184680197905983,0.5873239608239258
6,5,0.9685232643701607,0.5873239608239258
6,5,0.9685232643701607,0.6188141146908803
6,5,0.9685232643701607,0.5873239608239258
7,5,0.018578508949723016,0.6188141146908803
6,5,0.9685232643701607,0.6188141146908803
6,5,0.9685232643701607,0.6188141146908803
7,5,0.018578508949723016,0.6188141146908803
7,5,0.018578508949723016,0.6503042685578349
7,5,0.018578508949723016,0.6188141146908803
7,5,0.06863375352928536,0.6503042685578349
7,5,0.018578508949723016,0.6503042685578349
7,5,0.018578508949723016,0.6503042685578349
7,5,0.06863375352928536,0.6503042685578349
7,5,0.06863375352928536,0.6817944224247894
7,5,0.06863375352928536,0.6503042685578349
7,5,0.1186889981088477,0.6817944224247894
7,5,0.06863375352928536,0.6817944224247894
7,5,0.06863375352928536,0.6817944224247894
7,5,0.1186889981088477,0.6817944224247894
7,5,0.1186889981088477,0.7132845762917439
7,5,0.1186889981088477,0.6817944224247894
7,5,0.16874424268841004,0.7132845762917439
7,5,0.1186889981088477,0.7132845762917439
7,5,0.1186889981088477,0.7132845762917439
7,5,0.16874424268841004,0.7132845762917439
7,5,0.16874424268841004,0.7447747301586984
7,5,0.16874424268841004,0.7132845762917439
7,5,0.2187994872679715,0.7447747301586984
7,5,0.16874424268841004,0.7447747301586984
7,5,0.16874424268841004,0.7447747301586984
7,5,0.2187994872679715,0.7447747301586984
7,5,0.2187994872679715,0.7762648840256539
7,5,0.2187994872679715,0.7447747301586984
7,5,0.26885473184753383,0.7762648840256539
7,5,0.2187994872679715,0.7762648840256539
7,5,0.2187994872679715,0.7762648840256539
7,5,0.26885473184753383,0.7762648840256539
7,5,0.26885473184753383,0.8077550378926084
7,5,0.26885473184753383,0.7762648840256539
7,5,0.3189099764270962,0.8077550378926084
7,5,0.26885473184753383,0.8077550378926084
7,5,0.26885473184753383,0.8077550378926084
7,5,0.3189099764270962,0.8077550378926084
7,5,0.3189099764270962,0.8392451917595629
7,5,0.3189099764270962,0.8077550378926084
7,5,0.3689652210066585,0.8392451917595629
7,5,0.3189099764270962,0.8392451917595629
7,5,0.3189099764270962,0.8392451917595629
7,5,0.3689652210066585,0.8392451917595629
7,5,0.3689652210066585,0.8707353456265174
6,5,0.868412775211036,0.5243436530900167
6,5,0.9184680197905983,0.5243436530900167
6,5,0.9184680197905983,0.5558338069569713
6,5,0.9184680197905983,0.5243436530900167
6,5,0.9685232643701607,0.5558338069569713
6,5,0.9184680197905983,0.5558338069569713
6,5,0.9184680197905983,0.5558338069569713
6,5,0.9685232643701607,0.5558338069569713
6,5,0.9685232643701607,0.5873239608239258
6,5,0.9685232643701607,0.5558338069569713
7,5,0.018578508949723016,0.5873239608239258
6,5,0.9685232643701607,0.5873239608239258
6,5,0.9685232643701607,0.5873239608239258
7,5,0.018578508949723016,0.5873239608239258
7,5,0.018578508949723016,0.6188141146908803
7,5,0.018578508949723016,0.5873239608239258
7,5,0.06863375352928536,0.6188141146908803
7,5,0.018578508949723016,0.6188141146908803
7,5,0.018578508949723016,0.6188141146908803
7,5,0.06863375352928536,0.6188141146908803
7,5,0.06863375352928536,0.6503042685578349
7,5,0.06863375352928536,0.6188141146908803
7,5,0.1186889981088477,0.6503042685578349
7,5,0.06863375352928536,0.6503042685578349
7,5,0.06863375352928536,0.6503042685578349
7,5,0.1186889981088477,0.6503042685578349
7,5,0.1186889981088477,0.6817944224247894
7,5,0.1186889981088477,0.6503042685578349
7,5,0.16874424268841004,0.6817944224247894
7,5,0.1186889981088477,0.6817944224247894
7,5,0.1186889981088477,0.6817944224247894
7,5,0.16874424268841004,0.6817944224247894
7,5,0.16874424268841004,0.7132845762917439
7,5,0.16874424268841004,0.6817944224247894
7,5,0.2187994872679715,0.7132845762917439
7,5,0.16874424268841004,0.7132845762917439
7,5,0.16874424268841004,0.7132845762917439
7,5,0.2187994872679715,0.7132845762917439
7,5,0.2187994872679715,0.7447747301586984
7,5,0.2187994872679715,0.7132845762917439
7,5,0.26885473184753383,0.7447747301586984
7,5,0.2187994872679715,0.7447747301586984
7,5,0.2187994872679715,0.7447747301586984
7,5,0.26885473184753383,0.7447747301586984
7,5,0.26885473184753383,0.7762648840256539
7,5,0.26885473184753383,0.7447747301586984
7,5,0.3189099764270962,0.7762648840256539
7,5,0.26885473184753383,0.7762648840256539
7,5,0.26885473184753383,0.7762648840256539
7,5,0.3189099764270962,0.7762648840256539
7,5,0.3189099764270962,0.8077550378926084
7,5,0.3189099764270962,0.7762648840256539
7,5,0.3689652210066585,0.8077550378926084
7,5,0.3189099764270962,0.8077550378926084
7,5,0.3189099764270962,0.8077550378926084
7,5,0.3689652210066585,0.8077550378926084
7,5,0.3689652210066585,0.8392451917595629
6,5,0.9184680197905983,0.5243436530900167
6,5,0.9685232643701607,0.5243436530900167
6,5,0.9685232643701607,0.5558338069569713
6,5,0.9685232643701607,0.5243436530900167
7,5,0.018578508949723016,0.5558338069569713
6,5,0.9685232643701607,0.5558338069569713
6,5,0.9685232643701607,0.5558338069569713
7,5,0.018578508949723016,0.5558338069569713
7,5,0.018578508949723016,0.5873239608239258
7,5,0.018578508949723016,0.5558338069569713
7,5,0.06863375352928536,0.5873239608239258
7,5,0.018578508949723016,0.5873239608239258
7,5,0.018578508949723016,0.5873239608239258
7,5,0.06863375352928536,0.5873239608239258
7,5,0.06863375352928536,0.6188141146908803
7,5,0.06863375352928536,0.5873239608239258
7,5,0.1186889981088477,0.6188141146908803
7,5,0.06863375352928536,0.6188141146908803
7,5,0.06863375352928536,0.6188141146908803
7,5,0.1186889981088477,0.6188141146908803
7,5,0.1186889981088477,0.6503042685578349
7,5,0.1186889981088477,0.6188141146908803
7,5,0.16874424268841004,0.6503042685578349
7,5,0.1186889981088477,0.6503042685578349
7,5,0.1186889981088477,0.6503042685578349
7,5,0.16874424268841004,0.6503042685578349
7,5,0.16874424268841004,0.6817944224247894
7,5,0.16874424268841004,0.6503042685578349
7,5,0.21879948726797238,0.6817944224247894
7,5,0.16874424268841004,0.6817944224247894
7,5,0.16874424268841004,0.6817944224247894
7,5,0.21879948726797238,0.6817944224247894
7,5,0.2187994872679715,0.7132845762917439
7,5,0.21879948726797238,0.6817944224247894
7,5,0.26885473184753383,0.7132845762917439
7,5,0.2187994872679715,0.7132845762917439
7,5,0.2187994872679715,0.7132845762917439
7,5,0.26885473184753383,0.7132845762917439
7,5,0.26885473184753383,0.7447747301586984
7,5,0.26885473184753383,0.7132845762917439
7,5,0.3189099764270962,0.7447747301586984
7,5,0.26885473184753383,0.7447747301586984
7,5,0.26885473184753383,0.7447747301586984
7,5,0.3189099764270962,0.7447747301586984
7,5,0.3189099764270962,0.7762648840256539
7,5,0.3189099764270962,0.7447747301586984
7,5,0.3689652210066585,0.7762648840256539
7,5,0.3189099764270962,0.7762648840256539
7,5,0.3189099764270962,0.7762648840256539
7,5,0.3689652210066585,0.7762648840256539
7,5,0.3689652210066585,0.8077550378926084
6,5,0.9685232643701607,0.5243436530900167
7,5,0.018578508949723016,0.5243436530900167
7,5,0.018578508949723016,0.5558338069569713
7,5,0.018578508949723016,0.5243436530900167
7,5,0.06863375352928536,0.5558338069569713
7,5,0.018578508949723016,0.5558338069569713
7,5,0.018578508949723016,0.5558338069569713
7,5,0.06863375352928536,0.5558338069569713
7,5,0.06863375352928536,0.5873239608239258
7,5,0.06863375352928536,0.5558338069569713
7,5,0.1186889981088477,0.5873239608239258
7,5,0.06863375352928536,0.5873239608239258
7,5,0.06863375352928536,0.5873239608239258
7,5,0.1186889981088477,0.5873239608239258
7,5,0.1186889981088477,0.6188141146908803
7,5,0.1186889981088477,0.5873239608239258
7,5,0.16874424268841004,0.6188141146908803
7,5,0.1186889981088477,0.6188141146908803
7,5,0.1186889981088477,0.6188141146908803
7,5,0.16874424268841004,0.6188141146908803
7,5,0.16874424268841004,0.6503042685578349
7,5,0.16874424268841004,0.6188141146908803
7,5,0.2187994872679715,0.6503042685578349
7,5,0.16874424268841004,0.6503042685578349
7,5,0.16874424268841004,0.6503042685578349
7,5,0.2187994872679715,0.6503042685578349
7,5,0.21879948726797238,0.6817944224247894
7,5,0.2187994872679715,0.6503042685578349
7,5,0.26885473184753383,0.6817944224247894
7,5,0.21879948726797238,0.6817944224247894
7,5,0.21879948726797238,0.6817944224247894
7,5,0.26885473184753383,0.6817944224247894
7,5,0.26885473184753383,0.7132845762917439
7,5,0.26885473184753383,0.6817944224247894
7,5,0.3189099764270962,0.7132845762917439
7,5,0.26885473184753383,0.7132845762917439
7,5,0.26885473184753383,0.7132845762917439
7,5,0.3189099764270962,0.7132845762917439
7,5,0.3189099764270962,0.7447747301586984
7,5,0.3189099764270962,0.7132845762917439
7,5,0.3689652210066585,0.7447747301586984
7,5,0.3189099764270962,0.7447747301586984
7,5,0.3189099764270962,0.7447747301586984
7,5,0.3689652210066585,0.7447747301586984
7,5,0.3689652210066585,0.7762648840256539
7,5,0.018578508949723016,0.5243436530900167
7,5,0.06863375352928536,0.5243436530900167
7,5,0.06863375352928536,0.5558338069569713
7,5,0.06863375352928536,0.5243436530900167
7,5,0.1186889981088477,0.5558338069569713
7,5,0.06863375352928536,0.5558338069569713
7,5,0.06863375352928536,0.5558338069569713
7,5,0.1186889981088477,0.5558338069569713
7,5,0.1186889981088477,0.5873239608239258
7,5,0.1186889981088477,0.5558338069569713
7,5,0.16874424268841004,0.5873239608239258
7,5,0.1186889981088477,0.5873239608239258
7,5,0.1186889981088477,0.5873239608239258
7,5,0.16874424268841004,0.5873239608239258
7,5,0.16874424268841004,0.6188141146908803
7,5,0.16874424268841004,0.5873239608239258
7,5,0.2187994872679715,0.6188141146908803
7,5,0.16874424268841004,0.6188141146908803
7,5,0.16874424268841004,0.6188141146908803
7,5,0.2187994872679715,0.6188141146908803
7,5,0.2187994872679715,0.6503042685578349
7,5,0.2187994872679715,0.6188141146908803
7,5,0.26885473184753383,0.6503042685578349
7,5,0.2187994872679715,0.6503042685578349
7,5,0.2187994872679715,0.6503042685578349
7,5,0.26885473184753383,0.6503042685578349
7,5,0.26885473184753383,0.6817944224247894
7,5,0.26885473184753383,0.6503042685578349
7,5,0.3189099764270962,0.6817944224247894
7,5,0.26885473184753383,0.6817944224247894
7,5,0.26885473184753383,0.6817944224247894
7,5,0.3189099764270962,0.6817944224247894
7,5,0.3189099764270962,0.7132845762917439
7,5,0.3189099764270962,0.6817944224247894
7,5,0.3689652210066585,0.7132845762917439
7,5,0.3189099764270962,0.7132845762917439
7,5,0.3189099764270962,0.7132845762917439
7,5,0.3689652210066585,0.7132845762917439
7,5,0.3689652210066585,0.7447747301586984
7,5,0.06863375352928536,0.5243436530900167
7,5,0.1186889981088477,0.5243436530900167
7,5,0.1186889981088477,0.5558338069569713
7,5,0.1186889981088477,0.5243436530900167
7,5,0.16874424268841004,0.5558338069569713
7,5,0.1186889981088477,0.5558338069569713
7,5,0.1186889981088477,0.5558338069569713
7,5,0.16874424268841004,0.5558338069569713
7,5,0.16874424268841004,0.5873239608239258
7,5,0.16874424268841004,0.5558338069569713
7,5,0.2187994872679715,0.5873239608239258
7,5,0.16874424268841004,0.5873239608239258
7,5,0.16874424268841004,0.5873239608239258
7,5,0.2187994872679715,0.5873239608239258
7,5,0.2187994872679715,0.6188141146908803
7,5,0.2187994872679715,0.5873239608239258
7,5,0.26885473184753383,0.6188141146908803
7,5,0.2187994872679715,0.6188141146908803
7,5,0.2187994872679715,0.6188141146908803
7,5,0.26885473184753383,0.6188141146908803
7,5,0.26885473184753383,0.6503042685578349
7,5,0.26885473184753383,0.6188141146908803
7,5,0.3189099764270962,0.6503042685578349
7,5,0.26885473184753383,0.6503042685578349
7,5,0.26885473184753383,0.6503042685578349
7,5,0.3189099764270962,0.6503042685578349
7,5,0.3189099764270962,0.6817944224247894
7,5,0.3189099764270962,0.6503042685578349
7,5,0.3689652210066585,0.6817944224247894
7,5,0.3189099764270962,0.6817944224247894
7,5,0.3189099764270962,0.6817944224247894
7,5,0.3689652210066585,0.6817944224247894
7,5,0.3689652210066585,0.7132845762917439
7,5,0.1186889981088477,0.5243436530900167
7,5,0.16874424268841004,0.5243436530900167
7,5,0.16874424268841004,0.5558338069569713
7,5,0.16874424268841004,0.5243436530900167
7,5,0.2187994872679715,0.5558338069569713
7,5,0.16874424268841004,0.5558338069569713
7,5,0.16874424268841004,0.5558338069569713
7,5,0.2187994872679715,0.5558338069569713
7,5,0.2187994872679715,0.5873239608239258
7,5,0.2187994872679715,0.5558338069569713
7,5,0.26885473184753383,0.5873239608239258
7,5,0.2187994872679715,0.5873239608239258
7,5,0.2187994872679715,0.5873239608239258
7,5,0.26885473184753383,0.5873239608239258
7,5,0.26885473184753383,0.6188141146908803
7,5,0.26885473184753383,0.5873239608239258
7,5,0.3189099764270962,0.6188141146908803
7,5,0.26885473184753383,0.6188141146908803
7,5,0.26885473184753383,0.6188141146908803
7,5,0.3189099764270962,0.6188141146908803
7,5,0.3189099764270962,0.6503042685578349
7,5,0.3189099764270962,0.6188141146908803
7,5,0.3689652210066585,0.6503042685578349
7,5,0.3189099764270962,0.6503042685578349
7,5,0.3189099764270962,0.6503042685578349
7,5,0.3689652210066585,0.6503042685578349
7,5,0.3689652210066585,0.6817944224247894
7,5,0.16874424268841004,0.5243436530900167
7,5,0.2187994872679715,0.5243436530900167
7,5,0.2187994872679715,0.5558338069569713
7,5,0.2187994872679715,0.5243436530900167
7,5,0.26885473184753383,0.5558338069569713
7,5,0.2187994872679715,0.5558338069569713
7,5,0.2187994872679715,0.5558338069569713
7,5,0.26885473184753383,0.5558338069569713
7,5,0.26885473184753383,0.5873239608239258
7,5,0.26885473184753383,0.5558338069569713
7,5,0.3189099764270962,0.5873239608239258
7,5,0.26885473184753383,0.5873239608239258
7,5,0.26885473184753383,0.5873239608239258
7,5,0.3189099764270962,0.5873239608239258
7,5,0.3189099764270962,0.6188141146908803
7,5,0.3189099764270962,0.5873239608239258
7,5,0.3689652210066585,0.6188141146908803
7,5,0.3189099764270962,0.6188141146908803
7,5,0.3189099764270962,0.6188141146908803
7,5,0.3689652210066585,0.6188141146908803
7,5,0.3689652210066585,0.6503042685578349
7,5,0.2187994872679715,0.5243436530900167
7,5,0.26885473184753383,0.5243436530900167
7,5,0.26885473184753383,0.5558338069569713
7,5,0.26885473184753383,0.5243436530900167
7,5,0.3189099764270962,0.5558338069569713
7,5,0.26885473184753383,0.5558338069569713
7,5,0.26885473184753383,0.5558338069569713
7,5,0.3189099764270962,0.5558338069569713
7,5,0.3189099764270962,0.5873239608239258
7,5,0.3189099764270962,0.5558338069569713
7,5,0.3689652210066585,0.5873239608239258
7,5,0.3189099764270962,0.5873239608239258
7,5,0.3189099764270962,0.5873239608239258
7,5,0.3689652210066585,0.5873239608239258
7,5,0.3689652210066585,0.6188141146908803
7,5,0.26885473184753383,0.5243436530900167
7,5,0.3189099764270962,0.5243436530900167
7,5,0.3189099764270962,0.5558338069569713
7,5,0.3189099764270962,0.5243436530900167
7,5,0.3689652210066585,0.5558338069569713
7,5,0.3189099764270962,0.5558338069569713
7,5,0.3189099764270962,0.5558338069569713
7,5,0.3689652210066585,0.5558338069569713
7,5,0.3689652210066585,0.5873239608239258
7,5,0.3189099764270962,0.5243436530900167
7,5,0.3689652210066585,0.5243436530900167
7,5,0.3689652210066585,0.5558338069569713
7,5,0.3600000000000003,0.7999999999999998
7,5,0.26095719310693877,0.6979368892127207
7,5,0.26095719310693877,0.902063110787279
7,5,0.45904280689306187,0.6979368892127207
7,5,0.45904280689306187,0.902063110787279
7,5,0.5344898464149974,0.9964301377541602
7,5,0.4954490338850146,0.9964301377541602
7,5,0.4954490338850146,0.9537039298815859
7,5,0.4954490338850146,0.9964301377541602
7,5,0.4564082213550318,0.9537039298815859
7,5,0.4954490338850146,0.9537039298815859
7,5,0.4954490338850146,0.9537039298815859
7,5,0.4564082213550318,0.9537039298815859
7,5,0.4564082213550318,0.9109777220090116
7,5,0.4564082213550318,0.9537039298815859
7,5,0.41736740882504897,0.9109777220090116
7,5,0.4564082213550318,0.9109777220090116
7,5,0.4564082213550318,0.9109777220090116
7,5,0.41736740882504897,0.9109777220090116
7,5,0.41736740882504897,0.8682515141364382
7,5,0.41736740882504897,0.9109777220090116
7,5,0.37832659629506615,0.8682515141364382
7,5,0.41736740882504897,0.8682515141364382
7,5,0.41736740882504897,0.8682515141364382
7,5,0.37832659629506615,0.8682515141364382
7,5,0.37832659629506615,0.8255253062638639
7,5,0.37832659629506615,0.8682515141364382
7,5,0.3392857837650842,0.8255253062638639
7,5,0.37832659629506615,0.8255253062638639
7,5,0.37832659629506615,0.8255253062638639
7,5,0.3392857837650842,0.8255253062638639
7,5,0.3392857837650842,0.7827990983912896
7,5,0.3392857837650842,0.8255253062638639
7,5,0.3002449712351014,0.7827990983912896
7,5,0.3392857837650842,0.7827990983912896
7,5,0.3392857837650842,0.7827990983912896
7,5,0.3002449712351014,0.7827990983912896
7,5,0.3002449712351014,0.7400728905187153
7,5,0.3002449712351014,0.7827990983912896
7,5,0.2612041587051186,0.7400728905187153
7,5,0.3002449712351014,0.7400728905187153
7,5,0.3002449712351014,0.7400728905187153
7,5,0.2612041587051186,0.7400728905187153
7,5,0.2612041587051186,0.697346682646141
7,5,0.2612041587051186,0.7400728905187153
7,5,0.22216334617513578,0.697346682646141
7,5,0.2612041587051186,0.697346682646141
7,5,0.2612041587051186,0.697346682646141
7,5,0.22216334617513578,0.697346682646141
7,5,0.22216334617513578,0.6546204747735667
7,5,0.22216334617513578,0.697346682646141
7,5,0.18312253364515296,0.6546204747735667
7,5,0.22216334617513578,0.6546204747735667
7,5,0.22216334617513578,0.6546204747735667
7,5,0.18312253364515296,0.6546204747735667
7,5,0.18312253364515296,0.6118942669009924
7,5,0.4954490338850146,0.9964301377541602
7,5,0.4564082213550318,0.9964301377541602
7,5,0.4564082213550318,0.9537039298815859
7,5,0.4564082213550318,0.9964301377541602
7,5,0.41736740882504897,0.9537039298815859
7,5,0.4564082213550318,0.9537039298815859
7,5,0.4564082213550318,0.9537039298815859
7,5,0.41736740882504897,0.9537039298815859
7,5,0.41736740882504897,0.9109777220090116
7,5,0.41736740882504897,0.9537039298815859
7,5,0.37832659629506615,0.9109777220090116
7,5,0.41736740882504897,0.9109777220090116
7,5,0.41736740882504897,0.9109777220090116
7,5,0.37832659629506615,0.9109777220090116
7,5,0.37832659629506615,0.8682515141364382
7,5,0.37832659629506615,0.9109777220090116
7,5,0.3392857837650842,0.8682515141364382
7,5,0.37832659629506615,0.8682515141364382
7,5,0.37832659629506615,0.8682515141364382
7,5,0.3392857837650842,0.8682515141364382
7,5,0.3392857837650842,0.8255253062638639
7,5,0.3392857837650842,0.8682515141364382
7,5,0.3002449712351014,0.8255253062638639
7,5,0.3392857837650842,0.8255253062638639
7,5,0.3392857837650842,0.8255253062638639
7,5,0.3002449712351014,0.8255253062638639
7,5,0.3002449712351014,0.7827990983912896
7,5,0.3002449712351014,0.8255253062638639
7,5,0.2612041587051186,0.7827990983912896
7,5,0.3002449712351014,0.7827990983912896
7,5,0.3002449712351014,0.7827990983912896
7,5,0.2612041587051186,0.7827990983912896
7,5,0.2612041587051186,0.7400728905187153
7,5,0.2612041587051186,0.7827990983912896
7,5,0.22216334617513578,0.7400728905187153
7,5,0.2612041587051186,0.7400728905187153
7,5,0.2612041587051186,0.7400728905187153
7,5,0.22216334617513578,0.7400728905187153
7,5,0.22216334617513578,0.697346682646141
7,5,0.22216334617513578,0.7400728905187153
7,5,0.18312253364515296,0.697346682646141
7,5,0.22216334617513578,0.697346682646141
7,5,0.22216334617513578,0.697346682646141
7,5,0.18312253364515296,0.697346682646141
7,5,0.18312253364515296,0.6546204747735667
7,5,0.4564082213550318,0.9964301377541602
7,5,0.41736740882504897,0.9964301377541602
7,5,0.41736740882504897,0.9537039298815859
7,5,0.41736740882504897,0.9964301377541602
7,5,0.37832659629506615,0.9537039298815859
7,5,0.41736740882504897,0.9537039298815859
7,5,0.41736740882504897,0.9537039298815859
7,5,0.37832659629506615,0.9537039298815859
7,5,0.37832659629506615,0.9109777220090116
7,5,0.37832659629506615,0.9537039298815859
7,5,0.3392857837650842,0.9109777220090116
7,5,0.37832659629506615,0.9109777220090116
7,5,0.37832659629506615,0.9109777220090116
7,5,0.3392857837650842,0.9109777220090116
7,5,0.3392857837650842,0.8682515141364382
7,5,0.3392857837650842,0.9109777220090116
7,5,0.3002449712351014,0.8682515141364382
7,5,0.3392857837650842,0.8682515141364382
7,5,0.3392857837650842,0.8682515141364382
7,5,0.3002449712351014,0.8682515141364382
7,5,0.3002449712351014,0.8255253062638639
7,5,0.3002449712351014,0.8682515141364382
7,5,0.2612041587051186,0.8255253062638639
7,5,0.3002449712351014,0.8255253062638639
7,5,0.3002449712351014,0.8255253062638639
7,5,0.2612041587051186,0.8255253062638639
7,5,0.2612041587051186,0.7827990983912896
7,5,0.2612041587051186,0.8255253062638639
7,5,0.22216334617513578,0.7827990983912896
7,5,0.2612041587051186,0.7827990983912896
7,5,0.2612041587051186,0.7827990983912896
7,5,0.22216334617513578,0.7827990983912896
7,5,0.22216334617513578,0.7400728905187153
7,5,0.22216334617513578,0.7827990983912896
7,5,0.18312253364515296,0.7400728905187153
7,5,0.22216334617513578,0.7400728905187153
7,5,0.22216334617513578,0.7400728905187153
7,5,0.18312253364515296,0.7400728905187153
7,5,0.18312253364515296,0.697346682646141
7,5,0.41736740882504897,0.9964301377541602
7,5,0.37832659629506615,0.9964301377541602
7,5,0.37832659629506615,0.9537039298815859
7,5,0.37832659629506615,0.9964301377541602
7,5,0.3392857837650842,0.9537039298815859
7,5,0.37832659629506615,0.9537039298815859
7,5,0.37832659629506615,0.9537039298815859
7,5,0.3392857837650842,0.9537039298815859
7,5,0.3392857837650842,0.9109777220090116
7,5,0.3392857837650842,0.9537039298815859
7,5,0.3002449712351014,0.9109777220090116
7,5,0.3392857837650842,0.9109777220090116
7,5,0.3392857837650842,0.9109777220090116
7,5,0.3002449712351014,0.9109777220090116
7,5,0.3002449712351014,0.8682515141364382
7,5,0.3002449712351014,0.9109777220090116
7,5,0.2612041587051186,0.8682515141364382
7,5,0.3002449712351014,0.8682515141364382
7,5,0.3002449712351014,0.8682515141364382
7,5,0.2612041587051186,0.8682515141364382
7,5,0.2612041587051186,0.8255253062638639
7,5,0.2612041587051186,0.8682515141364382
7,5,0.22216334617513578,0.8255253062638639
7,5,0.2612041587051186,0.8255253062638639
7,5,0.2612041587051186,0.8255253062638639
7,5,0.22216334617513578,0.8255253062638639
7,5,0.22216334617513578,0.7827990983912896
7,5,0.22216334617513578,0.8255253062638639
7,5,0.18312253364515296,0.7827990983912896
7,5,0.22216334617513578,0.7827990983912896
7,5,0.22216334617513578,0.7827990983912896
7,5,0.18312253364515296,0.7827990983912896
7,5,0.18312253364515296,0.7400728905187153
7,5,0.37832659629506615,0.9964301377541602
7,5,0.3392857837650842,0.9964301377541602
7,5,0.3392857837650842,0.9537039298815859
7,5,0.3392857837650842,0.9964301377541602
7,5,0.3002449712351014,0.9537039298815859
7,5,0.3392857837650842,0.9537039298815859
7,5,0.3392857837650842,0.9537039298815859
7,5,0.3002449712351014,0.9537039298815859
7,5,0.3002449712351014,0.9109777220090116
7,5,0.3002449712351014,0.9537039298815859
7,5,0.2612041587051186,0.9109777220090116
7,5,0.3002449712351014,0.9109777220090116
7,5,0.3002449712351014,0.9109777220090116
7,5,0.2612041587051186,0.9109777220090116
7,5,0.2612041587051186,0.8682515141364382
7,5,0.2612041587051186,0.9109777220090116
7,5,0.22216334617513578,0.8682515141364382
7,5,0.2612041587051186,0.8682515141364382
7,5,0.2612041587051186,0.8682515141364382
7,5,0.22216334617513578,0.8682515141364382
7,5,0.22216334617513578,0.8255253062638639
7,5,0.22216334617513578,0.8682515141364382
7,5,0.18312253364515296,0.8255253062638639
7,5,0.22216334617513578,0.8255253062638639
7,5,0.22216334617513578,0.8255253062638639
7,5,0.18312253364515296,0.8255253062638639
7,5,0.18312253364515296,0.7827990983912896
7,5,0.3392857837650842,0.9964301377541602
7,5,0.3002449712351014,0.9964301377541602
7,5,0.3002449712351014,0.9537039298815859
7,5,0.3002449712351014,0.9964301377541602
7,5,0.2612041587051186,0.9537039298815859
7,5,0.3002449712351014,0.9537039298815859
7,5,0.3002449712351014,0.9537039298815859
7,5,0.2612041587051186,0.9537039298815859
7,5,0.2612041587051186,0.9109777220090116
7,5,0.2612041587051186,0.9537039298815859
7,5,0.22216334617513578,0.9109777220090116
7,5,0.2612041587051186,0.9109777220090116
7,5,0.2612041587051186,0.9109777220090116
7,5,0.22216334617513578,0.9109777220090116
7,5,0.22216334617513578,0.8682515141364382
7,5,0.22216334617513578,0.9109777220090116
7,5,0.18312253364515296,0.8682515141364382
7,5,0.22216334617513578,0.8682515141364382
7,5,0.22216334617513578,0.8682515141364382
7,5,0.18312253364515296,0.8682515141364382
7,5,0.18312253364515296,0.8255253062638639
7,5,0.3002449712351014,0.9964301377541602
7,5,0.2612041587051186,0.9964301377541602
7,5,0.2612041587051186,0.9537039298815859
7,5,0.2612041587051186,0.9964301377541602
7,5,0.22216334617513578,0.9537039298815859
7,5,0.2612041587051186,0.9537039298815859
7,5,0.2612041587051186,0.9537039298815859
7,5,0.22216334617513578,0.9537039298815859
7,5,0.22216334617513578,0.9109777220090116
7,5,0.22216334617513578,0.9537039298815859
7,5,0.18312253364515296,0.9109777220090116
7,5,0.22216334617513578,0.9109777220090116
7,5,0.22216334617513578,0.9109777220090116
7,5,0.18312253364515296,0.9109777220090116
7,5,0.18312253364515296,0.8682515141364382
7,5,0.2612041587051186,0.9964301377541602
7,5,0.22216334617513578,0.9964301377541602
7,5,0.22216334617513578,0.9537039298815859
7,5,0.22216334617513578,0.9964301377541602
7,5,0.18312253364515296,0.9537039298815859
7,5,0.22216334617513578,0.9537039298815859
7,5,0.22216334617513578,0.9537039298815859
7,5,0.18312253364515296,0.9537039298815859
7,5,0.18312253364515296,0.9109777220090116
7,5,0.22216334617513578,0.9964301377541602
7,5,0.18312253364515296,0.9964301377541602
7,5,0.18312253364515296,0.9537039298815859
7,5,0.18312253364515296,0.6118942669009924
7,5,0.22216334617513578,0.6118942669009924
7,5,0.22216334617513578,0.6546204747735667
7,5,0.22216334617513578,0.6118942669009924
7,5,0.2612041587051186,0.6546204747735667
7,5,0.22216334617513578,0.6546204747735667
7,5,0.22216334617513578,0.6546204747735667
7,5,0.2612041587051186,0.6546204747735667
7,5,0.2612041587051186,0.697346682646141
7,5,0.2612041587051186,0.6546204747735667
7,5,0.3002449712351014,0.697346682646141
7,5,0.2612041587051186,0.697346682646141
7,5,0.2612041587051186,0.697346682646141
7,5,0.3002449712351014,0.697346682646141
7,5,0.3002449712351014,0.7400728905187153
7,5,0.3002449712351014,0.697346682646141
7,5,0.3392857837650842,0.7400728905187153
7,5,0.3002449712351014,0.7400728905187153
7,5,0.3002449712351014,0.7400728905187153
7,5,0.3392857837650842,0.7400728905187153
7,5,0.3392857837650842,0.7827990983912896
7,5,0.3392857837650842,0.7400728905187153
7,5,0.37832659629506615,0.7827990983912896
7,5,0.3392857837650842,0.7827990983912896
7,5,0.3392857837650842,0.7827990983912896
7,5,0.37832659629506615,0.7827990983912896
7,5,0.37832659629506615,0.8255253062638639
7,5,0.37832659629506615,0.7827990983912896
7,5,0.41736740882504897,0.8255253062638639
7,5,0.37832659629506615,0.8255253062638639
7,5,0.37832659629506615,0.8255253062638639
7,5,0.41736740882504897,0.8255253062638639
7,5,0.41736740882504897,0.8682515141364382
7,5,0.41736740882504897,0.8255253062638639
7,5,0.4564082213550318,0.8682515141364382
7,5,0.41736740882504897,0.8682515141364382
7,5,0.41736740882504897,0.8682515141364382
7,5,0.4564082213550318,0.8682515141364382
7,5,0.4564082213550318,0.9109777220090116
7,5,0.4564082213550318,0.8682515141364382
7,5,0.4954490338850146,0.9109777220090116
7,5,0.4564082213550318,0.9109777220090116
7,5,0.4564082213550318,0.9109777220090116
7,5,0.4954490338850146,0.9109777220090116
7,5,0.4954490338850146,0.9537039298815859
7,5,0.4954490338850146,0.9109777220090116
7,5,0.5344898464149974,0.9537039298815859
7,5,0.4954490338850146,0.9537039298815859
7,5,0.4954490338850146,0.9537039298815859
7,5,0.5344898464149974,0.9537039298815859
7,5,0.5344898464149974,0.9964301377541602
7,5,0.22216334617513578,0.6118942669009924
7,5,0.2612041587051186,0.6118942669009924
7,5,0.2612041587051186,0.6546204747735667
7,5,0.2612041587051186,0.6118942669009924
7,5,0.3002449712351014,0.6546204747735667
7,5,0.2612041587051186,0.6546204747735667
7,5,0.2612041587051186,0.6546204747735667
7,5,0.3002449712351014,0.6546204747735667
7,5,0.3002449712351014,0.697346682646141
7,5,0.3002449712351014,0.6546204747735667
7,5,0.3392857837650842,0.697346682646141
7,5,0.3002449712351014,0.697346682646141
7,5,0.3002449712351014,0.697346682646141
7,5,0.3392857837650842,0.697346682646141
7,5,0.3392857837650842,0.7400728905187153
7,5,0.3392857837650842,0.697346682646141
7,5,0.37832659629506615,0.7400728905187153
7,5,0.3392857837650842,0.7400728905187153
7,5,0.3392857837650842,0.7400728905187153
7,5,0.37832659629506615,0.7400728905187153
7,5,0.37832659629506615,0.7827990983912896
7,5,0.37832659629506615,0.7400728905187153
7,5,0.41736740882504897,0.7827990983912896
7,5,0.37832659629506615,0.7827990983912896
7,5,0.37832659629506615,0.7827990983912896
7,5,0.41736740882504897,0.7827990983912896
7,5,0.41736740882504897,0.8255253062638639
7,5,0.41736740882504897,0.7827990983912896
7,5,0.4564082213550318,0.8255253062638639
7,5,0.41736740882504897,0.8255253062638639
7,5,0.41736740882504897,0.8255253062638639
7,5,0.4564082213550318,0.8255253062638639
7,5,0.4564082213550318,0.8682515141364382
7,5,0.4564082213550318,0.8255253062638639
7,5,0.4954490338850146,0.8682515141364382
7,5,0.4564082213550318,0.8682515141364382
7,5,0.4564082213550318,0.8682515141364382
7,5,0.4954490338850146,0.8682515141364382
7,5,0.4954490338850146,0.9109777220090116
7,5,0.4954490338850146,0.8682515141364382
7,5,0.5344898464149974,0.9109777220090116
7,5,0.4954490338850146,0.9109777220090116
7,5,0.4954490338850146,0.9109777220090116
7,5,0.5344898464149974,0.9109777220090116
7,5,0.5344898464149974,0.9537039298815859
7,5,0.2612041587051186,0.6118942669009924
7,5,0.3002449712351014,0.6118942669009924
7,5,0.3002449712351014,0.6546204747735667
7,5,0.3002449712351014,0.6118942669009924
7,5,0.3392857837650842,0.6546204747735667
7,5,0.3002449712351014,0.6546204747735667
7,5,0.3002449712351014,0.6546204747735667
7,5,0.3392857837650842,0.6546204747735667
7,5,0.3392857837650842,0.697346682646141
7,5,0.3392857837650842,0.6546204747735667
7,5,0.37832659629506615,0.697346682646141
7,5,0.3392857837650842,0.697346682646141
7,5,0.3392857837650842,0.697346682646141
7,5,0.37832659629506615,0.697346682646141
7,5,0.37832659629506615,0.7400728905187153
7,5,0.37832659629506615,0.697346682646141
7,5,0.41736740882504897,0.7400728905187153
7,5,0.37832659629506615,0.7400728905187153
7,5,0.37832659629506615,0.7400728905187153
7,5,0.41736740882504897,0.7400728905187153
7,5,0.41736740882504897,0.7827990983912896
7,5,0.41736740882504897,0.7400728905187153
7,5,0.4564082213550318,0.7827990983912896
7,5,0.41736740882504897,0.7827990983912896
7,5,0.41736740882504897,0.7827990983912896
7,5,0.4564082213550318,0.7827990983912896
7,5,0.4564082213550318,0.8255253062638639
7,5,0.4564082213550318,0.7827990983912896
7,5,0.4954490338850146,0.8255253062638639
7,5,0.4564082213550318,0.8255253062638639
7,5,0.4564082213550318,0.8255253062638639
7,5,0.4954490338850146,0.8255253062638639
7,5,0.4954490338850146,0.8682515141364382
7,5,0.4954490338850146,0.8255253062638639
7,5,0.5344898464149974,0.8682515141364382
7,5,0.4954490338850146,0.8682515141364382
7,5,0.4954490338850146,0.8682515141364382
7,5,0.5344898464149974,0.8682515141364382
7,5,0.5344898464149974,0.9109777220090116
7,5,0.3002449712351014,0.6118942669009924
7,5,0.3392857837650842,0.6118942669009924
7,5,0.3392857837650842,0.6546204747735667
7,5,0.3392857837650842,0.6118942669009924
7,5,0.37832659629506615,0.6546204747735667
7,5,0.3392857837650842,0.6546204747735667
7,5,0.3392857837650842,0.6546204747735667
7,5,0.37832659629506615,0.6546204747735667
7,5,0.37832659629506615,0.697346682646141
7,5,0.37832659629506615,0.6546204747735667
7,5,0.41736740882504897,0.697346682646141
7,5,0.37832659629506615,0.697346682646141
7,5,0.37832659629506615,0.697346682646141
7,5,0.41736740882504897,0.697346682646141
7,5,0.41736740882504897,0.7400728905187153
7,5,0.41736740882504897,0.697346682646141
7,5,0.4564082213550318,0.7400728905187153
7,5,0.41736740882504897,0.7400728905187153
7,5,0.41736740882504897,0.7400728905187153
7,5,0.4564082213550318,0.7400728905187153
7,5,0.4564082213550318,0.7827990983912896
7,5,0.4564082213550318,0.7400728905187153
7,5,0.4954490338850146,0.7827990983912896
7,5,0.4564082213550318,0.7827990983912896
7,5,0.4564082213550318,0.7827990983912896
7,5,0.4954490338850146,0.7827990983912896
7,5,0.4954490338850146,0.8255253062638639
7,5,0.4954490338850146,0.7827990983912896
7,5,0.5344898464149974,0.8255253062638639
7,5,0.4954490338850146,0.8255253062638639
7,5,0.4954490338850146,0.8255253062638639
7,5,0.5344898464149974,0.8255253062638639
7,5,0.5344898464149974,0.8682515141364382
7,5,0.3392857837650842,0.6118942669009924
7,5,0.37832659629506615,0.6118942669009924
7,5,0.37832659629506615,0.6546204747735667
7,5,0.37832659629506615,0.6118942669009924
7,5,0.41736740882504897,0.6546204747735667
7,5,0.37832659629506615,0.6546204747735667
7,5,0.37832659629506615,0.6546204747735667
7,5,0.41736740882504897,0.6546204747735667
7,5,0.41736740882504897,0.697346682646141
7,5,0.41736740882504897,0.6546204747735667
7,5,0.4564082213550318,0.697346682646141
7,5,0.41736740882504897,0.697346682646141
7,5,0.41736740882504897,0.697346682646141
7,5,0.4564082213550318,0.697346682646141
7,5,0.4564082213550318,0.7400728905187153
7,5,0.4564082213550318,0.697346682646141
7,5,0.4954490338850146,0.7400728905187153
7,5,0.4564082213550318,0.7400728905187153
7,5,0.4564082213550318,0.7400728905187153
7,5,0.4954490338850146,0.7400728905187153
7,5,0.4954490338850146,0.7827990983912896
7,5,0.4954490338850146,0.7400728905187153
7,5,0.5344898464149974,0.7827990983912896
7,5,0.4954490338850146,0.7827990983912896
7,5,0.4954490338850146,0.7827990983912896
7,5,0.5344898464149974,0.7827990983912896
7,5,0.5344898464149974,0.8255253062638639
7,5,0.37832659629506615,0.6118942669009924
7,5,0.41736740882504897,0.6118942669009924
7,5,0.41736740882504897,0.6546204747735667
7,5,0.41736740882504897,0.6118942669009924
7,5,0.4564082213550318,0.6546204747735667
7,5,0.41736740882504897,0.6546204747735667
7,5,0.41736740882504897,0.6546204747735667
7,5,0.4564082213550318,0.6546204747735667
7,5,0.4564082213550318,0.697346682646141
7,5,0.4564082213550318,0.6546204747735667
7,5,0.4954490338850146,0.697346682646141
7,5,0.4564082213550318,0.697346682646141
7,5,0.4564082213550318,0.697346682646141
7,5,0.4954490338850146,0.697346682646141
7,5,0.4954490338850146,0.7400728905187153
7,5,0.4954490338850146,0.697346682646141
7,5,0.5344898464149974,0.7400728905187153
7,5,0.4954490338850146,0.7400728905187153
7,5,0.4954490338850146,0.7400728905187153
7,5,0.5344898464149974,0.7400728905187153
7,5,0.5344898464149974,0.7827990983912896
7,5,0.41736740882504897,0.6118942669009924
7,5,0.4564082213550318,0.6118942669009924
7,5,0.4564082213550318,0.6546204747735667
7,5,0.4564082213550318,0.6118942669009924
7,5,0.4954490338850146,0.6546204747735667
7,5,0.4564082213550318,0.6546204747735667
7,5,0.4564082213550318,0.6546204747735667
7,5,0.4954490338850146,0.6546204747735667
7,5,0.4954490338850146,0.697346682646141
7,5,0.4954490338850146,0.6546204747735667
7,5,0.5344898464149974,0.697346682646141
7,5,0.4954490338850146,0.697346682646141
7,5,0.4954490338850146,0.697346682646141
7,5,0.5344898464149974,0.697346682646141
7,5,0.5344898464149974,0.7400728905187153
7,5,0.4564082213550318,0.6118942669009924
7,5,0.4954490338850146,0.6118942669009924
7,5,0.4954490338850146,0.6546204747735667
7,5,0.4954490338850146,0.6118942669009924
7,5,0.5344898464149974,0.6546204747735667
7,5,0.4954490338850146,0.6546204747735667
7,5,0.4954490338850146,0.6546204747735667
7,5,0.5344898464149974,0.6546204747735667
7,5,0.5344898464149974,0.697346682646141
7,5,0.4954490338850146,0.6118942669009924
7,5,0.5344898464149974,0.6118942669009924
7,5,0.5344898464149974,0.6546204747735667
6,4,0.7300000000000004,0.4299999999999997
6,4,0.6394481871346809,0.27704782052710186
6,4,0.6394481871346809,0.5829521794728976
6,4,0.82055181286532,0.27704782052710186
6,4,0.82055181286532,0.5829521794728976
6,4,0.6936696941694676,0.6427711138282213
6,4,0.6675437172674306,0.5973220459764788
6,4,0.7250063922264811,0.5973220459764788
6,4,0.6675437172674306,0.5973220459764788
6,4,0.6988804153244441,0.5518729781247362
6,4,0.7250063922264811,0.5973220459764788
6,4,0.7250063922264811,0.5973220459764788
6,4,0.6988804153244441,0.5518729781247362
6,4,0.7563430902834947,0.5518729781247362
6,4,0.6988804153244441,0.5518729781247362
6,4,0.7302171133814577,0.5064239102729937
6,4,0.7563430902834947,0.5518729781247362
6,4,0.7563430902834947,0.5518729781247362
6,4,0.7302171133814577,0.5064239102729937
6,4,0.7876797883405082,0.5064239102729937
6,4,0.7302171133814577,0.5064239102729937
6,4,0.7615538114384712,0.4609748424212512
6,4,0.7876797883405082,0.5064239102729937
6,4,0.7876797883405082,0.5064239102729937
6,4,0.7615538114384712,0.4609748424212512
6,4,0.8190164863975218,0.4609748424212512
6,4,0.7615538114384712,0.4609748424212512
6,4,0.7928905094954848,0.4155257745695087
6,4,0.8190164863975218,0.4609748424212512
6,4,0.8190164863975218,0.4609748424212512
6,4,0.7928905094954848,0.4155257745695087
6,4,0.8503531844545353,0.4155257745695087
6,4,0.7928905094954848,0.4155257745695087
6,4,0.8242272075524983,0.37007670671776616
6,4,0.8503531844545353,0.4155257745695087
6,4,0.8503531844545353,0.4155257745695087
6,4,0.8242272075524983,0.37007670671776616
6,4,0.8816898825115489,0.37007670671776616
6,4,0.6675437172674306,0.5973220459764788
6,4,0.6414177403653936,0.5518729781247362
6,4,0.6988804153244441,0.5518729781247362
6,4,0.6414177403653936,0.5518729781247362
6,4,0.6727544384224071,0.5064239102729937
6,4,0.6988804153244441,0.5518729781247362
6,4,0.6988804153244441,0.5518729781247362
6,4,0.6727544384224071,0.5064239102729937
6,4,0.7302171133814577,0.5064239102729937
6,4,0.6727544384224071,0.5064239102729937
6,4,0.7040911364794207,0.4609748424212512
6,4,0.7302171133814577,0.5064239102729937
6,4,0.7302171133814577,0.5064239102729937
6,4,0.7040911364794207,0.4609748424212512
6,4,0.7615538114384712,0.4609748424212512
6,4,0.7040911364794207,0.4609748424212512
6,4,0.7354278345364342,0.4155257745695087
6,4,0.7615538114384712,0.4609748424212512
6,4,0.7615538114384712,0.4609748424212512
6,4,0.7354278345364342,0.4155257745695087
6,4,0.7928905094954848,0.4155257745695087
6,4,0.7354278345364342,0.4155257745695087
6,4,0.7667645325934487,0.37007670671776616
6,4,0.7928905094954848,0.4155257745695087
6,4,0.7928905094954848,0.4155257745695087
6,4,0.7667645325934487,0.37007670671776616
6,4,0.8242272075524983,0.37007670671776616
6,4,0.6414177403653936,0.5518729781247362
6,4,0.6152917634633566,0.5064239102729937
6,4,0.6727544384224071,0.5064239102729937
6,4,0.6152917634633566,0.5064239102729937
6,4,0.646628461520371,0.4609748424212512
6,4,0.6727544384224071,0.5064239102729937
6,4,0.6727544384224071,0.5064239102729937
6,4,0.646628461520371,0.4609748424212512
6,4,0.7040911364794207,0.4609748424212512
6,4,0.646628461520371,0.4609748424212512
6,4,0.6779651595773846,0.4155257745695087
6,4,0.7040911364794207,0.4609748424212512
6,4,0.7040911364794207,0.4609748424212512
6,4,0.6779651595773846,0.4155257745695087
6,4,0.7354278345364342,0.4155257745695087
6,4,0.6779651595773846,0.4155257745695087
6,4,0.7093018576343981,0.37007670671776616
6,4,0.7354278345364342,0.4155257745695087
6,4,0.7354278345364342,0.4155257745695087
6,4,0.7093018576343981,0.37007670671776616
6,4,0.7667645325934487,0.37007670671776616
6,4,0.6152917634633566,0.5064239102729937
6,4,0.5891657865613205,0.4609748424212512
6,4,0.646628461520371,0.4609748424212512
6,4,0.5891657865613205,0.4609748424212512
6,4,0.620502484618334,0.4155257745695087
6,4,0.646628461520371,0.4609748424212512
6,4,0.646628461520371,0.4609748424212512
6,4,0.620502484618334,0.4155257745695087
6,4,0.6779651595773846,0.4155257745695087
6,4,0.620502484618334,0.4155257745695087
6,4,0.6518391826753476,0.37007670671776616
6,4,0.6779651595773846,0.4155257745695087
6,4,0.6779651595773846,0.4155257745695087
6,4,0.6518391826753476,0.37007670671776616
6,4,0.7093018576343981,0.37007670671776616
6,4,0.5891657865613205,0.4609748424212512
6,4,0.5630398096592835,0.4155257745695087
6,4,0.620502484618334,0.4155257745695087
6,4,0.5630398096592835,0.4155257745695087
6,4,0.594376507716297,0.37007670671776616
6,4,0.620502484618334,0.4155257745695087
6,4,0.620502484618334,0.4155257745695087
6,4,0.594376507716297,0.37007670671776616
6,4,0.6518391826753476,0.37007670671776616
6,4,0.5630398096592835,0.4155257745695087
6,4,0.5369138327572465,0.37007670671776616
6,4,0.594376507716297,0.37007670671776616
6,4,0.8816898825115489,0.37007670671776616
6,4,0.8816898825115489,0.4155257745695087
6,4,0.8503531844545353,0.4155257745695087
6,4,0.8816898825115489,0.4155257745695087
6,4,0.8503531844545353,0.4609748424212512
6,4,0.8503531844545353,0.4155257745695087
6,4,0.8503531844545353,0.4155257745695087
6,4,0.8503531844545353,0.4609748424212512
6,4,0.8190164863975218,0.4609748424212512
6,4,0.8503531844545353,0.4609748424212512
6,4,0.8190164863975218,0.5064239102729937
6,4,0.8190164863975218,0.4609748424212512
6,4,0.8190164863975218,0.4609748424212512
6,4,0.8190164863975218,0.5064239102729937
6,4,0.7876797883405082,0.5064239102729937
6,4,0.8190164863975218,0.5064239102729937
6,4,0.7876797883405082,0.5518729781247362
6,4,0.7876797883405082,0.5064239102729937
6,4,0.7876797883405082,0.5064239102729937
6,4,0.7876797883405082,0.5518729781247362
6,4,0.7563430902834947,0.5518729781247362
6,4,0.7876797883405082,0.5518729781247362
6,4,0.7563430902834947,0.5973220459764788
6,4,0.7563430902834947,0.5518729781247362
6,4,0.7563430902834947,0.5518729781247362
6,4,0.7563430902834947,0.5973220459764788
6,4,0.7250063922264811,0.5973220459764788
6,4,0.7563430902834947,0.5973220459764788
6,4,0.7250063922264811,0.6427711138282213
6,4,0.7250063922264811,0.5973220459764788
6,4,0.7250063922264811,0.5973220459764788
6,4,0.7250063922264811,0.6427711138282213
6,4,0.6936696941694676,0.6427711138282213
6,4,0.8816898825115489,0.4155257745695087
6,4,0.8816898825115489,0.4609748424212512
6,4,0.8503531844545353,0.4609748424212512
6,4,0.8816898825115489,0.4609748424212512
6,4,0.8503531844545353,0.5064239102729937
6,4,0.8503531844545353,0.4609748424212512
6,4,0.8503531844545353,0.4609748424212512
6,4,0.8503531844545353,0.5064239102729937
6,4,0.8190164863975218,0.5064239102729937
6,4,0.8503531844545353,0.5064239102729937
6,4,0.8190164863975218,0.5518729781247362
6,4,0.8190164863975218,0.5064239102729937
6,4,0.8190164863975218,0.5064239102729937
6,4,0.8190164863975218,0.5518729781247362
6,4,0.7876797883405082,0.5518729781247362
6,4,0.8190164863975218,0.5518729781247362
6,4,0.7876797883405082,0.5973220459764788
6,4,0.7876797883405082,0.5518729781247362
6,4,0.7876797883405082,0.5518729781247362
6,4,0.7876797883405082,0.5973220459764788
6,4,0.7563430902834947,0.5973220459764788
6,4,0.7876797883405082,0.5973220459764788
6,4,0.7563430902834947,0.6427711138282213
6,4,0.7563430902834947,0.5973220459764788
6,4,0.7563430902834947,0.5973220459764788
6,4,0.7563430902834947,0.6427711138282213
6,4,0.7250063922264811,0.6427711138282213
6,4,0.8816898825115489,0.4609748424212512
6,4,0.8816898825115489,0.5064239102729937
6,4,0.8503531844545353,0.5064239102729937
6,4,0.8816898825115489,0.5064239102729937
6,4,0.8503531844545353,0.5518729781247362
6,4,0.8503531844545353,0.5064239102729937
6,4,0.8503531844545353,0.5064239102729937
6,4,0.8503531844545353,0.5518729781247362
6,4,0.8190164863975218,0.5518729781247362
6,4,0.8503531844545353,0.5518729781247362
6,4,0.8190164863975218,0.5973220459764788
6,4,0.8190164863975218,0.5518729781247362
6,4,0.8190164863975218,0.5518729781247362
6,4,0.8190164863975218,0.5973220459764788
6,4,0.7876797883405082,0.5973220459764788
6,4,0.8190164863975218,0.5973220459764788
6,4,0.7876797883405082,0.6427711138282213
6,4,0.7876797883405082,0.5973220459764788
6,4,0.7876797883405082,0.5973220459764788
6,4,0.7876797883405082,0.6427711138282213
6,4,0.7563430902834947,0.6427711138282213
6,4,0.8816898825115489,0.5064239102729937
6,4,0.8816898825115489,0.5518729781247362
6,4,0.8503531844545353,0.5518729781247362
6,4,0.8816898825115489,0.5518729781247362
6,4,0.8503531844545353,0.5973220459764788
6,4,0.8503531844545353,0.5518729781247362
6,4,0.8503531844545353,0.5518729781247362
6,4,0.8503531844545353,0.5973220459764788
6,4,0.8190164863975218,0.5973220459764788
6,4,0.8503531844545353,0.5973220459764788
6,4,0.8190164863975218,0.6427711138282213
6,4,0.8190164863975218,0.5973220459764788
6,4,0.8190164863975218,0.5973220459764788
6,4,0.8190164863975218,0.6427711138282213
6,4,0.7876797883405082,0.6427711138282213
6,4,0.8816898825115489,0.5518729781247362
6,4,0.8816898825115489,0.5973220459764788
6,4,0.8503531844545353,0.5973220459764788
6,4,0.8816898825115489,0.5973220459764788
6,4,0.8503531844545353,0.6427711138282213
6,4,0.8503531844545353,0.5973220459764788
6,4,0.8503531844545353,0.5973220459764788
6,4,0.8503531844545353,0.6427711138282213
6,4,0.8190164863975218,0.6427711138282213
6,4,0.8816898825115489,0.5973220459764788
6,4,0.8816898825115489,0.6427711138282213
6,4,0.8503531844545353,0.6427711138282213
6,4,0.9123752404241907,0.5805319444771095
6,4,0.8733430791799659,0.5805319444771095
6,4,0.8733430791799659,0.537837000075335
6,4,0.8733430791799659,0.5805319444771095
6,4,0.8343109179357411,0.537837000075335
6,4,0.8733430791799659,0.537837000075335
6,4,0.8733430791799659,0.537837000075335
6,4,0.8343109179357411,0.537837000075335
6,4,0.8343109179357411,0.4951420556735604
6,4,0.8343109179357411,0.537837000075335
6,4,0.7952787566915163,0.4951420556735604
6,4,0.8343109179357411,0.4951420556735604
6,4,0.8343109179357411,0.4951420556735604
6,4,0.7952787566915163,0.4951420556735604
6,4,0.7952787566915163,0.4524471112717867
6,4,0.7952787566915163,0.4951420556735604
6,4,0.7562465954472914,0.4524471112717867
6,4,0.7952787566915163,0.4524471112717867
6,4,0.7952787566915163,0.4524471112717867
6,4,0.7562465954472914,0.4524471112717867
6,4,0.7562465954472914,0.40975216687001215
6,4,0.7562465954472914,0.4524471112717867
6,4,0.7172144342030666,0.40975216687001215
6,4,0.7562465954472914,0.40975216687001215
6,4,0.7562465954472914,0.40975216687001215
6,4,0.7172144342030666,0.40975216687001215
6,4,0.7172144342030666,0.36705722246823846
6,4,0.7172144342030666,0.40975216687001215
6,4,0.6781822729588418,0.36705722246823846
6,4,0.7172144342030666,0.36705722246823846
6,4,0.7172144342030666,0.36705722246823846
6,4,0.6781822729588418,0.36705722246823846
6,4,0.6781822729588418,0.3243622780664639
6,4,0.6781822729588418,0.36705722246823846
6,4,0.639150111714617,0.3243622780664639
6,4,0.6781822729588418,0.3243622780664639
6,4,0.6781822729588418,0.3243622780664639
6,4,0.639150111714617,0.3243622780664639
6,4,0.639150111714617,0.2816673336646902
6,4,0.639150111714617,0.3243622780664639
6,4,0.6001179504703922,0.2816673336646902
6,4,0.639150111714617,0.2816673336646902
6,4,0.639150111714617,0.2816673336646902
6,4,0.6001179504703922,0.2816673336646902
6,4,0.6001179504703922,0.23897238926291564
6,4,0.6001179504703922,0.2816673336646902
6,4,0.5610857892261674,0.23897238926291564
6,4,0.6001179504703922,0.23897238926291564
6,4,0.6001179504703922,0.23897238926291564
6,4,0.5610857892261674,0.23897238926291564
6,4,0.5610857892261674,0.19627744486114196
6,4,0.8733430791799659,0.5805319444771095
6,4,0.8343109179357411,0.5805319444771095
6,4,0.8343109179357411,0.537837000075335
6,4,0.8343109179357411,0.5805319444771095
6,4,0.7952787566915163,0.537837000075335
6,4,0.8343109179357411,0.537837000075335
6,4,0.8343109179357411,0.537837000075335
6,4,0.7952787566915163,0.537837000075335
6,4,0.7952787566915163,0.4951420556735604
6,4,0.7952787566915163,0.537837000075335
6,4,0.7562465954472914,0.4951420556735604
6,4,0.7952787566915163,0.4951420556735604
6,4,0.7952787566915163,0.4951420556735604
6,4,0.7562465954472914,0.4951420556735604
6,4,0.7562465954472914,0.4524471112717867
6,4,0.7562465954472914,0.4951420556735604
6,4,0.7172144342030666,0.4524471112717867
6,4,0.7562465954472914,0.4524471112717867
6,4,0.7562465954472914,0.4524471112717867
6,4,0.7172144342030666,0.4524471112717867
6,4,0.7172144342030666,0.40975216687001215
6,4,0.7172144342030666,0.4524471112717867
6,4,0.6781822729588418,0.40975216687001215
6,4,0.7172144342030666,0.40975216687001215
6,4,0.7172144342030666,0.40975216687001215
6,4,0.6781822729588418,0.40975216687001215
6,4,0.6781822729588418,0.36705722246823846
6,4,0.6781822729588418,0.40975216687001215
6,4,0.639150111714617,0.36705722246823846
6,4,0.6781822729588418,0.36705722246823846
6,4,0.6781822729588418,0.36705722246823846
6,4,0.639150111714617,0.36705722246823846
6,4,0.639150111714617,0.3243622780664639
6,4,0.639150111714617,0.36705722246823846
6,4,0.6001179504703922,0.3243622780664639
6,4,0.639150111714617,0.3243622780664639
6,4,0.639150111714617,0.3243622780664639
6,4,0.6001179504703922,0.3243622780664639
6,4,0.6001179504703922,0.2816673336646902
6,4,0.6001179504703922,0.3243622780664639
6,4,0.5610857892261674,0.2816673336646902
6,4,0.6001179504703922,0.2816673336646902
6,4,0.6001179504703922,0.2816673336646902
6,4,0.5610857892261674,0.2816673336646902
6,4,0.5610857892261674,0.23897238926291564
6,4,0.8343109179357411,0.5805319444771095
6,4,0.7952787566915163,0.5805319444771095
6,4,0.7952787566915163,0.537837000075335
6,4,0.7952787566915163,0.5805319444771095
6,4,0.7562465954472914,0.537837000075335
6,4,0.7952787566915163,0.537837000075335
6,4,0.7952787566915163,0.537837000075335
6,4,0.7562465954472914,0.537837000075335
6,4,0.7562465954472914,0.4951420556735604
6,4,0.7562465954472914,0.537837000075335
6,4,0.7172144342030666,0.4951420556735604
6,4,0.7562465954472914,0.4951420556735604
6,4,0.7562465954472914,0.4951420556735604
6,4,0.7172144342030666,0.4951420556735604
6,4,0.7172144342030666,0.4524471112717867
6,4,0.7172144342030666,0.4951420556735604
6,4,0.6781822729588418,0.4524471112717867
6,4,0.7172144342030666,0.4524471112717867
6,4,0.7172144342030666,0.4524471112717867
6,4,0.6781822729588418,0.4524471112717867
6,4,0.6781822729588418,0.40975216687001215
6,4,0.6781822729588418,0.4524471112717867
6,4,0.639150111714617,0.40975216687001215
6,4,0.6781822729588418,0.40975216687001215
6,4,0.6781822729588418,0.40975216687001215
6,4,0.639150111714617,0.40975216687001215
6,4,0.639150111714617,0.36705722246823846
6,4,0.639150111714617,0.40975216687001215
6,4,0.6001179504703922,0.36705722246823846
6,4,0.639150111714617,0.36705722246823846
6,4,0.639150111714617,0.36705722246823846
6,4,0.6001179504703922,0.36705722246823846
6,4,0.6001179504703922,0.3243622780664639
6,4,0.6001179504703922,0.36705722246823846
6,4,0.5610857892261674,0.3243622780664639
6,4,0.6001179504703922,0.3243622780664639
6,4,0.6001179504703922,0.3243622780664639
6,4,0.5610857892261674,0.3243622780664639
6,4,0.5610857892261674,0.2816673336646902
6,4,0.7952787566915163,0.5805319444771095
6,4,0.7562465954472914,0.5805319444771095
6,4,0.7562465954472914,0.537837000075335
6,4,0.7562465954472914,0.5805319444771095
6,4,0.7172144342030666,0.537837000075335
6,4,0.7562465954472914,0.537837000075335
6,4,0.7562465954472914,0.537837000075335
6,4,0.7172144342030666,0.537837000075335
6,4,0.7172144342030666,0.4951420556735604
6,4,0.7172144342030666,0.537837000075335
6,4,0.6781822729588418,0.4951420556735604
6,4,0.7172144342030666,0.4951420556735604
6,4,0.7172144342030666,0.4951420556735604
6,4,0.6781822729588418,0.4951420556735604
6,4,0.6781822729588418,0.4524471112717867
6,4,0.6781822729588418,0.4951420556735604
6,4,0.639150111714617,0.4524471112717867
6,4,0.6781822729588418,0.4524471112717867
6,4,0.6781822729588418,0.4524471112717867
6,4,0.639150111714617,0.4524471112717867
6,4,0.639150111714617,0.40975216687001215
6,4,0.639150111714617,0.4524471112717867
6,4,0.6001179504703922,0.40975216687001215
6,4,0.639150111714617,0.40975216687001215
6,4,0.639150111714617,0.40975216687001215
6,4,0.6001179504703922,0.40975216687001215
6,4,0.6001179504703922,0.36705722246823846
6,4,0.6001179504703922,0.40975216687001215
6,4,0.5610857892261674,0.36705722246823846
6,4,0.6001179504703922,0.36705722246823846
6,4,0.6001179504703922,0.36705722246823846
6,4,0.5610857892261674,0.36705722246823846
6,4,0.5610857892261674,0.3243622780664639
6,4,0.7562465954472914,0.5805319444771095
6,4,0.7172144342030666,0.5805319444771095
6,4,0.7172144342030666,0.537837000075335
6,4,0.7172144342030666,0.5805319444771095
6,4,0.6781822729588418,0.537837000075335
6,4,0.7172144342030666,0.537837000075335
6,4,0.7172144342030666,0.537837000075335
6,4,0.6781822729588418,0.537837000075335
6,4,0.6781822729588418,0.4951420556735604
6,4,0.6781822729588418,0.537837000075335
6,4,0.639150111714617,0.4951420556735604
6,4,0.6781822729588418,0.4951420556735604
6,4,0.6781822729588418,0.4951420556735604
6,4,0.639150111714617,0.4951420556735604
6,4,0.639150111714617,0.4524471112717867
6,4,0.639150111714617,0.4951420556735604
6,4,0.6001179504703922,0.4524471112717867
6,4,0.639150111714617,0.4524471112717867
6,4,0.639150111714617,0.4524471112717867
6,4,0.6001179504703922,0.4524471112717867
6,4,0.6001179504703922,0.40975216687001215
6,4,0.6001179504703922,0.4524471112717867
6,4,0.5610857892261674,0.40975216687001215
6,4,0.6001179504703922,0.40975216687001215
6,4,0.6001179504703922,0.40975216687001215
6,4,0.5610857892261674,0.40975216687001215
6,4,0.5610857892261674,0.36705722246823846
6,4,0.7172144342030666,0.5805319444771095
6,4,0.6781822729588418,0.5805319444771095
6,4,0.6781822729588418,0.537837000075335
6,4,0.6781822729588418,0.5805319444771095
6,4,0.639150111714617,0.537837000075335
6,4,0.6781822729588418,0.537837000075335
6,4,0.6781822729588418,0.537837000075335
6,4,0.639150111714617,0.537837000075335
6,4,0.639150111714617,0.4951420556735604
6,4,0.639150111714617,0.537837000075335
6,4,0.6001179504703922,0.4951420556735604
6,4,0.639150111714617,0.4951420556735604
6,4,0.639150111714617,0.4951420556735604
6,4,0.6001179504703922,0.4951420556735604
6,4,0.6001179504703922,0.4524471112717867
6,4,0.6001179504703922,0.4951420556735604
6,4,0.5610857892261674,0.4524471112717867
6,4,0.6001179504703922,0.4524471112717867
6,4,0.6001179504703922,0.4524471112717867
6,4,0.5610857892261674,0.4524471112717867
6,4,0.5610857892261674,0.40975216687001215
6,4,0.6781822729588418,0.5805319444771095
6,4,0.639150111714617,0.5805319444771095
6,4,0.639150111714617,0.537837000075335
6,4,0.639150111714617,0.5805319444771095
6,4,0.6001179504703922,0.537837000075335
6,4,0.639150111714617,0.537837000075335
6,4,0.639150111714617,0.537837000075335
6,4,0.6001179504703922,0.537837000075335
6,4,0.6001179504703922,0.4951420556735604
6,4,0.6001179504703922,0.537837000075335
6,4,0.5610857892261674,0.4951420556735604
6,4,0.6001179504703922,0.4951420556735604
6,4,0.6001179504703922,0.4951420556735604
6,4,0.5610857892261674,0.4951420556735604
6,4,0.5610857892261674,0.4524471112717867
6,4,0.639150111714617,0.5805319444771095
6,4,0.6001179504703922,0.5805319444771095
6,4,0.6001179504703922,0.537837000075335
6,4,0.6001179504703922,0.5805319444771095
6,4,0.5610857892261674,0.537837000075335
6,4,0.6001179504703922,0.537837000075335
6,4,0.6001179504703922,0.537837000075335
6,4,0.5610857892261674,0.537837000075335
6,4,0.5610857892261674,0.4951420556735604
6,4,0.6001179504703922,0.5805319444771095
6,4,0.5610857892261674,0.5805319444771095
6,4,0.5610857892261674,0.537837000075335
6,4,0.5610857892261674,0.19627744486114196
6,4,0.6001179504703922,0.19627744486114196
6,4,0.6001179504703922,0.23897238926291564
6,4,0.6001179504703922,0.19627744486114196
6,4,0.639150111714617,0.23897238926291564
6,4,0.6001179504703922,0.23897238926291564
6,4,0.6001179504703922,0.23897238926291564
6,4,0.639150111714617,0.23897238926291564
6,4,0.639150111714617,0.2816673336646902
6,4,0.639150111714617,0.23897238926291564
6,4,0.6781822729588418,0.2816673336646902
6,4,0.639150111714617,0.2816673336646902
6,4,0.639150111714617,0.2816673336646902
6,4,0.6781822729588418,0.2816673336646902
6,4,0.6781822729588418,0.3243622780664639
6,4,0.6781822729588418,0.2816673336646902
6,4,0.7172144342030666,0.3243622780664639
6,4,0.6781822729588418,0.3243622780664639
6,4,0.6781822729588418,0.3243622780664639
6,4,0.7172144342030666,0.3243622780664639
6,4,0.7172144342030666,0.36705722246823846
6,4,0.7172144342030666,0.3243622780664639
6,4,0.7562465954472914,0.36705722246823846
6,4,0.7172144342030666,0.36705722246823846
6,4,0.7172144342030666,0.36705722246823846
6,4,0.7562465954472914,0.36705722246823846
6,4,0.7562465954472914,0.40975216687001215
6,4,0.7562465954472914,0.36705722246823846
6,4,0.7952787566915163,0.40975216687001215
6,4,0.7562465954472914,0.40975216687001215
6,4,0.7562465954472914,0.40975216687001215
6,4,0.7952787566915163,0.40975216687001215
6,4,0.7952787566915163,0.4524471112717867
6,4,0.7952787566915163,0.40975216687001215
6,4,0.8343109179357411,0.4524471112717867
6,4,0.7952787566915163,0.4524471112717867
6,4,0.7952787566915163,0.4524471112717867
6,4,0.8343109179357411,0.4524471112717867
6,4,0.8343109179357411,0.4951420556735604
6,4,0.8343109179357411,0.4524471112717867
6,4,0.8733430791799659,0.4951420556735604
6,4,0.8343109179357411,0.4951420556735604
6,4,0.8343109179357411,0.4951420556735604
6,4,0.8733430791799659,0.4951420556735604
6,4,0.8733430791799659,0.537837000075335
6,4,0.8733430791799659,0.4951420556735604
6,4,0.9123752404241907,0.537837000075335
6,4,0.8733430791799659,0.537837000075335
6,4,0.8733430791799659,0.537837000075335
6,4,0.9123752404241907,0.537837000075335
6,4,0.9123752404241907,0.5805319444771095
6,4,0.6001179504703922,0.19627744486114196
6,4,0.639150111714617,0.19627744486114196
6,4,0.639150111714617,0.23897238926291564
6,4,0.639150111714617,0.19627744486114196
6,4,0.6781822729588418,0.23897238926291564
6,4,0.639150111714617,0.23897238926291564
6,4,0.639150111714617,0.23897238926291564
6,4,0.6781822729588418,0.23897238926291564
6,4,0.6781822729588418,0.2816673336646902
6,4,0.6781822729588418,0.23897238926291564
6,4,0.7172144342030666,0.2816673336646902
6,4,0.6781822729588418,0.2816673336646902
6,4,0.6781822729588418,0.2816673336646902
6,4,0.7172144342030666,0.2816673336646902
6,4,0.7172144342030666,0.3243622780664639
6,4,0.7172144342030666,0.2816673336646902
6,4,0.7562465954472914,0.3243622780664639
6,4,0.7172144342030666,0.3243622780664639
6,4,0.7172144342030666,0.3243622780664639
6,4,0.7562465954472914,0.3243622780664639
6,4,0.7562465954472914,0.36705722246823846
6,4,0.7562465954472914,0.3243622780664639
6,4,0.7952787566915163,0.36705722246823846
6,4,0.7562465954472914,0.36705722246823846
6,4,0.7562465954472914,0.36705722246823846
6,4,0.7952787566915163,0.36705722246823846
6,4,0.7952787566915163,0.40975216687001215
6,4,0.7952787566915163,0.36705722246823846
6,4,0.8343109179357411,0.40975216687001215
6,4,0.7952787566915163,0.40975216687001215
6,4,0.7952787566915163,0.40975216687001215
6,4,0.8343109179357411,0.40975216687001215
6,4,0.8343109179357411,0.4524471112717867
6,4,0.8343109179357411,0.40975216687001215
6,4,0.8733430791799659,0.4524471112717867
6,4,0.8343109179357411,0.4524471112717867
6,4,0.8343109179357411,0.4524471112717867
6,4,0.8733430791799659,0.4524471112717867
6,4,0.8733430791799659,0.4951420556735604
6,4,0.8733430791799659,0.4524471112717867
6,4,0.9123752404241907,0.4951420556735604
6,4,0.8733430791799659,0.4951420556735604
6,4,0.8733430791799659,0.4951420556735604
6,4,0.9123752404241907,0.4951420556735604
6,4,0.9123752404241907,0.537837000075335
6,4,0.639150111714617,0.19627744486114196
6,4,0.6781822729588418,0.19627744486114196
6,4,0.6781822729588418,0.23897238926291564
6,4,0.6781822729588418,0.19627744486114196
6,4,0.7172144342030666,0.23897238926291564
6,4,0.6781822729588418,0.23897238926291564
6,4,0.6781822729588418,0.23897238926291564
6,4,0.7172144342030666,0.23897238926291564
6,4,0.7172144342030666,0.2816673336646902
6,4,0.7172144342030666,0.23897238926291564
6,4,0.7562465954472914,0.2816673336646902
6,4,0.7172144342030666,0.2816673336646902
6,4,0.7172144342030666,0.2816673336646902
6,4,0.7562465954472914,0.2816673336646902
6,4,0.7562465954472914,0.3243622780664639
6,4,0.7562465954472914,0.2816673336646902
6,4,0.7952787566915163,0.3243622780664639
6,4,0.7562465954472914,0.3243622780664639
6,4,0.7562465954472914,0.3243622780664639
6,4,0.7952787566915163,0.3243622780664639
6,4,0.7952787566915163,0.36705722246823846
6,4,0.7952787566915163,0.3243622780664639
6,4,0.8343109179357411,0.36705722246823846
6,4,0.7952787566915163,0.36705722246823846
6,4,0.7952787566915163,0.36705722246823846
6,4,0.8343109179357411,0.36705722246823846
6,4,0.8343109179357411,0.40975216687001215
6,4,0.8343109179357411,0.36705722246823846
6,4,0.8733430791799659,0.40975216687001215
6,4,0.8343109179357411,0.40975216687001215
6,4,0.8343109179357411,0.40975216687001215
6,4,0.8733430791799659,0.40975216687001215
6,4,0.8733430791799659,0.4524471112717867
6,4,0.8733430791799659,0.40975216687001215
6,4,0.9123752404241907,0.4524471112717867
6,4,0.8733430791799659,0.4524471112717867
6,4,0.8733430791799659,0.4524471112717867
6,4,0.9123752404241907,0.4524471112717867
6,4,0.9123752404241907,0.4951420556735604
6,4,0.6781822729588418,0.19627744486114196
6,4,0.7172144342030666,0.19627744486114196
6,4,0.7172144342030666,0.23897238926291564
6,4,0.7172144342030666,0.19627744486114196
6,4,0.7562465954472914,0.23897238926291564
6,4,0.7172144342030666,0.23897238926291564
6,4,0.7172144342030666,0.23897238926291564
6,4,0.7562465954472914,0.23897238926291564
6,4,0.7562465954472914,0.2816673336646902
6,4,0.7562465954472914,0.23897238926291564
6,4,0.7952787566915163,0.2816673336646902
6,4,0.7562465954472914,0.2816673336646902
6,4,0.7562465954472914,0.2816673336646902
6,4,0.7952787566915163,0.2816673336646902
6,4,0.7952787566915163,0.3243622780664639
6,4,0.7952787566915163,0.2816673336646902
6,4,0.8343109179357411,0.3243622780664639
6,4,0.7952787566915163,0.3243622780664639
6,4,0.7952787566915163,0.3243622780664639
6,4,0.8343109179357411,0.3243622780664639
6,4,0.8343109179357411,0.36705722246823846
6,4,0.8343109179357411,0.3243622780664639
6,4,0.8733430791799659,0.36705722246823846
6,4,0.8343109179357411,0.36705722246823846
6,4,0.8343109179357411,0.36705722246823846
6,4,0.8733430791799659,0.36705722246823846
6,4,0.8733430791799659,0.40975216687001215
6,4,0.8733430791799659,0.36705722246823846
6,4,0.9123752404241907,0.40975216687001215
6,4,0.8733430791799659,0.40975216687001215
6,4,0.8733430791799659,0.40975216687001215
6,4,0.9123752404241907,0.40975216687001215
6,4,0.9123752404241907,0.4524471112717867
6,4,0.7172144342030666,0.19627744486114196
6,4,0.7562465954472914,0.19627744486114196
6,4,0.7562465954472914,0.23897238926291564
6,4,0.7562465954472914,0.19627744486114196
6,4,0.7952787566915163,0.23897238926291564
6,4,0.7562465954472914,0.23897238926291564
6,4,0.7562465954472914,0.23897238926291564
6,4,0.7952787566915163,0.23897238926291564
6,4,0.7952787566915163,0.2816673336646902
6,4,0.7952787566915163,0.23897238926291564
6,4,0.8343109179357411,0.2816673336646902
6,4,0.7952787566915163,0.2816673336646902
6,4,0.7952787566915163,0.2816673336646902
6,4,0.8343109179357411,0.2816673336646902
6,4,0.8343109179357411,0.3243622780664639
6,4,0.8343109179357411,0.2816673336646902
6,4,0.8733430791799659,0.3243622780664639
6,4,0.8343109179357411,0.3243622780664639
6,4,0.8343109179357411,0.3243622780664639
6,4,0.8733430791799659,0.3243622780664639
6,4,0.8733430791799659,0.36705722246823846
6,4,0.8733430791799659,0.3243622780664639
6,4,0.9123752404241907,0.36705722246823846
6,4,0.8733430791799659,0.36705722246823846
6,4,0.8733430791799659,0.36705722246823846
6,4,0.9123752404241907,0.36705722246823846
6,4,0.9123752404241907,0.40975216687001215
6,4,0.7562465954472914,0.19627744486114196
6,4,0.7952787566915163,0.19627744486114196
6,4,0.7952787566915163,0.23897238926291564
6,4,0.7952787566915163,0.19627744486114196
6,4,0.8343109179357411,0.23897238926291564
6,4,0.7952787566915163,0.23897238926291564
6,4,0.7952787566915163,0.23897238926291564
6,4,0.8343109179357411,0.23897238926291564
6,4,0.8343109179357411,0.2816673336646902
6,4,0.8343109179357411,0.23897238926291564
6,4,0.8733430791799659,0.2816673336646902
6,4,0.8343109179357411,0.2816673336646902
6,4,0.8343109179357411,0.2816673336646902
6,4,0.8733430791799659,0.2816673336646902
6,4,0.8733430791799659,0.3243622780664639
6,4,0.8733430791799659,0.2816673336646902
6,4,0.9123752404241907,0.3243622780664639
6,4,0.8733430791799659,0.3243622780664639
6,4,0.8733430791799659,0.3243622780664639
6,4,0.9123752404241907,0.3243622780664639
6,4,0.9123752404241907,0.36705722246823846
6,4,0.7952787566915163,0.19627744486114196
6,4,0.8343109179357411,0.19627744486114196
6,4,0.8343109179357411,0.23897238926291564
6,4,0.8343109179357411,0.19627744486114196
6,4,0.8733430791799659,0.23897238926291564
6,4,0.8343109179357411,0.23897238926291564
6,4,0.8343109179357411,0.23897238926291564
6,4,0.8733430791799659,0.23897238926291564
6,4,0.8733430791799659,0.2816673336646902
6,4,0.8733430791799659,0.23897238926291564
6,4,0.9123752404241907,0.2816673336646902
6,4,0.8733430791799659,0.2816673336646902
6,4,0.8733430791799659,0.2816673336646902
6,4,0.9123752404241907,0.2816673336646902
6,4,0.9123752404241907,0.3243622780664639
6,4,0.8343109179357411,0.19627744486114196
6,4,0.8733430791799659,0.19627744486114196
6,4,0.8733430791799659,0.23897238926291564
6,4,0.8733430791799659,0.19627744486114196
6,4,0.9123752404241907,0.23897238926291564
6,4,0.8733430791799659,0.23897238926291564
6,4,0.8733430791799659,0.23897238926291564
6,4,0.9123752404241907,0.23897238926291564
6,4,0.9123752404241907,0.2816673336646902
6,4,0.8733430791799659,0.19627744486114196
6,4,0.9123752404241907,0.19627744486114196
6,4,0.9123752404241907,0.23897238926291564
7,4,0.08000000000000007,0.08000000000000007
6,4,0.9468791634397826,0.0008455190319596184
6,4,0.9468791634397826,0.15915448096804052
7,4,0.21312083656021752,0.0008455190319596184
7,4,0.21312083656021752,0.15915448096804052
6,5,0.8743449698972734,0.9295741035897027
6,5,0.9196638551128684,0.9295741035897027
6,5,0.9196638551128684,0.9632731182209584
6,5,0.9196638551128684,0.9295741035897027
6,5,0.9649827403284634,0.9632731182209584
6,5,0.9196638551128684,0.9632731182209584
6,5,0.9196638551128684,0.9632731182209584
6,5,0.9649827403284634,0.9632731182209584
6,5,0.9649827403284634,0.9969721328522141
6,5,0.9649827403284634,0.9632731182209584
7,5,0.010301625544057558,0.9969721328522141
6,5,0.9649827403284634,0.9969721328522141
6,5,0.9649827403284634,0.9969721328522141
7,5,0.010301625544057558,0.9969721328522141
7,4,0.010301625544057558,0.030671147483469774
7,5,0.010301625544057558,0.9969721328522141
7,4,0.055620510759652575,0.030671147483469774
7,4,0.010301625544057558,0.030671147483469774
7,4,0.010301625544057558,0.030671147483469774
7,4,0.055620510759652575,0.030671147483469774
7,4,0.055620510759652575,0.06437016211472635
7,4,0.055620510759652575,0.030671147483469774
7,4,0.10093939597524759,0.06437016211472635
7,4,0.055620510759652575,0.06437016211472635
7,4,0.055620510759652575,0.06437016211472635
7,4,0.10093939597524759,0.06437016211472635
7,4,0.10093939597524759,0.09806917674598203
7,4,0.10093939597524759,0.06437016211472635
7,4,0.14625828119084172,0.09806917674598203
7,4,0.10093939597524759,0.09806917674598203
7,4,0.10093939597524759,0.09806917674598203
7,4,0.14625828119084172,0.09806917674598203
7,4,0.14625828119084172,0.13176819137723772
7,4,0.14625828119084172,0.09806917674598203
7,4,0.19157716640643674,0.13176819137723772
7,4,0.14625828119084172,0.13176819137723772
7,4,0.14625828119084172,0.13176819137723772
7,4,0.19157716640643674,0.13176819137723772
7,4,0.19157716640643674,0.1654672060084934
7,4,0.19157716640643674,0.13176819137723772
7,4,0.23689605162203176,0.1654672060084934
7,4,0.19157716640643674,0.1654672060084934
7,4,0.19157716640643674,0.1654672060084934
7,4,0.23689605162203176,0.1654672060084934
7,4,0.23689605162203176,0.1991662206397491
7,4,0.23689605162203176,0.1654672060084934
7,4,0.2822149368376259,0.1991662206397491
7,4,0.23689605162203176,0.1991662206397491
7,4,0.23689605162203176,0.1991662206397491
7,4,0.2822149368376259,0.1991662206397491
7,4,0.2822149368376259,0.23286523527100478
6,5,0.9196638551128684,0.9295741035897027
6,5,0.9649827403284634,0.9295741035897027
6,5,0.9649827403284634,0.9632731182209584
6,5,0.9649827403284634,0.9295741035897027
7,5,0.010301625544057558,0.9632731182209584
6,5,0.9649827403284634,0.9632731182209584
6,5,0.9649827403284634,0.9632731182209584
7,5,0.010301625544057558,0.9632731182209584
7,5,0.010301625544057558,0.9969721328522141
7,5,0.010301625544057558,0.9632731182209584
7,5,0.055620510759652575,0.9969721328522141
7,5,0.010301625544057558,0.9969721328522141
7,5,0.010301625544057558,0.9969721328522141
7,5,0.055620510759652575,0.9969721328522141
7,4,0.055620510759652575,0.030671147483469774
7,5,0.055620510759652575,0.9969721328522141
7,4,0.10093939597524759,0.030671147483469774
7,4,0.055620510759652575,0.030671147483469774
7,4,0.055620510759652575,0.030671147483469774
7,4,0.10093939597524759,0.030671147483469774
7,4,0.10093939597524759,0.06437016211472635
7,4,0.10093939597524759,0.030671147483469774
7,4,0.14625828119084172,0.06437016211472635
7,4,0.10093939597524759,0.06437016211472635
7,4,0.10093939597524759,0.06437016211472635
7,4,0.14625828119084172,0.06437016211472635
7,4,0.14625828119084172,0.09806917674598203
7,4,0.14625828119084172,0.06437016211472635
7,4,0.19157716640643674,0.09806917674598203
7,4,0.14625828119084172,0.09806917674598203
7,4,0.14625828119084172,0.09806917674598203
7,4,0.19157716640643674,0.09806917674598203
7,4,0.19157716640643674,0.13176819137723772
7,4,0.19157716640643674,0.09806917674598203
7,4,0.23689605162203176,0.13176819137723772
7,4,0.19157716640643674,0.13176819137723772
7,4,0.19157716640643674,0.13176819137723772
7,4,0.23689605162203176,0.13176819137723772
7,4,0.23689605162203176,0.1654672060084934
7,4,0.23689605162203176,0.13176819137723772
7,4,0.2822149368376259,0.1654672060084934
7,4,0.23689605162203176,0.1654672060084934
7,4,0.23689605162203176,0.1654672060084934
7,4,0.2822149368376259,0.1654672060084934
7,4,0.2822149368376259,0.1991662206397491
6,5,0.9649827403284634,0.9295741035897027
7,5,0.010301625544057558,0.9295741035897027
7,5,0.010301625544057558,0.9632731182209584
7,5,0.010301625544057558,0.9295741035897027
7,5,0.055620510759652575,0.9632731182209584
7,5,0.010301625544057558,0.9632731182209584
7,5,0.010301625544057558,0.9632731182209584
7,5,0.055620510759652575,0.9632731182209584
7,5,0.055620510759652575,0.9969721328522141
7,5,0.055620510759652575,0.9632731182209584
7,5,0.10093939597524759,0.9969721328522141
7,5,0.055620510759652575,0.9969721328522141
7,5,0.055620510759652575,0.9969721328522141
7,5,0.10093939597524759,0.9969721328522141
7,4,0.10093939597524759,0.030671147483469774
7,5,0.10093939597524759,0.9969721328522141
7,4,0.14625828119084172,0.030671147483469774
7,4,0.10093939597524759,0.030671147483469774
7,4,0.10093939597524759,0.030671147483469774
7,4,0.14625828119084172,0.030671147483469774
7,4,0.14625828119084172,0.06437016211472635
7,4,0.14625828119084172,0.030671147483469774
7,4,0.19157716640643674,0.06437016211472635
7,4,0.14625828119084172,0.06437016211472635
7,4,0.14625828119084172,0.06437016211472635
7,4,0.19157716640643674,0.06437016211472635
7,4,0.19157716640643674,0.09806917674598203
7,4,0.19157716640643674,0.06437016211472635
7,4,0.23689605162203176,0.09806917674598203
7,4,0.19157716640643674,0.09806917674598203
7,4,0.19157716640643674,0.09806917674598203
7,4,0.23689605162203176,0.09806917674598203
7,4,0.23689605162203176,0.13176819137723772
7,4,0.23689605162203176,0.09806917674598203
7,4,0.2822149368376259,0.13176819137723772
7,4,0.23689605162203176,0.13176819137723772
7,4,0.23689605162203176,0.13176819137723772
7,4,0.2822149368376259,0.13176819137723772
7,4,0.2822149368376259,0.1654672060084934
7,5,0.010301625544057558,0.9295741035897027
7,5,0.055620510759652575,0.9295741035897027
7,5,0.055620510759652575,0.9632731182209584
7,5,0.055620510759652575,0.9295741035897027
7,5,0.10093939597524759,0.9632731182209584
7,5,0.055620510759652575,0.9632731182209584
7,5,0.055620510759652575,0.9632731182209584
7,5,0.10093939597524759,0.9632731182209584
7,5,0.10093939597524759,0.9969721328522141
7,5,0.10093939597524759,0.9632731182209584
7,5,0.14625828119084172,0.9969721328522141
7,5,0.10093939597524759,0.9969721328522141
7,5,0.10093939597524759,0.9969721328522141
7,5,0.14625828119084172,0.9969721328522141
7,4,0.14625828119084172,0.030671147483469774
7,5,0.14625828119084172,0.9969721328522141
7,4,0.19157716640643674,0.030671147483469774
7,4,0.14625828119084172,0.030671147483469774
7,4,0.14625828119084172,0.030671147483469774
7,4,0.19157716640643674,0.030671147483469774
7,4,0.19157716640643674,0.06437016211472635
7,4,0.19157716640643674,0.030671147483469774
7,4,0.23689605162203176,0.06437016211472635
7,4,0.19157716640643674,0.06437016211472635
7,4,0.19157716640643674,0.06437016211472635
7,4,0.23689605162203176,0.06437016211472635
7,4,0.23689605162203176,0.09806917674598203
7,4,0.23689605162203176,0.06437016211472635
7,4,0.2822149368376259,0.09806917674598203
7,4,0.23689605162203176,0.09806917674598203
7,4,0.23689605162203176,0.09806917674598203
7,4,0.2822149368376259,0.09806917674598203
7,4,0.2822149368376259,0.13176819137723772
7,5,0.055620510759652575,0.9295741035897027
7,5,0.10093939597524759,0.9295741035897027
7,5,0.10093939597524759,0.9632731182209584
7,5,0.10093939597524759,0.9295741035897027
7,5,0.14625828119084172,0.9632731182209584
7,5,0.10093939597524759,0.9632731182209584
7,5,0.10093939597524759,0.9632731182209584
7,5,0.14625828119084172,0.9632731182209584
7,5,0.14625828119084172,0.9969721328522141
7,5,0.14625828119084172,0.9632731182209584
7,5,0.19157716640643674,0.9969721328522141
7,5,0.14625828119084172,0.9969721328522141
7,5,0.14625828119084172,0.9969721328522141
7,5,0.19157716640643674,0.9969721328522141
7,4,0.19157716640643674,0.030671147483469774
7,5,0.19157716640643674,0.9969721328522141
7,4,0.23689605162203176,0.030671147483469774
7,4,0.19157716640643674,0.030671147483469774
7,4,0.19157716640643674,0.030671147483469774
7,4,0.23689605162203176,0.030671147483469774
7,4,0.23689605162203176,0.06437016211472635
7,4,0.23689605162203176,0.030671147483469774
7,4,0.2822149368376259,0.06437016211472635
7,4,0.23689605162203176,0.06437016211472635
7,4,0.23689605162203176,0.06437016211472635
7,4,0.2822149368376259,0.06437016211472635
7,4,0.2822149368376259,0.09806917674598203
7,5,0.10093939597524759,0.9295741035897027
7,5,0.14625828119084172,0.9295741035897027
7,5,0.14625828119084172,0.9632731182209584
7,5,0.14625828119084172,0.9295741035897027
7,5,0.19157716640643674,0.9632731182209584
7,5,0.14625828119084172,0.9632731182209584
7,5,0.14625828119084172,0.9632731182209584
7,5,0.19157716640643674,0.9632731182209584
7,5,0.19157716640643674,0.9969721328522141
7,5,0.19157716640643674,0.9632731182209584
7,5,0.23689605162203176,0.9969721328522141
7,5,0.19157716640643674,0.9969721328522141
7,5,0.19157716640643674,0.9969721328522141
7,5,0.23689605162203176,0.9969721328522141
7,4,0.23689605162203176,0.030671147483469774
7,5,0.23689605162203176,0.9969721328522141
7,4,0.2822149368376259,0.030671147483469774
7,4,0.23689605162203176,0.030671147483469774
7,4,0.23689605162203176,0.030671147483469774
7,4,0.2822149368376259,0.030671147483469774
7,4,0.2822149368376259,0.06437016211472635
7,5,0.14625828119084172,0.9295741035897027
7,5,0.19157716640643674,0.9295741035897027
7,5,0.19157716640643674,0.9632731182209584
7,5,0.19157716640643674,0.9295741035897027
7,5,0.23689605162203176,0.9632731182209584
7,5,0.19157716640643674,0.9632731182209584
7,5,0.19157716640643674,0.9632731182209584
7,5,0.23689605162203176,0.9632731182209584
7,5,0.23689605162203176,0.9969721328522141
7,5,0.23689605162203176,0.9632731182209584
7,5,0.2822149368376259,0.9969721328522141
7,5,0.23689605162203176,0.9969721328522141
7,5,0.23689605162203176,0.9969721328522141
7,5,0.2822149368376259,0.9969721328522141
7,4,0.2822149368376259,0.030671147483469774
7,5,0.19157716640643674,0.9295741035897027
7,5,0.23689605162203176,0.9295741035897027
7,5,0.23689605162203176,0.9632731182209584
7,5,0.23689605162203176,0.9295741035897027
7,5,0.2822149368376259,0.9632731182209584
7,5,0.23689605162203176,0.9632731182209584
7,5,0.23689605162203176,0.9632731182209584
7,5,0.2822149368376259,0.9632731182209584
7,5,0.2822149368376259,0.9969721328522141
7,5,0.23689605162203176,0.9295741035897027
7,5,0.2822149368376259,0.9295741035897027
7,5,0.2822149368376259,0.9632731182209584
7,4,0.2822149368376259,0.23286523527100478
7,4,0.23689605162203176,0.23286523527100478
7,4,0.23689605162203176,0.1991662206397491
7,4,0.23689605162203176,0.23286523527100478
7,4,0.19157716640643674,0.1991662206397491
7,4,0.23689605162203176,0.1991662206397491
7,4,0.23689605162203176,0.1991662206397491
7,4,0.19157716640643674,0.1991662206397491
7,4,0.19157716640643674,0.1654672060084934
7,4,0.19157716640643674,0.1991662206397491
7,4,0.14625828119084172,0.1654672060084934
7,4,0.19157716640643674,0.1654672060084934
7,4,0.19157716640643674,0.1654672060084934
7,4,0.14625828119084172,0.1654672060084934
7,4,0.14625828119084172,0.13176819137723772
7,4,0.14625828119084172,0.1654672060084934
7,4,0.10093939597524759,0.13176819137723772
7,4,0.14625828119084172,0.13176819137723772
7,4,0.14625828119084172,0.13176819137723772
7,4,0.10093939597524759,0.13176819137723772
7,4,0.10093939597524759,0.09806917674598203
7,4,0.10093939597524759,0.13176819137723772
7,4,0.055620510759652575,0.09806917674598203
7,4,0.10093939597524759,0.09806917674598203
7,4,0.10093939597524759,0.09806917674598203
7,4,0.055620510759652575,0.09806917674598203
7,4,0.055620510759652575,0.06437016211472635
7,4,0.055620510759652575,0.09806917674598203
7,4,0.010301625544057558,0.06437016211472635
7,4,0.055620510759652575,0.06437016211472635
7,4,0.055620510759652575,0.06437016211472635
7,4,0.010301625544057558,0.06437016211472635
7,4,0.010301625544057558,0.030671147483469774
7,4,0.010301625544057558,0.06437016211472635
6,4,0.9649827403284634,0.030671147483469774
7,4,0.010301625544057558,0.030671147483469774
7,4,0.010301625544057558,0.030671147483469774
6,4,0.9649827403284634,0.030671147483469774
6,5,0.9649827403284634,0.9969721328522141
6,4,0.9649827403284634,0.030671147483469774
6,5,0.9196638551128684,0.9969721328522141
6,5,0.9649827403284634,0.9969721328522141
6,5,0.9649827403284634,0.9969721328522141
6,5,0.9196638551128684,0.9969721328522141
6,5,0.9196638551128684,0.9632731182209584
6,5,0.9196638551128684,0.9969721328522141
6,5,0.8743449698972734,0.9632731182209584
6,5,0.9196638551128684,0.9632731182209584
6,5,0.9196638551128684,0.9632731182209584
6,5,0.8743449698972734,0.9632731182209584
6,5,0.8743449698972734,0.9295741035897027
7,4,0.23689605162203176,0.23286523527100478
7,4,0.19157716640643674,0.23286523527100478
7,4,0.19157716640643674,0.1991662206397491
7,4,0.19157716640643674,0.23286523527100478
7,4,0.14625828119084172,0.1991662206397491
7,4,0.19157716640643674,0.1991662206397491
7,4,0.19157716640643674,0.1991662206397491
7,4,0.14625828119084172,0.1991662206397491
7,4,0.14625828119084172,0.1654672060084934
7,4,0.14625828119084172,0.1991662206397491
7,4,0.10093939597524759,0.1654672060084934
7,4,0.14625828119084172,0.1654672060084934
7,4,0.14625828119084172,0.1654672060084934
7,4,0.10093939597524759,0.1654672060084934
7,4,0.10093939597524759,0.13176819137723772
7,4,0.10093939597524759,0.1654672060084934
7,4,0.055620510759652575,0.13176819137723772
7,4,0.10093939597524759,0.13176819137723772
7,4,0.10093939597524759,0.13176819137723772
7,4,0.055620510759652575,0.13176819137723772
7,4,0.055620510759652575,0.09806917674598203
7,4,0.055620510759652575,0.13176819137723772
7,4,0.010301625544057558,0.09806917674598203
7,4,0.055620510759652575,0.09806917674598203
7,4,0.055620510759652575,0.09806917674598203
7,4,0.010301625544057558,0.09806917674598203
7,4,0.010301625544057558,0.06437016211472635
7,4,0.010301625544057558,0.09806917674598203
6,4,0.9649827403284634,0.06437016211472635
7,4,0.010301625544057558,0.06437016211472635
7,4,0.010301625544057558,0.06437016211472635
6,4,0.9649827403284634,0.06437016211472635
6,4,0.9649827403284634,0.030671147483469774
6,4,0.9649827403284634,0.06437016211472635
6,4,0.9196638551128684,0.030671147483469774
6,4,0.9649827403284634,0.030671147483469774
6,4,0.9649827403284634,0.030671147483469774
6,4,0.9196638551128684,0.030671147483469774
6,5,0.9196638551128684,0.9969721328522141
6,4,0.9196638551128684,0.030671147483469774
6,5,0.8743449698972734,0.9969721328522141
6,5,0.9196638551128684,0.9969721328522141
6,5,0.9196638551128684,0.9969721328522141
6,5,0.8743449698972734,0.9969721328522141
6,5,0.8743449698972734,0.9632731182209584
7,4,0.19157716640643674,0.23286523527100478
7,4,0.14625828119084172,0.23286523527100478
7,4,0.14625828119084172,0.1991662206397491
7,4,0.14625828119084172,0.23286523527100478
7,4,0.10093939597524759,0.1991662206397491
7,4,0.14625828119084172,0.1991662206397491
7,4,0.14625828119084172,0.1991662206397491
7,4,0.10093939597524759,0.1991662206397491
7,4,0.10093939597524759,0.1654672060084934
7,4,0.10093939597524759,0.1991662206397491
7,4,0.055620510759652575,0.1654672060084934
7,4,0.10093939597524759,0.1654672060084934
7,4,0.10093939597524759,0.1654672060084934
7,4,0.055620510759652575,0.1654672060084934
7,4,0.055620510759652575,0.13176819137723772
7,4,0.055620510759652575,0.1654672060084934
7,4,0.010301625544057558,0.13176819137723772
7,4,0.055620510759652575,0.13176819137723772
7,4,0.055620510759652575,0.13176819137723772
7,4,0.010301625544057558,0.13176819137723772
7,4,0.010301625544057558,0.09806917674598203
7,4,0.010301625544057558,0.13176819137723772
6,4,0.9649827403284634,0.09806917674598203
7,4,0.010301625544057558,0.09806917674598203
7,4,0.010301625544057558,0.09806917674598203
6,4,0.9649827403284634,0.09806917674598203
6,4,0.9649827403284634,0.06437016211472635
6,4,0.9649827403284634,0.09806917674598203
6,4,0.9196638551128684,0.06437016211472635
6,4,0.9649827403284634,0.06437016211472635
6,4,0.9649827403284634,0.06437016211472635
6,4,0.9196638551128684,0.06437016211472635
6,4,0.9196638551128684,0.030671147483469774
6,4,0.9196638551128684,0.06437016211472635
6,4,0.8743449698972734,0.030671147483469774
6,4,0.9196638551128684,0.030671147483469774
6,4,0.9196638551128684,0.030671147483469774
6,4,0.8743449698972734,0.030671147483469774
6,5,0.8743449698972734,0.9969721328522141
7,4,0.14625828119084172,0.23286523527100478
7,4,0.10093939597524759,0.23286523527100478
7,4,0.10093939597524759,0.1991662206397491
7,4,0.10093939597524759,0.23286523527100478
7,4,0.055620510759652575,0.1991662206397491
7,4,0.10093939597524759,0.1991662206397491
7,4,0.10093939597524759,0.1991662206397491
7,4,0.055620510759652575,0.1991662206397491
7,4,0.055620510759652575,0.1654672060084934
7,4,0.055620510759652575,0.1991662206397491
7,4,0.010301625544057558,0.1654672060084934
7,4,0.055620510759652575,0.1654672060084934
7,4,0.055620510759652575,0.1654672060084934
7,4,0.010301625544057558,0.1654672060084934
7,4,0.010301625544057558,0.13176819137723772
7,4,0.010301625544057558,0.1654672060084934
6,4,0.9649827403284634,0.13176819137723772
7,4,0.010301625544057558,0.13176819137723772
7,4,0.010301625544057558,0.13176819137723772
6,4,0.9649827403284634,0.13176819137723772
6,4,0.9649827403284634,0.09806917674598203
6,4,0.9649827403284634,0.13176819137723772
6,4,0.9196638551128684,0.09806917674598203
6,4,0.9649827403284634,0.09806917674598203
6,4,0.9649827403284634,0.09806917674598203
6,4,0.9196638551128684,0.09806917674598203
6,4,0.9196638551128684,0.06437016211472635
6,4,0.9196638551128684,0.09806917674598203
6,4,0.8743449698972734,0.06437016211472635
6,4,0.9196638551128684,0.06437016211472635
6,4,0.9196638551128684,0.06437016211472635
6,4,0.8743449698972734,0.06437016211472635
6,4,0.8743449698972734,0.030671147483469774
7,4,0.10093939597524759,0.23286523527100478
7,4,0.055620510759652575,0.23286523527100478
7,4,0.055620510759652575,0.1991662206397491
7,4,0.055620510759652575,0.23286523527100478
7,4,0.010301625544057558,0.1991662206397491
7,4,0.055620510759652575,0.1991662206397491
7,4,0.055620510759652575,0.1991662206397491
7,4,0.010301625544057558,0.1991662206397491
7,4,0.010301625544057558,0.1654672060084934
7,4,0.010301625544057558,0.1991662206397491
6,4,0.9649827403284625,0.1654672060084934
7,4,0.010301625544057558,0.1654672060084934
7,4,0.010301625544057558,0.1654672060084934
6,4,0.9649827403284625,0.1654672060084934
6,4,0.9649827403284634,0.13176819137723772
6,4,0.9649827403284625,0.1654672060084934
6,4,0.9196638551128684,0.13176819137723772
6,4,0.9649827403284634,0.13176819137723772
6,4,0.9649827403284634,0.13176819137723772
6,4,0.9196638551128684,0.13176819137723772
6,4,0.9196638551128684,0.09806917674598203
6,4,0.9196638551128684,0.13176819137723772
6,4,0.8743449698972734,0.09806917674598203
6,4,0.9196638551128684,0.09806917674598203
6,4,0.9196638551128684,0.09806917674598203
6,4,0.8743449698972734,0.09806917674598203
6,4,0.8743449698972734,0.06437016211472635
7,4,0.055620510759652575,0.23286523527100478
7,4,0.010301625544057558,0.23286523527100478
7,4,0.010301625544057558,0.1991662206397491
7,4,0.010301625544057558,0.23286523527100478
6,4,0.9649827403284634,0.1991662206397491
7,4,0.010301625544057558,0.1991662206397491
7,4,0.010301625544057558,0.1991662206397491
6,4,0.9649827403284634,0.1991662206397491
6,4,0.9649827403284625,0.1654672060084934
6,4,0.9649827403284634,0.1991662206397491
6,4,0.9196638551128684,0.1654672060084934
6,4,0.9649827403284625,0.1654672060084934
6,4,0.9649827403284625,0.1654672060084934
6,4,0.9196638551128684,0.1654672060084934
6,4,0.9196638551128684,0.13176819137723772
6,4,0.9196638551128684,0.1654672060084934
6,4,0.8743449698972734,0.13176819137723772
6,4,0.9196638551128684,0.13176819137723772
6,4,0.9196638551128684,0.13176819137723772
6,4,0.8743449698972734,0.13176819137723772
6,4,0.8743449698972734,0.09806917674598203
7,4,0.010301625544057558,0.23286523527100478
6,4,0.9649827403284634,0.23286523527100478
6,4,0.9649827403284634,0.1991662206397491
6,4,0.9649827403284634,0.23286523527100478
6,4,0.9196638551128684,0.1991662206397491
6,4,0.9649827403284634,0.1991662206397491
6,4,0.9649827403284634,0.1991662206397491
6,4,0.9196638551128684,0.1991662206397491
6,4,0.9196638551128684,0.1654672060084934
6,4,0.9196638551128684,0.1991662206397491
6,4,0.8743449698972734,0.1654672060084934
6,4,0.9196638551128684,0.1654672060084934
6,4,0.9196638551128684,0.1654672060084934
6,4,0.8743449698972734,0.1654672060084934
6,4,0.8743449698972734,0.13176819137723772
6,4,0.9649827403284634,0.23286523527100478
6,4,0.9196638551128684,0.23286523527100478
6,4,0.9196638551128684,0.1991662206397491
6,4,0.9196638551128684,0.23286523527100478
6,4,0.8743449698972734,0.1991662206397491
6,4,0.9196638551128684,0.1991662206397491
6,4,0.9196638551128684,0.1991662206397491
6,4,0.8743449698972734,0.1991662206397491
6,4,0.8743449698972734,0.1654672060084934
6,4,0.9196638551128684,0.23286523527100478
6,4,0.8743449698972734,0.23286523527100478
6,4,0.8743449698972734,0.1991662206397491
7,4,0.08000000000000007,0.71
6,4,0.9732639904291291,0.6038908327420414
6,4,0.9732639904291291,0.8161091672579586
7,4,0.186736009570871,0.6038908327420414
7,4,0.186736009570871,0.8161091672579586
7,4,0.2683681300778993,0.9143821353727066
7,4,0.23169877219097668,0.9143821353727066
7,4,0.23169877219097668,0.8742860517765134
7,4,0.23169877219097668,0.9143821353727066
7,4,0.19502941430405496,0.8742860517765134
7,4,0.23169877219097668,0.8742860517765134
7,4,0.23169877219097668,0.8742860517765134
7,4,0.19502941430405496,0.8742860517765134
7,4,0.19502941430405496,0.8341899681803211
7,4,0.19502941430405496,0.8742860517765134
7,4,0.15836005641713236,0.8341899681803211
7,4,0.19502941430405496,0.8341899681803211
7,4,0.19502941430405496,0.8341899681803211
7,4,0.15836005641713236,0.8341899681803211
7,4,0.15836005641713236,0.7940938845841288
7,4,0.15836005641713236,0.8341899681803211
7,4,0.12169069853020975,0.7940938845841288
7,4,0.15836005641713236,0.7940938845841288
7,4,0.15836005641713236,0.7940938845841288
7,4,0.12169069853020975,0.7940938845841288
7,4,0.12169069853020975,0.7539978009879356
7,4,0.12169069853020975,0.7940938845841288
7,4,0.08502134064328715,0.7539978009879356
7,4,0.12169069853020975,0.7539978009879356
7,4,0.12169069853020975,0.7539978009879356
7,4,0.08502134064328715,0.7539978009879356
7,4,0.08502134064328715,0.7139017173917432
7,4,0.08502134064328715,0.7539978009879356
7,4,0.04835198275636454,0.7139017173917432
7,4,0.08502134064328715,0.7139017173917432
7,4,0.08502134064328715,0.7139017173917432
7,4,0.04835198275636454,0.7139017173917432
7,4,0.04835198275636454,0.6738056337955509
7,4,0.04835198275636454,0.7139017173917432
7,4,0.011682624869441938,0.6738056337955509
7,4,0.04835198275636454,0.6738056337955509
7,4,0.04835198275636454,0.6738056337955509
7,4,0.011682624869441938,0.6738056337955509
7,4,0.011682624869441938,0.6337095501993577
7,4,0.011682624869441938,0.6738056337955509
6,4,0.9750132669825193,0.6337095501993577
7,4,0.011682624869441938,0.6337095501993577
7,4,0.011682624869441938,0.6337095501993577
6,4,0.9750132669825193,0.6337095501993577
6,4,0.9750132669825193,0.5936134666031654
6,4,0.9750132669825193,0.6337095501993577
6,4,0.9383439090955967,0.5936134666031654
6,4,0.9750132669825193,0.5936134666031654
6,4,0.9750132669825193,0.5936134666031654
6,4,0.9383439090955967,0.5936134666031654
6,4,0.9383439090955967,0.5535173830069722
6,4,0.9383439090955967,0.5936134666031654
6,4,0.9016745512086741,0.5535173830069722
6,4,0.9383439090955967,0.5535173830069722
6,4,0.9383439090955967,0.5535173830069722
6,4,0.9016745512086741,0.5535173830069722
6,4,0.9016745512086741,0.5134212994107799
7,4,0.23169877219097668,0.9143821353727066
7,4,0.19502941430405496,0.9143821353727066
7,4,0.19502941430405496,0.8742860517765134
7,4,0.19502941430405496,0.9143821353727066
7,4,0.15836005641713236,0.8742860517765134
7,4,0.19502941430405496,0.8742860517765134
7,4,0.19502941430405496,0.8742860517765134
7,4,0.15836005641713236,0.8742860517765134
7,4,0.15836005641713236,0.8341899681803211
7,4,0.15836005641713236,0.8742860517765134
7,4,0.12169069853020975,0.8341899681803211
7,4,0.15836005641713236,0.8341899681803211
7,4,0.15836005641713236,0.8341899681803211
7,4,0.12169069853020975,0.8341899681803211
7,4,0.12169069853020975,0.7940938845841288
7,4,0.12169069853020975,0.8341899681803211
7,4,0.08502134064328715,0.7940938845841288
7,4,0.12169069853020975,0.7940938845841288
7,4,0.12169069853020975,0.7940938845841288
7,4,0.08502134064328715,0.7940938845841288
7,4,0.08502134064328715,0.7539978009879356
7,4,0.08502134064328715,0.7940938845841288
7,4,0.04835198275636454,0.7539978009879356
7,4,0.08502134064328715,0.7539978009879356
7,4,0.08502134064328715,0.7539978009879356
7,4,0.04835198275636454,0.7539978009879356
7,4,0.04835198275636454,0.7139017173917432
7,4,0.04835198275636454,0.7539978009879356
7,4,0.011682624869441938,0.7139017173917432
7,4,0.04835198275636454,0.7139017173917432
7,4,0.04835198275636454,0.7139017173917432
7,4,0.011682624869441938,0.7139017173917432
7,4,0.011682624869441938,0.6738056337955509
7,4,0.011682624869441938,0.7139017173917432
6,4,0.9750132669825193,0.6738056337955509
7,4,0.011682624869441938,0.6738056337955509
7,4,0.011682624869441938,0.6738056337955509
6,4,0.9750132669825193,0.6738056337955509
6,4,0.9750132669825193,0.6337095501993577
6,4,0.9750132669825193,0.6738056337955509
6,4,0.9383439090955967,0.6337095501993577
6,4,0.9750132669825193,0.6337095501993577
6,4,0.9750132669825193,0.6337095501993577
6,4,0.9383439090955967,0.6337095501993577
6,4,0.9383439090955967,0.5936134666031654
6,4,0.9383439090955967,0.6337095501993577
6,4,0.9016745512086741,0.5936134666031654
6,4,0.9383439090955967,0.5936134666031654
6,4,0.9383439090955967,0.5936134666031654
6,4,0.9016745512086741,0.5936134666031654
6,4,0.9016745512086741,0.5535173830069722
7,4,0.19502941430405496,0.9143821353727066
7,4,0.15836005641713236,0.9143821353727066
7,4,0.15836005641713236,0.8742860517765134
7,4,0.15836005641713236,0.9143821353727066
7,4,0.12169069853020975,0.8742860517765134
7,4,0.15836005641713236,0.8742860517765134
7,4,0.15836005641713236,0.8742860517765134
7,4,0.12169069853020975,0.8742860517765134
7,4,0.12169069853020975,0.8341899681803211
7,4,0.12169069853020975,0.8742860517765134
7,4,0.08502134064328715,0.8341899681803211
7,4,0.12169069853020975,0.8341899681803211
7,4,0.12169069853020975,0.8341899681803211
7,4,0.08502134064328715,0.8341899681803211
7,4,0.08502134064328715,0.7940938845841288
7,4,0.08502134064328715,0.8341899681803211
7,4,0.04835198275636454,0.7940938845841288
7,4,0.08502134064328715,0.7940938845841288
7,4,0.08502134064328715,0.7940938845841288
7,4,0.04835198275636454,0.7940938845841288
7,4,0.04835198275636454,0.7539978009879356
7,4,0.04835198275636454,0.7940938845841288
7,4,0.011682624869441938,0.7539978009879356
7,4,0.04835198275636454,0.7539978009879356
7,4,0.04835198275636454,0.7539978009879356
7,4,0.011682624869441938,0.7539978009879356
7,4,0.011682624869441938,0.7139017173917432
7,4,0.011682624869441938,0.7539978009879356
6,4,0.9750132669825193,0.7139017173917432
7,4,0.011682624869441938,0.7139017173917432
7,4,0.011682624869441938,0.7139017173917432
6,4,0.9750132669825193,0.7139017173917432
6,4,0.9750132669825193,0.6738056337955509
6,4,0.9750132669825193,0.7139017173917432
6,4,0.9383439090955967,0.6738056337955509
6,4,0.9750132669825193,0.6738056337955509
6,4,0.9750132669825193,0.6738056337955509
6,4,0.9383439090955967,0.6738056337955509
6,4,0.9383439090955967,0.6337095501993577
6,4,0.9383439090955967,0.6738056337955509
6,4,0.9016745512086741,0.6337095501993577
6,4,0.9383439090955967,0.6337095501993577
6,4,0.9383439090955967,0.6337095501993577
6,4,0.9016745512086741,0.6337095501993577
6,4,0.9016745512086741,0.5936134666031654
7,4,0.15836005641713236,0.9143821353727066
7,4,0.12169069853020975,0.9143821353727066
7,4,0.12169069853020975,0.8742860517765134
7,4,0.12169069853020975,0.9143821353727066
7,4,0.08502134064328715,0.8742860517765134
7,4,0.12169069853020975,0.8742860517765134
7,4,0.12169069853020975,0.8742860517765134
7,4,0.08502134064328715,0.8742860517765134
7,4,0.08502134064328715,0.8341899681803211
7,4,0.08502134064328715,0.8742860517765134
7,4,0.04835198275636454,0.8341899681803211
7,4,0.08502134064328715,0.8341899681803211
7,4,0.08502134064328715,0.8341899681803211
7,4,0.04835198275636454,0.8341899681803211
7,4,0.04835198275636454,0.7940938845841288
7,4,0.04835198275636454,0.8341899681803211
7,4,0.011682624869441938,0.7940938845841288
7,4,0.04835198275636454,0.7940938845841288
7,4,0.04835198275636454,0.7940938845841288
7,4,0.011682624869441938,0.7940938845841288
7,4,0.011682624869441938,0.7539978009879356
7,4,0.011682624869441938,0.7940938845841288
6,4,0.9750132669825193,0.7539978009879356
7,4,0.011682624869441938,0.7539978009879356
7,4,0.011682624869441938,0.7539978009879356
6,4,0.9750132669825193,0.7539978009879356
6,4,0.9750132669825193,0.7139017173917432
6,4,0.9750132669825193,0.7539978009879356
6,4,0.9383439090955967,0.7139017173917432
6,4,0.9750132669825193,0.7139017173917432
6,4,0.9750132669825193,0.7139017173917432
6,4,0.9383439090955967,0.7139017173917432
6,4,0.9383439090955967,0.6738056337955509
6,4,0.9383439090955967,0.7139017173917432
6,4,0.9016745512086741,0.6738056337955509
6,4,0.9383439090955967,0.6738056337955509
6,4,0.9383439090955967,0.6738056337955509
6,4,0.9016745512086741,0.6738056337955509
6,4,0.9016745512086741,0.6337095501993577
7,4,0.12169069853020975,0.9143821353727066
7,4,0.08502134064328715,0.9143821353727066
7,4,0.08502134064328715,0.8742860517765134
7,4,0.08502134064328715,0.9143821353727066
7,4,0.04835198275636454,0.8742860517765134
7,4,0.08502134064328715,0.8742860517765134
7,4,0.08502134064328715,0.8742860517765134
7,4,0.04835198275636454,0.8742860517765134
7,4,0.04835198275636454,0.8341899681803211
7,4,0.04835198275636454,0.8742860517765134
7,4,0.011682624869441938,0.8341899681803211
7,4,0.04835198275636454,0.8341899681803211
7,4,0.04835198275636454,0.8341899681803211
7,4,0.011682624869441938,0.8341899681803211
7,4,0.011682624869441938,0.7940938845841288
7,4,0.011682624869441938,0.8341899681803211
6,4,0.9750132669825193,0.7940938845841288
7,4,0.011682624869441938,0.7940938845841288
7,4,0.011682624869441938,0.7940938845841288
6,4,0.9750132669825193,0.7940938845841288
6,4,0.9750132669825193,0.7539978009879356
6,4,0.9750132669825193,0.7940938845841288
6,4,0.9383439090955967,0.7539978009879356
6,4,0.9750132669825193,0.7539978009879356
6,4,0.9750132669825193,0.7539978009879356
6,4,0.9383439090955967,0.7539978009879356
6,4,0.9383439090955967,0.7139017173917432
6,4,0.9383439090955967,0.7539978009879356
6,4,0.9016745512086741,0.7139017173917432
6,4,0.9383439090955967,0.7139017173917432
6,4,0.9383439090955967,0.7139017173917432
6,4,0.9016745512086741,0.7139017173917432
6,4,0.9016745512086741,0.6738056337955509
7,4,0.08502134064328715,0.9143821353727066
7,4,0.04835198275636454,0.9143821353727066
7,4,0.04835198275636454,0.8742860517765134
7,4,0.04835198275636454,0.9143821353727066
7,4,0.011682624869441938,0.8742860517765134
7,4,0.04835198275636454,0.8742860517765134
7,4,0.04835198275636454,0.8742860517765134
7,4,0.011682624869441938,0.8742860517765134
7,4,0.011682624869441938,0.8341899681803211
7,4,0.011682624869441938,0.8742860517765134
6,4,0.9750132669825193,0.8341899681803211
7,4,0.011682624869441938,0.8341899681803211
7,4,0.011682624869441938,0.8341899681803211
6,4,0.9750132669825193,0.8341899681803211
6,4,0.9750132669825193,0.7940938845841288
6,4,0.9750132669825193,0.8341899681803211
6,4,0.9383439090955967,0.7940938845841288
6,4,0.9750132669825193,0.7940938845841288
6,4,0.9750132669825193,0.7940938845841288
6,4,0.9383439090955967,0.7940938845841288
6,4,0.9383439090955967,0.7539978009879356
6,4,0.9383439090955967,0.7940938845841288
6,4,0.9016745512086741,0.7539978009879356
6,4,0.9383439090955967,0.7539978009879356
6,4,0.9383439090955967,0.7539978009879356
6,4,0.9016745512086741,0.7539978009879356
6,4,0.9016745512086741,0.7139017173917432
7,4,0.04835198275636454,0.9143821353727066
7,4,0.011682624869441938,0.9143821353727066
7,4,0.011682624869441938,0.8742860517765134
7,4,0.011682624869441938,0.9143821353727066
6,4,0.9750132669825193,0.8742860517765134
7,4,0.011682624869441938,0.8742860517765134
7,4,0.011682624869441938,0.8742860517765134
6,4,0.9750132669825193,0.8742860517765134
6,4,0.9750132669825193,0.8341899681803211
6,4,0.9750132669825193,0.8742860517765134
6,4,0.9383439090955967,0.8341899681803211
6,4,0.9750132669825193,0.8341899681803211
6,4,0.9750132669825193,0.8341899681803211
6,4,0.9383439090955967,0.8341899681803211
6,4,0.9383439090955967,0.7940938845841288
6,4,0.9383439090955967,0.8341899681803211
6,4,0.9016745512086741,0.7940938845841288
6,4,0.9383439090955967,0.7940938845841288
6,4,0.9383439090955967,0.7940938845841288
6,4,0.9016745512086741,0.7940938845841288
6,4,0.9016745512086741,0.7539978009879356
7,4,0.011682624869441938,0.9143821353727066
6,4,0.9750132669825193,0.9143821353727066
6,4,0.9750132669825193,0.8742860517765134
6,4,0.9750132669825193,0.9143821353727066
6,4,0.9383439090955967,0.8742860517765134
6,4,0.9750132669825193,0.8742860517765134
6,4,0.9750132669825193,0.8742860517765134
6,4,0.9383439090955967,0.8742860517765134
6,4,0.9383439090955967,0.8341899681803211
6,4,0.9383439090955967,0.8742860517765134
6,4,0.9016745512086741,0.8341899681803211
6,4,0.9383439090955967,0.8341899681803211
6,4,0.9383439090955967,0.8341899681803211
6,4,0.9016745512086741,0.8341899681803211
6,4,0.9016745512086741,0.7940938845841288
6,4,0.9750132669825193,0.9143821353727066
6,4,0.9383439090955967,0.9143821353727066
6,4,0.9383439090955967,0.8742860517765134
6,4,0.9383439090955967,0.9143821353727066
6,4,0.9016745512086741,0.8742860517765134
6,4,0.9383439090955967,0.8742860517765134
6,4,0.9383439090955967,0.8742860517765134
6,4,0.9016745512086741,0.8742860517765134
6,4,0.9016745512086741,0.8341899681803211
6,4,0.9383439090955967,0.9143821353727066
6,4,0.9016745512086741,0.9143821353727066
6,4,0.9016745512086741,0.8742860517765134
6,4,0.9016745512086741,0.5134212994107799
6,4,0.9383439090955967,0.5134212994107799
6,4,0.9383439090955967,0.5535173830069722
6,4,0.9383439090955967,0.5134212994107799
6,4,0.9750132669825193,0.5535173830069722
6,4,0.9383439090955967,0.5535173830069722
6,4,0.9383439090955967,0.5535173830069722
6,4,0.9750132669825193,0.5535173830069722
6,4,0.9750132669825193,0.5936134666031654
6,4,0.9750132669825193,0.5535173830069722
7,4,0.011682624869441938,0.5936134666031654
6,4,0.9750132669825193,0.5936134666031654
6,4,0.9750132669825193,0.5936134666031654
7,4,0.011682624869441938,0.5936134666031654
7,4,0.011682624869441938,0.6337095501993577
7,4,0.011682624869441938,0.5936134666031654
7,4,0.04835198275636454,0.6337095501993577
7,4,0.011682624869441938,0.6337095501993577
7,4,0.011682624869441938,0.6337095501993577
7,4,0.04835198275636454,0.6337095501993577
7,4,0.04835198275636454,0.6738056337955509
7,4,0.04835198275636454,0.6337095501993577
7,4,0.08502134064328715,0.6738056337955509
7,4,0.04835198275636454,0.6738056337955509
7,4,0.04835198275636454,0.6738056337955509
7,4,0.08502134064328715,0.6738056337955509
7,4,0.08502134064328715,0.7139017173917432
7,4,0.08502134064328715,0.6738056337955509
7,4,0.12169069853020975,0.7139017173917432
7,4,0.08502134064328715,0.7139017173917432
7,4,0.08502134064328715,0.7139017173917432
7,4,0.12169069853020975,0.7139017173917432
7,4,0.12169069853020975,0.7539978009879356
7,4,0.12169069853020975,0.7139017173917432
7,4,0.15836005641713236,0.7539978009879356
7,4,0.12169069853020975,0.7539978009879356
7,4,0.12169069853020975,0.7539978009879356
7,4,0.15836005641713236,0.7539978009879356
7,4,0.15836005641713236,0.7940938845841288
7,4,0.15836005641713236,0.7539978009879356
7,4,0.19502941430405496,0.7940938845841288
7,4,0.15836005641713236,0.7940938845841288
7,4,0.15836005641713236,0.7940938845841288
7,4,0.19502941430405496,0.7940938845841288
7,4,0.19502941430405496,0.8341899681803211
7,4,0.19502941430405496,0.7940938845841288
7,4,0.23169877219097668,0.8341899681803211
7,4,0.19502941430405496,0.8341899681803211
7,4,0.19502941430405496,0.8341899681803211
7,4,0.23169877219097668,0.8341899681803211
7,4,0.23169877219097668,0.8742860517765134
7,4,0.23169877219097668,0.8341899681803211
7,4,0.2683681300778993,0.8742860517765134
7,4,0.23169877219097668,0.8742860517765134
7,4,0.23169877219097668,0.8742860517765134
7,4,0.2683681300778993,0.8742860517765134
7,4,0.2683681300778993,0.9143821353727066
6,4,0.9383439090955967,0.5134212994107799
6,4,0.9750132669825193,0.5134212994107799
6,4,0.9750132669825193,0.5535173830069722
6,4,0.9750132669825193,0.5134212994107799
7,4,0.011682624869441938,0.5535173830069722
6,4,0.9750132669825193,0.5535173830069722
6,4,0.9750132669825193,0.5535173830069722
7,4,0.011682624869441938,0.5535173830069722
7,4,0.011682624869441938,0.5936134666031654
7,4,0.011682624869441938,0.5535173830069722
7,4,0.04835198275636454,0.5936134666031654
7,4,0.011682624869441938,0.5936134666031654
7,4,0.011682624869441938,0.5936134666031654
7,4,0.04835198275636454,0.5936134666031654
7,4,0.04835198275636454,0.6337095501993577
7,4,0.04835198275636454,0.5936134666031654
7,4,0.08502134064328715,0.6337095501993577
7,4,0.04835198275636454,0.6337095501993577
7,4,0.04835198275636454,0.6337095501993577
7,4,0.08502134064328715,0.6337095501993577
7,4,0.08502134064328715,0.6738056337955509
7,4,0.08502134064328715,0.6337095501993577
7,4,0.12169069853020975,0.6738056337955509
7,4,0.08502134064328715,0.6738056337955509
7,4,0.08502134064328715,0.6738056337955509
7,4,0.12169069853020975,0.6738056337955509
7,4,0.12169069853020975,0.7139017173917432
7,4,0.12169069853020975,0.6738056337955509
7,4,0.15836005641713236,0.7139017173917432
7,4,0.12169069853020975,0.7139017173917432
7,4,0.12169069853020975,0.7139017173917432
7,4,0.15836005641713236,0.7139017173917432
7,4,0.15836005641713236,0.7539978009879356
7,4,0.15836005641713236,0.7139017173917432
7,4,0.19502941430405496,0.7539978009879356
7,4,0.15836005641713236,0.7539978009879356
7,4,0.15836005641713236,0.7539978009879356
7,4,0.19502941430405496,0.7539978009879356
7,4,0.19502941430405496,0.7940938845841288
7,4,0.19502941430405496,0.7539978009879356
7,4,0.23169877219097668,0.7940938845841288
7,4,0.19502941430405496,0.7940938845841288
7,4,0.19502941430405496,0.7940938845841288
7,4,0.23169877219097668,0.7940938845841288
7,4,0.23169877219097668,0.8341899681803211
7,4,0.23169877219097668,0.7940938845841288
7,4,0.2683681300778993,0.8341899681803211
7,4,0.23169877219097668,0.8341899681803211
7,4,0.23169877219097668,0.8341899681803211
7,4,0.2683681300778993,0.8341899681803211
7,4,0.2683681300778993,0.8742860517765134
6,4,0.9750132669825193,0.5134212994107799
7,4,0.011682624869441938,0.5134212994107799
7,4,0.011682624869441938,0.5535173830069722
7,4,0.011682624869441938,0.5134212994107799
7,4,0.04835198275636454,0.5535173830069722
7,4,0.011682624869441938,0.5535173830069722
7,4,0.011682624869441938,0.5535173830069722
7,4,0.04835198275636454,0.5535173830069722
7,4,0.04835198275636454,0.5936134666031654
7,4,0.04835198275636454,0.5535173830069722
7,4,0.08502134064328715,0.5936134666031654
7,4,0.04835198275636454,0.5936134666031654
7,4,0.04835198275636454,0.5936134666031654
7,4,0.08502134064328715,0.5936134666031654
7,4,0.08502134064328715,0.6337095501993577
7,4,0.08502134064328715,0.5936134666031654
7,4,0.12169069853020975,0.6337095501993577
7,4,0.08502134064328715,0.6337095501993577
7,4,0.08502134064328715,0.6337095501993577
7,4,0.12169069853020975,0.6337095501993577
7,4,0.12169069853020975,0.6738056337955509
7,4,0.12169069853020975,0.6337095501993577
7,4,0.15836005641713236,0.6738056337955509
7,4,0.12169069853020975,0.6738056337955509
7,4,0.12169069853020975,0.6738056337955509
7,4,0.15836005641713236,0.6738056337955509
7,4,0.15836005641713236,0.7139017173917432
7,4,0.15836005641713236,0.6738056337955509
7,4,0.19502941430405496,0.7139017173917432
7,4,0.15836005641713236,0.7139017173917432
7,4,0.15836005641713236,0.7139017173917432
7,4,0.19502941430405496,0.7139017173917432
7,4,0.19502941430405496,0.7539978009879356
7,4,0.19502941430405496,0.7139017173917432
7,4,0.23169877219097668,0.7539978009879356
7,4,0.19502941430405496,0.7539978009879356
7,4,0.19502941430405496,0.7539978009879356
7,4,0.23169877219097668,0.7539978009879356
7,4,0.23169877219097668,0.7940938845841288
7,4,0.23169877219097668,0.7539978009879356
7,4,0.2683681300778993,0.7940938845841288
7,4,0.23169877219097668,0.7940938845841288
7,4,0.23169877219097668,0.7940938845841288
7,4,0.2683681300778993,0.7940938845841288
7,4,0.2683681300778993,0.8341899681803211
7,4,0.011682624869441938,0.5134212994107799
7,4,0.04835198275636454,0.5134212994107799
7,4,0.04835198275636454,0.5535173830069722
7,4,0.04835198275636454,0.5134212994107799
7,4,0.08502134064328715,0.5535173830069722
7,4,0.04835198275636454,0.5535173830069722
7,4,0.04835198275636454,0.5535173830069722
7,4,0.08502134064328715,0.5535173830069722
7,4,0.08502134064328715,0.5936134666031654
7,4,0.08502134064328715,0.5535173830069722
7,4,0.12169069853020975,0.5936134666031654
7,4,0.08502134064328715,0.5936134666031654
7,4,0.08502134064328715,0.5936134666031654
7,4,0.12169069853020975,0.5936134666031654
7,4,0.12169069853020975,0.6337095501993577
7,4,0.12169069853020975,0.5936134666031654
7,4,0.15836005641713236,0.6337095501993577
7,4,0.12169069853020975,0.6337095501993577
7,4,0.12169069853020975,0.6337095501993577
7,4,0.15836005641713236,0.6337095501993577
7,4,0.15836005641713236,0.6738056337955509
7,4,0.15836005641713236,0.6337095501993577
7,4,0.19502941430405496,0.6738056337955509
7,4,0.15836005641713236,0.6738056337955509
7,4,0.15836005641713236,0.6738056337955509
7,4,0.19502941430405496,0.6738056337955509
7,4,0.19502941430405496,0.7139017173917432
7,4,0.19502941430405496,0.6738056337955509
7,4,0.23169877219097668,0.7139017173917432
7,4,0.19502941430405496,0.7139017173917432
7,4,0.19502941430405496,0.7139017173917432
7,4,0.23169877219097668,0.7139017173917432
7,4,0.23169877219097668,0.7539978009879356
7,4,0.23169877219097668,0.7139017173917432
7,4,0.2683681300778993,0.7539978009879356
7,4,0.23169877219097668,0.7539978009879356
7,4,0.23169877219097668,0.7539978009879356
7,4,0.2683681300778993,0.7539978009879356
7,4,0.2683681300778993,0.7940938845841288
7,4,0.04835198275636454,0.5134212994107799
7,4,0.08502134064328715,0.5134212994107799
7,4,0.08502134064328715,0.5535173830069722
7,4,0.08502134064328715,0.5134212994107799
7,4,0.12169069853020975,0.5535173830069722
7,4,0.08502134064328715,0.5535173830069722
7,4,0.08502134064328715,0.5535173830069722
7,4,0.12169069853020975,0.5535173830069722
7,4,0.12169069853020975,0.5936134666031654
7,4,0.12169069853020975,0.5535173830069722
7,4,0.15836005641713236,0.5936134666031654
7,4,0.12169069853020975,0.5936134666031654
7,4,0.12169069853020975,0.5936134666031654
7,4,0.15836005641713236,0.5936134666031654
7,4,0.15836005641713236,0.6337095501993577
7,4,0.15836005641713236,0.5936134666031654
7,4,0.19502941430405496,0.6337095501993577
7,4,0.15836005641713236,0.6337095501993577
7,4,0.15836005641713236,0.6337095501993577
7,4,0.19502941430405496,0.6337095501993577
7,4,0.19502941430405496,0.6738056337955509
7,4,0.19502941430405496,0.6337095501993577
7,4,0.23169877219097668,0.6738056337955509
7,4,0.19502941430405496,0.6738056337955509
7,4,0.19502941430405496,0.6738056337955509
7,4,0.23169877219097668,0.6738056337955509
7,4,0.23169877219097668,0.7139017173917432
7,4,0.23169877219097668,0.6738056337955509
7,4,0.2683681300778993,0.7139017173917432
7,4,0.23169877219097668,0.7139017173917432
7,4,0.23169877219097668,0.7139017173917432
7,4,0.2683681300778993,0.7139017173917432
7,4,0.2683681300778993,0.7539978009879356
7,4,0.08502134064328715,0.5134212994107799
7,4,0.12169069853020975,0.5134212994107799
7,4,0.12169069853020975,0.5535173830069722
7,4,0.12169069853020975,0.5134212994107799
7,4,0.15836005641713236,0.5535173830069722
7,4,0.12169069853020975,0.5535173830069722
7,4,0.12169069853020975,0.5535173830069722
7,4,0.15836005641713236,0.5535173830069722
7,4,0.15836005641713236,0.5936134666031654
7,4,0.15836005641713236,0.5535173830069722
7,4,0.19502941430405496,0.5936134666031654
7,4,0.15836005641713236,0.5936134666031654
7,4,0.15836005641713236,0.5936134666031654
7,4,0.19502941430405496,0.5936134666031654
7,4,0.19502941430405496,0.6337095501993577
7,4,0.19502941430405496,0.5936134666031654
7,4,0.23169877219097668,0.6337095501993577
7,4,0.19502941430405496,0.6337095501993577
7,4,0.19502941430405496,0.6337095501993577
7,4,0.23169877219097668,0.6337095501993577
7,4,0.23169877219097668,0.6738056337955509
7,4,0.23169877219097668,0.6337095501993577
7,4,0.2683681300778993,0.6738056337955509
7,4,0.23169877219097668,0.6738056337955509
7,4,0.23169877219097668,0.6738056337955509
7,4,0.2683681300778993,0.6738056337955509
7,4,0.2683681300778993,0.7139017173917432
7,4,0.12169069853020975,0.5134212994107799
7,4,0.15836005641713236,0.5134212994107799
7,4,0.15836005641713236,0.5535173830069722
7,4,0.15836005641713236,0.5134212994107799
7,4,0.19502941430405407,0.5535173830069722
7,4,0.15836005641713236,0.5535173830069722
7,4,0.15836005641713236,0.5535173830069722
7,4,0.19502941430405407,0.5535173830069722
7,4,0.19502941430405496,0.5936134666031654
7,4,0.19502941430405407,0.5535173830069722
7,4,0.23169877219097668,0.5936134666031654
7,4,0.19502941430405496,0.5936134666031654
7,4,0.19502941430405496,0.5936134666031654
7,4,0.23169877219097668,0.5936134666031654
7,4,0.23169877219097668,0.6337095501993577
7,4,0.23169877219097668,0.5936134666031654
7,4,0.2683681300778993,0.6337095501993577
7,4,0.23169877219097668,0.6337095501993577
7,4,0.23169877219097668,0.6337095501993577
7,4,0.2683681300778993,0.6337095501993577
7,4,0.2683681300778993,0.6738056337955509
7,4,0.15836005641713236,0.5134212994107799
7,4,0.19502941430405496,0.5134212994107799
7,4,0.19502941430405407,0.5535173830069722
7,4,0.19502941430405496,0.5134212994107799
7,4,0.23169877219097668,0.5535173830069722
7,4,0.19502941430405407,0.5535173830069722
7,4,0.19502941430405407,0.5535173830069722
7,4,0.23169877219097668,0.5535173830069722
7,4,0.23169877219097668,0.5936134666031654
7,4,0.23169877219097668,0.5535173830069722
7,4,0.2683681300778993,0.5936134666031654
7,4,0.23169877219097668,0.5936134666031654
7,4,0.23169877219097668,0.5936134666031654
7,4,0.2683681300778993,0.5936134666031654
7,4,0.2683681300778993,0.6337095501993577
7,4,0.19502941430405496,0.5134212994107799
7,4,0.23169877219097668,0.5134212994107799
7,4,0.23169877219097668,0.5535173830069722
7,4,0.23169877219097668,0.5134212994107799
7,4,0.2683681300778993,0.5535173830069722
7,4,0.23169877219097668,0.5535173830069722
7,4,0.23169877219097668,0.5535173830069722
7,4,0.2683681300778993,0.5535173830069722
7,4,0.2683681300778993,0.5936134666031654
7,4,0.23169877219097668,0.5134212994107799
7,4,0.2683681300778993,0.5134212994107799
7,4,0.2683681300778993,0.5535173830069722
7,4,0.29000000000000004,0.08000000000000007
7,5,0.22737167216589071,0.9774809959368298
7,4,0.22737167216589071,0.18251900406317034
7,5,0.35262832783410936,0.9774809959368298
7,4,0.35262832783410936,0.18251900406317034
7,4,0.15993708875396528,0.2558597109805545
7,4,0.15993708875396528,0.21210693017536197
7,4,0.1928703756218768,0.21210693017536197
7,4,0.15993708875396528,0.21210693017536197
7,4,0.1928703756218768,0.16835414937017035
7,4,0.1928703756218768,0.21210693017536197
7,4,0.1928703756218768,0.21210693017536197
7,4,0.1928703756218768,0.16835414937017035
7,4,0.22580366248978834,0.16835414937017035
7,4,0.1928703756218768,0.16835414937017035
7,4,0.22580366248978834,0.12460136856497872
7,4,0.22580366248978834,0.16835414937017035
7,4,0.22580366248978834,0.16835414937017035
7,4,0.22580366248978834,0.12460136856497872
7,4,0.25873694935769986,0.12460136856497872
7,4,0.22580366248978834,0.12460136856497872
7,4,0.25873694935769986,0.0808485877597871
7,4,0.25873694935769986,0.12460136856497872
7,4,0.25873694935769986,0.12460136856497872
7,4,0.25873694935769986,0.0808485877597871
7,4,0.2916702362256123,0.0808485877597871
7,4,0.25873694935769986,0.0808485877597871
7,4,0.2916702362256123,0.03709580695459458
7,4,0.2916702362256123,0.0808485877597871
7,4,0.2916702362256123,0.0808485877597871
7,4,0.2916702362256123,0.03709580695459458
7,4,0.3246035230935238,0.03709580695459458
7,4,0.2916702362256123,0.03709580695459458
7,5,0.3246035230935238,0.993343026149403
7,4,0.3246035230935238,0.03709580695459458
7,4,0.3246035230935238,0.03709580695459458
7,5,0.3246035230935238,0.993343026149403
7,5,0.35753680996143533,0.993343026149403
7,5,0.3246035230935238,0.993343026149403
7,5,0.35753680996143533,0.9495902453442113
7,5,0.35753680996143533,0.993343026149403
7,5,0.35753680996143533,0.993343026149403
7,5,0.35753680996143533,0.9495902453442113
7,5,0.39047009682934686,0.9495902453442113
7,5,0.35753680996143533,0.9495902453442113
7,5,0.39047009682934686,0.9058374645390188
7,5,0.39047009682934686,0.9495902453442113
7,5,0.39047009682934686,0.9495902453442113
7,5,0.39047009682934686,0.9058374645390188
7,5,0.4234033836972584,0.9058374645390188
7,4,0.15993708875396528,0.21210693017536197
7,4,0.15993708875396528,0.16835414937017035
7,4,0.1928703756218768,0.16835414937017035
7,4,0.15993708875396528,0.16835414937017035
7,4,0.1928703756218768,0.12460136856497872
7,4,0.1928703756218768,0.16835414937017035
7,4,0.1928703756218768,0.16835414937017035
7,4,0.1928703756218768,0.12460136856497872
7,4,0.22580366248978834,0.12460136856497872
7,4,0.1928703756218768,0.12460136856497872
7,4,0.22580366248978834,0.0808485877597871
7,4,0.22580366248978834,0.12460136856497872
7,4,0.22580366248978834,0.12460136856497872
7,4,0.22580366248978834,0.0808485877597871
7,4,0.25873694935769986,0.0808485877597871
7,4,0.22580366248978834,0.0808485877597871
7,4,0.25873694935769986,0.03709580695459458
7,4,0.25873694935769986,0.0808485877597871
7,4,0.25873694935769986,0.0808485877597871
7,4,0.25873694935769986,0.03709580695459458
7,4,0.2916702362256123,0.03709580695459458
7,4,0.25873694935769986,0.03709580695459458
7,5,0.2916702362256123,0.993343026149403
7,4,0.2916702362256123,0.03709580695459458
7,4,0.2916702362256123,0.03709580695459458
7,5,0.2916702362256123,0.993343026149403
7,5,0.3246035230935238,0.993343026149403
7,5,0.2916702362256123,0.993343026149403
7,5,0.3246035230935238,0.9495902453442113
7,5,0.3246035230935238,0.993343026149403
7,5,0.3246035230935238,0.993343026149403
7,5,0.3246035230935238,0.9495902453442113
7,5,0.35753680996143533,0.9495902453442113
7,5,0.3246035230935238,0.9495902453442113
7,5,0.35753680996143533,0.9058374645390188
7,5,0.35753680996143533,0.9495902453442113
7,5,0.35753680996143533,0.9495902453442113
7,5,0.35753680996143533,0.9058374645390188
7,5,0.39047009682934686,0.9058374645390188
7,4,0.15993708875396528,0.16835414937017035
7,4,0.15993708875396528,0.12460136856497872
7,4,0.1928703756218768,0.12460136856497872
7,4,0.15993708875396528,0.12460136856497872
7,4,0.1928703756218768,0.0808485877597871
7,4,0.1928703756218768,0.12460136856497872
7,4,0.1928703756218768,0.12460136856497872
7,4,0.1928703756218768,0.0808485877597871
7,4,0.22580366248978834,0.0808485877597871
7,4,0.1928703756218768,0.0808485877597871
7,4,0.22580366248978834,0.03709580695459458
7,4,0.22580366248978834,0.0808485877597871
7,4,0.22580366248978834,0.0808485877597871
7,4,0.22580366248978834,0.03709580695459458
7,4,0.25873694935769986,0.03709580695459458
7,4,0.22580366248978834,0.03709580695459458
7,5,0.25873694935769986,0.993343026149403
7,4,0.25873694935769986,0.03709580695459458
7,4,0.25873694935769986,0.03709580695459458
7,5,0.25873694935769986,0.993343026149403
7,5,0.2916702362256123,0.993343026149403
7,5,0.25873694935769986,0.993343026149403
7,5,0.2916702362256123,0.9495902453442113
7,5,0.2916702362256123,0.993343026149403
7,5,0.2916702362256123,0.993343026149403
7,5,0.2916702362256123,0.9495902453442113
7,5,0.3246035230935238,0.9495902453442113
7,5,0.2916702362256123,0.9495902453442113
7,5,0.3246035230935238,0.9058374645390188
7,5,0.3246035230935238,0.9495902453442113
7,5,0.3246035230935238,0.9495902453442113
7,5,0.3246035230935238,0.9058374645390188
7,5,0.35753680996143533,0.9058374645390188
7,4,0.15993708875396528,0.12460136856497872
7,4,0.15993708875396528,0.0808485877597871
7,4,0.1928703756218768,0.0808485877597871
7,4,0.15993708875396528,0.0808485877597871
7,4,0.1928703756218768,0.03709580695459458
7,4,0.1928703756218768,0.0808485877597871
7,4,0.1928703756218768,0.0808485877597871
7,4,0.1928703756218768,0.03709580695459458
7,4,0.22580366248978834,0.03709580695459458
7,4,0.1928703756218768,0.03709580695459458
7,5,0.22580366248978834,0.993343026149403
7,4,0.22580366248978834,0.03709580695459458
7,4,0.22580366248978834,0.03709580695459458
7,5,0.22580366248978834,0.993343026149403
7,5,0.25873694935769986,0.993343026149403
7,5,0.22580366248978834,0.993343026149403
7,5,0.25873694935769986,0.9495902453442113
7,5,0.25873694935769986,0.993343026149403
7,5,0.25873694935769986,0.993343026149403
7,5,0.25873694935769986,0.9495902453442113
7,5,0.2916702362256123,0.9495902453442113
7,5,0.25873694935769986,0.9495902453442113
7,5,0.2916702362256123,0.9058374645390188
7,5,0.2916702362256123,0.9495902453442113
7,5,0.2916702362256123,0.9495902453442113
7,5,0.2916702362256123,0.9058374645390188
7,5,0.3246035230935238,0.9058374645390188
7,4,0.15993708875396528,0.0808485877597871
7,4,0.15993708875396528,0.03709580695459458
7,4,0.1928703756218768,0.03709580695459458
7,4,0.15993708875396528,0.03709580695459458
7,5,0.1928703756218768,0.993343026149403
7,4,0.1928703756218768,0.03709580695459458
7,4,0.1928703756218768,0.03709580695459458
7,5,0.1928703756218768,0.993343026149403
7,5,0.22580366248978834,0.993343026149403
7,5,0.1928703756218768,0.993343026149403
7,5,0.22580366248978834,0.9495902453442113
7,5,0.22580366248978834,0.993343026149403
7,5,0.22580366248978834,0.993343026149403
7,5,0.22580366248978834,0.9495902453442113
7,5,0.25873694935769986,0.9495902453442113
7,5,0.22580366248978834,0.9495902453442113
7,5,0.25873694935769986,0.9058374645390188
7,5,0.25873694935769986,0.9495902453442113
7,5,0.25873694935769986,0.9495902453442113
7,5,0.25873694935769986,0.9058374645390188
7,5,0.2916702362256123,0.9058374645390188
7,4,0.15993708875396528,0.03709580695459458
7,5,0.15993708875396528,0.993343026149403
7,5,0.1928703756218768,0.993343026149403
7,5,0.15993708875396528,0.993343026149403
7,5,0.1928703756218768,0.9495902453442113
7,5,0.1928703756218768,0.993343026149403
7,5,0.1928703756218768,0.993343026149403
7,5,0.1928703756218768,0.9495902453442113
7,5,0.22580366248978834,0.9495902453442113
7,5,0.1928703756218768,0.9495902453442113
7,5,0.22580366248978834,0.9058374645390188
7,5,0.22580366248978834,0.9495902453442113
7,5,0.22580366248978834,0.9495902453442113
7,5,0.22580366248978834,0.9058374645390188
7,5,0.25873694935769986,0.9058374645390188
7,5,0.15993708875396528,0.993343026149403
7,5,0.15993708875396528,0.9495902453442113
7,5,0.1928703756218768,0.9495902453442113
7,5,0.15993708875396528,0.9495902453442113
7,5,0.1928703756218768,0.9058374645390188
7,5,0.1928703756218768,0.9495902453442113
7,5,0.1928703756218768,0.9495902453442113
7,5,0.1928703756218768,0.9058374645390188
7,5,0.22580366248978834,0.9058374645390188
7,5,0.15993708875396528,0.9495902453442113
7,5,0.15993708875396528,0.9058374645390188
7,5,0.1928703756218768,0.9058374645390188
7,5,0.4234033836972584,0.9058374645390188
7,5,0.4234033836972584,0.9495902453442113
7,5,0.39047009682934686,0.9495902453442113
7,5,0.4234033836972584,0.9495902453442113
7,5,0.39047009682934686,0.993343026149403
7,5,0.39047009682934686,0.9495902453442113
7,5,0.39047009682934686,0.9495902453442113
7,5,0.39047009682934686,0.993343026149403
7,5,0.35753680996143533,0.993343026149403
7,5,0.39047009682934686,0.993343026149403
7,4,0.35753680996143533,0.03709580695459458
7,5,0.35753680996143533,0.993343026149403
7,5,0.35753680996143533,0.993343026149403
7,4,0.35753680996143533,0.03709580695459458
7,4,0.3246035230935238,0.03709580695459458
7,4,0.35753680996143533,0.03709580695459458
7,4,0.3246035230935238,0.0808485877597871
7,4,0.3246035230935238,0.03709580695459458
7,4,0.3246035230935238,0.03709580695459458
7,4,0.3246035230935238,0.0808485877597871
7,4,0.2916702362256123,0.0808485877597871
7,4,0.3246035230935238,0.0808485877597871
7,4,0.2916702362256123,0.12460136856497872
7,4,0.2916702362256123,0.0808485877597871
7,4,0.2916702362256123,0.0808485877597871
7,4,0.2916702362256123,0.12460136856497872
7,4,0.25873694935769986,0.12460136856497872
7,4,0.2916702362256123,0.12460136856497872
7,4,0.25873694935769986,0.16835414937017035
7,4,0.25873694935769986,0.12460136856497872
7,4,0.25873694935769986,0.12460136856497872
7,4,0.25873694935769986,0.16835414937017035
7,4,0.22580366248978834,0.16835414937017035
7,4,0.25873694935769986,0.16835414937017035
7,4,0.22580366248978834,0.21210693017536197
7,4,0.22580366248978834,0.16835414937017035
7,4,0.22580366248978834,0.16835414937017035
7,4,0.22580366248978834,0.21210693017536197
7,4,0.1928703756218768,0.21210693017536197
7,4,0.22580366248978834,0.21210693017536197
7,4,0.1928703756218768,0.2558597109805545
7,4,0.1928703756218768,0.21210693017536197
7,4,0.1928703756218768,0.21210693017536197
7,4,0.1928703756218768,0.2558597109805545
7,4,0.15993708875396528,0.2558597109805545
7,5,0.4234033836972584,0.9495902453442113
7,5,0.4234033836972584,0.993343026149403
7,5,0.39047009682934686,0.993343026149403
7,5,0.4234033836972584,0.993343026149403
7,4,0.39047009682934686,0.03709580695459458
7,5,0.39047009682934686,0.993343026149403
7,5,0.39047009682934686,0.993343026149403
7,4,0.39047009682934686,0.03709580695459458
7,4,0.35753680996143533,0.03709580695459458
7,4,0.39047009682934686,0.03709580695459458
7,4,0.35753680996143533,0.0808485877597871
7,4,0.35753680996143533,0.03709580695459458
7,4,0.35753680996143533,0.03709580695459458
7,4,0.35753680996143533,0.0808485877597871
7,4,0.3246035230935238,0.0808485877597871
7,4,0.35753680996143533,0.0808485877597871
7,4,0.3246035230935238,0.12460136856497872
7,4,0.3246035230935238,0.0808485877597871
7,4,0.3246035230935238,0.0808485877597871
7,4,0.3246035230935238,0.12460136856497872
7,4,0.2916702362256123,0.12460136856497872
7,4,0.3246035230935238,0.12460136856497872
7,4,0.2916702362256123,0.16835414937017035
7,4,0.2916702362256123,0.12460136856497872
7,4,0.2916702362256123,0.12460136856497872
7,4,0.2916702362256123,0.16835414937017035
7,4,0.25873694935769986,0.16835414937017035
7,4,0.2916702362256123,0.16835414937017035
7,4,0.25873694935769986,0.21210693017536197
7,4,0.25873694935769986,0.16835414937017035
7,4,0.25873694935769986,0.16835414937017035
7,4,0.25873694935769986,0.21210693017536197
7,4,0.22580366248978834,0.21210693017536197
7,4,0.25873694935769986,0.21210693017536197
7,4,0.22580366248978834,0.2558597109805545
7,4,0.22580366248978834,0.21210693017536197
7,4,0.22580366248978834,0.21210693017536197
7,4,0.22580366248978834,0.2558597109805545
7,4,0.1928703756218768,0.2558597109805545
7,5,0.4234033836972584,0.993343026149403
7,4,0.4234033836972584,0.03709580695459458
7,4,0.39047009682934686,0.03709580695459458
7,4,0.4234033836972584,0.03709580695459458
7,4,0.39047009682934686,0.0808485877597871
7,4,0.39047009682934686,0.03709580695459458
7,4,0.39047009682934686,0.03709580695459458
7,4,0.39047009682934686,0.0808485877597871
7,4,0.35753680996143533,0.0808485877597871
7,4,0.39047009682934686,0.0808485877597871
7,4,0.35753680996143533,0.12460136856497872
7,4,0.35753680996143533,0.0808485877597871
7,4,0.35753680996143533,0.0808485877597871
7,4,0.35753680996143533,0.12460136856497872
7,4,0.3246035230935238,0.12460136856497872
7,4,0.35753680996143533,0.12460136856497872
7,4,0.3246035230935238,0.16835414937017035
7,4,0.3246035230935238,0.12460136856497872
7,4,0.3246035230935238,0.12460136856497872
7,4,0.3246035230935238,0.16835414937017035
7,4,0.2916702362256123,0.16835414937017035
7,4,0.3246035230935238,0.16835414937017035
7,4,0.2916702362256123,0.21210693017536197
7,4,0.2916702362256123,0.16835414937017035
7,4,0.2916702362256123,0.16835414937017035
7,4,0.2916702362256123,0.21210693017536197
7,4,0.25873694935769986,0.21210693017536197
7,4,0.2916702362256123,0.21210693017536197
7,4,0.25873694935769986,0.2558597109805545
7,4,0.25873694935769986,0.21210693017536197
7,4,0.25873694935769986,0.21210693017536197
7,4,0.25873694935769986,0.2558597109805545
7,4,0.22580366248978834,0.2558597109805545
7,4,0.4234033836972584,0.03709580695459458
7,4,0.4234033836972584,0.0808485877597871
7,4,0.39047009682934686,0.0808485877597871
7,4,0.4234033836972584,0.0808485877597871
7,4,0.39047009682934686,0.12460136856497872
7,4,0.39047009682934686,0.0808485877597871
7,4,0.39047009682934686,0.0808485877597871
7,4,0.39047009682934686,0.12460136856497872
7,4,0.35753680996143533,0.12460136856497872
7,4,0.39047009682934686,0.12460136856497872
7,4,0.35753680996143533,0.16835414937017035
7,4,0.35753680996143533,0.12460136856497872
7,4,0.35753680996143533,0.12460136856497872
7,4,0.35753680996143533,0.16835414937017035
7,4,0.3246035230935238,0.16835414937017035
7,4,0.35753680996143533,0.16835414937017035
7,4,0.3246035230935238,0.21210693017536197
7,4,0.3246035230935238,0.16835414937017035
7,4,0.3246035230935238,0.16835414937017035
7,4,0.3246035230935238,0.21210693017536197
7,4,0.2916702362256123,0.21210693017536197
7,4,0.3246035230935238,0.21210693017536197
7,4,0.2916702362256123,0.2558597109805545
7,4,0.2916702362256123,0.21210693017536197
7,4,0.2916702362256123,0.21210693017536197
7,4,0.2916702362256123,0.2558597109805545
7,4,0.25873694935769986,0.2558597109805545
7,4,0.4234033836972584,0.0808485877597871
7,4,0.4234033836972584,0.12460136856497872
7,4,0.39047009682934686,0.12460136856497872
7,4,0.4234033836972584,0.12460136856497872
7,4,0.39047009682934686,0.16835414937017035
7,4,0.39047009682934686,0.12460136856497872
7,4,0.39047009682934686,0.12460136856497872
7,4,0.39047009682934686,0.16835414937017035
7,4,0.35753680996143533,0.16835414937017035
7,4,0.39047009682934686,0.16835414937017035
7,4,0.35753680996143533,0.21210693017536197
7,4,0.35753680996143533,0.16835414937017035
7,4,0.35753680996143533,0.16835414937017035
7,4,0.35753680996143533,0.21210693017536197
7,4,0.3246035230935238,0.21210693017536197
7,4,0.35753680996143533,0.21210693017536197
7,4,0.3246035230935238,0.2558597109805545
7,4,0.3246035230935238,0.21210693017536197
7,4,0.3246035230935238,0.21210693017536197
7,4,0.3246035230935238,0.2558597109805545
7,4,0.2916702362256123,0.2558597109805545
7,4,0.4234033836972584,0.12460136856497872
7,4,0.4234033836972584,0.16835414937017035
7,4,0.39047009682934686,0.16835414937017035
7,4,0.4234033836972584,0.16835414937017035
7,4,0.39047009682934686,0.21210693017536286
7,4,0.39047009682934686,0.16835414937017035
7,4,0.39047009682934686,0.16835414937017035
7,4,0.39047009682934686,0.21210693017536286
7,4,0.35753680996143533,0.21210693017536197
7,4,0.39047009682934686,0.21210693017536286
7,4,0.35753680996143533,0.2558597109805545
7,4,0.35753680996143533,0.21210693017536197
7,4,0.35753680996143533,0.21210693017536197
7,4,0.35753680996143533,0.2558597109805545
7,4,0.3246035230935238,0.2558597109805545
7,4,0.4234033836972584,0.16835414937017035
7,4,0.4234033836972584,0.21210693017536197
7,4,0.39047009682934686,0.21210693017536286
7,4,0.4234033836972584,0.21210693017536197
7,4,0.39047009682934686,0.2558597109805545
7,4,0.39047009682934686,0.21210693017536286
7,4,0.39047009682934686,0.21210693017536286
7,4,0.39047009682934686,0.2558597109805545
7,4,0.35753680996143533,0.2558597109805545
7,4,0.4234033836972584,0.21210693017536197
7,4,0.4234033836972584,0.2558597109805545
7,4,0.39047009682934686,0.2558597109805545
6,4,0.7999999999999998,0.71
6,4,0.6462500000000002,0.59574173678834
6,4,0.6462500000000002,0.82425826321166
6,4,0.9537499999999994,0.59574173678834
6,4,0.9537499999999994,0.82425826321166
6,4,0.6538632991055859,0.8841028237672663
6,4,0.6538632991055859,0.8409969523906362
6,4,0.6921710611657952,0.8409969523906362
6,4,0.6538632991055859,0.8409969523906362
6,4,0.6921710611657952,0.797891081014007
6,4,0.6921710611657952,0.8409969523906362
6,4,0.6921710611657952,0.8409969523906362
6,4,0.6921710611657952,0.797891081014007
6,4,0.7304788232260035,0.797891081014007
6,4,0.6921710611657952,0.797891081014007
6,4,0.7304788232260035,0.7547852096373768
6,4,0.7304788232260035,0.797891081014007
6,4,0.7304788232260035,0.797891081014007
6,4,0.7304788232260035,0.7547852096373768
6,4,0.7687865852862128,0.7547852096373768
6,4,0.7304788232260035,0.7547852096373768
6,4,0.7687865852862128,0.7116793382607476
6,4,0.7687865852862128,0.7547852096373768
6,4,0.7687865852862128,0.7547852096373768
6,4,0.7687865852862128,0.7116793382607476
6,4,0.807094347346422,0.7116793382607476
6,4,0.7687865852862128,0.7116793382607476
6,4,0.807094347346422,0.6685734668841175
6,4,0.807094347346422,0.7116793382607476
6,4,0.807094347346422,0.7116793382607476
6,4,0.807094347346422,0.6685734668841175
6,4,0.8454021094066313,0.6685734668841175
6,4,0.807094347346422,0.6685734668841175
6,4,0.8454021094066313,0.6254675955074873
6,4,0.8454021094066313,0.6685734668841175
6,4,0.8454021094066313,0.6685734668841175
6,4,0.8454021094066313,0.6254675955074873
6,4,0.8837098714668397,0.6254675955074873
6,4,0.8454021094066313,0.6254675955074873
6,4,0.8837098714668397,0.5823617241308581
6,4,0.8837098714668397,0.6254675955074873
6,4,0.8837098714668397,0.6254675955074873
6,4,0.8837098714668397,0.5823617241308581
6,4,0.9220176335270489,0.5823617241308581
6,4,0.8837098714668397,0.5823617241308581
6,4,0.9220176335270489,0.5392558527542279
6,4,0.9220176335270489,0.5823617241308581
6,4,0.9220176335270489,0.5823617241308581
6,4,0.9220176335270489,0.5392558527542279
6,4,0.9603253955872582,0.5392558527542279
6,4,0.6538632991055859,0.8409969523906362
6,4,0.6538632991055859,0.797891081014007
6,4,0.6921710611657952,0.797891081014007
6,4,0.6538632991055859,0.797891081014007
6,4,0.6921710611657952,0.7547852096373768
6,4,0.6921710611657952,0.797891081014007
6,4,0.6921710611657952,0.797891081014007
6,4,0.6921710611657952,0.7547852096373768
6,4,0.7304788232260035,0.7547852096373768
6,4,0.6921710611657952,0.7547852096373768
6,4,0.7304788232260035,0.7116793382607476
6,4,0.7304788232260035,0.7547852096373768
6,4,0.7304788232260035,0.7547852096373768
6,4,0.7304788232260035,0.7116793382607476
6,4,0.7687865852862128,0.7116793382607476
6,4,0.7304788232260035,0.7116793382607476
6,4,0.7687865852862128,0.6685734668841175
6,4,0.7687865852862128,0.7116793382607476
6,4,0.7687865852862128,0.7116793382607476
6,4,0.7687865852862128,0.6685734668841175
6,4,0.807094347346422,0.6685734668841175
6,4,0.7687865852862128,0.6685734668841175
6,4,0.807094347346422,0.6254675955074873
6,4,0.807094347346422,0.6685734668841175
6,4,0.807094347346422,0.6685734668841175
6,4,0.807094347346422,0.6254675955074873
6,4,0.8454021094066313,0.6254675955074873
6,4,0.807094347346422,0.6254675955074873
6,4,0.8454021094066313,0.5823617241308581
6,4,0.8454021094066313,0.6254675955074873
6,4,0.8454021094066313,0.6254675955074873
6,4,0.8454021094066313,0.5823617241308581
6,4,0.8837098714668397,0.5823617241308581
6,4,0.8454021094066313,0.5823617241308581
6,4,0.8837098714668397,0.5392558527542279
6,4,0.8837098714668397,0.5823617241308581
6,4,0.8837098714668397,0.5823617241308581
6,4,0.8837098714668397,0.5392558527542279
6,4,0.9220176335270489,0.5392558527542279
6,4,0.6538632991055859,0.797891081014007
6,4,0.6538632991055859,0.7547852096373768
6,4,0.6921710611657952,0.7547852096373768
6,4,0.6538632991055859,0.7547852096373768
6,4,0.6921710611657952,0.7116793382607476
6,4,0.6921710611657952,0.7547852096373768
6,4,0.6921710611657952,0.7547852096373768
6,4,0.6921710611657952,0.7116793382607476
6,4,0.7304788232260035,0.7116793382607476
6,4,0.6921710611657952,0.7116793382607476
6,4,0.7304788232260035,0.6685734668841175
6,4,0.7304788232260035,0.7116793382607476
6,4,0.7304788232260035,0.7116793382607476
6,4,0.7304788232260035,0.6685734668841175
6,4,0.7687865852862128,0.6685734668841175
6,4,0.7304788232260035,0.6685734668841175
6,4,0.7687865852862128,0.6254675955074873
6,4,0.7687865852862128,0.6685734668841175
6,4,0.7687865852862128,0.6685734668841175
6,4,0.7687865852862128,0.6254675955074873
6,4,0.807094347346422,0.6254675955074873
6,4,0.7687865852862128,0.6254675955074873
6,4,0.807094347346422,0.5823617241308581
6,4,0.807094347346422,0.6254675955074873
6,4,0.807094347346422,0.6254675955074873
6,4,0.807094347346422,0.5823617241308581
6,4,0.8454021094066313,0.5823617241308581
6,4,0.807094347346422,0.5823617241308581
6,4,0.8454021094066313,0.5392558527542279
6,4,0.8454021094066313,0.5823617241308581
6,4,0.8454021094066313,0.5823617241308581
6,4,0.8454021094066313,0.5392558527542279
6,4,0.8837098714668397,0.5392558527542279
6,4,0.6538632991055859,0.7547852096373768
6,4,0.6538632991055859,0.7116793382607476
6,4,0.6921710611657952,0.7116793382607476
6,4,0.6538632991055859,0.7116793382607476
6,4,0.6921710611657952,0.6685734668841175
6,4,0.6921710611657952,0.7116793382607476
6,4,0.6921710611657952,0.7116793382607476
6,4,0.6921710611657952,0.6685734668841175
6,4,0.7304788232260035,0.6685734668841175
6,4,0.6921710611657952,0.6685734668841175
6,4,0.7304788232260035,0.6254675955074873
6,4,0.7304788232260035,0.6685734668841175
6,4,0.7304788232260035,0.6685734668841175
6,4,0.7304788232260035,0.6254675955074873
6,4,0.7687865852862128,0.6254675955074873
6,4,0.7304788232260035,0.6254675955074873
6,4,0.7687865852862128,0.5823617241308581
6,4,0.7687865852862128,0.6254675955074873
6,4,0.7687865852862128,0.6254675955074873
6,4,0.7687865852862128,0.5823617241308581
6,4,0.807094347346422,0.5823617241308581
6,4,0.7687865852862128,0.5823617241308581
6,4,0.807094347346422,0.5392558527542279
6,4,0.807094347346422,0.5823617241308581
6,4,0.807094347346422,0.5823617241308581
6,4,0.807094347346422,0.5392558527542279
6,4,0.8454021094066313,0.5392558527542279
6,4,0.6538632991055859,0.7116793382607476
6,4,0.6538632991055859,0.6685734668841175
6,4,0.6921710611657952,0.6685734668841175
6,4,0.6538632991055859,0.6685734668841175
6,4,0.6921710611657952,0.6254675955074873
6,4,0.6921710611657952,0.6685734668841175
6,4,0.6921710611657952,0.6685734668841175
6,4,0.6921710611657952,0.6254675955074873
6,4,0.7304788232260035,0.6254675955074873
6,4,0.6921710611657952,0.6254675955074873
6,4,0.7304788232260035,0.5823617241308581
6,4,0.7304788232260035,0.6254675955074873
6,4,0.7304788232260035,0.6254675955074873
6,4,0.7304788232260035,0.5823617241308581
6,4,0.7687865852862128,0.5823617241308581
6,4,0.7304788232260035,0.5823617241308581
6,4,0.7687865852862128,0.5392558527542279
6,4,0.7687865852862128,0.5823617241308581
6,4,0.7687865852862128,0.5823617241308581
6,4,0.7687865852862128,0.5392558527542279
6,4,0.807094347346422,0.5392558527542279
6,4,0.6538632991055859,0.6685734668841175
6,4,0.6538632991055859,0.6254675955074873
6,4,0.6921710611657952,0.6254675955074873
6,4,0.6538632991055859,0.6254675955074873
6,4,0.6921710611657952,0.5823617241308581
6,4,0.6921710611657952,0.6254675955074873
6,4,0.6921710611657952,0.6254675955074873
6,4,0.6921710611657952,0.5823617241308581
6,4,0.7304788232260035,0.5823617241308581
6,4,0.6921710611657952,0.5823617241308581
6,4,0.7304788232260035,0.5392558527542279
6,4,0.7304788232260035,0.5823617241308581
6,4,0.7304788232260035,0.5823617241308581
6,4,0.7304788232260035,0.5392558527542279
6,4,0.7687865852862128,0.5392558527542279
6,4,0.6538632991055859,0.6254675955074873
6,4,0.6538632991055859,0.5823617241308581
6,4,0.6921710611657952,0.5823617241308581
6,4,0.6538632991055859,0.5823617241308581
6,4,0.6921710611657952,0.5392558527542279
6,4,0.6921710611657952,0.5823617241308581
6,4,0.6921710611657952,0.5823617241308581
6,4,0.6921710611657952,0.5392558527542279
6,4,0.7304788232260035,0.5392558527542279
6,4,0.6538632991055859,0.5823617241308581
6,4,0.6538632991055859,0.5392558527542279
6,4,0.6921710611657952,0.5392558527542279
6,4,0.9603253955872582,0.5392558527542279
6,4,0.9603253955872582,0.5823617241308581
6,4,0.9220176335270489,0.5823617241308581
6,4,0.9603253955872582,0.5823617241308581
6,4,0.9220176335270489,0.6254675955074873
6,4,0.9220176335270489,0.5823617241308581
6,4,0.9220176335270489,0.5823617241308581
6,4,0.9220176335270489,0.6254675955074873
6,4,0.8837098714668397,0.6254675955074873
6,4,0.9220176335270489,0.6254675955074873
6,4,0.8837098714668397,0.6685734668841175
6,4,0.8837098714668397,0.6254675955074873
6,4,0.8837098714668397,0.6254675955074873
6,4,0.8837098714668397,0.6685734668841175
6,4,0.8454021094066313,0.6685734668841175
6,4,0.8837098714668397,0.6685734668841175
6,4,0.8454021094066313,0.7116793382607476
6,4,0.8454021094066313,0.6685734668841175
6,4,0.8454021094066313,0.6685734668841175
6,4,0.8454021094066313,0.7116793382607476
6,4,0.807094347346422,0.7116793382607476
6,4,0.8454021094066313,0.7116793382607476
6,4,0.807094347346422,0.7547852096373768
6,4,0.807094347346422,0.7116793382607476
6,4,0.807094347346422,0.7116793382607476
6,4,0.807094347346422,0.7547852096373768
6,4,0.7687865852862128,0.7547852096373768
6,4,0.807094347346422,0.7547852096373768
6,4,0.7687865852862128,0.797891081014007
6,4,0.7687865852862128,0.7547852096373768
6,4,0.7687865852862128,0.7547852096373768
6,4,0.7687865852862128,0.797891081014007
6,4,0.7304788232260035,0.797891081014007
6,4,0.7687865852862128,0.797891081014007
6,4,0.7304788232260035,0.8409969523906362
6,4,0.7304788232260035,0.797891081014007
6,4,0.7304788232260035,0.797891081014007
6,4,0.7304788232260035,0.8409969523906362
6,4,0.6921710611657952,0.8409969523906362
6,4,0.7304788232260035,0.8409969523906362
6,4,0.6921710611657952,0.8841028237672663
6,4,0.6921710611657952,0.8409969523906362
6,4,0.6921710611657952,0.8409969523906362
6,4,0.6921710611657952,0.8841028237672663
6,4,0.6538632991055859,0.8841028237672663
6,4,0.9603253955872582,0.5823617241308581
6,4,0.9603253955872582,0.6254675955074873
6,4,0.9220176335270489,0.6254675955074873
6,4,0.9603253955872582,0.6254675955074873
6,4,0.9220176335270489,0.6685734668841175
6,4,0.9220176335270489,0.6254675955074873
6,4,0.9220176335270489,0.6254675955074873
6,4,0.9220176335270489,0.6685734668841175
6,4,0.8837098714668397,0.6685734668841175
6,4,0.9220176335270489,0.6685734668841175
6,4,0.8837098714668397,0.7116793382607476
6,4,0.8837098714668397,0.6685734668841175
6,4,0.8837098714668397,0.6685734668841175
6,4,0.8837098714668397,0.7116793382607476
6,4,0.8454021094066313,0.7116793382607476
6,4,0.8837098714668397,0.7116793382607476
6,4,0.8454021094066313,0.7547852096373768
6,4,0.8454021094066313,0.7116793382607476
6,4,0.8454021094066313,0.7116793382607476
6,4,0.8454021094066313,0.7547852096373768
6,4,0.807094347346422,0.7547852096373768
6,4,0.8454021094066313,0.7547852096373768
6,4,0.807094347346422,0.797891081014007
6,4,0.807094347346422,0.7547852096373768
6,4,0.807094347346422,0.7547852096373768
6,4,0.807094347346422,0.797891081014007
6,4,0.7687865852862128,0.797891081014007
6,4,0.807094347346422,0.797891081014007
6,4,0.7687865852862128,0.8409969523906362
6,4,0.7687865852862128,0.797891081014007
6,4,0.7687865852862128,0.797891081014007
6,4,0.7687865852862128,0.8409969523906362
6,4,0.7304788232260035,0.8409969523906362
6,4,0.7687865852862128,0.8409969523906362
6,4,0.7304788232260035,0.8841028237672663
6,4,0.7304788232260035,0.8409969523906362
6,4,0.7304788232260035,0.8409969523906362
6,4,0.7304788232260035,0.8841028237672663
6,4,0.6921710611657952,0.8841028237672663
6,4,0.9603253955872582,0.6254675955074873
6,4,0.9603253955872582,0.6685734668841175
6,4,0.9220176335270489,0.6685734668841175
6,4,0.9603253955872582,0.6685734668841175
6,4,0.9220176335270489,0.7116793382607476
6,4,0.9220176335270489,0.6685734668841175
6,4,0.9220176335270489,0.6685734668841175
6,4,0.9220176335270489,0.7116793382607476
6,4,0.8837098714668397,0.7116793382607476
6,4,0.9220176335270489,0.7116793382607476
6,4,0.8837098714668397,0.7547852096373768
6,4,0.8837098714668397,0.7116793382607476
6,4,0.8837098714668397,0.7116793382607476
6,4,0.8837098714668397,0.7547852096373768
6,4,0.8454021094066313,0.7547852096373768
6,4,0.8837098714668397,0.7547852096373768
6,4,0.8454021094066313,0.797891081014007
6,4,0.8454021094066313,0.7547852096373768
6,4,0.8454021094066313,0.7547852096373768
6,4,0.8454021094066313,0.797891081014007
6,4,0.807094347346422,0.797891081014007
6,4,0.8454021094066313,0.797891081014007
6,4,0.807094347346422,0.8409969523906362
6,4,0.807094347346422,0.797891081014007
6,4,0.807094347346422,0.797891081014007
6,4,0.807094347346422,0.8409969523906362
6,4,0.7687865852862128,0.8409969523906362
6,4,0.807094347346422,0.8409969523906362
6,4,0.7687865852862128,0.8841028237672663
6,4,0.7687865852862128,0.8409969523906362
6,4,0.7687865852862128,0.8409969523906362
6,4,0.7687865852862128,0.8841028237672663
6,4,0.7304788232260035,0.8841028237672663
6,4,0.9603253955872582,0.6685734668841175
6,4,0.9603253955872582,0.7116793382607476
6,4,0.9220176335270489,0.7116793382607476
6,4,0.9603253955872582,0.7116793382607476
6,4,0.9220176335270489,0.7547852096373768
6,4,0.9220176335270489,0.7116793382607476
6,4,0.9220176335270489,0.7116793382607476
6,4,0.9220176335270489,0.7547852096373768
6,4,0.8837098714668397,0.7547852096373768
6,4,0.9220176335270489,0.7547852096373768
6,4,0.8837098714668397,0.797891081014007
6,4,0.8837098714668397,0.7547852096373768
6,4,0.8837098714668397,0.7547852096373768
6,4,0.8837098714668397,0.797891081014007
6,4,0.8454021094066313,0.797891081014007
6,4,0.8837098714668397,0.797891081014007
6,4,0.8454021094066313,0.8409969523906362
6,4,0.8454021094066313,0.797891081014007
6,4,0.8454021094066313,0.797891081014007
6,4,0.8454021094066313,0.8409969523906362
6,4,0.807094347346422,0.8409969523906362
6,4,0.8454021094066313,0.8409969523906362
6,4,0.807094347346422,0.8841028237672663
6,4,0.807094347346422,0.8409969523906362
6,4,0.807094347346422,0.8409969523906362
6,4,0.807094347346422,0.8841028237672663
6,4,0.7687865852862128,0.8841028237672663
6,4,0.9603253955872582,0.7116793382607476
6,4,0.9603253955872582,0.7547852096373768
6,4,0.9220176335270489,0.7547852096373768
6,4,0.9603253955872582,0.7547852096373768
6,4,0.9220176335270489,0.797891081014007
6,4,0.9220176335270489,0.7547852096373768
6,4,0.9220176335270489,0.7547852096373768
6,4,0.9220176335270489,0.797891081014007
6,4,0.8837098714668397,0.797891081014007
6,4,0.9220176335270489,0.797891081014007
6,4,0.8837098714668397,0.8409969523906362
6,4,0.8837098714668397,0.797891081014007
6,4,0.8837098714668397,0.797891081014007
6,4,0.8837098714668397,0.8409969523906362
6,4,0.8454021094066313,0.8409969523906362
6,4,0.8837098714668397,0.8409969523906362
6,4,0.8454021094066313,0.8841028237672663
6,4,0.8454021094066313,0.8409969523906362
6,4,0.8454021094066313,0.8409969523906362
6,4,0.8454021094066313,0.8841028237672663
6,4,0.807094347346422,0.8841028237672663
6,4,0.9603253955872582,0.7547852096373768
6,4,0.9603253955872582,0.797891081014007
6,4,0.9220176335270489,0.797891081014007
6,4,0.9603253955872582,0.797891081014007
6,4,0.9220176335270489,0.8409969523906362
6,4,0.9220176335270489,0.797891081014007
6,4,0.9220176335270489,0.797891081014007
6,4,0.9220176335270489,0.8409969523906362
6,4,0.8837098714668397,0.8409969523906362
6,4,0.9220176335270489,0.8409969523906362
6,4,0.8837098714668397,0.8841028237672663
6,4,0.8837098714668397,0.8409969523906362
6,4,0.8837098714668397,0.8409969523906362
6,4,0.8837098714668397,0.8841028237672663
6,4,0.8454021094066313,0.8841028237672663
6,4,0.9603253955872582,0.797891081014007
6,4,0.9603253955872582,0.8409969523906362
6,4,0.9220176335270489,0.8409969523906362
6,4,0.9603253955872582,0.8409969523906362
6,4,0.9220176335270489,0.8841028237672663
6,4,0.9220176335270489,0.8409969523906362
6,4,0.9220176335270489,0.8409969523906362
6,4,0.9220176335270489,0.8841028237672663
6,4,0.8837098714668397,0.8841028237672663
6,4,0.9603253955872582,0.8409969523906362
6,4,0.9603253955872582,0.8841028237672663
6,4,0.9220176335270489,0.8841028237672663
6,4,0.5606428895294115,0.5770238275163395
6,4,0.6081784439713802,0.5770238275163395
6,4,0.6081784439713802,0.604989950389192
6,4,0.6081784439713802,0.5770238275163395
6,4,0.655713998413348,0.604989950389192
6,4,0.6081784439713802,0.604989950389192
6,4,0.6081784439713802,0.604989950389192
6,4,0.655713998413348,0.604989950389192
6,4,0.655713998413348,0.6329560732620445
6,4,0.655713998413348,0.604989950389192
6,4,0.7032495528553167,0.6329560732620445
6,4,0.655713998413348,0.6329560732620445
6,4,0.655713998413348,0.6329560732620445
6,4,0.7032495528553167,0.6329560732620445
6,4,0.7032495528553167,0.660922196134897
6,4,0.7032495528553167,0.6329560732620445
6,4,0.7507851072972844,0.6609221961348961
6,4,0.7032495528553167,0.660922196134897
6,4,0.7032495528553167,0.660922196134897
6,4,0.7507851072972844,0.6609221961348961
6,4,0.7507851072972844,0.6888883190077486
6,4,0.7507851072972844,0.6609221961348961
6,4,0.7983206617392522,0.6888883190077486
6,4,0.7507851072972844,0.6888883190077486
6,4,0.7507851072972844,0.6888883190077486
6,4,0.7983206617392522,0.6888883190077486
6,4,0.7983206617392522,0.7168544418806011
6,4,0.7983206617392522,0.6888883190077486
6,4,0.8458562161812209,0.7168544418806011
6,4,0.7983206617392522,0.7168544418806011
6,4,0.7983206617392522,0.7168544418806011
6,4,0.8458562161812209,0.7168544418806011
6,4,0.8458562161812209,0.7448205647534536
6,4,0.8458562161812209,0.7168544418806011
6,4,0.8933917706231886,0.7448205647534536
6,4,0.8458562161812209,0.7448205647534536
6,4,0.8458562161812209,0.7448205647534536
6,4,0.8933917706231886,0.7448205647534536
6,4,0.8933917706231886,0.7727866876263052
6,4,0.8933917706231886,0.7448205647534536
6,4,0.9409273250651573,0.7727866876263052
6,4,0.8933917706231886,0.7727866876263052
6,4,0.8933917706231886,0.7727866876263052
6,4,0.9409273250651573,0.7727866876263052
6,4,0.9409273250651573,0.8007528104991577
6,4,0.9409273250651573,0.7727866876263052
6,4,0.9884628795071251,0.8007528104991577
6,4,0.9409273250651573,0.8007528104991577
6,4,0.9409273250651573,0.8007528104991577
6,4,0.9884628795071251,0.8007528104991577
6,4,0.9884628795071251,0.8287189333720102
6,4,0.9884628795071251,0.8007528104991577
7,4,0.035998433949093744,0.8287189333720102
6,4,0.9884628795071251,0.8287189333720102
6,4,0.9884628795071251,0.8287189333720102
7,4,0.035998433949093744,0.8287189333720102
7,4,0.035998433949093744,0.8566850562448618
6,4,0.6081784439713802,0.5770238275163395
6,4,0.655713998413348,0.5770238275163395
6,4,0.655713998413348,0.604989950389192
6,4,0.655713998413348,0.5770238275163395
6,4,0.7032495528553167,0.604989950389192
6,4,0.655713998413348,0.604989950389192
6,4,0.655713998413348,0.604989950389192
6,4,0.7032495528553167,0.604989950389192
6,4,0.7032495528553167,0.6329560732620445
6,4,0.7032495528553167,0.604989950389192
6,4,0.7507851072972844,0.6329560732620445
6,4,0.7032495528553167,0.6329560732620445
6,4,0.7032495528553167,0.6329560732620445
6,4,0.7507851072972844,0.6329560732620445
6,4,0.7507851072972844,0.6609221961348961
6,4,0.7507851072972844,0.6329560732620445
6,4,0.7983206617392522,0.6609221961348961
6,4,0.7507851072972844,0.6609221961348961
6,4,0.7507851072972844,0.6609221961348961
6,4,0.7983206617392522,0.6609221961348961
6,4,0.7983206617392522,0.6888883190077486
6,4,0.7983206617392522,0.6609221961348961
6,4,0.8458562161812209,0.6888883190077486
6,4,0.7983206617392522,0.6888883190077486
6,4,0.7983206617392522,0.6888883190077486
6,4,0.8458562161812209,0.6888883190077486
6,4,0.8458562161812209,0.7168544418806011
6,4,0.8458562161812209,0.6888883190077486
6,4,0.8933917706231886,0.7168544418806011
6,4,0.8458562161812209,0.7168544418806011
6,4,0.8458562161812209,0.7168544418806011
6,4,0.8933917706231886,0.7168544418806011
6,4,0.8933917706231886,0.7448205647534536
6,4,0.8933917706231886,0.7168544418806011
6,4,0.9409273250651573,0.7448205647534536
6,4,0.8933917706231886,0.7448205647534536
6,4,0.8933917706231886,0.7448205647534536
6,4,0.9409273250651573,0.7448205647534536
6,4,0.9409273250651573,0.7727866876263052
6,4,0.9409273250651573,0.7448205647534536
6,4,0.9884628795071251,0.7727866876263052
6,4,0.9409273250651573,0.7727866876263052
6,4,0.9409273250651573,0.7727866876263052
6,4,0.9884628795071251,0.7727866876263052
6,4,0.9884628795071251,0.8007528104991577
6,4,0.9884628795071251,0.7727866876263052
7,4,0.035998433949093744,0.8007528104991577
6,4,0.9884628795071251,0.8007528104991577
6,4,0.9884628795071251,0.8007528104991577
7,4,0.035998433949093744,0.8007528104991577
7,4,0.035998433949093744,0.8287189333720102
6,4,0.655713998413348,0.5770238275163395
6,4,0.7032495528553167,0.5770238275163395
6,4,0.7032495528553167,0.604989950389192
6,4,0.7032495528553167,0.5770238275163395
6,4,0.7507851072972844,0.604989950389192
6,4,0.7032495528553167,0.604989950389192
6,4,0.7032495528553167,0.604989950389192
6,4,0.7507851072972844,0.604989950389192
6,4,0.7507851072972844,0.6329560732620445
6,4,0.7507851072972844,0.604989950389192
6,4,0.7983206617392522,0.6329560732620445
6,4,0.7507851072972844,0.6329560732620445
6,4,0.7507851072972844,0.6329560732620445
6,4,0.7983206617392522,0.6329560732620445
6,4,0.7983206617392522,0.6609221961348961
6,4,0.7983206617392522,0.6329560732620445
6,4,0.8458562161812209,0.6609221961348961
6,4,0.7983206617392522,0.6609221961348961
6,4,0.7983206617392522,0.6609221961348961
6,4,0.8458562161812209,0.6609221961348961
6,4,0.8458562161812209,0.6888883190077486
6,4,0.8458562161812209,0.6609221961348961
6,4,0.8933917706231886,0.6888883190077486
6,4,0.8458562161812209,0.6888883190077486
6,4,0.8458562161812209,0.6888883190077486
6,4,0.8933917706231886,0.6888883190077486
6,4,0.8933917706231886,0.7168544418806011
6,4,0.8933917706231886,0.6888883190077486
6,4,0.9409273250651573,0.7168544418806011
6,4,0.8933917706231886,0.7168544418806011
6,4,0.8933917706231886,0.7168544418806011
6,4,0.9409273250651573,0.7168544418806011
6,4,0.9409273250651573,0.7448205647534536
6,4,0.9409273250651573,0.7168544418806011
6,4,0.9884628795071251,0.7448205647534536
6,4,0.9409273250651573,0.7448205647534536
6,4,0.9409273250651573,0.7448205647534536
6,4,0.9884628795071251,0.7448205647534536
6,4,0.9884628795071251,0.7727866876263052
6,4,0.9884628795071251,0.7448205647534536
7,4,0.035998433949093744,0.7727866876263052
6,4,0.9884628795071251,0.7727866876263052
6,4,0.9884628795071251,0.7727866876263052
7,4,0.035998433949093744,0.7727866876263052
7,4,0.035998433949093744,0.8007528104991577
6,4,0.7032495528553167,0.5770238275163395
6,4,0.7507851072972844,0.5770238275163395
6,4,0.7507851072972844,0.604989950389192
6,4,0.7507851072972844,0.5770238275163395
6,4,0.7983206617392522,0.604989950389192
6,4,0.7507851072972844,0.604989950389192
6,4,0.7507851072972844,0.604989950389192
6,4,0.7983206617392522,0.604989950389192
6,4,0.7983206617392522,0.6329560732620445
6,4,0.7983206617392522,0.604989950389192
6,4,0.8458562161812209,0.6329560732620445
6,4,0.7983206617392522,0.6329560732620445
6,4,0.7983206617392522,0.6329560732620445
6,4,0.8458562161812209,0.6329560732620445
6,4,0.8458562161812209,0.6609221961348961
6,4,0.8458562161812209,0.6329560732620445
6,4,0.8933917706231886,0.6609221961348961
6,4,0.8458562161812209,0.6609221961348961
6,4,0.8458562161812209,0.6609221961348961
6,4,0.8933917706231886,0.6609221961348961
6,4,0.8933917706231886,0.6888883190077486
6,4,0.8933917706231886,0.6609221961348961
6,4,0.9409273250651573,0.6888883190077486
6,4,0.8933917706231886,0.6888883190077486
6,4,0.8933917706231886,0.6888883190077486
6,4,0.9409273250651573,0.6888883190077486
6,4,0.9409273250651573,0.7168544418806011
6,4,0.9409273250651573,0.6888883190077486
6,4,0.9884628795071251,0.7168544418806011
6,4,0.9409273250651573,0.7168544418806011
6,4,0.9409273250651573,0.7168544418806011
6,4,0.9884628795071251,0.7168544418806011
6,4,0.9884628795071251,0.7448205647534536
6,4,0.9884628795071251,0.7168544418806011
7,4,0.035998433949093744,0.7448205647534536
6,4,0.9884628795071251,0.7448205647534536
6,4,0.9884628795071251,0.7448205647534536
7,4,0.035998433949093744,0.7448205647534536
7,4,0.035998433949093744,0.7727866876263052
6,4,0.7507851072972844,0.5770238275163395
6,4,0.7983206617392522,0.5770238275163395
6,4,0.7983206617392522,0.604989950389192
6,4,0.7983206617392522,0.5770238275163395
6,4,0.8458562161812209,0.604989950389192
6,4,0.7983206617392522,0.604989950389192
6,4,0.7983206617392522,0.604989950389192
6,4,0.8458562161812209,0.604989950389192
6,4,0.8458562161812209,0.6329560732620445
6,4,0.8458562161812209,0.604989950389192
6,4,0.8933917706231886,0.6329560732620445
6,4,0.8458562161812209,0.6329560732620445
6,4,0.8458562161812209,0.6329560732620445
6,4,0.8933917706231886,0.6329560732620445
6,4,0.8933917706231886,0.6609221961348961
6,4,0.8933917706231886,0.6329560732620445
6,4,0.9409273250651573,0.6609221961348961
6,4,0.8933917706231886,0.6609221961348961
6,4,0.8933917706231886,0.6609221961348961
6,4,0.9409273250651573,0.6609221961348961
6,4,0.9409273250651573,0.6888883190077486
6,4,0.9409273250651573,0.6609221961348961
6,4,0.9884628795071251,0.6888883190077486
6,4,0.9409273250651573,0.6888883190077486
6,4,0.9409273250651573,0.6888883190077486
6,4,0.9884628795071251,0.6888883190077486
6,4,0.9884628795071251,0.7168544418806011
6,4,0.9884628795071251,0.6888883190077486
7,4,0.035998433949093744,0.7168544418806011
6,4,0.9884628795071251,0.7168544418806011
6,4,0.9884628795071251,0.7168544418806011
7,4,0.035998433949093744,0.7168544418806011
7,4,0.035998433949093744,0.7448205647534536
6,4,0.7983206617392522,0.5770238275163395
6,4,0.8458562161812209,0.5770238275163395
6,4,0.8458562161812209,0.604989950389192
6,4,0.8458562161812209,0.5770238275163395
6,4,0.8933917706231886,0.604989950389192
6,4,0.8458562161812209,0.604989950389192
6,4,0.8458562161812209,0.604989950389192
6,4,0.8933917706231886,0.604989950389192
6,4,0.8933917706231886,0.6329560732620445
6,4,0.8933917706231886,0.604989950389192
6,4,0.9409273250651573,0.6329560732620445
6,4,0.8933917706231886,0.6329560732620445
6,4,0.8933917706231886,0.6329560732620445
6,4,0.9409273250651573,0.6329560732620445
6,4,0.9409273250651573,0.6609221961348961
6,4,0.9409273250651573,0.6329560732620445
6,4,0.9884628795071251,0.6609221961348961
6,4,0.9409273250651573,0.6609221961348961
6,4,0.9409273250651573,0.6609221961348961
6,4,0.9884628795071251,0.6609221961348961
6,4,0.9884628795071251,0.6888883190077486
6,4,0.9884628795071251,0.6609221961348961
7,4,0.035998433949093744,0.6888883190077486
6,4,0.9884628795071251,0.6888883190077486
6,4,0.9884628795071251,0.6888883190077486
7,4,0.035998433949093744,0.6888883190077486
7,4,0.035998433949093744,0.7168544418806011
6,4,0.8458562161812209,0.5770238275163395
6,4,0.8933917706231886,0.5770238275163395
6,4,0.8933917706231886,0.604989950389192
6,4,0.8933917706231886,0.5770238275163395
6,4,0.9409273250651573,0.604989950389192
6,4,0.8933917706231886,0.604989950389192
6,4,0.8933917706231886,0.604989950389192
6,4,0.9409273250651573,0.604989950389192
6,4,0.9409273250651573,0.6329560732620445
6,4,0.9409273250651573,0.604989950389192
6,4,0.9884628795071251,0.6329560732620445
6,4,0.9409273250651573,0.6329560732620445
6,4,0.9409273250651573,0.6329560732620445
6,4,0.9884628795071251,0.6329560732620445
6,4,0.9884628795071251,0.6609221961348961
6,4,0.9884628795071251,0.6329560732620445
7,4,0.035998433949093744,0.6609221961348961
6,4,0.9884628795071251,0.6609221961348961
6,4,0.9884628795071251,0.6609221961348961
7,4,0.035998433949093744,0.6609221961348961
7,4,0.035998433949093744,0.6888883190077486
6,4,0.8933917706231886,0.5770238275163395
6,4,0.9409273250651573,0.5770238275163395
6,4,0.9409273250651573,0.604989950389192
6,4,0.9409273250651573,0.5770238275163395
6,4,0.9884628795071251,0.604989950389192
6,4,0.9409273250651573,0.604989950389192
6,4,0.9409273250651573,0.604989950389192
6,4,0.9884628795071251,0.604989950389192
6,4,0.9884628795071251,0.6329560732620445
6,4,0.9884628795071251,0.604989950389192
7,4,0.035998433949093744,0.6329560732620445
6,4,0.9884628795071251,0.6329560732620445
6,4,0.9884628795071251,0.6329560732620445
7,4,0.035998433949093744,0.6329560732620445
7,4,0.035998433949093744,0.6609221961348961
6,4,0.9409273250651573,0.5770238275163395
6,4,0.9884628795071251,0.5770238275163395
6,4,0.9884628795071251,0.604989950389192
6,4,0.9884628795071251,0.5770238275163395
7,4,0.035998433949093744,0.604989950389192
6,4,0.9884628795071251,0.604989950389192
6,4,0.9884628795071251,0.604989950389192
7,4,0.035998433949093744,0.604989950389192
7,4,0.035998433949093744,0.6329560732620445
6,4,0.9884628795071251,0.5770238275163395
7,4,0.035998433949093744,0.5770238275163395
7,4,0.035998433949093744,0.604989950389192
7,4,0.035998433949093744,0.8566850562448618
6,4,0.9884628795071251,0.8566850562448618
6,4,0.9884628795071251,0.8287189333720102
6,4,0.9884628795071251,0.8566850562448618
6,4,0.9409273250651573,0.8287189333720102
6,4,0.9884628795071251,0.8287189333720102
6,4,0.9884628795071251,0.8287189333720102
6,4,0.9409273250651573,0.8287189333720102
6,4,0.9409273250651573,0.8007528104991577
6,4,0.9409273250651573,0.8287189333720102
6,4,0.8933917706231886,0.8007528104991577
6,4,0.9409273250651573,0.8007528104991577
6,4,0.9409273250651573,0.8007528104991577
6,4,0.8933917706231886,0.8007528104991577
6,4,0.8933917706231886,0.7727866876263052
6,4,0.8933917706231886,0.8007528104991577
6,4,0.8458562161812209,0.7727866876263052
6,4,0.8933917706231886,0.7727866876263052
6,4,0.8933917706231886,0.7727866876263052
6,4,0.8458562161812209,0.7727866876263052
6,4,0.8458562161812209,0.7448205647534536
6,4,0.8458562161812209,0.7727866876263052
6,4,0.7983206617392522,0.7448205647534536
6,4,0.8458562161812209,0.7448205647534536
6,4,0.8458562161812209,0.7448205647534536
6,4,0.7983206617392522,0.7448205647534536
6,4,0.7983206617392522,0.7168544418806011
6,4,0.7983206617392522,0.7448205647534536
6,4,0.7507851072972844,0.7168544418806011
6,4,0.7983206617392522,0.7168544418806011
6,4,0.7983206617392522,0.7168544418806011
6,4,0.7507851072972844,0.7168544418806011
6,4,0.7507851072972844,0.6888883190077486
6,4,0.7507851072972844,0.7168544418806011
6,4,0.7032495528553167,0.6888883190077486
6,4,0.7507851072972844,0.6888883190077486
6,4,0.7507851072972844,0.6888883190077486
6,4,0.7032495528553167,0.6888883190077486
6,4,0.7032495528553167,0.660922196134897
6,4,0.7032495528553167,0.6888883190077486
6,4,0.655713998413348,0.6609221961348961
6,4,0.7032495528553167,0.660922196134897
6,4,0.7032495528553167,0.660922196134897
6,4,0.655713998413348,0.6609221961348961
6,4,0.655713998413348,0.6329560732620445
6,4,0.655713998413348,0.6609221961348961
6,4,0.6081784439713802,0.6329560732620445
6,4,0.655713998413348,0.6329560732620445
6,4,0.655713998413348,0.6329560732620445
6,4,0.6081784439713802,0.6329560732620445
6,4,0.6081784439713802,0.604989950389192
6,4,0.6081784439713802,0.6329560732620445
6,4,0.5606428895294115,0.604989950389192
6,4,0.6081784439713802,0.604989950389192
6,4,0.6081784439713802,0.604989950389192
6,4,0.5606428895294115,0.604989950389192
6,4,0.5606428895294115,0.5770238275163395
6,4,0.9884628795071251,0.8566850562448618
6,4,0.9409273250651573,0.8566850562448618
6,4,0.9409273250651573,0.8287189333720102
6,4,0.9409273250651573,0.8566850562448618
6,4,0.8933917706231886,0.8287189333720102
6,4,0.9409273250651573,0.8287189333720102
6,4,0.9409273250651573,0.8287189333720102
6,4,0.8933917706231886,0.8287189333720102
6,4,0.8933917706231886,0.8007528104991577
6,4,0.8933917706231886,0.8287189333720102
6,4,0.8458562161812209,0.8007528104991577
6,4,0.8933917706231886,0.8007528104991577
6,4,0.8933917706231886,0.8007528104991577
6,4,0.8458562161812209,0.8007528104991577
6,4,0.8458562161812209,0.7727866876263052
6,4,0.8458562161812209,0.8007528104991577
6,4,0.7983206617392522,0.7727866876263052
6,4,0.8458562161812209,0.7727866876263052
6,4,0.8458562161812209,0.7727866876263052
6,4,0.7983206617392522,0.7727866876263052
6,4,0.7983206617392522,0.7448205647534536
6,4,0.7983206617392522,0.7727866876263052
6,4,0.7507851072972844,0.7448205647534536
6,4,0.7983206617392522,0.7448205647534536
6,4,0.7983206617392522,0.7448205647534536
6,4,0.7507851072972844,0.7448205647534536
6,4,0.7507851072972844,0.7168544418806011
6,4,0.7507851072972844,0.7448205647534536
6,4,0.7032495528553167,0.7168544418806011
6,4,0.7507851072972844,0.7168544418806011
6,4,0.7507851072972844,0.7168544418806011
6,4,0.7032495528553167,0.7168544418806011
6,4,0.7032495528553167,0.6888883190077486
6,4,0.7032495528553167,0.7168544418806011
6,4,0.655713998413348,0.6888883190077486
6,4,0.7032495528553167,0.6888883190077486
6,4,0.7032495528553167,0.6888883190077486
6,4,0.655713998413348,0.6888883190077486
6,4,0.655713998413348,0.6609221961348961
6,4,0.655713998413348,0.6888883190077486
6,4,0.6081784439713802,0.660922196134897
6,4,0.655713998413348,0.6609221961348961
6,4,0.655713998413348,0.6609221961348961
6,4,0.6081784439713802,0.660922196134897
6,4,0.6081784439713802,0.6329560732620445
6,4,0.6081784439713802,0.660922196134897
6,4,0.5606428895294115,0.6329560732620445
6,4,0.6081784439713802,0.6329560732620445
6,4,0.6081784439713802,0.6329560732620445
6,4,0.5606428895294115,0.6329560732620445
6,4,0.5606428895294115,0.604989950389192
6,4,0.9409273250651573,0.8566850562448618
6,4,0.8933917706231886,0.8566850562448618
6,4,0.8933917706231886,0.8287189333720102
6,4,0.8933917706231886,0.8566850562448618
6,4,0.8458562161812209,0.8287189333720102
6,4,0.8933917706231886,0.8287189333720102
6,4,0.8933917706231886,0.8287189333720102
6,4,0.8458562161812209,0.8287189333720102
6,4,0.8458562161812209,0.8007528104991577
6,4,0.8458562161812209,0.8287189333720102
6,4,0.7983206617392522,0.8007528104991577
6,4,0.8458562161812209,0.8007528104991577
6,4,0.8458562161812209,0.8007528104991577
6,4,0.7983206617392522,0.8007528104991577
6,4,0.7983206617392522,0.7727866876263052
6,4,0.7983206617392522,0.8007528104991577
6,4,0.7507851072972844,0.7727866876263052
6,4,0.7983206617392522,0.7727866876263052
6,4,0.7983206617392522,0.7727866876263052
6,4,0.7507851072972844,0.7727866876263052
6,4,0.7507851072972844,0.7448205647534536
6,4,0.7507851072972844,0.7727866876263052
6,4,0.7032495528553167,0.7448205647534536
6,4,0.7507851072972844,0.7448205647534536
6,4,0.7507851072972844,0.7448205647534536
6,4,0.7032495528553167,0.7448205647534536
6,4,0.7032495528553167,0.7168544418806011
6,4,0.7032495528553167,0.7448205647534536
6,4,0.655713998413348,0.7168544418806011
6,4,0.7032495528553167,0.7168544418806011
6,4,0.7032495528553167,0.7168544418806011
6,4,0.655713998413348,0.7168544418806011
6,4,0.655713998413348,0.6888883190077486
6,4,0.655713998413348,0.7168544418806011
6,4,0.6081784439713802,0.6888883190077486
6,4,0.655713998413348,0.6888883190077486
6,4,0.655713998413348,0.6888883190077486
6,4,0.6081784439713802,0.6888883190077486
6,4,0.6081784439713802,0.660922196134897
6,4,0.6081784439713802,0.6888883190077486
6,4,0.5606428895294115,0.660922196134897
6,4,0.6081784439713802,0.660922196134897
6,4,0.6081784439713802,0.660922196134897
6,4,0.5606428895294115,0.660922196134897
6,4,0.5606428895294115,0.6329560732620445
6,4,0.8933917706231886,0.8566850562448618
6,4,0.8458562161812209,0.8566850562448618
6,4,0.8458562161812209,0.8287189333720102
6,4,0.8458562161812209,0.8566850562448618
6,4,0.7983206617392522,0.8287189333720102
6,4,0.8458562161812209,0.8287189333720102
6,4,0.8458562161812209,0.8287189333720102
6,4,0.7983206617392522,0.8287189333720102
6,4,0.7983206617392522,0.8007528104991577
6,4,0.7983206617392522,0.8287189333720102
6,4,0.7507851072972844,0.8007528104991577
6,4,0.7983206617392522,0.8007528104991577
6,4,0.7983206617392522,0.8007528104991577
6,4,0.7507851072972844,0.8007528104991577
6,4,0.7507851072972844,0.7727866876263052
6,4,0.7507851072972844,0.8007528104991577
6,4,0.7032495528553167,0.7727866876263052
6,4,0.7507851072972844,0.7727866876263052
6,4,0.7507851072972844,0.7727866876263052
6,4,0.7032495528553167,0.7727866876263052
6,4,0.7032495528553167,0.7448205647534536
6,4,0.7032495528553167,0.7727866876263052
6,4,0.655713998413348,0.7448205647534536
6,4,0.7032495528553167,0.7448205647534536
6,4,0.7032495528553167,0.7448205647534536
6,4,0.655713998413348,0.7448205647534536
6,4,0.655713998413348,0.7168544418806011
6,4,0.655713998413348,0.7448205647534536
6,4,0.6081784439713802,0.7168544418806011
6,4,0.655713998413348,0.7168544418806011
6,4,0.655713998413348,0.7168544418806011
6,4,0.6081784439713802,0.7168544418806011
6,4,0.6081784439713802,0.6888883190077486
6,4,0.6081784439713802,0.7168544418806011
6,4,0.5606428895294115,0.6888883190077486
6,4,0.6081784439713802,0.6888883190077486
6,4,0.6081784439713802,0.6888883190077486
6,4,0.5606428895294115,0.6888883190077486
6,4,0.5606428895294115,0.660922196134897
6,4,0.8458562161812209,0.8566850562448618
6,4,0.7983206617392522,0.8566850562448618
6,4,0.7983206617392522,0.8287189333720102
6,4,0.7983206617392522,0.8566850562448618
6,4,0.7507851072972844,0.8287189333720102
6,4,0.7983206617392522,0.8287189333720102
6,4,0.7983206617392522,0.8287189333720102
6,4,0.7507851072972844,0.8287189333720102
6,4,0.7507851072972844,0.8007528104991577
6,4,0.7507851072972844,0.8287189333720102
6,4,0.7032495528553167,0.8007528104991577
6,4,0.7507851072972844,0.8007528104991577
6,4,0.7507851072972844,0.8007528104991577
6,4,0.7032495528553167,0.8007528104991577
6,4,0.7032495528553167,0.7727866876263052
6,4,0.7032495528553167,0.8007528104991577
6,4,0.655713998413348,0.7727866876263052
6,4,0.7032495528553167,0.7727866876263052
6,4,0.7032495528553167,0.7727866876263052
6,4,0.655713998413348,0.7727866876263052
6,4,0.655713998413348,0.7448205647534536
6,4,0.655713998413348,0.7727866876263052
6,4,0.6081784439713802,0.7448205647534536
6,4,0.655713998413348,0.7448205647534536
6,4,0.655713998413348,0.7448205647534536
6,4,0.6081784439713802,0.7448205647534536
6,4,0.6081784439713802,0.7168544418806011
6,4,0.6081784439713802,0.7448205647534536
6,4,0.5606428895294115,0.7168544418806011
6,4,0.6081784439713802,0.7168544418806011
6,4,0.6081784439713802,0.7168544418806011
6,4,0.5606428895294115,0.7168544418806011
6,4,0.5606428895294115,0.6888883190077486
6,4,0.7983206617392522,0.8566850562448618
6,4,0.7507851072972844,0.8566850562448618
6,4,0.7507851072972844,0.8287189333720102
6,4,0.7507851072972844,0.8566850562448618
6,4,0.7032495528553167,0.8287189333720102
6,4,0.7507851072972844,0.8287189333720102
6,4,0.7507851072972844,0.8287189333720102
6,4,0.7032495528553167,0.8287189333720102
6,4,0.7032495528553167,0.8007528104991577
6,4,0.7032495528553167,0.8287189333720102
6,4,0.655713998413348,0.8007528104991577
6,4,0.7032495528553167,0.8007528104991577
6,4,0.7032495528553167,0.8007528104991577
6,4,0.655713998413348,0.8007528104991577
6,4,0.655713998413348,0.7727866876263052
6,4,0.655713998413348,0.8007528104991577
6,4,0.6081784439713802,0.7727866876263052
6,4,0.655713998413348,0.7727866876263052
6,4,0.655713998413348,0.7727866876263052
6,4,0.6081784439713802,0.7727866876263052
6,4,0.6081784439713802,0.7448205647534536
6,4,0.6081784439713802,0.7727866876263052
6,4,0.5606428895294115,0.7448205647534536
6,4,0.6081784439713802,0.7448205647534536
6,4,0.6081784439713802,0.7448205647534536
6,4,0.5606428895294115,0.7448205647534536
6,4,0.5606428895294115,0.7168544418806011
6,4,0.7507851072972844,0.8566850562448618
6,4,0.7032495528553167,0.8566850562448618
6,4,0.7032495528553167,0.8287189333720102
6,4,0.7032495528553167,0.8566850562448618
6,4,0.655713998413348,0.8287189333720102
6,4,0.7032495528553167,0.8287189333720102
6,4,0.7032495528553167,0.8287189333720102
6,4,0.655713998413348,0.8287189333720102
6,4,0.655713998413348,0.8007528104991577
6,4,0.655713998413348,0.8287189333720102
6,4,0.6081784439713802,0.8007528104991577
6,4,0.655713998413348,0.8007528104991577
6,4,0.655713998413348,0.8007528104991577
6,4,0.6081784439713802,0.8007528104991577
6,4,0.6081784439713802,0.7727866876263052
6,4,0.6081784439713802,0.8007528104991577
6,4,0.5606428895294115,0.7727866876263052
6,4,0.6081784439713802,0.7727866876263052
6,4,0.6081784439713802,0.7727866876263052
6,4,0.5606428895294115,0.7727866876263052
6,4,0.5606428895294115,0.7448205647534536
6,4,0.7032495528553167,0.8566850562448618
6,4,0.655713998413348,0.8566850562448618
6,4,0.655713998413348,0.8287189333720102
6,4,0.655713998413348,0.8566850562448618
6,4,0.6081784439713802,0.8287189333720102
6,4,0.655713998413348,0.8287189333720102
6,4,0.655713998413348,0.8287189333720102
6,4,0.6081784439713802,0.8287189333720102
6,4,0.6081784439713802,0.8007528104991577
6,4,0.6081784439713802,0.8287189333720102
6,4,0.5606428895294115,0.8007528104991577
6,4,0.6081784439713802,0.8007528104991577
6,4,0.6081784439713802,0.8007528104991577
6,4,0.5606428895294115,0.8007528104991577
6,4,0.5606428895294115,0.7727866876263052
6,4,0.655713998413348,0.8566850562448618
6,4,0.6081784439713802,0.8566850562448618
6,4,0.6081784439713802,0.8287189333720102
6,4,0.6081784439713802,0.8566850562448618
6,4,0.5606428895294115,0.8287189333720102
6,4,0.6081784439713802,0.8287189333720102
6,4,0.6081784439713802,0.8287189333720102
6,4,0.5606428895294115,0.8287189333720102
6,4,0.5606428895294115,0.8007528104991577
6,4,0.6081784439713802,0.8566850562448618
6,4,0.5606428895294115,0.8566850562448618
6,4,0.5606428895294115,0.8287189333720102
7,4,0.15000000000000036,0.4299999999999997
7,4,0.07603132328095263,0.30462934912993145
7,4,0.07603132328095263,0.555370650870068
7,4,0.22396867671904808,0.30462934912993145
7,4,0.22396867671904808,0.555370650870068
7,4,0.0029463089103298756,0.6190433601136451
7,4,0.0029463089103298756,0.5771169185196472
7,4,0.03664320132884136,0.5771169185196472
7,4,0.0029463089103298756,0.5771169185196472
7,4,0.03664320132884136,0.5351904769256501
7,4,0.03664320132884136,0.5771169185196472
7,4,0.03664320132884136,0.5771169185196472
7,4,0.03664320132884136,0.5351904769256501
7,4,0.07034009374735195,0.5351904769256501
7,4,0.03664320132884136,0.5351904769256501
7,4,0.07034009374735195,0.4932640353316522
7,4,0.07034009374735195,0.5351904769256501
7,4,0.07034009374735195,0.5351904769256501
7,4,0.07034009374735195,0.4932640353316522
7,4,0.10403698616586343,0.4932640353316522
7,4,0.07034009374735195,0.4932640353316522
7,4,0.10403698616586343,0.45133759373765425
7,4,0.10403698616586343,0.4932640353316522
7,4,0.10403698616586343,0.4932640353316522
7,4,0.10403698616586343,0.45133759373765425
7,4,0.13773387858437403,0.45133759373765425
7,4,0.10403698616586343,0.45133759373765425
7,4,0.13773387858437403,0.4094111521436572
7,4,0.13773387858437403,0.45133759373765425
7,4,0.13773387858437403,0.45133759373765425
7,4,0.13773387858437403,0.4094111521436572
7,4,0.1714307710028855,0.4094111521436572
7,4,0.13773387858437403,0.4094111521436572
7,4,0.1714307710028855,0.36748471054965925
7,4,0.1714307710028855,0.4094111521436572
7,4,0.1714307710028855,0.4094111521436572
7,4,0.1714307710028855,0.36748471054965925
7,4,0.2051276634213961,0.36748471054965925
7,4,0.1714307710028855,0.36748471054965925
7,4,0.2051276634213961,0.3255582689556613
7,4,0.2051276634213961,0.36748471054965925
7,4,0.2051276634213961,0.36748471054965925
7,4,0.2051276634213961,0.3255582689556613
7,4,0.2388245558399067,0.3255582689556613
7,4,0.2051276634213961,0.3255582689556613
7,4,0.2388245558399067,0.28363182736166426
7,4,0.2388245558399067,0.3255582689556613
7,4,0.2388245558399067,0.3255582689556613
7,4,0.2388245558399067,0.28363182736166426
7,4,0.2725214482584182,0.28363182736166426
7,4,0.2388245558399067,0.28363182736166426
7,4,0.2725214482584182,0.24170538576766631
7,4,0.2725214482584182,0.28363182736166426
7,4,0.2725214482584182,0.28363182736166426
7,4,0.2725214482584182,0.24170538576766631
7,4,0.30621834067692877,0.24170538576766631
7,4,0.0029463089103298756,0.5771169185196472
7,4,0.0029463089103298756,0.5351904769256501
7,4,0.03664320132884136,0.5351904769256501
7,4,0.0029463089103298756,0.5351904769256501
7,4,0.03664320132884136,0.4932640353316522
7,4,0.03664320132884136,0.5351904769256501
7,4,0.03664320132884136,0.5351904769256501
7,4,0.03664320132884136,0.4932640353316522
7,4,0.07034009374735195,0.4932640353316522
7,4,0.03664320132884136,0.4932640353316522
7,4,0.07034009374735195,0.45133759373765425
7,4,0.07034009374735195,0.4932640353316522
7,4,0.07034009374735195,0.4932640353316522
7,4,0.07034009374735195,0.45133759373765425
7,4,0.10403698616586343,0.45133759373765425
7,4,0.07034009374735195,0.45133759373765425
7,4,0.10403698616586343,0.4094111521436572
7,4,0.10403698616586343,0.45133759373765425
7,4,0.10403698616586343,0.45133759373765425
7,4,0.10403698616586343,0.4094111521436572
7,4,0.13773387858437403,0.4094111521436572
7,4,0.10403698616586343,0.4094111521436572
7,4,0.13773387858437403,0.36748471054965925
7,4,0.13773387858437403,0.4094111521436572
7,4,0.13773387858437403,0.4094111521436572
7,4,0.13773387858437403,0.36748471054965925
7,4,0.1714307710028855,0.36748471054965925
7,4,0.13773387858437403,0.36748471054965925
7,4,0.1714307710028855,0.3255582689556613
7,4,0.1714307710028855,0.36748471054965925
7,4,0.1714307710028855,0.36748471054965925
7,4,0.1714307710028855,0.3255582689556613
7,4,0.2051276634213961,0.3255582689556613
7,4,0.1714307710028855,0.3255582689556613
7,4,0.2051276634213961,0.28363182736166426
7,4,0.2051276634213961,0.3255582689556613
7,4,0.2051276634213961,0.3255582689556613
7,4,0.2051276634213961,0.28363182736166426
7,4,0.2388245558399067,0.28363182736166426
7,4,0.2051276634213961,0.28363182736166426
7,4,0.2388245558399067,0.24170538576766631
7,4,0.2388245558399067,0.28363182736166426
7,4,0.2388245558399067,0.28363182736166426
7,4,0.2388245558399067,0.24170538576766631
7,4,0.2725214482584182,0.24170538576766631
7,4,0.0029463089103298756,0.5351904769256501
7,4,0.0029463089103298756,0.4932640353316522
7,4,0.03664320132884136,0.4932640353316522
7,4,0.0029463089103298756,0.4932640353316522
7,4,0.03664320132884136,0.45133759373765425
7,4,0.03664320132884136,0.4932640353316522
7,4,0.03664320132884136,0.4932640353316522
7,4,0.03664320132884136,0.45133759373765425
7,4,0.07034009374735195,0.45133759373765425
7,4,0.03664320132884136,0.45133759373765425
7,4,0.07034009374735195,0.4094111521436572
7,4,0.07034009374735195,0.45133759373765425
7,4,0.07034009374735195,0.45133759373765425
7,4,0.07034009374735195,0.4094111521436572
7,4,0.10403698616586343,0.4094111521436572
7,4,0.07034009374735195,0.4094111521436572
7,4,0.10403698616586343,0.36748471054965925
7,4,0.10403698616586343,0.4094111521436572
7,4,0.10403698616586343,0.4094111521436572
7,4,0.10403698616586343,0.36748471054965925
7,4,0.13773387858437403,0.36748471054965925
7,4,0.10403698616586343,0.36748471054965925
7,4,0.13773387858437403,0.3255582689556613
7,4,0.13773387858437403,0.36748471054965925
7,4,0.13773387858437403,0.36748471054965925
7,4,0.13773387858437403,0.3255582689556613
7,4,0.1714307710028855,0.3255582689556613
7,4,0.13773387858437403,0.3255582689556613
7,4,0.1714307710028855,0.28363182736166426
7,4,0.1714307710028855,0.3255582689556613
7,4,0.1714307710028855,0.3255582689556613
7,4,0.1714307710028855,0.28363182736166426
7,4,0.2051276634213961,0.28363182736166426
7,4,0.1714307710028855,0.28363182736166426
7,4,0.2051276634213961,0.24170538576766631
7,4,0.2051276634213961,0.28363182736166426
7,4,0.2051276634213961,0.28363182736166426
7,4,0.2051276634213961,0.24170538576766631
7,4,0.2388245558399067,0.24170538576766631
7,4,0.0029463089103298756,0.4932640353316522
7,4,0.0029463089103298756,0.45133759373765425
7,4,0.03664320132884136,0.45133759373765425
7,4,0.0029463089103298756,0.45133759373765425
7,4,0.03664320132884136,0.4094111521436572
7,4,0.03664320132884136,0.45133759373765425
7,4,0.03664320132884136,0.45133759373765425
7,4,0.03664320132884136,0.4094111521436572
7,4,0.07034009374735195,0.4094111521436572
7,4,0.03664320132884136,0.4094111521436572
7,4,0.07034009374735195,0.36748471054965925
7,4,0.07034009374735195,0.4094111521436572
7,4,0.07034009374735195,0.4094111521436572
7,4,0.07034009374735195,0.36748471054965925
7,4,0.10403698616586343,0.36748471054965925
7,4,0.07034009374735195,0.36748471054965925
7,4,0.10403698616586343,0.3255582689556613
7,4,0.10403698616586343,0.36748471054965925
7,4,0.10403698616586343,0.36748471054965925
7,4,0.10403698616586343,0.3255582689556613
7,4,0.13773387858437403,0.3255582689556613
7,4,0.10403698616586343,0.3255582689556613
7,4,0.13773387858437403,0.28363182736166426
7,4,0.13773387858437403,0.3255582689556613
7,4,0.13773387858437403,0.3255582689556613
7,4,0.13773387858437403,0.28363182736166426
7,4,0.1714307710028855,0.28363182736166426
7,4,0.13773387858437403,0.28363182736166426
7,4,0.1714307710028855,0.24170538576766631
7,4,0.1714307710028855,0.28363182736166426
7,4,0.1714307710028855,0.28363182736166426
7,4,0.1714307710028855,0.24170538576766631
7,4,0.2051276634213961,0.24170538576766631
7,4,0.0029463089103298756,0.45133759373765425
7,4,0.0029463089103298756,0.4094111521436572
7,4,0.03664320132884136,0.4094111521436572
7,4,0.0029463089103298756,0.4094111521436572
7,4,0.03664320132884136,0.36748471054965925
7,4,0.03664320132884136,0.4094111521436572
7,4,0.03664320132884136,0.4094111521436572
7,4,0.03664320132884136,0.36748471054965925
7,4,0.07034009374735195,0.36748471054965925
7,4,0.03664320132884136,0.36748471054965925
7,4,0.07034009374735195,0.3255582689556613
7,4,0.07034009374735195,0.36748471054965925
7,4,0.07034009374735195,0.36748471054965925
7,4,0.07034009374735195,0.3255582689556613
7,4,0.10403698616586343,0.3255582689556613
7,4,0.07034009374735195,0.3255582689556613
7,4,0.10403698616586343,0.28363182736166426
7,4,0.10403698616586343,0.3255582689556613
7,4,0.10403698616586343,0.3255582689556613
7,4,0.10403698616586343,0.28363182736166426
7,4,0.13773387858437403,0.28363182736166426
7,4,0.10403698616586343,0.28363182736166426
7,4,0.13773387858437403,0.24170538576766631
7,4,0.13773387858437403,0.28363182736166426
7,4,0.13773387858437403,0.28363182736166426
7,4,0.13773387858437403,0.24170538576766631
7,4,0.1714307710028855,0.24170538576766631
7,4,0.0029463089103298756,0.4094111521436572
7,4,0.0029463089103298756,0.36748471054965925
7,4,0.03664320132884136,0.36748471054965925
7,4,0.0029463089103298756,0.36748471054965925
7,4,0.03664320132884136,0.3255582689556613
7,4,0.03664320132884136,0.36748471054965925
7,4,0.03664320132884136,0.36748471054965925
7,4,0.03664320132884136,0.3255582689556613
7,4,0.07034009374735195,0.3255582689556613
7,4,0.03664320132884136,0.3255582689556613
7,4,0.07034009374735195,0.28363182736166426
7,4,0.07034009374735195,0.3255582689556613
7,4,0.07034009374735195,0.3255582689556613
7,4,0.07034009374735195,0.28363182736166426
7,4,0.10403698616586343,0.28363182736166426
7,4,0.07034009374735195,0.28363182736166426
7,4,0.10403698616586343,0.24170538576766631
7,4,0.10403698616586343,0.28363182736166426
7,4,0.10403698616586343,0.28363182736166426
7,4,0.10403698616586343,0.24170538576766631
7,4,0.13773387858437403,0.24170538576766631
7,4,0.0029463089103298756,0.36748471054965925
7,4,0.0029463089103298756,0.3255582689556613
7,4,0.03664320132884136,0.3255582689556613
7,4,0.0029463089103298756,0.3255582689556613
7,4,0.03664320132884136,0.28363182736166426
7,4,0.03664320132884136,0.3255582689556613
7,4,0.03664320132884136,0.3255582689556613
7,4,0.03664320132884136,0.28363182736166426
7,4,0.07034009374735195,0.28363182736166426
7,4,0.03664320132884136,0.28363182736166426
7,4,0.07034009374735195,0.24170538576766631
7,4,0.07034009374735195,0.28363182736166426
7,4,0.07034009374735195,0.28363182736166426
7,4,0.07034009374735195,0.24170538576766631
7,4,0.10403698616586343,0.24170538576766631
7,4,0.0029463089103298756,0.3255582689556613
7,4,0.0029463089103298756,0.28363182736166426
7,4,0.03664320132884136,0.28363182736166426
7,4,0.0029463089103298756,0.28363182736166426
7,4,0.03664320132884136,0.24170538576766631
7,4,0.03664320132884136,0.28363182736166426
7,4,0.03664320132884136,0.28363182736166426
7,4,0.03664320132884136,0.24170538576766631
7,4,0.07034009374735195,0.24170538576766631
7,4,0.0029463089103298756,0.28363182736166426
7,4,0.0029463089103298756,0.24170538576766631
7,4,0.03664320132884136,0.24170538576766631
7,4,0.30621834067692877,0.24170538576766631
7,4,0.30621834067692877,0.28363182736166426
7,4,0.2725214482584182,0.28363182736166426
7,4,0.30621834067692877,0.28363182736166426
7,4,0.2725214482584182,0.3255582689556613
7,4,0.2725214482584182,0.28363182736166426
7,4,0.2725214482584182,0.28363182736166426
7,4,0.2725214482584182,0.3255582689556613
7,4,0.2388245558399067,0.3255582689556613
7,4,0.2725214482584182,0.3255582689556613
7,4,0.2388245558399067,0.36748471054965925
7,4,0.2388245558399067,0.3255582689556613
7,4,0.2388245558399067,0.3255582689556613
7,4,0.2388245558399067,0.36748471054965925
7,4,0.2051276634213961,0.36748471054965925
7,4,0.2388245558399067,0.36748471054965925
7,4,0.2051276634213961,0.4094111521436572
7,4,0.2051276634213961,0.36748471054965925
7,4,0.2051276634213961,0.36748471054965925
7,4,0.2051276634213961,0.4094111521436572
7,4,0.1714307710028855,0.4094111521436572
7,4,0.2051276634213961,0.4094111521436572
7,4,0.1714307710028855,0.45133759373765425
7,4,0.1714307710028855,0.4094111521436572
7,4,0.1714307710028855,0.4094111521436572
7,4,0.1714307710028855,0.45133759373765425
7,4,0.13773387858437403,0.45133759373765425
7,4,0.1714307710028855,0.45133759373765425
7,4,0.13773387858437403,0.4932640353316522
7,4,0.13773387858437403,0.45133759373765425
7,4,0.13773387858437403,0.45133759373765425
7,4,0.13773387858437403,0.4932640353316522
7,4,0.10403698616586343,0.4932640353316522
7,4,0.13773387858437403,0.4932640353316522
7,4,0.10403698616586343,0.5351904769256501
7,4,0.10403698616586343,0.4932640353316522
7,4,0.10403698616586343,0.4932640353316522
7,4,0.10403698616586343,0.5351904769256501
7,4,0.07034009374735195,0.5351904769256501
7,4,0.10403698616586343,0.5351904769256501
7,4,0.07034009374735195,0.5771169185196472
7,4,0.07034009374735195,0.5351904769256501
7,4,0.07034009374735195,0.5351904769256501
7,4,0.07034009374735195,0.5771169185196472
7,4,0.03664320132884136,0.5771169185196472
7,4,0.07034009374735195,0.5771169185196472
7,4,0.03664320132884136,0.6190433601136451
7,4,0.03664320132884136,0.5771169185196472
7,4,0.03664320132884136,0.5771169185196472
7,4,0.03664320132884136,0.6190433601136451
7,4,0.0029463089103298756,0.6190433601136451
7,4,0.30621834067692877,0.28363182736166426
7,4,0.30621834067692877,0.3255582689556613
7,4,0.2725214482584182,0.3255582689556613
7,4,0.30621834067692877,0.3255582689556613
7,4,0.2725214482584182,0.36748471054965925
7,4,0.2725214482584182,0.3255582689556613
7,4,0.2725214482584182,0.3255582689556613
7,4,0.2725214482584182,0.36748471054965925
7,4,0.2388245558399067,0.36748471054965925
7,4,0.2725214482584182,0.36748471054965925
7,4,0.2388245558399067,0.4094111521436572
7,4,0.2388245558399067,0.36748471054965925
7,4,0.2388245558399067,0.36748471054965925
7,4,0.2388245558399067,0.4094111521436572
7,4,0.2051276634213961,0.4094111521436572
7,4,0.2388245558399067,0.4094111521436572
7,4,0.2051276634213961,0.45133759373765425
7,4,0.2051276634213961,0.4094111521436572
7,4,0.2051276634213961,0.4094111521436572
7,4,0.2051276634213961,0.45133759373765425
7,4,0.1714307710028855,0.45133759373765425
7,4,0.2051276634213961,0.45133759373765425
7,4,0.1714307710028855,0.4932640353316522
7,4,0.1714307710028855,0.45133759373765425
7,4,0.1714307710028855,0.45133759373765425
7,4,0.1714307710028855,0.4932640353316522
7,4,0.13773387858437403,0.4932640353316522
7,4,0.1714307710028855,0.4932640353316522
7,4,0.13773387858437403,0.5351904769256501
7,4,0.13773387858437403,0.4932640353316522
7,4,0.13773387858437403,0.4932640353316522
7,4,0.13773387858437403,0.5351904769256501
7,4,0.10403698616586343,0.5351904769256501
7,4,0.13773387858437403,0.5351904769256501
7,4,0.10403698616586343,0.5771169185196472
7,4,0.10403698616586343,0.5351904769256501
7,4,0.10403698616586343,0.5351904769256501
7,4,0.10403698616586343,0.5771169185196472
7,4,0.07034009374735195,0.5771169185196472
7,4,0.10403698616586343,0.5771169185196472
7,4,0.07034009374735195,0.6190433601136451
7,4,0.07034009374735195,0.5771169185196472
7,4,0.07034009374735195,0.5771169185196472
7,4,0.07034009374735195,0.6190433601136451
7,4,0.03664320132884136,0.6190433601136451
7,4,0.30621834067692877,0.3255582689556613
7,4,0.30621834067692877,0.36748471054965925
7,4,0.2725214482584182,0.36748471054965925
7,4,0.30621834067692877,0.36748471054965925
7,4,0.2725214482584182,0.4094111521436572
7,4,0.2725214482584182,0.36748471054965925
7,4,0.2725214482584182,0.36748471054965925
7,4,0.2725214482584182,0.4094111521436572
7,4,0.2388245558399067,0.4094111521436572
7,4,0.2725214482584182,0.4094111521436572
7,4,0.2388245558399067,0.45133759373765425
7,4,0.2388245558399067,0.4094111521436572
7,4,0.2388245558399067,0.4094111521436572
7,4,0.2388245558399067,0.45133759373765425
7,4,0.2051276634213961,0.45133759373765425
7,4,0.2388245558399067,0.45133759373765425
7,4,0.2051276634213961,0.4932640353316522
7,4,0.2051276634213961,0.45133759373765425
7,4,0.2051276634213961,0.45133759373765425
7,4,0.2051276634213961,0.4932640353316522
7,4,0.1714307710028855,0.4932640353316522
7,4,0.2051276634213961,0.4932640353316522
7,4,0.1714307710028855,0.5351904769256501
7,4,0.1714307710028855,0.4932640353316522
7,4,0.1714307710028855,0.4932640353316522
7,4,0.1714307710028855,0.5351904769256501
7,4,0.13773387858437403,0.5351904769256501
7,4,0.1714307710028855,0.5351904769256501
7,4,0.13773387858437403,0.5771169185196472
7,4,0.13773387858437403,0.5351904769256501
7,4,0.13773387858437403,0.5351904769256501
7,4,0.13773387858437403,0.5771169185196472
7,4,0.10403698616586343,0.5771169185196472
7,4,0.13773387858437403,0.5771169185196472
7,4,0.10403698616586343,0.6190433601136451
7,4,0.10403698616586343,0.5771169185196472
7,4,0.10403698616586343,0.5771169185196472
7,4,0.10403698616586343,0.6190433601136451
7,4,0.07034009374735195,0.6190433601136451
7,4,0.30621834067692877,0.36748471054965925
7,4,0.30621834067692877,0.4094111521436572
7,4,0.2725214482584182,0.4094111521436572
7,4,0.30621834067692877,0.4094111521436572
7,4,0.2725214482584182,0.45133759373765425
7,4,0.2725214482584182,0.4094111521436572
7,4,0.2725214482584182,0.4094111521436572
7,4,0.2725214482584182,0.45133759373765425
7,4,0.2388245558399067,0.45133759373765425
7,4,0.2725214482584182,0.45133759373765425
7,4,0.2388245558399067,0.4932640353316522
7,4,0.2388245558399067,0.45133759373765425
7,4,0.2388245558399067,0.45133759373765425
7,4,0.2388245558399067,0.4932640353316522
7,4,0.2051276634213961,0.4932640353316522
7,4,0.2388245558399067,0.4932640353316522
7,4,0.2051276634213961,0.5351904769256501
7,4,0.2051276634213961,0.4932640353316522
7,4,0.2051276634213961,0.4932640353316522
7,4,0.2051276634213961,0.5351904769256501
7,4,0.1714307710028855,0.5351904769256501
7,4,0.2051276634213961,0.5351904769256501
7,4,0.1714307710028855,0.5771169185196472
7,4,0.1714307710028855,0.5351904769256501
7,4,0.1714307710028855,0.5351904769256501
7,4,0.1714307710028855,0.5771169185196472
7,4,0.13773387858437403,0.5771169185196472
7,4,0.1714307710028855,0.5771169185196472
7,4,0.13773387858437403,0.6190433601136451
7,4,0.13773387858437403,0.5771169185196472
7,4,0.13773387858437403,0.5771169185196472
7,4,0.13773387858437403,0.6190433601136451
7,4,0.10403698616586343,0.6190433601136451
7,4,0.30621834067692877,0.4094111521436572
7,4,0.30621834067692877,0.45133759373765425
7,4,0.2725214482584182,0.45133759373765425
7,4,0.30621834067692877,0.45133759373765425
7,4,0.2725214482584182,0.4932640353316522
7,4,0.2725214482584182,0.45133759373765425
7,4,0.2725214482584182,0.45133759373765425
7,4,0.2725214482584182,0.4932640353316522
7,4,0.2388245558399067,0.4932640353316522
7,4,0.2725214482584182,0.4932640353316522
7,4,0.2388245558399067,0.5351904769256501
7,4,0.2388245558399067,0.4932640353316522
7,4,0.2388245558399067,0.4932640353316522
7,4,0.2388245558399067,0.5351904769256501
7,4,0.2051276634213961,0.5351904769256501
7,4,0.2388245558399067,0.5351904769256501
7,4,0.2051276634213961,0.5771169185196472
7,4,0.2051276634213961,0.5351904769256501
7,4,0.2051276634213961,0.5351904769256501
7,4,0.2051276634213961,0.5771169185196472
7,4,0.1714307710028855,0.5771169185196472
7,4,0.2051276634213961,0.5771169185196472
7,4,0.1714307710028855,0.6190433601136451
7,4,0.1714307710028855,0.5771169185196472
7,4,0.1714307710028855,0.5771169185196472
7,4,0.1714307710028855,0.6190433601136451
7,4,0.13773387858437403,0.6190433601136451
7,4,0.30621834067692877,0.45133759373765425
7,4,0.30621834067692877,0.4932640353316522
7,4,0.2725214482584182,0.4932640353316522
7,4,0.30621834067692877,0.4932640353316522
7,4,0.2725214482584182,0.5351904769256501
7,4,0.2725214482584182,0.4932640353316522
7,4,0.2725214482584182,0.4932640353316522
7,4,0.2725214482584182,0.5351904769256501
7,4,0.2388245558399067,0.5351904769256501
7,4,0.2725214482584182,0.5351904769256501
7,4,0.2388245558399067,0.5771169185196472
7,4,0.2388245558399067,0.5351904769256501
7,4,0.2388245558399067,0.5351904769256501
7,4,0.2388245558399067,0.5771169185196472
7,4,0.2051276634213961,0.5771169185196472
7,4,0.2388245558399067,0.5771169185196472
7,4,0.2051276634213961,0.6190433601136451
7,4,0.2051276634213961,0.5771169185196472
7,4,0.2051276634213961,0.5771169185196472
7,4,0.2051276634213961,0.6190433601136451
7,4,0.1714307710028855,0.6190433601136451
7,4,0.30621834067692877,0.4932640353316522
7,4,0.30621834067692877,0.5351904769256501
7,4,0.2725214482584182,0.5351904769256501
7,4,0.30621834067692877,0.5351904769256501
7,4,0.2725214482584182,0.5771169185196472
7,4,0.2725214482584182,0.5351904769256501
7,4,0.2725214482584182,0.5351904769256501
7,4,0.2725214482584182,0.5771169185196472
7,4,0.2388245558399067,0.5771169185196472
7,4,0.2725214482584182,0.5771169185196472
7,4,0.2388245558399067,0.6190433601136451
7,4,0.2388245558399067,0.5771169185196472
7,4,0.2388245558399067,0.5771169185196472
7,4,0.2388245558399067,0.6190433601136451
7,4,0.2051276634213961,0.6190433601136451
7,4,0.30621834067692877,0.5351904769256501
7,4,0.30621834067692877,0.5771169185196472
7,4,0.2725214482584182,0.5771169185196472
7,4,0.30621834067692877,0.5771169185196472
7,4,0.2725214482584182,0.6190433601136451
7,4,0.2725214482584182,0.5771169185196472
7,4,0.2725214482584182,0.5771169185196472
7,4,0.2725214482584182,0.6190433601136451
7,4,0.2388245558399067,0.6190433601136451
7,4,0.30621834067692877,0.5771169185196472
7,4,0.30621834067692877,0.6190433601136451
7,4,0.2725214482584182,0.6190433601136451
7,4,0.5,0.5
7,4,0.44349773988425145,0.3999884235428164
7,4,0.44349773988425145,0.6000115764571836
7,4,0.5565022601157485,0.3999884235428164
7,4,0.5565022601157485,0.6000115764571836
7,4,0.3768069635183604,0.6729471273445462
7,4,0.3768069635183604,0.6306640980489133
7,4,0.4086053381499921,0.6306640980489133
7,4,0.3768069635183604,0.6306640980489133
7,4,0.4086053381499921,0.5883810687532796
7,4,0.4086053381499921,0.6306640980489133
7,4,0.4086053381499921,0.6306640980489133
7,4,0.4086053381499921,0.5883810687532796
7,4,0.4404037127816238,0.5883810687532796
7,4,0.4086053381499921,0.5883810687532796
7,4,0.4404037127816238,0.5460980394576458
7,4,0.4404037127816238,0.5883810687532796
7,4,0.4404037127816238,0.5883810687532796
7,4,0.4404037127816238,0.5460980394576458
7,4,0.47220208741325553,0.5460980394576458
7,4,0.4404037127816238,0.5460980394576458
7,4,0.47220208741325553,0.503815010162012
7,4,0.47220208741325553,0.5460980394576458
7,4,0.47220208741325553,0.5460980394576458
7,4,0.47220208741325553,0.503815010162012
7,4,0.5040004620448872,0.503815010162012
7,4,0.47220208741325553,0.503815010162012
7,4,0.5040004620448872,0.46153198086637826
7,4,0.5040004620448872,0.503815010162012
7,4,0.5040004620448872,0.503815010162012
7,4,0.5040004620448872,0.46153198086637826
7,4,0.5357988366765198,0.46153198086637826
7,4,0.5040004620448872,0.46153198086637826
7,4,0.5357988366765198,0.4192489515707445
7,4,0.5357988366765198,0.46153198086637826
7,4,0.5357988366765198,0.46153198086637826
7,4,0.5357988366765198,0.4192489515707445
7,4,0.5675972113081516,0.4192489515707445
7,4,0.5357988366765198,0.4192489515707445
7,4,0.5675972113081516,0.3769659222751107
7,4,0.5675972113081516,0.4192489515707445
7,4,0.5675972113081516,0.4192489515707445
7,4,0.5675972113081516,0.3769659222751107
7,4,0.5993955859397833,0.3769659222751107
7,4,0.5675972113081516,0.3769659222751107
7,4,0.5993955859397833,0.33468289297947784
7,4,0.5993955859397833,0.3769659222751107
7,4,0.5993955859397833,0.3769659222751107
7,4,0.5993955859397833,0.33468289297947784
7,4,0.631193960571415,0.33468289297947784
7,4,0.3768069635183604,0.6306640980489133
7,4,0.3768069635183604,0.5883810687532796
7,4,0.4086053381499921,0.5883810687532796
7,4,0.3768069635183604,0.5883810687532796
7,4,0.4086053381499921,0.5460980394576458
7,4,0.4086053381499921,0.5883810687532796
7,4,0.4086053381499921,0.5883810687532796
7,4,0.4086053381499921,0.5460980394576458
7,4,0.4404037127816238,0.5460980394576458
7,4,0.4086053381499921,0.5460980394576458
7,4,0.4404037127816238,0.503815010162012
7,4,0.4404037127816238,0.5460980394576458
7,4,0.4404037127816238,0.5460980394576458
7,4,0.4404037127816238,0.503815010162012
7,4,0.47220208741325553,0.503815010162012
7,4,0.4404037127816238,0.503815010162012
7,4,0.47220208741325553,0.46153198086637826
7,4,0.47220208741325553,0.503815010162012
7,4,0.47220208741325553,0.503815010162012
7,4,0.47220208741325553,0.46153198086637826
7,4,0.5040004620448872,0.46153198086637826
7,4,0.47220208741325553,0.46153198086637826
7,4,0.5040004620448872,0.4192489515707445
7,4,0.5040004620448872,0.46153198086637826
7,4,0.5040004620448872,0.46153198086637826
7,4,0.5040004620448872,0.4192489515707445
7,4,0.5357988366765198,0.4192489515707445
7,4,0.5040004620448872,0.4192489515707445
7,4,0.5357988366765198,0.3769659222751107
7,4,0.5357988366765198,0.4192489515707445
7,4,0.5357988366765198,0.4192489515707445
7,4,0.5357988366765198,0.3769659222751107
7,4,0.5675972113081516,0.3769659222751107
7,4,0.5357988366765198,0.3769659222751107
7,4,0.5675972113081516,0.33468289297947784
7,4,0.5675972113081516,0.3769659222751107
7,4,0.5675972113081516,0.3769659222751107
7,4,0.5675972113081516,0.33468289297947784
7,4,0.5993955859397833,0.33468289297947784
7,4,0.3768069635183604,0.5883810687532796
7,4,0.3768069635183604,0.5460980394576458
7,4,0.4086053381499921,0.5460980394576458
7,4,0.3768069635183604,0.5460980394576458
7,4,0.4086053381499921,0.503815010162012
7,4,0.4086053381499921,0.5460980394576458
7,4,0.4086053381499921,0.5460980394576458
7,4,0.4086053381499921,0.503815010162012
7,4,0.4404037127816238,0.503815010162012
7,4,0.4086053381499921,0.503815010162012
7,4,0.4404037127816238,0.46153198086637826
7,4,0.4404037127816238,0.503815010162012
7,4,0.4404037127816238,0.503815010162012
7,4,0.4404037127816238,0.46153198086637826
7,4,0.47220208741325553,0.46153198086637826
7,4,0.4404037127816238,0.46153198086637826
7,4,0.47220208741325553,0.4192489515707445
7,4,0.47220208741325553,0.46153198086637826
7,4,0.47220208741325553,0.46153198086637826
7,4,0.47220208741325553,0.4192489515707445
7,4,0.5040004620448872,0.4192489515707445
7,4,0.47220208741325553,0.4192489515707445
7,4,0.5040004620448872,0.3769659222751107
7,4,0.5040004620448872,0.4192489515707445
7,4,0.5040004620448872,0.4192489515707445
7,4,0.5040004620448872,0.3769659222751107
7,4,0.5357988366765198,0.3769659222751107
7,4,0.5040004620448872,0.3769659222751107
7,4,0.5357988366765198,0.33468289297947784
7,4,0.5357988366765198,0.3769659222751107
7,4,0.5357988366765198,0.3769659222751107
7,4,0.5357988366765198,0.33468289297947784
7,4,0.5675972113081516,0.33468289297947784
7,4,0.3768069635183604,0.5460980394576458
7,4,0.3768069635183604,0.503815010162012
7,4,0.4086053381499921,0.503815010162012
7,4,0.3768069635183604,0.503815010162012
7,4,0.4086053381499921,0.46153198086637826
7,4,0.4086053381499921,0.503815010162012
7,4,0.4086053381499921,0.503815010162012
7,4,0.4086053381499921,0.46153198086637826
7,4,0.4404037127816238,0.46153198086637826
7,4,0.4086053381499921,0.46153198086637826
7,4,0.4404037127816238,0.4192489515707445
7,4,0.4404037127816238,0.46153198086637826
7,4,0.4404037127816238,0.46153198086637826
7,4,0.4404037127816238,0.4192489515707445
7,4,0.47220208741325553,0.4192489515707445
7,4,0.4404037127816238,0.4192489515707445
7,4,0.47220208741325553,0.3769659222751107
7,4,0.47220208741325553,0.4192489515707445
7,4,0.47220208741325553,0.4192489515707445
7,4,0.47220208741325553,0.3769659222751107
7,4,0.5040004620448872,0.3769659222751107
7,4,0.47220208741325553,0.3769659222751107
7,4,0.5040004620448872,0.33468289297947784
7,4,0.5040004620448872,0.3769659222751107
7,4,0.5040004620448872,0.3769659222751107
7,4,0.5040004620448872,0.33468289297947784
7,4,0.5357988366765198,0.33468289297947784
7,4,0.3768069635183604,0.503815010162012
7,4,0.3768069635183604,0.46153198086637826
7,4,0.4086053381499921,0.46153198086637826
7,4,0.3768069635183604,0.46153198086637826
7,4,0.4086053381499921,0.4192489515707445
7,4,0.4086053381499921,0.46153198086637826
7,4,0.4086053381499921,0.46153198086637826
7,4,0.4086053381499921,0.4192489515707445
7,4,0.4404037127816238,0.4192489515707445
7,4,0.4086053381499921,0.4192489515707445
7,4,0.4404037127816238,0.3769659222751107
7,4,0.4404037127816238,0.4192489515707445
7,4,0.4404037127816238,0.4192489515707445
7,4,0.4404037127816238,0.3769659222751107
7,4,0.47220208741325553,0.3769659222751107
7,4,0.4404037127816238,0.3769659222751107
7,4,0.47220208741325553,0.33468289297947784
7,4,0.47220208741325553,0.3769659222751107
7,4,0.47220208741325553,0.3769659222751107
7,4,0.47220208741325553,0.33468289297947784
7,4,0.5040004620448872,0.33468289297947784
7,4,0.3768069635183604,0.46153198086637826
7,4,0.3768069635183604,0.4192489515707445
7,4,0.4086053381499921,0.4192489515707445
7,4,0.3768069635183604,0.4192489515707445
7,4,0.4086053381499921,0.3769659222751107
7,4,0.4086053381499921,0.4192489515707445
7,4,0.4086053381499921,0.4192489515707445
7,4,0.4086053381499921,0.3769659222751107
7,4,0.4404037127816238,0.3769659222751107
7,4,0.4086053381499921,0.3769659222751107
7,4,0.4404037127816238,0.33468289297947784
7,4,0.4404037127816238,0.3769659222751107
7,4,0.4404037127816238,0.3769659222751107
7,4,0.4404037127816238,0.33468289297947784
7,4,0.47220208741325553,0.33468289297947784
7,4,0.3768069635183604,0.4192489515707445
7,4,0.3768069635183604,0.3769659222751107
7,4,0.4086053381499921,0.3769659222751107
7,4,0.3768069635183604,0.3769659222751107
7,4,0.4086053381499921,0.33468289297947784
7,4,0.4086053381499921,0.3769659222751107
7,4,0.4086053381499921,0.3769659222751107
7,4,0.4086053381499921,0.33468289297947784
7,4,0.4404037127816238,0.33468289297947784
7,4,0.3768069635183604,0.3769659222751107
7,4,0.3768069635183604,0.33468289297947784
7,4,0.4086053381499921,0.33468289297947784
7,4,0.631193960571415,0.33468289297947784
7,4,0.631193960571415,0.3769659222751107
7,4,0.5993955859397833,0.3769659222751107
7,4,0.631193960571415,0.3769659222751107
7,4,0.5993955859397833,0.4192489515707445
7,4,0.5993955859397833,0.3769659222751107
7,4,0.5993955859397833,0.3769659222751107
7,4,0.5993955859397833,0.4192489515707445
7,4,0.5675972113081516,0.4192489515707445
7,4,0.5993955859397833,0.4192489515707445
7,4,0.5675972113081516,0.46153198086637826
7,4,0.5675972113081516,0.4192489515707445
7,4,0.5675972113081516,0.4192489515707445
7,4,0.5675972113081516,0.46153198086637826
7,4,0.5357988366765198,0.46153198086637826
7,4,0.5675972113081516,0.46153198086637826
7,4,0.5357988366765198,0.503815010162012
7,4,0.5357988366765198,0.46153198086637826
7,4,0.5357988366765198,0.46153198086637826
7,4,0.5357988366765198,0.503815010162012
7,4,0.5040004620448872,0.503815010162012
7,4,0.5357988366765198,0.503815010162012
7,4,0.5040004620448872,0.5460980394576458
7,4,0.5040004620448872,0.503815010162012
7,4,0.5040004620448872,0.503815010162012
7,4,0.5040004620448872,0.5460980394576458
7,4,0.47220208741325553,0.5460980394576458
7,4,0.5040004620448872,0.5460980394576458
7,4,0.47220208741325553,0.5883810687532796
7,4,0.47220208741325553,0.5460980394576458
7,4,0.47220208741325553,0.5460980394576458
7,4,0.47220208741325553,0.5883810687532796
7,4,0.4404037127816238,0.5883810687532796
7,4,0.47220208741325553,0.5883810687532796
7,4,0.4404037127816238,0.6306640980489133
7,4,0.4404037127816238,0.5883810687532796
7,4,0.4404037127816238,0.5883810687532796
7,4,0.4404037127816238,0.6306640980489133
7,4,0.4086053381499921,0.6306640980489133
7,4,0.4404037127816238,0.6306640980489133
7,4,0.4086053381499921,0.6729471273445462
7,4,0.4086053381499921,0.6306640980489133
7,4,0.4086053381499921,0.6306640980489133
7,4,0.4086053381499921,0.6729471273445462
7,4,0.3768069635183604,0.6729471273445462
7,4,0.631193960571415,0.3769659222751107
7,4,0.631193960571415,0.4192489515707445
7,4,0.5993955859397833,0.4192489515707445
7,4,0.631193960571415,0.4192489515707445
7,4,0.5993955859397833,0.46153198086637826
7,4,0.5993955859397833,0.4192489515707445
7,4,0.5993955859397833,0.4192489515707445
7,4,0.5993955859397833,0.46153198086637826
7,4,0.5675972113081516,0.46153198086637826
7,4,0.5993955859397833,0.46153198086637826
7,4,0.5675972113081516,0.503815010162012
7,4,0.5675972113081516,0.46153198086637826
7,4,0.5675972113081516,0.46153198086637826
7,4,0.5675972113081516,0.503815010162012
7,4,0.5357988366765198,0.503815010162012
7,4,0.5675972113081516,0.503815010162012
7,4,0.5357988366765198,0.5460980394576458
7,4,0.5357988366765198,0.503815010162012
7,4,0.5357988366765198,0.503815010162012
7,4,0.5357988366765198,0.5460980394576458
7,4,0.5040004620448872,0.5460980394576458
7,4,0.5357988366765198,0.5460980394576458
7,4,0.5040004620448872,0.5883810687532796
7,4,0.5040004620448872,0.5460980394576458
7,4,0.5040004620448872,0.5460980394576458
7,4,0.5040004620448872,0.5883810687532796
7,4,0.47220208741325553,0.5883810687532796
7,4,0.5040004620448872,0.5883810687532796
7,4,0.47220208741325553,0.6306640980489133
7,4,0.47220208741325553,0.5883810687532796
7,4,0.47220208741325553,0.5883810687532796
7,4,0.47220208741325553,0.6306640980489133
7,4,0.4404037127816238,0.6306640980489133
7,4,0.47220208741325553,0.6306640980489133
7,4,0.4404037127816238,0.6729471273445462
7,4,0.4404037127816238,0.6306640980489133
7,4,0.4404037127816238,0.6306640980489133
7,4,0.4404037127816238,0.6729471273445462
7,4,0.4086053381499921,0.6729471273445462
7,4,0.631193960571415,0.4192489515707445
7,4,0.631193960571415,0.46153198086637826
7,4,0.5993955859397833,0.46153198086637826
7,4,0.631193960571415,0.46153198086637826
7,4,0.5993955859397833,0.503815010162012
7,4,0.5993955859397833,0.46153198086637826
7,4,0.5993955859397833,0.46153198086637826
7,4,0.5993955859397833,0.503815010162012
7,4,0.5675972113081516,0.503815010162012
7,4,0.5993955859397833,0.503815010162012
7,4,0.5675972113081516,0.5460980394576458
7,4,0.5675972113081516,0.503815010162012
7,4,0.5675972113081516,0.503815010162012
7,4,0.5675972113081516,0.5460980394576458
7,4,0.5357988366765198,0.5460980394576458
7,4,0.5675972113081516,0.5460980394576458
7,4,0.5357988366765198,0.5883810687532796
7,4,0.5357988366765198,0.5460980394576458
7,4,0.5357988366765198,0.5460980394576458
7,4,0.5357988366765198,0.5883810687532796
7,4,0.5040004620448872,0.5883810687532796
7,4,0.5357988366765198,0.5883810687532796
7,4,0.5040004620448872,0.6306640980489133
7,4,0.5040004620448872,0.5883810687532796
7,4,0.5040004620448872,0.5883810687532796
7,4,0.5040004620448872,0.6306640980489133
7,4,0.47220208741325553,0.6306640980489133
7,4,0.5040004620448872,0.6306640980489133
7,4,0.47220208741325553,0.6729471273445462
7,4,0.47220208741325553,0.6306640980489133
7,4,0.47220208741325553,0.6306640980489133
7,4,0.47220208741325553,0.6729471273445462
7,4,0.4404037127816238,0.6729471273445462
7,4,0.631193960571415,0.46153198086637826
7,4,0.631193960571415,0.503815010162012
7,4,0.5993955859397833,0.503815010162012
7,4,0.631193960571415,0.503815010162012
7,4,0.5993955859397833,0.5460980394576458
7,4,0.5993955859397833,0.503815010162012
7,4,0.5993955859397833,0.503815010162012
7,4,0.5993955859397833,0.5460980394576458
7,4,0.5675972113081516,0.5460980394576458
7,4,0.5993955859397833,0.5460980394576458
7,4,0.5675972113081516,0.5883810687532796
7,4,0.5675972113081516,0.5460980394576458
7,4,0.5675972113081516,0.5460980394576458
7,4,0.5675972113081516,0.5883810687532796
7,4,0.5357988366765198,0.5883810687532796
7,4,0.5675972113081516,0.5883810687532796
7,4,0.5357988366765198,0.6306640980489133
7,4,0.5357988366765198,0.5883810687532796
7,4,0.5357988366765198,0.5883810687532796
7,4,0.5357988366765198,0.6306640980489133
7,4,0.5040004620448872,0.6306640980489133
7,4,0.5357988366765198,0.6306640980489133
7,4,0.5040004620448872,0.6729471273445462
7,4,0.5040004620448872,0.6306640980489133
7,4,0.5040004620448872,0.6306640980489133
7,4,0.5040004620448872,0.6729471273445462
7,4,0.47220208741325553,0.6729471273445462
7,4,0.631193960571415,0.503815010162012
7,4,0.631193960571415,0.5460980394576458
7,4,0.5993955859397833,0.5460980394576458
7,4,0.631193960571415,0.5460980394576458
7,4,0.5993955859397833,0.5883810687532796
7,4,0.5993955859397833,0.5460980394576458
7,4,0.5993955859397833,0.5460980394576458
7,4,0.5993955859397833,0.5883810687532796
7,4,0.5675972113081516,0.5883810687532796
7,4,0.5993955859397833,0.5883810687532796
7,4,0.5675972113081516,0.6306640980489133
7,4,0.5675972113081516,0.5883810687532796
7,4,0.5675972113081516,0.5883810687532796
7,4,0.5675972113081516,0.6306640980489133
7,4,0.5357988366765198,0.6306640980489133
7,4,0.5675972113081516,0.6306640980489133
7,4,0.5357988366765198,0.6729471273445462
7,4,0.5357988366765198,0.6306640980489133
7,4,0.5357988366765198,0.6306640980489133
7,4,0.5357988366765198,0.6729471273445462
7,4,0.5040004620448872,0.6729471273445462
7,4,0.631193960571415,0.5460980394576458
7,4,0.631193960571415,0.5883810687532796
7,4,0.5993955859397833,0.5883810687532796
7,4,0.631193960571415,0.5883810687532796
7,4,0.5993955859397833,0.6306640980489133
7,4,0.5993955859397833,0.5883810687532796
7,4,0.5993955859397833,0.5883810687532796
7,4,0.5993955859397833,0.6306640980489133
7,4,0.5675972113081516,0.6306640980489133
7,4,0.5993955859397833,0.6306640980489133
7,4,0.5675972113081516,0.6729471273445462
7,4,0.5675972113081516,0.6306640980489133
7,4,0.5675972113081516,0.6306640980489133
7,4,0.5675972113081516,0.6729471273445462
7,4,0.5357988366765198,0.6729471273445462
7,4,0.631193960571415,0.5883810687532796
7,4,0.631193960571415,0.6306640980489133
7,4,0.5993955859397833,0.6306640980489133
7,4,0.631193960571415,0.6306640980489133
7,4,0.5993955859397833,0.6729471273445462
7,4,0.5993955859397833,0.6306640980489133
7,4,0.5993955859397833,0.6306640980489133
7,4,0.5993955859397833,0.6729471273445462
7,4,0.5675972113081516,0.6729471273445462
7,4,0.631193960571415,0.6306640980489133
7,4,0.631193960571415,0.6729471273445462
7,4,0.5993955859397833,0.6729471273445462
6,4,0.7999999999999998,0.08000000000000007
6,5,0.6979368892127207,0.9809571931069385
6,4,0.6979368892127207,0.17904280689306162
6,5,0.902063110787279,0.9809571931069385
6,4,0.902063110787279,0.17904280689306162
6,4,0.6035698622458394,0.25448984641499717
6,4,0.6035698622458394,0.21544903388501435
6,4,0.6462960701184137,0.21544903388501435
6,4,0.6035698622458394,0.21544903388501435
6,4,0.6462960701184137,0.17640822135503154
6,4,0.6462960701184137,0.21544903388501435
6,4,0.6462960701184137,0.21544903388501435
6,4,0.6462960701184137,0.17640822135503154
6,4,0.689022277990988,0.17640822135503154
6,4,0.6462960701184137,0.17640822135503154
6,4,0.689022277990988,0.13736740882504872
6,4,0.689022277990988,0.17640822135503154
6,4,0.689022277990988,0.17640822135503154
6,4,0.689022277990988,0.13736740882504872
6,4,0.7317484858635614,0.13736740882504872
6,4,0.689022277990988,0.13736740882504872
6,4,0.7317484858635614,0.0983265962950659
6,4,0.7317484858635614,0.13736740882504872
6,4,0.7317484858635614,0.13736740882504872
6,4,0.7317484858635614,0.0983265962950659
6,4,0.7744746937361358,0.0983265962950659
6,4,0.7317484858635614,0.0983265962950659
6,4,0.7744746937361358,0.05928578376508398
6,4,0.7744746937361358,0.0983265962950659
6,4,0.7744746937361358,0.0983265962950659
6,4,0.7744746937361358,0.05928578376508398
6,4,0.8172009016087101,0.05928578376508398
6,4,0.7744746937361358,0.05928578376508398
6,4,0.8172009016087101,0.02024497123510116
6,4,0.8172009016087101,0.05928578376508398
6,4,0.8172009016087101,0.05928578376508398
6,4,0.8172009016087101,0.02024497123510116
6,4,0.8599271094812844,0.02024497123510116
6,4,0.8172009016087101,0.02024497123510116
6,5,0.8599271094812844,0.9812041587051183
6,4,0.8599271094812844,0.02024497123510116
6,4,0.8599271094812844,0.02024497123510116
6,5,0.8599271094812844,0.9812041587051183
6,5,0.9026533173538587,0.9812041587051183
6,5,0.8599271094812844,0.9812041587051183
6,5,0.9026533173538587,0.9421633461751355
6,5,0.9026533173538587,0.9812041587051183
6,5,0.9026533173538587,0.9812041587051183
6,5,0.9026533173538587,0.9421633461751355
6,5,0.945379525226433,0.9421633461751355
6,5,0.9026533173538587,0.9421633461751355
6,5,0.945379525226433,0.9031225336451527
6,5,0.945379525226433,0.9421633461751355
6,5,0.945379525226433,0.9421633461751355
6,5,0.945379525226433,0.9031225336451527
6,5,0.9881057330990073,0.9031225336451527
6,4,0.6035698622458394,0.21544903388501435
6,4,0.6035698622458394,0.17640822135503154
6,4,0.6462960701184137,0.17640822135503154
6,4,0.6035698622458394,0.17640822135503154
6,4,0.6462960701184137,0.13736740882504872
6,4,0.6462960701184137,0.17640822135503154
6,4,0.6462960701184137,0.17640822135503154
6,4,0.6462960701184137,0.13736740882504872
6,4,0.689022277990988,0.13736740882504872
6,4,0.6462960701184137,0.13736740882504872
6,4,0.689022277990988,0.0983265962950659
6,4,0.689022277990988,0.13736740882504872
6,4,0.689022277990988,0.13736740882504872
6,4,0.689022277990988,0.0983265962950659
6,4,0.7317484858635614,0.0983265962950659
6,4,0.689022277990988,0.0983265962950659
6,4,0.7317484858635614,0.05928578376508398
6,4,0.7317484858635614,0.0983265962950659
6,4,0.7317484858635614,0.0983265962950659
6,4,0.7317484858635614,0.05928578376508398
6,4,0.7744746937361358,0.05928578376508398
6,4,0.7317484858635614,0.05928578376508398
6,4,0.7744746937361358,0.02024497123510116
6,4,0.7744746937361358,0.05928578376508398
6,4,0.7744746937361358,0.05928578376508398
6,4,0.7744746937361358,0.02024497123510116
6,4,0.8172009016087101,0.02024497123510116
6,4,0.7744746937361358,0.02024497123510116
6,5,0.8172009016087101,0.9812041587051183
6,4,0.8172009016087101,0.02024497123510116
6,4,0.8172009016087101,0.02024497123510116
6,5,0.8172009016087101,0.9812041587051183
6,5,0.8599271094812844,0.9812041587051183
6,5,0.8172009016087101,0.9812041587051183
6,5,0.8599271094812844,0.9421633461751355
6,5,0.8599271094812844,0.9812041587051183
6,5,0.8599271094812844,0.9812041587051183
6,5,0.8599271094812844,0.9421633461751355
6,5,0.9026533173538587,0.9421633461751355
6,5,0.8599271094812844,0.9421633461751355
6,5,0.9026533173538587,0.9031225336451527
6,5,0.9026533173538587,0.9421633461751355
6,5,0.9026533173538587,0.9421633461751355
6,5,0.9026533173538587,0.9031225336451527
6,5,0.945379525226433,0.9031225336451527
6,4,0.6035698622458394,0.17640822135503154
6,4,0.6035698622458394,0.13736740882504872
6,4,0.6462960701184137,0.13736740882504872
6,4,0.6035698622458394,0.13736740882504872
6,4,0.6462960701184137,0.0983265962950659
6,4,0.6462960701184137,0.13736740882504872
6,4,0.6462960701184137,0.13736740882504872
6,4,0.6462960701184137,0.0983265962950659
6,4,0.689022277990988,0.0983265962950659
6,4,0.6462960701184137,0.0983265962950659
6,4,0.689022277990988,0.05928578376508398
6,4,0.689022277990988,0.0983265962950659
6,4,0.689022277990988,0.0983265962950659
6,4,0.689022277990988,0.05928578376508398
6,4,0.7317484858635614,0.05928578376508398
6,4,0.689022277990988,0.05928578376508398
6,4,0.7317484858635614,0.02024497123510116
6,4,0.7317484858635614,0.05928578376508398
6,4,0.7317484858635614,0.05928578376508398
6,4,0.7317484858635614,0.02024497123510116
6,4,0.7744746937361358,0.02024497123510116
6,4,0.7317484858635614,0.02024497123510116
6,5,0.7744746937361358,0.9812041587051183
6,4,0.7744746937361358,0.02024497123510116
6,4,0.7744746937361358,0.02024497123510116
6,5,0.7744746937361358,0.9812041587051183
6,5,0.8172009016087101,0.9812041587051183
6,5,0.7744746937361358,0.9812041587051183
6,5,0.8172009016087101,0.9421633461751355
6,5,0.8172009016087101,0.9812041587051183
6,5,0.8172009016087101,0.9812041587051183
6,5,0.8172009016087101,0.9421633461751355
6,5,0.8599271094812844,0.9421633461751355
6,5,0.8172009016087101,0.9421633461751355
6,5,0.8599271094812844,0.9031225336451527
6,5,0.8599271094812844,0.9421633461751355
6,5,0.8599271094812844,0.9421633461751355
6,5,0.8599271094812844,0.9031225336451527
6,5,0.9026533173538587,0.9031225336451527
6,4,0.6035698622458394,0.13736740882504872
6,4,0.6035698622458394,0.0983265962950659
6,4,0.6462960701184137,0.0983265962950659
6,4,0.6035698622458394,0.0983265962950659
6,4,0.6462960701184137,0.05928578376508398
6,4,0.6462960701184137,0.0983265962950659
6,4,0.6462960701184137,0.0983265962950659
6,4,0.6462960701184137,0.05928578376508398
6,4,0.689022277990988,0.05928578376508398
6,4,0.6462960701184137,0.05928578376508398
6,4,0.689022277990988,0.02024497123510116
6,4,0.689022277990988,0.05928578376508398
6,4,0.689022277990988,0.05928578376508398
6,4,0.689022277990988,0.02024497123510116
6,4,0.7317484858635614,0.02024497123510116
6,4,0.689022277990988,0.02024497123510116
6,5,0.7317484858635614,0.9812041587051183
6,4,0.7317484858635614,0.02024497123510116
6,4,0.7317484858635614,0.02024497123510116
6,5,0.7317484858635614,0.9812041587051183
6,5,0.7744746937361358,0.9812041587051183
6,5,0.7317484858635614,0.9812041587051183
6,5,0.7744746937361358,0.9421633461751355
6,5,0.7744746937361358,0.9812041587051183
6,5,0.7744746937361358,0.9812041587051183
6,5,0.7744746937361358,0.9421633461751355
6,5,0.8172009016087101,0.9421633461751355
6,5,0.7744746937361358,0.9421633461751355
6,5,0.8172009016087101,0.9031225336451527
6,5,0.8172009016087101,0.9421633461751355
6,5,0.8172009016087101,0.9421633461751355
6,5,0.8172009016087101,0.9031225336451527
6,5,0.8599271094812844,0.9031225336451527
6,4,0.6035698622458394,0.0983265962950659
6,4,0.6035698622458394,0.05928578376508398
6,4,0.6462960701184137,0.05928578376508398
6,4,0.6035698622458394,0.05928578376508398
6,4,0.6462960701184137,0.02024497123510116
6,4,0.6462960701184137,0.05928578376508398
6,4,0.6462960701184137,0.05928578376508398
6,4,0.6462960701184137,0.02024497123510116
6,4,0.689022277990988,0.02024497123510116
6,4,0.6462960701184137,0.02024497123510116
6,5,0.689022277990988,0.9812041587051183
6,4,0.689022277990988,0.02024497123510116
6,4,0.689022277990988,0.02024497123510116
6,5,0.689022277990988,0.9812041587051183
6,5,0.7317484858635614,0.9812041587051183
6,5,0.689022277990988,0.9812041587051183
6,5,0.7317484858635614,0.9421633461751355
6,5,0.7317484858635614,0.9812041587051183
6,5,0.7317484858635614,0.9812041587051183
6,5,0.7317484858635614,0.9421633461751355
6,5,0.7744746937361358,0.9421633461751355
6,5,0.7317484858635614,0.9421633461751355
6,5,0.7744746937361358,0.9031225336451527
6,5,0.7744746937361358,0.9421633461751355
6,5,0.7744746937361358,0.9421633461751355
6,5,0.7744746937361358,0.9031225336451527
6,5,0.8172009016087101,0.9031225336451527
6,4,0.6035698622458394,0.05928578376508398
6,4,0.6035698622458394,0.02024497123510116
6,4,0.6462960701184137,0.02024497123510116
6,4,0.6035698622458394,0.02024497123510116
6,5,0.6462960701184137,0.9812041587051183
6,4,0.6462960701184137,0.02024497123510116
6,4,0.6462960701184137,0.02024497123510116
6,5,0.6462960701184137,0.9812041587051183
6,5,0.689022277990988,0.9812041587051183
6,5,0.6462960701184137,0.9812041587051183
6,5,0.689022277990988,0.9421633461751355
6,5,0.689022277990988,0.9812041587051183
6,5,0.689022277990988,0.9812041587051183
6,5,0.689022277990988,0.9421633461751355
6,5,0.7317484858635614,0.9421633461751355
6,5,0.689022277990988,0.9421633461751355
6,5,0.7317484858635614,0.9031225336451527
6,5,0.7317484858635614,0.9421633461751355
6,5,0.7317484858635614,0.9421633461751355
6,5,0.7317484858635614,0.9031225336451527
6,5,0.7744746937361358,0.9031225336451527
6,4,0.6035698622458394,0.02024497123510116
6,5,0.6035698622458394,0.9812041587051183
6,5,0.6462960701184137,0.9812041587051183
6,5,0.6035698622458394,0.9812041587051183
6,5,0.6462960701184137,0.9421633461751355
6,5,0.6462960701184137,0.9812041587051183
6,5,0.6462960701184137,0.9812041587051183
6,5,0.6462960701184137,0.9421633461751355
6,5,0.689022277990988,0.9421633461751355
6,5,0.6462960701184137,0.9421633461751355
6,5,0.689022277990988,0.9031225336451527
6,5,0.689022277990988,0.9421633461751355
6,5,0.689022277990988,0.9421633461751355
6,5,0.689022277990988,0.9031225336451527
6,5,0.7317484858635614,0.9031225336451527
6,5,0.6035698622458394,0.9812041587051183
6,5,0.6035698622458394,0.9421633461751355
6,5,0.6462960701184137,0.9421633461751355
6,5,0.6035698622458394,0.9421633461751355
6,5,0.6462960701184137,0.9031225336451527
6,5,0.6462960701184137,0.9421633461751355
6,5,0.6462960701184137,0.9421633461751355
6,5,0.6462960701184137,0.9031225336451527
6,5,0.689022277990988,0.9031225336451527
6,5,0.6035698622458394,0.9421633461751355
6,5,0.6035698622458394,0.9031225336451527
6,5,0.6462960701184137,0.9031225336451527
6,5,0.9881057330990073,0.9031225336451527
6,5,0.9881057330990073,0.9421633461751355
6,5,0.945379525226433,0.9421633461751355
6,5,0.9881057330990073,0.9421633461751355
6,5,0.945379525226433,0.9812041587051183
6,5,0.945379525226433,0.9421633461751355
6,5,0.945379525226433,0.9421633461751355
6,5,0.945379525226433,0.9812041587051183
6,5,0.9026533173538587,0.9812041587051183
6,5,0.945379525226433,0.9812041587051183
6,4,0.9026533173538587,0.02024497123510116
6,5,0.9026533173538587,0.9812041587051183
6,5,0.9026533173538587,0.9812041587051183
6,4,0.9026533173538587,0.02024497123510116
6,4,0.8599271094812844,0.02024497123510116
6,4,0.9026533173538587,0.02024497123510116
6,4,0.8599271094812844,0.05928578376508398
6,4,0.8599271094812844,0.02024497123510116
6,4,0.8599271094812844,0.02024497123510116
6,4,0.8599271094812844,0.05928578376508398
6,4,0.8172009016087101,0.05928578376508398
6,4,0.8599271094812844,0.05928578376508398
6,4,0.8172009016087101,0.0983265962950659
6,4,0.8172009016087101,0.05928578376508398
6,4,0.8172009016087101,0.05928578376508398
6,4,0.8172009016087101,0.0983265962950659
6,4,0.7744746937361358,0.0983265962950659
6,4,0.8172009016087101,0.0983265962950659
6,4,0.7744746937361358,0.13736740882504872
6,4,0.7744746937361358,0.0983265962950659
6,4,0.7744746937361358,0.0983265962950659
6,4,0.7744746937361358,0.13736740882504872
6,4,0.7317484858635614,0.13736740882504872
6,4,0.7744746937361358,0.13736740882504872
6,4,0.7317484858635614,0.17640822135503154
6,4,0.7317484858635614,0.13736740882504872
6,4,0.7317484858635614,0.13736740882504872
6,4,0.7317484858635614,0.17640822135503154
6,4,0.689022277990988,0.17640822135503154
6,4,0.7317484858635614,0.17640822135503154
6,4,0.689022277990988,0.21544903388501435
6,4,0.689022277990988,0.17640822135503154
6,4,0.689022277990988,0.17640822135503154
6,4,0.689022277990988,0.21544903388501435
6,4,0.6462960701184137,0.21544903388501435
6,4,0.689022277990988,0.21544903388501435
6,4,0.6462960701184137,0.25448984641499717
6,4,0.6462960701184137,0.21544903388501435
6,4,0.6462960701184137,0.21544903388501435
6,4,0.6462960701184137,0.25448984641499717
6,4,0.6035698622458394,0.25448984641499717
6,5,0.9881057330990073,0.9421633461751355
6,5,0.9881057330990073,0.9812041587051183
6,5,0.945379525226433,0.9812041587051183
6,5,0.9881057330990073,0.9812041587051183
6,4,0.945379525226433,0.02024497123510116
6,5,0.945379525226433,0.9812041587051183
6,5,0.945379525226433,0.9812041587051183
6,4,0.945379525226433,0.02024497123510116
6,4,0.9026533173538587,0.02024497123510116
6,4,0.945379525226433,0.02024497123510116
6,4,0.9026533173538587,0.05928578376508398
6,4,0.9026533173538587,0.02024497123510116
6,4,0.9026533173538587,0.02024497123510116
6,4,0.9026533173538587,0.05928578376508398
6,4,0.8599271094812844,0.05928578376508398
6,4,0.9026533173538587,0.05928578376508398
6,4,0.8599271094812844,0.0983265962950659
6,4,0.8599271094812844,0.05928578376508398
6,4,0.8599271094812844,0.05928578376508398
6,4,0.8599271094812844,0.0983265962950659
6,4,0.8172009016087101,0.0983265962950659
6,4,0.8599271094812844,0.0983265962950659
6,4,0.8172009016087101,0.13736740882504872
6,4,0.8172009016087101,0.0983265962950659
6,4,0.8172009016087101,0.0983265962950659
6,4,0.8172009016087101,0.13736740882504872
6,4,0.7744746937361358,0.13736740882504872
6,4,0.8172009016087101,0.13736740882504872
6,4,0.7744746937361358,0.17640822135503154
6,4,0.7744746937361358,0.13736740882504872
6,4,0.7744746937361358,0.13736740882504872
6,4,0.7744746937361358,0.17640822135503154
6,4,0.7317484858635614,0.17640822135503154
6,4,0.7744746937361358,0.17640822135503154
6,4,0.7317484858635614,0.21544903388501435
6,4,0.7317484858635614,0.17640822135503154
6,4,0.7317484858635614,0.17640822135503154
6,4,0.7317484858635614,0.21544903388501435
6,4,0.689022277990988,0.21544903388501435
6,4,0.7317484858635614,0.21544903388501435
6,4,0.689022277990988,0.25448984641499717
6,4,0.689022277990988,0.21544903388501435
6,4,0.689022277990988,0.21544903388501435
6,4,0.689022277990988,0.25448984641499717
6,4,0.6462960701184137,0.25448984641499717
6,5,0.9881057330990073,0.9812041587051183
6,4,0.9881057330990073,0.02024497123510116
6,4,0.945379525226433,0.02024497123510116
6,4,0.9881057330990073,0.02024497123510116
6,4,0.945379525226433,0.05928578376508398
6,4,0.945379525226433,0.02024497123510116
6,4,0.945379525226433,0.02024497123510116
6,4,0.945379525226433,0.05928578376508398
6,4,0.9026533173538587,0.05928578376508398
6,4,0.945379525226433,0.05928578376508398
6,4,0.9026533173538587,0.0983265962950659
6,4,0.9026533173538587,0.05928578376508398
6,4,0.9026533173538587,0.05928578376508398
6,4,0.9026533173538587,0.0983265962950659
6,4,0.8599271094812844,0.0983265962950659
6,4,0.9026533173538587,0.0983265962950659
6,4,0.8599271094812844,0.13736740882504872
6,4,0.8599271094812844,0.0983265962950659
6,4,0.8599271094812844,0.0983265962950659
6,4,0.8599271094812844,0.13736740882504872
6,4,0.8172009016087101,0.13736740882504872
6,4,0.8599271094812844,0.13736740882504872
6,4,0.8172009016087101,0.17640822135503154
6,4,0.8172009016087101,0.13736740882504872
6,4,0.8172009016087101,0.13736740882504872
6,4,0.8172009016087101,0.17640822135503154
6,4,0.7744746937361358,0.17640822135503154
6,4,0.8172009016087101,0.17640822135503154
6,4,0.7744746937361358,0.21544903388501435
6,4,0.7744746937361358,0.17640822135503154
6,4,0.7744746937361358,0.17640822135503154
6,4,0.7744746937361358,0.21544903388501435
6,4,0.7317484858635614,0.21544903388501435
6,4,0.7744746937361358,0.21544903388501435
6,4,0.7317484858635614,0.25448984641499717
6,4,0.7317484858635614,0.21544903388501435
6,4,0.7317484858635614,0.21544903388501435
6,4,0.7317484858635614,0.25448984641499717
6,4,0.689022277990988,0.25448984641499717
6,4,0.9881057330990073,0.02024497123510116
6,4,0.9881057330990073,0.05928578376508398
6,4,0.945379525226433,0.05928578376508398
6,4,0.9881057330990073,0.05928578376508398
6,4,0.945379525226433,0.0983265962950659
6,4,0.945379525226433,0.05928578376508398
6,4,0.945379525226433,0.05928578376508398
6,4,0.945379525226433,0.0983265962950659
6,4,0.9026533173538587,0.0983265962950659
6,4,0.945379525226433,0.0983265962950659
6,4,0.9026533173538587,0.13736740882504872
6,4,0.9026533173538587,0.0983265962950659
6,4,0.9026533173538587,0.0983265962950659
6,4,0.9026533173538587,0.13736740882504872
6,4,0.8599271094812844,0.13736740882504872
6,4,0.9026533173538587,0.13736740882504872
6,4,0.8599271094812844,0.17640822135503154
6,4,0.8599271094812844,0.13736740882504872
6,4,0.8599271094812844,0.13736740882504872
6,4,0.8599271094812844,0.17640822135503154
6,4,0.8172009016087101,0.17640822135503154
6,4,0.8599271094812844,0.17640822135503154
6,4,0.8172009016087101,0.21544903388501435
6,4,0.8172009016087101,0.17640822135503154
6,4,0.8172009016087101,0.17640822135503154
6,4,0.8172009016087101,0.21544903388501435
6,4,0.7744746937361358,0.21544903388501435
6,4,0.8172009016087101,0.21544903388501435
6,4,0.7744746937361358,0.25448984641499717
6,4,0.7744746937361358,0.21544903388501435
6,4,0.7744746937361358,0.21544903388501435
6,4,0.7744746937361358,0.25448984641499717
6,4,0.7317484858635614,0.25448984641499717
6,4,0.9881057330990073,0.05928578376508398
6,4,0.9881057330990073,0.0983265962950659
6,4,0.945379525226433,0.0983265962950659
6,4,0.9881057330990073,0.0983265962950659
6,4,0.945379525226433,0.13736740882504872
6,4,0.945379525226433,0.0983265962950659
6,4,0.945379525226433,0.0983265962950659
6,4,0.945379525226433,0.13736740882504872
6,4,0.9026533173538587,0.13736740882504872
6,4,0.945379525226433,0.13736740882504872
6,4,0.9026533173538587,0.17640822135503154
6,4,0.9026533173538587,0.13736740882504872
6,4,0.9026533173538587,0.13736740882504872
6,4,0.9026533173538587,0.17640822135503154
6,4,0.8599271094812844,0.17640822135503154
6,4,0.9026533173538587,0.17640822135503154
6,4,0.8599271094812844,0.21544903388501435
6,4,0.8599271094812844,0.17640822135503154
6,4,0.8599271094812844,0.17640822135503154
6,4,0.8599271094812844,0.21544903388501435
6,4,0.8172009016087101,0.21544903388501435
6,4,0.8599271094812844,0.21544903388501435
6,4,0.8172009016087101,0.25448984641499717
6,4,0.8172009016087101,0.21544903388501435
6,4,0.8172009016087101,0.21544903388501435
6,4,0.8172009016087101,0.25448984641499717
6,4,0.7744746937361358,0.25448984641499717
6,4,0.9881057330990073,0.0983265962950659
6,4,0.9881057330990073,0.13736740882504872
6,4,0.945379525226433,0.13736740882504872
6,4,0.9881057330990073,0.13736740882504872
6,4,0.945379525226433,0.17640822135503154
6,4,0.945379525226433,0.13736740882504872
6,4,0.945379525226433,0.13736740882504872
6,4,0.945379525226433,0.17640822135503154
6,4,0.9026533173538587,0.17640822135503154
6,4,0.945379525226433,0.17640822135503154
6,4,0.9026533173538587,0.21544903388501435
6,4,0.9026533173538587,0.17640822135503154
6,4,0.9026533173538587,0.17640822135503154
6,4,0.9026533173538587,0.21544903388501435
6,4,0.8599271094812844,0.21544903388501435
6,4,0.9026533173538587,0.21544903388501435
6,4,0.8599271094812844,0.25448984641499717
6,4,0.8599271094812844,0.21544903388501435
6,4,0.8599271094812844,0.21544903388501435
6,4,0.8599271094812844,0.25448984641499717
6,4,0.8172009016087101,0.25448984641499717
6,4,0.9881057330990073,0.13736740882504872
6,4,0.9881057330990073,0.17640822135503154
6,4,0.945379525226433,0.17640822135503154
6,4,0.9881057330990073,0.17640822135503154
6,4,0.945379525226433,0.21544903388501435
6,4,0.945379525226433,0.17640822135503154
6,4,0.945379525226433,0.17640822135503154
6,4,0.945379525226433,0.21544903388501435
6,4,0.9026533173538587,0.21544903388501435
6,4,0.945379525226433,0.21544903388501435
6,4,0.9026533173538587,0.25448984641499717
6,4,0.9026533173538587,0.21544903388501435
6,4,0.9026533173538587,0.21544903388501435
6,4,0.9026533173538587,0.25448984641499717
6,4,0.8599271094812844,0.25448984641499717
6,4,0.9881057330990073,0.17640822135503154
6,4,0.9881057330990073,0.21544903388501435
6,4,0.945379525226433,0.21544903388501435
6,4,0.9881057330990073,0.21544903388501435
6,4,0.945379525226433,0.25448984641499717
6,4,0.945379525226433,0.21544903388501435
6,4,0.945379525226433,0.21544903388501435
6,4,0.945379525226433,0.25448984641499717
6,4,0.9026533173538587,0.25448984641499717
6,4,0.9881057330990073,0.21544903388501435
6,4,0.9881057330990073,0.25448984641499717
6,4,0.945379525226433,0.25448984641499717
6,4,0.9399999999999995,0.4299999999999997
6,4,0.84944818713468,0.27704782052710186
6,4,0.84944818713468,0.5829521794728976
7,4,0.03055181286531905,0.27704782052710186
7,4,0.03055181286531905,0.5829521794728976
6,4,0.9036696941694666,0.6427711138282213
6,4,0.8775437172674296,0.5973220459764788
6,4,0.9350063922264802,0.5973220459764788
6,4,0.8775437172674296,0.5973220459764788
6,4,0.9088804153244432,0.5518729781247362
6,4,0.9350063922264802,0.5973220459764788
6,4,0.9350063922264802,0.5973220459764788
6,4,0.9088804153244432,0.5518729781247362
6,4,0.9663430902834937,0.5518729781247362
6,4,0.9088804153244432,0.5518729781247362
6,4,0.9402171133814567,0.5064239102729937
6,4,0.9663430902834937,0.5518729781247362
6,4,0.9663430902834937,0.5518729781247362
6,4,0.9402171133814567,0.5064239102729937
6,4,0.9976797883405073,0.5064239102729937
6,4,0.9402171133814567,0.5064239102729937
6,4,0.9715538114384703,0.4609748424212512
6,4,0.9976797883405073,0.5064239102729937
6,4,0.9976797883405073,0.5064239102729937
6,4,0.9715538114384703,0.4609748424212512
7,4,0.029016486397520858,0.4609748424212512
6,4,0.9715538114384703,0.4609748424212512
7,4,0.0028905094954838617,0.4155257745695087
7,4,0.029016486397520858,0.4609748424212512
7,4,0.029016486397520858,0.4609748424212512
7,4,0.0028905094954838617,0.4155257745695087
7,4,0.060353184454534414,0.4155257745695087
7,4,0.0028905094954838617,0.4155257745695087
7,4,0.03422720755249742,0.37007670671776616
7,4,0.060353184454534414,0.4155257745695087
7,4,0.060353184454534414,0.4155257745695087
7,4,0.03422720755249742,0.37007670671776616
7,4,0.09168988251154797,0.37007670671776616
6,4,0.8775437172674296,0.5973220459764788
6,4,0.8514177403653926,0.5518729781247362
6,4,0.9088804153244432,0.5518729781247362
6,4,0.8514177403653926,0.5518729781247362
6,4,0.8827544384224062,0.5064239102729937
6,4,0.9088804153244432,0.5518729781247362
6,4,0.9088804153244432,0.5518729781247362
6,4,0.8827544384224062,0.5064239102729937
6,4,0.9402171133814567,0.5064239102729937
6,4,0.8827544384224062,0.5064239102729937
6,4,0.9140911364794198,0.4609748424212512
6,4,0.9402171133814567,0.5064239102729937
6,4,0.9402171133814567,0.5064239102729937
6,4,0.9140911364794198,0.4609748424212512
6,4,0.9715538114384703,0.4609748424212512
6,4,0.9140911364794198,0.4609748424212512
6,4,0.9454278345364333,0.4155257745695087
6,4,0.9715538114384703,0.4609748424212512
6,4,0.9715538114384703,0.4609748424212512
6,4,0.9454278345364333,0.4155257745695087
7,4,0.0028905094954838617,0.4155257745695087
6,4,0.9454278345364333,0.4155257745695087
6,4,0.9767645325934478,0.37007670671776616
7,4,0.0028905094954838617,0.4155257745695087
7,4,0.0028905094954838617,0.4155257745695087
6,4,0.9767645325934478,0.37007670671776616
7,4,0.03422720755249742,0.37007670671776616
6,4,0.8514177403653926,0.5518729781247362
6,4,0.8252917634633556,0.5064239102729937
6,4,0.8827544384224062,0.5064239102729937
6,4,0.8252917634633556,0.5064239102729937
6,4,0.8566284615203701,0.4609748424212512
6,4,0.8827544384224062,0.5064239102729937
6,4,0.8827544384224062,0.5064239102729937
6,4,0.8566284615203701,0.4609748424212512
6,4,0.9140911364794198,0.4609748424212512
6,4,0.8566284615203701,0.4609748424212512
6,4,0.8879651595773836,0.4155257745695087
6,4,0.9140911364794198,0.4609748424212512
6,4,0.9140911364794198,0.4609748424212512
6,4,0.8879651595773836,0.4155257745695087
6,4,0.9454278345364333,0.4155257745695087
6,4,0.8879651595773836,0.4155257745695087
6,4,0.9193018576343972,0.37007670671776616
6,4,0.9454278345364333,0.4155257745695087
6,4,0.9454278345364333,0.4155257745695087
6,4,0.9193018576343972,0.37007670671776616
6,4,0.9767645325934478,0.37007670671776616
6,4,0.8252917634633556,0.5064239102729937
6,4,0.7991657865613195,0.4609748424212512
6,4,0.8566284615203701,0.4609748424212512
6,4,0.7991657865613195,0.4609748424212512
6,4,0.8305024846183331,0.4155257745695087
6,4,0.8566284615203701,0.4609748424212512
6,4,0.8566284615203701,0.4609748424212512
6,4,0.8305024846183331,0.4155257745695087
6,4,0.8879651595773836,0.4155257745695087
6,4,0.8305024846183331,0.4155257745695087
6,4,0.8618391826753466,0.37007670671776616
6,4,0.8879651595773836,0.4155257745695087
6,4,0.8879651595773836,0.4155257745695087
6,4,0.8618391826753466,0.37007670671776616
6,4,0.9193018576343972,0.37007670671776616
6,4,0.7991657865613195,0.4609748424212512
6,4,0.7730398096592825,0.4155257745695087
6,4,0.8305024846183331,0.4155257745695087
6,4,0.7730398096592825,0.4155257745695087
6,4,0.8043765077162961,0.37007670671776616
6,4,0.8305024846183331,0.4155257745695087
6,4,0.8305024846183331,0.4155257745695087
6,4,0.8043765077162961,0.37007670671776616
6,4,0.8618391826753466,0.37007670671776616
6,4,0.7730398096592825,0.4155257745695087
6,4,0.7469138327572455,0.37007670671776616
6,4,0.8043765077162961,0.37007670671776616
7,4,0.09168988251154797,0.37007670671776616
7,4,0.09168988251154797,0.4155257745695087
7,4,0.060353184454534414,0.4155257745695087
7,4,0.09168988251154797,0.4155257745695087
7,4,0.060353184454534414,0.4609748424212512
7,4,0.060353184454534414,0.4155257745695087
7,4,0.060353184454534414,0.4155257745695087
7,4,0.060353184454534414,0.4609748424212512
7,4,0.029016486397520858,0.4609748424212512
7,4,0.060353184454534414,0.4609748424212512
7,4,0.029016486397520858,0.5064239102729937
7,4,0.029016486397520858,0.4609748424212512
7,4,0.029016486397520858,0.4609748424212512
7,4,0.029016486397520858,0.5064239102729937
6,4,0.9976797883405073,0.5064239102729937
7,4,0.029016486397520858,0.5064239102729937
6,4,0.9976797883405073,0.5518729781247362
6,4,0.9976797883405073,0.5064239102729937
6,4,0.9976797883405073,0.5064239102729937
6,4,0.9976797883405073,0.5518729781247362
6,4,0.9663430902834937,0.5518729781247362
6,4,0.9976797883405073,0.5518729781247362
6,4,0.9663430902834937,0.5973220459764788
6,4,0.9663430902834937,0.5518729781247362
6,4,0.9663430902834937,0.5518729781247362
6,4,0.9663430902834937,0.5973220459764788
6,4,0.9350063922264802,0.5973220459764788
6,4,0.9663430902834937,0.5973220459764788
6,4,0.9350063922264802,0.6427711138282213
6,4,0.9350063922264802,0.5973220459764788
6,4,0.9350063922264802,0.5973220459764788
6,4,0.9350063922264802,0.6427711138282213
6,4,0.9036696941694666,0.6427711138282213
7,4,0.09168988251154797,0.4155257745695087
7,4,0.09168988251154797,0.4609748424212512
7,4,0.060353184454534414,0.4609748424212512
7,4,0.09168988251154797,0.4609748424212512
7,4,0.060353184454534414,0.5064239102729937
7,4,0.060353184454534414,0.4609748424212512
7,4,0.060353184454534414,0.4609748424212512
7,4,0.060353184454534414,0.5064239102729937
7,4,0.029016486397520858,0.5064239102729937
7,4,0.060353184454534414,0.5064239102729937
7,4,0.029016486397520858,0.5518729781247362
7,4,0.029016486397520858,0.5064239102729937
7,4,0.029016486397520858,0.5064239102729937
7,4,0.029016486397520858,0.5518729781247362
6,4,0.9976797883405073,0.5518729781247362
7,4,0.029016486397520858,0.5518729781247362
6,4,0.9976797883405073,0.5973220459764788
6,4,0.9976797883405073,0.5518729781247362
6,4,0.9976797883405073,0.5518729781247362
6,4,0.9976797883405073,0.5973220459764788
6,4,0.9663430902834937,0.5973220459764788
6,4,0.9976797883405073,0.5973220459764788
6,4,0.9663430902834937,0.6427711138282213
6,4,0.9663430902834937,0.5973220459764788
6,4,0.9663430902834937,0.5973220459764788
6,4,0.9663430902834937,0.6427711138282213
6,4,0.9350063922264802,0.6427711138282213
7,4,0.09168988251154797,0.4609748424212512
7,4,0.09168988251154797,0.5064239102729937
7,4,0.060353184454534414,0.5064239102729937
7,4,0.09168988251154797,0.5064239102729937
7,4,0.060353184454534414,0.5518729781247362
7,4,0.060353184454534414,0.5064239102729937
7,4,0.060353184454534414,0.5064239102729937
7,4,0.060353184454534414,0.5518729781247362
7,4,0.029016486397520858,0.5518729781247362
7,4,0.060353184454534414,0.5518729781247362
7,4,0.029016486397520858,0.5973220459764788
7,4,0.029016486397520858,0.5518729781247362
7,4,0.029016486397520858,0.5518729781247362
7,4,0.029016486397520858,0.5973220459764788
6,4,0.9976797883405073,0.5973220459764788
7,4,0.029016486397520858,0.5973220459764788
6,4,0.9976797883405073,0.6427711138282213
6,4,0.9976797883405073,0.5973220459764788
6,4,0.9976797883405073,0.5973220459764788
6,4,0.9976797883405073,0.6427711138282213
6,4,0.9663430902834937,0.6427711138282213
7,4,0.09168988251154797,0.5064239102729937
7,4,0.09168988251154797,0.5518729781247362
7,4,0.060353184454534414,0.5518729781247362
7,4,0.09168988251154797,0.5518729781247362
7,4,0.060353184454534414,0.5973220459764788
7,4,0.060353184454534414,0.5518729781247362
7,4,0.060353184454534414,0.5518729781247362
7,4,0.060353184454534414,0.5973220459764788
7,4,0.029016486397520858,0.5973220459764788
7,4,0.060353184454534414,0.5973220459764788
7,4,0.029016486397520858,0.6427711138282213
7,4,0.029016486397520858,0.5973220459764788
7,4,0.029016486397520858,0.5973220459764788
7,4,0.029016486397520858,0.6427711138282213
6,4,0.9976797883405073,0.6427711138282213
7,4,0.09168988251154797,0.5518729781247362
7,4,0.09168988251154797,0.5973220459764788
7,4,0.060353184454534414,0.5973220459764788
7,4,0.09168988251154797,0.5973220459764788
7,4,0.060353184454534414,0.6427711138282213
7,4,0.060353184454534414,0.5973220459764788
7,4,0.060353184454534414,0.5973220459764788
7,4,0.060353184454534414,0.6427711138282213
7,4,0.029016486397520858,0.6427711138282213
7,4,0.09168988251154797,0.5973220459764788
7,4,0.09168988251154797,0.6427711138282213
7,4,0.060353184454534414,0.6427711138282213
7,4,0.12237524042418979,0.5805319444771095
7,4,0.08334307917996497,0.5805319444771095
7,4,0.08334307917996497,0.537837000075335
7,4,0.08334307917996497,0.5805319444771095
7,4,0.04431091793574016,0.537837000075335
7,4,0.08334307917996497,0.537837000075335
7,4,0.08334307917996497,0.537837000075335
7,4,0.04431091793574016,0.537837000075335
7,4,0.04431091793574016,0.4951420556735604
7,4,0.04431091793574016,0.537837000075335
7,4,0.0052787566915153405,0.4951420556735604
7,4,0.04431091793574016,0.4951420556735604
7,4,0.04431091793574016,0.4951420556735604
7,4,0.0052787566915153405,0.4951420556735604
7,4,0.0052787566915153405,0.4524471112717867
7,4,0.0052787566915153405,0.4951420556735604
6,4,0.9662465954472905,0.4524471112717867
7,4,0.0052787566915153405,0.4524471112717867
7,4,0.0052787566915153405,0.4524471112717867
6,4,0.9662465954472905,0.4524471112717867
6,4,0.9662465954472905,0.40975216687001215
6,4,0.9662465954472905,0.4524471112717867
6,4,0.9272144342030657,0.40975216687001215
6,4,0.9662465954472905,0.40975216687001215
6,4,0.9662465954472905,0.40975216687001215
6,4,0.9272144342030657,0.40975216687001215
6,4,0.9272144342030657,0.36705722246823846
6,4,0.9272144342030657,0.40975216687001215
6,4,0.8881822729588409,0.36705722246823846
6,4,0.9272144342030657,0.36705722246823846
6,4,0.9272144342030657,0.36705722246823846
6,4,0.8881822729588409,0.36705722246823846
6,4,0.8881822729588409,0.3243622780664639
6,4,0.8881822729588409,0.36705722246823846
6,4,0.8491501117146161,0.3243622780664639
6,4,0.8881822729588409,0.3243622780664639
6,4,0.8881822729588409,0.3243622780664639
6,4,0.8491501117146161,0.3243622780664639
6,4,0.8491501117146161,0.2816673336646902
6,4,0.8491501117146161,0.3243622780664639
6,4,0.8101179504703913,0.2816673336646902
6,4,0.8491501117146161,0.2816673336646902
6,4,0.8491501117146161,0.2816673336646902
6,4,0.8101179504703913,0.2816673336646902
6,4,0.8101179504703913,0.23897238926291564
6,4,0.8101179504703913,0.2816673336646902
6,4,0.7710857892261664,0.23897238926291564
6,4,0.8101179504703913,0.23897238926291564
6,4,0.8101179504703913,0.23897238926291564
6,4,0.7710857892261664,0.23897238926291564
6,4,0.7710857892261664,0.19627744486114196
7,4,0.08334307917996497,0.5805319444771095
7,4,0.04431091793574016,0.5805319444771095
7,4,0.04431091793574016,0.537837000075335
7,4,0.04431091793574016,0.5805319444771095
7,4,0.0052787566915153405,0.537837000075335
7,4,0.04431091793574016,0.537837000075335
7,4,0.04431091793574016,0.537837000075335
7,4,0.0052787566915153405,0.537837000075335
7,4,0.0052787566915153405,0.4951420556735604
7,4,0.0052787566915153405,0.537837000075335
6,4,0.9662465954472905,0.4951420556735604
7,4,0.0052787566915153405,0.4951420556735604
7,4,0.0052787566915153405,0.4951420556735604
6,4,0.9662465954472905,0.4951420556735604
6,4,0.9662465954472905,0.4524471112717867
6,4,0.9662465954472905,0.4951420556735604
6,4,0.9272144342030657,0.4524471112717867
6,4,0.9662465954472905,0.4524471112717867
6,4,0.9662465954472905,0.4524471112717867
6,4,0.9272144342030657,0.4524471112717867
6,4,0.9272144342030657,0.40975216687001215
6,4,0.9272144342030657,0.4524471112717867
6,4,0.8881822729588409,0.40975216687001215
6,4,0.9272144342030657,0.40975216687001215
6,4,0.9272144342030657,0.40975216687001215
6,4,0.8881822729588409,0.40975216687001215
6,4,0.8881822729588409,0.36705722246823846
6,4,0.8881822729588409,0.40975216687001215
6,4,0.8491501117146161,0.36705722246823846
6,4,0.8881822729588409,0.36705722246823846
6,4,0.8881822729588409,0.36705722246823846
6,4,0.8491501117146161,0.36705722246823846
6,4,0.8491501117146161,0.3243622780664639
6,4,0.8491501117146161,0.36705722246823846
6,4,0.8101179504703913,0.3243622780664639
6,4,0.8491501117146161,0.3243622780664639
6,4,0.8491501117146161,0.3243622780664639
6,4,0.8101179504703913,0.3243622780664639
6,4,0.8101179504703913,0.2816673336646902
6,4,0.8101179504703913,0.3243622780664639
6,4,0.7710857892261664,0.2816673336646902
6,4,0.8101179504703913,0.2816673336646902
6,4,0.8101179504703913,0.2816673336646902
6,4,0.7710857892261664,0.2816673336646902
6,4,0.7710857892261664,0.23897238926291564
7,4,0.04431091793574016,0.5805319444771095
7,4,0.0052787566915153405,0.5805319444771095
7,4,0.0052787566915153405,0.537837000075335
7,4,0.0052787566915153405,0.5805319444771095
6,4,0.9662465954472905,0.537837000075335
7,4,0.0052787566915153405,0.537837000075335
7,4,0.0052787566915153405,0.537837000075335
6,4,0.9662465954472905,0.537837000075335
6,4,0.9662465954472905,0.4951420556735604
6,4,0.9662465954472905,0.537837000075335
6,4,0.9272144342030657,0.4951420556735604
6,4,0.9662465954472905,0.4951420556735604
6,4,0.9662465954472905,0.4951420556735604
6,4,0.9272144342030657,0.4951420556735604
6,4,0.9272144342030657,0.4524471112717867
6,4,0.9272144342030657,0.4951420556735604
6,4,0.8881822729588409,0.4524471112717867
6,4,0.9272144342030657,0.4524471112717867
6,4,0.9272144342030657,0.4524471112717867
6,4,0.8881822729588409,0.4524471112717867
6,4,0.8881822729588409,0.40975216687001215
6,4,0.8881822729588409,0.4524471112717867
6,4,0.8491501117146161,0.40975216687001215
6,4,0.8881822729588409,0.40975216687001215
6,4,0.8881822729588409,0.40975216687001215
6,4,0.8491501117146161,0.40975216687001215
6,4,0.8491501117146161,0.36705722246823846
6,4,0.8491501117146161,0.40975216687001215
6,4,0.8101179504703913,0.36705722246823846
6,4,0.8491501117146161,0.36705722246823846
6,4,0.8491501117146161,0.36705722246823846
6,4,0.8101179504703913,0.36705722246823846
6,4,0.8101179504703913,0.3243622780664639
6,4,0.8101179504703913,0.36705722246823846
6,4,0.7710857892261664,0.3243622780664639
6,4,0.8101179504703913,0.3243622780664639
6,4,0.8101179504703913,0.3243622780664639
6,4,0.7710857892261664,0.3243622780664639
6,4,0.7710857892261664,0.2816673336646902
7,4,0.0052787566915153405,0.5805319444771095
6,4,0.9662465954472905,0.5805319444771095
6,4,0.9662465954472905,0.537837000075335
6,4,0.9662465954472905,0.5805319444771095
6,4,0.9272144342030657,0.537837000075335
6,4,0.9662465954472905,0.537837000075335
6,4,0.9662465954472905,0.537837000075335
6,4,0.9272144342030657,0.537837000075335
6,4,0.9272144342030657,0.4951420556735604
6,4,0.9272144342030657,0.537837000075335
6,4,0.8881822729588409,0.4951420556735604
6,4,0.9272144342030657,0.4951420556735604
6,4,0.9272144342030657,0.4951420556735604
6,4,0.8881822729588409,0.4951420556735604
6,4,0.8881822729588409,0.4524471112717867
6,4,0.8881822729588409,0.4951420556735604
6,4,0.8491501117146161,0.4524471112717867
6,4,0.8881822729588409,0.4524471112717867
6,4,0.8881822729588409,0.4524471112717867
6,4,0.8491501117146161,0.4524471112717867
6,4,0.8491501117146161,0.40975216687001215
6,4,0.8491501117146161,0.4524471112717867
6,4,0.8101179504703913,0.40975216687001215
6,4,0.8491501117146161,0.40975216687001215
6,4,0.8491501117146161,0.40975216687001215
6,4,0.8101179504703913,0.40975216687001215
6,4,0.8101179504703913,0.36705722246823846
6,4,0.8101179504703913,0.40975216687001215
6,4,0.7710857892261664,0.36705722246823846
6,4,0.8101179504703913,0.36705722246823846
6,4,0.8101179504703913,0.36705722246823846
6,4,0.7710857892261664,0.36705722246823846
6,4,0.7710857892261664,0.3243622780664639
6,4,0.9662465954472905,0.5805319444771095
6,4,0.9272144342030657,0.5805319444771095
6,4,0.9272144342030657,0.537837000075335
6,4,0.9272144342030657,0.5805319444771095
6,4,0.8881822729588409,0.537837000075335
6,4,0.9272144342030657,0.537837000075335
6,4,0.9272144342030657,0.537837000075335
6,4,0.8881822729588409,0.537837000075335
6,4,0.8881822729588409,0.4951420556735604
6,4,0.8881822729588409,0.537837000075335
6,4,0.8491501117146161,0.4951420556735604
6,4,0.8881822729588409,0.4951420556735604
6,4,0.8881822729588409,0.4951420556735604
6,4,0.8491501117146161,0.4951420556735604
6,4,0.8491501117146161,0.4524471112717867
6,4,0.8491501117146161,0.4951420556735604
6,4,0.8101179504703913,0.4524471112717867
6,4,0.8491501117146161,0.4524471112717867
6,4,0.8491501117146161,0.4524471112717867
6,4,0.8101179504703913,0.4524471112717867
6,4,0.8101179504703913,0.40975216687001215
6,4,0.8101179504703913,0.4524471112717867
6,4,0.7710857892261664,0.40975216687001215
6,4,0.8101179504703913,0.40975216687001215
6,4,0.8101179504703913,0.40975216687001215
6,4,0.7710857892261664,0.40975216687001215
6,4,0.7710857892261664,0.36705722246823846
6,4,0.9272144342030657,0.5805319444771095
6,4,0.8881822729588409,0.5805319444771095
6,4,0.8881822729588409,0.537837000075335
6,4,0.8881822729588409,0.5805319444771095
6,4,0.8491501117146161,0.537837000075335
6,4,0.8881822729588409,0.537837000075335
6,4,0.8881822729588409,0.537837000075335
6,4,0.8491501117146161,0.537837000075335
6,4,0.8491501117146161,0.4951420556735604
6,4,0.8491501117146161,0.537837000075335
6,4,0.8101179504703913,0.4951420556735604
6,4,0.8491501117146161,0.4951420556735604
6,4,0.8491501117146161,0.4951420556735604
6,4,0.8101179504703913,0.4951420556735604
6,4,0.8101179504703913,0.4524471112717867
6,4,0.8101179504703913,0.4951420556735604
6,4,0.7710857892261664,0.4524471112717867
6,4,0.8101179504703913,0.4524471112717867
6,4,0.8101179504703913,0.4524471112717867
6,4,0.7710857892261664,0.4524471112717867
6,4,0.7710857892261664,0.40975216687001215
6,4,0.8881822729588409,0.5805319444771095
6,4,0.8491501117146161,0.5805319444771095
6,4,0.8491501117146161,0.537837000075335
6,4,0.8491501117146161,0.5805319444771095
6,4,0.8101179504703913,0.537837000075335
6,4,0.8491501117146161,0.537837000075335
6,4,0.8491501117146161,0.537837000075335
6,4,0.8101179504703913,0.537837000075335
6,4,0.8101179504703913,0.4951420556735604
6,4,0.8101179504703913,0.537837000075335
6,4,0.7710857892261664,0.4951420556735604
6,4,0.8101179504703913,0.4951420556735604
6,4,0.8101179504703913,0.4951420556735604
6,4,0.7710857892261664,0.4951420556735604
6,4,0.7710857892261664,0.4524471112717867
6,4,0.8491501117146161,0.5805319444771095
6,4,0.8101179504703913,0.5805319444771095
6,4,0.8101179504703913,0.537837000075335
6,4,0.8101179504703913,0.5805319444771095
6,4,0.7710857892261664,0.537837000075335
6,4,0.8101179504703913,0.537837000075335
6,4,0.8101179504703913,0.537837000075335
6,4,0.7710857892261664,0.537837000075335
6,4,0.7710857892261664,0.4951420556735604
6,4,0.8101179504703913,0.5805319444771095
6,4,0.7710857892261664,0.5805319444771095
6,4,0.7710857892261664,0.537837000075335
6,4,0.7710857892261664,0.19627744486114196
6,4,0.8101179504703913,0.19627744486114196
6,4,0.8101179504703913,0.23897238926291564
6,4,0.8101179504703913,0.19627744486114196
6,4,0.8491501117146161,0.23897238926291564
6,4,0.8101179504703913,0.23897238926291564
6,4,0.8101179504703913,0.23897238926291564
6,4,0.8491501117146161,0.23897238926291564
6,4,0.8491501117146161,0.2816673336646902
6,4,0.8491501117146161,0.23897238926291564
6,4,0.8881822729588409,0.2816673336646902
6,4,0.8491501117146161,0.2816673336646902
6,4,0.8491501117146161,0.2816673336646902
6,4,0.8881822729588409,0.2816673336646902
6,4,0.8881822729588409,0.3243622780664639
6,4,0.8881822729588409,0.2816673336646902
6,4,0.9272144342030657,0.3243622780664639
6,4,0.8881822729588409,0.3243622780664639
6,4,0.8881822729588409,0.3243622780664639
6,4,0.9272144342030657,0.3243622780664639
6,4,0.9272144342030657,0.36705722246823846
6,4,0.9272144342030657,0.3243622780664639
6,4,0.9662465954472905,0.36705722246823846
6,4,0.9272144342030657,0.36705722246823846
6,4,0.9272144342030657,0.36705722246823846
6,4,0.9662465954472905,0.36705722246823846
6,4,0.9662465954472905,0.40975216687001215
6,4,0.9662465954472905,0.36705722246823846
7,4,0.0052787566915153405,0.40975216687001215
6,4,0.9662465954472905,0.40975216687001215
6,4,0.9662465954472905,0.40975216687001215
7,4,0.0052787566915153405,0.40975216687001215
7,4,0.0052787566915153405,0.4524471112717867
7,4,0.0052787566915153405,0.40975216687001215
7,4,0.04431091793574016,0.4524471112717867
7,4,0.0052787566915153405,0.4524471112717867
7,4,0.0052787566915153405,0.4524471112717867
7,4,0.04431091793574016,0.4524471112717867
7,4,0.04431091793574016,0.4951420556735604
7,4,0.04431091793574016,0.4524471112717867
7,4,0.08334307917996497,0.4951420556735604
7,4,0.04431091793574016,0.4951420556735604
7,4,0.04431091793574016,0.4951420556735604
7,4,0.08334307917996497,0.4951420556735604
7,4,0.08334307917996497,0.537837000075335
7,4,0.08334307917996497,0.4951420556735604
7,4,0.12237524042418979,0.537837000075335
7,4,0.08334307917996497,0.537837000075335
7,4,0.08334307917996497,0.537837000075335
7,4,0.12237524042418979,0.537837000075335
7,4,0.12237524042418979,0.5805319444771095
6,4,0.8101179504703913,0.19627744486114196
6,4,0.8491501117146161,0.19627744486114196
6,4,0.8491501117146161,0.23897238926291564
6,4,0.8491501117146161,0.19627744486114196
6,4,0.8881822729588409,0.23897238926291564
6,4,0.8491501117146161,0.23897238926291564
6,4,0.8491501117146161,0.23897238926291564
6,4,0.8881822729588409,0.23897238926291564
6,4,0.8881822729588409,0.2816673336646902
6,4,0.8881822729588409,0.23897238926291564
6,4,0.9272144342030657,0.2816673336646902
6,4,0.8881822729588409,0.2816673336646902
6,4,0.8881822729588409,0.2816673336646902
6,4,0.9272144342030657,0.2816673336646902
6,4,0.9272144342030657,0.3243622780664639
6,4,0.9272144342030657,0.2816673336646902
6,4,0.9662465954472905,0.3243622780664639
6,4,0.9272144342030657,0.3243622780664639
6,4,0.9272144342030657,0.3243622780664639
6,4,0.9662465954472905,0.3243622780664639
6,4,0.9662465954472905,0.36705722246823846
6,4,0.9662465954472905,0.3243622780664639
7,4,0.0052787566915153405,0.36705722246823846
6,4,0.9662465954472905,0.36705722246823846
6,4,0.9662465954472905,0.36705722246823846
7,4,0.0052787566915153405,0.36705722246823846
7,4,0.0052787566915153405,0.40975216687001215
7,4,0.0052787566915153405,0.36705722246823846
7,4,0.04431091793574016,0.40975216687001215
7,4,0.0052787566915153405,0.40975216687001215
7,4,0.0052787566915153405,0.40975216687001215
7,4,0.04431091793574016,0.40975216687001215
7,4,0.04431091793574016,0.4524471112717867
7,4,0.04431091793574016,0.40975216687001215
7,4,0.08334307917996497,0.4524471112717867
7,4,0.04431091793574016,0.4524471112717867
7,4,0.04431091793574016,0.4524471112717867
7,4,0.08334307917996497,0.4524471112717867
7,4,0.08334307917996497,0.4951420556735604
7,4,0.08334307917996497,0.4524471112717867
7,4,0.12237524042418979,0.4951420556735604
7,4,0.08334307917996497,0.4951420556735604
7,4,0.08334307917996497,0.4951420556735604
7,4,0.12237524042418979,0.4951420556735604
7,4,0.12237524042418979,0.537837000075335
6,4,0.8491501117146161,0.19627744486114196
6,4,0.8881822729588409,0.19627744486114196
6,4,0.8881822729588409,0.23897238926291564
6,4,0.8881822729588409,0.19627744486114196
6,4,0.9272144342030657,0.23897238926291564
6,4,0.8881822729588409,0.23897238926291564
6,4,0.8881822729588409,0.23897238926291564
6,4,0.9272144342030657,0.23897238926291564
6,4,0.9272144342030657,0.2816673336646902
6,4,0.9272144342030657,0.23897238926291564
6,4,0.9662465954472905,0.2816673336646902
6,4,0.9272144342030657,0.2816673336646902
6,4,0.9272144342030657,0.2816673336646902
6,4,0.9662465954472905,0.2816673336646902
6,4,0.9662465954472905,0.3243622780664639
6,4,0.9662465954472905,0.2816673336646902
7,4,0.0052787566915153405,0.3243622780664639
6,4,0.9662465954472905,0.3243622780664639
6,4,0.9662465954472905,0.3243622780664639
7,4,0.0052787566915153405,0.3243622780664639
7,4,0.0052787566915153405,0.36705722246823846
7,4,0.0052787566915153405,0.3243622780664639
7,4,0.04431091793574016,0.36705722246823846
7,4,0.0052787566915153405,0.36705722246823846
7,4,0.0052787566915153405,0.36705722246823846
7,4,0.04431091793574016,0.36705722246823846
7,4,0.04431091793574016,0.40975216687001215
7,4,0.04431091793574016,0.36705722246823846
7,4,0.08334307917996497,0.40975216687001215
7,4,0.04431091793574016,0.40975216687001215
7,4,0.04431091793574016,0.40975216687001215
7,4,0.08334307917996497,0.40975216687001215
7,4,0.08334307917996497,0.4524471112717867
7,4,0.08334307917996497,0.40975216687001215
7,4,0.12237524042418979,0.4524471112717867
7,4,0.08334307917996497,0.4524471112717867
7,4,0.08334307917996497,0.4524471112717867
7,4,0.12237524042418979,0.4524471112717867
7,4,0.12237524042418979,0.4951420556735604
6,4,0.8881822729588409,0.19627744486114196
6,4,0.9272144342030657,0.19627744486114196
6,4,0.9272144342030657,0.23897238926291564
6,4,0.9272144342030657,0.19627744486114196
6,4,0.9662465954472905,0.23897238926291564
6,4,0.9272144342030657,0.23897238926291564
6,4,0.9272144342030657,0.23897238926291564
6,4,0.9662465954472905,0.23897238926291564
6,4,0.9662465954472905,0.2816673336646902
6,4,0.9662465954472905,0.23897238926291564
7,4,0.0052787566915153405,0.2816673336646902
6,4,0.9662465954472905,0.2816673336646902
6,4,0.9662465954472905,0.2816673336646902
7,4,0.0052787566915153405,0.2816673336646902
7,4,0.0052787566915153405,0.3243622780664639
7,4,0.0052787566915153405,0.2816673336646902
7,4,0.04431091793574016,0.3243622780664639
7,4,0.0052787566915153405,0.3243622780664639
7,4,0.0052787566915153405,0.3243622780664639
7,4,0.04431091793574016,0.3243622780664639
7,4,0.04431091793574016,0.36705722246823846
7,4,0.04431091793574016,0.3243622780664639
7,4,0.08334307917996497,0.36705722246823846
7,4,0.04431091793574016,0.36705722246823846
7,4,0.04431091793574016,0.36705722246823846
7,4,0.08334307917996497,0.36705722246823846
7,4,0.08334307917996497,0.40975216687001215
7,4,0.08334307917996497,0.36705722246823846
7,4,0.12237524042418979,0.40975216687001215
7,4,0.08334307917996497,0.40975216687001215
7,4,0.08334307917996497,0.40975216687001215
7,4,0.12237524042418979,0.40975216687001215
7,4,0.12237524042418979,0.4524471112717867
6,4,0.9272144342030657,0.19627744486114196
6,4,0.9662465954472905,0.19627744486114196
6,4,0.9662465954472905,0.23897238926291564
6,4,0.9662465954472905,0.19627744486114196
7,4,0.0052787566915153405,0.23897238926291564
6,4,0.9662465954472905,0.23897238926291564
6,4,0.9662465954472905,0.23897238926291564
7,4,0.0052787566915153405,0.23897238926291564
7,4,0.0052787566915153405,0.2816673336646902
7,4,0.0052787566915153405,0.23897238926291564
7,4,0.04431091793574016,0.2816673336646902
7,4,0.0052787566915153405,0.2816673336646902
7,4,0.0052787566915153405,0.2816673336646902
7,4,0.04431091793574016,0.2816673336646902
7,4,0.04431091793574016,0.3243622780664639
7,4,0.04431091793574016,0.2816673336646902
7,4,0.08334307917996497,0.3243622780664639
7,4,0.04431091793574016,0.3243622780664639
7,4,0.04431091793574016,0.3243622780664639
7,4,0.08334307917996497,0.3243622780664639
7,4,0.08334307917996497,0.36705722246823846
7,4,0.08334307917996497,0.3243622780664639
7,4,0.12237524042418979,0.36705722246823846
7,4,0.08334307917996497,0.36705722246823846
7,4,0.08334307917996497,0.36705722246823846
7,4,0.12237524042418979,0.36705722246823846
7,4,0.12237524042418979,0.40975216687001215
6,4,0.9662465954472905,0.19627744486114196
7,4,0.0052787566915153405,0.19627744486114196
7,4,0.0052787566915153405,0.23897238926291564
7,4,0.0052787566915153405,0.19627744486114196
7,4,0.04431091793574016,0.23897238926291564
7,4,0.0052787566915153405,0.23897238926291564
7,4,0.0052787566915153405,0.23897238926291564
7,4,0.04431091793574016,0.23897238926291564
7,4,0.04431091793574016,0.2816673336646902
7,4,0.04431091793574016,0.23897238926291564
7,4,0.08334307917996497,0.2816673336646902
7,4,0.04431091793574016,0.2816673336646902
7,4,0.04431091793574016,0.2816673336646902
7,4,0.08334307917996497,0.2816673336646902
7,4,0.08334307917996497,0.3243622780664639
7,4,0.08334307917996497,0.2816673336646902
7,4,0.12237524042418979,0.3243622780664639
7,4,0.08334307917996497,0.3243622780664639
7,4,0.08334307917996497,0.3243622780664639
7,4,0.12237524042418979,0.3243622780664639
7,4,0.12237524042418979,0.36705722246823846
7,4,0.0052787566915153405,0.19627744486114196
7,4,0.04431091793574016,0.19627744486114196
7,4,0.04431091793574016,0.23897238926291564
7,4,0.04431091793574016,0.19627744486114196
7,4,0.08334307917996497,0.23897238926291564
7,4,0.04431091793574016,0.23897238926291564
7,4,0.04431091793574016,0.23897238926291564
7,4,0.08334307917996497,0.23897238926291564
7,4,0.08334307917996497,0.2816673336646902
7,4,0.08334307917996497,0.23897238926291564
7,4,0.12237524042418979,0.2816673336646902
7,4,0.08334307917996497,0.2816673336646902
7,4,0.08334307917996497,0.2816673336646902
7,4,0.12237524042418979,0.2816673336646902
7,4,0.12237524042418979,0.3243622780664639
7,4,0.04431091793574016,0.19627744486114196
7,4,0.08334307917996497,0.19627744486114196
7,4,0.08334307917996497,0.23897238926291564
7,4,0.08334307917996497,0.19627744486114196
7,4,0.12237524042418979,0.23897238926291564
7,4,0.08334307917996497,0.23897238926291564
7,4,0.08334307917996497,0.23897238926291564
7,4,0.12237524042418979,0.23897238926291564
7,4,0.12237524042418979,0.2816673336646902
7,4,0.08334307917996497,0.19627744486114196
7,4,0.12237524042418979,0.19627744486114196
7,4,0.12237524042418979,0.23897238926291564
