5,3,0.009999999999999787,0.08000000000000007
4,4,0.9534977398842512,0.9799884235428165
4,3,0.9534977398842512,0.1800115764571837
5,4,0.06650226011574834,0.9799884235428165
5,3,0.06650226011574834,0.1800115764571837
4,3,0.8868069635183602,0.2529471273445467
4,3,0.8868069635183602,0.21066409804891295
4,3,0.9186053381499919,0.21066409804891295
4,3,0.8868069635183602,0.21066409804891295
4,3,0.9186053381499919,0.16838106875327963
4,3,0.9186053381499919,0.21066409804891295
4,3,0.9186053381499919,0.21066409804891295
4,3,0.9186053381499919,0.16838106875327963
4,3,0.9504037127816236,0.16838106875327963
4,3,0.9186053381499919,0.16838106875327963
4,3,0.9504037127816236,0.12609803945764586
4,3,0.9504037127816236,0.16838106875327963
4,3,0.9504037127816236,0.16838106875327963
4,3,0.9504037127816236,0.12609803945764586
4,3,0.9822020874132553,0.12609803945764586
4,3,0.9504037127816236,0.12609803945764586
4,3,0.9822020874132553,0.0838150101620121
4,3,0.9822020874132553,0.12609803945764586
4,3,0.9822020874132553,0.12609803945764586
4,3,0.9822020874132553,0.0838150101620121
5,3,0.01400046204488703,0.0838150101620121
4,3,0.9822020874132553,0.0838150101620121
5,3,0.01400046204488703,0.041531980866378326
5,3,0.01400046204488703,0.0838150101620121
5,3,0.01400046204488703,0.0838150101620121
5,3,0.01400046204488703,0.041531980866378326
5,3,0.04579883667651963,0.041531980866378326
5,3,0.01400046204488703,0.041531980866378326
5,4,0.04579883667651963,0.9992489515707446
5,3,0.04579883667651963,0.041531980866378326
5,3,0.04579883667651963,0.041531980866378326
5,4,0.04579883667651963,0.9992489515707446
5,4,0.07759721130815134,0.9992489515707446
5,4,0.04579883667651963,0.9992489515707446
5,4,0.07759721130815134,0.9569659222751108
5,4,0.07759721130815134,0.9992489515707446
5,4,0.07759721130815134,0.9992489515707446
5,4,0.07759721130815134,0.9569659222751108
5,4,0.10939558593978305,0.9569659222751108
5,4,0.07759721130815134,0.9569659222751108
5,4,0.10939558593978305,0.9146828929794779
5,4,0.10939558593978305,0.9569659222751108
5,4,0.10939558593978305,0.9569659222751108
5,4,0.10939558593978305,0.9146828929794779
5,4,0.14119396057141476,0.9146828929794779
4,3,0.8868069635183602,0.21066409804891295
4,3,0.8868069635183602,0.16838106875327963
4,3,0.9186053381499919,0.16838106875327963
4,3,0.8868069635183602,0.16838106875327963
4,3,0.9186053381499919,0.12609803945764586
4,3,0.9186053381499919,0.16838106875327963
4,3,0.9186053381499919,0.16838106875327963
4,3,0.9186053381499919,0.12609803945764586
4,3,0.9504037127816236,0.12609803945764586
4,3,0.9186053381499919,0.12609803945764586
4,3,0.9504037127816236,0.0838150101620121
4,3,0.9504037127816236,0.12609803945764586
4,3,0.9504037127816236,0.12609803945764586
4,3,0.9504037127816236,0.0838150101620121
4,3,0.9822020874132553,0.0838150101620121
4,3,0.9504037127816236,0.0838150101620121
4,3,0.9822020874132553,0.041531980866378326
4,3,0.9822020874132553,0.0838150101620121
4,3,0.9822020874132553,0.0838150101620121
4,3,0.9822020874132553,0.041531980866378326
5,3,0.01400046204488703,0.041531980866378326
4,3,0.9822020874132553,0.041531980866378326
5,4,0.01400046204488703,0.9992489515707446
5,3,0.01400046204488703,0.041531980866378326
5,3,0.01400046204488703,0.041531980866378326
5,4,0.01400046204488703,0.9992489515707446
5,4,0.04579883667651963,0.9992489515707446
5,4,0.01400046204488703,0.9992489515707446
5,4,0.04579883667651963,0.9569659222751108
5,4,0.04579883667651963,0.9992489515707446
5,4,0.04579883667651963,0.9992489515707446
5,4,0.04579883667651963,0.9569659222751108
5,4,0.07759721130815134,0.9569659222751108
5,4,0.04579883667651963,0.9569659222751108
5,4,0.07759721130815134,0.9146828929794779
5,4,0.07759721130815134,0.9569659222751108
5,4,0.07759721130815134,0.9569659222751108
5,4,0.07759721130815134,0.9146828929794779
5,4,0.10939558593978305,0.9146828929794779
4,3,0.8868069635183602,0.16838106875327963
4,3,0.8868069635183602,0.12609803945764586
4,3,0.9186053381499919,0.12609803945764586
4,3,0.8868069635183602,0.12609803945764586
4,3,0.9186053381499919,0.0838150101620121
4,3,0.9186053381499919,0.12609803945764586
4,3,0.9186053381499919,0.12609803945764586
4,3,0.9186053381499919,0.0838150101620121
4,3,0.9504037127816236,0.0838150101620121
4,3,0.9186053381499919,0.0838150101620121
4,3,0.9504037127816236,0.041531980866378326
4,3,0.9504037127816236,0.0838150101620121
4,3,0.9504037127816236,0.0838150101620121
4,3,0.9504037127816236,0.041531980866378326
4,3,0.9822020874132553,0.041531980866378326
4,3,0.9504037127816236,0.041531980866378326
4,4,0.9822020874132553,0.9992489515707446
4,3,0.9822020874132553,0.041531980866378326
4,3,0.9822020874132553,0.041531980866378326
4,4,0.9822020874132553,0.9992489515707446
5,4,0.01400046204488703,0.9992489515707446
4,4,0.9822020874132553,0.9992489515707446
5,4,0.01400046204488703,0.9569659222751108
5,4,0.01400046204488703,0.9992489515707446
5,4,0.01400046204488703,0.9992489515707446
5,4,0.01400046204488703,0.9569659222751108
5,4,0.04579883667651963,0.9569659222751108
5,4,0.01400046204488703,0.9569659222751108
5,4,0.04579883667651963,0.9146828929794779
5,4,0.04579883667651963,0.9569659222751108
5,4,0.04579883667651963,0.9569659222751108
5,4,0.04579883667651963,0.9146828929794779
5,4,0.07759721130815134,0.9146828929794779
4,3,0.8868069635183602,0.12609803945764586
4,3,0.8868069635183602,0.0838150101620121
4,3,0.9186053381499919,0.0838150101620121
4,3,0.8868069635183602,0.0838150101620121
4,3,0.9186053381499919,0.041531980866378326
4,3,0.9186053381499919,0.0838150101620121
4,3,0.9186053381499919,0.0838150101620121
4,3,0.9186053381499919,0.041531980866378326
4,3,0.9504037127816236,0.041531980866378326
4,3,0.9186053381499919,0.041531980866378326
4,4,0.9504037127816236,0.9992489515707446
4,3,0.9504037127816236,0.041531980866378326
4,3,0.9504037127816236,0.041531980866378326
4,4,0.9504037127816236,0.9992489515707446
4,4,0.9822020874132553,0.9992489515707446
4,4,0.9504037127816236,0.9992489515707446
4,4,0.9822020874132553,0.9569659222751108
4,4,0.9822020874132553,0.9992489515707446
4,4,0.9822020874132553,0.9992489515707446
4,4,0.9822020874132553,0.9569659222751108
5,4,0.01400046204488703,0.9569659222751108
4,4,0.9822020874132553,0.9569659222751108
5,4,0.01400046204488703,0.9146828929794779
5,4,0.01400046204488703,0.9569659222751108
5,4,0.01400046204488703,0.9569659222751108
5,4,0.01400046204488703,0.9146828929794779
5,4,0.04579883667651963,0.9146828929794779
4,3,0.8868069635183602,0.0838150101620121
4,3,0.8868069635183602,0.041531980866378326
4,3,0.9186053381499919,0.041531980866378326
4,3,0.8868069635183602,0.041531980866378326
4,4,0.9186053381499919,0.9992489515707446
4,3,0.9186053381499919,0.041531980866378326
4,3,0.9186053381499919,0.041531980866378326
4,4,0.9186053381499919,0.9992489515707446
4,4,0.9504037127816236,0.9992489515707446
4,4,0.9186053381499919,0.9992489515707446
4,4,0.9504037127816236,0.9569659222751108
4,4,0.9504037127816236,0.9992489515707446
4,4,0.9504037127816236,0.9992489515707446
4,4,0.9504037127816236,0.9569659222751108
4,4,0.9822020874132553,0.9569659222751108
4,4,0.9504037127816236,0.9569659222751108
4,4,0.9822020874132553,0.9146828929794779
4,4,0.9822020874132553,0.9569659222751108
4,4,0.9822020874132553,0.9569659222751108
4,4,0.9822020874132553,0.9146828929794779
5,4,0.01400046204488703,0.9146828929794779
4,3,0.8868069635183602,0.041531980866378326
4,4,0.8868069635183602,0.9992489515707446
4,4,0.9186053381499919,0.9992489515707446
4,4,0.8868069635183602,0.9992489515707446
4,4,0.9186053381499919,0.9569659222751108
4,4,0.9186053381499919,0.9992489515707446
4,4,0.9186053381499919,0.9992489515707446
4,4,0.9186053381499919,0.9569659222751108
4,4,0.9504037127816236,0.9569659222751108
4,4,0.9186053381499919,0.9569659222751108
4,4,0.9504037127816236,0.9146828929794779
4,4,0.9504037127816236,0.9569659222751108
4,4,0.9504037127816236,0.9569659222751108
4,4,0.9504037127816236,0.9146828929794779
4,4,0.9822020874132553,0.9146828929794779
4,4,0.8868069635183602,0.9992489515707446
4,4,0.8868069635183602,0.9569659222751108
4,4,0.9186053381499919,0.9569659222751108
4,4,0.8868069635183602,0.9569659222751108
4,4,0.9186053381499919,0.9146828929794779
4,4,0.9186053381499919,0.9569659222751108
4,4,0.9186053381499919,0.9569659222751108
4,4,0.9186053381499919,0.9146828929794779
4,4,0.9504037127816236,0.9146828929794779
4,4,0.8868069635183602,0.9569659222751108
4,4,0.8868069635183602,0.9146828929794779
4,4,0.9186053381499919,0.9146828929794779
5,4,0.14119396057141476,0.9146828929794779
5,4,0.14119396057141476,0.9569659222751108
5,4,0.10939558593978305,0.9569659222751108
5,4,0.14119396057141476,0.9569659222751108
5,4,0.10939558593978305,0.9992489515707446
5,4,0.10939558593978305,0.9569659222751108
5,4,0.10939558593978305,0.9569659222751108
5,4,0.10939558593978305,0.9992489515707446
5,4,0.07759721130815134,0.9992489515707446
5,4,0.10939558593978305,0.9992489515707446
5,3,0.07759721130815134,0.041531980866378326
5,4,0.07759721130815134,0.9992489515707446
5,4,0.07759721130815134,0.9992489515707446
5,3,0.07759721130815134,0.041531980866378326
5,3,0.04579883667651963,0.041531980866378326
5,3,0.07759721130815134,0.041531980866378326
5,3,0.04579883667651963,0.0838150101620121
5,3,0.04579883667651963,0.041531980866378326
5,3,0.04579883667651963,0.041531980866378326
5,3,0.04579883667651963,0.0838150101620121
5,3,0.01400046204488703,0.0838150101620121
5,3,0.04579883667651963,0.0838150101620121
5,3,0.01400046204488703,0.12609803945764586
5,3,0.01400046204488703,0.0838150101620121
5,3,0.01400046204488703,0.0838150101620121
5,3,0.01400046204488703,0.12609803945764586
4,3,0.9822020874132553,0.12609803945764586
5,3,0.01400046204488703,0.12609803945764586
4,3,0.9822020874132553,0.16838106875327963
4,3,0.9822020874132553,0.12609803945764586
4,3,0.9822020874132553,0.12609803945764586
4,3,0.9822020874132553,0.16838106875327963
4,3,0.9504037127816236,0.16838106875327963
4,3,0.9822020874132553,0.16838106875327963
4,3,0.9504037127816236,0.21066409804891295
4,3,0.9504037127816236,0.16838106875327963
4,3,0.9504037127816236,0.16838106875327963
4,3,0.9504037127816236,0.21066409804891295
4,3,0.9186053381499919,0.21066409804891295
4,3,0.9504037127816236,0.21066409804891295
4,3,0.9186053381499919,0.2529471273445467
4,3,0.9186053381499919,0.21066409804891295
4,3,0.9186053381499919,0.21066409804891295
4,3,0.9186053381499919,0.2529471273445467
4,3,0.8868069635183602,0.2529471273445467
5,4,0.14119396057141476,0.9569659222751108
5,4,0.14119396057141476,0.9992489515707446
5,4,0.10939558593978305,0.9992489515707446
5,4,0.14119396057141476,0.9992489515707446
5,3,0.10939558593978305,0.041531980866378326
5,4,0.10939558593978305,0.9992489515707446
5,4,0.10939558593978305,0.9992489515707446
5,3,0.10939558593978305,0.041531980866378326
5,3,0.07759721130815134,0.041531980866378326
5,3,0.10939558593978305,0.041531980866378326
5,3,0.07759721130815134,0.0838150101620121
5,3,0.07759721130815134,0.041531980866378326
5,3,0.07759721130815134,0.041531980866378326
5,3,0.07759721130815134,0.0838150101620121
5,3,0.04579883667651963,0.0838150101620121
5,3,0.07759721130815134,0.0838150101620121
5,3,0.04579883667651963,0.12609803945764586
5,3,0.04579883667651963,0.0838150101620121
5,3,0.04579883667651963,0.0838150101620121
5,3,0.04579883667651963,0.12609803945764586
5,3,0.01400046204488703,0.12609803945764586
5,3,0.04579883667651963,0.12609803945764586
5,3,0.01400046204488703,0.16838106875327963
5,3,0.01400046204488703,0.12609803945764586
5,3,0.01400046204488703,0.12609803945764586
5,3,0.01400046204488703,0.16838106875327963
4,3,0.9822020874132553,0.16838106875327963
5,3,0.01400046204488703,0.16838106875327963
4,3,0.9822020874132553,0.21066409804891295
4,3,0.9822020874132553,0.16838106875327963
4,3,0.9822020874132553,0.16838106875327963
4,3,0.9822020874132553,0.21066409804891295
4,3,0.9504037127816236,0.21066409804891295
4,3,0.9822020874132553,0.21066409804891295
4,3,0.9504037127816236,0.2529471273445467
4,3,0.9504037127816236,0.21066409804891295
4,3,0.9504037127816236,0.21066409804891295
4,3,0.9504037127816236,0.2529471273445467
4,3,0.9186053381499919,0.2529471273445467
5,4,0.14119396057141476,0.9992489515707446
5,3,0.14119396057141476,0.041531980866378326
5,3,0.10939558593978305,0.041531980866378326
5,3,0.14119396057141476,0.041531980866378326
5,3,0.10939558593978305,0.0838150101620121
5,3,0.10939558593978305,0.041531980866378326
5,3,0.10939558593978305,0.041531980866378326
5,3,0.10939558593978305,0.0838150101620121
5,3,0.07759721130815134,0.0838150101620121
5,3,0.10939558593978305,0.0838150101620121
5,3,0.07759721130815134,0.12609803945764586
5,3,0.07759721130815134,0.0838150101620121
5,3,0.07759721130815134,0.0838150101620121
5,3,0.07759721130815134,0.12609803945764586
5,3,0.04579883667651963,0.12609803945764586
5,3,0.07759721130815134,0.12609803945764586
5,3,0.04579883667651963,0.16838106875327963
5,3,0.04579883667651963,0.12609803945764586
5,3,0.04579883667651963,0.12609803945764586
5,3,0.04579883667651963,0.16838106875327963
5,3,0.01400046204488703,0.16838106875327963
5,3,0.04579883667651963,0.16838106875327963
5,3,0.01400046204488703,0.21066409804891295
5,3,0.01400046204488703,0.16838106875327963
5,3,0.01400046204488703,0.16838106875327963
5,3,0.01400046204488703,0.21066409804891295
4,3,0.9822020874132553,0.21066409804891295
5,3,0.01400046204488703,0.21066409804891295
4,3,0.9822020874132553,0.2529471273445467
4,3,0.9822020874132553,0.21066409804891295
4,3,0.9822020874132553,0.21066409804891295
4,3,0.9822020874132553,0.2529471273445467
4,3,0.9504037127816236,0.2529471273445467
5,3,0.14119396057141476,0.041531980866378326
5,3,0.14119396057141476,0.0838150101620121
5,3,0.10939558593978305,0.0838150101620121
5,3,0.14119396057141476,0.0838150101620121
5,3,0.10939558593978305,0.12609803945764586
5,3,0.10939558593978305,0.0838150101620121
5,3,0.10939558593978305,0.0838150101620121
5,3,0.10939558593978305,0.12609803945764586
5,3,0.07759721130815134,0.12609803945764586
5,3,0.10939558593978305,0.12609803945764586
5,3,0.07759721130815134,0.16838106875327963
5,3,0.07759721130815134,0.12609803945764586
5,3,0.07759721130815134,0.12609803945764586
5,3,0.07759721130815134,0.16838106875327963
5,3,0.04579883667651963,0.16838106875327963
5,3,0.07759721130815134,0.16838106875327963
5,3,0.04579883667651963,0.21066409804891295
5,3,0.04579883667651963,0.16838106875327963
5,3,0.04579883667651963,0.16838106875327963
5,3,0.04579883667651963,0.21066409804891295
5,3,0.01400046204488703,0.21066409804891295
5,3,0.04579883667651963,0.21066409804891295
5,3,0.01400046204488703,0.2529471273445467
5,3,0.01400046204488703,0.21066409804891295
5,3,0.01400046204488703,0.21066409804891295
5,3,0.01400046204488703,0.2529471273445467
4,3,0.9822020874132553,0.2529471273445467
5,3,0.14119396057141476,0.0838150101620121
5,3,0.14119396057141476,0.12609803945764586
5,3,0.10939558593978305,0.12609803945764586
5,3,0.14119396057141476,0.12609803945764586
5,3,0.10939558593978305,0.16838106875327963
5,3,0.10939558593978305,0.12609803945764586
5,3,0.10939558593978305,0.12609803945764586
5,3,0.10939558593978305,0.16838106875327963
5,3,0.07759721130815134,0.16838106875327963
5,3,0.10939558593978305,0.16838106875327963
5,3,0.07759721130815134,0.21066409804891295
5,3,0.07759721130815134,0.16838106875327963
5,3,0.07759721130815134,0.16838106875327963
5,3,0.07759721130815134,0.21066409804891295
5,3,0.04579883667651963,0.21066409804891295
5,3,0.07759721130815134,0.21066409804891295
5,3,0.04579883667651963,0.2529471273445467
5,3,0.04579883667651963,0.21066409804891295
5,3,0.04579883667651963,0.21066409804891295
5,3,0.04579883667651963,0.2529471273445467
5,3,0.01400046204488703,0.2529471273445467
5,3,0.14119396057141476,0.12609803945764586
5,3,0.14119396057141476,0.16838106875327963
5,3,0.10939558593978305,0.16838106875327963
5,3,0.14119396057141476,0.16838106875327963
5,3,0.10939558593978305,0.21066409804891295
5,3,0.10939558593978305,0.16838106875327963
5,3,0.10939558593978305,0.16838106875327963
5,3,0.10939558593978305,0.21066409804891295
5,3,0.07759721130815134,0.21066409804891295
5,3,0.10939558593978305,0.21066409804891295
5,3,0.07759721130815134,0.2529471273445467
5,3,0.07759721130815134,0.21066409804891295
5,3,0.07759721130815134,0.21066409804891295
5,3,0.07759721130815134,0.2529471273445467
5,3,0.04579883667651963,0.2529471273445467
5,3,0.14119396057141476,0.16838106875327963
5,3,0.14119396057141476,0.21066409804891295
5,3,0.10939558593978305,0.21066409804891295
5,3,0.14119396057141476,0.21066409804891295
5,3,0.10939558593978305,0.2529471273445467
5,3,0.10939558593978305,0.21066409804891295
5,3,0.10939558593978305,0.21066409804891295
5,3,0.10939558593978305,0.2529471273445467
5,3,0.07759721130815134,0.2529471273445467
5,3,0.14119396057141476,0.21066409804891295
5,3,0.14119396057141476,0.2529471273445467
5,3,0.10939558593978305,0.2529471273445467
5,4,0.5,0.9399999999999995
5,4,0.37462934912993173,0.8660313232809518
5,3,0.37462934912993173,0.013968676719047224
5,4,0.6253706508700683,0.8660313232809518
5,3,0.6253706508700683,0.013968676719047224
5,4,0.3109566398863546,0.792946308910329
5,4,0.3528830814803525,0.792946308910329
5,4,0.3528830814803525,0.8266432013288405
5,4,0.3528830814803525,0.792946308910329
5,4,0.3948095230743496,0.8266432013288405
5,4,0.3528830814803525,0.8266432013288405
5,4,0.3528830814803525,0.8266432013288405
5,4,0.3948095230743496,0.8266432013288405
5,4,0.3948095230743496,0.8603400937473511
5,4,0.3948095230743496,0.8266432013288405
5,4,0.4367359646683475,0.8603400937473511
5,4,0.3948095230743496,0.8603400937473511
5,4,0.3948095230743496,0.8603400937473511
5,4,0.4367359646683475,0.8603400937473511
5,4,0.4367359646683475,0.8940369861658626
5,4,0.4367359646683475,0.8603400937473511
5,4,0.47866240626234546,0.8940369861658626
5,4,0.4367359646683475,0.8940369861658626
5,4,0.4367359646683475,0.8940369861658626
5,4,0.47866240626234546,0.8940369861658626
5,4,0.47866240626234546,0.9277338785843732
5,4,0.47866240626234546,0.8940369861658626
5,4,0.5205888478563425,0.9277338785843732
5,4,0.47866240626234546,0.9277338785843732
5,4,0.47866240626234546,0.9277338785843732
5,4,0.5205888478563425,0.9277338785843732
5,4,0.5205888478563425,0.9614307710028847
5,4,0.5205888478563425,0.9277338785843732
5,4,0.5625152894503405,0.9614307710028847
5,4,0.5205888478563425,0.9614307710028847
5,4,0.5205888478563425,0.9614307710028847
5,4,0.5625152894503405,0.9614307710028847
5,4,0.5625152894503405,0.9951276634213952
5,4,0.5625152894503405,0.9614307710028847
5,4,0.6044417310443384,0.9951276634213952
5,4,0.5625152894503405,0.9951276634213952
5,4,0.5625152894503405,0.9951276634213952
5,4,0.6044417310443384,0.9951276634213952
5,3,0.6044417310443384,0.028824555839906285
5,4,0.6044417310443384,0.9951276634213952
5,3,0.6463681726383355,0.028824555839906285
5,3,0.6044417310443384,0.028824555839906285
5,3,0.6044417310443384,0.028824555839906285
5,3,0.6463681726383355,0.028824555839906285
5,3,0.6463681726383355,0.06252144825841732
5,3,0.6463681726383355,0.028824555839906285
5,3,0.6882946142323334,0.06252144825841732
5,3,0.6463681726383355,0.06252144825841732
5,3,0.6463681726383355,0.06252144825841732
5,3,0.6882946142323334,0.06252144825841732
5,3,0.6882946142323334,0.09621834067692792
5,4,0.3528830814803525,0.792946308910329
5,4,0.3948095230743496,0.792946308910329
5,4,0.3948095230743496,0.8266432013288405
5,4,0.3948095230743496,0.792946308910329
5,4,0.4367359646683475,0.8266432013288405
5,4,0.3948095230743496,0.8266432013288405
5,4,0.3948095230743496,0.8266432013288405
5,4,0.4367359646683475,0.8266432013288405
5,4,0.4367359646683475,0.8603400937473511
5,4,0.4367359646683475,0.8266432013288405
5,4,0.47866240626234546,0.8603400937473511
5,4,0.4367359646683475,0.8603400937473511
5,4,0.4367359646683475,0.8603400937473511
5,4,0.47866240626234546,0.8603400937473511
5,4,0.47866240626234546,0.8940369861658626
5,4,0.47866240626234546,0.8603400937473511
5,4,0.5205888478563425,0.8940369861658626
5,4,0.47866240626234546,0.8940369861658626
5,4,0.47866240626234546,0.8940369861658626
5,4,0.5205888478563425,0.8940369861658626
5,4,0.5205888478563425,0.9277338785843732
5,4,0.5205888478563425,0.8940369861658626
5,4,0.5625152894503405,0.9277338785843732
5,4,0.5205888478563425,0.9277338785843732
5,4,0.5205888478563425,0.9277338785843732
5,4,0.5625152894503405,0.9277338785843732
5,4,0.5625152894503405,0.9614307710028847
5,4,0.5625152894503405,0.9277338785843732
5,4,0.6044417310443384,0.9614307710028847
5,4,0.5625152894503405,0.9614307710028847
5,4,0.5625152894503405,0.9614307710028847
5,4,0.6044417310443384,0.9614307710028847
5,4,0.6044417310443384,0.9951276634213952
5,4,0.6044417310443384,0.9614307710028847
5,4,0.6463681726383355,0.9951276634213952
5,4,0.6044417310443384,0.9951276634213952
5,4,0.6044417310443384,0.9951276634213952
5,4,0.6463681726383355,0.9951276634213952
5,3,0.6463681726383355,0.028824555839906285
5,4,0.6463681726383355,0.9951276634213952
5,3,0.6882946142323334,0.028824555839906285
5,3,0.6463681726383355,0.028824555839906285
5,3,0.6463681726383355,0.028824555839906285
5,3,0.6882946142323334,0.028824555839906285
5,3,0.6882946142323334,0.06252144825841732
5,4,0.3948095230743496,0.792946308910329
5,4,0.4367359646683475,0.792946308910329
5,4,0.4367359646683475,0.8266432013288405
5,4,0.4367359646683475,0.792946308910329
5,4,0.47866240626234546,0.8266432013288405
5,4,0.4367359646683475,0.8266432013288405
5,4,0.4367359646683475,0.8266432013288405
5,4,0.47866240626234546,0.8266432013288405
5,4,0.47866240626234546,0.8603400937473511
5,4,0.47866240626234546,0.8266432013288405
5,4,0.5205888478563425,0.8603400937473511
5,4,0.47866240626234546,0.8603400937473511
5,4,0.47866240626234546,0.8603400937473511
5,4,0.5205888478563425,0.8603400937473511
5,4,0.5205888478563425,0.8940369861658626
5,4,0.5205888478563425,0.8603400937473511
5,4,0.5625152894503405,0.8940369861658626
5,4,0.5205888478563425,0.8940369861658626
5,4,0.5205888478563425,0.8940369861658626
5,4,0.5625152894503405,0.8940369861658626
5,4,0.5625152894503405,0.9277338785843732
5,4,0.5625152894503405,0.8940369861658626
5,4,0.6044417310443384,0.9277338785843732
5,4,0.5625152894503405,0.9277338785843732
5,4,0.5625152894503405,0.9277338785843732
5,4,0.6044417310443384,0.9277338785843732
5,4,0.6044417310443384,0.9614307710028847
5,4,0.6044417310443384,0.9277338785843732
5,4,0.6463681726383355,0.9614307710028847
5,4,0.6044417310443384,0.9614307710028847
5,4,0.6044417310443384,0.9614307710028847
5,4,0.6463681726383355,0.9614307710028847
5,4,0.6463681726383355,0.9951276634213952
5,4,0.6463681726383355,0.9614307710028847
5,4,0.6882946142323334,0.9951276634213952
5,4,0.6463681726383355,0.9951276634213952
5,4,0.6463681726383355,0.9951276634213952
5,4,0.6882946142323334,0.9951276634213952
5,3,0.6882946142323334,0.028824555839906285
5,4,0.4367359646683475,0.792946308910329
5,4,0.47866240626234546,0.792946308910329
5,4,0.47866240626234546,0.8266432013288405
5,4,0.47866240626234546,0.792946308910329
5,4,0.5205888478563425,0.8266432013288405
5,4,0.47866240626234546,0.8266432013288405
5,4,0.47866240626234546,0.8266432013288405
5,4,0.5205888478563425,0.8266432013288405
5,4,0.5205888478563425,0.8603400937473511
5,4,0.5205888478563425,0.8266432013288405
5,4,0.5625152894503405,0.8603400937473511
5,4,0.5205888478563425,0.8603400937473511
5,4,0.5205888478563425,0.8603400937473511
5,4,0.5625152894503405,0.8603400937473511
5,4,0.5625152894503405,0.8940369861658626
5,4,0.5625152894503405,0.8603400937473511
5,4,0.6044417310443384,0.8940369861658626
5,4,0.5625152894503405,0.8940369861658626
5,4,0.5625152894503405,0.8940369861658626
5,4,0.6044417310443384,0.8940369861658626
5,4,0.6044417310443384,0.9277338785843732
5,4,0.6044417310443384,0.8940369861658626
5,4,0.6463681726383355,0.9277338785843732
5,4,0.6044417310443384,0.9277338785843732
5,4,0.6044417310443384,0.9277338785843732
5,4,0.6463681726383355,0.9277338785843732
5,4,0.6463681726383355,0.9614307710028847
5,4,0.6463681726383355,0.9277338785843732
5,4,0.6882946142323334,0.9614307710028847
5,4,0.6463681726383355,0.9614307710028847
5,4,0.6463681726383355,0.9614307710028847
5,4,0.6882946142323334,0.9614307710028847
5,4,0.6882946142323334,0.9951276634213952
5,4,0.47866240626234546,0.792946308910329
5,4,0.5205888478563425,0.792946308910329
5,4,0.5205888478563425,0.8266432013288405
5,4,0.5205888478563425,0.792946308910329
5,4,0.5625152894503405,0.8266432013288405
5,4,0.5205888478563425,0.8266432013288405
5,4,0.5205888478563425,0.8266432013288405
5,4,0.5625152894503405,0.8266432013288405
5,4,0.5625152894503405,0.8603400937473511
5,4,0.5625152894503405,0.8266432013288405
5,4,0.6044417310443384,0.8603400937473511
5,4,0.5625152894503405,0.8603400937473511
5,4,0.5625152894503405,0.8603400937473511
5,4,0.6044417310443384,0.8603400937473511
5,4,0.6044417310443384,0.8940369861658626
5,4,0.6044417310443384,0.8603400937473511
5,4,0.6463681726383355,0.8940369861658626
5,4,0.6044417310443384,0.8940369861658626
5,4,0.6044417310443384,0.8940369861658626
5,4,0.6463681726383355,0.8940369861658626
5,4,0.6463681726383355,0.9277338785843732
5,4,0.6463681726383355,0.8940369861658626
5,4,0.6882946142323334,0.9277338785843732
5,4,0.6463681726383355,0.9277338785843732
5,4,0.6463681726383355,0.9277338785843732
5,4,0.6882946142323334,0.9277338785843732
5,4,0.6882946142323334,0.9614307710028847
5,4,0.5205888478563425,0.792946308910329
5,4,0.5625152894503405,0.792946308910329
5,4,0.5625152894503405,0.8266432013288405
5,4,0.5625152894503405,0.792946308910329
5,4,0.6044417310443384,0.8266432013288405
5,4,0.5625152894503405,0.8266432013288405
5,4,0.5625152894503405,0.8266432013288405
5,4,0.6044417310443384,0.8266432013288405
5,4,0.6044417310443384,0.8603400937473511
5,4,0.6044417310443384,0.8266432013288405
5,4,0.6463681726383355,0.8603400937473511
5,4,0.6044417310443384,0.8603400937473511
5,4,0.6044417310443384,0.8603400937473511
5,4,0.6463681726383355,0.8603400937473511
5,4,0.6463681726383355,0.8940369861658626
5,4,0.6463681726383355,0.8603400937473511
5,4,0.6882946142323334,0.8940369861658626
5,4,0.6463681726383355,0.8940369861658626
5,4,0.6463681726383355,0.8940369861658626
5,4,0.6882946142323334,0.8940369861658626
5,4,0.6882946142323334,0.9277338785843732
5,4,0.5625152894503405,0.792946308910329
5,4,0.6044417310443384,0.792946308910329
5,4,0.6044417310443384,0.8266432013288405
5,4,0.6044417310443384,0.792946308910329
5,4,0.6463681726383355,0.8266432013288405
5,4,0.6044417310443384,0.8266432013288405
5,4,0.6044417310443384,0.8266432013288405
5,4,0.6463681726383355,0.8266432013288405
5,4,0.6463681726383355,0.8603400937473511
5,4,0.6463681726383355,0.8266432013288405
5,4,0.6882946142323334,0.8603400937473511
5,4,0.6463681726383355,0.8603400937473511
5,4,0.6463681726383355,0.8603400937473511
5,4,0.6882946142323334,0.8603400937473511
5,4,0.6882946142323334,0.8940369861658626
5,4,0.6044417310443384,0.792946308910329
5,4,0.6463681726383355,0.792946308910329
5,4,0.6463681726383355,0.8266432013288405
5,4,0.6463681726383355,0.792946308910329
5,4,0.6882946142323334,0.8266432013288405
5,4,0.6463681726383355,0.8266432013288405
5,4,0.6463681726383355,0.8266432013288405
5,4,0.6882946142323334,0.8266432013288405
5,4,0.6882946142323334,0.8603400937473511
5,4,0.6463681726383355,0.792946308910329
5,4,0.6882946142323334,0.792946308910329
5,4,0.6882946142323334,0.8266432013288405
5,3,0.6882946142323334,0.09621834067692792
5,3,0.6463681726383355,0.09621834067692792
5,3,0.6463681726383355,0.06252144825841732
5,3,0.6463681726383355,0.09621834067692792
5,3,0.6044417310443384,0.06252144825841732
5,3,0.6463681726383355,0.06252144825841732
5,3,0.6463681726383355,0.06252144825841732
5,3,0.6044417310443384,0.06252144825841732
5,3,0.6044417310443384,0.028824555839906285
5,3,0.6044417310443384,0.06252144825841732
5,3,0.5625152894503405,0.028824555839906285
5,3,0.6044417310443384,0.028824555839906285
5,3,0.6044417310443384,0.028824555839906285
5,3,0.5625152894503405,0.028824555839906285
5,4,0.5625152894503405,0.9951276634213952
5,3,0.5625152894503405,0.028824555839906285
5,4,0.5205888478563425,0.9951276634213952
5,4,0.5625152894503405,0.9951276634213952
5,4,0.5625152894503405,0.9951276634213952
5,4,0.5205888478563425,0.9951276634213952
5,4,0.5205888478563425,0.9614307710028847
5,4,0.5205888478563425,0.9951276634213952
5,4,0.47866240626234546,0.9614307710028847
5,4,0.5205888478563425,0.9614307710028847
5,4,0.5205888478563425,0.9614307710028847
5,4,0.47866240626234546,0.9614307710028847
5,4,0.47866240626234546,0.9277338785843732
5,4,0.47866240626234546,0.9614307710028847
5,4,0.4367359646683475,0.9277338785843732
5,4,0.47866240626234546,0.9277338785843732
5,4,0.47866240626234546,0.9277338785843732
5,4,0.4367359646683475,0.9277338785843732
5,4,0.4367359646683475,0.8940369861658626
5,4,0.4367359646683475,0.9277338785843732
5,4,0.3948095230743496,0.8940369861658626
5,4,0.4367359646683475,0.8940369861658626
5,4,0.4367359646683475,0.8940369861658626
5,4,0.3948095230743496,0.8940369861658626
5,4,0.3948095230743496,0.8603400937473511
5,4,0.3948095230743496,0.8940369861658626
5,4,0.3528830814803525,0.8603400937473511
5,4,0.3948095230743496,0.8603400937473511
5,4,0.3948095230743496,0.8603400937473511
5,4,0.3528830814803525,0.8603400937473511
5,4,0.3528830814803525,0.8266432013288405
5,4,0.3528830814803525,0.8603400937473511
5,4,0.3109566398863546,0.8266432013288405
5,4,0.3528830814803525,0.8266432013288405
5,4,0.3528830814803525,0.8266432013288405
5,4,0.3109566398863546,0.8266432013288405
5,4,0.3109566398863546,0.792946308910329
5,3,0.6463681726383355,0.09621834067692792
5,3,0.6044417310443384,0.09621834067692792
5,3,0.6044417310443384,0.06252144825841732
5,3,0.6044417310443384,0.09621834067692792
5,3,0.5625152894503405,0.06252144825841732
5,3,0.6044417310443384,0.06252144825841732
5,3,0.6044417310443384,0.06252144825841732
5,3,0.5625152894503405,0.06252144825841732
5,3,0.5625152894503405,0.028824555839906285
5,3,0.5625152894503405,0.06252144825841732
5,3,0.5205888478563425,0.028824555839906285
5,3,0.5625152894503405,0.028824555839906285
5,3,0.5625152894503405,0.028824555839906285
5,3,0.5205888478563425,0.028824555839906285
5,4,0.5205888478563425,0.9951276634213952
5,3,0.5205888478563425,0.028824555839906285
5,4,0.47866240626234546,0.9951276634213952
5,4,0.5205888478563425,0.9951276634213952
5,4,0.5205888478563425,0.9951276634213952
5,4,0.47866240626234546,0.9951276634213952
5,4,0.47866240626234546,0.9614307710028847
5,4,0.47866240626234546,0.9951276634213952
5,4,0.4367359646683475,0.9614307710028847
5,4,0.47866240626234546,0.9614307710028847
5,4,0.47866240626234546,0.9614307710028847
5,4,0.4367359646683475,0.9614307710028847
5,4,0.4367359646683475,0.9277338785843732
5,4,0.4367359646683475,0.9614307710028847
5,4,0.3948095230743496,0.9277338785843732
5,4,0.4367359646683475,0.9277338785843732
5,4,0.4367359646683475,0.9277338785843732
5,4,0.3948095230743496,0.9277338785843732
5,4,0.3948095230743496,0.8940369861658626
5,4,0.3948095230743496,0.9277338785843732
5,4,0.3528830814803525,0.8940369861658626
5,4,0.3948095230743496,0.8940369861658626
5,4,0.3948095230743496,0.8940369861658626
5,4,0.3528830814803525,0.8940369861658626
5,4,0.3528830814803525,0.8603400937473511
5,4,0.3528830814803525,0.8940369861658626
5,4,0.3109566398863546,0.8603400937473511
5,4,0.3528830814803525,0.8603400937473511
5,4,0.3528830814803525,0.8603400937473511
5,4,0.3109566398863546,0.8603400937473511
5,4,0.3109566398863546,0.8266432013288405
5,3,0.6044417310443384,0.09621834067692792
5,3,0.5625152894503405,0.09621834067692836
5,3,0.5625152894503405,0.06252144825841732
5,3,0.5625152894503405,0.09621834067692836
5,3,0.5205888478563425,0.06252144825841732
5,3,0.5625152894503405,0.06252144825841732
5,3,0.5625152894503405,0.06252144825841732
5,3,0.5205888478563425,0.06252144825841732
5,3,0.5205888478563425,0.028824555839906285
5,3,0.5205888478563425,0.06252144825841732
5,3,0.47866240626234546,0.028824555839906285
5,3,0.5205888478563425,0.028824555839906285
5,3,0.5205888478563425,0.028824555839906285
5,3,0.47866240626234546,0.028824555839906285
5,4,0.47866240626234546,0.9951276634213952
5,3,0.47866240626234546,0.028824555839906285
5,4,0.4367359646683475,0.9951276634213952
5,4,0.47866240626234546,0.9951276634213952
5,4,0.47866240626234546,0.9951276634213952
5,4,0.4367359646683475,0.9951276634213952
5,4,0.4367359646683475,0.9614307710028847
5,4,0.4367359646683475,0.9951276634213952
5,4,0.3948095230743496,0.9614307710028847
5,4,0.4367359646683475,0.9614307710028847
5,4,0.4367359646683475,0.9614307710028847
5,4,0.3948095230743496,0.9614307710028847
5,4,0.3948095230743496,0.9277338785843732
5,4,0.3948095230743496,0.9614307710028847
5,4,0.3528830814803525,0.9277338785843732
5,4,0.3948095230743496,0.9277338785843732
5,4,0.3948095230743496,0.9277338785843732
5,4,0.3528830814803525,0.9277338785843732
5,4,0.3528830814803525,0.8940369861658626
5,4,0.3528830814803525,0.9277338785843732
5,4,0.3109566398863546,0.8940369861658626
5,4,0.3528830814803525,0.8940369861658626
5,4,0.3528830814803525,0.8940369861658626
5,4,0.3109566398863546,0.8940369861658626
5,4,0.3109566398863546,0.8603400937473511
5,3,0.5625152894503405,0.09621834067692836
5,3,0.5205888478563425,0.09621834067692836
5,3,0.5205888478563425,0.06252144825841732
5,3,0.5205888478563425,0.09621834067692836
5,3,0.47866240626234546,0.06252144825841732
5,3,0.5205888478563425,0.06252144825841732
5,3,0.5205888478563425,0.06252144825841732
5,3,0.47866240626234546,0.06252144825841732
5,3,0.47866240626234546,0.028824555839906285
5,3,0.47866240626234546,0.06252144825841732
5,3,0.4367359646683475,0.028824555839906285
5,3,0.47866240626234546,0.028824555839906285
5,3,0.47866240626234546,0.028824555839906285
5,3,0.4367359646683475,0.028824555839906285
5,4,0.4367359646683475,0.9951276634213952
5,3,0.4367359646683475,0.028824555839906285
5,4,0.3948095230743496,0.9951276634213952
5,4,0.4367359646683475,0.9951276634213952
5,4,0.4367359646683475,0.9951276634213952
5,4,0.3948095230743496,0.9951276634213952
5,4,0.3948095230743496,0.9614307710028847
5,4,0.3948095230743496,0.9951276634213952
5,4,0.3528830814803525,0.9614307710028847
5,4,0.3948095230743496,0.9614307710028847
5,4,0.3948095230743496,0.9614307710028847
5,4,0.3528830814803525,0.9614307710028847
5,4,0.3528830814803525,0.9277338785843732
5,4,0.3528830814803525,0.9614307710028847
5,4,0.3109566398863546,0.9277338785843732
5,4,0.3528830814803525,0.9277338785843732
5,4,0.3528830814803525,0.9277338785843732
5,4,0.3109566398863546,0.9277338785843732
5,4,0.3109566398863546,0.8940369861658626
5,3,0.5205888478563425,0.09621834067692836
5,3,0.47866240626234546,0.09621834067692836
5,3,0.47866240626234546,0.06252144825841732
5,3,0.47866240626234546,0.09621834067692836
5,3,0.4367359646683475,0.06252144825841732
5,3,0.47866240626234546,0.06252144825841732
5,3,0.47866240626234546,0.06252144825841732
5,3,0.4367359646683475,0.06252144825841732
5,3,0.4367359646683475,0.028824555839906285
5,3,0.4367359646683475,0.06252144825841732
5,3,0.3948095230743496,0.028824555839906285
5,3,0.4367359646683475,0.028824555839906285
5,3,0.4367359646683475,0.028824555839906285
5,3,0.3948095230743496,0.028824555839906285
5,4,0.3948095230743496,0.9951276634213952
5,3,0.3948095230743496,0.028824555839906285
5,4,0.3528830814803525,0.9951276634213952
5,4,0.3948095230743496,0.9951276634213952
5,4,0.3948095230743496,0.9951276634213952
5,4,0.3528830814803525,0.9951276634213952
5,4,0.3528830814803525,0.9614307710028847
5,4,0.3528830814803525,0.9951276634213952
5,4,0.3109566398863546,0.9614307710028847
5,4,0.3528830814803525,0.9614307710028847
5,4,0.3528830814803525,0.9614307710028847
5,4,0.3109566398863546,0.9614307710028847
5,4,0.3109566398863546,0.9277338785843732
5,3,0.47866240626234546,0.09621834067692836
5,3,0.4367359646683475,0.09621834067692836
5,3,0.4367359646683475,0.06252144825841732
5,3,0.4367359646683475,0.09621834067692836
5,3,0.3948095230743496,0.06252144825841732
5,3,0.4367359646683475,0.06252144825841732
5,3,0.4367359646683475,0.06252144825841732
5,3,0.3948095230743496,0.06252144825841732
5,3,0.3948095230743496,0.028824555839906285
5,3,0.3948095230743496,0.06252144825841732
5,3,0.3528830814803525,0.028824555839906285
5,3,0.3948095230743496,0.028824555839906285
5,3,0.3948095230743496,0.028824555839906285
5,3,0.3528830814803525,0.028824555839906285
5,4,0.3528830814803525,0.9951276634213952
5,3,0.3528830814803525,0.028824555839906285
5,4,0.3109566398863546,0.9951276634213952
5,4,0.3528830814803525,0.9951276634213952
5,4,0.3528830814803525,0.9951276634213952
5,4,0.3109566398863546,0.9951276634213952
5,4,0.3109566398863546,0.9614307710028847
5,3,0.4367359646683475,0.09621834067692836
5,3,0.3948095230743496,0.09621834067692792
5,3,0.3948095230743496,0.06252144825841732
5,3,0.3948095230743496,0.09621834067692792
5,3,0.3528830814803525,0.06252144825841732
5,3,0.3948095230743496,0.06252144825841732
5,3,0.3948095230743496,0.06252144825841732
5,3,0.3528830814803525,0.06252144825841732
5,3,0.3528830814803525,0.028824555839906285
5,3,0.3528830814803525,0.06252144825841732
5,3,0.3109566398863546,0.028824555839906285
5,3,0.3528830814803525,0.028824555839906285
5,3,0.3528830814803525,0.028824555839906285
5,3,0.3109566398863546,0.028824555839906285
5,4,0.3109566398863546,0.9951276634213952
5,3,0.3948095230743496,0.09621834067692792
5,3,0.3528830814803525,0.09621834067692836
5,3,0.3528830814803525,0.06252144825841732
5,3,0.3528830814803525,0.09621834067692836
5,3,0.3109566398863546,0.06252144825841732
5,3,0.3528830814803525,0.06252144825841732
5,3,0.3528830814803525,0.06252144825841732
5,3,0.3109566398863546,0.06252144825841732
5,3,0.3109566398863546,0.028824555839906285
5,3,0.3528830814803525,0.09621834067692836
5,3,0.3109566398863546,0.09621834067692836
5,3,0.3109566398863546,0.06252144825841732
5,3,0.5,0.29000000000000004
5,3,0.3462500000000004,0.17574173678834049
5,3,0.3462500000000004,0.4042582632116596
5,3,0.6537499999999996,0.17574173678834049
5,3,0.6537499999999996,0.4042582632116596
5,3,0.3538632991055861,0.4641028237672664
5,3,0.3538632991055861,0.4209969523906367
5,3,0.39217106116579536,0.4209969523906367
5,3,0.3538632991055861,0.4209969523906367
5,3,0.39217106116579536,0.37789108101400704
5,3,0.39217106116579536,0.4209969523906367
5,3,0.39217106116579536,0.4209969523906367
5,3,0.39217106116579536,0.37789108101400704
5,3,0.4304788232260037,0.37789108101400704
5,3,0.39217106116579536,0.37789108101400704
5,3,0.4304788232260037,0.3347852096373769
5,3,0.4304788232260037,0.37789108101400704
5,3,0.4304788232260037,0.37789108101400704
5,3,0.4304788232260037,0.3347852096373769
5,3,0.468786585286213,0.3347852096373769
5,3,0.4304788232260037,0.3347852096373769
5,3,0.468786585286213,0.2916793382607472
5,3,0.468786585286213,0.3347852096373769
5,3,0.468786585286213,0.3347852096373769
5,3,0.468786585286213,0.2916793382607472
5,3,0.5070943473464222,0.2916793382607472
5,3,0.468786585286213,0.2916793382607472
5,3,0.5070943473464222,0.24857346688411752
5,3,0.5070943473464222,0.2916793382607472
5,3,0.5070943473464222,0.2916793382607472
5,3,0.5070943473464222,0.24857346688411752
5,3,0.5454021094066315,0.24857346688411752
5,3,0.5070943473464222,0.24857346688411752
5,3,0.5454021094066315,0.20546759550748783
5,3,0.5454021094066315,0.24857346688411752
5,3,0.5454021094066315,0.24857346688411752
5,3,0.5454021094066315,0.20546759550748783
5,3,0.5837098714668398,0.20546759550748783
5,3,0.5454021094066315,0.20546759550748783
5,3,0.5837098714668398,0.16236172413085814
5,3,0.5837098714668398,0.20546759550748783
5,3,0.5837098714668398,0.20546759550748783
5,3,0.5837098714668398,0.16236172413085814
5,3,0.6220176335270491,0.16236172413085814
5,3,0.5837098714668398,0.16236172413085814
5,3,0.6220176335270491,0.11925585275422801
5,3,0.6220176335270491,0.16236172413085814
5,3,0.6220176335270491,0.16236172413085814
5,3,0.6220176335270491,0.11925585275422801
5,3,0.6603253955872583,0.11925585275422801
5,3,0.3538632991055861,0.4209969523906367
5,3,0.3538632991055861,0.37789108101400704
5,3,0.39217106116579536,0.37789108101400704
5,3,0.3538632991055861,0.37789108101400704
5,3,0.39217106116579536,0.3347852096373769
5,3,0.39217106116579536,0.37789108101400704
5,3,0.39217106116579536,0.37789108101400704
5,3,0.39217106116579536,0.3347852096373769
5,3,0.4304788232260037,0.3347852096373769
5,3,0.39217106116579536,0.3347852096373769
5,3,0.4304788232260037,0.2916793382607472
5,3,0.4304788232260037,0.3347852096373769
5,3,0.4304788232260037,0.3347852096373769
5,3,0.4304788232260037,0.2916793382607472
5,3,0.468786585286213,0.2916793382607472
5,3,0.4304788232260037,0.2916793382607472
5,3,0.468786585286213,0.24857346688411752
5,3,0.468786585286213,0.2916793382607472
5,3,0.468786585286213,0.2916793382607472
5,3,0.468786585286213,0.24857346688411752
5,3,0.5070943473464222,0.24857346688411752
5,3,0.468786585286213,0.24857346688411752
5,3,0.5070943473464222,0.20546759550748783
5,3,0.5070943473464222,0.24857346688411752
5,3,0.5070943473464222,0.24857346688411752
5,3,0.5070943473464222,0.20546759550748783
5,3,0.5454021094066315,0.20546759550748783
5,3,0.5070943473464222,0.20546759550748783
5,3,0.5454021094066315,0.16236172413085814
5,3,0.5454021094066315,0.20546759550748783
5,3,0.5454021094066315,0.20546759550748783
5,3,0.5454021094066315,0.16236172413085814
5,3,0.5837098714668398,0.16236172413085814
5,3,0.5454021094066315,0.16236172413085814
5,3,0.5837098714668398,0.11925585275422801
5,3,0.5837098714668398,0.16236172413085814
5,3,0.5837098714668398,0.16236172413085814
5,3,0.5837098714668398,0.11925585275422801
5,3,0.6220176335270491,0.11925585275422801
5,3,0.3538632991055861,0.37789108101400704
5,3,0.3538632991055861,0.3347852096373769
5,3,0.39217106116579536,0.3347852096373769
5,3,0.3538632991055861,0.3347852096373769
5,3,0.39217106116579536,0.2916793382607472
5,3,0.39217106116579536,0.3347852096373769
5,3,0.39217106116579536,0.3347852096373769
5,3,0.39217106116579536,0.2916793382607472
5,3,0.4304788232260037,0.2916793382607472
5,3,0.39217106116579536,0.2916793382607472
5,3,0.4304788232260037,0.24857346688411752
5,3,0.4304788232260037,0.2916793382607472
5,3,0.4304788232260037,0.2916793382607472
5,3,0.4304788232260037,0.24857346688411752
5,3,0.468786585286213,0.24857346688411752
5,3,0.4304788232260037,0.24857346688411752
5,3,0.468786585286213,0.20546759550748783
5,3,0.468786585286213,0.24857346688411752
5,3,0.468786585286213,0.24857346688411752
5,3,0.468786585286213,0.20546759550748783
5,3,0.5070943473464222,0.20546759550748783
5,3,0.468786585286213,0.20546759550748783
5,3,0.5070943473464222,0.16236172413085814
5,3,0.5070943473464222,0.20546759550748783
5,3,0.5070943473464222,0.20546759550748783
5,3,0.5070943473464222,0.16236172413085814
5,3,0.5454021094066315,0.16236172413085814
5,3,0.5070943473464222,0.16236172413085814
5,3,0.5454021094066315,0.11925585275422801
5,3,0.5454021094066315,0.16236172413085814
5,3,0.5454021094066315,0.16236172413085814
5,3,0.5454021094066315,0.11925585275422801
5,3,0.5837098714668398,0.11925585275422801
5,3,0.3538632991055861,0.3347852096373769
5,3,0.3538632991055861,0.2916793382607472
5,3,0.39217106116579536,0.2916793382607472
5,3,0.3538632991055861,0.2916793382607472
5,3,0.39217106116579536,0.24857346688411752
5,3,0.39217106116579536,0.2916793382607472
5,3,0.39217106116579536,0.2916793382607472
5,3,0.39217106116579536,0.24857346688411752
5,3,0.4304788232260037,0.24857346688411752
5,3,0.39217106116579536,0.24857346688411752
5,3,0.4304788232260037,0.20546759550748783
5,3,0.4304788232260037,0.24857346688411752
5,3,0.4304788232260037,0.24857346688411752
5,3,0.4304788232260037,0.20546759550748783
5,3,0.468786585286213,0.20546759550748783
5,3,0.4304788232260037,0.20546759550748783
5,3,0.468786585286213,0.16236172413085814
5,3,0.468786585286213,0.20546759550748783
5,3,0.468786585286213,0.20546759550748783
5,3,0.468786585286213,0.16236172413085814
5,3,0.5070943473464222,0.16236172413085814
5,3,0.468786585286213,0.16236172413085814
5,3,0.5070943473464222,0.11925585275422801
5,3,0.5070943473464222,0.16236172413085814
5,3,0.5070943473464222,0.16236172413085814
5,3,0.5070943473464222,0.11925585275422801
5,3,0.5454021094066315,0.11925585275422801
5,3,0.3538632991055861,0.2916793382607472
5,3,0.3538632991055861,0.24857346688411752
5,3,0.39217106116579536,0.24857346688411752
5,3,0.3538632991055861,0.24857346688411752
5,3,0.39217106116579536,0.20546759550748783
5,3,0.39217106116579536,0.24857346688411752
5,3,0.39217106116579536,0.24857346688411752
5,3,0.39217106116579536,0.20546759550748783
5,3,0.4304788232260037,0.20546759550748783
5,3,0.39217106116579536,0.20546759550748783
5,3,0.4304788232260037,0.16236172413085814
5,3,0.4304788232260037,0.20546759550748783
5,3,0.4304788232260037,0.20546759550748783
5,3,0.4304788232260037,0.16236172413085814
5,3,0.468786585286213,0.16236172413085814
5,3,0.4304788232260037,0.16236172413085814
5,3,0.468786585286213,0.11925585275422801
5,3,0.468786585286213,0.16236172413085814
5,3,0.468786585286213,0.16236172413085814
5,3,0.468786585286213,0.11925585275422801
5,3,0.5070943473464222,0.11925585275422801
5,3,0.3538632991055861,0.24857346688411752
5,3,0.3538632991055861,0.20546759550748783
5,3,0.39217106116579536,0.20546759550748783
5,3,0.3538632991055861,0.20546759550748783
5,3,0.39217106116579536,0.16236172413085814
5,3,0.39217106116579536,0.20546759550748783
5,3,0.39217106116579536,0.20546759550748783
5,3,0.39217106116579536,0.16236172413085814
5,3,0.4304788232260037,0.16236172413085814
5,3,0.39217106116579536,0.16236172413085814
5,3,0.4304788232260037,0.11925585275422801
5,3,0.4304788232260037,0.16236172413085814
5,3,0.4304788232260037,0.16236172413085814
5,3,0.4304788232260037,0.11925585275422801
5,3,0.468786585286213,0.11925585275422801
5,3,0.3538632991055861,0.20546759550748783
5,3,0.3538632991055861,0.16236172413085814
5,3,0.39217106116579536,0.16236172413085814
5,3,0.3538632991055861,0.16236172413085814
5,3,0.39217106116579536,0.11925585275422801
5,3,0.39217106116579536,0.16236172413085814
5,3,0.39217106116579536,0.16236172413085814
5,3,0.39217106116579536,0.11925585275422801
5,3,0.4304788232260037,0.11925585275422801
5,3,0.3538632991055861,0.16236172413085814
5,3,0.3538632991055861,0.11925585275422801
5,3,0.39217106116579536,0.11925585275422801
5,3,0.6603253955872583,0.11925585275422801
5,3,0.6603253955872583,0.16236172413085814
5,3,0.6220176335270491,0.16236172413085814
5,3,0.6603253955872583,0.16236172413085814
5,3,0.6220176335270491,0.20546759550748783
5,3,0.6220176335270491,0.16236172413085814
5,3,0.6220176335270491,0.16236172413085814
5,3,0.6220176335270491,0.20546759550748783
5,3,0.5837098714668398,0.20546759550748783
5,3,0.6220176335270491,0.20546759550748783
5,3,0.5837098714668398,0.24857346688411752
5,3,0.5837098714668398,0.20546759550748783
5,3,0.5837098714668398,0.20546759550748783
5,3,0.5837098714668398,0.24857346688411752
5,3,0.5454021094066315,0.24857346688411752
5,3,0.5837098714668398,0.24857346688411752
5,3,0.5454021094066315,0.2916793382607472
5,3,0.5454021094066315,0.24857346688411752
5,3,0.5454021094066315,0.24857346688411752
5,3,0.5454021094066315,0.2916793382607472
5,3,0.5070943473464222,0.2916793382607472
5,3,0.5454021094066315,0.2916793382607472
5,3,0.5070943473464222,0.3347852096373769
5,3,0.5070943473464222,0.2916793382607472
5,3,0.5070943473464222,0.2916793382607472
5,3,0.5070943473464222,0.3347852096373769
5,3,0.468786585286213,0.3347852096373769
5,3,0.5070943473464222,0.3347852096373769
5,3,0.468786585286213,0.37789108101400704
5,3,0.468786585286213,0.3347852096373769
5,3,0.468786585286213,0.3347852096373769
5,3,0.468786585286213,0.37789108101400704
5,3,0.4304788232260037,0.37789108101400704
5,3,0.468786585286213,0.37789108101400704
5,3,0.4304788232260037,0.4209969523906367
5,3,0.4304788232260037,0.37789108101400704
5,3,0.4304788232260037,0.37789108101400704
5,3,0.4304788232260037,0.4209969523906367
5,3,0.39217106116579536,0.4209969523906367
5,3,0.4304788232260037,0.4209969523906367
5,3,0.39217106116579536,0.4641028237672664
5,3,0.39217106116579536,0.4209969523906367
5,3,0.39217106116579536,0.4209969523906367
5,3,0.39217106116579536,0.4641028237672664
5,3,0.3538632991055861,0.4641028237672664
5,3,0.6603253955872583,0.16236172413085814
5,3,0.6603253955872583,0.20546759550748783
5,3,0.6220176335270491,0.20546759550748783
5,3,0.6603253955872583,0.20546759550748783
5,3,0.6220176335270491,0.24857346688411752
5,3,0.6220176335270491,0.20546759550748783
5,3,0.6220176335270491,0.20546759550748783
5,3,0.6220176335270491,0.24857346688411752
5,3,0.5837098714668398,0.24857346688411752
5,3,0.6220176335270491,0.24857346688411752
5,3,0.5837098714668398,0.2916793382607472
5,3,0.5837098714668398,0.24857346688411752
5,3,0.5837098714668398,0.24857346688411752
5,3,0.5837098714668398,0.2916793382607472
5,3,0.5454021094066315,0.2916793382607472
5,3,0.5837098714668398,0.2916793382607472
5,3,0.5454021094066315,0.3347852096373769
5,3,0.5454021094066315,0.2916793382607472
5,3,0.5454021094066315,0.2916793382607472
5,3,0.5454021094066315,0.3347852096373769
5,3,0.5070943473464222,0.3347852096373769
5,3,0.5454021094066315,0.3347852096373769
5,3,0.5070943473464222,0.37789108101400704
5,3,0.5070943473464222,0.3347852096373769
5,3,0.5070943473464222,0.3347852096373769
5,3,0.5070943473464222,0.37789108101400704
5,3,0.468786585286213,0.37789108101400704
5,3,0.5070943473464222,0.37789108101400704
5,3,0.468786585286213,0.4209969523906367
5,3,0.468786585286213,0.37789108101400704
5,3,0.468786585286213,0.37789108101400704
5,3,0.468786585286213,0.4209969523906367
5,3,0.4304788232260037,0.4209969523906367
5,3,0.468786585286213,0.4209969523906367
5,3,0.4304788232260037,0.4641028237672664
5,3,0.4304788232260037,0.4209969523906367
5,3,0.4304788232260037,0.4209969523906367
5,3,0.4304788232260037,0.4641028237672664
5,3,0.39217106116579536,0.4641028237672664
5,3,0.6603253955872583,0.20546759550748783
5,3,0.6603253955872583,0.24857346688411752
5,3,0.6220176335270491,0.24857346688411752
5,3,0.6603253955872583,0.24857346688411752
5,3,0.6220176335270491,0.2916793382607472
5,3,0.6220176335270491,0.24857346688411752
5,3,0.6220176335270491,0.24857346688411752
5,3,0.6220176335270491,0.2916793382607472
5,3,0.5837098714668398,0.2916793382607472
5,3,0.6220176335270491,0.2916793382607472
5,3,0.5837098714668398,0.3347852096373769
5,3,0.5837098714668398,0.2916793382607472
5,3,0.5837098714668398,0.2916793382607472
5,3,0.5837098714668398,0.3347852096373769
5,3,0.5454021094066315,0.3347852096373769
5,3,0.5837098714668398,0.3347852096373769
5,3,0.5454021094066315,0.37789108101400704
5,3,0.5454021094066315,0.3347852096373769
5,3,0.5454021094066315,0.3347852096373769
5,3,0.5454021094066315,0.37789108101400704
5,3,0.5070943473464222,0.37789108101400704
5,3,0.5454021094066315,0.37789108101400704
5,3,0.5070943473464222,0.4209969523906367
5,3,0.5070943473464222,0.37789108101400704
5,3,0.5070943473464222,0.37789108101400704
5,3,0.5070943473464222,0.4209969523906367
5,3,0.468786585286213,0.4209969523906367
5,3,0.5070943473464222,0.4209969523906367
5,3,0.468786585286213,0.4641028237672664
5,3,0.468786585286213,0.4209969523906367
5,3,0.468786585286213,0.4209969523906367
5,3,0.468786585286213,0.4641028237672664
5,3,0.4304788232260037,0.4641028237672664
5,3,0.6603253955872583,0.24857346688411752
5,3,0.6603253955872583,0.2916793382607472
5,3,0.6220176335270491,0.2916793382607472
5,3,0.6603253955872583,0.2916793382607472
5,3,0.6220176335270491,0.3347852096373769
5,3,0.6220176335270491,0.2916793382607472
5,3,0.6220176335270491,0.2916793382607472
5,3,0.6220176335270491,0.3347852096373769
5,3,0.5837098714668398,0.3347852096373769
5,3,0.6220176335270491,0.3347852096373769
5,3,0.5837098714668398,0.37789108101400704
5,3,0.5837098714668398,0.3347852096373769
5,3,0.5837098714668398,0.3347852096373769
5,3,0.5837098714668398,0.37789108101400704
5,3,0.5454021094066315,0.37789108101400704
5,3,0.5837098714668398,0.37789108101400704
5,3,0.5454021094066315,0.4209969523906367
5,3,0.5454021094066315,0.37789108101400704
5,3,0.5454021094066315,0.37789108101400704
5,3,0.5454021094066315,0.4209969523906367
5,3,0.5070943473464222,0.4209969523906367
5,3,0.5454021094066315,0.4209969523906367
5,3,0.5070943473464222,0.4641028237672664
5,3,0.5070943473464222,0.4209969523906367
5,3,0.5070943473464222,0.4209969523906367
5,3,0.5070943473464222,0.4641028237672664
5,3,0.468786585286213,0.4641028237672664
5,3,0.6603253955872583,0.2916793382607472
5,3,0.6603253955872583,0.3347852096373769
5,3,0.6220176335270491,0.3347852096373769
5,3,0.6603253955872583,0.3347852096373769
5,3,0.6220176335270491,0.37789108101400704
5,3,0.6220176335270491,0.3347852096373769
5,3,0.6220176335270491,0.3347852096373769
5,3,0.6220176335270491,0.37789108101400704
5,3,0.5837098714668398,0.37789108101400704
5,3,0.6220176335270491,0.37789108101400704
5,3,0.5837098714668398,0.4209969523906367
5,3,0.5837098714668398,0.37789108101400704
5,3,0.5837098714668398,0.37789108101400704
5,3,0.5837098714668398,0.4209969523906367
5,3,0.5454021094066315,0.4209969523906367
5,3,0.5837098714668398,0.4209969523906367
5,3,0.5454021094066315,0.4641028237672664
5,3,0.5454021094066315,0.4209969523906367
5,3,0.5454021094066315,0.4209969523906367
5,3,0.5454021094066315,0.4641028237672664
5,3,0.5070943473464222,0.4641028237672664
5,3,0.6603253955872583,0.3347852096373769
5,3,0.6603253955872583,0.37789108101400704
5,3,0.6220176335270491,0.37789108101400704
5,3,0.6603253955872583,0.37789108101400704
5,3,0.6220176335270491,0.4209969523906367
5,3,0.6220176335270491,0.37789108101400704
5,3,0.6220176335270491,0.37789108101400704
5,3,0.6220176335270491,0.4209969523906367
5,3,0.5837098714668398,0.4209969523906367
5,3,0.6220176335270491,0.4209969523906367
5,3,0.5837098714668398,0.4641028237672664
5,3,0.5837098714668398,0.4209969523906367
5,3,0.5837098714668398,0.4209969523906367
5,3,0.5837098714668398,0.4641028237672664
5,3,0.5454021094066315,0.4641028237672664
5,3,0.6603253955872583,0.37789108101400704
5,3,0.6603253955872583,0.4209969523906367
5,3,0.6220176335270491,0.4209969523906367
5,3,0.6603253955872583,0.4209969523906367
5,3,0.6220176335270491,0.4641028237672664
5,3,0.6220176335270491,0.4209969523906367
5,3,0.6220176335270491,0.4209969523906367
5,3,0.6220176335270491,0.4641028237672664
5,3,0.5837098714668398,0.4641028237672664
5,3,0.6603253955872583,0.4209969523906367
5,3,0.6603253955872583,0.4641028237672664
5,3,0.6220176335270491,0.4641028237672664
5,3,0.2606428895294117,0.15702382751634003
5,3,0.3081784439713804,0.15702382751634003
5,3,0.3081784439713804,0.18498995038919208
5,3,0.3081784439713804,0.15702382751634003
5,3,0.35571399841334816,0.18498995038919208
5,3,0.3081784439713804,0.18498995038919208
5,3,0.3081784439713804,0.18498995038919208
5,3,0.35571399841334816,0.18498995038919208
5,3,0.35571399841334816,0.21295607326204458
5,3,0.35571399841334816,0.18498995038919208
5,3,0.40324955285531683,0.21295607326204458
5,3,0.35571399841334816,0.21295607326204458
5,3,0.35571399841334816,0.21295607326204458
5,3,0.40324955285531683,0.21295607326204458
5,3,0.40324955285531683,0.24092219613489663
5,3,0.40324955285531683,0.21295607326204458
5,3,0.4507851072972846,0.24092219613489663
5,3,0.40324955285531683,0.24092219613489663
5,3,0.40324955285531683,0.24092219613489663
5,3,0.4507851072972846,0.24092219613489663
5,3,0.4507851072972846,0.2688883190077487
5,3,0.4507851072972846,0.24092219613489663
5,3,0.4983206617392524,0.2688883190077487
5,3,0.4507851072972846,0.2688883190077487
5,3,0.4507851072972846,0.2688883190077487
5,3,0.4983206617392524,0.2688883190077487
5,3,0.4983206617392524,0.29685444188060117
5,3,0.4983206617392524,0.2688883190077487
5,3,0.545856216181221,0.29685444188060117
5,3,0.4983206617392524,0.29685444188060117
5,3,0.4983206617392524,0.29685444188060117
5,3,0.545856216181221,0.29685444188060117
5,3,0.545856216181221,0.3248205647534532
5,3,0.545856216181221,0.29685444188060117
5,3,0.5933917706231888,0.3248205647534532
5,3,0.545856216181221,0.3248205647534532
5,3,0.545856216181221,0.3248205647534532
5,3,0.5933917706231888,0.3248205647534532
5,3,0.5933917706231888,0.3527866876263057
5,3,0.5933917706231888,0.3248205647534532
5,3,0.6409273250651575,0.3527866876263057
5,3,0.5933917706231888,0.3527866876263057
5,3,0.5933917706231888,0.3527866876263057
5,3,0.6409273250651575,0.3527866876263057
5,3,0.6409273250651575,0.38075281049915777
5,3,0.6409273250651575,0.3527866876263057
5,3,0.6884628795071253,0.38075281049915777
5,3,0.6409273250651575,0.38075281049915777
5,3,0.6409273250651575,0.38075281049915777
5,3,0.6884628795071253,0.38075281049915777
5,3,0.6884628795071253,0.4087189333720098
5,3,0.6884628795071253,0.38075281049915777
5,3,0.7359984339490939,0.4087189333720098
5,3,0.6884628795071253,0.4087189333720098
5,3,0.6884628795071253,0.4087189333720098
5,3,0.7359984339490939,0.4087189333720098
5,3,0.7359984339490939,0.4366850562448623
5,3,0.3081784439713804,0.15702382751634003
5,3,0.35571399841334816,0.15702382751634003
5,3,0.35571399841334816,0.18498995038919208
5,3,0.35571399841334816,0.15702382751634003
5,3,0.40324955285531683,0.18498995038919208
5,3,0.35571399841334816,0.18498995038919208
5,3,0.35571399841334816,0.18498995038919208
5,3,0.40324955285531683,0.18498995038919208
5,3,0.40324955285531683,0.21295607326204458
5,3,0.40324955285531683,0.18498995038919208
5,3,0.4507851072972846,0.21295607326204458
5,3,0.40324955285531683,0.21295607326204458
5,3,0.40324955285531683,0.21295607326204458
5,3,0.4507851072972846,0.21295607326204458
5,3,0.4507851072972846,0.24092219613489663
5,3,0.4507851072972846,0.21295607326204458
5,3,0.4983206617392524,0.24092219613489663
5,3,0.4507851072972846,0.24092219613489663
5,3,0.4507851072972846,0.24092219613489663
5,3,0.4983206617392524,0.24092219613489663
5,3,0.4983206617392524,0.2688883190077487
5,3,0.4983206617392524,0.24092219613489663
5,3,0.545856216181221,0.2688883190077487
5,3,0.4983206617392524,0.2688883190077487
5,3,0.4983206617392524,0.2688883190077487
5,3,0.545856216181221,0.2688883190077487
5,3,0.545856216181221,0.29685444188060117
5,3,0.545856216181221,0.2688883190077487
5,3,0.5933917706231888,0.29685444188060117
5,3,0.545856216181221,0.29685444188060117
5,3,0.545856216181221,0.29685444188060117
5,3,0.5933917706231888,0.29685444188060117
5,3,0.5933917706231888,0.3248205647534532
5,3,0.5933917706231888,0.29685444188060117
5,3,0.6409273250651575,0.3248205647534532
5,3,0.5933917706231888,0.3248205647534532
5,3,0.5933917706231888,0.3248205647534532
5,3,0.6409273250651575,0.3248205647534532
5,3,0.6409273250651575,0.3527866876263057
5,3,0.6409273250651575,0.3248205647534532
5,3,0.6884628795071253,0.3527866876263057
5,3,0.6409273250651575,0.3527866876263057
5,3,0.6409273250651575,0.3527866876263057
5,3,0.6884628795071253,0.3527866876263057
5,3,0.6884628795071253,0.38075281049915777
5,3,0.6884628795071253,0.3527866876263057
5,3,0.7359984339490939,0.38075281049915777
5,3,0.6884628795071253,0.38075281049915777
5,3,0.6884628795071253,0.38075281049915777
5,3,0.7359984339490939,0.38075281049915777
5,3,0.7359984339490939,0.4087189333720098
5,3,0.35571399841334816,0.15702382751634003
5,3,0.40324955285531683,0.15702382751634003
5,3,0.40324955285531683,0.18498995038919208
5,3,0.40324955285531683,0.15702382751634003
5,3,0.4507851072972846,0.18498995038919208
5,3,0.40324955285531683,0.18498995038919208
5,3,0.40324955285531683,0.18498995038919208
5,3,0.4507851072972846,0.18498995038919208
5,3,0.4507851072972846,0.21295607326204458
5,3,0.4507851072972846,0.18498995038919208
5,3,0.4983206617392524,0.21295607326204458
5,3,0.4507851072972846,0.21295607326204458
5,3,0.4507851072972846,0.21295607326204458
5,3,0.4983206617392524,0.21295607326204458
5,3,0.4983206617392524,0.24092219613489663
5,3,0.4983206617392524,0.21295607326204458
5,3,0.545856216181221,0.24092219613489663
5,3,0.4983206617392524,0.24092219613489663
5,3,0.4983206617392524,0.24092219613489663
5,3,0.545856216181221,0.24092219613489663
5,3,0.545856216181221,0.2688883190077487
5,3,0.545856216181221,0.24092219613489663
5,3,0.5933917706231888,0.2688883190077487
5,3,0.545856216181221,0.2688883190077487
5,3,0.545856216181221,0.2688883190077487
5,3,0.5933917706231888,0.2688883190077487
5,3,0.5933917706231888,0.29685444188060117
5,3,0.5933917706231888,0.2688883190077487
5,3,0.6409273250651575,0.29685444188060117
5,3,0.5933917706231888,0.29685444188060117
5,3,0.5933917706231888,0.29685444188060117
5,3,0.6409273250651575,0.29685444188060117
5,3,0.6409273250651575,0.3248205647534532
5,3,0.6409273250651575,0.29685444188060117
5,3,0.6884628795071253,0.3248205647534532
5,3,0.6409273250651575,0.3248205647534532
5,3,0.6409273250651575,0.3248205647534532
5,3,0.6884628795071253,0.3248205647534532
5,3,0.6884628795071253,0.3527866876263057
5,3,0.6884628795071253,0.3248205647534532
5,3,0.7359984339490939,0.3527866876263057
5,3,0.6884628795071253,0.3527866876263057
5,3,0.6884628795071253,0.3527866876263057
5,3,0.7359984339490939,0.3527866876263057
5,3,0.7359984339490939,0.38075281049915777
5,3,0.40324955285531683,0.15702382751634003
5,3,0.4507851072972846,0.15702382751634003
5,3,0.4507851072972846,0.18498995038919208
5,3,0.4507851072972846,0.15702382751634003
5,3,0.4983206617392524,0.18498995038919208
5,3,0.4507851072972846,0.18498995038919208
5,3,0.4507851072972846,0.18498995038919208
5,3,0.4983206617392524,0.18498995038919208
5,3,0.4983206617392524,0.21295607326204458
5,3,0.4983206617392524,0.18498995038919208
5,3,0.545856216181221,0.21295607326204458
5,3,0.4983206617392524,0.21295607326204458
5,3,0.4983206617392524,0.21295607326204458
5,3,0.545856216181221,0.21295607326204458
5,3,0.545856216181221,0.24092219613489663
5,3,0.545856216181221,0.21295607326204458
5,3,0.5933917706231888,0.24092219613489663
5,3,0.545856216181221,0.24092219613489663
5,3,0.545856216181221,0.24092219613489663
5,3,0.5933917706231888,0.24092219613489663
5,3,0.5933917706231888,0.2688883190077487
5,3,0.5933917706231888,0.24092219613489663
5,3,0.6409273250651575,0.2688883190077487
5,3,0.5933917706231888,0.2688883190077487
5,3,0.5933917706231888,0.2688883190077487
5,3,0.6409273250651575,0.2688883190077487
5,3,0.6409273250651575,0.29685444188060117
5,3,0.6409273250651575,0.2688883190077487
5,3,0.6884628795071253,0.29685444188060117
5,3,0.6409273250651575,0.29685444188060117
5,3,0.6409273250651575,0.29685444188060117
5,3,0.6884628795071253,0.29685444188060117
5,3,0.6884628795071253,0.3248205647534532
5,3,0.6884628795071253,0.29685444188060117
5,3,0.7359984339490939,0.3248205647534532
5,3,0.6884628795071253,0.3248205647534532
5,3,0.6884628795071253,0.3248205647534532
5,3,0.7359984339490939,0.3248205647534532
5,3,0.7359984339490939,0.3527866876263057
5,3,0.4507851072972846,0.15702382751634003
5,3,0.4983206617392524,0.15702382751634003
5,3,0.4983206617392524,0.18498995038919208
5,3,0.4983206617392524,0.15702382751634003
5,3,0.545856216181221,0.18498995038919208
5,3,0.4983206617392524,0.18498995038919208
5,3,0.4983206617392524,0.18498995038919208
5,3,0.545856216181221,0.18498995038919208
5,3,0.545856216181221,0.21295607326204458
5,3,0.545856216181221,0.18498995038919208
5,3,0.5933917706231888,0.21295607326204458
5,3,0.545856216181221,0.21295607326204458
5,3,0.545856216181221,0.21295607326204458
5,3,0.5933917706231888,0.21295607326204458
5,3,0.5933917706231888,0.24092219613489663
5,3,0.5933917706231888,0.21295607326204458
5,3,0.6409273250651575,0.24092219613489663
5,3,0.5933917706231888,0.24092219613489663
5,3,0.5933917706231888,0.24092219613489663
5,3,0.6409273250651575,0.24092219613489663
5,3,0.6409273250651575,0.2688883190077487
5,3,0.6409273250651575,0.24092219613489663
5,3,0.6884628795071253,0.2688883190077487
5,3,0.6409273250651575,0.2688883190077487
5,3,0.6409273250651575,0.2688883190077487
5,3,0.6884628795071253,0.2688883190077487
5,3,0.6884628795071253,0.29685444188060117
5,3,0.6884628795071253,0.2688883190077487
5,3,0.7359984339490939,0.29685444188060117
5,3,0.6884628795071253,0.29685444188060117
5,3,0.6884628795071253,0.29685444188060117
5,3,0.7359984339490939,0.29685444188060117
5,3,0.7359984339490939,0.3248205647534532
5,3,0.4983206617392524,0.15702382751634003
5,3,0.545856216181221,0.15702382751634003
5,3,0.545856216181221,0.18498995038919208
5,3,0.545856216181221,0.15702382751634003
5,3,0.5933917706231888,0.18498995038919208
5,3,0.545856216181221,0.18498995038919208
5,3,0.545856216181221,0.18498995038919208
5,3,0.5933917706231888,0.18498995038919208
5,3,0.5933917706231888,0.21295607326204458
5,3,0.5933917706231888,0.18498995038919208
5,3,0.6409273250651575,0.21295607326204458
5,3,0.5933917706231888,0.21295607326204458
5,3,0.5933917706231888,0.21295607326204458
5,3,0.6409273250651575,0.21295607326204458
5,3,0.6409273250651575,0.24092219613489663
5,3,0.6409273250651575,0.21295607326204458
5,3,0.6884628795071253,0.24092219613489663
5,3,0.6409273250651575,0.24092219613489663
5,3,0.6409273250651575,0.24092219613489663
5,3,0.6884628795071253,0.24092219613489663
5,3,0.6884628795071253,0.2688883190077487
5,3,0.6884628795071253,0.24092219613489663
5,3,0.7359984339490939,0.2688883190077487
5,3,0.6884628795071253,0.2688883190077487
5,3,0.6884628795071253,0.2688883190077487
5,3,0.7359984339490939,0.2688883190077487
5,3,0.7359984339490939,0.29685444188060117
5,3,0.545856216181221,0.15702382751634003
5,3,0.5933917706231888,0.15702382751634003
5,3,0.5933917706231888,0.18498995038919208
5,3,0.5933917706231888,0.15702382751634003
5,3,0.6409273250651575,0.18498995038919208
5,3,0.5933917706231888,0.18498995038919208
5,3,0.5933917706231888,0.18498995038919208
5,3,0.6409273250651575,0.18498995038919208
5,3,0.6409273250651575,0.21295607326204458
5,3,0.6409273250651575,0.18498995038919208
5,3,0.6884628795071253,0.21295607326204458
5,3,0.6409273250651575,0.21295607326204458
5,3,0.6409273250651575,0.21295607326204458
5,3,0.6884628795071253,0.21295607326204458
5,3,0.6884628795071253,0.24092219613489663
5,3,0.6884628795071253,0.21295607326204458
5,3,0.7359984339490939,0.24092219613489663
5,3,0.6884628795071253,0.24092219613489663
5,3,0.6884628795071253,0.24092219613489663
5,3,0.7359984339490939,0.24092219613489663
5,3,0.7359984339490939,0.2688883190077487
5,3,0.5933917706231888,0.15702382751634003
5,3,0.6409273250651575,0.15702382751634003
5,3,0.6409273250651575,0.18498995038919208
5,3,0.6409273250651575,0.15702382751634003
5,3,0.6884628795071253,0.18498995038919208
5,3,0.6409273250651575,0.18498995038919208
5,3,0.6409273250651575,0.18498995038919208
5,3,0.6884628795071253,0.18498995038919208
5,3,0.6884628795071253,0.21295607326204458
5,3,0.6884628795071253,0.18498995038919208
5,3,0.7359984339490939,0.21295607326204458
5,3,0.6884628795071253,0.21295607326204458
5,3,0.6884628795071253,0.21295607326204458
5,3,0.7359984339490939,0.21295607326204458
5,3,0.7359984339490939,0.24092219613489663
5,3,0.6409273250651575,0.15702382751634003
5,3,0.6884628795071253,0.15702382751634003
5,3,0.6884628795071253,0.18498995038919208
5,3,0.6884628795071253,0.15702382751634003
5,3,0.7359984339490939,0.18498995038919208
5,3,0.6884628795071253,0.18498995038919208
5,3,0.6884628795071253,0.18498995038919208
5,3,0.7359984339490939,0.18498995038919208
5,3,0.7359984339490939,0.21295607326204458
5,3,0.6884628795071253,0.15702382751634003
5,3,0.7359984339490939,0.15702382751634003
5,3,0.7359984339490939,0.18498995038919208
5,3,0.7359984339490939,0.4366850562448623
5,3,0.6884628795071253,0.4366850562448623
5,3,0.6884628795071253,0.4087189333720098
5,3,0.6884628795071253,0.4366850562448623
5,3,0.6409273250651575,0.4087189333720098
5,3,0.6884628795071253,0.4087189333720098
5,3,0.6884628795071253,0.4087189333720098
5,3,0.6409273250651575,0.4087189333720098
5,3,0.6409273250651575,0.38075281049915777
5,3,0.6409273250651575,0.4087189333720098
5,3,0.5933917706231888,0.38075281049915777
5,3,0.6409273250651575,0.38075281049915777
5,3,0.6409273250651575,0.38075281049915777
5,3,0.5933917706231888,0.38075281049915777
5,3,0.5933917706231888,0.3527866876263057
5,3,0.5933917706231888,0.38075281049915777
5,3,0.545856216181221,0.3527866876263057
5,3,0.5933917706231888,0.3527866876263057
5,3,0.5933917706231888,0.3527866876263057
5,3,0.545856216181221,0.3527866876263057
5,3,0.545856216181221,0.3248205647534532
5,3,0.545856216181221,0.3527866876263057
5,3,0.4983206617392524,0.3248205647534532
5,3,0.545856216181221,0.3248205647534532
5,3,0.545856216181221,0.3248205647534532
5,3,0.4983206617392524,0.3248205647534532
5,3,0.4983206617392524,0.29685444188060117
5,3,0.4983206617392524,0.3248205647534532
5,3,0.4507851072972846,0.29685444188060117
5,3,0.4983206617392524,0.29685444188060117
5,3,0.4983206617392524,0.29685444188060117
5,3,0.4507851072972846,0.29685444188060117
5,3,0.4507851072972846,0.2688883190077487
5,3,0.4507851072972846,0.29685444188060117
5,3,0.40324955285531683,0.2688883190077487
5,3,0.4507851072972846,0.2688883190077487
5,3,0.4507851072972846,0.2688883190077487
5,3,0.40324955285531683,0.2688883190077487
5,3,0.40324955285531683,0.24092219613489663
5,3,0.40324955285531683,0.2688883190077487
5,3,0.35571399841334816,0.24092219613489663
5,3,0.40324955285531683,0.24092219613489663
5,3,0.40324955285531683,0.24092219613489663
5,3,0.35571399841334816,0.24092219613489663
5,3,0.35571399841334816,0.21295607326204458
5,3,0.35571399841334816,0.24092219613489663
5,3,0.3081784439713804,0.21295607326204458
5,3,0.35571399841334816,0.21295607326204458
5,3,0.35571399841334816,0.21295607326204458
5,3,0.3081784439713804,0.21295607326204458
5,3,0.3081784439713804,0.18498995038919208
5,3,0.3081784439713804,0.21295607326204458
5,3,0.2606428895294117,0.18498995038919208
5,3,0.3081784439713804,0.18498995038919208
5,3,0.3081784439713804,0.18498995038919208
5,3,0.2606428895294117,0.18498995038919208
5,3,0.2606428895294117,0.15702382751634003
5,3,0.6884628795071253,0.4366850562448623
5,3,0.6409273250651575,0.4366850562448623
5,3,0.6409273250651575,0.4087189333720098
5,3,0.6409273250651575,0.4366850562448623
5,3,0.5933917706231888,0.4087189333720098
5,3,0.6409273250651575,0.4087189333720098
5,3,0.6409273250651575,0.4087189333720098
5,3,0.5933917706231888,0.4087189333720098
5,3,0.5933917706231888,0.38075281049915777
5,3,0.5933917706231888,0.4087189333720098
5,3,0.545856216181221,0.38075281049915777
5,3,0.5933917706231888,0.38075281049915777
5,3,0.5933917706231888,0.38075281049915777
5,3,0.545856216181221,0.38075281049915777
5,3,0.545856216181221,0.3527866876263057
5,3,0.545856216181221,0.38075281049915777
5,3,0.4983206617392524,0.3527866876263057
5,3,0.545856216181221,0.3527866876263057
5,3,0.545856216181221,0.3527866876263057
5,3,0.4983206617392524,0.3527866876263057
5,3,0.4983206617392524,0.3248205647534532
5,3,0.4983206617392524,0.3527866876263057
5,3,0.4507851072972846,0.3248205647534532
5,3,0.4983206617392524,0.3248205647534532
5,3,0.4983206617392524,0.3248205647534532
5,3,0.4507851072972846,0.3248205647534532
5,3,0.4507851072972846,0.29685444188060117
5,3,0.4507851072972846,0.3248205647534532
5,3,0.40324955285531683,0.29685444188060117
5,3,0.4507851072972846,0.29685444188060117
5,3,0.4507851072972846,0.29685444188060117
5,3,0.40324955285531683,0.29685444188060117
5,3,0.40324955285531683,0.2688883190077487
5,3,0.40324955285531683,0.29685444188060117
5,3,0.35571399841334816,0.2688883190077487
5,3,0.40324955285531683,0.2688883190077487
5,3,0.40324955285531683,0.2688883190077487
5,3,0.35571399841334816,0.2688883190077487
5,3,0.35571399841334816,0.24092219613489663
5,3,0.35571399841334816,0.2688883190077487
5,3,0.3081784439713804,0.24092219613489663
5,3,0.35571399841334816,0.24092219613489663
5,3,0.35571399841334816,0.24092219613489663
5,3,0.3081784439713804,0.24092219613489663
5,3,0.3081784439713804,0.21295607326204458
5,3,0.3081784439713804,0.24092219613489663
5,3,0.2606428895294117,0.21295607326204458
5,3,0.3081784439713804,0.21295607326204458
5,3,0.3081784439713804,0.21295607326204458
5,3,0.2606428895294117,0.21295607326204458
5,3,0.2606428895294117,0.18498995038919208
5,3,0.6409273250651575,0.4366850562448623
5,3,0.5933917706231888,0.4366850562448623
5,3,0.5933917706231888,0.4087189333720098
5,3,0.5933917706231888,0.4366850562448623
5,3,0.545856216181221,0.4087189333720098
5,3,0.5933917706231888,0.4087189333720098
5,3,0.5933917706231888,0.4087189333720098
5,3,0.545856216181221,0.4087189333720098
5,3,0.545856216181221,0.38075281049915777
5,3,0.545856216181221,0.4087189333720098
5,3,0.4983206617392524,0.38075281049915777
5,3,0.545856216181221,0.38075281049915777
5,3,0.545856216181221,0.38075281049915777
5,3,0.4983206617392524,0.38075281049915777
5,3,0.4983206617392524,0.3527866876263057
5,3,0.4983206617392524,0.38075281049915777
5,3,0.4507851072972846,0.3527866876263057
5,3,0.4983206617392524,0.3527866876263057
5,3,0.4983206617392524,0.3527866876263057
5,3,0.4507851072972846,0.3527866876263057
5,3,0.4507851072972846,0.3248205647534532
5,3,0.4507851072972846,0.3527866876263057
5,3,0.40324955285531683,0.3248205647534532
5,3,0.4507851072972846,0.3248205647534532
5,3,0.4507851072972846,0.3248205647534532
5,3,0.40324955285531683,0.3248205647534532
5,3,0.40324955285531683,0.29685444188060117
5,3,0.40324955285531683,0.3248205647534532
5,3,0.35571399841334816,0.29685444188060117
5,3,0.40324955285531683,0.29685444188060117
5,3,0.40324955285531683,0.29685444188060117
5,3,0.35571399841334816,0.29685444188060117
5,3,0.35571399841334816,0.2688883190077487
5,3,0.35571399841334816,0.29685444188060117
5,3,0.3081784439713804,0.2688883190077487
5,3,0.35571399841334816,0.2688883190077487
5,3,0.35571399841334816,0.2688883190077487
5,3,0.3081784439713804,0.2688883190077487
5,3,0.3081784439713804,0.24092219613489663
5,3,0.3081784439713804,0.2688883190077487
5,3,0.2606428895294117,0.24092219613489663
5,3,0.3081784439713804,0.24092219613489663
5,3,0.3081784439713804,0.24092219613489663
5,3,0.2606428895294117,0.24092219613489663
5,3,0.2606428895294117,0.21295607326204458
5,3,0.5933917706231888,0.4366850562448623
5,3,0.545856216181221,0.4366850562448623
5,3,0.545856216181221,0.4087189333720098
5,3,0.545856216181221,0.4366850562448623
5,3,0.4983206617392524,0.4087189333720098
5,3,0.545856216181221,0.4087189333720098
5,3,0.545856216181221,0.4087189333720098
5,3,0.4983206617392524,0.4087189333720098
5,3,0.4983206617392524,0.38075281049915777
5,3,0.4983206617392524,0.4087189333720098
5,3,0.4507851072972846,0.38075281049915777
5,3,0.4983206617392524,0.38075281049915777
5,3,0.4983206617392524,0.38075281049915777
5,3,0.4507851072972846,0.38075281049915777
5,3,0.4507851072972846,0.3527866876263057
5,3,0.4507851072972846,0.38075281049915777
5,3,0.40324955285531683,0.3527866876263057
5,3,0.4507851072972846,0.3527866876263057
5,3,0.4507851072972846,0.3527866876263057
5,3,0.40324955285531683,0.3527866876263057
5,3,0.40324955285531683,0.3248205647534532
5,3,0.40324955285531683,0.3527866876263057
5,3,0.35571399841334816,0.3248205647534532
5,3,0.40324955285531683,0.3248205647534532
5,3,0.40324955285531683,0.3248205647534532
5,3,0.35571399841334816,0.3248205647534532
5,3,0.35571399841334816,0.29685444188060117
5,3,0.35571399841334816,0.3248205647534532
5,3,0.3081784439713804,0.29685444188060117
5,3,0.35571399841334816,0.29685444188060117
5,3,0.35571399841334816,0.29685444188060117
5,3,0.3081784439713804,0.29685444188060117
5,3,0.3081784439713804,0.2688883190077487
5,3,0.3081784439713804,0.29685444188060117
5,3,0.2606428895294117,0.2688883190077487
5,3,0.3081784439713804,0.2688883190077487
5,3,0.3081784439713804,0.2688883190077487
5,3,0.2606428895294117,0.2688883190077487
5,3,0.2606428895294117,0.24092219613489663
5,3,0.545856216181221,0.4366850562448623
5,3,0.4983206617392524,0.4366850562448623
5,3,0.4983206617392524,0.4087189333720098
5,3,0.4983206617392524,0.4366850562448623
5,3,0.4507851072972846,0.4087189333720098
5,3,0.4983206617392524,0.4087189333720098
5,3,0.4983206617392524,0.4087189333720098
5,3,0.4507851072972846,0.4087189333720098
5,3,0.4507851072972846,0.38075281049915777
5,3,0.4507851072972846,0.4087189333720098
5,3,0.40324955285531683,0.38075281049915777
5,3,0.4507851072972846,0.38075281049915777
5,3,0.4507851072972846,0.38075281049915777
5,3,0.40324955285531683,0.38075281049915777
5,3,0.40324955285531683,0.3527866876263057
5,3,0.40324955285531683,0.38075281049915777
5,3,0.35571399841334816,0.3527866876263057
5,3,0.40324955285531683,0.3527866876263057
5,3,0.40324955285531683,0.3527866876263057
5,3,0.35571399841334816,0.3527866876263057
5,3,0.35571399841334816,0.3248205647534532
5,3,0.35571399841334816,0.3527866876263057
5,3,0.3081784439713804,0.3248205647534532
5,3,0.35571399841334816,0.3248205647534532
5,3,0.35571399841334816,0.3248205647534532
5,3,0.3081784439713804,0.3248205647534532
5,3,0.3081784439713804,0.29685444188060117
5,3,0.3081784439713804,0.3248205647534532
5,3,0.2606428895294117,0.29685444188060117
5,3,0.3081784439713804,0.29685444188060117
5,3,0.3081784439713804,0.29685444188060117
5,3,0.2606428895294117,0.29685444188060117
5,3,0.2606428895294117,0.2688883190077487
5,3,0.4983206617392524,0.4366850562448623
5,3,0.4507851072972846,0.4366850562448623
5,3,0.4507851072972846,0.4087189333720098
5,3,0.4507851072972846,0.4366850562448623
5,3,0.40324955285531683,0.4087189333720098
5,3,0.4507851072972846,0.4087189333720098
5,3,0.4507851072972846,0.4087189333720098
5,3,0.40324955285531683,0.4087189333720098
5,3,0.40324955285531683,0.38075281049915777
5,3,0.40324955285531683,0.4087189333720098
5,3,0.35571399841334816,0.38075281049915777
5,3,0.40324955285531683,0.38075281049915777
5,3,0.40324955285531683,0.38075281049915777
5,3,0.35571399841334816,0.38075281049915777
5,3,0.35571399841334816,0.3527866876263057
5,3,0.35571399841334816,0.38075281049915777
5,3,0.3081784439713804,0.3527866876263057
5,3,0.35571399841334816,0.3527866876263057
5,3,0.35571399841334816,0.3527866876263057
5,3,0.3081784439713804,0.3527866876263057
5,3,0.3081784439713804,0.3248205647534532
5,3,0.3081784439713804,0.3527866876263057
5,3,0.2606428895294117,0.3248205647534532
5,3,0.3081784439713804,0.3248205647534532
5,3,0.3081784439713804,0.3248205647534532
5,3,0.2606428895294117,0.3248205647534532
5,3,0.2606428895294117,0.29685444188060117
5,3,0.4507851072972846,0.4366850562448623
5,3,0.40324955285531683,0.4366850562448623
5,3,0.40324955285531683,0.4087189333720098
5,3,0.40324955285531683,0.4366850562448623
5,3,0.35571399841334816,0.4087189333720098
5,3,0.40324955285531683,0.4087189333720098
5,3,0.40324955285531683,0.4087189333720098
5,3,0.35571399841334816,0.4087189333720098
5,3,0.35571399841334816,0.38075281049915777
5,3,0.35571399841334816,0.4087189333720098
5,3,0.3081784439713804,0.38075281049915777
5,3,0.35571399841334816,0.38075281049915777
5,3,0.35571399841334816,0.38075281049915777
5,3,0.3081784439713804,0.38075281049915777
5,3,0.3081784439713804,0.3527866876263057
5,3,0.3081784439713804,0.38075281049915777
5,3,0.2606428895294117,0.3527866876263057
5,3,0.3081784439713804,0.3527866876263057
5,3,0.3081784439713804,0.3527866876263057
5,3,0.2606428895294117,0.3527866876263057
5,3,0.2606428895294117,0.3248205647534532
5,3,0.40324955285531683,0.4366850562448623
5,3,0.35571399841334816,0.4366850562448623
5,3,0.35571399841334816,0.4087189333720098
5,3,0.35571399841334816,0.4366850562448623
5,3,0.3081784439713804,0.4087189333720098
5,3,0.35571399841334816,0.4087189333720098
5,3,0.35571399841334816,0.4087189333720098
5,3,0.3081784439713804,0.4087189333720098
5,3,0.3081784439713804,0.38075281049915777
5,3,0.3081784439713804,0.4087189333720098
5,3,0.2606428895294117,0.38075281049915777
5,3,0.3081784439713804,0.38075281049915777
5,3,0.3081784439713804,0.38075281049915777
5,3,0.2606428895294117,0.38075281049915777
5,3,0.2606428895294117,0.3527866876263057
5,3,0.35571399841334816,0.4366850562448623
5,3,0.3081784439713804,0.4366850562448623
5,3,0.3081784439713804,0.4087189333720098
5,3,0.3081784439713804,0.4366850562448623
5,3,0.2606428895294117,0.4087189333720098
5,3,0.3081784439713804,0.4087189333720098
5,3,0.3081784439713804,0.4087189333720098
5,3,0.2606428895294117,0.4087189333720098
5,3,0.2606428895294117,0.38075281049915777
5,3,0.3081784439713804,0.4366850562448623
5,3,0.2606428895294117,0.4366850562448623
5,3,0.2606428895294117,0.4087189333720098
5,3,0.7800000000000002,0.29000000000000004
5,3,0.67748099593683,0.22737167216589116
5,3,0.67748099593683,0.3526283278341089
5,3,0.8825190040631705,0.22737167216589116
5,3,0.8825190040631705,0.3526283278341089
5,3,0.6041402890194458,0.15993708875396528
5,3,0.6478930698246383,0.15993708875396528
5,3,0.6478930698246383,0.1928703756218768
5,3,0.6478930698246383,0.15993708875396528
5,3,0.69164585062983,0.1928703756218768
5,3,0.6478930698246383,0.1928703756218768
5,3,0.6478930698246383,0.1928703756218768
5,3,0.69164585062983,0.1928703756218768
5,3,0.69164585062983,0.22580366248978834
5,3,0.69164585062983,0.1928703756218768
5,3,0.7353986314350216,0.22580366248978834
5,3,0.69164585062983,0.22580366248978834
5,3,0.69164585062983,0.22580366248978834
5,3,0.7353986314350216,0.22580366248978834
5,3,0.7353986314350216,0.2587369493577003
5,3,0.7353986314350216,0.22580366248978834
5,3,0.7791514122402132,0.2587369493577003
5,3,0.7353986314350216,0.2587369493577003
5,3,0.7353986314350216,0.2587369493577003
5,3,0.7791514122402132,0.2587369493577003
5,3,0.7791514122402132,0.29167023622561183
5,3,0.7791514122402132,0.2587369493577003
5,3,0.8229041930454057,0.29167023622561183
5,3,0.7791514122402132,0.29167023622561183
5,3,0.7791514122402132,0.29167023622561183
5,3,0.8229041930454057,0.29167023622561183
5,3,0.8229041930454057,0.3246035230935238
5,3,0.8229041930454057,0.29167023622561183
5,3,0.8666569738505974,0.3246035230935238
5,3,0.8229041930454057,0.3246035230935238
5,3,0.8229041930454057,0.3246035230935238
5,3,0.8666569738505974,0.3246035230935238
5,3,0.8666569738505974,0.35753680996143533
5,3,0.8666569738505974,0.3246035230935238
5,3,0.910409754655789,0.35753680996143533
5,3,0.8666569738505974,0.35753680996143533
5,3,0.8666569738505974,0.35753680996143533
5,3,0.910409754655789,0.35753680996143533
5,3,0.910409754655789,0.39047009682934686
5,3,0.910409754655789,0.35753680996143533
5,3,0.9541625354609815,0.39047009682934686
5,3,0.910409754655789,0.39047009682934686
5,3,0.910409754655789,0.39047009682934686
5,3,0.9541625354609815,0.39047009682934686
5,3,0.9541625354609815,0.42340338369725883
5,3,0.6478930698246383,0.15993708875396528
5,3,0.69164585062983,0.15993708875396528
5,3,0.69164585062983,0.1928703756218768
5,3,0.69164585062983,0.15993708875396528
5,3,0.7353986314350216,0.1928703756218768
5,3,0.69164585062983,0.1928703756218768
5,3,0.69164585062983,0.1928703756218768
5,3,0.7353986314350216,0.1928703756218768
5,3,0.7353986314350216,0.22580366248978834
5,3,0.7353986314350216,0.1928703756218768
5,3,0.7791514122402132,0.22580366248978834
5,3,0.7353986314350216,0.22580366248978834
5,3,0.7353986314350216,0.22580366248978834
5,3,0.7791514122402132,0.22580366248978834
5,3,0.7791514122402132,0.2587369493577003
5,3,0.7791514122402132,0.22580366248978834
5,3,0.8229041930454057,0.2587369493577003
5,3,0.7791514122402132,0.2587369493577003
5,3,0.7791514122402132,0.2587369493577003
5,3,0.8229041930454057,0.2587369493577003
5,3,0.8229041930454057,0.29167023622561183
5,3,0.8229041930454057,0.2587369493577003
5,3,0.8666569738505974,0.29167023622561183
5,3,0.8229041930454057,0.29167023622561183
5,3,0.8229041930454057,0.29167023622561183
5,3,0.8666569738505974,0.29167023622561183
5,3,0.8666569738505974,0.3246035230935238
5,3,0.8666569738505974,0.29167023622561183
5,3,0.910409754655789,0.3246035230935238
5,3,0.8666569738505974,0.3246035230935238
5,3,0.8666569738505974,0.3246035230935238
5,3,0.910409754655789,0.3246035230935238
5,3,0.910409754655789,0.35753680996143533
5,3,0.910409754655789,0.3246035230935238
5,3,0.9541625354609815,0.35753680996143533
5,3,0.910409754655789,0.35753680996143533
5,3,0.910409754655789,0.35753680996143533
5,3,0.9541625354609815,0.35753680996143533
5,3,0.9541625354609815,0.39047009682934686
5,3,0.69164585062983,0.15993708875396528
5,3,0.7353986314350216,0.15993708875396528
5,3,0.7353986314350216,0.1928703756218768
5,3,0.7353986314350216,0.15993708875396528
5,3,0.7791514122402132,0.1928703756218768
5,3,0.7353986314350216,0.1928703756218768
5,3,0.7353986314350216,0.1928703756218768
5,3,0.7791514122402132,0.1928703756218768
5,3,0.7791514122402132,0.22580366248978834
5,3,0.7791514122402132,0.1928703756218768
5,3,0.8229041930454057,0.22580366248978834
5,3,0.7791514122402132,0.22580366248978834
5,3,0.7791514122402132,0.22580366248978834
5,3,0.8229041930454057,0.22580366248978834
5,3,0.8229041930454057,0.2587369493577003
5,3,0.8229041930454057,0.22580366248978834
5,3,0.8666569738505974,0.2587369493577003
5,3,0.8229041930454057,0.2587369493577003
5,3,0.8229041930454057,0.2587369493577003
5,3,0.8666569738505974,0.2587369493577003
5,3,0.8666569738505974,0.29167023622561183
5,3,0.8666569738505974,0.2587369493577003
5,3,0.910409754655789,0.29167023622561183
5,3,0.8666569738505974,0.29167023622561183
5,3,0.8666569738505974,0.29167023622561183
5,3,0.910409754655789,0.29167023622561183
5,3,0.910409754655789,0.3246035230935238
5,3,0.910409754655789,0.29167023622561183
5,3,0.9541625354609815,0.3246035230935238
5,3,0.910409754655789,0.3246035230935238
5,3,0.910409754655789,0.3246035230935238
5,3,0.9541625354609815,0.3246035230935238
5,3,0.9541625354609815,0.35753680996143533
5,3,0.7353986314350216,0.15993708875396528
5,3,0.7791514122402132,0.15993708875396528
5,3,0.7791514122402132,0.1928703756218768
5,3,0.7791514122402132,0.15993708875396528
5,3,0.8229041930454057,0.1928703756218768
5,3,0.7791514122402132,0.1928703756218768
5,3,0.7791514122402132,0.1928703756218768
5,3,0.8229041930454057,0.1928703756218768
5,3,0.8229041930454057,0.22580366248978834
5,3,0.8229041930454057,0.1928703756218768
5,3,0.8666569738505974,0.22580366248978834
5,3,0.8229041930454057,0.22580366248978834
5,3,0.8229041930454057,0.22580366248978834
5,3,0.8666569738505974,0.22580366248978834
5,3,0.8666569738505974,0.2587369493577003
5,3,0.8666569738505974,0.22580366248978834
5,3,0.910409754655789,0.2587369493577003
5,3,0.8666569738505974,0.2587369493577003
5,3,0.8666569738505974,0.2587369493577003
5,3,0.910409754655789,0.2587369493577003
5,3,0.910409754655789,0.29167023622561183
5,3,0.910409754655789,0.2587369493577003
5,3,0.9541625354609815,0.29167023622561183
5,3,0.910409754655789,0.29167023622561183
5,3,0.910409754655789,0.29167023622561183
5,3,0.9541625354609815,0.29167023622561183
5,3,0.9541625354609815,0.3246035230935238
5,3,0.7791514122402132,0.15993708875396528
5,3,0.8229041930454057,0.15993708875396528
5,3,0.8229041930454057,0.1928703756218768
5,3,0.8229041930454057,0.15993708875396528
5,3,0.8666569738505974,0.1928703756218768
5,3,0.8229041930454057,0.1928703756218768
5,3,0.8229041930454057,0.1928703756218768
5,3,0.8666569738505974,0.1928703756218768
5,3,0.8666569738505974,0.22580366248978834
5,3,0.8666569738505974,0.1928703756218768
5,3,0.910409754655789,0.22580366248978834
5,3,0.8666569738505974,0.22580366248978834
5,3,0.8666569738505974,0.22580366248978834
5,3,0.910409754655789,0.22580366248978834
5,3,0.910409754655789,0.2587369493577003
5,3,0.910409754655789,0.22580366248978834
5,3,0.9541625354609815,0.2587369493577003
5,3,0.910409754655789,0.2587369493577003
5,3,0.910409754655789,0.2587369493577003
5,3,0.9541625354609815,0.2587369493577003
5,3,0.9541625354609815,0.29167023622561183
5,3,0.8229041930454057,0.15993708875396528
5,3,0.8666569738505974,0.15993708875396528
5,3,0.8666569738505974,0.1928703756218768
5,3,0.8666569738505974,0.15993708875396528
5,3,0.910409754655789,0.1928703756218768
5,3,0.8666569738505974,0.1928703756218768
5,3,0.8666569738505974,0.1928703756218768
5,3,0.910409754655789,0.1928703756218768
5,3,0.910409754655789,0.22580366248978834
5,3,0.910409754655789,0.1928703756218768
5,3,0.9541625354609815,0.22580366248978834
5,3,0.910409754655789,0.22580366248978834
5,3,0.910409754655789,0.22580366248978834
5,3,0.9541625354609815,0.22580366248978834
5,3,0.9541625354609815,0.2587369493577003
5,3,0.8666569738505974,0.15993708875396528
5,3,0.910409754655789,0.15993708875396528
5,3,0.910409754655789,0.1928703756218768
5,3,0.910409754655789,0.15993708875396528
5,3,0.9541625354609815,0.1928703756218768
5,3,0.910409754655789,0.1928703756218768
5,3,0.910409754655789,0.1928703756218768
5,3,0.9541625354609815,0.1928703756218768
5,3,0.9541625354609815,0.22580366248978834
5,3,0.910409754655789,0.15993708875396528
5,3,0.9541625354609815,0.15993708875396528
5,3,0.9541625354609815,0.1928703756218768
5,3,0.9541625354609815,0.42340338369725883
5,3,0.910409754655789,0.42340338369725883
5,3,0.910409754655789,0.39047009682934686
5,3,0.910409754655789,0.42340338369725883
5,3,0.8666569738505974,0.39047009682934686
5,3,0.910409754655789,0.39047009682934686
5,3,0.910409754655789,0.39047009682934686
5,3,0.8666569738505974,0.39047009682934686
5,3,0.8666569738505974,0.35753680996143533
5,3,0.8666569738505974,0.39047009682934686
5,3,0.8229041930454057,0.35753680996143533
5,3,0.8666569738505974,0.35753680996143533
5,3,0.8666569738505974,0.35753680996143533
5,3,0.8229041930454057,0.35753680996143533
5,3,0.8229041930454057,0.3246035230935238
5,3,0.8229041930454057,0.35753680996143533
5,3,0.7791514122402132,0.3246035230935238
5,3,0.8229041930454057,0.3246035230935238
5,3,0.8229041930454057,0.3246035230935238
5,3,0.7791514122402132,0.3246035230935238
5,3,0.7791514122402132,0.29167023622561183
5,3,0.7791514122402132,0.3246035230935238
5,3,0.7353986314350216,0.29167023622561183
5,3,0.7791514122402132,0.29167023622561183
5,3,0.7791514122402132,0.29167023622561183
5,3,0.7353986314350216,0.29167023622561183
5,3,0.7353986314350216,0.2587369493577003
5,3,0.7353986314350216,0.29167023622561183
5,3,0.69164585062983,0.2587369493577003
5,3,0.7353986314350216,0.2587369493577003
5,3,0.7353986314350216,0.2587369493577003
5,3,0.69164585062983,0.2587369493577003
5,3,0.69164585062983,0.22580366248978834
5,3,0.69164585062983,0.2587369493577003
5,3,0.6478930698246383,0.22580366248978834
5,3,0.69164585062983,0.22580366248978834
5,3,0.69164585062983,0.22580366248978834
5,3,0.6478930698246383,0.22580366248978834
5,3,0.6478930698246383,0.1928703756218768
5,3,0.6478930698246383,0.22580366248978834
5,3,0.6041402890194458,0.1928703756218768
5,3,0.6478930698246383,0.1928703756218768
5,3,0.6478930698246383,0.1928703756218768
5,3,0.6041402890194458,0.1928703756218768
5,3,0.6041402890194458,0.15993708875396528
5,3,0.910409754655789,0.42340338369725883
5,3,0.8666569738505974,0.42340338369725883
5,3,0.8666569738505974,0.39047009682934686
5,3,0.8666569738505974,0.42340338369725883
5,3,0.8229041930454057,0.39047009682934686
5,3,0.8666569738505974,0.39047009682934686
5,3,0.8666569738505974,0.39047009682934686
5,3,0.8229041930454057,0.39047009682934686
5,3,0.8229041930454057,0.35753680996143533
5,3,0.8229041930454057,0.39047009682934686
5,3,0.7791514122402132,0.35753680996143533
5,3,0.8229041930454057,0.35753680996143533
5,3,0.8229041930454057,0.35753680996143533
5,3,0.7791514122402132,0.35753680996143533
5,3,0.7791514122402132,0.3246035230935238
5,3,0.7791514122402132,0.35753680996143533
5,3,0.7353986314350216,0.3246035230935238
5,3,0.7791514122402132,0.3246035230935238
5,3,0.7791514122402132,0.3246035230935238
5,3,0.7353986314350216,0.3246035230935238
5,3,0.7353986314350216,0.29167023622561183
5,3,0.7353986314350216,0.3246035230935238
5,3,0.69164585062983,0.29167023622561183
5,3,0.7353986314350216,0.29167023622561183
5,3,0.7353986314350216,0.29167023622561183
5,3,0.69164585062983,0.29167023622561183
5,3,0.69164585062983,0.2587369493577003
5,3,0.69164585062983,0.29167023622561183
5,3,0.6478930698246383,0.2587369493577003
5,3,0.69164585062983,0.2587369493577003
5,3,0.69164585062983,0.2587369493577003
5,3,0.6478930698246383,0.2587369493577003
5,3,0.6478930698246383,0.22580366248978834
5,3,0.6478930698246383,0.2587369493577003
5,3,0.6041402890194458,0.22580366248978834
5,3,0.6478930698246383,0.22580366248978834
5,3,0.6478930698246383,0.22580366248978834
5,3,0.6041402890194458,0.22580366248978834
5,3,0.6041402890194458,0.1928703756218768
5,3,0.8666569738505974,0.42340338369725883
5,3,0.8229041930454057,0.42340338369725883
5,3,0.8229041930454057,0.39047009682934686
5,3,0.8229041930454057,0.42340338369725883
5,3,0.7791514122402132,0.39047009682934686
5,3,0.8229041930454057,0.39047009682934686
5,3,0.8229041930454057,0.39047009682934686
5,3,0.7791514122402132,0.39047009682934686
5,3,0.7791514122402132,0.35753680996143533
5,3,0.7791514122402132,0.39047009682934686
5,3,0.7353986314350216,0.35753680996143533
5,3,0.7791514122402132,0.35753680996143533
5,3,0.7791514122402132,0.35753680996143533
5,3,0.7353986314350216,0.35753680996143533
5,3,0.7353986314350216,0.3246035230935238
5,3,0.7353986314350216,0.35753680996143533
5,3,0.69164585062983,0.3246035230935238
5,3,0.7353986314350216,0.3246035230935238
5,3,0.7353986314350216,0.3246035230935238
5,3,0.69164585062983,0.3246035230935238
5,3,0.69164585062983,0.29167023622561183
5,3,0.69164585062983,0.3246035230935238
5,3,0.6478930698246383,0.29167023622561183
5,3,0.69164585062983,0.29167023622561183
5,3,0.69164585062983,0.29167023622561183
5,3,0.6478930698246383,0.29167023622561183
5,3,0.6478930698246383,0.2587369493577003
5,3,0.6478930698246383,0.29167023622561183
5,3,0.6041402890194458,0.2587369493577003
5,3,0.6478930698246383,0.2587369493577003
5,3,0.6478930698246383,0.2587369493577003
5,3,0.6041402890194458,0.2587369493577003
5,3,0.6041402890194458,0.22580366248978834
5,3,0.8229041930454057,0.42340338369725883
5,3,0.7791514122402132,0.42340338369725883
5,3,0.7791514122402132,0.39047009682934686
5,3,0.7791514122402132,0.42340338369725883
5,3,0.7353986314350216,0.39047009682934686
5,3,0.7791514122402132,0.39047009682934686
5,3,0.7791514122402132,0.39047009682934686
5,3,0.7353986314350216,0.39047009682934686
5,3,0.7353986314350216,0.35753680996143533
5,3,0.7353986314350216,0.39047009682934686
5,3,0.69164585062983,0.35753680996143533
5,3,0.7353986314350216,0.35753680996143533
5,3,0.7353986314350216,0.35753680996143533
5,3,0.69164585062983,0.35753680996143533
5,3,0.69164585062983,0.3246035230935238
5,3,0.69164585062983,0.35753680996143533
5,3,0.6478930698246383,0.3246035230935238
5,3,0.69164585062983,0.3246035230935238
5,3,0.69164585062983,0.3246035230935238
5,3,0.6478930698246383,0.3246035230935238
5,3,0.6478930698246383,0.29167023622561183
5,3,0.6478930698246383,0.3246035230935238
5,3,0.6041402890194458,0.29167023622561183
5,3,0.6478930698246383,0.29167023622561183
5,3,0.6478930698246383,0.29167023622561183
5,3,0.6041402890194458,0.29167023622561183
5,3,0.6041402890194458,0.2587369493577003
5,3,0.7791514122402132,0.42340338369725883
5,3,0.7353986314350216,0.42340338369725883
5,3,0.7353986314350216,0.39047009682934686
5,3,0.7353986314350216,0.42340338369725883
5,3,0.69164585062983,0.39047009682934686
5,3,0.7353986314350216,0.39047009682934686
5,3,0.7353986314350216,0.39047009682934686
5,3,0.69164585062983,0.39047009682934686
5,3,0.69164585062983,0.35753680996143533
5,3,0.69164585062983,0.39047009682934686
5,3,0.6478930698246383,0.35753680996143533
5,3,0.69164585062983,0.35753680996143533
5,3,0.69164585062983,0.35753680996143533
5,3,0.6478930698246383,0.35753680996143533
5,3,0.6478930698246383,0.3246035230935238
5,3,0.6478930698246383,0.35753680996143533
5,3,0.6041402890194458,0.3246035230935238
5,3,0.6478930698246383,0.3246035230935238
5,3,0.6478930698246383,0.3246035230935238
5,3,0.6041402890194458,0.3246035230935238
5,3,0.6041402890194458,0.29167023622561183
5,3,0.7353986314350216,0.42340338369725883
5,3,0.69164585062983,0.42340338369725883
5,3,0.69164585062983,0.39047009682934686
5,3,0.69164585062983,0.42340338369725883
5,3,0.6478930698246383,0.39047009682934686
5,3,0.69164585062983,0.39047009682934686
5,3,0.69164585062983,0.39047009682934686
5,3,0.6478930698246383,0.39047009682934686
5,3,0.6478930698246383,0.35753680996143533
5,3,0.6478930698246383,0.39047009682934686
5,3,0.6041402890194458,0.35753680996143533
5,3,0.6478930698246383,0.35753680996143533
5,3,0.6478930698246383,0.35753680996143533
5,3,0.6041402890194458,0.35753680996143533
5,3,0.6041402890194458,0.3246035230935238
5,3,0.69164585062983,0.42340338369725883
5,3,0.6478930698246383,0.42340338369725883
5,3,0.6478930698246383,0.39047009682934686
5,3,0.6478930698246383,0.42340338369725883
5,3,0.6041402890194458,0.39047009682934686
5,3,0.6478930698246383,0.39047009682934686
5,3,0.6478930698246383,0.39047009682934686
5,3,0.6041402890194458,0.39047009682934686
5,3,0.6041402890194458,0.35753680996143533
5,3,0.6478930698246383,0.42340338369725883
5,3,0.6041402890194458,0.42340338369725883
5,3,0.6041402890194458,0.39047009682934686
5,3,0.21999999999999975,0.29000000000000004
5,3,0.11326399042912882,0.183890832742041
5,3,0.11326399042912882,0.3961091672579591
5,3,0.3267360095708707,0.183890832742041
5,3,0.3267360095708707,0.3961091672579591
5,3,0.40836813007789896,0.4943821353727067
5,3,0.37169877219097636,0.4943821353727067
5,3,0.37169877219097636,0.45428605177651393
5,3,0.37169877219097636,0.4943821353727067
5,3,0.33502941430405464,0.45428605177651393
5,3,0.37169877219097636,0.45428605177651393
5,3,0.37169877219097636,0.45428605177651393
5,3,0.33502941430405464,0.45428605177651393
5,3,0.33502941430405464,0.41418996818032117
5,3,0.33502941430405464,0.45428605177651393
5,3,0.29836005641713204,0.41418996818032117
5,3,0.33502941430405464,0.41418996818032117
5,3,0.33502941430405464,0.41418996818032117
5,3,0.29836005641713204,0.41418996818032117
5,3,0.29836005641713204,0.3740938845841284
5,3,0.29836005641713204,0.41418996818032117
5,3,0.26169069853020943,0.3740938845841284
5,3,0.29836005641713204,0.3740938845841284
5,3,0.29836005641713204,0.3740938845841284
5,3,0.26169069853020943,0.3740938845841284
5,3,0.26169069853020943,0.3339978009879361
5,3,0.26169069853020943,0.3740938845841284
5,3,0.22502134064328683,0.3339978009879361
5,3,0.26169069853020943,0.3339978009879361
5,3,0.26169069853020943,0.3339978009879361
5,3,0.22502134064328683,0.3339978009879361
5,3,0.22502134064328683,0.2939017173917433
5,3,0.22502134064328683,0.3339978009879361
5,3,0.18835198275636422,0.2939017173917433
5,3,0.22502134064328683,0.2939017173917433
5,3,0.22502134064328683,0.2939017173917433
5,3,0.18835198275636422,0.2939017173917433
5,3,0.18835198275636422,0.25380563379555054
5,3,0.18835198275636422,0.2939017173917433
5,3,0.15168262486944162,0.25380563379555054
5,3,0.18835198275636422,0.25380563379555054
5,3,0.18835198275636422,0.25380563379555054
5,3,0.15168262486944162,0.25380563379555054
5,3,0.15168262486944162,0.21370955019935778
5,3,0.15168262486944162,0.25380563379555054
5,3,0.11501326698251901,0.21370955019935778
5,3,0.15168262486944162,0.21370955019935778
5,3,0.15168262486944162,0.21370955019935778
5,3,0.11501326698251901,0.21370955019935778
5,3,0.11501326698251901,0.17361346660316546
5,3,0.11501326698251901,0.21370955019935778
5,3,0.07834390909559641,0.17361346660316546
5,3,0.11501326698251901,0.17361346660316546
5,3,0.11501326698251901,0.17361346660316546
5,3,0.07834390909559641,0.17361346660316546
5,3,0.07834390909559641,0.1335173830069727
5,3,0.07834390909559641,0.17361346660316546
5,3,0.041674551208673805,0.1335173830069727
5,3,0.07834390909559641,0.1335173830069727
5,3,0.07834390909559641,0.1335173830069727
5,3,0.041674551208673805,0.1335173830069727
5,3,0.041674551208673805,0.09342129941077992
5,3,0.37169877219097636,0.4943821353727067
5,3,0.33502941430405464,0.4943821353727067
5,3,0.33502941430405464,0.45428605177651393
5,3,0.33502941430405464,0.4943821353727067
5,3,0.29836005641713204,0.45428605177651393
5,3,0.33502941430405464,0.45428605177651393
5,3,0.33502941430405464,0.45428605177651393
5,3,0.29836005641713204,0.45428605177651393
5,3,0.29836005641713204,0.41418996818032117
5,3,0.29836005641713204,0.45428605177651393
5,3,0.26169069853020943,0.41418996818032117
5,3,0.29836005641713204,0.41418996818032117
5,3,0.29836005641713204,0.41418996818032117
5,3,0.26169069853020943,0.41418996818032117
5,3,0.26169069853020943,0.3740938845841284
5,3,0.26169069853020943,0.41418996818032117
5,3,0.22502134064328683,0.3740938845841284
5,3,0.26169069853020943,0.3740938845841284
5,3,0.26169069853020943,0.3740938845841284
5,3,0.22502134064328683,0.3740938845841284
5,3,0.22502134064328683,0.3339978009879361
5,3,0.22502134064328683,0.3740938845841284
5,3,0.18835198275636422,0.3339978009879361
5,3,0.22502134064328683,0.3339978009879361
5,3,0.22502134064328683,0.3339978009879361
5,3,0.18835198275636422,0.3339978009879361
5,3,0.18835198275636422,0.2939017173917433
5,3,0.18835198275636422,0.3339978009879361
5,3,0.15168262486944162,0.2939017173917433
5,3,0.18835198275636422,0.2939017173917433
5,3,0.18835198275636422,0.2939017173917433
5,3,0.15168262486944162,0.2939017173917433
5,3,0.15168262486944162,0.25380563379555054
5,3,0.15168262486944162,0.2939017173917433
5,3,0.11501326698251901,0.25380563379555054
5,3,0.15168262486944162,0.25380563379555054
5,3,0.15168262486944162,0.25380563379555054
5,3,0.11501326698251901,0.25380563379555054
5,3,0.11501326698251901,0.21370955019935778
5,3,0.11501326698251901,0.25380563379555054
5,3,0.07834390909559641,0.21370955019935778
5,3,0.11501326698251901,0.21370955019935778
5,3,0.11501326698251901,0.21370955019935778
5,3,0.07834390909559641,0.21370955019935778
5,3,0.07834390909559641,0.17361346660316546
5,3,0.07834390909559641,0.21370955019935778
5,3,0.041674551208673805,0.17361346660316546
5,3,0.07834390909559641,0.17361346660316546
5,3,0.07834390909559641,0.17361346660316546
5,3,0.041674551208673805,0.17361346660316546
5,3,0.041674551208673805,0.1335173830069727
5,3,0.33502941430405464,0.4943821353727067
5,3,0.29836005641713204,0.4943821353727067
5,3,0.29836005641713204,0.45428605177651393
5,3,0.29836005641713204,0.4943821353727067
5,3,0.26169069853020943,0.45428605177651393
5,3,0.29836005641713204,0.45428605177651393
5,3,0.29836005641713204,0.45428605177651393
5,3,0.26169069853020943,0.45428605177651393
5,3,0.26169069853020943,0.41418996818032117
5,3,0.26169069853020943,0.45428605177651393
5,3,0.22502134064328683,0.41418996818032117
5,3,0.26169069853020943,0.41418996818032117
5,3,0.26169069853020943,0.41418996818032117
5,3,0.22502134064328683,0.41418996818032117
5,3,0.22502134064328683,0.3740938845841284
5,3,0.22502134064328683,0.41418996818032117
5,3,0.18835198275636422,0.3740938845841284
5,3,0.22502134064328683,0.3740938845841284
5,3,0.22502134064328683,0.3740938845841284
5,3,0.18835198275636422,0.3740938845841284
5,3,0.18835198275636422,0.3339978009879361
5,3,0.18835198275636422,0.3740938845841284
5,3,0.15168262486944162,0.3339978009879361
5,3,0.18835198275636422,0.3339978009879361
5,3,0.18835198275636422,0.3339978009879361
5,3,0.15168262486944162,0.3339978009879361
5,3,0.15168262486944162,0.2939017173917433
5,3,0.15168262486944162,0.3339978009879361
5,3,0.11501326698251901,0.2939017173917433
5,3,0.15168262486944162,0.2939017173917433
5,3,0.15168262486944162,0.2939017173917433
5,3,0.11501326698251901,0.2939017173917433
5,3,0.11501326698251901,0.25380563379555054
5,3,0.11501326698251901,0.2939017173917433
5,3,0.07834390909559641,0.25380563379555054
5,3,0.11501326698251901,0.25380563379555054
5,3,0.11501326698251901,0.25380563379555054
5,3,0.07834390909559641,0.25380563379555054
5,3,0.07834390909559641,0.21370955019935778
5,3,0.07834390909559641,0.25380563379555054
5,3,0.041674551208673805,0.21370955019935778
5,3,0.07834390909559641,0.21370955019935778
5,3,0.07834390909559641,0.21370955019935778
5,3,0.041674551208673805,0.21370955019935778
5,3,0.041674551208673805,0.17361346660316546
5,3,0.29836005641713204,0.4943821353727067
5,3,0.26169069853020943,0.4943821353727067
5,3,0.26169069853020943,0.45428605177651393
5,3,0.26169069853020943,0.4943821353727067
5,3,0.22502134064328683,0.45428605177651393
5,3,0.26169069853020943,0.45428605177651393
5,3,0.26169069853020943,0.45428605177651393
5,3,0.22502134064328683,0.45428605177651393
5,3,0.22502134064328683,0.41418996818032117
5,3,0.22502134064328683,0.45428605177651393
5,3,0.18835198275636422,0.41418996818032117
5,3,0.22502134064328683,0.41418996818032117
5,3,0.22502134064328683,0.41418996818032117
5,3,0.18835198275636422,0.41418996818032117
5,3,0.18835198275636422,0.3740938845841284
5,3,0.18835198275636422,0.41418996818032117
5,3,0.15168262486944162,0.3740938845841284
5,3,0.18835198275636422,0.3740938845841284
5,3,0.18835198275636422,0.3740938845841284
5,3,0.15168262486944162,0.3740938845841284
5,3,0.15168262486944162,0.3339978009879361
5,3,0.15168262486944162,0.3740938845841284
5,3,0.11501326698251901,0.3339978009879361
5,3,0.15168262486944162,0.3339978009879361
5,3,0.15168262486944162,0.3339978009879361
5,3,0.11501326698251901,0.3339978009879361
5,3,0.11501326698251901,0.2939017173917433
5,3,0.11501326698251901,0.3339978009879361
5,3,0.07834390909559641,0.2939017173917433
5,3,0.11501326698251901,0.2939017173917433
5,3,0.11501326698251901,0.2939017173917433
5,3,0.07834390909559641,0.2939017173917433
5,3,0.07834390909559641,0.25380563379555054
5,3,0.07834390909559641,0.2939017173917433
5,3,0.041674551208673805,0.25380563379555054
5,3,0.07834390909559641,0.25380563379555054
5,3,0.07834390909559641,0.25380563379555054
5,3,0.041674551208673805,0.25380563379555054
5,3,0.041674551208673805,0.21370955019935778
5,3,0.26169069853020943,0.4943821353727067
5,3,0.22502134064328683,0.4943821353727067
5,3,0.22502134064328683,0.45428605177651393
5,3,0.22502134064328683,0.4943821353727067
5,3,0.18835198275636422,0.45428605177651393
5,3,0.22502134064328683,0.45428605177651393
5,3,0.22502134064328683,0.45428605177651393
5,3,0.18835198275636422,0.45428605177651393
5,3,0.18835198275636422,0.41418996818032117
5,3,0.18835198275636422,0.45428605177651393
5,3,0.15168262486944162,0.41418996818032117
5,3,0.18835198275636422,0.41418996818032117
5,3,0.18835198275636422,0.41418996818032117
5,3,0.15168262486944162,0.41418996818032117
5,3,0.15168262486944162,0.3740938845841284
5,3,0.15168262486944162,0.41418996818032117
5,3,0.11501326698251901,0.3740938845841284
5,3,0.15168262486944162,0.3740938845841284
5,3,0.15168262486944162,0.3740938845841284
5,3,0.11501326698251901,0.3740938845841284
5,3,0.11501326698251901,0.3339978009879361
5,3,0.11501326698251901,0.3740938845841284
5,3,0.07834390909559641,0.3339978009879361
5,3,0.11501326698251901,0.3339978009879361
5,3,0.11501326698251901,0.3339978009879361
5,3,0.07834390909559641,0.3339978009879361
5,3,0.07834390909559641,0.2939017173917433
5,3,0.07834390909559641,0.3339978009879361
5,3,0.041674551208673805,0.2939017173917433
5,3,0.07834390909559641,0.2939017173917433
5,3,0.07834390909559641,0.2939017173917433
5,3,0.041674551208673805,0.2939017173917433
5,3,0.041674551208673805,0.25380563379555054
5,3,0.22502134064328683,0.4943821353727067
5,3,0.18835198275636422,0.4943821353727067
5,3,0.18835198275636422,0.45428605177651393
5,3,0.18835198275636422,0.4943821353727067
5,3,0.15168262486944162,0.45428605177651393
5,3,0.18835198275636422,0.45428605177651393
5,3,0.18835198275636422,0.45428605177651393
5,3,0.15168262486944162,0.45428605177651393
5,3,0.15168262486944162,0.41418996818032117
5,3,0.15168262486944162,0.45428605177651393
5,3,0.11501326698251901,0.41418996818032117
5,3,0.15168262486944162,0.41418996818032117
5,3,0.15168262486944162,0.41418996818032117
5,3,0.11501326698251901,0.41418996818032117
5,3,0.11501326698251901,0.3740938845841284
5,3,0.11501326698251901,0.41418996818032117
5,3,0.07834390909559641,0.3740938845841284
5,3,0.11501326698251901,0.3740938845841284
5,3,0.11501326698251901,0.3740938845841284
5,3,0.07834390909559641,0.3740938845841284
5,3,0.07834390909559641,0.3339978009879361
5,3,0.07834390909559641,0.3740938845841284
5,3,0.041674551208673805,0.3339978009879361
5,3,0.07834390909559641,0.3339978009879361
5,3,0.07834390909559641,0.3339978009879361
5,3,0.041674551208673805,0.3339978009879361
5,3,0.041674551208673805,0.2939017173917433
5,3,0.18835198275636422,0.4943821353727067
5,3,0.15168262486944162,0.4943821353727067
5,3,0.15168262486944162,0.45428605177651393
5,3,0.15168262486944162,0.4943821353727067
5,3,0.11501326698251901,0.45428605177651393
5,3,0.15168262486944162,0.45428605177651393
5,3,0.15168262486944162,0.45428605177651393
5,3,0.11501326698251901,0.45428605177651393
5,3,0.11501326698251901,0.41418996818032117
5,3,0.11501326698251901,0.45428605177651393
5,3,0.07834390909559641,0.41418996818032117
5,3,0.11501326698251901,0.41418996818032117
5,3,0.11501326698251901,0.41418996818032117
5,3,0.07834390909559641,0.41418996818032117
5,3,0.07834390909559641,0.3740938845841284
5,3,0.07834390909559641,0.41418996818032117
5,3,0.041674551208673805,0.3740938845841284
5,3,0.07834390909559641,0.3740938845841284
5,3,0.07834390909559641,0.3740938845841284
5,3,0.041674551208673805,0.3740938845841284
5,3,0.041674551208673805,0.3339978009879361
5,3,0.15168262486944162,0.4943821353727067
5,3,0.11501326698251901,0.4943821353727067
5,3,0.11501326698251901,0.45428605177651393
5,3,0.11501326698251901,0.4943821353727067
5,3,0.07834390909559641,0.45428605177651393
5,3,0.11501326698251901,0.45428605177651393
5,3,0.11501326698251901,0.45428605177651393
5,3,0.07834390909559641,0.45428605177651393
5,3,0.07834390909559641,0.41418996818032117
5,3,0.07834390909559641,0.45428605177651393
5,3,0.041674551208673805,0.41418996818032117
5,3,0.07834390909559641,0.41418996818032117
5,3,0.07834390909559641,0.41418996818032117
5,3,0.041674551208673805,0.41418996818032117
5,3,0.041674551208673805,0.3740938845841284
5,3,0.11501326698251901,0.4943821353727067
5,3,0.07834390909559641,0.4943821353727067
5,3,0.07834390909559641,0.45428605177651393
5,3,0.07834390909559641,0.4943821353727067
5,3,0.041674551208673805,0.45428605177651393
5,3,0.07834390909559641,0.45428605177651393
5,3,0.07834390909559641,0.45428605177651393
5,3,0.041674551208673805,0.45428605177651393
5,3,0.041674551208673805,0.41418996818032117
5,3,0.07834390909559641,0.4943821353727067
5,3,0.041674551208673805,0.4943821353727067
5,3,0.041674551208673805,0.45428605177651393
5,3,0.041674551208673805,0.09342129941077992
5,3,0.07834390909559641,0.09342129941077992
5,3,0.07834390909559641,0.1335173830069727
5,3,0.07834390909559641,0.09342129941077992
5,3,0.11501326698251901,0.1335173830069727
5,3,0.07834390909559641,0.1335173830069727
5,3,0.07834390909559641,0.1335173830069727
5,3,0.11501326698251901,0.1335173830069727
5,3,0.11501326698251901,0.17361346660316546
5,3,0.11501326698251901,0.1335173830069727
5,3,0.15168262486944162,0.17361346660316546
5,3,0.11501326698251901,0.17361346660316546
5,3,0.11501326698251901,0.17361346660316546
5,3,0.15168262486944162,0.17361346660316546
5,3,0.15168262486944162,0.21370955019935778
5,3,0.15168262486944162,0.17361346660316546
5,3,0.18835198275636422,0.21370955019935778
5,3,0.15168262486944162,0.21370955019935778
5,3,0.15168262486944162,0.21370955019935778
5,3,0.18835198275636422,0.21370955019935778
5,3,0.18835198275636422,0.25380563379555054
5,3,0.18835198275636422,0.21370955019935778
5,3,0.22502134064328683,0.25380563379555054
5,3,0.18835198275636422,0.25380563379555054
5,3,0.18835198275636422,0.25380563379555054
5,3,0.22502134064328683,0.25380563379555054
5,3,0.22502134064328683,0.2939017173917433
5,3,0.22502134064328683,0.25380563379555054
5,3,0.26169069853020943,0.2939017173917433
5,3,0.22502134064328683,0.2939017173917433
5,3,0.22502134064328683,0.2939017173917433
5,3,0.26169069853020943,0.2939017173917433
5,3,0.26169069853020943,0.3339978009879361
5,3,0.26169069853020943,0.2939017173917433
5,3,0.29836005641713204,0.3339978009879361
5,3,0.26169069853020943,0.3339978009879361
5,3,0.26169069853020943,0.3339978009879361
5,3,0.29836005641713204,0.3339978009879361
5,3,0.29836005641713204,0.3740938845841284
5,3,0.29836005641713204,0.3339978009879361
5,3,0.33502941430405464,0.3740938845841284
5,3,0.29836005641713204,0.3740938845841284
5,3,0.29836005641713204,0.3740938845841284
5,3,0.33502941430405464,0.3740938845841284
5,3,0.33502941430405464,0.41418996818032117
5,3,0.33502941430405464,0.3740938845841284
5,3,0.37169877219097636,0.41418996818032117
5,3,0.33502941430405464,0.41418996818032117
5,3,0.33502941430405464,0.41418996818032117
5,3,0.37169877219097636,0.41418996818032117
5,3,0.37169877219097636,0.45428605177651393
5,3,0.37169877219097636,0.41418996818032117
5,3,0.40836813007789896,0.45428605177651393
5,3,0.37169877219097636,0.45428605177651393
5,3,0.37169877219097636,0.45428605177651393
5,3,0.40836813007789896,0.45428605177651393
5,3,0.40836813007789896,0.4943821353727067
5,3,0.07834390909559641,0.09342129941077992
5,3,0.11501326698251901,0.09342129941077992
5,3,0.11501326698251901,0.1335173830069727
5,3,0.11501326698251901,0.09342129941077992
5,3,0.15168262486944162,0.1335173830069727
5,3,0.11501326698251901,0.1335173830069727
5,3,0.11501326698251901,0.1335173830069727
5,3,0.15168262486944162,0.1335173830069727
5,3,0.15168262486944162,0.17361346660316546
5,3,0.15168262486944162,0.1335173830069727
5,3,0.18835198275636422,0.17361346660316546
5,3,0.15168262486944162,0.17361346660316546
5,3,0.15168262486944162,0.17361346660316546
5,3,0.18835198275636422,0.17361346660316546
5,3,0.18835198275636422,0.21370955019935778
5,3,0.18835198275636422,0.17361346660316546
5,3,0.22502134064328683,0.21370955019935778
5,3,0.18835198275636422,0.21370955019935778
5,3,0.18835198275636422,0.21370955019935778
5,3,0.22502134064328683,0.21370955019935778
5,3,0.22502134064328683,0.25380563379555054
5,3,0.22502134064328683,0.21370955019935778
5,3,0.26169069853020943,0.25380563379555054
5,3,0.22502134064328683,0.25380563379555054
5,3,0.22502134064328683,0.25380563379555054
5,3,0.26169069853020943,0.25380563379555054
5,3,0.26169069853020943,0.2939017173917433
5,3,0.26169069853020943,0.25380563379555054
5,3,0.29836005641713204,0.2939017173917433
5,3,0.26169069853020943,0.2939017173917433
5,3,0.26169069853020943,0.2939017173917433
5,3,0.29836005641713204,0.2939017173917433
5,3,0.29836005641713204,0.3339978009879361
5,3,0.29836005641713204,0.2939017173917433
5,3,0.33502941430405464,0.3339978009879361
5,3,0.29836005641713204,0.3339978009879361
5,3,0.29836005641713204,0.3339978009879361
5,3,0.33502941430405464,0.3339978009879361
5,3,0.33502941430405464,0.3740938845841284
5,3,0.33502941430405464,0.3339978009879361
5,3,0.37169877219097636,0.3740938845841284
5,3,0.33502941430405464,0.3740938845841284
5,3,0.33502941430405464,0.3740938845841284
5,3,0.37169877219097636,0.3740938845841284
5,3,0.37169877219097636,0.41418996818032117
5,3,0.37169877219097636,0.3740938845841284
5,3,0.40836813007789896,0.41418996818032117
5,3,0.37169877219097636,0.41418996818032117
5,3,0.37169877219097636,0.41418996818032117
5,3,0.40836813007789896,0.41418996818032117
5,3,0.40836813007789896,0.45428605177651393
5,3,0.11501326698251901,0.09342129941077992
5,3,0.15168262486944162,0.09342129941077992
5,3,0.15168262486944162,0.1335173830069727
5,3,0.15168262486944162,0.09342129941077992
5,3,0.18835198275636422,0.1335173830069727
5,3,0.15168262486944162,0.1335173830069727
5,3,0.15168262486944162,0.1335173830069727
5,3,0.18835198275636422,0.1335173830069727
5,3,0.18835198275636422,0.17361346660316546
5,3,0.18835198275636422,0.1335173830069727
5,3,0.22502134064328683,0.17361346660316546
5,3,0.18835198275636422,0.17361346660316546
5,3,0.18835198275636422,0.17361346660316546
5,3,0.22502134064328683,0.17361346660316546
5,3,0.22502134064328683,0.21370955019935778
5,3,0.22502134064328683,0.17361346660316546
5,3,0.26169069853020943,0.21370955019935778
5,3,0.22502134064328683,0.21370955019935778
5,3,0.22502134064328683,0.21370955019935778
5,3,0.26169069853020943,0.21370955019935778
5,3,0.26169069853020943,0.25380563379555054
5,3,0.26169069853020943,0.21370955019935778
5,3,0.29836005641713204,0.25380563379555054
5,3,0.26169069853020943,0.25380563379555054
5,3,0.26169069853020943,0.25380563379555054
5,3,0.29836005641713204,0.25380563379555054
5,3,0.29836005641713204,0.2939017173917433
5,3,0.29836005641713204,0.25380563379555054
5,3,0.33502941430405464,0.2939017173917433
5,3,0.29836005641713204,0.2939017173917433
5,3,0.29836005641713204,0.2939017173917433
5,3,0.33502941430405464,0.2939017173917433
5,3,0.33502941430405464,0.3339978009879361
5,3,0.33502941430405464,0.2939017173917433
5,3,0.37169877219097636,0.3339978009879361
5,3,0.33502941430405464,0.3339978009879361
5,3,0.33502941430405464,0.3339978009879361
5,3,0.37169877219097636,0.3339978009879361
5,3,0.37169877219097636,0.3740938845841284
5,3,0.37169877219097636,0.3339978009879361
5,3,0.40836813007789896,0.3740938845841284
5,3,0.37169877219097636,0.3740938845841284
5,3,0.37169877219097636,0.3740938845841284
5,3,0.40836813007789896,0.3740938845841284
5,3,0.40836813007789896,0.41418996818032117
5,3,0.15168262486944162,0.09342129941077992
5,3,0.18835198275636422,0.09342129941077992
5,3,0.18835198275636422,0.1335173830069727
5,3,0.18835198275636422,0.09342129941077992
5,3,0.22502134064328683,0.1335173830069727
5,3,0.18835198275636422,0.1335173830069727
5,3,0.18835198275636422,0.1335173830069727
5,3,0.22502134064328683,0.1335173830069727
5,3,0.22502134064328683,0.17361346660316546
5,3,0.22502134064328683,0.1335173830069727
5,3,0.26169069853020943,0.17361346660316546
5,3,0.22502134064328683,0.17361346660316546
5,3,0.22502134064328683,0.17361346660316546
5,3,0.26169069853020943,0.17361346660316546
5,3,0.26169069853020943,0.21370955019935778
5,3,0.26169069853020943,0.17361346660316546
5,3,0.29836005641713204,0.21370955019935778
5,3,0.26169069853020943,0.21370955019935778
5,3,0.26169069853020943,0.21370955019935778
5,3,0.29836005641713204,0.21370955019935778
5,3,0.29836005641713204,0.25380563379555054
5,3,0.29836005641713204,0.21370955019935778
5,3,0.33502941430405464,0.25380563379555054
5,3,0.29836005641713204,0.25380563379555054
5,3,0.29836005641713204,0.25380563379555054
5,3,0.33502941430405464,0.25380563379555054
5,3,0.33502941430405464,0.2939017173917433
5,3,0.33502941430405464,0.25380563379555054
5,3,0.37169877219097636,0.2939017173917433
5,3,0.33502941430405464,0.2939017173917433
5,3,0.33502941430405464,0.2939017173917433
5,3,0.37169877219097636,0.2939017173917433
5,3,0.37169877219097636,0.3339978009879361
5,3,0.37169877219097636,0.2939017173917433
5,3,0.40836813007789896,0.3339978009879361
5,3,0.37169877219097636,0.3339978009879361
5,3,0.37169877219097636,0.3339978009879361
5,3,0.40836813007789896,0.3339978009879361
5,3,0.40836813007789896,0.3740938845841284
5,3,0.18835198275636422,0.09342129941077992
5,3,0.22502134064328683,0.09342129941077992
5,3,0.22502134064328683,0.1335173830069727
5,3,0.22502134064328683,0.09342129941077992
5,3,0.26169069853020943,0.1335173830069727
5,3,0.22502134064328683,0.1335173830069727
5,3,0.22502134064328683,0.1335173830069727
5,3,0.26169069853020943,0.1335173830069727
5,3,0.26169069853020943,0.17361346660316546
5,3,0.26169069853020943,0.1335173830069727
5,3,0.29836005641713204,0.17361346660316546
5,3,0.26169069853020943,0.17361346660316546
5,3,0.26169069853020943,0.17361346660316546
5,3,0.29836005641713204,0.17361346660316546
5,3,0.29836005641713204,0.21370955019935778
5,3,0.29836005641713204,0.17361346660316546
5,3,0.33502941430405464,0.21370955019935778
5,3,0.29836005641713204,0.21370955019935778
5,3,0.29836005641713204,0.21370955019935778
5,3,0.33502941430405464,0.21370955019935778
5,3,0.33502941430405464,0.25380563379555054
5,3,0.33502941430405464,0.21370955019935778
5,3,0.37169877219097636,0.25380563379555054
5,3,0.33502941430405464,0.25380563379555054
5,3,0.33502941430405464,0.25380563379555054
5,3,0.37169877219097636,0.25380563379555054
5,3,0.37169877219097636,0.2939017173917433
5,3,0.37169877219097636,0.25380563379555054
5,3,0.40836813007789896,0.2939017173917433
5,3,0.37169877219097636,0.2939017173917433
5,3,0.37169877219097636,0.2939017173917433
5,3,0.40836813007789896,0.2939017173917433
5,3,0.40836813007789896,0.3339978009879361
5,3,0.22502134064328683,0.09342129941077992
5,3,0.26169069853020943,0.09342129941077992
5,3,0.26169069853020943,0.1335173830069727
5,3,0.26169069853020943,0.09342129941077992
5,3,0.29836005641713204,0.1335173830069727
5,3,0.26169069853020943,0.1335173830069727
5,3,0.26169069853020943,0.1335173830069727
5,3,0.29836005641713204,0.1335173830069727
5,3,0.29836005641713204,0.17361346660316546
5,3,0.29836005641713204,0.1335173830069727
5,3,0.33502941430405464,0.17361346660316546
5,3,0.29836005641713204,0.17361346660316546
5,3,0.29836005641713204,0.17361346660316546
5,3,0.33502941430405464,0.17361346660316546
5,3,0.33502941430405464,0.21370955019935778
5,3,0.33502941430405464,0.17361346660316546
5,3,0.37169877219097636,0.21370955019935778
5,3,0.33502941430405464,0.21370955019935778
5,3,0.33502941430405464,0.21370955019935778
5,3,0.37169877219097636,0.21370955019935778
5,3,0.37169877219097636,0.25380563379555054
5,3,0.37169877219097636,0.21370955019935778
5,3,0.40836813007789896,0.25380563379555054
5,3,0.37169877219097636,0.25380563379555054
5,3,0.37169877219097636,0.25380563379555054
5,3,0.40836813007789896,0.25380563379555054
5,3,0.40836813007789896,0.2939017173917433
5,3,0.26169069853020943,0.09342129941077992
5,3,0.29836005641713204,0.09342129941077992
5,3,0.29836005641713204,0.1335173830069727
5,3,0.29836005641713204,0.09342129941077992
5,3,0.33502941430405464,0.1335173830069727
5,3,0.29836005641713204,0.1335173830069727
5,3,0.29836005641713204,0.1335173830069727
5,3,0.33502941430405464,0.1335173830069727
5,3,0.33502941430405464,0.17361346660316546
5,3,0.33502941430405464,0.1335173830069727
5,3,0.37169877219097636,0.17361346660316546
5,3,0.33502941430405464,0.17361346660316546
5,3,0.33502941430405464,0.17361346660316546
5,3,0.37169877219097636,0.17361346660316546
5,3,0.37169877219097636,0.21370955019935778
5,3,0.37169877219097636,0.17361346660316546
5,3,0.40836813007789896,0.21370955019935778
5,3,0.37169877219097636,0.21370955019935778
5,3,0.37169877219097636,0.21370955019935778
5,3,0.40836813007789896,0.21370955019935778
5,3,0.40836813007789896,0.25380563379555054
5,3,0.29836005641713204,0.09342129941077992
5,3,0.33502941430405464,0.09342129941077992
5,3,0.33502941430405464,0.1335173830069727
5,3,0.33502941430405464,0.09342129941077992
5,3,0.37169877219097636,0.1335173830069727
5,3,0.33502941430405464,0.1335173830069727
5,3,0.33502941430405464,0.1335173830069727
5,3,0.37169877219097636,0.1335173830069727
5,3,0.37169877219097636,0.17361346660316546
5,3,0.37169877219097636,0.1335173830069727
5,3,0.40836813007789896,0.17361346660316546
5,3,0.37169877219097636,0.17361346660316546
5,3,0.37169877219097636,0.17361346660316546
5,3,0.40836813007789896,0.17361346660316546
5,3,0.40836813007789896,0.21370955019935778
5,3,0.33502941430405464,0.09342129941077992
5,3,0.37169877219097636,0.09342129941077992
5,3,0.37169877219097636,0.1335173830069727
5,3,0.37169877219097636,0.09342129941077992
5,3,0.40836813007789896,0.1335173830069727
5,3,0.37169877219097636,0.1335173830069727
5,3,0.37169877219097636,0.1335173830069727
5,3,0.40836813007789896,0.1335173830069727
5,3,0.40836813007789896,0.17361346660316546
5,3,0.37169877219097636,0.09342129941077992
5,3,0.40836813007789896,0.09342129941077992
5,3,0.40836813007789896,0.1335173830069727
5,3,0.5,0.5
5,3,0.36687916343978255,0.42084551903195955
5,3,0.36687916343978255,0.5791544809680405
5,3,0.6331208365602174,0.42084551903195955
5,3,0.6331208365602174,0.5791544809680405
5,3,0.2943449698972733,0.34957410358970264
5,3,0.33966385511286834,0.34957410358970264
5,3,0.33966385511286834,0.38327311822095833
5,3,0.33966385511286834,0.34957410358970264
5,3,0.38498274032846336,0.38327311822095833
5,3,0.33966385511286834,0.38327311822095833
5,3,0.33966385511286834,0.38327311822095833
5,3,0.38498274032846336,0.38327311822095833
5,3,0.38498274032846336,0.41697213285221446
5,3,0.38498274032846336,0.38327311822095833
5,3,0.4303016255440575,0.41697213285221446
5,3,0.38498274032846336,0.41697213285221446
5,3,0.38498274032846336,0.41697213285221446
5,3,0.4303016255440575,0.41697213285221446
5,3,0.4303016255440575,0.45067114748347015
5,3,0.4303016255440575,0.41697213285221446
5,3,0.4756205107596525,0.45067114748347015
5,3,0.4303016255440575,0.45067114748347015
5,3,0.4303016255440575,0.45067114748347015
5,3,0.4756205107596525,0.45067114748347015
5,3,0.4756205107596525,0.48437016211472583
5,3,0.4756205107596525,0.45067114748347015
5,3,0.5209393959752475,0.48437016211472583
5,3,0.4756205107596525,0.48437016211472583
5,3,0.4756205107596525,0.48437016211472583
5,3,0.5209393959752475,0.48437016211472583
5,3,0.5209393959752475,0.5180691767459815
5,3,0.5209393959752475,0.48437016211472583
5,3,0.5662582811908417,0.5180691767459815
5,3,0.5209393959752475,0.5180691767459815
5,3,0.5209393959752475,0.5180691767459815
5,3,0.5662582811908417,0.5180691767459815
5,3,0.5662582811908417,0.5517681913772372
5,3,0.5662582811908417,0.5180691767459815
5,3,0.6115771664064367,0.5517681913772372
5,3,0.5662582811908417,0.5517681913772372
5,3,0.5662582811908417,0.5517681913772372
5,3,0.6115771664064367,0.5517681913772372
5,3,0.6115771664064367,0.5854672060084933
5,3,0.6115771664064367,0.5517681913772372
5,3,0.6568960516220317,0.5854672060084933
5,3,0.6115771664064367,0.5854672060084933
5,3,0.6115771664064367,0.5854672060084933
5,3,0.6568960516220317,0.5854672060084933
5,3,0.6568960516220317,0.619166220639749
5,3,0.6568960516220317,0.5854672060084933
5,3,0.7022149368376258,0.619166220639749
5,3,0.6568960516220317,0.619166220639749
5,3,0.6568960516220317,0.619166220639749
5,3,0.7022149368376258,0.619166220639749
5,3,0.7022149368376258,0.6528652352710047
5,3,0.33966385511286834,0.34957410358970264
5,3,0.38498274032846336,0.34957410358970264
5,3,0.38498274032846336,0.38327311822095833
5,3,0.38498274032846336,0.34957410358970264
5,3,0.4303016255440575,0.38327311822095833
5,3,0.38498274032846336,0.38327311822095833
5,3,0.38498274032846336,0.38327311822095833
5,3,0.4303016255440575,0.38327311822095833
5,3,0.4303016255440575,0.41697213285221446
5,3,0.4303016255440575,0.38327311822095833
5,3,0.4756205107596525,0.41697213285221446
5,3,0.4303016255440575,0.41697213285221446
5,3,0.4303016255440575,0.41697213285221446
5,3,0.4756205107596525,0.41697213285221446
5,3,0.4756205107596525,0.45067114748347015
5,3,0.4756205107596525,0.41697213285221446
5,3,0.5209393959752475,0.45067114748347015
5,3,0.4756205107596525,0.45067114748347015
5,3,0.4756205107596525,0.45067114748347015
5,3,0.5209393959752475,0.45067114748347015
5,3,0.5209393959752475,0.48437016211472583
5,3,0.5209393959752475,0.45067114748347015
5,3,0.5662582811908417,0.48437016211472583
5,3,0.5209393959752475,0.48437016211472583
5,3,0.5209393959752475,0.48437016211472583
5,3,0.5662582811908417,0.48437016211472583
5,3,0.5662582811908417,0.5180691767459815
5,3,0.5662582811908417,0.48437016211472583
5,3,0.6115771664064367,0.5180691767459815
5,3,0.5662582811908417,0.5180691767459815
5,3,0.5662582811908417,0.5180691767459815
5,3,0.6115771664064367,0.5180691767459815
5,3,0.6115771664064367,0.5517681913772372
5,3,0.6115771664064367,0.5180691767459815
5,3,0.6568960516220317,0.5517681913772372
5,3,0.6115771664064367,0.5517681913772372
5,3,0.6115771664064367,0.5517681913772372
5,3,0.6568960516220317,0.5517681913772372
5,3,0.6568960516220317,0.5854672060084933
5,3,0.6568960516220317,0.5517681913772372
5,3,0.7022149368376258,0.5854672060084933
5,3,0.6568960516220317,0.5854672060084933
5,3,0.6568960516220317,0.5854672060084933
5,3,0.7022149368376258,0.5854672060084933
5,3,0.7022149368376258,0.619166220639749
5,3,0.38498274032846336,0.34957410358970264
5,3,0.4303016255440575,0.34957410358970264
5,3,0.4303016255440575,0.38327311822095833
5,3,0.4303016255440575,0.34957410358970264
5,3,0.4756205107596525,0.38327311822095833
5,3,0.4303016255440575,0.38327311822095833
5,3,0.4303016255440575,0.38327311822095833
5,3,0.4756205107596525,0.38327311822095833
5,3,0.4756205107596525,0.41697213285221446
5,3,0.4756205107596525,0.38327311822095833
5,3,0.5209393959752475,0.41697213285221446
5,3,0.4756205107596525,0.41697213285221446
5,3,0.4756205107596525,0.41697213285221446
5,3,0.5209393959752475,0.41697213285221446
5,3,0.5209393959752475,0.45067114748347015
5,3,0.5209393959752475,0.41697213285221446
5,3,0.5662582811908417,0.45067114748347015
5,3,0.5209393959752475,0.45067114748347015
5,3,0.5209393959752475,0.45067114748347015
5,3,0.5662582811908417,0.45067114748347015
5,3,0.5662582811908417,0.48437016211472583
5,3,0.5662582811908417,0.45067114748347015
5,3,0.6115771664064367,0.48437016211472583
5,3,0.5662582811908417,0.48437016211472583
5,3,0.5662582811908417,0.48437016211472583
5,3,0.6115771664064367,0.48437016211472583
5,3,0.6115771664064367,0.5180691767459815
5,3,0.6115771664064367,0.48437016211472583
5,3,0.6568960516220317,0.5180691767459815
5,3,0.6115771664064367,0.5180691767459815
5,3,0.6115771664064367,0.5180691767459815
5,3,0.6568960516220317,0.5180691767459815
5,3,0.6568960516220317,0.5517681913772372
5,3,0.6568960516220317,0.5180691767459815
5,3,0.7022149368376258,0.5517681913772372
5,3,0.6568960516220317,0.5517681913772372
5,3,0.6568960516220317,0.5517681913772372
5,3,0.7022149368376258,0.5517681913772372
5,3,0.7022149368376258,0.5854672060084933
5,3,0.4303016255440575,0.34957410358970264
5,3,0.4756205107596525,0.34957410358970264
5,3,0.4756205107596525,0.38327311822095833
5,3,0.4756205107596525,0.34957410358970264
5,3,0.5209393959752475,0.38327311822095833
5,3,0.4756205107596525,0.38327311822095833
5,3,0.4756205107596525,0.38327311822095833
5,3,0.5209393959752475,0.38327311822095833
5,3,0.5209393959752475,0.41697213285221446
5,3,0.5209393959752475,0.38327311822095833
5,3,0.5662582811908417,0.41697213285221446
5,3,0.5209393959752475,0.41697213285221446
5,3,0.5209393959752475,0.41697213285221446
5,3,0.5662582811908417,0.41697213285221446
5,3,0.5662582811908417,0.45067114748347015
5,3,0.5662582811908417,0.41697213285221446
5,3,0.6115771664064367,0.45067114748347015
5,3,0.5662582811908417,0.45067114748347015
5,3,0.5662582811908417,0.45067114748347015
5,3,0.6115771664064367,0.45067114748347015
5,3,0.6115771664064367,0.48437016211472583
5,3,0.6115771664064367,0.45067114748347015
5,3,0.6568960516220317,0.48437016211472583
5,3,0.6115771664064367,0.48437016211472583
5,3,0.6115771664064367,0.48437016211472583
5,3,0.6568960516220317,0.48437016211472583
5,3,0.6568960516220317,0.5180691767459815
5,3,0.6568960516220317,0.48437016211472583
5,3,0.7022149368376258,0.5180691767459815
5,3,0.6568960516220317,0.5180691767459815
5,3,0.6568960516220317,0.5180691767459815
5,3,0.7022149368376258,0.5180691767459815
5,3,0.7022149368376258,0.5517681913772372
5,3,0.4756205107596525,0.34957410358970264
5,3,0.5209393959752475,0.34957410358970264
5,3,0.5209393959752475,0.38327311822095833
5,3,0.5209393959752475,0.34957410358970264
5,3,0.5662582811908417,0.38327311822095833
5,3,0.5209393959752475,0.38327311822095833
5,3,0.5209393959752475,0.38327311822095833
5,3,0.5662582811908417,0.38327311822095833
5,3,0.5662582811908417,0.41697213285221446
5,3,0.5662582811908417,0.38327311822095833
5,3,0.6115771664064367,0.41697213285221446
5,3,0.5662582811908417,0.41697213285221446
5,3,0.5662582811908417,0.41697213285221446
5,3,0.6115771664064367,0.41697213285221446
5,3,0.6115771664064367,0.45067114748347015
5,3,0.6115771664064367,0.41697213285221446
5,3,0.6568960516220317,0.45067114748347015
5,3,0.6115771664064367,0.45067114748347015
5,3,0.6115771664064367,0.45067114748347015
5,3,0.6568960516220317,0.45067114748347015
5,3,0.6568960516220317,0.48437016211472583
5,3,0.6568960516220317,0.45067114748347015
5,3,0.7022149368376258,0.48437016211472583
5,3,0.6568960516220317,0.48437016211472583
5,3,0.6568960516220317,0.48437016211472583
5,3,0.7022149368376258,0.48437016211472583
5,3,0.7022149368376258,0.5180691767459815
5,3,0.5209393959752475,0.34957410358970264
5,3,0.5662582811908417,0.34957410358970264
5,3,0.5662582811908417,0.38327311822095833
5,3,0.5662582811908417,0.34957410358970264
5,3,0.6115771664064367,0.38327311822095833
5,3,0.5662582811908417,0.38327311822095833
5,3,0.5662582811908417,0.38327311822095833
5,3,0.6115771664064367,0.38327311822095833
5,3,0.6115771664064367,0.41697213285221446
5,3,0.6115771664064367,0.38327311822095833
5,3,0.6568960516220317,0.41697213285221446
5,3,0.6115771664064367,0.41697213285221446
5,3,0.6115771664064367,0.41697213285221446
5,3,0.6568960516220317,0.41697213285221446
5,3,0.6568960516220317,0.45067114748347015
5,3,0.6568960516220317,0.41697213285221446
5,3,0.7022149368376258,0.45067114748347015
5,3,0.6568960516220317,0.45067114748347015
5,3,0.6568960516220317,0.45067114748347015
5,3,0.7022149368376258,0.45067114748347015
5,3,0.7022149368376258,0.48437016211472583
5,3,0.5662582811908417,0.34957410358970264
5,3,0.6115771664064367,0.34957410358970264
5,3,0.6115771664064367,0.38327311822095833
5,3,0.6115771664064367,0.34957410358970264
5,3,0.6568960516220317,0.38327311822095833
5,3,0.6115771664064367,0.38327311822095833
5,3,0.6115771664064367,0.38327311822095833
5,3,0.6568960516220317,0.38327311822095833
5,3,0.6568960516220317,0.41697213285221446
5,3,0.6568960516220317,0.38327311822095833
5,3,0.7022149368376258,0.41697213285221446
5,3,0.6568960516220317,0.41697213285221446
5,3,0.6568960516220317,0.41697213285221446
5,3,0.7022149368376258,0.41697213285221446
5,3,0.7022149368376258,0.45067114748347015
5,3,0.6115771664064367,0.34957410358970264
5,3,0.6568960516220317,0.34957410358970264
5,3,0.6568960516220317,0.38327311822095833
5,3,0.6568960516220317,0.34957410358970264
5,3,0.7022149368376258,0.38327311822095833
5,3,0.6568960516220317,0.38327311822095833
5,3,0.6568960516220317,0.38327311822095833
5,3,0.7022149368376258,0.38327311822095833
5,3,0.7022149368376258,0.41697213285221446
5,3,0.6568960516220317,0.34957410358970264
5,3,0.7022149368376258,0.34957410358970264
5,3,0.7022149368376258,0.38327311822095833
5,3,0.7022149368376258,0.6528652352710047
5,3,0.6568960516220317,0.6528652352710047
5,3,0.6568960516220317,0.619166220639749
5,3,0.6568960516220317,0.6528652352710047
5,3,0.6115771664064367,0.619166220639749
5,3,0.6568960516220317,0.619166220639749
5,3,0.6568960516220317,0.619166220639749
5,3,0.6115771664064367,0.619166220639749
5,3,0.6115771664064367,0.5854672060084933
5,3,0.6115771664064367,0.619166220639749
5,3,0.5662582811908417,0.5854672060084933
5,3,0.6115771664064367,0.5854672060084933
5,3,0.6115771664064367,0.5854672060084933
5,3,0.5662582811908417,0.5854672060084933
5,3,0.5662582811908417,0.5517681913772376
5,3,0.5662582811908417,0.5854672060084933
5,3,0.5209393959752475,0.5517681913772376
5,3,0.5662582811908417,0.5517681913772376
5,3,0.5662582811908417,0.5517681913772376
5,3,0.5209393959752475,0.5517681913772376
5,3,0.5209393959752475,0.5180691767459815
5,3,0.5209393959752475,0.5517681913772376
5,3,0.4756205107596525,0.5180691767459815
5,3,0.5209393959752475,0.5180691767459815
5,3,0.5209393959752475,0.5180691767459815
5,3,0.4756205107596525,0.5180691767459815
5,3,0.4756205107596525,0.48437016211472583
5,3,0.4756205107596525,0.5180691767459815
5,3,0.4303016255440575,0.48437016211472583
5,3,0.4756205107596525,0.48437016211472583
5,3,0.4756205107596525,0.48437016211472583
5,3,0.4303016255440575,0.48437016211472583
5,3,0.4303016255440575,0.45067114748347015
5,3,0.4303016255440575,0.48437016211472583
5,3,0.38498274032846336,0.45067114748347015
5,3,0.4303016255440575,0.45067114748347015
5,3,0.4303016255440575,0.45067114748347015
5,3,0.38498274032846336,0.45067114748347015
5,3,0.38498274032846336,0.41697213285221446
5,3,0.38498274032846336,0.45067114748347015
5,3,0.33966385511286834,0.41697213285221446
5,3,0.38498274032846336,0.41697213285221446
5,3,0.38498274032846336,0.41697213285221446
5,3,0.33966385511286834,0.41697213285221446
5,3,0.33966385511286834,0.38327311822095833
5,3,0.33966385511286834,0.41697213285221446
5,3,0.2943449698972733,0.38327311822095833
5,3,0.33966385511286834,0.38327311822095833
5,3,0.33966385511286834,0.38327311822095833
5,3,0.2943449698972733,0.38327311822095833
5,3,0.2943449698972733,0.34957410358970264
5,3,0.6568960516220317,0.6528652352710047
5,3,0.6115771664064367,0.6528652352710047
5,3,0.6115771664064367,0.619166220639749
5,3,0.6115771664064367,0.6528652352710047
5,3,0.5662582811908417,0.619166220639749
5,3,0.6115771664064367,0.619166220639749
5,3,0.6115771664064367,0.619166220639749
5,3,0.5662582811908417,0.619166220639749
5,3,0.5662582811908417,0.5854672060084933
5,3,0.5662582811908417,0.619166220639749
5,3,0.5209393959752475,0.5854672060084933
5,3,0.5662582811908417,0.5854672060084933
5,3,0.5662582811908417,0.5854672060084933
5,3,0.5209393959752475,0.5854672060084933
5,3,0.5209393959752475,0.5517681913772376
5,3,0.5209393959752475,0.5854672060084933
5,3,0.4756205107596525,0.5517681913772376
5,3,0.5209393959752475,0.5517681913772376
5,3,0.5209393959752475,0.5517681913772376
5,3,0.4756205107596525,0.5517681913772376
5,3,0.4756205107596525,0.5180691767459815
5,3,0.4756205107596525,0.5517681913772376
5,3,0.4303016255440575,0.5180691767459815
5,3,0.4756205107596525,0.5180691767459815
5,3,0.4756205107596525,0.5180691767459815
5,3,0.4303016255440575,0.5180691767459815
5,3,0.4303016255440575,0.48437016211472583
5,3,0.4303016255440575,0.5180691767459815
5,3,0.38498274032846336,0.48437016211472583
5,3,0.4303016255440575,0.48437016211472583
5,3,0.4303016255440575,0.48437016211472583
5,3,0.38498274032846336,0.48437016211472583
5,3,0.38498274032846336,0.45067114748347015
5,3,0.38498274032846336,0.48437016211472583
5,3,0.33966385511286834,0.45067114748347015
5,3,0.38498274032846336,0.45067114748347015
5,3,0.38498274032846336,0.45067114748347015
5,3,0.33966385511286834,0.45067114748347015
5,3,0.33966385511286834,0.41697213285221446
5,3,0.33966385511286834,0.45067114748347015
5,3,0.2943449698972733,0.41697213285221446
5,3,0.33966385511286834,0.41697213285221446
5,3,0.33966385511286834,0.41697213285221446
5,3,0.2943449698972733,0.41697213285221446
5,3,0.2943449698972733,0.38327311822095833
5,3,0.6115771664064367,0.6528652352710047
5,3,0.5662582811908417,0.6528652352710047
5,3,0.5662582811908417,0.619166220639749
5,3,0.5662582811908417,0.6528652352710047
5,3,0.5209393959752475,0.619166220639749
5,3,0.5662582811908417,0.619166220639749
5,3,0.5662582811908417,0.619166220639749
5,3,0.5209393959752475,0.619166220639749
5,3,0.5209393959752475,0.5854672060084933
5,3,0.5209393959752475,0.619166220639749
5,3,0.4756205107596525,0.5854672060084933
5,3,0.5209393959752475,0.5854672060084933
5,3,0.5209393959752475,0.5854672060084933
5,3,0.4756205107596525,0.5854672060084933
5,3,0.4756205107596525,0.5517681913772376
5,3,0.4756205107596525,0.5854672060084933
5,3,0.4303016255440575,0.5517681913772376
5,3,0.4756205107596525,0.5517681913772376
5,3,0.4756205107596525,0.5517681913772376
5,3,0.4303016255440575,0.5517681913772376
5,3,0.4303016255440575,0.5180691767459815
5,3,0.4303016255440575,0.5517681913772376
5,3,0.38498274032846336,0.5180691767459815
5,3,0.4303016255440575,0.5180691767459815
5,3,0.4303016255440575,0.5180691767459815
5,3,0.38498274032846336,0.5180691767459815
5,3,0.38498274032846336,0.48437016211472583
5,3,0.38498274032846336,0.5180691767459815
5,3,0.33966385511286834,0.48437016211472583
5,3,0.38498274032846336,0.48437016211472583
5,3,0.38498274032846336,0.48437016211472583
5,3,0.33966385511286834,0.48437016211472583
5,3,0.33966385511286834,0.45067114748347015
5,3,0.33966385511286834,0.48437016211472583
5,3,0.2943449698972733,0.45067114748347015
5,3,0.33966385511286834,0.45067114748347015
5,3,0.33966385511286834,0.45067114748347015
5,3,0.2943449698972733,0.45067114748347015
5,3,0.2943449698972733,0.41697213285221446
5,3,0.5662582811908417,0.6528652352710047
5,3,0.5209393959752475,0.6528652352710047
5,3,0.5209393959752475,0.619166220639749
5,3,0.5209393959752475,0.6528652352710047
5,3,0.4756205107596525,0.619166220639749
5,3,0.5209393959752475,0.619166220639749
5,3,0.5209393959752475,0.619166220639749
5,3,0.4756205107596525,0.619166220639749
5,3,0.4756205107596525,0.5854672060084933
5,3,0.4756205107596525,0.619166220639749
5,3,0.4303016255440575,0.5854672060084933
5,3,0.4756205107596525,0.5854672060084933
5,3,0.4756205107596525,0.5854672060084933
5,3,0.4303016255440575,0.5854672060084933
5,3,0.4303016255440575,0.5517681913772376
5,3,0.4303016255440575,0.5854672060084933
5,3,0.38498274032846336,0.5517681913772376
5,3,0.4303016255440575,0.5517681913772376
5,3,0.4303016255440575,0.5517681913772376
5,3,0.38498274032846336,0.5517681913772376
5,3,0.38498274032846336,0.5180691767459815
5,3,0.38498274032846336,0.5517681913772376
5,3,0.33966385511286834,0.5180691767459815
5,3,0.38498274032846336,0.5180691767459815
5,3,0.38498274032846336,0.5180691767459815
5,3,0.33966385511286834,0.5180691767459815
5,3,0.33966385511286834,0.48437016211472583
5,3,0.33966385511286834,0.5180691767459815
5,3,0.2943449698972733,0.48437016211472583
5,3,0.33966385511286834,0.48437016211472583
5,3,0.33966385511286834,0.48437016211472583
5,3,0.2943449698972733,0.48437016211472583
5,3,0.2943449698972733,0.45067114748347015
5,3,0.5209393959752475,0.6528652352710047
5,3,0.4756205107596525,0.6528652352710047
5,3,0.4756205107596525,0.619166220639749
5,3,0.4756205107596525,0.6528652352710047
5,3,0.4303016255440575,0.619166220639749
5,3,0.4756205107596525,0.619166220639749
5,3,0.4756205107596525,0.619166220639749
5,3,0.4303016255440575,0.619166220639749
5,3,0.4303016255440575,0.5854672060084933
5,3,0.4303016255440575,0.619166220639749
5,3,0.38498274032846336,0.5854672060084933
5,3,0.4303016255440575,0.5854672060084933
5,3,0.4303016255440575,0.5854672060084933
5,3,0.38498274032846336,0.5854672060084933
5,3,0.38498274032846336,0.5517681913772376
5,3,0.38498274032846336,0.5854672060084933
5,3,0.33966385511286834,0.5517681913772376
5,3,0.38498274032846336,0.5517681913772376
5,3,0.38498274032846336,0.5517681913772376
5,3,0.33966385511286834,0.5517681913772376
5,3,0.33966385511286834,0.5180691767459815
5,3,0.33966385511286834,0.5517681913772376
5,3,0.2943449698972733,0.5180691767459815
5,3,0.33966385511286834,0.5180691767459815
5,3,0.33966385511286834,0.5180691767459815
5,3,0.2943449698972733,0.5180691767459815
5,3,0.2943449698972733,0.48437016211472583
5,3,0.4756205107596525,0.6528652352710047
5,3,0.4303016255440575,0.6528652352710047
5,3,0.4303016255440575,0.619166220639749
5,3,0.4303016255440575,0.6528652352710047
5,3,0.38498274032846336,0.619166220639749
5,3,0.4303016255440575,0.619166220639749
5,3,0.4303016255440575,0.619166220639749
5,3,0.38498274032846336,0.619166220639749
5,3,0.38498274032846336,0.5854672060084933
5,3,0.38498274032846336,0.619166220639749
5,3,0.33966385511286834,0.5854672060084933
5,3,0.38498274032846336,0.5854672060084933
5,3,0.38498274032846336,0.5854672060084933
5,3,0.33966385511286834,0.5854672060084933
5,3,0.33966385511286834,0.5517681913772376
5,3,0.33966385511286834,0.5854672060084933
5,3,0.2943449698972733,0.5517681913772376
5,3,0.33966385511286834,0.5517681913772376
5,3,0.33966385511286834,0.5517681913772376
5,3,0.2943449698972733,0.5517681913772376
5,3,0.2943449698972733,0.5180691767459815
5,3,0.4303016255440575,0.6528652352710047
5,3,0.38498274032846336,0.6528652352710047
5,3,0.38498274032846336,0.619166220639749
5,3,0.38498274032846336,0.6528652352710047
5,3,0.33966385511286834,0.619166220639749
5,3,0.38498274032846336,0.619166220639749
5,3,0.38498274032846336,0.619166220639749
5,3,0.33966385511286834,0.619166220639749
5,3,0.33966385511286834,0.5854672060084933
5,3,0.33966385511286834,0.619166220639749
5,3,0.2943449698972733,0.5854672060084933
5,3,0.33966385511286834,0.5854672060084933
5,3,0.33966385511286834,0.5854672060084933
5,3,0.2943449698972733,0.5854672060084933
5,3,0.2943449698972733,0.5517681913772376
5,3,0.38498274032846336,0.6528652352710047
5,3,0.33966385511286834,0.6528652352710047
5,3,0.33966385511286834,0.619166220639749
5,3,0.33966385511286834,0.6528652352710047
5,3,0.2943449698972733,0.619166220639749
5,3,0.33966385511286834,0.619166220639749
5,3,0.33966385511286834,0.619166220639749
5,3,0.2943449698972733,0.619166220639749
5,3,0.2943449698972733,0.5854672060084933
5,3,0.33966385511286834,0.6528652352710047
5,3,0.2943449698972733,0.6528652352710047
5,3,0.2943449698972733,0.619166220639749
6,3,0.0600000000000005,0.29000000000000004
5,3,0.9070478205271026,0.1994481871346805
5,3,0.9070478205271026,0.3805518128653196
6,3,0.21295217947289835,0.1994481871346805
6,3,0.21295217947289835,0.3805518128653196
5,3,0.8472288861717789,0.2536696941694667
5,3,0.8926779540235215,0.22754371726743017
5,3,0.8926779540235215,0.2850063922264807
5,3,0.8926779540235215,0.22754371726743017
5,3,0.938127021875264,0.2588804153244437
5,3,0.8926779540235215,0.2850063922264807
5,3,0.8926779540235215,0.2850063922264807
5,3,0.938127021875264,0.2588804153244437
5,3,0.938127021875264,0.3163430902834943
5,3,0.938127021875264,0.2588804153244437
5,3,0.9835760897270065,0.2902171133814573
5,3,0.938127021875264,0.3163430902834943
5,3,0.938127021875264,0.3163430902834943
5,3,0.9835760897270065,0.2902171133814573
5,3,0.9835760897270065,0.34767978834050783
5,3,0.9835760897270065,0.2902171133814573
6,3,0.029025157578749017,0.32155381143847084
5,3,0.9835760897270065,0.34767978834050783
5,3,0.9835760897270065,0.34767978834050783
6,3,0.029025157578749017,0.32155381143847084
6,3,0.029025157578749017,0.3790164863975214
6,3,0.029025157578749017,0.32155381143847084
6,3,0.07447422543049154,0.35289050949548484
6,3,0.029025157578749017,0.3790164863975214
6,3,0.029025157578749017,0.3790164863975214
6,3,0.07447422543049154,0.35289050949548484
6,3,0.07447422543049154,0.41035318445453495
6,3,0.07447422543049154,0.35289050949548484
6,3,0.11992329328223406,0.3842272075524984
6,3,0.07447422543049154,0.41035318445453495
6,3,0.07447422543049154,0.41035318445453495
6,3,0.11992329328223406,0.3842272075524984
6,3,0.11992329328223406,0.44168988251154895
5,3,0.8926779540235215,0.22754371726743017
5,3,0.938127021875264,0.20141774036539317
5,3,0.938127021875264,0.2588804153244437
5,3,0.938127021875264,0.20141774036539317
5,3,0.9835760897270065,0.23275443842240717
5,3,0.938127021875264,0.2588804153244437
5,3,0.938127021875264,0.2588804153244437
5,3,0.9835760897270065,0.23275443842240717
5,3,0.9835760897270065,0.2902171133814573
5,3,0.9835760897270065,0.23275443842240717
6,3,0.029025157578749017,0.26409113647942073
5,3,0.9835760897270065,0.2902171133814573
5,3,0.9835760897270065,0.2902171133814573
6,3,0.029025157578749017,0.26409113647942073
6,3,0.029025157578749017,0.32155381143847084
6,3,0.029025157578749017,0.26409113647942073
6,3,0.07447422543049154,0.2954278345364343
6,3,0.029025157578749017,0.32155381143847084
6,3,0.029025157578749017,0.32155381143847084
6,3,0.07447422543049154,0.2954278345364343
6,3,0.07447422543049154,0.35289050949548484
6,3,0.07447422543049154,0.2954278345364343
6,3,0.11992329328223406,0.32676453259344784
6,3,0.07447422543049154,0.35289050949548484
6,3,0.07447422543049154,0.35289050949548484
6,3,0.11992329328223406,0.32676453259344784
6,3,0.11992329328223406,0.3842272075524984
5,3,0.938127021875264,0.20141774036539317
5,3,0.9835760897270065,0.17529176346335662
5,3,0.9835760897270065,0.23275443842240717
5,3,0.9835760897270065,0.17529176346335662
6,3,0.029025157578749017,0.20662846152037018
5,3,0.9835760897270065,0.23275443842240717
5,3,0.9835760897270065,0.23275443842240717
6,3,0.029025157578749017,0.20662846152037018
6,3,0.029025157578749017,0.26409113647942073
6,3,0.029025157578749017,0.20662846152037018
6,3,0.07447422543049154,0.23796515957738373
6,3,0.029025157578749017,0.26409113647942073
6,3,0.029025157578749017,0.26409113647942073
6,3,0.07447422543049154,0.23796515957738373
6,3,0.07447422543049154,0.2954278345364343
6,3,0.07447422543049154,0.23796515957738373
6,3,0.11992329328223406,0.2693018576343973
6,3,0.07447422543049154,0.2954278345364343
6,3,0.07447422543049154,0.2954278345364343
6,3,0.11992329328223406,0.2693018576343973
6,3,0.11992329328223406,0.32676453259344784
5,3,0.9835760897270065,0.17529176346335662
6,3,0.029025157578749017,0.14916578656131962
6,3,0.029025157578749017,0.20662846152037018
6,3,0.029025157578749017,0.14916578656131962
6,3,0.07447422543049154,0.18050248461833363
6,3,0.029025157578749017,0.20662846152037018
6,3,0.029025157578749017,0.20662846152037018
6,3,0.07447422543049154,0.18050248461833363
6,3,0.07447422543049154,0.23796515957738373
6,3,0.07447422543049154,0.18050248461833363
6,3,0.11992329328223406,0.21183918267534718
6,3,0.07447422543049154,0.23796515957738373
6,3,0.07447422543049154,0.23796515957738373
6,3,0.11992329328223406,0.21183918267534718
6,3,0.11992329328223406,0.2693018576343973
6,3,0.029025157578749017,0.14916578656131962
6,3,0.07447422543049154,0.12303980965928307
6,3,0.07447422543049154,0.18050248461833363
6,3,0.07447422543049154,0.12303980965928307
6,3,0.11992329328223406,0.15437650771629663
6,3,0.07447422543049154,0.18050248461833363
6,3,0.07447422543049154,0.18050248461833363
6,3,0.11992329328223406,0.15437650771629663
6,3,0.11992329328223406,0.21183918267534718
6,3,0.07447422543049154,0.12303980965928307
6,3,0.11992329328223406,0.09691383275724608
6,3,0.11992329328223406,0.15437650771629663
6,3,0.11992329328223406,0.44168988251154895
6,3,0.07447422543049154,0.44168988251154895
6,3,0.07447422543049154,0.41035318445453495
6,3,0.07447422543049154,0.44168988251154895
6,3,0.029025157578749017,0.41035318445453495
6,3,0.07447422543049154,0.41035318445453495
6,3,0.07447422543049154,0.41035318445453495
6,3,0.029025157578749017,0.41035318445453495
6,3,0.029025157578749017,0.3790164863975214
6,3,0.029025157578749017,0.41035318445453495
5,3,0.9835760897270065,0.3790164863975214
6,3,0.029025157578749017,0.3790164863975214
6,3,0.029025157578749017,0.3790164863975214
5,3,0.9835760897270065,0.3790164863975214
5,3,0.9835760897270065,0.34767978834050783
5,3,0.9835760897270065,0.3790164863975214
5,3,0.938127021875264,0.34767978834050783
5,3,0.9835760897270065,0.34767978834050783
5,3,0.9835760897270065,0.34767978834050783
5,3,0.938127021875264,0.34767978834050783
5,3,0.938127021875264,0.3163430902834943
5,3,0.938127021875264,0.34767978834050783
5,3,0.8926779540235215,0.3163430902834943
5,3,0.938127021875264,0.3163430902834943
5,3,0.938127021875264,0.3163430902834943
5,3,0.8926779540235215,0.3163430902834943
5,3,0.8926779540235215,0.2850063922264807
5,3,0.8926779540235215,0.3163430902834943
5,3,0.8472288861717789,0.2850063922264807
5,3,0.8926779540235215,0.2850063922264807
5,3,0.8926779540235215,0.2850063922264807
5,3,0.8472288861717789,0.2850063922264807
5,3,0.8472288861717789,0.2536696941694667
6,3,0.07447422543049154,0.44168988251154895
6,3,0.029025157578749017,0.44168988251154895
6,3,0.029025157578749017,0.41035318445453495
6,3,0.029025157578749017,0.44168988251154895
5,3,0.9835760897270065,0.41035318445453495
6,3,0.029025157578749017,0.41035318445453495
6,3,0.029025157578749017,0.41035318445453495
5,3,0.9835760897270065,0.41035318445453495
5,3,0.9835760897270065,0.3790164863975214
5,3,0.9835760897270065,0.41035318445453495
5,3,0.938127021875264,0.3790164863975214
5,3,0.9835760897270065,0.3790164863975214
5,3,0.9835760897270065,0.3790164863975214
5,3,0.938127021875264,0.3790164863975214
5,3,0.938127021875264,0.34767978834050783
5,3,0.938127021875264,0.3790164863975214
5,3,0.8926779540235215,0.34767978834050783
5,3,0.938127021875264,0.34767978834050783
5,3,0.938127021875264,0.34767978834050783
5,3,0.8926779540235215,0.34767978834050783
5,3,0.8926779540235215,0.3163430902834943
5,3,0.8926779540235215,0.34767978834050783
5,3,0.8472288861717789,0.3163430902834943
5,3,0.8926779540235215,0.3163430902834943
5,3,0.8926779540235215,0.3163430902834943
5,3,0.8472288861717789,0.3163430902834943
5,3,0.8472288861717789,0.2850063922264807
6,3,0.029025157578749017,0.44168988251154895
5,3,0.9835760897270065,0.44168988251154895
5,3,0.9835760897270065,0.41035318445453495
5,3,0.9835760897270065,0.44168988251154895
5,3,0.938127021875264,0.41035318445453495
5,3,0.9835760897270065,0.41035318445453495
5,3,0.9835760897270065,0.41035318445453495
5,3,0.938127021875264,0.41035318445453495
5,3,0.938127021875264,0.3790164863975214
5,3,0.938127021875264,0.41035318445453495
5,3,0.8926779540235215,0.3790164863975214
5,3,0.938127021875264,0.3790164863975214
5,3,0.938127021875264,0.3790164863975214
5,3,0.8926779540235215,0.3790164863975214
5,3,0.8926779540235215,0.34767978834050783
5,3,0.8926779540235215,0.3790164863975214
5,3,0.8472288861717789,0.34767978834050783
5,3,0.8926779540235215,0.34767978834050783
5,3,0.8926779540235215,0.34767978834050783
5,3,0.8472288861717789,0.34767978834050783
5,3,0.8472288861717789,0.3163430902834943
5,3,0.9835760897270065,0.44168988251154895
5,3,0.938127021875264,0.44168988251154895
5,3,0.938127021875264,0.41035318445453495
5,3,0.938127021875264,0.44168988251154895
5,3,0.8926779540235215,0.41035318445453495
5,3,0.938127021875264,0.41035318445453495
5,3,0.938127021875264,0.41035318445453495
5,3,0.8926779540235215,0.41035318445453495
5,3,0.8926779540235215,0.3790164863975214
5,3,0.8926779540235215,0.41035318445453495
5,3,0.8472288861717789,0.3790164863975214
5,3,0.8926779540235215,0.3790164863975214
5,3,0.8926779540235215,0.3790164863975214
5,3,0.8472288861717789,0.3790164863975214
5,3,0.8472288861717789,0.34767978834050783
5,3,0.938127021875264,0.44168988251154895
5,3,0.8926779540235215,0.44168988251154895
5,3,0.8926779540235215,0.41035318445453495
5,3,0.8926779540235215,0.44168988251154895
5,3,0.8472288861717789,0.41035318445453495
5,3,0.8926779540235215,0.41035318445453495
5,3,0.8926779540235215,0.41035318445453495
5,3,0.8472288861717789,0.41035318445453495
5,3,0.8472288861717789,0.3790164863975214
5,3,0.8926779540235215,0.44168988251154895
5,3,0.8472288861717789,0.44168988251154895
5,3,0.8472288861717789,0.41035318445453495
5,3,0.9094680555228907,0.4723752404241903
5,3,0.9094680555228907,0.4333430791799655
5,3,0.9521629999246652,0.4333430791799655
5,3,0.9094680555228907,0.4333430791799655
5,3,0.9521629999246652,0.3943109179357407
5,3,0.9521629999246652,0.4333430791799655
5,3,0.9521629999246652,0.4333430791799655
5,3,0.9521629999246652,0.3943109179357407
5,3,0.9948579443264398,0.3943109179357407
5,3,0.9521629999246652,0.3943109179357407
5,3,0.9948579443264398,0.3552787566915159
5,3,0.9948579443264398,0.3943109179357407
5,3,0.9948579443264398,0.3943109179357407
5,3,0.9948579443264398,0.3552787566915159
6,3,0.037552888728213496,0.3552787566915159
5,3,0.9948579443264398,0.3552787566915159
6,3,0.037552888728213496,0.31624659544729106
6,3,0.037552888728213496,0.3552787566915159
6,3,0.037552888728213496,0.3552787566915159
6,3,0.037552888728213496,0.31624659544729106
6,3,0.08024783312998807,0.31624659544729106
6,3,0.037552888728213496,0.31624659544729106
6,3,0.08024783312998807,0.27721443420306624
6,3,0.08024783312998807,0.31624659544729106
6,3,0.08024783312998807,0.31624659544729106
6,3,0.08024783312998807,0.27721443420306624
6,3,0.12294277753176175,0.27721443420306624
6,3,0.08024783312998807,0.27721443420306624
6,3,0.12294277753176175,0.23818227295884142
6,3,0.12294277753176175,0.27721443420306624
6,3,0.12294277753176175,0.27721443420306624
6,3,0.12294277753176175,0.23818227295884142
6,3,0.16563772193353632,0.23818227295884142
6,3,0.12294277753176175,0.23818227295884142
6,3,0.16563772193353632,0.19915011171461616
6,3,0.16563772193353632,0.23818227295884142
6,3,0.16563772193353632,0.23818227295884142
6,3,0.16563772193353632,0.19915011171461616
6,3,0.20833266633531,0.19915011171461616
6,3,0.16563772193353632,0.19915011171461616
6,3,0.20833266633531,0.16011795047039135
6,3,0.20833266633531,0.19915011171461616
6,3,0.20833266633531,0.19915011171461616
6,3,0.20833266633531,0.16011795047039135
6,3,0.25102761073708457,0.16011795047039135
6,3,0.20833266633531,0.16011795047039135
6,3,0.25102761073708457,0.12108578922616653
6,3,0.25102761073708457,0.16011795047039135
6,3,0.25102761073708457,0.16011795047039135
6,3,0.25102761073708457,0.12108578922616653
6,3,0.29372255513885825,0.12108578922616653
5,3,0.9094680555228907,0.4333430791799655
5,3,0.9094680555228907,0.3943109179357407
5,3,0.9521629999246652,0.3943109179357407
5,3,0.9094680555228907,0.3943109179357407
5,3,0.9521629999246652,0.3552787566915159
5,3,0.9521629999246652,0.3943109179357407
5,3,0.9521629999246652,0.3943109179357407
5,3,0.9521629999246652,0.3552787566915159
5,3,0.9948579443264398,0.3552787566915159
5,3,0.9521629999246652,0.3552787566915159
5,3,0.9948579443264398,0.31624659544729106
5,3,0.9948579443264398,0.3552787566915159
5,3,0.9948579443264398,0.3552787566915159
5,3,0.9948579443264398,0.31624659544729106
6,3,0.037552888728213496,0.31624659544729106
5,3,0.9948579443264398,0.31624659544729106
6,3,0.037552888728213496,0.27721443420306624
6,3,0.037552888728213496,0.31624659544729106
6,3,0.037552888728213496,0.31624659544729106
6,3,0.037552888728213496,0.27721443420306624
6,3,0.08024783312998807,0.27721443420306624
6,3,0.037552888728213496,0.27721443420306624
6,3,0.08024783312998807,0.23818227295884142
6,3,0.08024783312998807,0.27721443420306624
6,3,0.08024783312998807,0.27721443420306624
6,3,0.08024783312998807,0.23818227295884142
6,3,0.12294277753176175,0.23818227295884142
6,3,0.08024783312998807,0.23818227295884142
6,3,0.12294277753176175,0.19915011171461616
6,3,0.12294277753176175,0.23818227295884142
6,3,0.12294277753176175,0.23818227295884142
6,3,0.12294277753176175,0.19915011171461616
6,3,0.16563772193353632,0.19915011171461616
6,3,0.12294277753176175,0.19915011171461616
6,3,0.16563772193353632,0.16011795047039135
6,3,0.16563772193353632,0.19915011171461616
6,3,0.16563772193353632,0.19915011171461616
6,3,0.16563772193353632,0.16011795047039135
6,3,0.20833266633531,0.16011795047039135
6,3,0.16563772193353632,0.16011795047039135
6,3,0.20833266633531,0.12108578922616653
6,3,0.20833266633531,0.16011795047039135
6,3,0.20833266633531,0.16011795047039135
6,3,0.20833266633531,0.12108578922616653
6,3,0.25102761073708457,0.12108578922616653
5,3,0.9094680555228907,0.3943109179357407
5,3,0.9094680555228907,0.3552787566915159
5,3,0.9521629999246652,0.3552787566915159
5,3,0.9094680555228907,0.3552787566915159
5,3,0.9521629999246652,0.31624659544729106
5,3,0.9521629999246652,0.3552787566915159
5,3,0.9521629999246652,0.3552787566915159
5,3,0.9521629999246652,0.31624659544729106
5,3,0.9948579443264398,0.31624659544729106
5,3,0.9521629999246652,0.31624659544729106
5,3,0.9948579443264398,0.27721443420306624
5,3,0.9948579443264398,0.31624659544729106
5,3,0.9948579443264398,0.31624659544729106
5,3,0.9948579443264398,0.27721443420306624
6,3,0.037552888728213496,0.27721443420306624
5,3,0.9948579443264398,0.27721443420306624
6,3,0.037552888728213496,0.23818227295884142
6,3,0.037552888728213496,0.27721443420306624
6,3,0.037552888728213496,0.27721443420306624
6,3,0.037552888728213496,0.23818227295884142
6,3,0.08024783312998807,0.23818227295884142
6,3,0.037552888728213496,0.23818227295884142
6,3,0.08024783312998807,0.19915011171461616
6,3,0.08024783312998807,0.23818227295884142
6,3,0.08024783312998807,0.23818227295884142
6,3,0.08024783312998807,0.19915011171461616
6,3,0.12294277753176175,0.19915011171461616
6,3,0.08024783312998807,0.19915011171461616
6,3,0.12294277753176175,0.16011795047039135
6,3,0.12294277753176175,0.19915011171461616
6,3,0.12294277753176175,0.19915011171461616
6,3,0.12294277753176175,0.16011795047039135
6,3,0.16563772193353632,0.16011795047039135
6,3,0.12294277753176175,0.16011795047039135
6,3,0.16563772193353632,0.12108578922616653
6,3,0.16563772193353632,0.16011795047039135
6,3,0.16563772193353632,0.16011795047039135
6,3,0.16563772193353632,0.12108578922616653
6,3,0.20833266633531,0.12108578922616653
5,3,0.9094680555228907,0.3552787566915159
5,3,0.9094680555228907,0.31624659544729106
5,3,0.9521629999246652,0.31624659544729106
5,3,0.9094680555228907,0.31624659544729106
5,3,0.9521629999246652,0.27721443420306624
5,3,0.9521629999246652,0.31624659544729106
5,3,0.9521629999246652,0.31624659544729106
5,3,0.9521629999246652,0.27721443420306624
5,3,0.9948579443264398,0.27721443420306624
5,3,0.9521629999246652,0.27721443420306624
5,3,0.9948579443264398,0.23818227295884142
5,3,0.9948579443264398,0.27721443420306624
5,3,0.9948579443264398,0.27721443420306624
5,3,0.9948579443264398,0.23818227295884142
6,3,0.037552888728213496,0.23818227295884142
5,3,0.9948579443264398,0.23818227295884142
6,3,0.037552888728213496,0.19915011171461616
6,3,0.037552888728213496,0.23818227295884142
6,3,0.037552888728213496,0.23818227295884142
6,3,0.037552888728213496,0.19915011171461616
6,3,0.08024783312998807,0.19915011171461616
6,3,0.037552888728213496,0.19915011171461616
6,3,0.08024783312998807,0.16011795047039135
6,3,0.08024783312998807,0.19915011171461616
6,3,0.08024783312998807,0.19915011171461616
6,3,0.08024783312998807,0.16011795047039135
6,3,0.12294277753176175,0.16011795047039135
6,3,0.08024783312998807,0.16011795047039135
6,3,0.12294277753176175,0.12108578922616653
6,3,0.12294277753176175,0.16011795047039135
6,3,0.12294277753176175,0.16011795047039135
6,3,0.12294277753176175,0.12108578922616653
6,3,0.16563772193353632,0.12108578922616653
5,3,0.9094680555228907,0.31624659544729106
5,3,0.9094680555228907,0.27721443420306624
5,3,0.9521629999246652,0.27721443420306624
5,3,0.9094680555228907,0.27721443420306624
5,3,0.9521629999246652,0.23818227295884142
5,3,0.9521629999246652,0.27721443420306624
5,3,0.9521629999246652,0.27721443420306624
5,3,0.9521629999246652,0.23818227295884142
5,3,0.9948579443264398,0.23818227295884142
5,3,0.9521629999246652,0.23818227295884142
5,3,0.9948579443264398,0.19915011171461616
5,3,0.9948579443264398,0.23818227295884142
5,3,0.9948579443264398,0.23818227295884142
5,3,0.9948579443264398,0.19915011171461616
6,3,0.037552888728213496,0.19915011171461616
5,3,0.9948579443264398,0.19915011171461616
6,3,0.037552888728213496,0.16011795047039135
6,3,0.037552888728213496,0.19915011171461616
6,3,0.037552888728213496,0.19915011171461616
6,3,0.037552888728213496,0.16011795047039135
6,3,0.08024783312998807,0.16011795047039135
6,3,0.037552888728213496,0.16011795047039135
6,3,0.08024783312998807,0.12108578922616653
6,3,0.08024783312998807,0.16011795047039135
6,3,0.08024783312998807,0.16011795047039135
6,3,0.08024783312998807,0.12108578922616653
6,3,0.12294277753176175,0.12108578922616653
5,3,0.9094680555228907,0.27721443420306624
5,3,0.9094680555228907,0.23818227295884142
5,3,0.9521629999246652,0.23818227295884142
5,3,0.9094680555228907,0.23818227295884142
5,3,0.9521629999246652,0.1991501117146166
5,3,0.9521629999246652,0.23818227295884142
5,3,0.9521629999246652,0.23818227295884142
5,3,0.9521629999246652,0.1991501117146166
5,3,0.9948579443264398,0.19915011171461616
5,3,0.9521629999246652,0.1991501117146166
5,3,0.9948579443264398,0.16011795047039135
5,3,0.9948579443264398,0.19915011171461616
5,3,0.9948579443264398,0.19915011171461616
5,3,0.9948579443264398,0.16011795047039135
6,3,0.037552888728213496,0.16011795047039135
5,3,0.9948579443264398,0.16011795047039135
6,3,0.037552888728213496,0.12108578922616653
6,3,0.037552888728213496,0.16011795047039135
6,3,0.037552888728213496,0.16011795047039135
6,3,0.037552888728213496,0.12108578922616653
6,3,0.08024783312998807,0.12108578922616653
5,3,0.9094680555228907,0.23818227295884142
5,3,0.9094680555228907,0.1991501117146166
5,3,0.9521629999246652,0.1991501117146166
5,3,0.9094680555228907,0.1991501117146166
5,3,0.9521629999246652,0.16011795047039135
5,3,0.9521629999246652,0.1991501117146166
5,3,0.9521629999246652,0.1991501117146166
5,3,0.9521629999246652,0.16011795047039135
5,3,0.9948579443264398,0.16011795047039135
5,3,0.9521629999246652,0.16011795047039135
5,3,0.9948579443264398,0.12108578922616653
5,3,0.9948579443264398,0.16011795047039135
5,3,0.9948579443264398,0.16011795047039135
5,3,0.9948579443264398,0.12108578922616653
6,3,0.037552888728213496,0.12108578922616653
5,3,0.9094680555228907,0.1991501117146166
5,3,0.9094680555228907,0.16011795047039135
5,3,0.9521629999246652,0.16011795047039135
5,3,0.9094680555228907,0.16011795047039135
5,3,0.9521629999246652,0.12108578922616653
5,3,0.9521629999246652,0.16011795047039135
5,3,0.9521629999246652,0.16011795047039135
5,3,0.9521629999246652,0.12108578922616653
5,3,0.9948579443264398,0.12108578922616653
5,3,0.9094680555228907,0.16011795047039135
5,3,0.9094680555228907,0.12108578922616653
5,3,0.9521629999246652,0.12108578922616653
6,3,0.29372255513885825,0.12108578922616653
6,3,0.29372255513885825,0.16011795047039135
6,3,0.25102761073708457,0.16011795047039135
6,3,0.29372255513885825,0.16011795047039135
6,3,0.25102761073708457,0.19915011171461616
6,3,0.25102761073708457,0.16011795047039135
6,3,0.25102761073708457,0.16011795047039135
6,3,0.25102761073708457,0.19915011171461616
6,3,0.20833266633531,0.19915011171461616
6,3,0.25102761073708457,0.19915011171461616
6,3,0.20833266633531,0.23818227295884098
6,3,0.20833266633531,0.19915011171461616
6,3,0.20833266633531,0.19915011171461616
6,3,0.20833266633531,0.23818227295884098
6,3,0.16563772193353632,0.23818227295884098
6,3,0.20833266633531,0.23818227295884098
6,3,0.16563772193353632,0.27721443420306624
6,3,0.16563772193353632,0.23818227295884098
6,3,0.16563772193353632,0.23818227295884098
6,3,0.16563772193353632,0.27721443420306624
6,3,0.12294277753176175,0.27721443420306624
6,3,0.16563772193353632,0.27721443420306624
6,3,0.12294277753176175,0.31624659544729106
6,3,0.12294277753176175,0.27721443420306624
6,3,0.12294277753176175,0.27721443420306624
6,3,0.12294277753176175,0.31624659544729106
6,3,0.08024783312998807,0.31624659544729106
6,3,0.12294277753176175,0.31624659544729106
6,3,0.08024783312998807,0.3552787566915159
6,3,0.08024783312998807,0.31624659544729106
6,3,0.08024783312998807,0.31624659544729106
6,3,0.08024783312998807,0.3552787566915159
6,3,0.037552888728213496,0.3552787566915159
6,3,0.08024783312998807,0.3552787566915159
6,3,0.037552888728213496,0.3943109179357407
6,3,0.037552888728213496,0.3552787566915159
6,3,0.037552888728213496,0.3552787566915159
6,3,0.037552888728213496,0.3943109179357407
5,3,0.9948579443264398,0.3943109179357407
6,3,0.037552888728213496,0.3943109179357407
5,3,0.9948579443264398,0.4333430791799655
5,3,0.9948579443264398,0.3943109179357407
5,3,0.9948579443264398,0.3943109179357407
5,3,0.9948579443264398,0.4333430791799655
5,3,0.9521629999246652,0.4333430791799655
5,3,0.9948579443264398,0.4333430791799655
5,3,0.9521629999246652,0.4723752404241903
5,3,0.9521629999246652,0.4333430791799655
5,3,0.9521629999246652,0.4333430791799655
5,3,0.9521629999246652,0.4723752404241903
5,3,0.9094680555228907,0.4723752404241903
6,3,0.29372255513885825,0.16011795047039135
6,3,0.29372255513885825,0.19915011171461616
6,3,0.25102761073708457,0.19915011171461616
6,3,0.29372255513885825,0.19915011171461616
6,3,0.25102761073708457,0.23818227295884098
6,3,0.25102761073708457,0.19915011171461616
6,3,0.25102761073708457,0.19915011171461616
6,3,0.25102761073708457,0.23818227295884098
6,3,0.20833266633531,0.23818227295884098
6,3,0.25102761073708457,0.23818227295884098
6,3,0.20833266633531,0.27721443420306624
6,3,0.20833266633531,0.23818227295884098
6,3,0.20833266633531,0.23818227295884098
6,3,0.20833266633531,0.27721443420306624
6,3,0.16563772193353632,0.27721443420306624
6,3,0.20833266633531,0.27721443420306624
6,3,0.16563772193353632,0.31624659544729106
6,3,0.16563772193353632,0.27721443420306624
6,3,0.16563772193353632,0.27721443420306624
6,3,0.16563772193353632,0.31624659544729106
6,3,0.12294277753176175,0.31624659544729106
6,3,0.16563772193353632,0.31624659544729106
6,3,0.12294277753176175,0.3552787566915159
6,3,0.12294277753176175,0.31624659544729106
6,3,0.12294277753176175,0.31624659544729106
6,3,0.12294277753176175,0.3552787566915159
6,3,0.08024783312998807,0.3552787566915159
6,3,0.12294277753176175,0.3552787566915159
6,3,0.08024783312998807,0.3943109179357407
6,3,0.08024783312998807,0.3552787566915159
6,3,0.08024783312998807,0.3552787566915159
6,3,0.08024783312998807,0.3943109179357407
6,3,0.037552888728213496,0.3943109179357407
6,3,0.08024783312998807,0.3943109179357407
6,3,0.037552888728213496,0.4333430791799655
6,3,0.037552888728213496,0.3943109179357407
6,3,0.037552888728213496,0.3943109179357407
6,3,0.037552888728213496,0.4333430791799655
5,3,0.9948579443264398,0.4333430791799655
6,3,0.037552888728213496,0.4333430791799655
5,3,0.9948579443264398,0.4723752404241903
5,3,0.9948579443264398,0.4333430791799655
5,3,0.9948579443264398,0.4333430791799655
5,3,0.9948579443264398,0.4723752404241903
5,3,0.9521629999246652,0.4723752404241903
6,3,0.29372255513885825,0.19915011171461616
6,3,0.29372255513885825,0.23818227295884098
6,3,0.25102761073708457,0.23818227295884098
6,3,0.29372255513885825,0.23818227295884098
6,3,0.25102761073708457,0.27721443420306624
6,3,0.25102761073708457,0.23818227295884098
6,3,0.25102761073708457,0.23818227295884098
6,3,0.25102761073708457,0.27721443420306624
6,3,0.20833266633531,0.27721443420306624
6,3,0.25102761073708457,0.27721443420306624
6,3,0.20833266633531,0.31624659544729106
6,3,0.20833266633531,0.27721443420306624
6,3,0.20833266633531,0.27721443420306624
6,3,0.20833266633531,0.31624659544729106
6,3,0.16563772193353632,0.31624659544729106
6,3,0.20833266633531,0.31624659544729106
6,3,0.16563772193353632,0.3552787566915159
6,3,0.16563772193353632,0.31624659544729106
6,3,0.16563772193353632,0.31624659544729106
6,3,0.16563772193353632,0.3552787566915159
6,3,0.12294277753176175,0.3552787566915159
6,3,0.16563772193353632,0.3552787566915159
6,3,0.12294277753176175,0.3943109179357407
6,3,0.12294277753176175,0.3552787566915159
6,3,0.12294277753176175,0.3552787566915159
6,3,0.12294277753176175,0.3943109179357407
6,3,0.08024783312998807,0.3943109179357407
6,3,0.12294277753176175,0.3943109179357407
6,3,0.08024783312998807,0.4333430791799655
6,3,0.08024783312998807,0.3943109179357407
6,3,0.08024783312998807,0.3943109179357407
6,3,0.08024783312998807,0.4333430791799655
6,3,0.037552888728213496,0.4333430791799655
6,3,0.08024783312998807,0.4333430791799655
6,3,0.037552888728213496,0.4723752404241903
6,3,0.037552888728213496,0.4333430791799655
6,3,0.037552888728213496,0.4333430791799655
6,3,0.037552888728213496,0.4723752404241903
5,3,0.9948579443264398,0.4723752404241903
6,3,0.29372255513885825,0.23818227295884098
6,3,0.29372255513885825,0.27721443420306624
6,3,0.25102761073708457,0.27721443420306624
6,3,0.29372255513885825,0.27721443420306624
6,3,0.25102761073708457,0.31624659544729106
6,3,0.25102761073708457,0.27721443420306624
6,3,0.25102761073708457,0.27721443420306624
6,3,0.25102761073708457,0.31624659544729106
6,3,0.20833266633531,0.31624659544729106
6,3,0.25102761073708457,0.31624659544729106
6,3,0.20833266633531,0.3552787566915159
6,3,0.20833266633531,0.31624659544729106
6,3,0.20833266633531,0.31624659544729106
6,3,0.20833266633531,0.3552787566915159
6,3,0.16563772193353632,0.3552787566915159
6,3,0.20833266633531,0.3552787566915159
6,3,0.16563772193353632,0.3943109179357407
6,3,0.16563772193353632,0.3552787566915159
6,3,0.16563772193353632,0.3552787566915159
6,3,0.16563772193353632,0.3943109179357407
6,3,0.12294277753176175,0.3943109179357407
6,3,0.16563772193353632,0.3943109179357407
6,3,0.12294277753176175,0.4333430791799655
6,3,0.12294277753176175,0.3943109179357407
6,3,0.12294277753176175,0.3943109179357407
6,3,0.12294277753176175,0.4333430791799655
6,3,0.08024783312998807,0.4333430791799655
6,3,0.12294277753176175,0.4333430791799655
6,3,0.08024783312998807,0.4723752404241903
6,3,0.08024783312998807,0.4333430791799655
6,3,0.08024783312998807,0.4333430791799655
6,3,0.08024783312998807,0.4723752404241903
6,3,0.037552888728213496,0.4723752404241903
6,3,0.29372255513885825,0.27721443420306624
6,3,0.29372255513885825,0.31624659544729106
6,3,0.25102761073708457,0.31624659544729106
6,3,0.29372255513885825,0.31624659544729106
6,3,0.25102761073708457,0.3552787566915159
6,3,0.25102761073708457,0.31624659544729106
6,3,0.25102761073708457,0.31624659544729106
6,3,0.25102761073708457,0.3552787566915159
6,3,0.20833266633531,0.3552787566915159
6,3,0.25102761073708457,0.3552787566915159
6,3,0.20833266633531,0.3943109179357407
6,3,0.20833266633531,0.3552787566915159
6,3,0.20833266633531,0.3552787566915159
6,3,0.20833266633531,0.3943109179357407
6,3,0.16563772193353632,0.3943109179357407
6,3,0.20833266633531,0.3943109179357407
6,3,0.16563772193353632,0.4333430791799655
6,3,0.16563772193353632,0.3943109179357407
6,3,0.16563772193353632,0.3943109179357407
6,3,0.16563772193353632,0.4333430791799655
6,3,0.12294277753176175,0.4333430791799655
6,3,0.16563772193353632,0.4333430791799655
6,3,0.12294277753176175,0.4723752404241903
6,3,0.12294277753176175,0.4333430791799655
6,3,0.12294277753176175,0.4333430791799655
6,3,0.12294277753176175,0.4723752404241903
6,3,0.08024783312998807,0.4723752404241903
6,3,0.29372255513885825,0.31624659544729106
6,3,0.29372255513885825,0.3552787566915159
6,3,0.25102761073708457,0.3552787566915159
6,3,0.29372255513885825,0.3552787566915159
6,3,0.25102761073708457,0.3943109179357407
6,3,0.25102761073708457,0.3552787566915159
6,3,0.25102761073708457,0.3552787566915159
6,3,0.25102761073708457,0.3943109179357407
6,3,0.20833266633531,0.3943109179357407
6,3,0.25102761073708457,0.3943109179357407
6,3,0.20833266633531,0.4333430791799655
6,3,0.20833266633531,0.3943109179357407
6,3,0.20833266633531,0.3943109179357407
6,3,0.20833266633531,0.4333430791799655
6,3,0.16563772193353632,0.4333430791799655
6,3,0.20833266633531,0.4333430791799655
6,3,0.16563772193353632,0.4723752404241903
6,3,0.16563772193353632,0.4333430791799655
6,3,0.16563772193353632,0.4333430791799655
6,3,0.16563772193353632,0.4723752404241903
6,3,0.12294277753176175,0.4723752404241903
6,3,0.29372255513885825,0.3552787566915159
6,3,0.29372255513885825,0.3943109179357407
6,3,0.25102761073708457,0.3943109179357407
6,3,0.29372255513885825,0.3943109179357407
6,3,0.25102761073708457,0.4333430791799655
6,3,0.25102761073708457,0.3943109179357407
6,3,0.25102761073708457,0.3943109179357407
6,3,0.25102761073708457,0.4333430791799655
6,3,0.20833266633531,0.4333430791799655
6,3,0.25102761073708457,0.4333430791799655
6,3,0.20833266633531,0.4723752404241903
6,3,0.20833266633531,0.4333430791799655
6,3,0.20833266633531,0.4333430791799655
6,3,0.20833266633531,0.4723752404241903
6,3,0.16563772193353632,0.4723752404241903
6,3,0.29372255513885825,0.3943109179357407
6,3,0.29372255513885825,0.4333430791799655
6,3,0.25102761073708457,0.4333430791799655
6,3,0.29372255513885825,0.4333430791799655
6,3,0.25102761073708457,0.4723752404241903
6,3,0.25102761073708457,0.4333430791799655
6,3,0.25102761073708457,0.4333430791799655
6,3,0.25102761073708457,0.4723752404241903
6,3,0.20833266633531,0.4723752404241903
6,3,0.29372255513885825,0.4333430791799655
6,3,0.29372255513885825,0.4723752404241903
6,3,0.25102761073708457,0.4723752404241903
