6,6,0.5,0.5700000000000003
6,6,0.1929558640987219,0.413514640344653
6,6,0.1929558640987219,0.7264853596553476
6,6,0.8070441359012781,0.413514640344653
6,6,0.8070441359012781,0.7264853596553476
6,6,0.928965221006659,0.829676268828246
6,6,0.8789099764270967,0.829676268828246
6,6,0.8789099764270967,0.7981861149612905
6,6,0.8789099764270967,0.829676268828246
6,6,0.8288547318475343,0.7981861149612905
6,6,0.8789099764270967,0.7981861149612905
6,6,0.8789099764270967,0.7981861149612905
6,6,0.8288547318475343,0.7981861149612905
6,6,0.8288547318475343,0.766695961094336
6,6,0.8288547318475343,0.7981861149612905
6,6,0.778799487267972,0.766695961094336
6,6,0.8288547318475343,0.766695961094336
6,6,0.8288547318475343,0.766695961094336
6,6,0.778799487267972,0.766695961094336
6,6,0.778799487267972,0.7352058072273815
6,6,0.778799487267972,0.766695961094336
6,6,0.7287442426884105,0.7352058072273815
6,6,0.778799487267972,0.7352058072273815
6,6,0.778799487267972,0.7352058072273815
6,6,0.7287442426884105,0.7352058072273815
6,6,0.7287442426884105,0.703715653360427
6,6,0.7287442426884105,0.7352058072273815
6,6,0.6786889981088482,0.703715653360427
6,6,0.7287442426884105,0.703715653360427
6,6,0.7287442426884105,0.703715653360427
6,6,0.6786889981088482,0.703715653360427
6,6,0.6786889981088482,0.6722254994934724
6,6,0.6786889981088482,0.703715653360427
6,6,0.6286337535292859,0.6722254994934724
6,6,0.6786889981088482,0.6722254994934724
6,6,0.6786889981088482,0.6722254994934724
6,6,0.6286337535292859,0.6722254994934724
6,6,0.6286337535292859,0.6407353456265179
6,6,0.6286337535292859,0.6722254994934724
6,6,0.5785785089497235,0.6407353456265179
6,6,0.6286337535292859,0.6407353456265179
6,6,0.6286337535292859,0.6407353456265179
6,6,0.5785785089497235,0.6407353456265179
6,6,0.5785785089497235,0.6092451917595634
6,6,0.5785785089497235,0.6407353456265179
6,6,0.5285232643701612,0.6092451917595634
6,6,0.5785785089497235,0.6092451917595634
6,6,0.5785785089497235,0.6092451917595634
6,6,0.5285232643701612,0.6092451917595634
6,6,0.5285232643701612,0.5777550378926088
6,6,0.5285232643701612,0.6092451917595634
6,6,0.47846801979059883,0.5777550378926088
6,6,0.5285232643701612,0.5777550378926088
6,6,0.5285232643701612,0.5777550378926088
6,6,0.47846801979059883,0.5777550378926088
6,6,0.47846801979059883,0.5462648840256543
6,6,0.47846801979059883,0.5777550378926088
6,6,0.4284127752110365,0.5462648840256543
6,6,0.47846801979059883,0.5462648840256543
6,6,0.47846801979059883,0.5462648840256543
6,6,0.4284127752110365,0.5462648840256543
6,6,0.4284127752110365,0.5147747301586989
6,6,0.4284127752110365,0.5462648840256543
6,6,0.37835753063147504,0.5147747301586989
6,6,0.4284127752110365,0.5147747301586989
6,6,0.4284127752110365,0.5147747301586989
6,6,0.37835753063147504,0.5147747301586989
6,6,0.37835753063147504,0.48328457629174437
6,6,0.37835753063147504,0.5147747301586989
6,6,0.3283022860519127,0.48328457629174437
6,6,0.37835753063147504,0.48328457629174437
6,6,0.37835753063147504,0.48328457629174437
6,6,0.3283022860519127,0.48328457629174437
6,6,0.3283022860519127,0.45179442242478984
6,6,0.3283022860519127,0.48328457629174437
6,6,0.27824704147235035,0.45179442242478984
6,6,0.3283022860519127,0.45179442242478984
6,6,0.3283022860519127,0.45179442242478984
6,6,0.27824704147235035,0.45179442242478984
6,6,0.27824704147235035,0.4203042685578353
6,6,0.27824704147235035,0.45179442242478984
6,6,0.228191796892788,0.4203042685578353
6,6,0.27824704147235035,0.4203042685578353
6,6,0.27824704147235035,0.4203042685578353
6,6,0.228191796892788,0.4203042685578353
6,6,0.228191796892788,0.3888141146908808
6,6,0.228191796892788,0.4203042685578353
6,6,0.17813655231322567,0.3888141146908808
6,6,0.228191796892788,0.3888141146908808
6,6,0.228191796892788,0.3888141146908808
6,6,0.17813655231322567,0.3888141146908808
6,6,0.17813655231322567,0.35732396082392626
6,6,0.17813655231322567,0.3888141146908808
6,6,0.12808130773366333,0.35732396082392626
6,6,0.17813655231322567,0.35732396082392626
6,6,0.17813655231322567,0.35732396082392626
6,6,0.12808130773366333,0.35732396082392626
6,6,0.12808130773366333,0.3258338069569717
6,6,0.12808130773366333,0.35732396082392626
6,6,0.07802606315410188,0.3258338069569717
6,6,0.12808130773366333,0.3258338069569717
6,6,0.12808130773366333,0.3258338069569717
6,6,0.07802606315410188,0.3258338069569717
6,6,0.07802606315410188,0.2943436530900172
6,6,0.8789099764270967,0.829676268828246
6,6,0.8288547318475343,0.829676268828246
6,6,0.8288547318475343,0.7981861149612905
6,6,0.8288547318475343,0.829676268828246
6,6,0.778799487267972,0.7981861149612905
6,6,0.8288547318475343,0.7981861149612905
6,6,0.8288547318475343,0.7981861149612905
6,6,0.778799487267972,0.7981861149612905
6,6,0.778799487267972,0.766695961094336
6,6,0.778799487267972,0.7981861149612905
6,6,0.7287442426884105,0.766695961094336
6,6,0.778799487267972,0.766695961094336
6,6,0.778799487267972,0.766695961094336
6,6,0.7287442426884105,0.766695961094336
6,6,0.7287442426884105,0.7352058072273815
6,6,0.7287442426884105,0.766695961094336
6,6,0.6786889981088482,0.7352058072273815
6,6,0.7287442426884105,0.7352058072273815
6,6,0.7287442426884105,0.7352058072273815
6,6,0.6786889981088482,0.7352058072273815
6,6,0.6786889981088482,0.703715653360427
6,6,0.6786889981088482,0.7352058072273815
6,6,0.6286337535292859,0.703715653360427
6,6,0.6786889981088482,0.703715653360427
6,6,0.6786889981088482,0.703715653360427
6,6,0.6286337535292859,0.703715653360427
6,6,0.6286337535292859,0.6722254994934724
6,6,0.6286337535292859,0.703715653360427
6,6,0.5785785089497235,0.6722254994934724
6,6,0.6286337535292859,0.6722254994934724
6,6,0.6286337535292859,0.6722254994934724
6,6,0.5785785089497235,0.6722254994934724
6,6,0.5785785089497235,0.6407353456265179
6,6,0.5785785089497235,0.6722254994934724
6,6,0.5285232643701612,0.6407353456265179
6,6,0.5785785089497235,0.6407353456265179
6,6,0.5785785089497235,0.6407353456265179
6,6,0.5285232643701612,0.6407353456265179
6,6,0.5285232643701612,0.6092451917595634
6,6,0.5285232643701612,0.6407353456265179
6,6,0.47846801979059883,0.6092451917595634
6,6,0.5285232643701612,0.6092451917595634
6,6,0.5285232643701612,0.6092451917595634
6,6,0.47846801979059883,0.6092451917595634
6,6,0.47846801979059883,0.5777550378926088
6,6,0.47846801979059883,0.6092451917595634
6,6,0.4284127752110365,0.5777550378926088
6,6,0.47846801979059883,0.5777550378926088
6,6,0.47846801979059883,0.5777550378926088
6,6,0.4284127752110365,0.5777550378926088
6,6,0.4284127752110365,0.5462648840256543
6,6,0.4284127752110365,0.5777550378926088
6,6,0.37835753063147504,0.5462648840256543
6,6,0.4284127752110365,0.5462648840256543
6,6,0.4284127752110365,0.5462648840256543
6,6,0.37835753063147504,0.5462648840256543
6,6,0.37835753063147504,0.5147747301586989
6,6,0.37835753063147504,0.5462648840256543
6,6,0.3283022860519127,0.5147747301586989
6,6,0.37835753063147504,0.5147747301586989
6,6,0.37835753063147504,0.5147747301586989
6,6,0.3283022860519127,0.5147747301586989
6,6,0.3283022860519127,0.48328457629174437
6,6,0.3283022860519127,0.5147747301586989
6,6,0.27824704147235035,0.48328457629174437
6,6,0.3283022860519127,0.48328457629174437
6,6,0.3283022860519127,0.48328457629174437
6,6,0.27824704147235035,0.48328457629174437
6,6,0.27824704147235035,0.45179442242478984
6,6,0.27824704147235035,0.48328457629174437
6,6,0.228191796892788,0.45179442242478984
6,6,0.27824704147235035,0.45179442242478984
6,6,0.27824704147235035,0.45179442242478984
6,6,0.228191796892788,0.45179442242478984
6,6,0.228191796892788,0.4203042685578353
6,6,0.228191796892788,0.45179442242478984
6,6,0.17813655231322567,0.4203042685578353
6,6,0.228191796892788,0.4203042685578353
6,6,0.228191796892788,0.4203042685578353
6,6,0.17813655231322567,0.4203042685578353
6,6,0.17813655231322567,0.3888141146908808
6,6,0.17813655231322567,0.4203042685578353
6,6,0.12808130773366333,0.3888141146908808
6,6,0.17813655231322567,0.3888141146908808
6,6,0.17813655231322567,0.3888141146908808
6,6,0.12808130773366333,0.3888141146908808
6,6,0.12808130773366333,0.35732396082392626
6,6,0.12808130773366333,0.3888141146908808
6,6,0.07802606315410188,0.35732396082392626
6,6,0.12808130773366333,0.35732396082392626
6,6,0.12808130773366333,0.35732396082392626
6,6,0.07802606315410188,0.35732396082392626
6,6,0.07802606315410188,0.3258338069569717
6,6,0.8288547318475343,0.829676268828246
6,6,0.778799487267972,0.829676268828246
6,6,0.778799487267972,0.7981861149612905
6,6,0.778799487267972,0.829676268828246
6,6,0.7287442426884105,0.7981861149612905
6,6,0.778799487267972,0.7981861149612905
6,6,0.778799487267972,0.7981861149612905
6,6,0.7287442426884105,0.7981861149612905
6,6,0.7287442426884105,0.766695961094336
6,6,0.7287442426884105,0.7981861149612905
6,6,0.6786889981088482,0.766695961094336
6,6,0.7287442426884105,0.766695961094336
6,6,0.7287442426884105,0.766695961094336
6,6,0.6786889981088482,0.766695961094336
6,6,0.6786889981088482,0.7352058072273815
6,6,0.6786889981088482,0.766695961094336
6,6,0.6286337535292859,0.7352058072273815
6,6,0.6786889981088482,0.7352058072273815
6,6,0.6786889981088482,0.7352058072273815
6,6,0.6286337535292859,0.7352058072273815
6,6,0.6286337535292859,0.703715653360427
6,6,0.6286337535292859,0.7352058072273815
6,6,0.5785785089497235,0.703715653360427
6,6,0.6286337535292859,0.703715653360427
6,6,0.6286337535292859,0.703715653360427
6,6,0.5785785089497235,0.703715653360427
6,6,0.5785785089497235,0.6722254994934724
6,6,0.5785785089497235,0.703715653360427
6,6,0.5285232643701612,0.6722254994934724
6,6,0.5785785089497235,0.6722254994934724
6,6,0.5785785089497235,0.6722254994934724
6,6,0.5285232643701612,0.6722254994934724
6,6,0.5285232643701612,0.6407353456265179
6,6,0.5285232643701612,0.6722254994934724
6,6,0.47846801979059883,0.6407353456265179
6,6,0.5285232643701612,0.6407353456265179
6,6,0.5285232643701612,0.6407353456265179
6,6,0.47846801979059883,0.6407353456265179
6,6,0.47846801979059883,0.6092451917595634
6,6,0.47846801979059883,0.6407353456265179
6,6,0.4284127752110365,0.6092451917595634
6,6,0.47846801979059883,0.6092451917595634
6,6,0.47846801979059883,0.6092451917595634
6,6,0.4284127752110365,0.6092451917595634
6,6,0.4284127752110365,0.5777550378926088
6,6,0.4284127752110365,0.6092451917595634
6,6,0.37835753063147504,0.5777550378926088
6,6,0.4284127752110365,0.5777550378926088
6,6,0.4284127752110365,0.5777550378926088
6,6,0.37835753063147504,0.5777550378926088
6,6,0.37835753063147504,0.5462648840256543
6,6,0.37835753063147504,0.5777550378926088
6,6,0.3283022860519127,0.5462648840256543
6,6,0.37835753063147504,0.5462648840256543
6,6,0.37835753063147504,0.5462648840256543
6,6,0.3283022860519127,0.5462648840256543
6,6,0.3283022860519127,0.5147747301586989
6,6,0.3283022860519127,0.5462648840256543
6,6,0.27824704147235035,0.5147747301586989
6,6,0.3283022860519127,0.5147747301586989
6,6,0.3283022860519127,0.5147747301586989
6,6,0.27824704147235035,0.5147747301586989
6,6,0.27824704147235035,0.48328457629174437
6,6,0.27824704147235035,0.5147747301586989
6,6,0.228191796892788,0.48328457629174437
6,6,0.27824704147235035,0.48328457629174437
6,6,0.27824704147235035,0.48328457629174437
6,6,0.228191796892788,0.48328457629174437
6,6,0.228191796892788,0.45179442242478984
6,6,0.228191796892788,0.48328457629174437
6,6,0.17813655231322567,0.45179442242478984
6,6,0.228191796892788,0.45179442242478984
6,6,0.228191796892788,0.45179442242478984
6,6,0.17813655231322567,0.45179442242478984
6,6,0.17813655231322567,0.4203042685578353
6,6,0.17813655231322567,0.45179442242478984
6,6,0.12808130773366333,0.4203042685578353
6,6,0.17813655231322567,0.4203042685578353
6,6,0.17813655231322567,0.4203042685578353
6,6,0.12808130773366333,0.4203042685578353
6,6,0.12808130773366333,0.3888141146908808
6,6,0.12808130773366333,0.4203042685578353
6,6,0.07802606315410188,0.3888141146908808
6,6,0.12808130773366333,0.3888141146908808
6,6,0.12808130773366333,0.3888141146908808
6,6,0.07802606315410188,0.3888141146908808
6,6,0.07802606315410188,0.35732396082392626
6,6,0.778799487267972,0.829676268828246
6,6,0.7287442426884105,0.829676268828246
6,6,0.7287442426884105,0.7981861149612905
6,6,0.7287442426884105,0.829676268828246
6,6,0.6786889981088482,0.7981861149612905
6,6,0.7287442426884105,0.7981861149612905
6,6,0.7287442426884105,0.7981861149612905
6,6,0.6786889981088482,0.7981861149612905
6,6,0.6786889981088482,0.766695961094336
6,6,0.6786889981088482,0.7981861149612905
6,6,0.6286337535292859,0.766695961094336
6,6,0.6786889981088482,0.766695961094336
6,6,0.6786889981088482,0.766695961094336
6,6,0.6286337535292859,0.766695961094336
6,6,0.6286337535292859,0.7352058072273815
6,6,0.6286337535292859,0.766695961094336
6,6,0.5785785089497235,0.7352058072273815
6,6,0.6286337535292859,0.7352058072273815
6,6,0.6286337535292859,0.7352058072273815
6,6,0.5785785089497235,0.7352058072273815
6,6,0.5785785089497235,0.703715653360427
6,6,0.5785785089497235,0.7352058072273815
6,6,0.5285232643701612,0.703715653360427
6,6,0.5785785089497235,0.703715653360427
6,6,0.5785785089497235,0.703715653360427
6,6,0.5285232643701612,0.703715653360427
6,6,0.5285232643701612,0.6722254994934724
6,6,0.5285232643701612,0.703715653360427
6,6,0.47846801979059883,0.6722254994934724
6,6,0.5285232643701612,0.6722254994934724
6,6,0.5285232643701612,0.6722254994934724
6,6,0.47846801979059883,0.6722254994934724
6,6,0.47846801979059883,0.6407353456265179
6,6,0.47846801979059883,0.6722254994934724
6,6,0.4284127752110365,0.6407353456265179
6,6,0.47846801979059883,0.6407353456265179
6,6,0.47846801979059883,0.6407353456265179
6,6,0.4284127752110365,0.6407353456265179
6,6,0.4284127752110365,0.6092451917595634
6,6,0.4284127752110365,0.6407353456265179
6,6,0.37835753063147504,0.6092451917595634
6,6,0.4284127752110365,0.6092451917595634
6,6,0.4284127752110365,0.6092451917595634
6,6,0.37835753063147504,0.6092451917595634
6,6,0.37835753063147504,0.5777550378926088
6,6,0.37835753063147504,0.6092451917595634
6,6,0.3283022860519127,0.5777550378926088
6,6,0.37835753063147504,0.5777550378926088
6,6,0.37835753063147504,0.5777550378926088
6,6,0.3283022860519127,0.5777550378926088
6,6,0.3283022860519127,0.5462648840256543
6,6,0.3283022860519127,0.5777550378926088
6,6,0.27824704147235035,0.5462648840256543
6,6,0.3283022860519127,0.5462648840256543
6,6,0.3283022860519127,0.5462648840256543
6,6,0.27824704147235035,0.5462648840256543
6,6,0.27824704147235035,0.5147747301586989
6,6,0.27824704147235035,0.5462648840256543
6,6,0.228191796892788,0.5147747301586989
6,6,0.27824704147235035,0.5147747301586989
6,6,0.27824704147235035,0.5147747301586989
6,6,0.228191796892788,0.5147747301586989
6,6,0.228191796892788,0.48328457629174437
6,6,0.228191796892788,0.5147747301586989
6,6,0.17813655231322567,0.48328457629174437
6,6,0.228191796892788,0.48328457629174437
6,6,0.228191796892788,0.48328457629174437
6,6,0.17813655231322567,0.48328457629174437
6,6,0.17813655231322567,0.45179442242478984
6,6,0.17813655231322567,0.48328457629174437
6,6,0.12808130773366333,0.45179442242478984
6,6,0.17813655231322567,0.45179442242478984
6,6,0.17813655231322567,0.45179442242478984
6,6,0.12808130773366333,0.45179442242478984
6,6,0.12808130773366333,0.4203042685578353
6,6,0.12808130773366333,0.45179442242478984
6,6,0.07802606315410188,0.4203042685578353
6,6,0.12808130773366333,0.4203042685578353
6,6,0.12808130773366333,0.4203042685578353
6,6,0.07802606315410188,0.4203042685578353
6,6,0.07802606315410188,0.3888141146908808
6,6,0.7287442426884105,0.829676268828246
6,6,0.6786889981088482,0.829676268828246
6,6,0.6786889981088482,0.7981861149612905
6,6,0.6786889981088482,0.829676268828246
6,6,0.6286337535292859,0.7981861149612905
6,6,0.6786889981088482,0.7981861149612905
6,6,0.6786889981088482,0.7981861149612905
6,6,0.6286337535292859,0.7981861149612905
6,6,0.6286337535292859,0.766695961094336
6,6,0.6286337535292859,0.7981861149612905
6,6,0.5785785089497235,0.766695961094336
6,6,0.6286337535292859,0.766695961094336
6,6,0.6286337535292859,0.766695961094336
6,6,0.5785785089497235,0.766695961094336
6,6,0.5785785089497235,0.7352058072273815
6,6,0.5785785089497235,0.766695961094336
6,6,0.5285232643701612,0.7352058072273815
6,6,0.5785785089497235,0.7352058072273815
6,6,0.5785785089497235,0.7352058072273815
6,6,0.5285232643701612,0.7352058072273815
6,6,0.5285232643701612,0.703715653360427
6,6,0.5285232643701612,0.7352058072273815
6,6,0.47846801979059883,0.703715653360427
6,6,0.5285232643701612,0.703715653360427
6,6,0.5285232643701612,0.703715653360427
6,6,0.47846801979059883,0.703715653360427
6,6,0.47846801979059883,0.6722254994934724
6,6,0.47846801979059883,0.703715653360427
6,6,0.4284127752110365,0.6722254994934724
6,6,0.47846801979059883,0.6722254994934724
6,6,0.47846801979059883,0.6722254994934724
6,6,0.4284127752110365,0.6722254994934724
6,6,0.4284127752110365,0.6407353456265179
6,6,0.4284127752110365,0.6722254994934724
6,6,0.37835753063147504,0.6407353456265179
6,6,0.4284127752110365,0.6407353456265179
6,6,0.4284127752110365,0.6407353456265179
6,6,0.37835753063147504,0.6407353456265179
6,6,0.37835753063147504,0.6092451917595634
6,6,0.37835753063147504,0.6407353456265179
6,6,0.3283022860519127,0.6092451917595634
6,6,0.37835753063147504,0.6092451917595634
6,6,0.37835753063147504,0.6092451917595634
6,6,0.3283022860519127,0.6092451917595634
6,6,0.3283022860519127,0.5777550378926088
6,6,0.3283022860519127,0.6092451917595634
6,6,0.27824704147235035,0.5777550378926088
6,6,0.3283022860519127,0.5777550378926088
6,6,0.3283022860519127,0.5777550378926088
6,6,0.27824704147235035,0.5777550378926088
6,6,0.27824704147235035,0.5462648840256543
6,6,0.27824704147235035,0.5777550378926088
6,6,0.228191796892788,0.5462648840256543
6,6,0.27824704147235035,0.5462648840256543
6,6,0.27824704147235035,0.5462648840256543
6,6,0.228191796892788,0.5462648840256543
6,6,0.228191796892788,0.5147747301586989
6,6,0.228191796892788,0.5462648840256543
6,6,0.17813655231322567,0.5147747301586989
6,6,0.228191796892788,0.5147747301586989
6,6,0.228191796892788,0.5147747301586989
6,6,0.17813655231322567,0.5147747301586989
6,6,0.17813655231322567,0.48328457629174437
6,6,0.17813655231322567,0.5147747301586989
6,6,0.12808130773366333,0.48328457629174437
6,6,0.17813655231322567,0.48328457629174437
6,6,0.17813655231322567,0.48328457629174437
6,6,0.12808130773366333,0.48328457629174437
6,6,0.12808130773366333,0.45179442242478984
6,6,0.12808130773366333,0.48328457629174437
6,6,0.07802606315410188,0.45179442242478984
6,6,0.12808130773366333,0.45179442242478984
6,6,0.12808130773366333,0.45179442242478984
6,6,0.07802606315410188,0.45179442242478984
6,6,0.07802606315410188,0.4203042685578353
6,6,0.6786889981088482,0.829676268828246
6,6,0.6286337535292859,0.829676268828246
6,6,0.6286337535292859,0.7981861149612905
6,6,0.6286337535292859,0.829676268828246
6,6,0.5785785089497235,0.7981861149612905
6,6,0.6286337535292859,0.7981861149612905
6,6,0.6286337535292859,0.7981861149612905
6,6,0.5785785089497235,0.7981861149612905
6,6,0.5785785089497235,0.766695961094336
6,6,0.5785785089497235,0.7981861149612905
6,6,0.5285232643701612,0.766695961094336
6,6,0.5785785089497235,0.766695961094336
6,6,0.5785785089497235,0.766695961094336
6,6,0.5285232643701612,0.766695961094336
6,6,0.5285232643701612,0.7352058072273815
6,6,0.5285232643701612,0.766695961094336
6,6,0.47846801979059883,0.7352058072273815
6,6,0.5285232643701612,0.7352058072273815
6,6,0.5285232643701612,0.7352058072273815
6,6,0.47846801979059883,0.7352058072273815
6,6,0.47846801979059883,0.703715653360427
6,6,0.47846801979059883,0.7352058072273815
6,6,0.4284127752110365,0.703715653360427
6,6,0.47846801979059883,0.703715653360427
6,6,0.47846801979059883,0.703715653360427
6,6,0.4284127752110365,0.703715653360427
6,6,0.4284127752110365,0.6722254994934724
6,6,0.4284127752110365,0.703715653360427
6,6,0.37835753063147504,0.6722254994934724
6,6,0.4284127752110365,0.6722254994934724
6,6,0.4284127752110365,0.6722254994934724
6,6,0.37835753063147504,0.6722254994934724
6,6,0.37835753063147504,0.6407353456265179
6,6,0.37835753063147504,0.6722254994934724
6,6,0.3283022860519127,0.6407353456265179
6,6,0.37835753063147504,0.6407353456265179
6,6,0.37835753063147504,0.6407353456265179
6,6,0.3283022860519127,0.6407353456265179
6,6,0.3283022860519127,0.6092451917595634
6,6,0.3283022860519127,0.6407353456265179
6,6,0.27824704147235035,0.6092451917595634
6,6,0.3283022860519127,0.6092451917595634
6,6,0.3283022860519127,0.6092451917595634
6,6,0.27824704147235035,0.6092451917595634
6,6,0.27824704147235035,0.5777550378926088
6,6,0.27824704147235035,0.6092451917595634
6,6,0.228191796892788,0.5777550378926088
6,6,0.27824704147235035,0.5777550378926088
6,6,0.27824704147235035,0.5777550378926088
6,6,0.228191796892788,0.5777550378926088
6,6,0.228191796892788,0.5462648840256543
6,6,0.228191796892788,0.5777550378926088
6,6,0.17813655231322567,0.5462648840256543
6,6,0.228191796892788,0.5462648840256543
6,6,0.228191796892788,0.5462648840256543
6,6,0.17813655231322567,0.5462648840256543
6,6,0.17813655231322567,0.5147747301586989
6,6,0.17813655231322567,0.5462648840256543
6,6,0.12808130773366333,0.5147747301586989
6,6,0.17813655231322567,0.5147747301586989
6,6,0.17813655231322567,0.5147747301586989
6,6,0.12808130773366333,0.5147747301586989
6,6,0.12808130773366333,0.48328457629174437
6,6,0.12808130773366333,0.5147747301586989
6,6,0.07802606315410188,0.48328457629174437
6,6,0.12808130773366333,0.48328457629174437
6,6,0.12808130773366333,0.48328457629174437
6,6,0.07802606315410188,0.48328457629174437
6,6,0.07802606315410188,0.45179442242478984
6,6,0.6286337535292859,0.829676268828246
6,6,0.5785785089497235,0.829676268828246
6,6,0.5785785089497235,0.7981861149612905
6,6,0.5785785089497235,0.829676268828246
6,6,0.5285232643701612,0.7981861149612905
6,6,0.5785785089497235,0.7981861149612905
6,6,0.5785785089497235,0.7981861149612905
6,6,0.5285232643701612,0.7981861149612905
6,6,0.5285232643701612,0.766695961094336
6,6,0.5285232643701612,0.7981861149612905
6,6,0.47846801979059883,0.766695961094336
6,6,0.5285232643701612,0.766695961094336
6,6,0.5285232643701612,0.766695961094336
6,6,0.47846801979059883,0.766695961094336
6,6,0.47846801979059883,0.7352058072273815
6,6,0.47846801979059883,0.766695961094336
6,6,0.4284127752110365,0.7352058072273815
6,6,0.47846801979059883,0.7352058072273815
6,6,0.47846801979059883,0.7352058072273815
6,6,0.4284127752110365,0.7352058072273815
6,6,0.4284127752110365,0.703715653360427
6,6,0.4284127752110365,0.7352058072273815
6,6,0.37835753063147504,0.703715653360427
6,6,0.4284127752110365,0.703715653360427
6,6,0.4284127752110365,0.703715653360427
6,6,0.37835753063147504,0.703715653360427
6,6,0.37835753063147504,0.6722254994934724
6,6,0.37835753063147504,0.703715653360427
6,6,0.3283022860519127,0.6722254994934724
6,6,0.37835753063147504,0.6722254994934724
6,6,0.37835753063147504,0.6722254994934724
6,6,0.3283022860519127,0.6722254994934724
6,6,0.3283022860519127,0.6407353456265179
6,6,0.3283022860519127,0.6722254994934724
6,6,0.27824704147235035,0.6407353456265179
6,6,0.3283022860519127,0.6407353456265179
6,6,0.3283022860519127,0.6407353456265179
6,6,0.27824704147235035,0.6407353456265179
6,6,0.27824704147235035,0.6092451917595634
6,6,0.27824704147235035,0.6407353456265179
6,6,0.228191796892788,0.6092451917595634
6,6,0.27824704147235035,0.6092451917595634
6,6,0.27824704147235035,0.6092451917595634
6,6,0.228191796892788,0.6092451917595634
6,6,0.228191796892788,0.5777550378926088
6,6,0.228191796892788,0.6092451917595634
6,6,0.17813655231322567,0.5777550378926088
6,6,0.228191796892788,0.5777550378926088
6,6,0.228191796892788,0.5777550378926088
6,6,0.17813655231322567,0.5777550378926088
6,6,0.17813655231322567,0.5462648840256543
6,6,0.17813655231322567,0.5777550378926088
6,6,0.12808130773366333,0.5462648840256543
6,6,0.17813655231322567,0.5462648840256543
6,6,0.17813655231322567,0.5462648840256543
6,6,0.12808130773366333,0.5462648840256543
6,6,0.12808130773366333,0.5147747301586989
6,6,0.12808130773366333,0.5462648840256543
6,6,0.07802606315410188,0.5147747301586989
6,6,0.12808130773366333,0.5147747301586989
6,6,0.12808130773366333,0.5147747301586989
6,6,0.07802606315410188,0.5147747301586989
6,6,0.07802606315410188,0.48328457629174437
6,6,0.5785785089497235,0.829676268828246
6,6,0.5285232643701612,0.829676268828246
6,6,0.5285232643701612,0.7981861149612905
6,6,0.5285232643701612,0.829676268828246
6,6,0.47846801979059883,0.7981861149612905
6,6,0.5285232643701612,0.7981861149612905
6,6,0.5285232643701612,0.7981861149612905
6,6,0.47846801979059883,0.7981861149612905
6,6,0.47846801979059883,0.766695961094336
6,6,0.47846801979059883,0.7981861149612905
6,6,0.4284127752110365,0.766695961094336
6,6,0.47846801979059883,0.766695961094336
6,6,0.47846801979059883,0.766695961094336
6,6,0.4284127752110365,0.766695961094336
6,6,0.4284127752110365,0.7352058072273815
6,6,0.4284127752110365,0.766695961094336
6,6,0.37835753063147504,0.7352058072273815
6,6,0.4284127752110365,0.7352058072273815
6,6,0.4284127752110365,0.7352058072273815
6,6,0.37835753063147504,0.7352058072273815
6,6,0.37835753063147504,0.703715653360427
6,6,0.37835753063147504,0.7352058072273815
6,6,0.3283022860519127,0.703715653360427
6,6,0.37835753063147504,0.703715653360427
6,6,0.37835753063147504,0.703715653360427
6,6,0.3283022860519127,0.703715653360427
6,6,0.3283022860519127,0.6722254994934724
6,6,0.3283022860519127,0.703715653360427
6,6,0.27824704147235035,0.6722254994934724
6,6,0.3283022860519127,0.6722254994934724
6,6,0.3283022860519127,0.6722254994934724
6,6,0.27824704147235035,0.6722254994934724
6,6,0.27824704147235035,0.6407353456265179
6,6,0.27824704147235035,0.6722254994934724
6,6,0.228191796892788,0.6407353456265179
6,6,0.27824704147235035,0.6407353456265179
6,6,0.27824704147235035,0.6407353456265179
6,6,0.228191796892788,0.6407353456265179
6,6,0.228191796892788,0.6092451917595634
6,6,0.228191796892788,0.6407353456265179
6,6,0.17813655231322567,0.6092451917595634
6,6,0.228191796892788,0.6092451917595634
6,6,0.228191796892788,0.6092451917595634
6,6,0.17813655231322567,0.6092451917595634
6,6,0.17813655231322567,0.5777550378926088
6,6,0.17813655231322567,0.6092451917595634
6,6,0.12808130773366333,0.5777550378926088
6,6,0.17813655231322567,0.5777550378926088
6,6,0.17813655231322567,0.5777550378926088
6,6,0.12808130773366333,0.5777550378926088
6,6,0.12808130773366333,0.5462648840256543
6,6,0.12808130773366333,0.5777550378926088
6,6,0.07802606315410188,0.5462648840256543
6,6,0.12808130773366333,0.5462648840256543
6,6,0.12808130773366333,0.5462648840256543
6,6,0.07802606315410188,0.5462648840256543
6,6,0.07802606315410188,0.5147747301586989
6,6,0.5285232643701612,0.829676268828246
6,6,0.47846801979059883,0.829676268828246
6,6,0.47846801979059883,0.7981861149612905
6,6,0.47846801979059883,0.829676268828246
6,6,0.4284127752110365,0.7981861149612905
6,6,0.47846801979059883,0.7981861149612905
6,6,0.47846801979059883,0.7981861149612905
6,6,0.4284127752110365,0.7981861149612905
6,6,0.4284127752110365,0.766695961094336
6,6,0.4284127752110365,0.7981861149612905
6,6,0.37835753063147504,0.766695961094336
6,6,0.4284127752110365,0.766695961094336
6,6,0.4284127752110365,0.766695961094336
6,6,0.37835753063147504,0.766695961094336
6,6,0.37835753063147504,0.7352058072273815
6,6,0.37835753063147504,0.766695961094336
6,6,0.3283022860519127,0.7352058072273815
6,6,0.37835753063147504,0.7352058072273815
6,6,0.37835753063147504,0.7352058072273815
6,6,0.3283022860519127,0.7352058072273815
6,6,0.3283022860519127,0.703715653360427
6,6,0.3283022860519127,0.7352058072273815
6,6,0.27824704147235035,0.703715653360427
6,6,0.3283022860519127,0.703715653360427
6,6,0.3283022860519127,0.703715653360427
6,6,0.27824704147235035,0.703715653360427
6,6,0.27824704147235035,0.6722254994934724
6,6,0.27824704147235035,0.703715653360427
6,6,0.228191796892788,0.6722254994934724
6,6,0.27824704147235035,0.6722254994934724
6,6,0.27824704147235035,0.6722254994934724
6,6,0.228191796892788,0.6722254994934724
6,6,0.228191796892788,0.6407353456265179
6,6,0.228191796892788,0.6722254994934724
6,6,0.17813655231322567,0.6407353456265179
6,6,0.228191796892788,0.6407353456265179
6,6,0.228191796892788,0.6407353456265179
6,6,0.17813655231322567,0.6407353456265179
6,6,0.17813655231322567,0.6092451917595634
6,6,0.17813655231322567,0.6407353456265179
6,6,0.12808130773366333,0.6092451917595634
6,6,0.17813655231322567,0.6092451917595634
6,6,0.17813655231322567,0.6092451917595634
6,6,0.12808130773366333,0.6092451917595634
6,6,0.12808130773366333,0.5777550378926088
6,6,0.12808130773366333,0.6092451917595634
6,6,0.07802606315410188,0.5777550378926088
6,6,0.12808130773366333,0.5777550378926088
6,6,0.12808130773366333,0.5777550378926088
6,6,0.07802606315410188,0.5777550378926088
6,6,0.07802606315410188,0.5462648840256543
6,6,0.47846801979059883,0.829676268828246
6,6,0.4284127752110365,0.829676268828246
6,6,0.4284127752110365,0.7981861149612905
6,6,0.4284127752110365,0.829676268828246
6,6,0.37835753063147504,0.7981861149612905
6,6,0.4284127752110365,0.7981861149612905
6,6,0.4284127752110365,0.7981861149612905
6,6,0.37835753063147504,0.7981861149612905
6,6,0.37835753063147504,0.766695961094336
6,6,0.37835753063147504,0.7981861149612905
6,6,0.3283022860519127,0.766695961094336
6,6,0.37835753063147504,0.766695961094336
6,6,0.37835753063147504,0.766695961094336
6,6,0.3283022860519127,0.766695961094336
6,6,0.3283022860519127,0.7352058072273815
6,6,0.3283022860519127,0.766695961094336
6,6,0.27824704147235035,0.7352058072273815
6,6,0.3283022860519127,0.7352058072273815
6,6,0.3283022860519127,0.7352058072273815
6,6,0.27824704147235035,0.7352058072273815
6,6,0.27824704147235035,0.703715653360427
6,6,0.27824704147235035,0.7352058072273815
6,6,0.228191796892788,0.703715653360427
6,6,0.27824704147235035,0.703715653360427
6,6,0.27824704147235035,0.703715653360427
6,6,0.228191796892788,0.703715653360427
6,6,0.228191796892788,0.6722254994934724
6,6,0.228191796892788,0.703715653360427
6,6,0.17813655231322567,0.6722254994934724
6,6,0.228191796892788,0.6722254994934724
6,6,0.228191796892788,0.6722254994934724
6,6,0.17813655231322567,0.6722254994934724
6,6,0.17813655231322567,0.6407353456265179
6,6,0.17813655231322567,0.6722254994934724
6,6,0.12808130773366333,0.6407353456265179
6,6,0.17813655231322567,0.6407353456265179
6,6,0.17813655231322567,0.6407353456265179
6,6,0.12808130773366333,0.6407353456265179
6,6,0.12808130773366333,0.6092451917595634
6,6,0.12808130773366333,0.6407353456265179
6,6,0.07802606315410188,0.6092451917595634
6,6,0.12808130773366333,0.6092451917595634
6,6,0.12808130773366333,0.6092451917595634
6,6,0.07802606315410188,0.6092451917595634
6,6,0.07802606315410188,0.5777550378926088
6,6,0.4284127752110365,0.829676268828246
6,6,0.37835753063147504,0.829676268828246
6,6,0.37835753063147504,0.7981861149612905
6,6,0.37835753063147504,0.829676268828246
6,6,0.3283022860519127,0.7981861149612905
6,6,0.37835753063147504,0.7981861149612905
6,6,0.37835753063147504,0.7981861149612905
6,6,0.3283022860519127,0.7981861149612905
6,6,0.3283022860519127,0.766695961094336
6,6,0.3283022860519127,0.7981861149612905
6,6,0.27824704147235035,0.766695961094336
6,6,0.3283022860519127,0.766695961094336
6,6,0.3283022860519127,0.766695961094336
6,6,0.27824704147235035,0.766695961094336
6,6,0.27824704147235035,0.7352058072273815
6,6,0.27824704147235035,0.766695961094336
6,6,0.228191796892788,0.7352058072273815
6,6,0.27824704147235035,0.7352058072273815
6,6,0.27824704147235035,0.7352058072273815
6,6,0.228191796892788,0.7352058072273815
6,6,0.228191796892788,0.703715653360427
6,6,0.228191796892788,0.7352058072273815
6,6,0.17813655231322567,0.703715653360427
6,6,0.228191796892788,0.703715653360427
6,6,0.228191796892788,0.703715653360427
6,6,0.17813655231322567,0.703715653360427
6,6,0.17813655231322567,0.6722254994934724
6,6,0.17813655231322567,0.703715653360427
6,6,0.12808130773366333,0.6722254994934724
6,6,0.17813655231322567,0.6722254994934724
6,6,0.17813655231322567,0.6722254994934724
6,6,0.12808130773366333,0.6722254994934724
6,6,0.12808130773366333,0.6407353456265179
6,6,0.12808130773366333,0.6722254994934724
6,6,0.07802606315410188,0.6407353456265179
6,6,0.12808130773366333,0.6407353456265179
6,6,0.12808130773366333,0.6407353456265179
6,6,0.07802606315410188,0.6407353456265179
6,6,0.07802606315410188,0.6092451917595634
6,6,0.37835753063147504,0.829676268828246
6,6,0.3283022860519127,0.829676268828246
6,6,0.3283022860519127,0.7981861149612905
6,6,0.3283022860519127,0.829676268828246
6,6,0.27824704147235035,0.7981861149612905
6,6,0.3283022860519127,0.7981861149612905
6,6,0.3283022860519127,0.7981861149612905
6,6,0.27824704147235035,0.7981861149612905
6,6,0.27824704147235035,0.766695961094336
6,6,0.27824704147235035,0.7981861149612905
6,6,0.228191796892788,0.766695961094336
6,6,0.27824704147235035,0.766695961094336
6,6,0.27824704147235035,0.766695961094336
6,6,0.228191796892788,0.766695961094336
6,6,0.228191796892788,0.7352058072273815
6,6,0.228191796892788,0.766695961094336
6,6,0.17813655231322567,0.7352058072273815
6,6,0.228191796892788,0.7352058072273815
6,6,0.228191796892788,0.7352058072273815
6,6,0.17813655231322567,0.7352058072273815
6,6,0.17813655231322567,0.703715653360427
6,6,0.17813655231322567,0.7352058072273815
6,6,0.12808130773366333,0.703715653360427
6,6,0.17813655231322567,0.703715653360427
6,6,0.17813655231322567,0.703715653360427
6,6,0.12808130773366333,0.703715653360427
6,6,0.12808130773366333,0.6722254994934724
6,6,0.12808130773366333,0.703715653360427
6,6,0.07802606315410188,0.6722254994934724
6,6,0.12808130773366333,0.6722254994934724
6,6,0.12808130773366333,0.6722254994934724
6,6,0.07802606315410188,0.6722254994934724
6,6,0.07802606315410188,0.6407353456265179
6,6,0.3283022860519127,0.829676268828246
6,6,0.27824704147235035,0.829676268828246
6,6,0.27824704147235035,0.7981861149612905
6,6,0.27824704147235035,0.829676268828246
6,6,0.228191796892788,0.7981861149612905
6,6,0.27824704147235035,0.7981861149612905
6,6,0.27824704147235035,0.7981861149612905
6,6,0.228191796892788,0.7981861149612905
6,6,0.228191796892788,0.766695961094336
6,6,0.228191796892788,0.7981861149612905
6,6,0.17813655231322567,0.766695961094336
6,6,0.228191796892788,0.766695961094336
6,6,0.228191796892788,0.766695961094336
6,6,0.17813655231322567,0.766695961094336
6,6,0.17813655231322567,0.7352058072273815
6,6,0.17813655231322567,0.766695961094336
6,6,0.12808130773366333,0.7352058072273815
6,6,0.17813655231322567,0.7352058072273815
6,6,0.17813655231322567,0.7352058072273815
6,6,0.12808130773366333,0.7352058072273815
6,6,0.12808130773366333,0.703715653360427
6,6,0.12808130773366333,0.7352058072273815
6,6,0.07802606315410188,0.703715653360427
6,6,0.12808130773366333,0.703715653360427
6,6,0.12808130773366333,0.703715653360427
6,6,0.07802606315410188,0.703715653360427
6,6,0.07802606315410188,0.6722254994934724
6,6,0.27824704147235035,0.829676268828246
6,6,0.228191796892788,0.829676268828246
6,6,0.228191796892788,0.7981861149612905
6,6,0.228191796892788,0.829676268828246
6,6,0.17813655231322567,0.7981861149612905
6,6,0.228191796892788,0.7981861149612905
6,6,0.228191796892788,0.7981861149612905
6,6,0.17813655231322567,0.7981861149612905
6,6,0.17813655231322567,0.766695961094336
6,6,0.17813655231322567,0.7981861149612905
6,6,0.12808130773366333,0.766695961094336
6,6,0.17813655231322567,0.766695961094336
6,6,0.17813655231322567,0.766695961094336
6,6,0.12808130773366333,0.766695961094336
6,6,0.12808130773366333,0.7352058072273815
6,6,0.12808130773366333,0.766695961094336
6,6,0.07802606315410188,0.7352058072273815
6,6,0.12808130773366333,0.7352058072273815
6,6,0.12808130773366333,0.7352058072273815
6,6,0.07802606315410188,0.7352058072273815
6,6,0.07802606315410188,0.703715653360427
6,6,0.228191796892788,0.829676268828246
6,6,0.17813655231322567,0.829676268828246
6,6,0.17813655231322567,0.7981861149612905
6,6,0.17813655231322567,0.829676268828246
6,6,0.12808130773366333,0.7981861149612905
6,6,0.17813655231322567,0.7981861149612905
6,6,0.17813655231322567,0.7981861149612905
6,6,0.12808130773366333,0.7981861149612905
6,6,0.12808130773366333,0.766695961094336
6,6,0.12808130773366333,0.7981861149612905
6,6,0.07802606315410188,0.766695961094336
6,6,0.12808130773366333,0.766695961094336
6,6,0.12808130773366333,0.766695961094336
6,6,0.07802606315410188,0.766695961094336
6,6,0.07802606315410188,0.7352058072273815
6,6,0.17813655231322567,0.829676268828246
6,6,0.12808130773366333,0.829676268828246
6,6,0.12808130773366333,0.7981861149612905
6,6,0.12808130773366333,0.829676268828246
6,6,0.07802606315410188,0.7981861149612905
6,6,0.12808130773366333,0.7981861149612905
6,6,0.12808130773366333,0.7981861149612905
6,6,0.07802606315410188,0.7981861149612905
6,6,0.07802606315410188,0.766695961094336
6,6,0.12808130773366333,0.829676268828246
6,6,0.07802606315410188,0.829676268828246
6,6,0.07802606315410188,0.7981861149612905
6,6,0.07802606315410188,0.2943436530900172
6,6,0.12808130773366333,0.2943436530900172
6,6,0.12808130773366333,0.3258338069569717
6,6,0.12808130773366333,0.2943436530900172
6,6,0.17813655231322567,0.3258338069569717
6,6,0.12808130773366333,0.3258338069569717
6,6,0.12808130773366333,0.3258338069569717
6,6,0.17813655231322567,0.3258338069569717
6,6,0.17813655231322567,0.35732396082392626
6,6,0.17813655231322567,0.3258338069569717
6,6,0.228191796892788,0.35732396082392626
6,6,0.17813655231322567,0.35732396082392626
6,6,0.17813655231322567,0.35732396082392626
6,6,0.228191796892788,0.35732396082392626
6,6,0.228191796892788,0.3888141146908808
6,6,0.228191796892788,0.35732396082392626
6,6,0.27824704147235035,0.3888141146908808
6,6,0.228191796892788,0.3888141146908808
6,6,0.228191796892788,0.3888141146908808
6,6,0.27824704147235035,0.3888141146908808
6,6,0.27824704147235035,0.4203042685578353
6,6,0.27824704147235035,0.3888141146908808
6,6,0.3283022860519127,0.4203042685578353
6,6,0.27824704147235035,0.4203042685578353
6,6,0.27824704147235035,0.4203042685578353
6,6,0.3283022860519127,0.4203042685578353
6,6,0.3283022860519127,0.45179442242478984
6,6,0.3283022860519127,0.4203042685578353
6,6,0.37835753063147504,0.45179442242478984
6,6,0.3283022860519127,0.45179442242478984
6,6,0.3283022860519127,0.45179442242478984
6,6,0.37835753063147504,0.45179442242478984
6,6,0.37835753063147504,0.48328457629174437
6,6,0.37835753063147504,0.45179442242478984
6,6,0.4284127752110365,0.48328457629174437
6,6,0.37835753063147504,0.48328457629174437
6,6,0.37835753063147504,0.48328457629174437
6,6,0.4284127752110365,0.48328457629174437
6,6,0.4284127752110365,0.5147747301586989
6,6,0.4284127752110365,0.48328457629174437
6,6,0.47846801979059883,0.5147747301586989
6,6,0.4284127752110365,0.5147747301586989
6,6,0.4284127752110365,0.5147747301586989
6,6,0.47846801979059883,0.5147747301586989
6,6,0.47846801979059883,0.5462648840256543
6,6,0.47846801979059883,0.5147747301586989
6,6,0.5285232643701612,0.5462648840256543
6,6,0.47846801979059883,0.5462648840256543
6,6,0.47846801979059883,0.5462648840256543
6,6,0.5285232643701612,0.5462648840256543
6,6,0.5285232643701612,0.5777550378926088
6,6,0.5285232643701612,0.5462648840256543
6,6,0.5785785089497235,0.5777550378926088
6,6,0.5285232643701612,0.5777550378926088
6,6,0.5285232643701612,0.5777550378926088
6,6,0.5785785089497235,0.5777550378926088
6,6,0.5785785089497235,0.6092451917595634
6,6,0.5785785089497235,0.5777550378926088
6,6,0.6286337535292859,0.6092451917595634
6,6,0.5785785089497235,0.6092451917595634
6,6,0.5785785089497235,0.6092451917595634
6,6,0.6286337535292859,0.6092451917595634
6,6,0.6286337535292859,0.6407353456265179
6,6,0.6286337535292859,0.6092451917595634
6,6,0.6786889981088482,0.6407353456265179
6,6,0.6286337535292859,0.6407353456265179
6,6,0.6286337535292859,0.6407353456265179
6,6,0.6786889981088482,0.6407353456265179
6,6,0.6786889981088482,0.6722254994934724
6,6,0.6786889981088482,0.6407353456265179
6,6,0.7287442426884105,0.6722254994934724
6,6,0.6786889981088482,0.6722254994934724
6,6,0.6786889981088482,0.6722254994934724
6,6,0.7287442426884105,0.6722254994934724
6,6,0.7287442426884105,0.703715653360427
6,6,0.7287442426884105,0.6722254994934724
6,6,0.778799487267972,0.703715653360427
6,6,0.7287442426884105,0.703715653360427
6,6,0.7287442426884105,0.703715653360427
6,6,0.778799487267972,0.703715653360427
6,6,0.778799487267972,0.7352058072273815
6,6,0.778799487267972,0.703715653360427
6,6,0.8288547318475343,0.7352058072273815
6,6,0.778799487267972,0.7352058072273815
6,6,0.778799487267972,0.7352058072273815
6,6,0.8288547318475343,0.7352058072273815
6,6,0.8288547318475343,0.766695961094336
6,6,0.8288547318475343,0.7352058072273815
6,6,0.8789099764270967,0.766695961094336
6,6,0.8288547318475343,0.766695961094336
6,6,0.8288547318475343,0.766695961094336
6,6,0.8789099764270967,0.766695961094336
6,6,0.8789099764270967,0.7981861149612905
6,6,0.8789099764270967,0.766695961094336
6,6,0.928965221006659,0.7981861149612905
6,6,0.8789099764270967,0.7981861149612905
6,6,0.8789099764270967,0.7981861149612905
6,6,0.928965221006659,0.7981861149612905
6,6,0.928965221006659,0.829676268828246
6,6,0.12808130773366333,0.2943436530900172
6,6,0.17813655231322567,0.2943436530900172
6,6,0.17813655231322567,0.3258338069569717
6,6,0.17813655231322567,0.2943436530900172
6,6,0.228191796892788,0.3258338069569717
6,6,0.17813655231322567,0.3258338069569717
6,6,0.17813655231322567,0.3258338069569717
6,6,0.228191796892788,0.3258338069569717
6,6,0.228191796892788,0.35732396082392626
6,6,0.228191796892788,0.3258338069569717
6,6,0.27824704147235035,0.35732396082392626
6,6,0.228191796892788,0.35732396082392626
6,6,0.228191796892788,0.35732396082392626
6,6,0.27824704147235035,0.35732396082392626
6,6,0.27824704147235035,0.3888141146908808
6,6,0.27824704147235035,0.35732396082392626
6,6,0.3283022860519127,0.3888141146908808
6,6,0.27824704147235035,0.3888141146908808
6,6,0.27824704147235035,0.3888141146908808
6,6,0.3283022860519127,0.3888141146908808
6,6,0.3283022860519127,0.4203042685578353
6,6,0.3283022860519127,0.3888141146908808
6,6,0.37835753063147504,0.4203042685578353
6,6,0.3283022860519127,0.4203042685578353
6,6,0.3283022860519127,0.4203042685578353
6,6,0.37835753063147504,0.4203042685578353
6,6,0.37835753063147504,0.45179442242478984
6,6,0.37835753063147504,0.4203042685578353
6,6,0.4284127752110365,0.45179442242478984
6,6,0.37835753063147504,0.45179442242478984
6,6,0.37835753063147504,0.45179442242478984
6,6,0.4284127752110365,0.45179442242478984
6,6,0.4284127752110365,0.48328457629174437
6,6,0.4284127752110365,0.45179442242478984
6,6,0.47846801979059883,0.48328457629174437
6,6,0.4284127752110365,0.48328457629174437
6,6,0.4284127752110365,0.48328457629174437
6,6,0.47846801979059883,0.48328457629174437
6,6,0.47846801979059883,0.5147747301586989
6,6,0.47846801979059883,0.48328457629174437
6,6,0.5285232643701612,0.5147747301586989
6,6,0.47846801979059883,0.5147747301586989
6,6,0.47846801979059883,0.5147747301586989
6,6,0.5285232643701612,0.5147747301586989
6,6,0.5285232643701612,0.5462648840256543
6,6,0.5285232643701612,0.5147747301586989
6,6,0.5785785089497235,0.5462648840256543
6,6,0.5285232643701612,0.5462648840256543
6,6,0.5285232643701612,0.5462648840256543
6,6,0.5785785089497235,0.5462648840256543
6,6,0.5785785089497235,0.5777550378926088
6,6,0.5785785089497235,0.5462648840256543
6,6,0.6286337535292859,0.5777550378926088
6,6,0.5785785089497235,0.5777550378926088
6,6,0.5785785089497235,0.5777550378926088
6,6,0.6286337535292859,0.5777550378926088
6,6,0.6286337535292859,0.6092451917595634
6,6,0.6286337535292859,0.5777550378926088
6,6,0.6786889981088482,0.6092451917595634
6,6,0.6286337535292859,0.6092451917595634
6,6,0.6286337535292859,0.6092451917595634
6,6,0.6786889981088482,0.6092451917595634
6,6,0.6786889981088482,0.6407353456265179
6,6,0.6786889981088482,0.6092451917595634
6,6,0.7287442426884105,0.6407353456265179
6,6,0.6786889981088482,0.6407353456265179
6,6,0.6786889981088482,0.6407353456265179
6,6,0.7287442426884105,0.6407353456265179
6,6,0.7287442426884105,0.6722254994934724
6,6,0.7287442426884105,0.6407353456265179
6,6,0.778799487267972,0.6722254994934724
6,6,0.7287442426884105,0.6722254994934724
6,6,0.7287442426884105,0.6722254994934724
6,6,0.778799487267972,0.6722254994934724
6,6,0.778799487267972,0.703715653360427
6,6,0.778799487267972,0.6722254994934724
6,6,0.8288547318475343,0.703715653360427
6,6,0.778799487267972,0.703715653360427
6,6,0.778799487267972,0.703715653360427
6,6,0.8288547318475343,0.703715653360427
6,6,0.8288547318475343,0.7352058072273815
6,6,0.8288547318475343,0.703715653360427
6,6,0.8789099764270967,0.7352058072273815
6,6,0.8288547318475343,0.7352058072273815
6,6,0.8288547318475343,0.7352058072273815
6,6,0.8789099764270967,0.7352058072273815
6,6,0.8789099764270967,0.766695961094336
6,6,0.8789099764270967,0.7352058072273815
6,6,0.928965221006659,0.766695961094336
6,6,0.8789099764270967,0.766695961094336
6,6,0.8789099764270967,0.766695961094336
6,6,0.928965221006659,0.766695961094336
6,6,0.928965221006659,0.7981861149612905
6,6,0.17813655231322567,0.2943436530900172
6,6,0.228191796892788,0.2943436530900172
6,6,0.228191796892788,0.3258338069569717
6,6,0.228191796892788,0.2943436530900172
6,6,0.27824704147235035,0.3258338069569717
6,6,0.228191796892788,0.3258338069569717
6,6,0.228191796892788,0.3258338069569717
6,6,0.27824704147235035,0.3258338069569717
6,6,0.27824704147235035,0.35732396082392626
6,6,0.27824704147235035,0.3258338069569717
6,6,0.3283022860519127,0.35732396082392626
6,6,0.27824704147235035,0.35732396082392626
6,6,0.27824704147235035,0.35732396082392626
6,6,0.3283022860519127,0.35732396082392626
6,6,0.3283022860519127,0.3888141146908808
6,6,0.3283022860519127,0.35732396082392626
6,6,0.37835753063147504,0.3888141146908808
6,6,0.3283022860519127,0.3888141146908808
6,6,0.3283022860519127,0.3888141146908808
6,6,0.37835753063147504,0.3888141146908808
6,6,0.37835753063147504,0.4203042685578353
6,6,0.37835753063147504,0.3888141146908808
6,6,0.4284127752110365,0.4203042685578353
6,6,0.37835753063147504,0.4203042685578353
6,6,0.37835753063147504,0.4203042685578353
6,6,0.4284127752110365,0.4203042685578353
6,6,0.4284127752110365,0.45179442242478984
6,6,0.4284127752110365,0.4203042685578353
6,6,0.47846801979059883,0.45179442242478984
6,6,0.4284127752110365,0.45179442242478984
6,6,0.4284127752110365,0.45179442242478984
6,6,0.47846801979059883,0.45179442242478984
6,6,0.47846801979059883,0.48328457629174437
6,6,0.47846801979059883,0.45179442242478984
6,6,0.5285232643701612,0.48328457629174437
6,6,0.47846801979059883,0.48328457629174437
6,6,0.47846801979059883,0.48328457629174437
6,6,0.5285232643701612,0.48328457629174437
6,6,0.5285232643701612,0.5147747301586989
6,6,0.5285232643701612,0.48328457629174437
6,6,0.5785785089497235,0.5147747301586989
6,6,0.5285232643701612,0.5147747301586989
6,6,0.5285232643701612,0.5147747301586989
6,6,0.5785785089497235,0.5147747301586989
6,6,0.5785785089497235,0.5462648840256543
6,6,0.5785785089497235,0.5147747301586989
6,6,0.6286337535292859,0.5462648840256543
6,6,0.5785785089497235,0.5462648840256543
6,6,0.5785785089497235,0.5462648840256543
6,6,0.6286337535292859,0.5462648840256543
6,6,0.6286337535292859,0.5777550378926088
6,6,0.6286337535292859,0.5462648840256543
6,6,0.6786889981088482,0.5777550378926088
6,6,0.6286337535292859,0.5777550378926088
6,6,0.6286337535292859,0.5777550378926088
6,6,0.6786889981088482,0.5777550378926088
6,6,0.6786889981088482,0.6092451917595634
6,6,0.6786889981088482,0.5777550378926088
6,6,0.7287442426884105,0.6092451917595634
6,6,0.6786889981088482,0.6092451917595634
6,6,0.6786889981088482,0.6092451917595634
6,6,0.7287442426884105,0.6092451917595634
6,6,0.7287442426884105,0.6407353456265179
6,6,0.7287442426884105,0.6092451917595634
6,6,0.7787994872679729,0.6407353456265179
6,6,0.7287442426884105,0.6407353456265179
6,6,0.7287442426884105,0.6407353456265179
6,6,0.7787994872679729,0.6407353456265179
6,6,0.778799487267972,0.6722254994934724
6,6,0.7787994872679729,0.6407353456265179
6,6,0.8288547318475343,0.6722254994934724
6,6,0.778799487267972,0.6722254994934724
6,6,0.778799487267972,0.6722254994934724
6,6,0.8288547318475343,0.6722254994934724
6,6,0.8288547318475343,0.703715653360427
6,6,0.8288547318475343,0.6722254994934724
6,6,0.8789099764270967,0.703715653360427
6,6,0.8288547318475343,0.703715653360427
6,6,0.8288547318475343,0.703715653360427
6,6,0.8789099764270967,0.703715653360427
6,6,0.8789099764270967,0.7352058072273815
6,6,0.8789099764270967,0.703715653360427
6,6,0.928965221006659,0.7352058072273815
6,6,0.8789099764270967,0.7352058072273815
6,6,0.8789099764270967,0.7352058072273815
6,6,0.928965221006659,0.7352058072273815
6,6,0.928965221006659,0.766695961094336
6,6,0.228191796892788,0.2943436530900172
6,6,0.27824704147235035,0.2943436530900172
6,6,0.27824704147235035,0.3258338069569717
6,6,0.27824704147235035,0.2943436530900172
6,6,0.3283022860519127,0.3258338069569717
6,6,0.27824704147235035,0.3258338069569717
6,6,0.27824704147235035,0.3258338069569717
6,6,0.3283022860519127,0.3258338069569717
6,6,0.3283022860519127,0.35732396082392626
6,6,0.3283022860519127,0.3258338069569717
6,6,0.37835753063147504,0.35732396082392626
6,6,0.3283022860519127,0.35732396082392626
6,6,0.3283022860519127,0.35732396082392626
6,6,0.37835753063147504,0.35732396082392626
6,6,0.37835753063147504,0.3888141146908808
6,6,0.37835753063147504,0.35732396082392626
6,6,0.4284127752110365,0.3888141146908808
6,6,0.37835753063147504,0.3888141146908808
6,6,0.37835753063147504,0.3888141146908808
6,6,0.4284127752110365,0.3888141146908808
6,6,0.4284127752110365,0.4203042685578353
6,6,0.4284127752110365,0.3888141146908808
6,6,0.47846801979059883,0.4203042685578353
6,6,0.4284127752110365,0.4203042685578353
6,6,0.4284127752110365,0.4203042685578353
6,6,0.47846801979059883,0.4203042685578353
6,6,0.47846801979059883,0.45179442242478984
6,6,0.47846801979059883,0.4203042685578353
6,6,0.5285232643701612,0.45179442242478984
6,6,0.47846801979059883,0.45179442242478984
6,6,0.47846801979059883,0.45179442242478984
6,6,0.5285232643701612,0.45179442242478984
6,6,0.5285232643701612,0.48328457629174437
6,6,0.5285232643701612,0.45179442242478984
6,6,0.5785785089497235,0.48328457629174437
6,6,0.5285232643701612,0.48328457629174437
6,6,0.5285232643701612,0.48328457629174437
6,6,0.5785785089497235,0.48328457629174437
6,6,0.5785785089497235,0.5147747301586989
6,6,0.5785785089497235,0.48328457629174437
6,6,0.6286337535292859,0.5147747301586989
6,6,0.5785785089497235,0.5147747301586989
6,6,0.5785785089497235,0.5147747301586989
6,6,0.6286337535292859,0.5147747301586989
6,6,0.6286337535292859,0.5462648840256543
6,6,0.6286337535292859,0.5147747301586989
6,6,0.6786889981088482,0.5462648840256543
6,6,0.6286337535292859,0.5462648840256543
6,6,0.6286337535292859,0.5462648840256543
6,6,0.6786889981088482,0.5462648840256543
6,6,0.6786889981088482,0.5777550378926088
6,6,0.6786889981088482,0.5462648840256543
6,6,0.7287442426884105,0.5777550378926088
6,6,0.6786889981088482,0.5777550378926088
6,6,0.6786889981088482,0.5777550378926088
6,6,0.7287442426884105,0.5777550378926088
6,6,0.7287442426884105,0.6092451917595634
6,6,0.7287442426884105,0.5777550378926088
6,6,0.778799487267972,0.6092451917595634
6,6,0.7287442426884105,0.6092451917595634
6,6,0.7287442426884105,0.6092451917595634
6,6,0.778799487267972,0.6092451917595634
6,6,0.7787994872679729,0.6407353456265179
6,6,0.778799487267972,0.6092451917595634
6,6,0.8288547318475343,0.6407353456265179
6,6,0.7787994872679729,0.6407353456265179
6,6,0.7787994872679729,0.6407353456265179
6,6,0.8288547318475343,0.6407353456265179
6,6,0.8288547318475343,0.6722254994934724
6,6,0.8288547318475343,0.6407353456265179
6,6,0.8789099764270967,0.6722254994934724
6,6,0.8288547318475343,0.6722254994934724
6,6,0.8288547318475343,0.6722254994934724
6,6,0.8789099764270967,0.6722254994934724
6,6,0.8789099764270967,0.703715653360427
6,6,0.8789099764270967,0.6722254994934724
6,6,0.928965221006659,0.703715653360427
6,6,0.8789099764270967,0.703715653360427
6,6,0.8789099764270967,0.703715653360427
6,6,0.928965221006659,0.703715653360427
6,6,0.928965221006659,0.7352058072273815
6,6,0.27824704147235035,0.2943436530900172
6,6,0.3283022860519127,0.2943436530900172
6,6,0.3283022860519127,0.3258338069569717
6,6,0.3283022860519127,0.2943436530900172
6,6,0.37835753063147504,0.3258338069569717
6,6,0.3283022860519127,0.3258338069569717
6,6,0.3283022860519127,0.3258338069569717
6,6,0.37835753063147504,0.3258338069569717
6,6,0.37835753063147504,0.35732396082392626
6,6,0.37835753063147504,0.3258338069569717
6,6,0.4284127752110365,0.35732396082392626
6,6,0.37835753063147504,0.35732396082392626
6,6,0.37835753063147504,0.35732396082392626
6,6,0.4284127752110365,0.35732396082392626
6,6,0.4284127752110365,0.3888141146908808
6,6,0.4284127752110365,0.35732396082392626
6,6,0.47846801979059883,0.3888141146908808
6,6,0.4284127752110365,0.3888141146908808
6,6,0.4284127752110365,0.3888141146908808
6,6,0.47846801979059883,0.3888141146908808
6,6,0.47846801979059883,0.4203042685578353
6,6,0.47846801979059883,0.3888141146908808
6,6,0.5285232643701612,0.4203042685578353
6,6,0.47846801979059883,0.4203042685578353
6,6,0.47846801979059883,0.4203042685578353
6,6,0.5285232643701612,0.4203042685578353
6,6,0.5285232643701612,0.45179442242478984
6,6,0.5285232643701612,0.4203042685578353
6,6,0.5785785089497235,0.45179442242478984
6,6,0.5285232643701612,0.45179442242478984
6,6,0.5285232643701612,0.45179442242478984
6,6,0.5785785089497235,0.45179442242478984
6,6,0.5785785089497235,0.48328457629174437
6,6,0.5785785089497235,0.45179442242478984
6,6,0.6286337535292859,0.48328457629174437
6,6,0.5785785089497235,0.48328457629174437
6,6,0.5785785089497235,0.48328457629174437
6,6,0.6286337535292859,0.48328457629174437
6,6,0.6286337535292859,0.5147747301586989
6,6,0.6286337535292859,0.48328457629174437
6,6,0.6786889981088482,0.5147747301586989
6,6,0.6286337535292859,0.5147747301586989
6,6,0.6286337535292859,0.5147747301586989
6,6,0.6786889981088482,0.5147747301586989
6,6,0.6786889981088482,0.5462648840256543
6,6,0.6786889981088482,0.5147747301586989
6,6,0.7287442426884105,0.5462648840256543
6,6,0.6786889981088482,0.5462648840256543
6,6,0.6786889981088482,0.5462648840256543
6,6,0.7287442426884105,0.5462648840256543
6,6,0.7287442426884105,0.5777550378926088
6,6,0.7287442426884105,0.5462648840256543
6,6,0.7787994872679729,0.5777550378926088
6,6,0.7287442426884105,0.5777550378926088
6,6,0.7287442426884105,0.5777550378926088
6,6,0.7787994872679729,0.5777550378926088
6,6,0.778799487267972,0.6092451917595634
6,6,0.7787994872679729,0.5777550378926088
6,6,0.8288547318475343,0.6092451917595634
6,6,0.778799487267972,0.6092451917595634
6,6,0.778799487267972,0.6092451917595634
6,6,0.8288547318475343,0.6092451917595634
6,6,0.8288547318475343,0.6407353456265179
6,6,0.8288547318475343,0.6092451917595634
6,6,0.8789099764270967,0.6407353456265179
6,6,0.8288547318475343,0.6407353456265179
6,6,0.8288547318475343,0.6407353456265179
6,6,0.8789099764270967,0.6407353456265179
6,6,0.8789099764270967,0.6722254994934724
6,6,0.8789099764270967,0.6407353456265179
6,6,0.928965221006659,0.6722254994934724
6,6,0.8789099764270967,0.6722254994934724
6,6,0.8789099764270967,0.6722254994934724
6,6,0.928965221006659,0.6722254994934724
6,6,0.928965221006659,0.703715653360427
6,6,0.3283022860519127,0.2943436530900172
6,6,0.37835753063147504,0.2943436530900172
6,6,0.37835753063147504,0.3258338069569717
6,6,0.37835753063147504,0.2943436530900172
6,6,0.4284127752110365,0.3258338069569717
6,6,0.37835753063147504,0.3258338069569717
6,6,0.37835753063147504,0.3258338069569717
6,6,0.4284127752110365,0.3258338069569717
6,6,0.4284127752110365,0.35732396082392626
6,6,0.4284127752110365,0.3258338069569717
6,6,0.47846801979059883,0.35732396082392626
6,6,0.4284127752110365,0.35732396082392626
6,6,0.4284127752110365,0.35732396082392626
6,6,0.47846801979059883,0.35732396082392626
6,6,0.47846801979059883,0.3888141146908808
6,6,0.47846801979059883,0.35732396082392626
6,6,0.5285232643701612,0.3888141146908808
6,6,0.47846801979059883,0.3888141146908808
6,6,0.47846801979059883,0.3888141146908808
6,6,0.5285232643701612,0.3888141146908808
6,6,0.5285232643701612,0.4203042685578353
6,6,0.5285232643701612,0.3888141146908808
6,6,0.5785785089497235,0.4203042685578353
6,6,0.5285232643701612,0.4203042685578353
6,6,0.5285232643701612,0.4203042685578353
6,6,0.5785785089497235,0.4203042685578353
6,6,0.5785785089497235,0.45179442242478984
6,6,0.5785785089497235,0.4203042685578353
6,6,0.6286337535292859,0.45179442242478984
6,6,0.5785785089497235,0.45179442242478984
6,6,0.5785785089497235,0.45179442242478984
6,6,0.6286337535292859,0.45179442242478984
6,6,0.6286337535292859,0.48328457629174437
6,6,0.6286337535292859,0.45179442242478984
6,6,0.6786889981088482,0.48328457629174437
6,6,0.6286337535292859,0.48328457629174437
6,6,0.6286337535292859,0.48328457629174437
6,6,0.6786889981088482,0.48328457629174437
6,6,0.6786889981088482,0.5147747301586989
6,6,0.6786889981088482,0.48328457629174437
6,6,0.7287442426884105,0.5147747301586989
6,6,0.6786889981088482,0.5147747301586989
6,6,0.6786889981088482,0.5147747301586989
6,6,0.7287442426884105,0.5147747301586989
6,6,0.7287442426884105,0.5462648840256543
6,6,0.7287442426884105,0.5147747301586989
6,6,0.778799487267972,0.5462648840256543
6,6,0.7287442426884105,0.5462648840256543
6,6,0.7287442426884105,0.5462648840256543
6,6,0.778799487267972,0.5462648840256543
6,6,0.7787994872679729,0.5777550378926088
6,6,0.778799487267972,0.5462648840256543
6,6,0.8288547318475343,0.5777550378926088
6,6,0.7787994872679729,0.5777550378926088
6,6,0.7787994872679729,0.5777550378926088
6,6,0.8288547318475343,0.5777550378926088
6,6,0.8288547318475343,0.6092451917595634
6,6,0.8288547318475343,0.5777550378926088
6,6,0.8789099764270967,0.6092451917595634
6,6,0.8288547318475343,0.6092451917595634
6,6,0.8288547318475343,0.6092451917595634
6,6,0.8789099764270967,0.6092451917595634
6,6,0.8789099764270967,0.6407353456265179
6,6,0.8789099764270967,0.6092451917595634
6,6,0.928965221006659,0.6407353456265179
6,6,0.8789099764270967,0.6407353456265179
6,6,0.8789099764270967,0.6407353456265179
6,6,0.928965221006659,0.6407353456265179
6,6,0.928965221006659,0.6722254994934724
6,6,0.37835753063147504,0.2943436530900172
6,6,0.4284127752110365,0.2943436530900172
6,6,0.4284127752110365,0.3258338069569717
6,6,0.4284127752110365,0.2943436530900172
6,6,0.47846801979059883,0.3258338069569717
6,6,0.4284127752110365,0.3258338069569717
6,6,0.4284127752110365,0.3258338069569717
6,6,0.47846801979059883,0.3258338069569717
6,6,0.47846801979059883,0.35732396082392626
6,6,0.47846801979059883,0.3258338069569717
6,6,0.5285232643701612,0.35732396082392626
6,6,0.47846801979059883,0.35732396082392626
6,6,0.47846801979059883,0.35732396082392626
6,6,0.5285232643701612,0.35732396082392626
6,6,0.5285232643701612,0.3888141146908808
6,6,0.5285232643701612,0.35732396082392626
6,6,0.5785785089497235,0.3888141146908808
6,6,0.5285232643701612,0.3888141146908808
6,6,0.5285232643701612,0.3888141146908808
6,6,0.5785785089497235,0.3888141146908808
6,6,0.5785785089497235,0.4203042685578353
6,6,0.5785785089497235,0.3888141146908808
6,6,0.6286337535292859,0.4203042685578353
6,6,0.5785785089497235,0.4203042685578353
6,6,0.5785785089497235,0.4203042685578353
6,6,0.6286337535292859,0.4203042685578353
6,6,0.6286337535292859,0.45179442242478984
6,6,0.6286337535292859,0.4203042685578353
6,6,0.6786889981088482,0.45179442242478984
6,6,0.6286337535292859,0.45179442242478984
6,6,0.6286337535292859,0.45179442242478984
6,6,0.6786889981088482,0.45179442242478984
6,6,0.6786889981088482,0.48328457629174437
6,6,0.6786889981088482,0.45179442242478984
6,6,0.7287442426884105,0.48328457629174437
6,6,0.6786889981088482,0.48328457629174437
6,6,0.6786889981088482,0.48328457629174437
6,6,0.7287442426884105,0.48328457629174437
6,6,0.7287442426884105,0.5147747301586989
6,6,0.7287442426884105,0.48328457629174437
6,6,0.778799487267972,0.5147747301586989
6,6,0.7287442426884105,0.5147747301586989
6,6,0.7287442426884105,0.5147747301586989
6,6,0.778799487267972,0.5147747301586989
6,6,0.778799487267972,0.5462648840256543
6,6,0.778799487267972,0.5147747301586989
6,6,0.8288547318475343,0.5462648840256543
6,6,0.778799487267972,0.5462648840256543
6,6,0.778799487267972,0.5462648840256543
6,6,0.8288547318475343,0.5462648840256543
6,6,0.8288547318475343,0.5777550378926088
6,6,0.8288547318475343,0.5462648840256543
6,6,0.8789099764270967,0.5777550378926088
6,6,0.8288547318475343,0.5777550378926088
6,6,0.8288547318475343,0.5777550378926088
6,6,0.8789099764270967,0.5777550378926088
6,6,0.8789099764270967,0.6092451917595634
6,6,0.8789099764270967,0.5777550378926088
6,6,0.928965221006659,0.6092451917595634
6,6,0.8789099764270967,0.6092451917595634
6,6,0.8789099764270967,0.6092451917595634
6,6,0.928965221006659,0.6092451917595634
6,6,0.928965221006659,0.6407353456265179
6,6,0.4284127752110365,0.2943436530900172
6,6,0.47846801979059883,0.2943436530900172
6,6,0.47846801979059883,0.3258338069569717
6,6,0.47846801979059883,0.2943436530900172
6,6,0.5285232643701612,0.3258338069569717
6,6,0.47846801979059883,0.3258338069569717
6,6,0.47846801979059883,0.3258338069569717
6,6,0.5285232643701612,0.3258338069569717
6,6,0.5285232643701612,0.35732396082392626
6,6,0.5285232643701612,0.3258338069569717
6,6,0.5785785089497235,0.35732396082392626
6,6,0.5285232643701612,0.35732396082392626
6,6,0.5285232643701612,0.35732396082392626
6,6,0.5785785089497235,0.35732396082392626
6,6,0.5785785089497235,0.3888141146908808
6,6,0.5785785089497235,0.35732396082392626
6,6,0.6286337535292859,0.3888141146908808
6,6,0.5785785089497235,0.3888141146908808
6,6,0.5785785089497235,0.3888141146908808
6,6,0.6286337535292859,0.3888141146908808
6,6,0.6286337535292859,0.4203042685578353
6,6,0.6286337535292859,0.3888141146908808
6,6,0.6786889981088482,0.4203042685578353
6,6,0.6286337535292859,0.4203042685578353
6,6,0.6286337535292859,0.4203042685578353
6,6,0.6786889981088482,0.4203042685578353
6,6,0.6786889981088482,0.45179442242478984
6,6,0.6786889981088482,0.4203042685578353
6,6,0.7287442426884105,0.45179442242478984
6,6,0.6786889981088482,0.45179442242478984
6,6,0.6786889981088482,0.45179442242478984
6,6,0.7287442426884105,0.45179442242478984
6,6,0.7287442426884105,0.48328457629174437
6,6,0.7287442426884105,0.45179442242478984
6,6,0.778799487267972,0.48328457629174437
6,6,0.7287442426884105,0.48328457629174437
6,6,0.7287442426884105,0.48328457629174437
6,6,0.778799487267972,0.48328457629174437
6,6,0.778799487267972,0.5147747301586989
6,6,0.778799487267972,0.48328457629174437
6,6,0.8288547318475343,0.5147747301586989
6,6,0.778799487267972,0.5147747301586989
6,6,0.778799487267972,0.5147747301586989
6,6,0.8288547318475343,0.5147747301586989
6,6,0.8288547318475343,0.5462648840256543
6,6,0.8288547318475343,0.5147747301586989
6,6,0.8789099764270967,0.5462648840256543
6,6,0.8288547318475343,0.5462648840256543
6,6,0.8288547318475343,0.5462648840256543
6,6,0.8789099764270967,0.5462648840256543
6,6,0.8789099764270967,0.5777550378926088
6,6,0.8789099764270967,0.5462648840256543
6,6,0.928965221006659,0.5777550378926088
6,6,0.8789099764270967,0.5777550378926088
6,6,0.8789099764270967,0.5777550378926088
6,6,0.928965221006659,0.5777550378926088
6,6,0.928965221006659,0.6092451917595634
6,6,0.47846801979059883,0.2943436530900172
6,6,0.5285232643701612,0.2943436530900172
6,6,0.5285232643701612,0.3258338069569717
6,6,0.5285232643701612,0.2943436530900172
6,6,0.5785785089497235,0.3258338069569717
6,6,0.5285232643701612,0.3258338069569717
6,6,0.5285232643701612,0.3258338069569717
6,6,0.5785785089497235,0.3258338069569717
6,6,0.5785785089497235,0.35732396082392626
6,6,0.5785785089497235,0.3258338069569717
6,6,0.6286337535292859,0.35732396082392626
6,6,0.5785785089497235,0.35732396082392626
6,6,0.5785785089497235,0.35732396082392626
6,6,0.6286337535292859,0.35732396082392626
6,6,0.6286337535292859,0.3888141146908808
6,6,0.6286337535292859,0.35732396082392626
6,6,0.6786889981088482,0.3888141146908808
6,6,0.6286337535292859,0.3888141146908808
6,6,0.6286337535292859,0.3888141146908808
6,6,0.6786889981088482,0.3888141146908808
6,6,0.6786889981088482,0.4203042685578353
6,6,0.6786889981088482,0.3888141146908808
6,6,0.7287442426884105,0.4203042685578353
6,6,0.6786889981088482,0.4203042685578353
6,6,0.6786889981088482,0.4203042685578353
6,6,0.7287442426884105,0.4203042685578353
6,6,0.7287442426884105,0.45179442242478984
6,6,0.7287442426884105,0.4203042685578353
6,6,0.7787994872679729,0.45179442242478984
6,6,0.7287442426884105,0.45179442242478984
6,6,0.7287442426884105,0.45179442242478984
6,6,0.7787994872679729,0.45179442242478984
6,6,0.778799487267972,0.48328457629174437
6,6,0.7787994872679729,0.45179442242478984
6,6,0.8288547318475343,0.48328457629174437
6,6,0.778799487267972,0.48328457629174437
6,6,0.778799487267972,0.48328457629174437
6,6,0.8288547318475343,0.48328457629174437
6,6,0.8288547318475343,0.5147747301586989
6,6,0.8288547318475343,0.48328457629174437
6,6,0.8789099764270967,0.5147747301586989
6,6,0.8288547318475343,0.5147747301586989
6,6,0.8288547318475343,0.5147747301586989
6,6,0.8789099764270967,0.5147747301586989
6,6,0.8789099764270967,0.5462648840256543
6,6,0.8789099764270967,0.5147747301586989
6,6,0.928965221006659,0.5462648840256543
6,6,0.8789099764270967,0.5462648840256543
6,6,0.8789099764270967,0.5462648840256543
6,6,0.928965221006659,0.5462648840256543
6,6,0.928965221006659,0.5777550378926088
6,6,0.5285232643701612,0.2943436530900172
6,6,0.5785785089497235,0.2943436530900172
6,6,0.5785785089497235,0.3258338069569717
6,6,0.5785785089497235,0.2943436530900172
6,6,0.6286337535292859,0.3258338069569717
6,6,0.5785785089497235,0.3258338069569717
6,6,0.5785785089497235,0.3258338069569717
6,6,0.6286337535292859,0.3258338069569717
6,6,0.6286337535292859,0.35732396082392626
6,6,0.6286337535292859,0.3258338069569717
6,6,0.6786889981088482,0.35732396082392626
6,6,0.6286337535292859,0.35732396082392626
6,6,0.6286337535292859,0.35732396082392626
6,6,0.6786889981088482,0.35732396082392626
6,6,0.6786889981088482,0.3888141146908808
6,6,0.6786889981088482,0.35732396082392626
6,6,0.7287442426884105,0.3888141146908808
6,6,0.6786889981088482,0.3888141146908808
6,6,0.6786889981088482,0.3888141146908808
6,6,0.7287442426884105,0.3888141146908808
6,6,0.7287442426884105,0.4203042685578353
6,6,0.7287442426884105,0.3888141146908808
6,6,0.778799487267972,0.4203042685578353
6,6,0.7287442426884105,0.4203042685578353
6,6,0.7287442426884105,0.4203042685578353
6,6,0.778799487267972,0.4203042685578353
6,6,0.7787994872679729,0.45179442242478984
6,6,0.778799487267972,0.4203042685578353
6,6,0.8288547318475343,0.45179442242478984
6,6,0.7787994872679729,0.45179442242478984
6,6,0.7787994872679729,0.45179442242478984
6,6,0.8288547318475343,0.45179442242478984
6,6,0.8288547318475343,0.48328457629174437
6,6,0.8288547318475343,0.45179442242478984
6,6,0.8789099764270967,0.48328457629174437
6,6,0.8288547318475343,0.48328457629174437
6,6,0.8288547318475343,0.48328457629174437
6,6,0.8789099764270967,0.48328457629174437
6,6,0.8789099764270967,0.5147747301586989
6,6,0.8789099764270967,0.48328457629174437
6,6,0.928965221006659,0.5147747301586989
6,6,0.8789099764270967,0.5147747301586989
6,6,0.8789099764270967,0.5147747301586989
6,6,0.928965221006659,0.5147747301586989
6,6,0.928965221006659,0.5462648840256543
6,6,0.5785785089497235,0.2943436530900172
6,6,0.6286337535292859,0.2943436530900172
6,6,0.6286337535292859,0.3258338069569717
6,6,0.6286337535292859,0.2943436530900172
6,6,0.6786889981088482,0.3258338069569717
6,6,0.6286337535292859,0.3258338069569717
6,6,0.6286337535292859,0.3258338069569717
6,6,0.6786889981088482,0.3258338069569717
6,6,0.6786889981088482,0.35732396082392626
6,6,0.6786889981088482,0.3258338069569717
6,6,0.7287442426884105,0.35732396082392626
6,6,0.6786889981088482,0.35732396082392626
6,6,0.6786889981088482,0.35732396082392626
6,6,0.7287442426884105,0.35732396082392626
6,6,0.7287442426884105,0.3888141146908808
6,6,0.7287442426884105,0.35732396082392626
6,6,0.778799487267972,0.3888141146908808
6,6,0.7287442426884105,0.3888141146908808
6,6,0.7287442426884105,0.3888141146908808
6,6,0.778799487267972,0.3888141146908808
6,6,0.778799487267972,0.4203042685578353
6,6,0.778799487267972,0.3888141146908808
6,6,0.8288547318475343,0.4203042685578353
6,6,0.778799487267972,0.4203042685578353
6,6,0.778799487267972,0.4203042685578353
6,6,0.8288547318475343,0.4203042685578353
6,6,0.8288547318475343,0.45179442242478984
6,6,0.8288547318475343,0.4203042685578353
6,6,0.8789099764270967,0.45179442242478984
6,6,0.8288547318475343,0.45179442242478984
6,6,0.8288547318475343,0.45179442242478984
6,6,0.8789099764270967,0.45179442242478984
6,6,0.8789099764270967,0.48328457629174437
6,6,0.8789099764270967,0.45179442242478984
6,6,0.928965221006659,0.48328457629174437
6,6,0.8789099764270967,0.48328457629174437
6,6,0.8789099764270967,0.48328457629174437
6,6,0.928965221006659,0.48328457629174437
6,6,0.928965221006659,0.5147747301586989
6,6,0.6286337535292859,0.2943436530900172
6,6,0.6786889981088482,0.2943436530900172
6,6,0.6786889981088482,0.3258338069569717
6,6,0.6786889981088482,0.2943436530900172
6,6,0.7287442426884105,0.3258338069569717
6,6,0.6786889981088482,0.3258338069569717
6,6,0.6786889981088482,0.3258338069569717
6,6,0.7287442426884105,0.3258338069569717
6,6,0.7287442426884105,0.35732396082392626
6,6,0.7287442426884105,0.3258338069569717
6,6,0.778799487267972,0.35732396082392626
6,6,0.7287442426884105,0.35732396082392626
6,6,0.7287442426884105,0.35732396082392626
6,6,0.778799487267972,0.35732396082392626
6,6,0.778799487267972,0.3888141146908808
6,6,0.778799487267972,0.35732396082392626
6,6,0.8288547318475343,0.3888141146908808
6,6,0.778799487267972,0.3888141146908808
6,6,0.778799487267972,0.3888141146908808
6,6,0.8288547318475343,0.3888141146908808
6,6,0.8288547318475343,0.4203042685578353
6,6,0.8288547318475343,0.3888141146908808
6,6,0.8789099764270967,0.4203042685578353
6,6,0.8288547318475343,0.4203042685578353
6,6,0.8288547318475343,0.4203042685578353
6,6,0.8789099764270967,0.4203042685578353
6,6,0.8789099764270967,0.45179442242478984
6,6,0.8789099764270967,0.4203042685578353
6,6,0.928965221006659,0.45179442242478984
6,6,0.8789099764270967,0.45179442242478984
6,6,0.8789099764270967,0.45179442242478984
6,6,0.928965221006659,0.45179442242478984
6,6,0.928965221006659,0.48328457629174437
6,6,0.6786889981088482,0.2943436530900172
6,6,0.7287442426884105,0.2943436530900172
6,6,0.7287442426884105,0.3258338069569717
6,6,0.7287442426884105,0.2943436530900172
6,6,0.778799487267972,0.3258338069569717
6,6,0.7287442426884105,0.3258338069569717
6,6,0.7287442426884105,0.3258338069569717
6,6,0.778799487267972,0.3258338069569717
6,6,0.778799487267972,0.35732396082392626
6,6,0.778799487267972,0.3258338069569717
6,6,0.8288547318475343,0.35732396082392626
6,6,0.778799487267972,0.35732396082392626
6,6,0.778799487267972,0.35732396082392626
6,6,0.8288547318475343,0.35732396082392626
6,6,0.8288547318475343,0.3888141146908808
6,6,0.8288547318475343,0.35732396082392626
6,6,0.8789099764270967,0.3888141146908808
6,6,0.8288547318475343,0.3888141146908808
6,6,0.8288547318475343,0.3888141146908808
6,6,0.8789099764270967,0.3888141146908808
6,6,0.8789099764270967,0.4203042685578353
6,6,0.8789099764270967,0.3888141146908808
6,6,0.928965221006659,0.4203042685578353
6,6,0.8789099764270967,0.4203042685578353
6,6,0.8789099764270967,0.4203042685578353
6,6,0.928965221006659,0.4203042685578353
6,6,0.928965221006659,0.45179442242478984
6,6,0.7287442426884105,0.2943436530900172
6,6,0.778799487267972,0.2943436530900172
6,6,0.778799487267972,0.3258338069569717
6,6,0.778799487267972,0.2943436530900172
6,6,0.8288547318475343,0.3258338069569717
6,6,0.778799487267972,0.3258338069569717
6,6,0.778799487267972,0.3258338069569717
6,6,0.8288547318475343,0.3258338069569717
6,6,0.8288547318475343,0.35732396082392626
6,6,0.8288547318475343,0.3258338069569717
6,6,0.8789099764270967,0.35732396082392626
6,6,0.8288547318475343,0.35732396082392626
6,6,0.8288547318475343,0.35732396082392626
6,6,0.8789099764270967,0.35732396082392626
6,6,0.8789099764270967,0.3888141146908808
6,6,0.8789099764270967,0.35732396082392626
6,6,0.928965221006659,0.3888141146908808
6,6,0.8789099764270967,0.3888141146908808
6,6,0.8789099764270967,0.3888141146908808
6,6,0.928965221006659,0.3888141146908808
6,6,0.928965221006659,0.4203042685578353
6,6,0.778799487267972,0.2943436530900172
6,6,0.8288547318475343,0.2943436530900172
6,6,0.8288547318475343,0.3258338069569717
6,6,0.8288547318475343,0.2943436530900172
6,6,0.8789099764270967,0.3258338069569717
6,6,0.8288547318475343,0.3258338069569717
6,6,0.8288547318475343,0.3258338069569717
6,6,0.8789099764270967,0.3258338069569717
6,6,0.8789099764270967,0.35732396082392626
6,6,0.8789099764270967,0.3258338069569717
6,6,0.928965221006659,0.35732396082392626
6,6,0.8789099764270967,0.35732396082392626
6,6,0.8789099764270967,0.35732396082392626
6,6,0.928965221006659,0.35732396082392626
6,6,0.928965221006659,0.3888141146908808
6,6,0.8288547318475343,0.2943436530900172
6,6,0.8789099764270967,0.2943436530900172
6,6,0.8789099764270967,0.3258338069569717
6,6,0.8789099764270967,0.2943436530900172
6,6,0.928965221006659,0.3258338069569717
6,6,0.8789099764270967,0.3258338069569717
6,6,0.8789099764270967,0.3258338069569717
6,6,0.928965221006659,0.3258338069569717
6,6,0.928965221006659,0.35732396082392626
6,6,0.8789099764270967,0.2943436530900172
6,6,0.928965221006659,0.2943436530900172
6,6,0.928965221006659,0.3258338069569717
6,6,0.08000000000000007,0.71
5,6,0.9809571931069385,0.6079368892127208
5,6,0.9809571931069385,0.8120631107872791
6,6,0.17904280689306162,0.6079368892127208
6,6,0.17904280689306162,0.8120631107872791
6,6,0.25448984641499717,0.9064301377541604
6,6,0.21544903388501435,0.9064301377541604
6,6,0.21544903388501435,0.8637039298815861
6,6,0.21544903388501435,0.9064301377541604
6,6,0.17640822135503154,0.8637039298815861
6,6,0.21544903388501435,0.8637039298815861
6,6,0.21544903388501435,0.8637039298815861
6,6,0.17640822135503154,0.8637039298815861
6,6,0.17640822135503154,0.8209777220090118
6,6,0.17640822135503154,0.8637039298815861
6,6,0.13736740882504872,0.8209777220090118
6,6,0.17640822135503154,0.8209777220090118
6,6,0.17640822135503154,0.8209777220090118
6,6,0.13736740882504872,0.8209777220090118
6,6,0.13736740882504872,0.7782515141364383
6,6,0.13736740882504872,0.8209777220090118
6,6,0.0983265962950659,0.7782515141364383
6,6,0.13736740882504872,0.7782515141364383
6,6,0.13736740882504872,0.7782515141364383
6,6,0.0983265962950659,0.7782515141364383
6,6,0.0983265962950659,0.735525306263864
6,6,0.0983265962950659,0.7782515141364383
6,6,0.05928578376508398,0.735525306263864
6,6,0.0983265962950659,0.735525306263864
6,6,0.0983265962950659,0.735525306263864
6,6,0.05928578376508398,0.735525306263864
6,6,0.05928578376508398,0.6927990983912897
6,6,0.05928578376508398,0.735525306263864
6,6,0.02024497123510116,0.6927990983912897
6,6,0.05928578376508398,0.6927990983912897
6,6,0.05928578376508398,0.6927990983912897
6,6,0.02024497123510116,0.6927990983912897
6,6,0.02024497123510116,0.6500728905187154
6,6,0.02024497123510116,0.6927990983912897
5,6,0.9812041587051183,0.6500728905187154
6,6,0.02024497123510116,0.6500728905187154
6,6,0.02024497123510116,0.6500728905187154
5,6,0.9812041587051183,0.6500728905187154
5,6,0.9812041587051183,0.6073466826461411
5,6,0.9812041587051183,0.6500728905187154
5,6,0.9421633461751355,0.6073466826461411
5,6,0.9812041587051183,0.6073466826461411
5,6,0.9812041587051183,0.6073466826461411
5,6,0.9421633461751355,0.6073466826461411
5,6,0.9421633461751355,0.5646204747735668
5,6,0.9421633461751355,0.6073466826461411
5,6,0.9031225336451527,0.5646204747735668
5,6,0.9421633461751355,0.5646204747735668
5,6,0.9421633461751355,0.5646204747735668
5,6,0.9031225336451527,0.5646204747735668
5,6,0.9031225336451527,0.5218942669009925
6,6,0.21544903388501435,0.9064301377541604
6,6,0.17640822135503154,0.9064301377541604
6,6,0.17640822135503154,0.8637039298815861
6,6,0.17640822135503154,0.9064301377541604
6,6,0.13736740882504872,0.8637039298815861
6,6,0.17640822135503154,0.8637039298815861
6,6,0.17640822135503154,0.8637039298815861
6,6,0.13736740882504872,0.8637039298815861
6,6,0.13736740882504872,0.8209777220090118
6,6,0.13736740882504872,0.8637039298815861
6,6,0.0983265962950659,0.8209777220090118
6,6,0.13736740882504872,0.8209777220090118
6,6,0.13736740882504872,0.8209777220090118
6,6,0.0983265962950659,0.8209777220090118
6,6,0.0983265962950659,0.7782515141364383
6,6,0.0983265962950659,0.8209777220090118
6,6,0.05928578376508398,0.7782515141364383
6,6,0.0983265962950659,0.7782515141364383
6,6,0.0983265962950659,0.7782515141364383
6,6,0.05928578376508398,0.7782515141364383
6,6,0.05928578376508398,0.735525306263864
6,6,0.05928578376508398,0.7782515141364383
6,6,0.02024497123510116,0.735525306263864
6,6,0.05928578376508398,0.735525306263864
6,6,0.05928578376508398,0.735525306263864
6,6,0.02024497123510116,0.735525306263864
6,6,0.02024497123510116,0.6927990983912897
6,6,0.02024497123510116,0.735525306263864
5,6,0.9812041587051183,0.6927990983912897
6,6,0.02024497123510116,0.6927990983912897
6,6,0.02024497123510116,0.6927990983912897
5,6,0.9812041587051183,0.6927990983912897
5,6,0.9812041587051183,0.6500728905187154
5,6,0.9812041587051183,0.6927990983912897
5,6,0.9421633461751355,0.6500728905187154
5,6,0.9812041587051183,0.6500728905187154
5,6,0.9812041587051183,0.6500728905187154
5,6,0.9421633461751355,0.6500728905187154
5,6,0.9421633461751355,0.6073466826461411
5,6,0.9421633461751355,0.6500728905187154
5,6,0.9031225336451527,0.6073466826461411
5,6,0.9421633461751355,0.6073466826461411
5,6,0.9421633461751355,0.6073466826461411
5,6,0.9031225336451527,0.6073466826461411
5,6,0.9031225336451527,0.5646204747735668
6,6,0.17640822135503154,0.9064301377541604
6,6,0.13736740882504872,0.9064301377541604
6,6,0.13736740882504872,0.8637039298815861
6,6,0.13736740882504872,0.9064301377541604
6,6,0.0983265962950659,0.8637039298815861
6,6,0.13736740882504872,0.8637039298815861
6,6,0.13736740882504872,0.8637039298815861
6,6,0.0983265962950659,0.8637039298815861
6,6,0.0983265962950659,0.8209777220090118
6,6,0.0983265962950659,0.8637039298815861
6,6,0.05928578376508398,0.8209777220090118
6,6,0.0983265962950659,0.8209777220090118
6,6,0.0983265962950659,0.8209777220090118
6,6,0.05928578376508398,0.8209777220090118
6,6,0.05928578376508398,0.7782515141364383
6,6,0.05928578376508398,0.8209777220090118
6,6,0.02024497123510116,0.7782515141364383
6,6,0.05928578376508398,0.7782515141364383
6,6,0.05928578376508398,0.7782515141364383
6,6,0.02024497123510116,0.7782515141364383
6,6,0.02024497123510116,0.735525306263864
6,6,0.02024497123510116,0.7782515141364383
5,6,0.9812041587051183,0.735525306263864
6,6,0.02024497123510116,0.735525306263864
6,6,0.02024497123510116,0.735525306263864
5,6,0.9812041587051183,0.735525306263864
5,6,0.9812041587051183,0.6927990983912897
5,6,0.9812041587051183,0.735525306263864
5,6,0.9421633461751355,0.6927990983912897
5,6,0.9812041587051183,0.6927990983912897
5,6,0.9812041587051183,0.6927990983912897
5,6,0.9421633461751355,0.6927990983912897
5,6,0.9421633461751355,0.6500728905187154
5,6,0.9421633461751355,0.6927990983912897
5,6,0.9031225336451527,0.6500728905187154
5,6,0.9421633461751355,0.6500728905187154
5,6,0.9421633461751355,0.6500728905187154
5,6,0.9031225336451527,0.6500728905187154
5,6,0.9031225336451527,0.6073466826461411
6,6,0.13736740882504872,0.9064301377541604
6,6,0.0983265962950659,0.9064301377541604
6,6,0.0983265962950659,0.8637039298815861
6,6,0.0983265962950659,0.9064301377541604
6,6,0.05928578376508398,0.8637039298815861
6,6,0.0983265962950659,0.8637039298815861
6,6,0.0983265962950659,0.8637039298815861
6,6,0.05928578376508398,0.8637039298815861
6,6,0.05928578376508398,0.8209777220090118
6,6,0.05928578376508398,0.8637039298815861
6,6,0.02024497123510116,0.8209777220090118
6,6,0.05928578376508398,0.8209777220090118
6,6,0.05928578376508398,0.8209777220090118
6,6,0.02024497123510116,0.8209777220090118
6,6,0.02024497123510116,0.7782515141364383
6,6,0.02024497123510116,0.8209777220090118
5,6,0.9812041587051183,0.7782515141364383
6,6,0.02024497123510116,0.7782515141364383
6,6,0.02024497123510116,0.7782515141364383
5,6,0.9812041587051183,0.7782515141364383
5,6,0.9812041587051183,0.735525306263864
5,6,0.9812041587051183,0.7782515141364383
5,6,0.9421633461751355,0.735525306263864
5,6,0.9812041587051183,0.735525306263864
5,6,0.9812041587051183,0.735525306263864
5,6,0.9421633461751355,0.735525306263864
5,6,0.9421633461751355,0.6927990983912897
5,6,0.9421633461751355,0.735525306263864
5,6,0.9031225336451527,0.6927990983912897
5,6,0.9421633461751355,0.6927990983912897
5,6,0.9421633461751355,0.6927990983912897
5,6,0.9031225336451527,0.6927990983912897
5,6,0.9031225336451527,0.6500728905187154
6,6,0.0983265962950659,0.9064301377541604
6,6,0.05928578376508398,0.9064301377541604
6,6,0.05928578376508398,0.8637039298815861
6,6,0.05928578376508398,0.9064301377541604
6,6,0.02024497123510116,0.8637039298815861
6,6,0.05928578376508398,0.8637039298815861
6,6,0.05928578376508398,0.8637039298815861
6,6,0.02024497123510116,0.8637039298815861
6,6,0.02024497123510116,0.8209777220090118
6,6,0.02024497123510116,0.8637039298815861
5,6,0.9812041587051183,0.8209777220090118
6,6,0.02024497123510116,0.8209777220090118
6,6,0.02024497123510116,0.8209777220090118
5,6,0.9812041587051183,0.8209777220090118
5,6,0.9812041587051183,0.7782515141364383
5,6,0.9812041587051183,0.8209777220090118
5,6,0.9421633461751355,0.7782515141364383
5,6,0.9812041587051183,0.7782515141364383
5,6,0.9812041587051183,0.7782515141364383
5,6,0.9421633461751355,0.7782515141364383
5,6,0.9421633461751355,0.735525306263864
5,6,0.9421633461751355,0.7782515141364383
5,6,0.9031225336451527,0.735525306263864
5,6,0.9421633461751355,0.735525306263864
5,6,0.9421633461751355,0.735525306263864
5,6,0.9031225336451527,0.735525306263864
5,6,0.9031225336451527,0.6927990983912897
6,6,0.05928578376508398,0.9064301377541604
6,6,0.02024497123510116,0.9064301377541604
6,6,0.02024497123510116,0.8637039298815861
6,6,0.02024497123510116,0.9064301377541604
5,6,0.9812041587051183,0.8637039298815861
6,6,0.02024497123510116,0.8637039298815861
6,6,0.02024497123510116,0.8637039298815861
5,6,0.9812041587051183,0.8637039298815861
5,6,0.9812041587051183,0.8209777220090118
5,6,0.9812041587051183,0.8637039298815861
5,6,0.9421633461751355,0.8209777220090118
5,6,0.9812041587051183,0.8209777220090118
5,6,0.9812041587051183,0.8209777220090118
5,6,0.9421633461751355,0.8209777220090118
5,6,0.9421633461751355,0.7782515141364383
5,6,0.9421633461751355,0.8209777220090118
5,6,0.9031225336451527,0.7782515141364383
5,6,0.9421633461751355,0.7782515141364383
5,6,0.9421633461751355,0.7782515141364383
5,6,0.9031225336451527,0.7782515141364383
5,6,0.9031225336451527,0.735525306263864
6,6,0.02024497123510116,0.9064301377541604
5,6,0.9812041587051183,0.9064301377541604
5,6,0.9812041587051183,0.8637039298815861
5,6,0.9812041587051183,0.9064301377541604
5,6,0.9421633461751355,0.8637039298815861
5,6,0.9812041587051183,0.8637039298815861
5,6,0.9812041587051183,0.8637039298815861
5,6,0.9421633461751355,0.8637039298815861
5,6,0.9421633461751355,0.8209777220090118
5,6,0.9421633461751355,0.8637039298815861
5,6,0.9031225336451527,0.8209777220090118
5,6,0.9421633461751355,0.8209777220090118
5,6,0.9421633461751355,0.8209777220090118
5,6,0.9031225336451527,0.8209777220090118
5,6,0.9031225336451527,0.7782515141364383
5,6,0.9812041587051183,0.9064301377541604
5,6,0.9421633461751355,0.9064301377541604
5,6,0.9421633461751355,0.8637039298815861
5,6,0.9421633461751355,0.9064301377541604
5,6,0.9031225336451527,0.8637039298815861
5,6,0.9421633461751355,0.8637039298815861
5,6,0.9421633461751355,0.8637039298815861
5,6,0.9031225336451527,0.8637039298815861
5,6,0.9031225336451527,0.8209777220090118
5,6,0.9421633461751355,0.9064301377541604
5,6,0.9031225336451527,0.9064301377541604
5,6,0.9031225336451527,0.8637039298815861
5,6,0.9031225336451527,0.5218942669009925
5,6,0.9421633461751355,0.5218942669009925
5,6,0.9421633461751355,0.5646204747735668
5,6,0.9421633461751355,0.5218942669009925
5,6,0.9812041587051183,0.5646204747735668
5,6,0.9421633461751355,0.5646204747735668
5,6,0.9421633461751355,0.5646204747735668
5,6,0.9812041587051183,0.5646204747735668
5,6,0.9812041587051183,0.6073466826461411
5,6,0.9812041587051183,0.5646204747735668
6,6,0.02024497123510116,0.6073466826461411
5,6,0.9812041587051183,0.6073466826461411
5,6,0.9812041587051183,0.6073466826461411
6,6,0.02024497123510116,0.6073466826461411
6,6,0.02024497123510116,0.6500728905187154
6,6,0.02024497123510116,0.6073466826461411
6,6,0.05928578376508398,0.6500728905187154
6,6,0.02024497123510116,0.6500728905187154
6,6,0.02024497123510116,0.6500728905187154
6,6,0.05928578376508398,0.6500728905187154
6,6,0.05928578376508398,0.6927990983912897
6,6,0.05928578376508398,0.6500728905187154
6,6,0.0983265962950659,0.6927990983912897
6,6,0.05928578376508398,0.6927990983912897
6,6,0.05928578376508398,0.6927990983912897
6,6,0.0983265962950659,0.6927990983912897
6,6,0.0983265962950659,0.735525306263864
6,6,0.0983265962950659,0.6927990983912897
6,6,0.13736740882504872,0.735525306263864
6,6,0.0983265962950659,0.735525306263864
6,6,0.0983265962950659,0.735525306263864
6,6,0.13736740882504872,0.735525306263864
6,6,0.13736740882504872,0.7782515141364383
6,6,0.13736740882504872,0.735525306263864
6,6,0.17640822135503154,0.7782515141364383
6,6,0.13736740882504872,0.7782515141364383
6,6,0.13736740882504872,0.7782515141364383
6,6,0.17640822135503154,0.7782515141364383
6,6,0.17640822135503154,0.8209777220090118
6,6,0.17640822135503154,0.7782515141364383
6,6,0.21544903388501435,0.8209777220090118
6,6,0.17640822135503154,0.8209777220090118
6,6,0.17640822135503154,0.8209777220090118
6,6,0.21544903388501435,0.8209777220090118
6,6,0.21544903388501435,0.8637039298815861
6,6,0.21544903388501435,0.8209777220090118
6,6,0.25448984641499717,0.8637039298815861
6,6,0.21544903388501435,0.8637039298815861
6,6,0.21544903388501435,0.8637039298815861
6,6,0.25448984641499717,0.8637039298815861
6,6,0.25448984641499717,0.9064301377541604
5,6,0.9421633461751355,0.5218942669009925
5,6,0.9812041587051183,0.5218942669009925
5,6,0.9812041587051183,0.5646204747735668
5,6,0.9812041587051183,0.5218942669009925
6,6,0.02024497123510116,0.5646204747735668
5,6,0.9812041587051183,0.5646204747735668
5,6,0.9812041587051183,0.5646204747735668
6,6,0.02024497123510116,0.5646204747735668
6,6,0.02024497123510116,0.6073466826461411
6,6,0.02024497123510116,0.5646204747735668
6,6,0.05928578376508398,0.6073466826461411
6,6,0.02024497123510116,0.6073466826461411
6,6,0.02024497123510116,0.6073466826461411
6,6,0.05928578376508398,0.6073466826461411
6,6,0.05928578376508398,0.6500728905187154
6,6,0.05928578376508398,0.6073466826461411
6,6,0.0983265962950659,0.6500728905187154
6,6,0.05928578376508398,0.6500728905187154
6,6,0.05928578376508398,0.6500728905187154
6,6,0.0983265962950659,0.6500728905187154
6,6,0.0983265962950659,0.6927990983912897
6,6,0.0983265962950659,0.6500728905187154
6,6,0.13736740882504872,0.6927990983912897
6,6,0.0983265962950659,0.6927990983912897
6,6,0.0983265962950659,0.6927990983912897
6,6,0.13736740882504872,0.6927990983912897
6,6,0.13736740882504872,0.735525306263864
6,6,0.13736740882504872,0.6927990983912897
6,6,0.17640822135503154,0.735525306263864
6,6,0.13736740882504872,0.735525306263864
6,6,0.13736740882504872,0.735525306263864
6,6,0.17640822135503154,0.735525306263864
6,6,0.17640822135503154,0.7782515141364383
6,6,0.17640822135503154,0.735525306263864
6,6,0.21544903388501435,0.7782515141364383
6,6,0.17640822135503154,0.7782515141364383
6,6,0.17640822135503154,0.7782515141364383
6,6,0.21544903388501435,0.7782515141364383
6,6,0.21544903388501435,0.8209777220090118
6,6,0.21544903388501435,0.7782515141364383
6,6,0.25448984641499717,0.8209777220090118
6,6,0.21544903388501435,0.8209777220090118
6,6,0.21544903388501435,0.8209777220090118
6,6,0.25448984641499717,0.8209777220090118
6,6,0.25448984641499717,0.8637039298815861
5,6,0.9812041587051183,0.5218942669009925
6,6,0.02024497123510116,0.5218942669009925
6,6,0.02024497123510116,0.5646204747735668
6,6,0.02024497123510116,0.5218942669009925
6,6,0.05928578376508398,0.5646204747735668
6,6,0.02024497123510116,0.5646204747735668
6,6,0.02024497123510116,0.5646204747735668
6,6,0.05928578376508398,0.5646204747735668
6,6,0.05928578376508398,0.6073466826461411
6,6,0.05928578376508398,0.5646204747735668
6,6,0.0983265962950659,0.6073466826461411
6,6,0.05928578376508398,0.6073466826461411
6,6,0.05928578376508398,0.6073466826461411
6,6,0.0983265962950659,0.6073466826461411
6,6,0.0983265962950659,0.6500728905187154
6,6,0.0983265962950659,0.6073466826461411
6,6,0.13736740882504872,0.6500728905187154
6,6,0.0983265962950659,0.6500728905187154
6,6,0.0983265962950659,0.6500728905187154
6,6,0.13736740882504872,0.6500728905187154
6,6,0.13736740882504872,0.6927990983912897
6,6,0.13736740882504872,0.6500728905187154
6,6,0.17640822135503154,0.6927990983912897
6,6,0.13736740882504872,0.6927990983912897
6,6,0.13736740882504872,0.6927990983912897
6,6,0.17640822135503154,0.6927990983912897
6,6,0.17640822135503154,0.735525306263864
6,6,0.17640822135503154,0.6927990983912897
6,6,0.21544903388501435,0.735525306263864
6,6,0.17640822135503154,0.735525306263864
6,6,0.17640822135503154,0.735525306263864
6,6,0.21544903388501435,0.735525306263864
6,6,0.21544903388501435,0.7782515141364383
6,6,0.21544903388501435,0.735525306263864
6,6,0.25448984641499717,0.7782515141364383
6,6,0.21544903388501435,0.7782515141364383
6,6,0.21544903388501435,0.7782515141364383
6,6,0.25448984641499717,0.7782515141364383
6,6,0.25448984641499717,0.8209777220090118
6,6,0.02024497123510116,0.5218942669009925
6,6,0.05928578376508398,0.5218942669009925
6,6,0.05928578376508398,0.5646204747735668
6,6,0.05928578376508398,0.5218942669009925
6,6,0.0983265962950659,0.5646204747735668
6,6,0.05928578376508398,0.5646204747735668
6,6,0.05928578376508398,0.5646204747735668
6,6,0.0983265962950659,0.5646204747735668
6,6,0.0983265962950659,0.6073466826461411
6,6,0.0983265962950659,0.5646204747735668
6,6,0.13736740882504872,0.6073466826461411
6,6,0.0983265962950659,0.6073466826461411
6,6,0.0983265962950659,0.6073466826461411
6,6,0.13736740882504872,0.6073466826461411
6,6,0.13736740882504872,0.6500728905187154
6,6,0.13736740882504872,0.6073466826461411
6,6,0.17640822135503154,0.6500728905187154
6,6,0.13736740882504872,0.6500728905187154
6,6,0.13736740882504872,0.6500728905187154
6,6,0.17640822135503154,0.6500728905187154
6,6,0.17640822135503154,0.6927990983912897
6,6,0.17640822135503154,0.6500728905187154
6,6,0.21544903388501435,0.6927990983912897
6,6,0.17640822135503154,0.6927990983912897
6,6,0.17640822135503154,0.6927990983912897
6,6,0.21544903388501435,0.6927990983912897
6,6,0.21544903388501435,0.735525306263864
6,6,0.21544903388501435,0.6927990983912897
6,6,0.25448984641499717,0.735525306263864
6,6,0.21544903388501435,0.735525306263864
6,6,0.21544903388501435,0.735525306263864
6,6,0.25448984641499717,0.735525306263864
6,6,0.25448984641499717,0.7782515141364383
6,6,0.05928578376508398,0.5218942669009925
6,6,0.0983265962950659,0.5218942669009925
6,6,0.0983265962950659,0.5646204747735668
6,6,0.0983265962950659,0.5218942669009925
6,6,0.13736740882504872,0.5646204747735668
6,6,0.0983265962950659,0.5646204747735668
6,6,0.0983265962950659,0.5646204747735668
6,6,0.13736740882504872,0.5646204747735668
6,6,0.13736740882504872,0.6073466826461411
6,6,0.13736740882504872,0.5646204747735668
6,6,0.17640822135503154,0.6073466826461411
6,6,0.13736740882504872,0.6073466826461411
6,6,0.13736740882504872,0.6073466826461411
6,6,0.17640822135503154,0.6073466826461411
6,6,0.17640822135503154,0.6500728905187154
6,6,0.17640822135503154,0.6073466826461411
6,6,0.21544903388501435,0.6500728905187154
6,6,0.17640822135503154,0.6500728905187154
6,6,0.17640822135503154,0.6500728905187154
6,6,0.21544903388501435,0.6500728905187154
6,6,0.21544903388501435,0.6927990983912897
6,6,0.21544903388501435,0.6500728905187154
6,6,0.25448984641499717,0.6927990983912897
6,6,0.21544903388501435,0.6927990983912897
6,6,0.21544903388501435,0.6927990983912897
6,6,0.25448984641499717,0.6927990983912897
6,6,0.25448984641499717,0.735525306263864
6,6,0.0983265962950659,0.5218942669009925
6,6,0.13736740882504872,0.5218942669009925
6,6,0.13736740882504872,0.5646204747735668
6,6,0.13736740882504872,0.5218942669009925
6,6,0.17640822135503154,0.5646204747735668
6,6,0.13736740882504872,0.5646204747735668
6,6,0.13736740882504872,0.5646204747735668
6,6,0.17640822135503154,0.5646204747735668
6,6,0.17640822135503154,0.6073466826461411
6,6,0.17640822135503154,0.5646204747735668
6,6,0.21544903388501435,0.6073466826461411
6,6,0.17640822135503154,0.6073466826461411
6,6,0.17640822135503154,0.6073466826461411
6,6,0.21544903388501435,0.6073466826461411
6,6,0.21544903388501435,0.6500728905187154
6,6,0.21544903388501435,0.6073466826461411
6,6,0.25448984641499717,0.6500728905187154
6,6,0.21544903388501435,0.6500728905187154
6,6,0.21544903388501435,0.6500728905187154
6,6,0.25448984641499717,0.6500728905187154
6,6,0.25448984641499717,0.6927990983912897
6,6,0.13736740882504872,0.5218942669009925
6,6,0.17640822135503154,0.5218942669009925
6,6,0.17640822135503154,0.5646204747735668
6,6,0.17640822135503154,0.5218942669009925
6,6,0.21544903388501435,0.5646204747735668
6,6,0.17640822135503154,0.5646204747735668
6,6,0.17640822135503154,0.5646204747735668
6,6,0.21544903388501435,0.5646204747735668
6,6,0.21544903388501435,0.6073466826461411
6,6,0.21544903388501435,0.5646204747735668
6,6,0.25448984641499717,0.6073466826461411
6,6,0.21544903388501435,0.6073466826461411
6,6,0.21544903388501435,0.6073466826461411
6,6,0.25448984641499717,0.6073466826461411
6,6,0.25448984641499717,0.6500728905187154
6,6,0.17640822135503154,0.5218942669009925
6,6,0.21544903388501435,0.5218942669009925
6,6,0.21544903388501435,0.5646204747735668
6,6,0.21544903388501435,0.5218942669009925
6,6,0.25448984641499717,0.5646204747735668
6,6,0.21544903388501435,0.5646204747735668
6,6,0.21544903388501435,0.5646204747735668
6,6,0.25448984641499717,0.5646204747735668
6,6,0.25448984641499717,0.6073466826461411
6,6,0.21544903388501435,0.5218942669009925
6,6,0.25448984641499717,0.5218942669009925
6,6,0.25448984641499717,0.5646204747735668
6,6,0.009999999999999787,0.5
5,6,0.8570478205271019,0.40944818713468045
5,6,0.8570478205271019,0.5905518128653195
6,6,0.16295217947289764,0.40944818713468045
6,6,0.16295217947289764,0.5905518128653195
5,6,0.7972288861717782,0.46366969416946713
5,6,0.8426779540235207,0.43754371726743013
5,6,0.8426779540235207,0.4950063922264807
5,6,0.8426779540235207,0.43754371726743013
5,6,0.8881270218752633,0.4688804153244437
5,6,0.8426779540235207,0.4950063922264807
5,6,0.8426779540235207,0.4950063922264807
5,6,0.8881270218752633,0.4688804153244437
5,6,0.8881270218752633,0.5263430902834942
5,6,0.8881270218752633,0.4688804153244437
5,6,0.9335760897270058,0.5002171133814572
5,6,0.8881270218752633,0.5263430902834942
5,6,0.8881270218752633,0.5263430902834942
5,6,0.9335760897270058,0.5002171133814572
5,6,0.9335760897270058,0.5576797883405078
5,6,0.9335760897270058,0.5002171133814572
5,6,0.9790251575787483,0.5315538114384708
5,6,0.9335760897270058,0.5576797883405078
5,6,0.9335760897270058,0.5576797883405078
5,6,0.9790251575787483,0.5315538114384708
5,6,0.9790251575787483,0.5890164863975214
5,6,0.9790251575787483,0.5315538114384708
6,6,0.024474225430490826,0.5628905094954844
5,6,0.9790251575787483,0.5890164863975214
5,6,0.9790251575787483,0.5890164863975214
6,6,0.024474225430490826,0.5628905094954844
6,6,0.024474225430490826,0.6203531844545349
6,6,0.024474225430490826,0.5628905094954844
6,6,0.06992329328223335,0.5942272075524979
6,6,0.024474225430490826,0.6203531844545349
6,6,0.024474225430490826,0.6203531844545349
6,6,0.06992329328223335,0.5942272075524979
6,6,0.06992329328223335,0.6516898825115485
5,6,0.8426779540235207,0.43754371726743013
5,6,0.8881270218752633,0.41141774036539314
5,6,0.8881270218752633,0.4688804153244437
5,6,0.8881270218752633,0.41141774036539314
5,6,0.9335760897270058,0.4427544384224067
5,6,0.8881270218752633,0.4688804153244437
5,6,0.8881270218752633,0.4688804153244437
5,6,0.9335760897270058,0.4427544384224067
5,6,0.9335760897270058,0.5002171133814572
5,6,0.9335760897270058,0.4427544384224067
5,6,0.9790251575787483,0.47409113647942025
5,6,0.9335760897270058,0.5002171133814572
5,6,0.9335760897270058,0.5002171133814572
5,6,0.9790251575787483,0.47409113647942025
5,6,0.9790251575787483,0.5315538114384708
5,6,0.9790251575787483,0.47409113647942025
6,6,0.024474225430490826,0.5054278345364338
5,6,0.9790251575787483,0.5315538114384708
5,6,0.9790251575787483,0.5315538114384708
6,6,0.024474225430490826,0.5054278345364338
6,6,0.024474225430490826,0.5628905094954844
6,6,0.024474225430490826,0.5054278345364338
6,6,0.06992329328223335,0.5367645325934483
6,6,0.024474225430490826,0.5628905094954844
6,6,0.024474225430490826,0.5628905094954844
6,6,0.06992329328223335,0.5367645325934483
6,6,0.06992329328223335,0.5942272075524979
5,6,0.8881270218752633,0.41141774036539314
5,6,0.9335760897270058,0.38529176346335614
5,6,0.9335760897270058,0.4427544384224067
5,6,0.9335760897270058,0.38529176346335614
5,6,0.9790251575787483,0.4166284615203706
5,6,0.9335760897270058,0.4427544384224067
5,6,0.9335760897270058,0.4427544384224067
5,6,0.9790251575787483,0.4166284615203706
5,6,0.9790251575787483,0.47409113647942025
5,6,0.9790251575787483,0.4166284615203706
6,6,0.024474225430490826,0.44796515957738414
5,6,0.9790251575787483,0.47409113647942025
5,6,0.9790251575787483,0.47409113647942025
6,6,0.024474225430490826,0.44796515957738414
6,6,0.024474225430490826,0.5054278345364338
6,6,0.024474225430490826,0.44796515957738414
6,6,0.06992329328223335,0.4793018576343977
6,6,0.024474225430490826,0.5054278345364338
6,6,0.024474225430490826,0.5054278345364338
6,6,0.06992329328223335,0.4793018576343977
6,6,0.06992329328223335,0.5367645325934483
5,6,0.9335760897270058,0.38529176346335614
5,6,0.9790251575787483,0.35916578656132003
5,6,0.9790251575787483,0.4166284615203706
5,6,0.9790251575787483,0.35916578656132003
6,6,0.024474225430490826,0.3905024846183336
5,6,0.9790251575787483,0.4166284615203706
5,6,0.9790251575787483,0.4166284615203706
6,6,0.024474225430490826,0.3905024846183336
6,6,0.024474225430490826,0.44796515957738414
6,6,0.024474225430490826,0.3905024846183336
6,6,0.06992329328223335,0.42183918267534715
6,6,0.024474225430490826,0.44796515957738414
6,6,0.024474225430490826,0.44796515957738414
6,6,0.06992329328223335,0.42183918267534715
6,6,0.06992329328223335,0.4793018576343977
5,6,0.9790251575787483,0.35916578656132003
6,6,0.024474225430490826,0.33303980965928304
6,6,0.024474225430490826,0.3905024846183336
6,6,0.024474225430490826,0.33303980965928304
6,6,0.06992329328223335,0.3643765077162966
6,6,0.024474225430490826,0.3905024846183336
6,6,0.024474225430490826,0.3905024846183336
6,6,0.06992329328223335,0.3643765077162966
6,6,0.06992329328223335,0.42183918267534715
6,6,0.024474225430490826,0.33303980965928304
6,6,0.06992329328223335,0.30691383275724604
6,6,0.06992329328223335,0.3643765077162966
6,6,0.06992329328223335,0.6516898825115485
6,6,0.024474225430490826,0.6516898825115485
6,6,0.024474225430490826,0.6203531844545349
6,6,0.024474225430490826,0.6516898825115485
5,6,0.9790251575787483,0.6203531844545349
6,6,0.024474225430490826,0.6203531844545349
6,6,0.024474225430490826,0.6203531844545349
5,6,0.9790251575787483,0.6203531844545349
5,6,0.9790251575787483,0.5890164863975214
5,6,0.9790251575787483,0.6203531844545349
5,6,0.9335760897270058,0.5890164863975214
5,6,0.9790251575787483,0.5890164863975214
5,6,0.9790251575787483,0.5890164863975214
5,6,0.9335760897270058,0.5890164863975214
5,6,0.9335760897270058,0.5576797883405078
5,6,0.9335760897270058,0.5890164863975214
5,6,0.8881270218752633,0.5576797883405078
5,6,0.9335760897270058,0.5576797883405078
5,6,0.9335760897270058,0.5576797883405078
5,6,0.8881270218752633,0.5576797883405078
5,6,0.8881270218752633,0.5263430902834942
5,6,0.8881270218752633,0.5576797883405078
5,6,0.8426779540235207,0.5263430902834942
5,6,0.8881270218752633,0.5263430902834942
5,6,0.8881270218752633,0.5263430902834942
5,6,0.8426779540235207,0.5263430902834942
5,6,0.8426779540235207,0.4950063922264807
5,6,0.8426779540235207,0.5263430902834942
5,6,0.7972288861717782,0.4950063922264807
5,6,0.8426779540235207,0.4950063922264807
5,6,0.8426779540235207,0.4950063922264807
5,6,0.7972288861717782,0.4950063922264807
5,6,0.7972288861717782,0.46366969416946713
6,6,0.024474225430490826,0.6516898825115485
5,6,0.9790251575787483,0.6516898825115485
5,6,0.9790251575787483,0.6203531844545349
5,6,0.9790251575787483,0.6516898825115485
5,6,0.9335760897270058,0.6203531844545349
5,6,0.9790251575787483,0.6203531844545349
5,6,0.9790251575787483,0.6203531844545349
5,6,0.9335760897270058,0.6203531844545349
5,6,0.9335760897270058,0.5890164863975214
5,6,0.9335760897270058,0.6203531844545349
5,6,0.8881270218752633,0.5890164863975214
5,6,0.9335760897270058,0.5890164863975214
5,6,0.9335760897270058,0.5890164863975214
5,6,0.8881270218752633,0.5890164863975214
5,6,0.8881270218752633,0.5576797883405078
5,6,0.8881270218752633,0.5890164863975214
5,6,0.8426779540235207,0.5576797883405078
5,6,0.8881270218752633,0.5576797883405078
5,6,0.8881270218752633,0.5576797883405078
5,6,0.8426779540235207,0.5576797883405078
5,6,0.8426779540235207,0.5263430902834942
5,6,0.8426779540235207,0.5576797883405078
5,6,0.7972288861717782,0.5263430902834942
5,6,0.8426779540235207,0.5263430902834942
5,6,0.8426779540235207,0.5263430902834942
5,6,0.7972288861717782,0.5263430902834942
5,6,0.7972288861717782,0.4950063922264807
5,6,0.9790251575787483,0.6516898825115485
5,6,0.9335760897270058,0.6516898825115485
5,6,0.9335760897270058,0.6203531844545349
5,6,0.9335760897270058,0.6516898825115485
5,6,0.8881270218752633,0.6203531844545349
5,6,0.9335760897270058,0.6203531844545349
5,6,0.9335760897270058,0.6203531844545349
5,6,0.8881270218752633,0.6203531844545349
5,6,0.8881270218752633,0.5890164863975214
5,6,0.8881270218752633,0.6203531844545349
5,6,0.8426779540235207,0.5890164863975214
5,6,0.8881270218752633,0.5890164863975214
5,6,0.8881270218752633,0.5890164863975214
5,6,0.8426779540235207,0.5890164863975214
5,6,0.8426779540235207,0.5576797883405078
5,6,0.8426779540235207,0.5890164863975214
5,6,0.7972288861717782,0.5576797883405078
5,6,0.8426779540235207,0.5576797883405078
5,6,0.8426779540235207,0.5576797883405078
5,6,0.7972288861717782,0.5576797883405078
5,6,0.7972288861717782,0.5263430902834942
5,6,0.9335760897270058,0.6516898825115485
5,6,0.8881270218752633,0.6516898825115485
5,6,0.8881270218752633,0.6203531844545349
5,6,0.8881270218752633,0.6516898825115485
5,6,0.8426779540235207,0.6203531844545349
5,6,0.8881270218752633,0.6203531844545349
5,6,0.8881270218752633,0.6203531844545349
5,6,0.8426779540235207,0.6203531844545349
5,6,0.8426779540235207,0.5890164863975214
5,6,0.8426779540235207,0.6203531844545349
5,6,0.7972288861717782,0.5890164863975214
5,6,0.8426779540235207,0.5890164863975214
5,6,0.8426779540235207,0.5890164863975214
5,6,0.7972288861717782,0.5890164863975214
5,6,0.7972288861717782,0.5576797883405078
5,6,0.8881270218752633,0.6516898825115485
5,6,0.8426779540235207,0.6516898825115485
5,6,0.8426779540235207,0.6203531844545349
5,6,0.8426779540235207,0.6516898825115485
5,6,0.7972288861717782,0.6203531844545349
5,6,0.8426779540235207,0.6203531844545349
5,6,0.8426779540235207,0.6203531844545349
5,6,0.7972288861717782,0.6203531844545349
5,6,0.7972288861717782,0.5890164863975214
5,6,0.8426779540235207,0.6516898825115485
5,6,0.7972288861717782,0.6516898825115485
5,6,0.7972288861717782,0.6203531844545349
5,6,0.85946805552289,0.6823752404241903
5,6,0.85946805552289,0.6433430791799655
5,6,0.9021629999246645,0.6433430791799655
5,6,0.85946805552289,0.6433430791799655
5,6,0.9021629999246645,0.6043109179357407
5,6,0.9021629999246645,0.6433430791799655
5,6,0.9021629999246645,0.6433430791799655
5,6,0.9021629999246645,0.6043109179357407
5,6,0.9448579443264391,0.6043109179357407
5,6,0.9021629999246645,0.6043109179357407
5,6,0.9448579443264391,0.5652787566915158
5,6,0.9448579443264391,0.6043109179357407
5,6,0.9448579443264391,0.6043109179357407
5,6,0.9448579443264391,0.5652787566915158
5,6,0.9875528887282128,0.5652787566915158
5,6,0.9448579443264391,0.5652787566915158
5,6,0.9875528887282128,0.526246595447291
5,6,0.9875528887282128,0.5652787566915158
5,6,0.9875528887282128,0.5652787566915158
5,6,0.9875528887282128,0.526246595447291
6,6,0.030247833129987356,0.526246595447291
5,6,0.9875528887282128,0.526246595447291
6,6,0.030247833129987356,0.4872144342030662
6,6,0.030247833129987356,0.526246595447291
6,6,0.030247833129987356,0.526246595447291
6,6,0.030247833129987356,0.4872144342030662
6,6,0.07294277753176104,0.4872144342030662
6,6,0.030247833129987356,0.4872144342030662
6,6,0.07294277753176104,0.4481822729588414
6,6,0.07294277753176104,0.4872144342030662
6,6,0.07294277753176104,0.4872144342030662
6,6,0.07294277753176104,0.4481822729588414
6,6,0.11563772193353561,0.4481822729588414
6,6,0.07294277753176104,0.4481822729588414
6,6,0.11563772193353561,0.40915011171461657
6,6,0.11563772193353561,0.4481822729588414
6,6,0.11563772193353561,0.4481822729588414
6,6,0.11563772193353561,0.40915011171461657
6,6,0.1583326663353093,0.40915011171461657
6,6,0.11563772193353561,0.40915011171461657
6,6,0.1583326663353093,0.37011795047039175
6,6,0.1583326663353093,0.40915011171461657
6,6,0.1583326663353093,0.40915011171461657
6,6,0.1583326663353093,0.37011795047039175
6,6,0.20102761073708386,0.37011795047039175
6,6,0.1583326663353093,0.37011795047039175
6,6,0.20102761073708386,0.33108578922616694
6,6,0.20102761073708386,0.37011795047039175
6,6,0.20102761073708386,0.37011795047039175
6,6,0.20102761073708386,0.33108578922616694
6,6,0.24372255513885754,0.33108578922616694
5,6,0.85946805552289,0.6433430791799655
5,6,0.85946805552289,0.6043109179357407
5,6,0.9021629999246645,0.6043109179357407
5,6,0.85946805552289,0.6043109179357407
5,6,0.9021629999246645,0.5652787566915158
5,6,0.9021629999246645,0.6043109179357407
5,6,0.9021629999246645,0.6043109179357407
5,6,0.9021629999246645,0.5652787566915158
5,6,0.9448579443264391,0.5652787566915158
5,6,0.9021629999246645,0.5652787566915158
5,6,0.9448579443264391,0.526246595447291
5,6,0.9448579443264391,0.5652787566915158
5,6,0.9448579443264391,0.5652787566915158
5,6,0.9448579443264391,0.526246595447291
5,6,0.9875528887282128,0.526246595447291
5,6,0.9448579443264391,0.526246595447291
5,6,0.9875528887282128,0.4872144342030662
5,6,0.9875528887282128,0.526246595447291
5,6,0.9875528887282128,0.526246595447291
5,6,0.9875528887282128,0.4872144342030662
6,6,0.030247833129987356,0.4872144342030662
5,6,0.9875528887282128,0.4872144342030662
6,6,0.030247833129987356,0.4481822729588414
6,6,0.030247833129987356,0.4872144342030662
6,6,0.030247833129987356,0.4872144342030662
6,6,0.030247833129987356,0.4481822729588414
6,6,0.07294277753176104,0.4481822729588414
6,6,0.030247833129987356,0.4481822729588414
6,6,0.07294277753176104,0.40915011171461657
6,6,0.07294277753176104,0.4481822729588414
6,6,0.07294277753176104,0.4481822729588414
6,6,0.07294277753176104,0.40915011171461657
6,6,0.11563772193353561,0.40915011171461657
6,6,0.07294277753176104,0.40915011171461657
6,6,0.11563772193353561,0.37011795047039175
6,6,0.11563772193353561,0.40915011171461657
6,6,0.11563772193353561,0.40915011171461657
6,6,0.11563772193353561,0.37011795047039175
6,6,0.1583326663353093,0.37011795047039175
6,6,0.11563772193353561,0.37011795047039175
6,6,0.1583326663353093,0.33108578922616694
6,6,0.1583326663353093,0.37011795047039175
6,6,0.1583326663353093,0.37011795047039175
6,6,0.1583326663353093,0.33108578922616694
6,6,0.20102761073708386,0.33108578922616694
5,6,0.85946805552289,0.6043109179357407
5,6,0.85946805552289,0.5652787566915158
5,6,0.9021629999246645,0.5652787566915158
5,6,0.85946805552289,0.5652787566915158
5,6,0.9021629999246645,0.526246595447291
5,6,0.9021629999246645,0.5652787566915158
5,6,0.9021629999246645,0.5652787566915158
5,6,0.9021629999246645,0.526246595447291
5,6,0.9448579443264391,0.526246595447291
5,6,0.9021629999246645,0.526246595447291
5,6,0.9448579443264391,0.4872144342030662
5,6,0.9448579443264391,0.526246595447291
5,6,0.9448579443264391,0.526246595447291
5,6,0.9448579443264391,0.4872144342030662
5,6,0.9875528887282128,0.4872144342030662
5,6,0.9448579443264391,0.4872144342030662
5,6,0.9875528887282128,0.4481822729588414
5,6,0.9875528887282128,0.4872144342030662
5,6,0.9875528887282128,0.4872144342030662
5,6,0.9875528887282128,0.4481822729588414
6,6,0.030247833129987356,0.4481822729588414
5,6,0.9875528887282128,0.4481822729588414
6,6,0.030247833129987356,0.40915011171461657
6,6,0.030247833129987356,0.4481822729588414
6,6,0.030247833129987356,0.4481822729588414
6,6,0.030247833129987356,0.40915011171461657
6,6,0.07294277753176104,0.40915011171461657
6,6,0.030247833129987356,0.40915011171461657
6,6,0.07294277753176104,0.37011795047039175
6,6,0.07294277753176104,0.40915011171461657
6,6,0.07294277753176104,0.40915011171461657
6,6,0.07294277753176104,0.37011795047039175
6,6,0.11563772193353561,0.37011795047039175
6,6,0.07294277753176104,0.37011795047039175
6,6,0.11563772193353561,0.33108578922616694
6,6,0.11563772193353561,0.37011795047039175
6,6,0.11563772193353561,0.37011795047039175
6,6,0.11563772193353561,0.33108578922616694
6,6,0.1583326663353093,0.33108578922616694
5,6,0.85946805552289,0.5652787566915158
5,6,0.85946805552289,0.526246595447291
5,6,0.9021629999246645,0.526246595447291
5,6,0.85946805552289,0.526246595447291
5,6,0.9021629999246645,0.4872144342030662
5,6,0.9021629999246645,0.526246595447291
5,6,0.9021629999246645,0.526246595447291
5,6,0.9021629999246645,0.4872144342030662
5,6,0.9448579443264391,0.4872144342030662
5,6,0.9021629999246645,0.4872144342030662
5,6,0.9448579443264391,0.4481822729588414
5,6,0.9448579443264391,0.4872144342030662
5,6,0.9448579443264391,0.4872144342030662
5,6,0.9448579443264391,0.4481822729588414
5,6,0.9875528887282128,0.4481822729588414
5,6,0.9448579443264391,0.4481822729588414
5,6,0.9875528887282128,0.40915011171461657
5,6,0.9875528887282128,0.4481822729588414
5,6,0.9875528887282128,0.4481822729588414
5,6,0.9875528887282128,0.40915011171461657
6,6,0.030247833129987356,0.40915011171461657
5,6,0.9875528887282128,0.40915011171461657
6,6,0.030247833129987356,0.37011795047039175
6,6,0.030247833129987356,0.40915011171461657
6,6,0.030247833129987356,0.40915011171461657
6,6,0.030247833129987356,0.37011795047039175
6,6,0.07294277753176104,0.37011795047039175
6,6,0.030247833129987356,0.37011795047039175
6,6,0.07294277753176104,0.33108578922616694
6,6,0.07294277753176104,0.37011795047039175
6,6,0.07294277753176104,0.37011795047039175
6,6,0.07294277753176104,0.33108578922616694
6,6,0.11563772193353561,0.33108578922616694
5,6,0.85946805552289,0.526246595447291
5,6,0.85946805552289,0.4872144342030662
5,6,0.9021629999246645,0.4872144342030662
5,6,0.85946805552289,0.4872144342030662
5,6,0.9021629999246645,0.4481822729588414
5,6,0.9021629999246645,0.4872144342030662
5,6,0.9021629999246645,0.4872144342030662
5,6,0.9021629999246645,0.4481822729588414
5,6,0.9448579443264391,0.4481822729588414
5,6,0.9021629999246645,0.4481822729588414
5,6,0.9448579443264391,0.40915011171461657
5,6,0.9448579443264391,0.4481822729588414
5,6,0.9448579443264391,0.4481822729588414
5,6,0.9448579443264391,0.40915011171461657
5,6,0.9875528887282128,0.40915011171461657
5,6,0.9448579443264391,0.40915011171461657
5,6,0.9875528887282128,0.37011795047039175
5,6,0.9875528887282128,0.40915011171461657
5,6,0.9875528887282128,0.40915011171461657
5,6,0.9875528887282128,0.37011795047039175
6,6,0.030247833129987356,0.37011795047039175
5,6,0.9875528887282128,0.37011795047039175
6,6,0.030247833129987356,0.33108578922616694
6,6,0.030247833129987356,0.37011795047039175
6,6,0.030247833129987356,0.37011795047039175
6,6,0.030247833129987356,0.33108578922616694
6,6,0.07294277753176104,0.33108578922616694
5,6,0.85946805552289,0.4872144342030662
5,6,0.85946805552289,0.4481822729588414
5,6,0.9021629999246645,0.4481822729588414
5,6,0.85946805552289,0.4481822729588414
5,6,0.9021629999246645,0.40915011171461657
5,6,0.9021629999246645,0.4481822729588414
5,6,0.9021629999246645,0.4481822729588414
5,6,0.9021629999246645,0.40915011171461657
5,6,0.9448579443264391,0.40915011171461657
5,6,0.9021629999246645,0.40915011171461657
5,6,0.9448579443264391,0.37011795047039175
5,6,0.9448579443264391,0.40915011171461657
5,6,0.9448579443264391,0.40915011171461657
5,6,0.9448579443264391,0.37011795047039175
5,6,0.9875528887282128,0.37011795047039175
5,6,0.9448579443264391,0.37011795047039175
5,6,0.9875528887282128,0.33108578922616694
5,6,0.9875528887282128,0.37011795047039175
5,6,0.9875528887282128,0.37011795047039175
5,6,0.9875528887282128,0.33108578922616694
6,6,0.030247833129987356,0.33108578922616694
5,6,0.85946805552289,0.4481822729588414
5,6,0.85946805552289,0.40915011171461657
5,6,0.9021629999246645,0.40915011171461657
5,6,0.85946805552289,0.40915011171461657
5,6,0.9021629999246645,0.37011795047039175
5,6,0.9021629999246645,0.40915011171461657
5,6,0.9021629999246645,0.40915011171461657
5,6,0.9021629999246645,0.37011795047039175
5,6,0.9448579443264391,0.37011795047039175
5,6,0.9021629999246645,0.37011795047039175
5,6,0.9448579443264391,0.33108578922616694
5,6,0.9448579443264391,0.37011795047039175
5,6,0.9448579443264391,0.37011795047039175
5,6,0.9448579443264391,0.33108578922616694
5,6,0.9875528887282128,0.33108578922616694
5,6,0.85946805552289,0.40915011171461657
5,6,0.85946805552289,0.37011795047039175
5,6,0.9021629999246645,0.37011795047039175
5,6,0.85946805552289,0.37011795047039175
5,6,0.9021629999246645,0.33108578922616694
5,6,0.9021629999246645,0.37011795047039175
5,6,0.9021629999246645,0.37011795047039175
5,6,0.9021629999246645,0.33108578922616694
5,6,0.9448579443264391,0.33108578922616694
5,6,0.85946805552289,0.37011795047039175
5,6,0.85946805552289,0.33108578922616694
5,6,0.9021629999246645,0.33108578922616694
6,6,0.24372255513885754,0.33108578922616694
6,6,0.24372255513885754,0.37011795047039175
6,6,0.20102761073708386,0.37011795047039175
6,6,0.24372255513885754,0.37011795047039175
6,6,0.20102761073708386,0.40915011171461657
6,6,0.20102761073708386,0.37011795047039175
6,6,0.20102761073708386,0.37011795047039175
6,6,0.20102761073708386,0.40915011171461657
6,6,0.1583326663353093,0.40915011171461657
6,6,0.20102761073708386,0.40915011171461657
6,6,0.1583326663353093,0.4481822729588414
6,6,0.1583326663353093,0.40915011171461657
6,6,0.1583326663353093,0.40915011171461657
6,6,0.1583326663353093,0.4481822729588414
6,6,0.11563772193353561,0.4481822729588414
6,6,0.1583326663353093,0.4481822729588414
6,6,0.11563772193353561,0.4872144342030662
6,6,0.11563772193353561,0.4481822729588414
6,6,0.11563772193353561,0.4481822729588414
6,6,0.11563772193353561,0.4872144342030662
6,6,0.07294277753176104,0.4872144342030662
6,6,0.11563772193353561,0.4872144342030662
6,6,0.07294277753176104,0.526246595447291
6,6,0.07294277753176104,0.4872144342030662
6,6,0.07294277753176104,0.4872144342030662
6,6,0.07294277753176104,0.526246595447291
6,6,0.030247833129987356,0.526246595447291
6,6,0.07294277753176104,0.526246595447291
6,6,0.030247833129987356,0.5652787566915158
6,6,0.030247833129987356,0.526246595447291
6,6,0.030247833129987356,0.526246595447291
6,6,0.030247833129987356,0.5652787566915158
5,6,0.9875528887282128,0.5652787566915158
6,6,0.030247833129987356,0.5652787566915158
5,6,0.9875528887282128,0.6043109179357407
5,6,0.9875528887282128,0.5652787566915158
5,6,0.9875528887282128,0.5652787566915158
5,6,0.9875528887282128,0.6043109179357407
5,6,0.9448579443264391,0.6043109179357407
5,6,0.9875528887282128,0.6043109179357407
5,6,0.9448579443264391,0.6433430791799655
5,6,0.9448579443264391,0.6043109179357407
5,6,0.9448579443264391,0.6043109179357407
5,6,0.9448579443264391,0.6433430791799655
5,6,0.9021629999246645,0.6433430791799655
5,6,0.9448579443264391,0.6433430791799655
5,6,0.9021629999246645,0.6823752404241903
5,6,0.9021629999246645,0.6433430791799655
5,6,0.9021629999246645,0.6433430791799655
5,6,0.9021629999246645,0.6823752404241903
5,6,0.85946805552289,0.6823752404241903
6,6,0.24372255513885754,0.37011795047039175
6,6,0.24372255513885754,0.40915011171461657
6,6,0.20102761073708386,0.40915011171461657
6,6,0.24372255513885754,0.40915011171461657
6,6,0.20102761073708386,0.4481822729588414
6,6,0.20102761073708386,0.40915011171461657
6,6,0.20102761073708386,0.40915011171461657
6,6,0.20102761073708386,0.4481822729588414
6,6,0.1583326663353093,0.4481822729588414
6,6,0.20102761073708386,0.4481822729588414
6,6,0.1583326663353093,0.4872144342030662
6,6,0.1583326663353093,0.4481822729588414
6,6,0.1583326663353093,0.4481822729588414
6,6,0.1583326663353093,0.4872144342030662
6,6,0.11563772193353561,0.4872144342030662
6,6,0.1583326663353093,0.4872144342030662
6,6,0.11563772193353561,0.526246595447291
6,6,0.11563772193353561,0.4872144342030662
6,6,0.11563772193353561,0.4872144342030662
6,6,0.11563772193353561,0.526246595447291
6,6,0.07294277753176104,0.526246595447291
6,6,0.11563772193353561,0.526246595447291
6,6,0.07294277753176104,0.5652787566915158
6,6,0.07294277753176104,0.526246595447291
6,6,0.07294277753176104,0.526246595447291
6,6,0.07294277753176104,0.5652787566915158
6,6,0.030247833129987356,0.5652787566915158
6,6,0.07294277753176104,0.5652787566915158
6,6,0.030247833129987356,0.6043109179357407
6,6,0.030247833129987356,0.5652787566915158
6,6,0.030247833129987356,0.5652787566915158
6,6,0.030247833129987356,0.6043109179357407
5,6,0.9875528887282128,0.6043109179357407
6,6,0.030247833129987356,0.6043109179357407
5,6,0.9875528887282128,0.6433430791799655
5,6,0.9875528887282128,0.6043109179357407
5,6,0.9875528887282128,0.6043109179357407
5,6,0.9875528887282128,0.6433430791799655
5,6,0.9448579443264391,0.6433430791799655
5,6,0.9875528887282128,0.6433430791799655
5,6,0.9448579443264391,0.6823752404241903
5,6,0.9448579443264391,0.6433430791799655
5,6,0.9448579443264391,0.6433430791799655
5,6,0.9448579443264391,0.6823752404241903
5,6,0.9021629999246645,0.6823752404241903
6,6,0.24372255513885754,0.40915011171461657
6,6,0.24372255513885754,0.4481822729588414
6,6,0.20102761073708386,0.4481822729588414
6,6,0.24372255513885754,0.4481822729588414
6,6,0.20102761073708386,0.4872144342030662
6,6,0.20102761073708386,0.4481822729588414
6,6,0.20102761073708386,0.4481822729588414
6,6,0.20102761073708386,0.4872144342030662
6,6,0.1583326663353093,0.4872144342030662
6,6,0.20102761073708386,0.4872144342030662
6,6,0.1583326663353093,0.526246595447291
6,6,0.1583326663353093,0.4872144342030662
6,6,0.1583326663353093,0.4872144342030662
6,6,0.1583326663353093,0.526246595447291
6,6,0.11563772193353561,0.526246595447291
6,6,0.1583326663353093,0.526246595447291
6,6,0.11563772193353561,0.5652787566915158
6,6,0.11563772193353561,0.526246595447291
6,6,0.11563772193353561,0.526246595447291
6,6,0.11563772193353561,0.5652787566915158
6,6,0.07294277753176104,0.5652787566915158
6,6,0.11563772193353561,0.5652787566915158
6,6,0.07294277753176104,0.6043109179357407
6,6,0.07294277753176104,0.5652787566915158
6,6,0.07294277753176104,0.5652787566915158
6,6,0.07294277753176104,0.6043109179357407
6,6,0.030247833129987356,0.6043109179357407
6,6,0.07294277753176104,0.6043109179357407
6,6,0.030247833129987356,0.6433430791799655
6,6,0.030247833129987356,0.6043109179357407
6,6,0.030247833129987356,0.6043109179357407
6,6,0.030247833129987356,0.6433430791799655
5,6,0.9875528887282128,0.6433430791799655
6,6,0.030247833129987356,0.6433430791799655
5,6,0.9875528887282128,0.6823752404241903
5,6,0.9875528887282128,0.6433430791799655
5,6,0.9875528887282128,0.6433430791799655
5,6,0.9875528887282128,0.6823752404241903
5,6,0.9448579443264391,0.6823752404241903
6,6,0.24372255513885754,0.4481822729588414
6,6,0.24372255513885754,0.4872144342030662
6,6,0.20102761073708386,0.4872144342030662
6,6,0.24372255513885754,0.4872144342030662
6,6,0.20102761073708386,0.526246595447291
6,6,0.20102761073708386,0.4872144342030662
6,6,0.20102761073708386,0.4872144342030662
6,6,0.20102761073708386,0.526246595447291
6,6,0.1583326663353093,0.526246595447291
6,6,0.20102761073708386,0.526246595447291
6,6,0.1583326663353093,0.5652787566915158
6,6,0.1583326663353093,0.526246595447291
6,6,0.1583326663353093,0.526246595447291
6,6,0.1583326663353093,0.5652787566915158
6,6,0.11563772193353561,0.5652787566915158
6,6,0.1583326663353093,0.5652787566915158
6,6,0.11563772193353561,0.6043109179357407
6,6,0.11563772193353561,0.5652787566915158
6,6,0.11563772193353561,0.5652787566915158
6,6,0.11563772193353561,0.6043109179357407
6,6,0.07294277753176104,0.6043109179357407
6,6,0.11563772193353561,0.6043109179357407
6,6,0.07294277753176104,0.6433430791799655
6,6,0.07294277753176104,0.6043109179357407
6,6,0.07294277753176104,0.6043109179357407
6,6,0.07294277753176104,0.6433430791799655
6,6,0.030247833129987356,0.6433430791799655
6,6,0.07294277753176104,0.6433430791799655
6,6,0.030247833129987356,0.6823752404241903
6,6,0.030247833129987356,0.6433430791799655
6,6,0.030247833129987356,0.6433430791799655
6,6,0.030247833129987356,0.6823752404241903
5,6,0.9875528887282128,0.6823752404241903
6,6,0.24372255513885754,0.4872144342030662
6,6,0.24372255513885754,0.526246595447291
6,6,0.20102761073708386,0.526246595447291
6,6,0.24372255513885754,0.526246595447291
6,6,0.20102761073708386,0.5652787566915158
6,6,0.20102761073708386,0.526246595447291
6,6,0.20102761073708386,0.526246595447291
6,6,0.20102761073708386,0.5652787566915158
6,6,0.1583326663353093,0.5652787566915158
6,6,0.20102761073708386,0.5652787566915158
6,6,0.1583326663353093,0.6043109179357407
6,6,0.1583326663353093,0.5652787566915158
6,6,0.1583326663353093,0.5652787566915158
6,6,0.1583326663353093,0.6043109179357407
6,6,0.11563772193353561,0.6043109179357407
6,6,0.1583326663353093,0.6043109179357407
6,6,0.11563772193353561,0.6433430791799655
6,6,0.11563772193353561,0.6043109179357407
6,6,0.11563772193353561,0.6043109179357407
6,6,0.11563772193353561,0.6433430791799655
6,6,0.07294277753176104,0.6433430791799655
6,6,0.11563772193353561,0.6433430791799655
6,6,0.07294277753176104,0.6823752404241903
6,6,0.07294277753176104,0.6433430791799655
6,6,0.07294277753176104,0.6433430791799655
6,6,0.07294277753176104,0.6823752404241903
6,6,0.030247833129987356,0.6823752404241903
6,6,0.24372255513885754,0.526246595447291
6,6,0.24372255513885754,0.5652787566915158
6,6,0.20102761073708386,0.5652787566915158
6,6,0.24372255513885754,0.5652787566915158
6,6,0.20102761073708386,0.6043109179357407
6,6,0.20102761073708386,0.5652787566915158
6,6,0.20102761073708386,0.5652787566915158
6,6,0.20102761073708386,0.6043109179357407
6,6,0.1583326663353093,0.6043109179357407
6,6,0.20102761073708386,0.6043109179357407
6,6,0.1583326663353093,0.6433430791799655
6,6,0.1583326663353093,0.6043109179357407
6,6,0.1583326663353093,0.6043109179357407
6,6,0.1583326663353093,0.6433430791799655
6,6,0.11563772193353561,0.6433430791799655
6,6,0.1583326663353093,0.6433430791799655
6,6,0.11563772193353561,0.6823752404241903
6,6,0.11563772193353561,0.6433430791799655
6,6,0.11563772193353561,0.6433430791799655
6,6,0.11563772193353561,0.6823752404241903
6,6,0.07294277753176104,0.6823752404241903
6,6,0.24372255513885754,0.5652787566915158
6,6,0.24372255513885754,0.6043109179357407
6,6,0.20102761073708386,0.6043109179357407
6,6,0.24372255513885754,0.6043109179357407
6,6,0.20102761073708386,0.6433430791799655
6,6,0.20102761073708386,0.6043109179357407
6,6,0.20102761073708386,0.6043109179357407
6,6,0.20102761073708386,0.6433430791799655
6,6,0.1583326663353093,0.6433430791799655
6,6,0.20102761073708386,0.6433430791799655
6,6,0.1583326663353093,0.6823752404241903
6,6,0.1583326663353093,0.6433430791799655
6,6,0.1583326663353093,0.6433430791799655
6,6,0.1583326663353093,0.6823752404241903
6,6,0.11563772193353561,0.6823752404241903
6,6,0.24372255513885754,0.6043109179357407
6,6,0.24372255513885754,0.6433430791799655
6,6,0.20102761073708386,0.6433430791799655
6,6,0.24372255513885754,0.6433430791799655
6,6,0.20102761073708386,0.6823752404241903
6,6,0.20102761073708386,0.6433430791799655
6,6,0.20102761073708386,0.6433430791799655
6,6,0.20102761073708386,0.6823752404241903
6,6,0.1583326663353093,0.6823752404241903
6,6,0.24372255513885754,0.6433430791799655
6,6,0.24372255513885754,0.6823752404241903
6,6,0.20102761073708386,0.6823752404241903
5,6,0.9399999999999995,0.29000000000000004
5,6,0.806879163439782,0.21084551903195958
5,6,0.806879163439782,0.3691544809680405
6,6,0.07312083656021695,0.21084551903195958
6,6,0.07312083656021695,0.3691544809680405
5,6,0.7343449698972728,0.13957410358970268
5,6,0.7796638551128678,0.13957410358970268
5,6,0.7796638551128678,0.17327311822095837
5,6,0.7796638551128678,0.13957410358970268
5,6,0.8249827403284629,0.17327311822095837
5,6,0.7796638551128678,0.17327311822095837
5,6,0.7796638551128678,0.17327311822095837
5,6,0.8249827403284629,0.17327311822095837
5,6,0.8249827403284629,0.20697213285221405
5,6,0.8249827403284629,0.17327311822095837
5,6,0.870301625544057,0.20697213285221405
5,6,0.8249827403284629,0.20697213285221405
5,6,0.8249827403284629,0.20697213285221405
5,6,0.870301625544057,0.20697213285221405
5,6,0.870301625544057,0.24067114748346974
5,6,0.870301625544057,0.20697213285221405
5,6,0.915620510759652,0.24067114748346974
5,6,0.870301625544057,0.24067114748346974
5,6,0.870301625544057,0.24067114748346974
5,6,0.915620510759652,0.24067114748346974
5,6,0.915620510759652,0.2743701621147263
5,6,0.915620510759652,0.24067114748346974
5,6,0.960939395975247,0.2743701621147263
5,6,0.915620510759652,0.2743701621147263
5,6,0.915620510759652,0.2743701621147263
5,6,0.960939395975247,0.2743701621147263
5,6,0.960939395975247,0.308069176745982
5,6,0.960939395975247,0.2743701621147263
6,6,0.006258281190841153,0.308069176745982
5,6,0.960939395975247,0.308069176745982
5,6,0.960939395975247,0.308069176745982
6,6,0.006258281190841153,0.308069176745982
6,6,0.006258281190841153,0.3417681913772377
6,6,0.006258281190841153,0.308069176745982
6,6,0.05157716640643617,0.3417681913772377
6,6,0.006258281190841153,0.3417681913772377
6,6,0.006258281190841153,0.3417681913772377
6,6,0.05157716640643617,0.3417681913772377
6,6,0.05157716640643617,0.37546720600849337
6,6,0.05157716640643617,0.3417681913772377
6,6,0.09689605162203119,0.37546720600849337
6,6,0.05157716640643617,0.37546720600849337
6,6,0.05157716640643617,0.37546720600849337
6,6,0.09689605162203119,0.37546720600849337
6,6,0.09689605162203119,0.40916622063974906
6,6,0.09689605162203119,0.37546720600849337
6,6,0.14221493683762532,0.40916622063974906
6,6,0.09689605162203119,0.40916622063974906
6,6,0.09689605162203119,0.40916622063974906
6,6,0.14221493683762532,0.40916622063974906
6,6,0.14221493683762532,0.44286523527100474
5,6,0.7796638551128678,0.13957410358970268
5,6,0.8249827403284629,0.13957410358970268
5,6,0.8249827403284629,0.17327311822095837
5,6,0.8249827403284629,0.13957410358970268
5,6,0.870301625544057,0.17327311822095837
5,6,0.8249827403284629,0.17327311822095837
5,6,0.8249827403284629,0.17327311822095837
5,6,0.870301625544057,0.17327311822095837
5,6,0.870301625544057,0.20697213285221405
5,6,0.870301625544057,0.17327311822095837
5,6,0.915620510759652,0.20697213285221405
5,6,0.870301625544057,0.20697213285221405
5,6,0.870301625544057,0.20697213285221405
5,6,0.915620510759652,0.20697213285221405
5,6,0.915620510759652,0.24067114748346974
5,6,0.915620510759652,0.20697213285221405
5,6,0.960939395975247,0.24067114748346974
5,6,0.915620510759652,0.24067114748346974
5,6,0.915620510759652,0.24067114748346974
5,6,0.960939395975247,0.24067114748346974
5,6,0.960939395975247,0.2743701621147263
5,6,0.960939395975247,0.24067114748346974
6,6,0.006258281190841153,0.2743701621147263
5,6,0.960939395975247,0.2743701621147263
5,6,0.960939395975247,0.2743701621147263
6,6,0.006258281190841153,0.2743701621147263
6,6,0.006258281190841153,0.308069176745982
6,6,0.006258281190841153,0.2743701621147263
6,6,0.05157716640643617,0.308069176745982
6,6,0.006258281190841153,0.308069176745982
6,6,0.006258281190841153,0.308069176745982
6,6,0.05157716640643617,0.308069176745982
6,6,0.05157716640643617,0.3417681913772377
6,6,0.05157716640643617,0.308069176745982
6,6,0.09689605162203119,0.3417681913772377
6,6,0.05157716640643617,0.3417681913772377
6,6,0.05157716640643617,0.3417681913772377
6,6,0.09689605162203119,0.3417681913772377
6,6,0.09689605162203119,0.37546720600849337
6,6,0.09689605162203119,0.3417681913772377
6,6,0.14221493683762532,0.37546720600849337
6,6,0.09689605162203119,0.37546720600849337
6,6,0.09689605162203119,0.37546720600849337
6,6,0.14221493683762532,0.37546720600849337
6,6,0.14221493683762532,0.40916622063974906
5,6,0.8249827403284629,0.13957410358970268
5,6,0.870301625544057,0.13957410358970268
5,6,0.870301625544057,0.17327311822095837
5,6,0.870301625544057,0.13957410358970268
5,6,0.915620510759652,0.17327311822095837
5,6,0.870301625544057,0.17327311822095837
5,6,0.870301625544057,0.17327311822095837
5,6,0.915620510759652,0.17327311822095837
5,6,0.915620510759652,0.20697213285221405
5,6,0.915620510759652,0.17327311822095837
5,6,0.960939395975247,0.20697213285221405
5,6,0.915620510759652,0.20697213285221405
5,6,0.915620510759652,0.20697213285221405
5,6,0.960939395975247,0.20697213285221405
5,6,0.960939395975247,0.24067114748346974
5,6,0.960939395975247,0.20697213285221405
6,6,0.006258281190841153,0.24067114748346974
5,6,0.960939395975247,0.24067114748346974
5,6,0.960939395975247,0.24067114748346974
6,6,0.006258281190841153,0.24067114748346974
6,6,0.006258281190841153,0.2743701621147263
6,6,0.006258281190841153,0.24067114748346974
6,6,0.05157716640643617,0.2743701621147263
6,6,0.006258281190841153,0.2743701621147263
6,6,0.006258281190841153,0.2743701621147263
6,6,0.05157716640643617,0.2743701621147263
6,6,0.05157716640643617,0.308069176745982
6,6,0.05157716640643617,0.2743701621147263
6,6,0.09689605162203119,0.308069176745982
6,6,0.05157716640643617,0.308069176745982
6,6,0.05157716640643617,0.308069176745982
6,6,0.09689605162203119,0.308069176745982
6,6,0.09689605162203119,0.3417681913772377
6,6,0.09689605162203119,0.308069176745982
6,6,0.14221493683762532,0.3417681913772377
6,6,0.09689605162203119,0.3417681913772377
6,6,0.09689605162203119,0.3417681913772377
6,6,0.14221493683762532,0.3417681913772377
6,6,0.14221493683762532,0.37546720600849337
5,6,0.870301625544057,0.13957410358970268
5,6,0.915620510759652,0.13957410358970268
5,6,0.915620510759652,0.17327311822095837
5,6,0.915620510759652,0.13957410358970268
5,6,0.960939395975247,0.17327311822095837
5,6,0.915620510759652,0.17327311822095837
5,6,0.915620510759652,0.17327311822095837
5,6,0.960939395975247,0.17327311822095837
5,6,0.960939395975247,0.20697213285221405
5,6,0.960939395975247,0.17327311822095837
6,6,0.006258281190841153,0.20697213285221405
5,6,0.960939395975247,0.20697213285221405
5,6,0.960939395975247,0.20697213285221405
6,6,0.006258281190841153,0.20697213285221405
6,6,0.006258281190841153,0.24067114748346974
6,6,0.006258281190841153,0.20697213285221405
6,6,0.05157716640643617,0.24067114748346974
6,6,0.006258281190841153,0.24067114748346974
6,6,0.006258281190841153,0.24067114748346974
6,6,0.05157716640643617,0.24067114748346974
6,6,0.05157716640643617,0.2743701621147263
6,6,0.05157716640643617,0.24067114748346974
6,6,0.09689605162203119,0.2743701621147263
6,6,0.05157716640643617,0.2743701621147263
6,6,0.05157716640643617,0.2743701621147263
6,6,0.09689605162203119,0.2743701621147263
6,6,0.09689605162203119,0.308069176745982
6,6,0.09689605162203119,0.2743701621147263
6,6,0.14221493683762532,0.308069176745982
6,6,0.09689605162203119,0.308069176745982
6,6,0.09689605162203119,0.308069176745982
6,6,0.14221493683762532,0.308069176745982
6,6,0.14221493683762532,0.3417681913772377
5,6,0.915620510759652,0.13957410358970268
5,6,0.960939395975247,0.13957410358970268
5,6,0.960939395975247,0.17327311822095837
5,6,0.960939395975247,0.13957410358970268
6,6,0.006258281190841153,0.17327311822095837
5,6,0.960939395975247,0.17327311822095837
5,6,0.960939395975247,0.17327311822095837
6,6,0.006258281190841153,0.17327311822095837
6,6,0.006258281190841153,0.20697213285221405
6,6,0.006258281190841153,0.17327311822095837
6,6,0.05157716640643617,0.20697213285221405
6,6,0.006258281190841153,0.20697213285221405
6,6,0.006258281190841153,0.20697213285221405
6,6,0.05157716640643617,0.20697213285221405
6,6,0.05157716640643617,0.24067114748346974
6,6,0.05157716640643617,0.20697213285221405
6,6,0.09689605162203119,0.24067114748346974
6,6,0.05157716640643617,0.24067114748346974
6,6,0.05157716640643617,0.24067114748346974
6,6,0.09689605162203119,0.24067114748346974
6,6,0.09689605162203119,0.2743701621147263
6,6,0.09689605162203119,0.24067114748346974
6,6,0.14221493683762532,0.2743701621147263
6,6,0.09689605162203119,0.2743701621147263
6,6,0.09689605162203119,0.2743701621147263
6,6,0.14221493683762532,0.2743701621147263
6,6,0.14221493683762532,0.308069176745982
5,6,0.960939395975247,0.13957410358970268
6,6,0.006258281190841153,0.13957410358970268
6,6,0.006258281190841153,0.17327311822095837
6,6,0.006258281190841153,0.13957410358970268
6,6,0.05157716640643617,0.17327311822095837
6,6,0.006258281190841153,0.17327311822095837
6,6,0.006258281190841153,0.17327311822095837
6,6,0.05157716640643617,0.17327311822095837
6,6,0.05157716640643617,0.20697213285221405
6,6,0.05157716640643617,0.17327311822095837
6,6,0.09689605162203119,0.20697213285221405
6,6,0.05157716640643617,0.20697213285221405
6,6,0.05157716640643617,0.20697213285221405
6,6,0.09689605162203119,0.20697213285221405
6,6,0.09689605162203119,0.24067114748346974
6,6,0.09689605162203119,0.20697213285221405
6,6,0.14221493683762532,0.24067114748346974
6,6,0.09689605162203119,0.24067114748346974
6,6,0.09689605162203119,0.24067114748346974
6,6,0.14221493683762532,0.24067114748346974
6,6,0.14221493683762532,0.2743701621147263
6,6,0.006258281190841153,0.13957410358970268
6,6,0.05157716640643617,0.13957410358970268
6,6,0.05157716640643617,0.17327311822095837
6,6,0.05157716640643617,0.13957410358970268
6,6,0.09689605162203119,0.17327311822095837
6,6,0.05157716640643617,0.17327311822095837
6,6,0.05157716640643617,0.17327311822095837
6,6,0.09689605162203119,0.17327311822095837
6,6,0.09689605162203119,0.20697213285221405
6,6,0.09689605162203119,0.17327311822095837
6,6,0.14221493683762532,0.20697213285221405
6,6,0.09689605162203119,0.20697213285221405
6,6,0.09689605162203119,0.20697213285221405
6,6,0.14221493683762532,0.20697213285221405
6,6,0.14221493683762532,0.24067114748346974
6,6,0.05157716640643617,0.13957410358970268
6,6,0.09689605162203119,0.13957410358970268
6,6,0.09689605162203119,0.17327311822095837
6,6,0.09689605162203119,0.13957410358970268
6,6,0.14221493683762532,0.17327311822095837
6,6,0.09689605162203119,0.17327311822095837
6,6,0.09689605162203119,0.17327311822095837
6,6,0.14221493683762532,0.17327311822095837
6,6,0.14221493683762532,0.20697213285221405
6,6,0.09689605162203119,0.13957410358970268
6,6,0.14221493683762532,0.13957410358970268
6,6,0.14221493683762532,0.17327311822095837
6,6,0.14221493683762532,0.44286523527100474
6,6,0.09689605162203119,0.44286523527100474
6,6,0.09689605162203119,0.40916622063974906
6,6,0.09689605162203119,0.44286523527100474
6,6,0.05157716640643617,0.40916622063974906
6,6,0.09689605162203119,0.40916622063974906
6,6,0.09689605162203119,0.40916622063974906
6,6,0.05157716640643617,0.40916622063974906
6,6,0.05157716640643617,0.37546720600849337
6,6,0.05157716640643617,0.40916622063974906
6,6,0.006258281190841153,0.37546720600849337
6,6,0.05157716640643617,0.37546720600849337
6,6,0.05157716640643617,0.37546720600849337
6,6,0.006258281190841153,0.37546720600849337
6,6,0.006258281190841153,0.3417681913772377
6,6,0.006258281190841153,0.37546720600849337
5,6,0.960939395975247,0.3417681913772377
6,6,0.006258281190841153,0.3417681913772377
6,6,0.006258281190841153,0.3417681913772377
5,6,0.960939395975247,0.3417681913772377
5,6,0.960939395975247,0.308069176745982
5,6,0.960939395975247,0.3417681913772377
5,6,0.915620510759652,0.308069176745982
5,6,0.960939395975247,0.308069176745982
5,6,0.960939395975247,0.308069176745982
5,6,0.915620510759652,0.308069176745982
5,6,0.915620510759652,0.2743701621147263
5,6,0.915620510759652,0.308069176745982
5,6,0.870301625544057,0.2743701621147263
5,6,0.915620510759652,0.2743701621147263
5,6,0.915620510759652,0.2743701621147263
5,6,0.870301625544057,0.2743701621147263
5,6,0.870301625544057,0.24067114748346974
5,6,0.870301625544057,0.2743701621147263
5,6,0.8249827403284629,0.24067114748346974
5,6,0.870301625544057,0.24067114748346974
5,6,0.870301625544057,0.24067114748346974
5,6,0.8249827403284629,0.24067114748346974
5,6,0.8249827403284629,0.20697213285221405
5,6,0.8249827403284629,0.24067114748346974
5,6,0.7796638551128678,0.20697213285221405
5,6,0.8249827403284629,0.20697213285221405
5,6,0.8249827403284629,0.20697213285221405
5,6,0.7796638551128678,0.20697213285221405
5,6,0.7796638551128678,0.17327311822095837
5,6,0.7796638551128678,0.20697213285221405
5,6,0.7343449698972728,0.17327311822095837
5,6,0.7796638551128678,0.17327311822095837
5,6,0.7796638551128678,0.17327311822095837
5,6,0.7343449698972728,0.17327311822095837
5,6,0.7343449698972728,0.13957410358970268
6,6,0.09689605162203119,0.44286523527100474
6,6,0.05157716640643617,0.44286523527100474
6,6,0.05157716640643617,0.40916622063974906
6,6,0.05157716640643617,0.44286523527100474
6,6,0.006258281190841153,0.40916622063974906
6,6,0.05157716640643617,0.40916622063974906
6,6,0.05157716640643617,0.40916622063974906
6,6,0.006258281190841153,0.40916622063974906
6,6,0.006258281190841153,0.37546720600849337
6,6,0.006258281190841153,0.40916622063974906
5,6,0.960939395975247,0.37546720600849337
6,6,0.006258281190841153,0.37546720600849337
6,6,0.006258281190841153,0.37546720600849337
5,6,0.960939395975247,0.37546720600849337
5,6,0.960939395975247,0.3417681913772377
5,6,0.960939395975247,0.37546720600849337
5,6,0.915620510759652,0.3417681913772377
5,6,0.960939395975247,0.3417681913772377
5,6,0.960939395975247,0.3417681913772377
5,6,0.915620510759652,0.3417681913772377
5,6,0.915620510759652,0.308069176745982
5,6,0.915620510759652,0.3417681913772377
5,6,0.870301625544057,0.308069176745982
5,6,0.915620510759652,0.308069176745982
5,6,0.915620510759652,0.308069176745982
5,6,0.870301625544057,0.308069176745982
5,6,0.870301625544057,0.2743701621147263
5,6,0.870301625544057,0.308069176745982
5,6,0.8249827403284629,0.2743701621147263
5,6,0.870301625544057,0.2743701621147263
5,6,0.870301625544057,0.2743701621147263
5,6,0.8249827403284629,0.2743701621147263
5,6,0.8249827403284629,0.24067114748346974
5,6,0.8249827403284629,0.2743701621147263
5,6,0.7796638551128678,0.24067114748346974
5,6,0.8249827403284629,0.24067114748346974
5,6,0.8249827403284629,0.24067114748346974
5,6,0.7796638551128678,0.24067114748346974
5,6,0.7796638551128678,0.20697213285221405
5,6,0.7796638551128678,0.24067114748346974
5,6,0.7343449698972728,0.20697213285221405
5,6,0.7796638551128678,0.20697213285221405
5,6,0.7796638551128678,0.20697213285221405
5,6,0.7343449698972728,0.20697213285221405
5,6,0.7343449698972728,0.17327311822095837
6,6,0.05157716640643617,0.44286523527100474
6,6,0.006258281190841153,0.44286523527100474
6,6,0.006258281190841153,0.40916622063974906
6,6,0.006258281190841153,0.44286523527100474
5,6,0.960939395975247,0.40916622063974906
6,6,0.006258281190841153,0.40916622063974906
6,6,0.006258281190841153,0.40916622063974906
5,6,0.960939395975247,0.40916622063974906
5,6,0.960939395975247,0.37546720600849337
5,6,0.960939395975247,0.40916622063974906
5,6,0.915620510759652,0.37546720600849337
5,6,0.960939395975247,0.37546720600849337
5,6,0.960939395975247,0.37546720600849337
5,6,0.915620510759652,0.37546720600849337
5,6,0.915620510759652,0.3417681913772377
5,6,0.915620510759652,0.37546720600849337
5,6,0.870301625544057,0.3417681913772377
5,6,0.915620510759652,0.3417681913772377
5,6,0.915620510759652,0.3417681913772377
5,6,0.870301625544057,0.3417681913772377
5,6,0.870301625544057,0.308069176745982
5,6,0.870301625544057,0.3417681913772377
5,6,0.8249827403284629,0.308069176745982
5,6,0.870301625544057,0.308069176745982
5,6,0.870301625544057,0.308069176745982
5,6,0.8249827403284629,0.308069176745982
5,6,0.8249827403284629,0.2743701621147263
5,6,0.8249827403284629,0.308069176745982
5,6,0.7796638551128678,0.2743701621147263
5,6,0.8249827403284629,0.2743701621147263
5,6,0.8249827403284629,0.2743701621147263
5,6,0.7796638551128678,0.2743701621147263
5,6,0.7796638551128678,0.24067114748346974
5,6,0.7796638551128678,0.2743701621147263
5,6,0.7343449698972728,0.24067114748346974
5,6,0.7796638551128678,0.24067114748346974
5,6,0.7796638551128678,0.24067114748346974
5,6,0.7343449698972728,0.24067114748346974
5,6,0.7343449698972728,0.20697213285221405
6,6,0.006258281190841153,0.44286523527100474
5,6,0.960939395975247,0.44286523527100474
5,6,0.960939395975247,0.40916622063974906
5,6,0.960939395975247,0.44286523527100474
5,6,0.915620510759652,0.40916622063974906
5,6,0.960939395975247,0.40916622063974906
5,6,0.960939395975247,0.40916622063974906
5,6,0.915620510759652,0.40916622063974906
5,6,0.915620510759652,0.37546720600849337
5,6,0.915620510759652,0.40916622063974906
5,6,0.870301625544057,0.37546720600849337
5,6,0.915620510759652,0.37546720600849337
5,6,0.915620510759652,0.37546720600849337
5,6,0.870301625544057,0.37546720600849337
5,6,0.870301625544057,0.3417681913772377
5,6,0.870301625544057,0.37546720600849337
5,6,0.8249827403284629,0.3417681913772377
5,6,0.870301625544057,0.3417681913772377
5,6,0.870301625544057,0.3417681913772377
5,6,0.8249827403284629,0.3417681913772377
5,6,0.8249827403284629,0.308069176745982
5,6,0.8249827403284629,0.3417681913772377
5,6,0.7796638551128678,0.308069176745982
5,6,0.8249827403284629,0.308069176745982
5,6,0.8249827403284629,0.308069176745982
5,6,0.7796638551128678,0.308069176745982
5,6,0.7796638551128678,0.2743701621147263
5,6,0.7796638551128678,0.308069176745982
5,6,0.7343449698972728,0.2743701621147263
5,6,0.7796638551128678,0.2743701621147263
5,6,0.7796638551128678,0.2743701621147263
5,6,0.7343449698972728,0.2743701621147263
5,6,0.7343449698972728,0.24067114748346974
5,6,0.960939395975247,0.44286523527100474
5,6,0.915620510759652,0.44286523527100474
5,6,0.915620510759652,0.40916622063974906
5,6,0.915620510759652,0.44286523527100474
5,6,0.870301625544057,0.40916622063974906
5,6,0.915620510759652,0.40916622063974906
5,6,0.915620510759652,0.40916622063974906
5,6,0.870301625544057,0.40916622063974906
5,6,0.870301625544057,0.37546720600849337
5,6,0.870301625544057,0.40916622063974906
5,6,0.824982740328462,0.37546720600849337
5,6,0.870301625544057,0.37546720600849337
5,6,0.870301625544057,0.37546720600849337
5,6,0.824982740328462,0.37546720600849337
5,6,0.8249827403284629,0.3417681913772377
5,6,0.824982740328462,0.37546720600849337
5,6,0.7796638551128678,0.3417681913772377
5,6,0.8249827403284629,0.3417681913772377
5,6,0.8249827403284629,0.3417681913772377
5,6,0.7796638551128678,0.3417681913772377
5,6,0.7796638551128678,0.308069176745982
5,6,0.7796638551128678,0.3417681913772377
5,6,0.7343449698972728,0.308069176745982
5,6,0.7796638551128678,0.308069176745982
5,6,0.7796638551128678,0.308069176745982
5,6,0.7343449698972728,0.308069176745982
5,6,0.7343449698972728,0.2743701621147263
5,6,0.915620510759652,0.44286523527100474
5,6,0.870301625544057,0.44286523527100474
5,6,0.870301625544057,0.40916622063974906
5,6,0.870301625544057,0.44286523527100474
5,6,0.8249827403284629,0.40916622063974906
5,6,0.870301625544057,0.40916622063974906
5,6,0.870301625544057,0.40916622063974906
5,6,0.8249827403284629,0.40916622063974906
5,6,0.824982740328462,0.37546720600849337
5,6,0.8249827403284629,0.40916622063974906
5,6,0.7796638551128678,0.37546720600849337
5,6,0.824982740328462,0.37546720600849337
5,6,0.824982740328462,0.37546720600849337
5,6,0.7796638551128678,0.37546720600849337
5,6,0.7796638551128678,0.3417681913772377
5,6,0.7796638551128678,0.37546720600849337
5,6,0.7343449698972728,0.3417681913772377
5,6,0.7796638551128678,0.3417681913772377
5,6,0.7796638551128678,0.3417681913772377
5,6,0.7343449698972728,0.3417681913772377
5,6,0.7343449698972728,0.308069176745982
5,6,0.870301625544057,0.44286523527100474
5,6,0.8249827403284629,0.44286523527100474
5,6,0.8249827403284629,0.40916622063974906
5,6,0.8249827403284629,0.44286523527100474
5,6,0.7796638551128678,0.40916622063974906
5,6,0.8249827403284629,0.40916622063974906
5,6,0.8249827403284629,0.40916622063974906
5,6,0.7796638551128678,0.40916622063974906
5,6,0.7796638551128678,0.37546720600849337
5,6,0.7796638551128678,0.40916622063974906
5,6,0.7343449698972728,0.37546720600849337
5,6,0.7796638551128678,0.37546720600849337
5,6,0.7796638551128678,0.37546720600849337
5,6,0.7343449698972728,0.37546720600849337
5,6,0.7343449698972728,0.3417681913772377
5,6,0.8249827403284629,0.44286523527100474
5,6,0.7796638551128678,0.44286523527100474
5,6,0.7796638551128678,0.40916622063974906
5,6,0.7796638551128678,0.44286523527100474
5,6,0.7343449698972728,0.40916622063974906
5,6,0.7796638551128678,0.40916622063974906
5,6,0.7796638551128678,0.40916622063974906
5,6,0.7343449698972728,0.40916622063974906
5,6,0.7343449698972728,0.37546720600849337
5,6,0.7796638551128678,0.44286523527100474
5,6,0.7343449698972728,0.44286523527100474
5,6,0.7343449698972728,0.40916622063974906
5,6,0.8700000000000001,0.08000000000000007
5,7,0.7632639904291292,0.9738908327420415
5,6,0.7632639904291292,0.18610916725795867
5,7,0.976736009570871,0.9738908327420415
5,6,0.976736009570871,0.18610916725795867
6,6,0.058368130077899316,0.28438213537270673
6,6,0.02169877219097671,0.28438213537270673
6,6,0.02169877219097671,0.24428605177651352
6,6,0.02169877219097671,0.28438213537270673
5,6,0.985029414304055,0.24428605177651352
6,6,0.02169877219097671,0.24428605177651352
6,6,0.02169877219097671,0.24428605177651352
5,6,0.985029414304055,0.24428605177651352
5,6,0.985029414304055,0.2041899681803212
5,6,0.985029414304055,0.24428605177651352
5,6,0.9483600564171324,0.2041899681803212
5,6,0.985029414304055,0.2041899681803212
5,6,0.985029414304055,0.2041899681803212
5,6,0.9483600564171324,0.2041899681803212
5,6,0.9483600564171324,0.16409388458412888
5,6,0.9483600564171324,0.2041899681803212
5,6,0.9116906985302098,0.16409388458412888
5,6,0.9483600564171324,0.16409388458412888
5,6,0.9483600564171324,0.16409388458412888
5,6,0.9116906985302098,0.16409388458412888
5,6,0.9116906985302098,0.12399780098793567
5,6,0.9116906985302098,0.16409388458412888
5,6,0.8750213406432872,0.12399780098793567
5,6,0.9116906985302098,0.12399780098793567
5,6,0.9116906985302098,0.12399780098793567
5,6,0.8750213406432872,0.12399780098793567
5,6,0.8750213406432872,0.08390171739174335
5,6,0.8750213406432872,0.12399780098793567
5,6,0.8383519827563646,0.08390171739174335
5,6,0.8750213406432872,0.08390171739174335
5,6,0.8750213406432872,0.08390171739174335
5,6,0.8383519827563646,0.08390171739174335
5,6,0.8383519827563646,0.043805633795551024
5,6,0.8383519827563646,0.08390171739174335
5,6,0.801682624869442,0.043805633795551024
5,6,0.8383519827563646,0.043805633795551024
5,6,0.8383519827563646,0.043805633795551024
5,6,0.801682624869442,0.043805633795551024
5,6,0.801682624869442,0.003709550199357814
5,6,0.801682624869442,0.043805633795551024
5,6,0.7650132669825194,0.003709550199357814
5,6,0.801682624869442,0.003709550199357814
5,6,0.801682624869442,0.003709550199357814
5,6,0.7650132669825194,0.003709550199357814
5,7,0.7650132669825194,0.9636134666031655
5,6,0.7650132669825194,0.003709550199357814
5,7,0.7283439090955968,0.9636134666031655
5,7,0.7650132669825194,0.9636134666031655
5,7,0.7650132669825194,0.9636134666031655
5,7,0.7283439090955968,0.9636134666031655
5,7,0.7283439090955968,0.9235173830069723
5,7,0.7283439090955968,0.9636134666031655
5,7,0.6916745512086742,0.9235173830069723
5,7,0.7283439090955968,0.9235173830069723
5,7,0.7283439090955968,0.9235173830069723
5,7,0.6916745512086742,0.9235173830069723
5,7,0.6916745512086742,0.88342129941078
6,6,0.02169877219097671,0.28438213537270673
5,6,0.985029414304055,0.28438213537270673
5,6,0.985029414304055,0.24428605177651352
5,6,0.985029414304055,0.28438213537270673
5,6,0.9483600564171324,0.24428605177651352
5,6,0.985029414304055,0.24428605177651352
5,6,0.985029414304055,0.24428605177651352
5,6,0.9483600564171324,0.24428605177651352
5,6,0.9483600564171324,0.2041899681803212
5,6,0.9483600564171324,0.24428605177651352
5,6,0.9116906985302098,0.2041899681803212
5,6,0.9483600564171324,0.2041899681803212
5,6,0.9483600564171324,0.2041899681803212
5,6,0.9116906985302098,0.2041899681803212
5,6,0.9116906985302098,0.16409388458412888
5,6,0.9116906985302098,0.2041899681803212
5,6,0.8750213406432872,0.16409388458412888
5,6,0.9116906985302098,0.16409388458412888
5,6,0.9116906985302098,0.16409388458412888
5,6,0.8750213406432872,0.16409388458412888
5,6,0.8750213406432872,0.12399780098793567
5,6,0.8750213406432872,0.16409388458412888
5,6,0.8383519827563646,0.12399780098793567
5,6,0.8750213406432872,0.12399780098793567
5,6,0.8750213406432872,0.12399780098793567
5,6,0.8383519827563646,0.12399780098793567
5,6,0.8383519827563646,0.08390171739174335
5,6,0.8383519827563646,0.12399780098793567
5,6,0.801682624869442,0.08390171739174335
5,6,0.8383519827563646,0.08390171739174335
5,6,0.8383519827563646,0.08390171739174335
5,6,0.801682624869442,0.08390171739174335
5,6,0.801682624869442,0.043805633795551024
5,6,0.801682624869442,0.08390171739174335
5,6,0.7650132669825194,0.043805633795551024
5,6,0.801682624869442,0.043805633795551024
5,6,0.801682624869442,0.043805633795551024
5,6,0.7650132669825194,0.043805633795551024
5,6,0.7650132669825194,0.003709550199357814
5,6,0.7650132669825194,0.043805633795551024
5,6,0.7283439090955968,0.003709550199357814
5,6,0.7650132669825194,0.003709550199357814
5,6,0.7650132669825194,0.003709550199357814
5,6,0.7283439090955968,0.003709550199357814
5,7,0.7283439090955968,0.9636134666031655
5,6,0.7283439090955968,0.003709550199357814
5,7,0.6916745512086742,0.9636134666031655
5,7,0.7283439090955968,0.9636134666031655
5,7,0.7283439090955968,0.9636134666031655
5,7,0.6916745512086742,0.9636134666031655
5,7,0.6916745512086742,0.9235173830069723
5,6,0.985029414304055,0.28438213537270673
5,6,0.9483600564171324,0.28438213537270673
5,6,0.9483600564171324,0.24428605177651352
5,6,0.9483600564171324,0.28438213537270673
5,6,0.9116906985302098,0.24428605177651352
5,6,0.9483600564171324,0.24428605177651352
5,6,0.9483600564171324,0.24428605177651352
5,6,0.9116906985302098,0.24428605177651352
5,6,0.9116906985302098,0.2041899681803212
5,6,0.9116906985302098,0.24428605177651352
5,6,0.8750213406432872,0.2041899681803212
5,6,0.9116906985302098,0.2041899681803212
5,6,0.9116906985302098,0.2041899681803212
5,6,0.8750213406432872,0.2041899681803212
5,6,0.8750213406432872,0.16409388458412888
5,6,0.8750213406432872,0.2041899681803212
5,6,0.8383519827563646,0.16409388458412888
5,6,0.8750213406432872,0.16409388458412888
5,6,0.8750213406432872,0.16409388458412888
5,6,0.8383519827563646,0.16409388458412888
5,6,0.8383519827563646,0.12399780098793567
5,6,0.8383519827563646,0.16409388458412888
5,6,0.801682624869442,0.12399780098793567
5,6,0.8383519827563646,0.12399780098793567
5,6,0.8383519827563646,0.12399780098793567
5,6,0.801682624869442,0.12399780098793567
5,6,0.801682624869442,0.08390171739174335
5,6,0.801682624869442,0.12399780098793567
5,6,0.7650132669825194,0.08390171739174335
5,6,0.801682624869442,0.08390171739174335
5,6,0.801682624869442,0.08390171739174335
5,6,0.7650132669825194,0.08390171739174335
5,6,0.7650132669825194,0.043805633795551024
5,6,0.7650132669825194,0.08390171739174335
5,6,0.7283439090955968,0.043805633795551024
5,6,0.7650132669825194,0.043805633795551024
5,6,0.7650132669825194,0.043805633795551024
5,6,0.7283439090955968,0.043805633795551024
5,6,0.7283439090955968,0.003709550199357814
5,6,0.7283439090955968,0.043805633795551024
5,6,0.6916745512086742,0.003709550199357814
5,6,0.7283439090955968,0.003709550199357814
5,6,0.7283439090955968,0.003709550199357814
5,6,0.6916745512086742,0.003709550199357814
5,7,0.6916745512086742,0.9636134666031655
5,6,0.9483600564171324,0.28438213537270673
5,6,0.9116906985302098,0.28438213537270673
5,6,0.9116906985302098,0.24428605177651352
5,6,0.9116906985302098,0.28438213537270673
5,6,0.8750213406432872,0.24428605177651352
5,6,0.9116906985302098,0.24428605177651352
5,6,0.9116906985302098,0.24428605177651352
5,6,0.8750213406432872,0.24428605177651352
5,6,0.8750213406432872,0.2041899681803212
5,6,0.8750213406432872,0.24428605177651352
5,6,0.8383519827563646,0.2041899681803212
5,6,0.8750213406432872,0.2041899681803212
5,6,0.8750213406432872,0.2041899681803212
5,6,0.8383519827563646,0.2041899681803212
5,6,0.8383519827563646,0.16409388458412888
5,6,0.8383519827563646,0.2041899681803212
5,6,0.801682624869442,0.16409388458412888
5,6,0.8383519827563646,0.16409388458412888
5,6,0.8383519827563646,0.16409388458412888
5,6,0.801682624869442,0.16409388458412888
5,6,0.801682624869442,0.12399780098793567
5,6,0.801682624869442,0.16409388458412888
5,6,0.7650132669825194,0.12399780098793567
5,6,0.801682624869442,0.12399780098793567
5,6,0.801682624869442,0.12399780098793567
5,6,0.7650132669825194,0.12399780098793567
5,6,0.7650132669825194,0.08390171739174335
5,6,0.7650132669825194,0.12399780098793567
5,6,0.7283439090955968,0.08390171739174335
5,6,0.7650132669825194,0.08390171739174335
5,6,0.7650132669825194,0.08390171739174335
5,6,0.7283439090955968,0.08390171739174335
5,6,0.7283439090955968,0.043805633795551024
5,6,0.7283439090955968,0.08390171739174335
5,6,0.6916745512086742,0.043805633795551024
5,6,0.7283439090955968,0.043805633795551024
5,6,0.7283439090955968,0.043805633795551024
5,6,0.6916745512086742,0.043805633795551024
5,6,0.6916745512086742,0.003709550199357814
5,6,0.9116906985302098,0.28438213537270673
5,6,0.8750213406432872,0.28438213537270673
5,6,0.8750213406432872,0.24428605177651352
5,6,0.8750213406432872,0.28438213537270673
5,6,0.8383519827563646,0.24428605177651352
5,6,0.8750213406432872,0.24428605177651352
5,6,0.8750213406432872,0.24428605177651352
5,6,0.8383519827563646,0.24428605177651352
5,6,0.8383519827563646,0.2041899681803212
5,6,0.8383519827563646,0.24428605177651352
5,6,0.801682624869442,0.2041899681803212
5,6,0.8383519827563646,0.2041899681803212
5,6,0.8383519827563646,0.2041899681803212
5,6,0.801682624869442,0.2041899681803212
5,6,0.801682624869442,0.16409388458412888
5,6,0.801682624869442,0.2041899681803212
5,6,0.7650132669825194,0.16409388458412888
5,6,0.801682624869442,0.16409388458412888
5,6,0.801682624869442,0.16409388458412888
5,6,0.7650132669825194,0.16409388458412888
5,6,0.7650132669825194,0.12399780098793567
5,6,0.7650132669825194,0.16409388458412888
5,6,0.7283439090955968,0.12399780098793567
5,6,0.7650132669825194,0.12399780098793567
5,6,0.7650132669825194,0.12399780098793567
5,6,0.7283439090955968,0.12399780098793567
5,6,0.7283439090955968,0.08390171739174335
5,6,0.7283439090955968,0.12399780098793567
5,6,0.6916745512086742,0.08390171739174335
5,6,0.7283439090955968,0.08390171739174335
5,6,0.7283439090955968,0.08390171739174335
5,6,0.6916745512086742,0.08390171739174335
5,6,0.6916745512086742,0.043805633795551024
5,6,0.8750213406432872,0.28438213537270673
5,6,0.8383519827563646,0.28438213537270673
5,6,0.8383519827563646,0.24428605177651352
5,6,0.8383519827563646,0.28438213537270673
5,6,0.801682624869442,0.24428605177651352
5,6,0.8383519827563646,0.24428605177651352
5,6,0.8383519827563646,0.24428605177651352
5,6,0.801682624869442,0.24428605177651352
5,6,0.801682624869442,0.2041899681803212
5,6,0.801682624869442,0.24428605177651352
5,6,0.7650132669825194,0.2041899681803212
5,6,0.801682624869442,0.2041899681803212
5,6,0.801682624869442,0.2041899681803212
5,6,0.7650132669825194,0.2041899681803212
5,6,0.7650132669825194,0.16409388458412888
5,6,0.7650132669825194,0.2041899681803212
5,6,0.7283439090955968,0.16409388458412888
5,6,0.7650132669825194,0.16409388458412888
5,6,0.7650132669825194,0.16409388458412888
5,6,0.7283439090955968,0.16409388458412888
5,6,0.7283439090955968,0.12399780098793567
5,6,0.7283439090955968,0.16409388458412888
5,6,0.6916745512086742,0.12399780098793567
5,6,0.7283439090955968,0.12399780098793567
5,6,0.7283439090955968,0.12399780098793567
5,6,0.6916745512086742,0.12399780098793567
5,6,0.6916745512086742,0.08390171739174335
5,6,0.8383519827563646,0.28438213537270673
5,6,0.801682624869442,0.28438213537270673
5,6,0.801682624869442,0.24428605177651352
5,6,0.801682624869442,0.28438213537270673
5,6,0.7650132669825194,0.24428605177651352
5,6,0.801682624869442,0.24428605177651352
5,6,0.801682624869442,0.24428605177651352
5,6,0.7650132669825194,0.24428605177651352
5,6,0.7650132669825194,0.2041899681803212
5,6,0.7650132669825194,0.24428605177651352
5,6,0.7283439090955968,0.2041899681803212
5,6,0.7650132669825194,0.2041899681803212
5,6,0.7650132669825194,0.2041899681803212
5,6,0.7283439090955968,0.2041899681803212
5,6,0.7283439090955968,0.16409388458412888
5,6,0.7283439090955968,0.2041899681803212
5,6,0.6916745512086742,0.16409388458412888
5,6,0.7283439090955968,0.16409388458412888
5,6,0.7283439090955968,0.16409388458412888
5,6,0.6916745512086742,0.16409388458412888
5,6,0.6916745512086742,0.12399780098793567
5,6,0.801682624869442,0.28438213537270673
5,6,0.7650132669825194,0.28438213537270673
5,6,0.7650132669825194,0.24428605177651352
5,6,0.7650132669825194,0.28438213537270673
5,6,0.7283439090955968,0.24428605177651352
5,6,0.7650132669825194,0.24428605177651352
5,6,0.7650132669825194,0.24428605177651352
5,6,0.7283439090955968,0.24428605177651352
5,6,0.7283439090955968,0.2041899681803212
5,6,0.7283439090955968,0.24428605177651352
5,6,0.6916745512086742,0.2041899681803212
5,6,0.7283439090955968,0.2041899681803212
5,6,0.7283439090955968,0.2041899681803212
5,6,0.6916745512086742,0.2041899681803212
5,6,0.6916745512086742,0.16409388458412888
5,6,0.7650132669825194,0.28438213537270673
5,6,0.7283439090955968,0.28438213537270673
5,6,0.7283439090955968,0.24428605177651352
5,6,0.7283439090955968,0.28438213537270673
5,6,0.6916745512086742,0.24428605177651352
5,6,0.7283439090955968,0.24428605177651352
5,6,0.7283439090955968,0.24428605177651352
5,6,0.6916745512086742,0.24428605177651352
5,6,0.6916745512086742,0.2041899681803212
5,6,0.7283439090955968,0.28438213537270673
5,6,0.6916745512086742,0.28438213537270673
5,6,0.6916745512086742,0.24428605177651352
5,7,0.6916745512086742,0.88342129941078
5,7,0.7283439090955968,0.88342129941078
5,7,0.7283439090955968,0.9235173830069723
5,7,0.7283439090955968,0.88342129941078
5,7,0.7650132669825194,0.9235173830069723
5,7,0.7283439090955968,0.9235173830069723
5,7,0.7283439090955968,0.9235173830069723
5,7,0.7650132669825194,0.9235173830069723
5,7,0.7650132669825194,0.9636134666031655
5,7,0.7650132669825194,0.9235173830069723
5,7,0.801682624869442,0.9636134666031655
5,7,0.7650132669825194,0.9636134666031655
5,7,0.7650132669825194,0.9636134666031655
5,7,0.801682624869442,0.9636134666031655
5,6,0.801682624869442,0.003709550199357814
5,7,0.801682624869442,0.9636134666031655
5,6,0.8383519827563646,0.003709550199357814
5,6,0.801682624869442,0.003709550199357814
5,6,0.801682624869442,0.003709550199357814
5,6,0.8383519827563646,0.003709550199357814
5,6,0.8383519827563646,0.043805633795551024
5,6,0.8383519827563646,0.003709550199357814
5,6,0.8750213406432872,0.043805633795551024
5,6,0.8383519827563646,0.043805633795551024
5,6,0.8383519827563646,0.043805633795551024
5,6,0.8750213406432872,0.043805633795551024
5,6,0.8750213406432872,0.08390171739174335
5,6,0.8750213406432872,0.043805633795551024
5,6,0.9116906985302098,0.08390171739174335
5,6,0.8750213406432872,0.08390171739174335
5,6,0.8750213406432872,0.08390171739174335
5,6,0.9116906985302098,0.08390171739174335
5,6,0.9116906985302098,0.12399780098793567
5,6,0.9116906985302098,0.08390171739174335
5,6,0.9483600564171324,0.12399780098793567
5,6,0.9116906985302098,0.12399780098793567
5,6,0.9116906985302098,0.12399780098793567
5,6,0.9483600564171324,0.12399780098793567
5,6,0.9483600564171324,0.16409388458412888
5,6,0.9483600564171324,0.12399780098793567
5,6,0.985029414304055,0.16409388458412888
5,6,0.9483600564171324,0.16409388458412888
5,6,0.9483600564171324,0.16409388458412888
5,6,0.985029414304055,0.16409388458412888
5,6,0.985029414304055,0.2041899681803212
5,6,0.985029414304055,0.16409388458412888
6,6,0.02169877219097671,0.2041899681803212
5,6,0.985029414304055,0.2041899681803212
5,6,0.985029414304055,0.2041899681803212
6,6,0.02169877219097671,0.2041899681803212
6,6,0.02169877219097671,0.24428605177651352
6,6,0.02169877219097671,0.2041899681803212
6,6,0.058368130077899316,0.24428605177651352
6,6,0.02169877219097671,0.24428605177651352
6,6,0.02169877219097671,0.24428605177651352
6,6,0.058368130077899316,0.24428605177651352
6,6,0.058368130077899316,0.28438213537270673
5,7,0.7283439090955968,0.88342129941078
5,7,0.7650132669825194,0.88342129941078
5,7,0.7650132669825194,0.9235173830069723
5,7,0.7650132669825194,0.88342129941078
5,7,0.801682624869442,0.9235173830069723
5,7,0.7650132669825194,0.9235173830069723
5,7,0.7650132669825194,0.9235173830069723
5,7,0.801682624869442,0.9235173830069723
5,7,0.801682624869442,0.9636134666031655
5,7,0.801682624869442,0.9235173830069723
5,7,0.8383519827563646,0.9636134666031655
5,7,0.801682624869442,0.9636134666031655
5,7,0.801682624869442,0.9636134666031655
5,7,0.8383519827563646,0.9636134666031655
5,6,0.8383519827563646,0.003709550199357814
5,7,0.8383519827563646,0.9636134666031655
5,6,0.8750213406432872,0.003709550199357814
5,6,0.8383519827563646,0.003709550199357814
5,6,0.8383519827563646,0.003709550199357814
5,6,0.8750213406432872,0.003709550199357814
5,6,0.8750213406432872,0.043805633795551024
5,6,0.8750213406432872,0.003709550199357814
5,6,0.9116906985302098,0.043805633795551024
5,6,0.8750213406432872,0.043805633795551024
5,6,0.8750213406432872,0.043805633795551024
5,6,0.9116906985302098,0.043805633795551024
5,6,0.9116906985302098,0.08390171739174335
5,6,0.9116906985302098,0.043805633795551024
5,6,0.9483600564171324,0.08390171739174335
5,6,0.9116906985302098,0.08390171739174335
5,6,0.9116906985302098,0.08390171739174335
5,6,0.9483600564171324,0.08390171739174335
5,6,0.9483600564171324,0.12399780098793567
5,6,0.9483600564171324,0.08390171739174335
5,6,0.985029414304055,0.12399780098793567
5,6,0.9483600564171324,0.12399780098793567
5,6,0.9483600564171324,0.12399780098793567
5,6,0.985029414304055,0.12399780098793567
5,6,0.985029414304055,0.16409388458412888
5,6,0.985029414304055,0.12399780098793567
6,6,0.02169877219097671,0.16409388458412888
5,6,0.985029414304055,0.16409388458412888
5,6,0.985029414304055,0.16409388458412888
6,6,0.02169877219097671,0.16409388458412888
6,6,0.02169877219097671,0.2041899681803212
6,6,0.02169877219097671,0.16409388458412888
6,6,0.058368130077899316,0.2041899681803212
6,6,0.02169877219097671,0.2041899681803212
6,6,0.02169877219097671,0.2041899681803212
6,6,0.058368130077899316,0.2041899681803212
6,6,0.058368130077899316,0.24428605177651352
5,7,0.7650132669825194,0.88342129941078
5,7,0.801682624869442,0.88342129941078
5,7,0.801682624869442,0.9235173830069723
5,7,0.801682624869442,0.88342129941078
5,7,0.8383519827563646,0.9235173830069723
5,7,0.801682624869442,0.9235173830069723
5,7,0.801682624869442,0.9235173830069723
5,7,0.8383519827563646,0.9235173830069723
5,7,0.8383519827563646,0.9636134666031655
5,7,0.8383519827563646,0.9235173830069723
5,7,0.8750213406432872,0.9636134666031655
5,7,0.8383519827563646,0.9636134666031655
5,7,0.8383519827563646,0.9636134666031655
5,7,0.8750213406432872,0.9636134666031655
5,6,0.8750213406432872,0.003709550199357814
5,7,0.8750213406432872,0.9636134666031655
5,6,0.9116906985302098,0.003709550199357814
5,6,0.8750213406432872,0.003709550199357814
5,6,0.8750213406432872,0.003709550199357814
5,6,0.9116906985302098,0.003709550199357814
5,6,0.9116906985302098,0.043805633795551024
5,6,0.9116906985302098,0.003709550199357814
5,6,0.9483600564171324,0.043805633795551024
5,6,0.9116906985302098,0.043805633795551024
5,6,0.9116906985302098,0.043805633795551024
5,6,0.9483600564171324,0.043805633795551024
5,6,0.9483600564171324,0.08390171739174335
5,6,0.9483600564171324,0.043805633795551024
5,6,0.985029414304055,0.08390171739174335
5,6,0.9483600564171324,0.08390171739174335
5,6,0.9483600564171324,0.08390171739174335
5,6,0.985029414304055,0.08390171739174335
5,6,0.985029414304055,0.12399780098793567
5,6,0.985029414304055,0.08390171739174335
6,6,0.02169877219097671,0.12399780098793567
5,6,0.985029414304055,0.12399780098793567
5,6,0.985029414304055,0.12399780098793567
6,6,0.02169877219097671,0.12399780098793567
6,6,0.02169877219097671,0.16409388458412888
6,6,0.02169877219097671,0.12399780098793567
6,6,0.058368130077899316,0.16409388458412888
6,6,0.02169877219097671,0.16409388458412888
6,6,0.02169877219097671,0.16409388458412888
6,6,0.058368130077899316,0.16409388458412888
6,6,0.058368130077899316,0.2041899681803212
5,7,0.801682624869442,0.88342129941078
5,7,0.8383519827563646,0.88342129941078
5,7,0.8383519827563646,0.9235173830069723
5,7,0.8383519827563646,0.88342129941078
5,7,0.8750213406432872,0.9235173830069723
5,7,0.8383519827563646,0.9235173830069723
5,7,0.8383519827563646,0.9235173830069723
5,7,0.8750213406432872,0.9235173830069723
5,7,0.8750213406432872,0.9636134666031655
5,7,0.8750213406432872,0.9235173830069723
5,7,0.9116906985302098,0.9636134666031655
5,7,0.8750213406432872,0.9636134666031655
5,7,0.8750213406432872,0.9636134666031655
5,7,0.9116906985302098,0.9636134666031655
5,6,0.9116906985302098,0.003709550199357814
5,7,0.9116906985302098,0.9636134666031655
5,6,0.9483600564171324,0.003709550199357814
5,6,0.9116906985302098,0.003709550199357814
5,6,0.9116906985302098,0.003709550199357814
5,6,0.9483600564171324,0.003709550199357814
5,6,0.9483600564171324,0.043805633795551024
5,6,0.9483600564171324,0.003709550199357814
5,6,0.985029414304055,0.043805633795551024
5,6,0.9483600564171324,0.043805633795551024
5,6,0.9483600564171324,0.043805633795551024
5,6,0.985029414304055,0.043805633795551024
5,6,0.985029414304055,0.08390171739174335
5,6,0.985029414304055,0.043805633795551024
6,6,0.02169877219097671,0.08390171739174335
5,6,0.985029414304055,0.08390171739174335
5,6,0.985029414304055,0.08390171739174335
6,6,0.02169877219097671,0.08390171739174335
6,6,0.02169877219097671,0.12399780098793567
6,6,0.02169877219097671,0.08390171739174335
6,6,0.058368130077899316,0.12399780098793567
6,6,0.02169877219097671,0.12399780098793567
6,6,0.02169877219097671,0.12399780098793567
6,6,0.058368130077899316,0.12399780098793567
6,6,0.058368130077899316,0.16409388458412888
5,7,0.8383519827563646,0.88342129941078
5,7,0.8750213406432872,0.88342129941078
5,7,0.8750213406432872,0.9235173830069723
5,7,0.8750213406432872,0.88342129941078
5,7,0.9116906985302098,0.9235173830069723
5,7,0.8750213406432872,0.9235173830069723
5,7,0.8750213406432872,0.9235173830069723
5,7,0.9116906985302098,0.9235173830069723
5,7,0.9116906985302098,0.9636134666031655
5,7,0.9116906985302098,0.9235173830069723
5,7,0.9483600564171324,0.9636134666031655
5,7,0.9116906985302098,0.9636134666031655
5,7,0.9116906985302098,0.9636134666031655
5,7,0.9483600564171324,0.9636134666031655
5,6,0.9483600564171324,0.003709550199357814
5,7,0.9483600564171324,0.9636134666031655
5,6,0.985029414304055,0.003709550199357814
5,6,0.9483600564171324,0.003709550199357814
5,6,0.9483600564171324,0.003709550199357814
5,6,0.985029414304055,0.003709550199357814
5,6,0.985029414304055,0.043805633795551024
5,6,0.985029414304055,0.003709550199357814
6,6,0.02169877219097671,0.043805633795551024
5,6,0.985029414304055,0.043805633795551024
5,6,0.985029414304055,0.043805633795551024
6,6,0.02169877219097671,0.043805633795551024
6,6,0.02169877219097671,0.08390171739174335
6,6,0.02169877219097671,0.043805633795551024
6,6,0.058368130077899316,0.08390171739174335
6,6,0.02169877219097671,0.08390171739174335
6,6,0.02169877219097671,0.08390171739174335
6,6,0.058368130077899316,0.08390171739174335
6,6,0.058368130077899316,0.12399780098793567
5,7,0.8750213406432872,0.88342129941078
5,7,0.9116906985302098,0.88342129941078
5,7,0.9116906985302098,0.9235173830069723
5,7,0.9116906985302098,0.88342129941078
5,7,0.9483600564171324,0.9235173830069723
5,7,0.9116906985302098,0.9235173830069723
5,7,0.9116906985302098,0.9235173830069723
5,7,0.9483600564171324,0.9235173830069723
5,7,0.9483600564171324,0.9636134666031655
5,7,0.9483600564171324,0.9235173830069723
5,7,0.985029414304055,0.9636134666031655
5,7,0.9483600564171324,0.9636134666031655
5,7,0.9483600564171324,0.9636134666031655
5,7,0.985029414304055,0.9636134666031655
5,6,0.985029414304055,0.003709550199357814
5,7,0.985029414304055,0.9636134666031655
6,6,0.02169877219097671,0.003709550199357814
5,6,0.985029414304055,0.003709550199357814
5,6,0.985029414304055,0.003709550199357814
6,6,0.02169877219097671,0.003709550199357814
6,6,0.02169877219097671,0.043805633795551024
6,6,0.02169877219097671,0.003709550199357814
6,6,0.058368130077899316,0.043805633795551024
6,6,0.02169877219097671,0.043805633795551024
6,6,0.02169877219097671,0.043805633795551024
6,6,0.058368130077899316,0.043805633795551024
6,6,0.058368130077899316,0.08390171739174335
5,7,0.9116906985302098,0.88342129941078
5,7,0.9483600564171324,0.88342129941078
5,7,0.9483600564171324,0.9235173830069723
5,7,0.9483600564171324,0.88342129941078
5,7,0.985029414304055,0.9235173830069723
5,7,0.9483600564171324,0.9235173830069723
5,7,0.9483600564171324,0.9235173830069723
5,7,0.985029414304055,0.9235173830069723
5,7,0.985029414304055,0.9636134666031655
5,7,0.985029414304055,0.9235173830069723
6,7,0.02169877219097671,0.9636134666031655
5,7,0.985029414304055,0.9636134666031655
5,7,0.985029414304055,0.9636134666031655
6,7,0.02169877219097671,0.9636134666031655
6,6,0.02169877219097671,0.003709550199357814
6,7,0.02169877219097671,0.9636134666031655
6,6,0.058368130077899316,0.003709550199357814
6,6,0.02169877219097671,0.003709550199357814
6,6,0.02169877219097671,0.003709550199357814
6,6,0.058368130077899316,0.003709550199357814
6,6,0.058368130077899316,0.043805633795551024
5,7,0.9483600564171324,0.88342129941078
5,7,0.985029414304055,0.88342129941078
5,7,0.985029414304055,0.9235173830069723
5,7,0.985029414304055,0.88342129941078
6,7,0.02169877219097671,0.9235173830069723
5,7,0.985029414304055,0.9235173830069723
5,7,0.985029414304055,0.9235173830069723
6,7,0.02169877219097671,0.9235173830069723
6,7,0.02169877219097671,0.9636134666031655
6,7,0.02169877219097671,0.9235173830069723
6,7,0.058368130077899316,0.9636134666031655
6,7,0.02169877219097671,0.9636134666031655
6,7,0.02169877219097671,0.9636134666031655
6,7,0.058368130077899316,0.9636134666031655
6,6,0.058368130077899316,0.003709550199357814
5,7,0.985029414304055,0.88342129941078
6,7,0.02169877219097671,0.88342129941078
6,7,0.02169877219097671,0.9235173830069723
6,7,0.02169877219097671,0.88342129941078
6,7,0.058368130077899316,0.9235173830069723
6,7,0.02169877219097671,0.9235173830069723
6,7,0.02169877219097671,0.9235173830069723
6,7,0.058368130077899316,0.9235173830069723
6,7,0.058368130077899316,0.9636134666031655
6,7,0.02169877219097671,0.88342129941078
6,7,0.058368130077899316,0.88342129941078
6,7,0.058368130077899316,0.9235173830069723
6,6,0.5,0.29000000000000004
6,6,0.39748099593682973,0.22737167216589071
6,6,0.39748099593682973,0.35262832783410936
6,6,0.6025190040631703,0.22737167216589071
6,6,0.6025190040631703,0.35262832783410936
6,6,0.3241402890194456,0.15993708875396528
6,6,0.3678930698246381,0.15993708875396528
6,6,0.3678930698246381,0.1928703756218768
6,6,0.3678930698246381,0.15993708875396528
6,6,0.4116458506298297,0.1928703756218768
6,6,0.3678930698246381,0.1928703756218768
6,6,0.3678930698246381,0.1928703756218768
6,6,0.4116458506298297,0.1928703756218768
6,6,0.4116458506298297,0.22580366248978834
6,6,0.4116458506298297,0.1928703756218768
6,6,0.45539863143502135,0.22580366248978834
6,6,0.4116458506298297,0.22580366248978834
6,6,0.4116458506298297,0.22580366248978834
6,6,0.45539863143502135,0.22580366248978834
6,6,0.45539863143502135,0.25873694935769986
6,6,0.45539863143502135,0.22580366248978834
6,6,0.499151412240213,0.25873694935769986
6,6,0.45539863143502135,0.25873694935769986
6,6,0.45539863143502135,0.25873694935769986
6,6,0.499151412240213,0.25873694935769986
6,6,0.499151412240213,0.2916702362256123
6,6,0.499151412240213,0.25873694935769986
6,6,0.5429041930454055,0.2916702362256123
6,6,0.499151412240213,0.2916702362256123
6,6,0.499151412240213,0.2916702362256123
6,6,0.5429041930454055,0.2916702362256123
6,6,0.5429041930454055,0.3246035230935238
6,6,0.5429041930454055,0.2916702362256123
6,6,0.5866569738505971,0.3246035230935238
6,6,0.5429041930454055,0.3246035230935238
6,6,0.5429041930454055,0.3246035230935238
6,6,0.5866569738505971,0.3246035230935238
6,6,0.5866569738505971,0.35753680996143533
6,6,0.5866569738505971,0.3246035230935238
6,6,0.6304097546557887,0.35753680996143533
6,6,0.5866569738505971,0.35753680996143533
6,6,0.5866569738505971,0.35753680996143533
6,6,0.6304097546557887,0.35753680996143533
6,6,0.6304097546557887,0.39047009682934686
6,6,0.6304097546557887,0.35753680996143533
6,6,0.6741625354609813,0.39047009682934686
6,6,0.6304097546557887,0.39047009682934686
6,6,0.6304097546557887,0.39047009682934686
6,6,0.6741625354609813,0.39047009682934686
6,6,0.6741625354609813,0.4234033836972584
6,6,0.3678930698246381,0.15993708875396528
6,6,0.4116458506298297,0.15993708875396528
6,6,0.4116458506298297,0.1928703756218768
6,6,0.4116458506298297,0.15993708875396528
6,6,0.45539863143502135,0.1928703756218768
6,6,0.4116458506298297,0.1928703756218768
6,6,0.4116458506298297,0.1928703756218768
6,6,0.45539863143502135,0.1928703756218768
6,6,0.45539863143502135,0.22580366248978834
6,6,0.45539863143502135,0.1928703756218768
6,6,0.499151412240213,0.22580366248978834
6,6,0.45539863143502135,0.22580366248978834
6,6,0.45539863143502135,0.22580366248978834
6,6,0.499151412240213,0.22580366248978834
6,6,0.499151412240213,0.25873694935769986
6,6,0.499151412240213,0.22580366248978834
6,6,0.5429041930454055,0.25873694935769986
6,6,0.499151412240213,0.25873694935769986
6,6,0.499151412240213,0.25873694935769986
6,6,0.5429041930454055,0.25873694935769986
6,6,0.5429041930454055,0.2916702362256123
6,6,0.5429041930454055,0.25873694935769986
6,6,0.5866569738505971,0.2916702362256123
6,6,0.5429041930454055,0.2916702362256123
6,6,0.5429041930454055,0.2916702362256123
6,6,0.5866569738505971,0.2916702362256123
6,6,0.5866569738505971,0.3246035230935238
6,6,0.5866569738505971,0.2916702362256123
6,6,0.6304097546557887,0.3246035230935238
6,6,0.5866569738505971,0.3246035230935238
6,6,0.5866569738505971,0.3246035230935238
6,6,0.6304097546557887,0.3246035230935238
6,6,0.6304097546557887,0.35753680996143533
6,6,0.6304097546557887,0.3246035230935238
6,6,0.6741625354609813,0.35753680996143533
6,6,0.6304097546557887,0.35753680996143533
6,6,0.6304097546557887,0.35753680996143533
6,6,0.6741625354609813,0.35753680996143533
6,6,0.6741625354609813,0.39047009682934686
6,6,0.4116458506298297,0.15993708875396528
6,6,0.45539863143502135,0.15993708875396528
6,6,0.45539863143502135,0.1928703756218768
6,6,0.45539863143502135,0.15993708875396528
6,6,0.499151412240213,0.1928703756218768
6,6,0.45539863143502135,0.1928703756218768
6,6,0.45539863143502135,0.1928703756218768
6,6,0.499151412240213,0.1928703756218768
6,6,0.499151412240213,0.22580366248978834
6,6,0.499151412240213,0.1928703756218768
6,6,0.5429041930454055,0.22580366248978834
6,6,0.499151412240213,0.22580366248978834
6,6,0.499151412240213,0.22580366248978834
6,6,0.5429041930454055,0.22580366248978834
6,6,0.5429041930454055,0.25873694935769986
6,6,0.5429041930454055,0.22580366248978834
6,6,0.5866569738505971,0.25873694935769986
6,6,0.5429041930454055,0.25873694935769986
6,6,0.5429041930454055,0.25873694935769986
6,6,0.5866569738505971,0.25873694935769986
6,6,0.5866569738505971,0.2916702362256123
6,6,0.5866569738505971,0.25873694935769986
6,6,0.6304097546557887,0.2916702362256123
6,6,0.5866569738505971,0.2916702362256123
6,6,0.5866569738505971,0.2916702362256123
6,6,0.6304097546557887,0.2916702362256123
6,6,0.6304097546557887,0.3246035230935238
6,6,0.6304097546557887,0.2916702362256123
6,6,0.6741625354609813,0.3246035230935238
6,6,0.6304097546557887,0.3246035230935238
6,6,0.6304097546557887,0.3246035230935238
6,6,0.6741625354609813,0.3246035230935238
6,6,0.6741625354609813,0.35753680996143533
6,6,0.45539863143502135,0.15993708875396528
6,6,0.499151412240213,0.15993708875396528
6,6,0.499151412240213,0.1928703756218768
6,6,0.499151412240213,0.15993708875396528
6,6,0.5429041930454055,0.1928703756218768
6,6,0.499151412240213,0.1928703756218768
6,6,0.499151412240213,0.1928703756218768
6,6,0.5429041930454055,0.1928703756218768
6,6,0.5429041930454055,0.22580366248978834
6,6,0.5429041930454055,0.1928703756218768
6,6,0.5866569738505971,0.22580366248978834
6,6,0.5429041930454055,0.22580366248978834
6,6,0.5429041930454055,0.22580366248978834
6,6,0.5866569738505971,0.22580366248978834
6,6,0.5866569738505971,0.25873694935769986
6,6,0.5866569738505971,0.22580366248978834
6,6,0.6304097546557887,0.25873694935769986
6,6,0.5866569738505971,0.25873694935769986
6,6,0.5866569738505971,0.25873694935769986
6,6,0.6304097546557887,0.25873694935769986
6,6,0.6304097546557887,0.2916702362256123
6,6,0.6304097546557887,0.25873694935769986
6,6,0.6741625354609813,0.2916702362256123
6,6,0.6304097546557887,0.2916702362256123
6,6,0.6304097546557887,0.2916702362256123
6,6,0.6741625354609813,0.2916702362256123
6,6,0.6741625354609813,0.3246035230935238
6,6,0.499151412240213,0.15993708875396528
6,6,0.5429041930454055,0.15993708875396528
6,6,0.5429041930454055,0.1928703756218768
6,6,0.5429041930454055,0.15993708875396528
6,6,0.5866569738505971,0.1928703756218768
6,6,0.5429041930454055,0.1928703756218768
6,6,0.5429041930454055,0.1928703756218768
6,6,0.5866569738505971,0.1928703756218768
6,6,0.5866569738505971,0.22580366248978834
6,6,0.5866569738505971,0.1928703756218768
6,6,0.6304097546557887,0.22580366248978834
6,6,0.5866569738505971,0.22580366248978834
6,6,0.5866569738505971,0.22580366248978834
6,6,0.6304097546557887,0.22580366248978834
6,6,0.6304097546557887,0.25873694935769986
6,6,0.6304097546557887,0.22580366248978834
6,6,0.6741625354609813,0.25873694935769986
6,6,0.6304097546557887,0.25873694935769986
6,6,0.6304097546557887,0.25873694935769986
6,6,0.6741625354609813,0.25873694935769986
6,6,0.6741625354609813,0.2916702362256123
6,6,0.5429041930454055,0.15993708875396528
6,6,0.5866569738505971,0.15993708875396528
6,6,0.5866569738505971,0.1928703756218768
6,6,0.5866569738505971,0.15993708875396528
6,6,0.6304097546557887,0.1928703756218768
6,6,0.5866569738505971,0.1928703756218768
6,6,0.5866569738505971,0.1928703756218768
6,6,0.6304097546557887,0.1928703756218768
6,6,0.6304097546557887,0.22580366248978834
6,6,0.6304097546557887,0.1928703756218768
6,6,0.6741625354609813,0.22580366248978834
6,6,0.6304097546557887,0.22580366248978834
6,6,0.6304097546557887,0.22580366248978834
6,6,0.6741625354609813,0.22580366248978834
6,6,0.6741625354609813,0.25873694935769986
6,6,0.5866569738505971,0.15993708875396528
6,6,0.6304097546557887,0.15993708875396528
6,6,0.6304097546557887,0.1928703756218768
6,6,0.6304097546557887,0.15993708875396528
6,6,0.6741625354609813,0.1928703756218768
6,6,0.6304097546557887,0.1928703756218768
6,6,0.6304097546557887,0.1928703756218768
6,6,0.6741625354609813,0.1928703756218768
6,6,0.6741625354609813,0.22580366248978834
6,6,0.6304097546557887,0.15993708875396528
6,6,0.6741625354609813,0.15993708875396528
6,6,0.6741625354609813,0.1928703756218768
6,6,0.6741625354609813,0.4234033836972584
6,6,0.6304097546557887,0.4234033836972584
6,6,0.6304097546557887,0.39047009682934686
6,6,0.6304097546557887,0.4234033836972584
6,6,0.5866569738505971,0.39047009682934686
6,6,0.6304097546557887,0.39047009682934686
6,6,0.6304097546557887,0.39047009682934686
6,6,0.5866569738505971,0.39047009682934686
6,6,0.5866569738505971,0.35753680996143533
6,6,0.5866569738505971,0.39047009682934686
6,6,0.5429041930454055,0.35753680996143533
6,6,0.5866569738505971,0.35753680996143533
6,6,0.5866569738505971,0.35753680996143533
6,6,0.5429041930454055,0.35753680996143533
6,6,0.5429041930454055,0.3246035230935238
6,6,0.5429041930454055,0.35753680996143533
6,6,0.499151412240213,0.3246035230935238
6,6,0.5429041930454055,0.3246035230935238
6,6,0.5429041930454055,0.3246035230935238
6,6,0.499151412240213,0.3246035230935238
6,6,0.499151412240213,0.2916702362256123
6,6,0.499151412240213,0.3246035230935238
6,6,0.45539863143502135,0.2916702362256123
6,6,0.499151412240213,0.2916702362256123
6,6,0.499151412240213,0.2916702362256123
6,6,0.45539863143502135,0.2916702362256123
6,6,0.45539863143502135,0.25873694935769986
6,6,0.45539863143502135,0.2916702362256123
6,6,0.4116458506298297,0.25873694935769986
6,6,0.45539863143502135,0.25873694935769986
6,6,0.45539863143502135,0.25873694935769986
6,6,0.4116458506298297,0.25873694935769986
6,6,0.4116458506298297,0.22580366248978834
6,6,0.4116458506298297,0.25873694935769986
6,6,0.3678930698246381,0.22580366248978834
6,6,0.4116458506298297,0.22580366248978834
6,6,0.4116458506298297,0.22580366248978834
6,6,0.3678930698246381,0.22580366248978834
6,6,0.3678930698246381,0.1928703756218768
6,6,0.3678930698246381,0.22580366248978834
6,6,0.3241402890194456,0.1928703756218768
6,6,0.3678930698246381,0.1928703756218768
6,6,0.3678930698246381,0.1928703756218768
6,6,0.3241402890194456,0.1928703756218768
6,6,0.3241402890194456,0.15993708875396528
6,6,0.6304097546557887,0.4234033836972584
6,6,0.5866569738505971,0.4234033836972584
6,6,0.5866569738505971,0.39047009682934686
6,6,0.5866569738505971,0.4234033836972584
6,6,0.5429041930454055,0.39047009682934686
6,6,0.5866569738505971,0.39047009682934686
6,6,0.5866569738505971,0.39047009682934686
6,6,0.5429041930454055,0.39047009682934686
6,6,0.5429041930454055,0.35753680996143533
6,6,0.5429041930454055,0.39047009682934686
6,6,0.499151412240213,0.35753680996143533
6,6,0.5429041930454055,0.35753680996143533
6,6,0.5429041930454055,0.35753680996143533
6,6,0.499151412240213,0.35753680996143533
6,6,0.499151412240213,0.3246035230935238
6,6,0.499151412240213,0.35753680996143533
6,6,0.45539863143502135,0.3246035230935238
6,6,0.499151412240213,0.3246035230935238
6,6,0.499151412240213,0.3246035230935238
6,6,0.45539863143502135,0.3246035230935238
6,6,0.45539863143502135,0.2916702362256123
6,6,0.45539863143502135,0.3246035230935238
6,6,0.4116458506298297,0.2916702362256123
6,6,0.45539863143502135,0.2916702362256123
6,6,0.45539863143502135,0.2916702362256123
6,6,0.4116458506298297,0.2916702362256123
6,6,0.4116458506298297,0.25873694935769986
6,6,0.4116458506298297,0.2916702362256123
6,6,0.3678930698246381,0.25873694935769986
6,6,0.4116458506298297,0.25873694935769986
6,6,0.4116458506298297,0.25873694935769986
6,6,0.3678930698246381,0.25873694935769986
6,6,0.3678930698246381,0.22580366248978834
6,6,0.3678930698246381,0.25873694935769986
6,6,0.3241402890194456,0.22580366248978834
6,6,0.3678930698246381,0.22580366248978834
6,6,0.3678930698246381,0.22580366248978834
6,6,0.3241402890194456,0.22580366248978834
6,6,0.3241402890194456,0.1928703756218768
6,6,0.5866569738505971,0.4234033836972584
6,6,0.5429041930454055,0.4234033836972584
6,6,0.5429041930454055,0.39047009682934686
6,6,0.5429041930454055,0.4234033836972584
6,6,0.499151412240213,0.39047009682934686
6,6,0.5429041930454055,0.39047009682934686
6,6,0.5429041930454055,0.39047009682934686
6,6,0.499151412240213,0.39047009682934686
6,6,0.499151412240213,0.35753680996143533
6,6,0.499151412240213,0.39047009682934686
6,6,0.45539863143502135,0.35753680996143533
6,6,0.499151412240213,0.35753680996143533
6,6,0.499151412240213,0.35753680996143533
6,6,0.45539863143502135,0.35753680996143533
6,6,0.45539863143502135,0.3246035230935238
6,6,0.45539863143502135,0.35753680996143533
6,6,0.4116458506298297,0.3246035230935238
6,6,0.45539863143502135,0.3246035230935238
6,6,0.45539863143502135,0.3246035230935238
6,6,0.4116458506298297,0.3246035230935238
6,6,0.4116458506298297,0.2916702362256123
6,6,0.4116458506298297,0.3246035230935238
6,6,0.3678930698246381,0.2916702362256123
6,6,0.4116458506298297,0.2916702362256123
6,6,0.4116458506298297,0.2916702362256123
6,6,0.3678930698246381,0.2916702362256123
6,6,0.3678930698246381,0.25873694935769986
6,6,0.3678930698246381,0.2916702362256123
6,6,0.3241402890194456,0.25873694935769986
6,6,0.3678930698246381,0.25873694935769986
6,6,0.3678930698246381,0.25873694935769986
6,6,0.3241402890194456,0.25873694935769986
6,6,0.3241402890194456,0.22580366248978834
6,6,0.5429041930454055,0.4234033836972584
6,6,0.499151412240213,0.4234033836972584
6,6,0.499151412240213,0.39047009682934686
6,6,0.499151412240213,0.4234033836972584
6,6,0.45539863143502135,0.39047009682934686
6,6,0.499151412240213,0.39047009682934686
6,6,0.499151412240213,0.39047009682934686
6,6,0.45539863143502135,0.39047009682934686
6,6,0.45539863143502135,0.35753680996143533
6,6,0.45539863143502135,0.39047009682934686
6,6,0.4116458506298297,0.35753680996143533
6,6,0.45539863143502135,0.35753680996143533
6,6,0.45539863143502135,0.35753680996143533
6,6,0.4116458506298297,0.35753680996143533
6,6,0.4116458506298297,0.3246035230935238
6,6,0.4116458506298297,0.35753680996143533
6,6,0.3678930698246381,0.3246035230935238
6,6,0.4116458506298297,0.3246035230935238
6,6,0.4116458506298297,0.3246035230935238
6,6,0.3678930698246381,0.3246035230935238
6,6,0.3678930698246381,0.2916702362256123
6,6,0.3678930698246381,0.3246035230935238
6,6,0.3241402890194456,0.2916702362256123
6,6,0.3678930698246381,0.2916702362256123
6,6,0.3678930698246381,0.2916702362256123
6,6,0.3241402890194456,0.2916702362256123
6,6,0.3241402890194456,0.25873694935769986
6,6,0.499151412240213,0.4234033836972584
6,6,0.45539863143502135,0.4234033836972584
6,6,0.45539863143502135,0.39047009682934686
6,6,0.45539863143502135,0.4234033836972584
6,6,0.4116458506298297,0.39047009682934686
6,6,0.45539863143502135,0.39047009682934686
6,6,0.45539863143502135,0.39047009682934686
6,6,0.4116458506298297,0.39047009682934686
6,6,0.4116458506298297,0.35753680996143533
6,6,0.4116458506298297,0.39047009682934686
6,6,0.3678930698246381,0.35753680996143533
6,6,0.4116458506298297,0.35753680996143533
6,6,0.4116458506298297,0.35753680996143533
6,6,0.3678930698246381,0.35753680996143533
6,6,0.3678930698246381,0.3246035230935238
6,6,0.3678930698246381,0.35753680996143533
6,6,0.3241402890194456,0.3246035230935238
6,6,0.3678930698246381,0.3246035230935238
6,6,0.3678930698246381,0.3246035230935238
6,6,0.3241402890194456,0.3246035230935238
6,6,0.3241402890194456,0.2916702362256123
6,6,0.45539863143502135,0.4234033836972584
6,6,0.4116458506298297,0.4234033836972584
6,6,0.4116458506298297,0.39047009682934686
6,6,0.4116458506298297,0.4234033836972584
6,6,0.3678930698246372,0.39047009682934686
6,6,0.4116458506298297,0.39047009682934686
6,6,0.4116458506298297,0.39047009682934686
6,6,0.3678930698246372,0.39047009682934686
6,6,0.3678930698246381,0.35753680996143533
6,6,0.3678930698246372,0.39047009682934686
6,6,0.3241402890194456,0.35753680996143533
6,6,0.3678930698246381,0.35753680996143533
6,6,0.3678930698246381,0.35753680996143533
6,6,0.3241402890194456,0.35753680996143533
6,6,0.3241402890194456,0.3246035230935238
6,6,0.4116458506298297,0.4234033836972584
6,6,0.3678930698246381,0.4234033836972584
6,6,0.3678930698246372,0.39047009682934686
6,6,0.3678930698246381,0.4234033836972584
6,6,0.3241402890194456,0.39047009682934686
6,6,0.3678930698246372,0.39047009682934686
6,6,0.3678930698246372,0.39047009682934686
6,6,0.3241402890194456,0.39047009682934686
6,6,0.3241402890194456,0.35753680996143533
6,6,0.3678930698246381,0.4234033836972584
6,6,0.3241402890194456,0.4234033836972584
6,6,0.3241402890194456,0.39047009682934686
6,6,0.21999999999999975,0.21999999999999975
6,6,0.10574173678833976,0.06625000000000014
6,6,0.10574173678833976,0.37374999999999936
6,6,0.33425826321165975,0.06625000000000014
6,6,0.33425826321165975,0.37374999999999936
6,6,0.39410282376726613,0.36613670089441364
6,6,0.350996952390636,0.36613670089441364
6,6,0.350996952390636,0.3278289388342044
6,6,0.350996952390636,0.36613670089441364
6,6,0.30789108101400675,0.3278289388342044
6,6,0.350996952390636,0.3278289388342044
6,6,0.350996952390636,0.3278289388342044
6,6,0.30789108101400675,0.3278289388342044
6,6,0.30789108101400675,0.289521176773996
6,6,0.30789108101400675,0.3278289388342044
6,6,0.2647852096373766,0.289521176773996
6,6,0.30789108101400675,0.289521176773996
6,6,0.30789108101400675,0.289521176773996
6,6,0.2647852096373766,0.289521176773996
6,6,0.2647852096373766,0.2512134147137868
6,6,0.2647852096373766,0.289521176773996
6,6,0.22167933826074737,0.2512134147137868
6,6,0.2647852096373766,0.2512134147137868
6,6,0.2647852096373766,0.2512134147137868
6,6,0.22167933826074737,0.2512134147137868
6,6,0.22167933826074737,0.21290565265357753
6,6,0.22167933826074737,0.2512134147137868
6,6,0.17857346688411724,0.21290565265357753
6,6,0.22167933826074737,0.21290565265357753
6,6,0.22167933826074737,0.21290565265357753
6,6,0.17857346688411724,0.21290565265357753
6,6,0.17857346688411724,0.17459789059336828
6,6,0.17857346688411724,0.21290565265357753
6,6,0.1354675955074871,0.17459789059336828
6,6,0.17857346688411724,0.17459789059336828
6,6,0.17857346688411724,0.17459789059336828
6,6,0.1354675955074871,0.17459789059336828
6,6,0.1354675955074871,0.13629012853315992
6,6,0.1354675955074871,0.17459789059336828
6,6,0.09236172413085786,0.13629012853315992
6,6,0.1354675955074871,0.13629012853315992
6,6,0.1354675955074871,0.13629012853315992
6,6,0.09236172413085786,0.13629012853315992
6,6,0.09236172413085786,0.09798236647295067
6,6,0.09236172413085786,0.13629012853315992
6,6,0.049255852754227725,0.09798236647295067
6,6,0.09236172413085786,0.09798236647295067
6,6,0.09236172413085786,0.09798236647295067
6,6,0.049255852754227725,0.09798236647295067
6,6,0.049255852754227725,0.05967460441274142
6,6,0.350996952390636,0.36613670089441364
6,6,0.30789108101400675,0.36613670089441364
6,6,0.30789108101400675,0.3278289388342044
6,6,0.30789108101400675,0.36613670089441364
6,6,0.2647852096373766,0.3278289388342044
6,6,0.30789108101400675,0.3278289388342044
6,6,0.30789108101400675,0.3278289388342044
6,6,0.2647852096373766,0.3278289388342044
6,6,0.2647852096373766,0.289521176773996
6,6,0.2647852096373766,0.3278289388342044
6,6,0.22167933826074737,0.289521176773996
6,6,0.2647852096373766,0.289521176773996
6,6,0.2647852096373766,0.289521176773996
6,6,0.22167933826074737,0.289521176773996
6,6,0.22167933826074737,0.2512134147137868
6,6,0.22167933826074737,0.289521176773996
6,6,0.17857346688411724,0.2512134147137868
6,6,0.22167933826074737,0.2512134147137868
6,6,0.22167933826074737,0.2512134147137868
6,6,0.17857346688411724,0.2512134147137868
6,6,0.17857346688411724,0.21290565265357753
6,6,0.17857346688411724,0.2512134147137868
6,6,0.1354675955074871,0.21290565265357753
6,6,0.17857346688411724,0.21290565265357753
6,6,0.17857346688411724,0.21290565265357753
6,6,0.1354675955074871,0.21290565265357753
6,6,0.1354675955074871,0.17459789059336828
6,6,0.1354675955074871,0.21290565265357753
6,6,0.09236172413085786,0.17459789059336828
6,6,0.1354675955074871,0.17459789059336828
6,6,0.1354675955074871,0.17459789059336828
6,6,0.09236172413085786,0.17459789059336828
6,6,0.09236172413085786,0.13629012853315992
6,6,0.09236172413085786,0.17459789059336828
6,6,0.049255852754227725,0.13629012853315992
6,6,0.09236172413085786,0.13629012853315992
6,6,0.09236172413085786,0.13629012853315992
6,6,0.049255852754227725,0.13629012853315992
6,6,0.049255852754227725,0.09798236647295067
6,6,0.30789108101400675,0.36613670089441364
6,6,0.2647852096373766,0.36613670089441364
6,6,0.2647852096373766,0.3278289388342044
6,6,0.2647852096373766,0.36613670089441364
6,6,0.22167933826074737,0.3278289388342044
6,6,0.2647852096373766,0.3278289388342044
6,6,0.2647852096373766,0.3278289388342044
6,6,0.22167933826074737,0.3278289388342044
6,6,0.22167933826074737,0.289521176773996
6,6,0.22167933826074737,0.3278289388342044
6,6,0.17857346688411724,0.289521176773996
6,6,0.22167933826074737,0.289521176773996
6,6,0.22167933826074737,0.289521176773996
6,6,0.17857346688411724,0.289521176773996
6,6,0.17857346688411724,0.2512134147137868
6,6,0.17857346688411724,0.289521176773996
6,6,0.1354675955074871,0.2512134147137868
6,6,0.17857346688411724,0.2512134147137868
6,6,0.17857346688411724,0.2512134147137868
6,6,0.1354675955074871,0.2512134147137868
6,6,0.1354675955074871,0.21290565265357753
6,6,0.1354675955074871,0.2512134147137868
6,6,0.09236172413085786,0.21290565265357753
6,6,0.1354675955074871,0.21290565265357753
6,6,0.1354675955074871,0.21290565265357753
6,6,0.09236172413085786,0.21290565265357753
6,6,0.09236172413085786,0.17459789059336828
6,6,0.09236172413085786,0.21290565265357753
6,6,0.049255852754227725,0.17459789059336828
6,6,0.09236172413085786,0.17459789059336828
6,6,0.09236172413085786,0.17459789059336828
6,6,0.049255852754227725,0.17459789059336828
6,6,0.049255852754227725,0.13629012853315992
6,6,0.2647852096373766,0.36613670089441364
6,6,0.22167933826074737,0.36613670089441364
6,6,0.22167933826074737,0.3278289388342044
6,6,0.22167933826074737,0.36613670089441364
6,6,0.17857346688411724,0.3278289388342044
6,6,0.22167933826074737,0.3278289388342044
6,6,0.22167933826074737,0.3278289388342044
6,6,0.17857346688411724,0.3278289388342044
6,6,0.17857346688411724,0.289521176773996
6,6,0.17857346688411724,0.3278289388342044
6,6,0.1354675955074871,0.289521176773996
6,6,0.17857346688411724,0.289521176773996
6,6,0.17857346688411724,0.289521176773996
6,6,0.1354675955074871,0.289521176773996
6,6,0.1354675955074871,0.2512134147137868
6,6,0.1354675955074871,0.289521176773996
6,6,0.09236172413085786,0.2512134147137868
6,6,0.1354675955074871,0.2512134147137868
6,6,0.1354675955074871,0.2512134147137868
6,6,0.09236172413085786,0.2512134147137868
6,6,0.09236172413085786,0.21290565265357753
6,6,0.09236172413085786,0.2512134147137868
6,6,0.049255852754227725,0.21290565265357753
6,6,0.09236172413085786,0.21290565265357753
6,6,0.09236172413085786,0.21290565265357753
6,6,0.049255852754227725,0.21290565265357753
6,6,0.049255852754227725,0.17459789059336828
6,6,0.22167933826074737,0.36613670089441364
6,6,0.17857346688411724,0.36613670089441364
6,6,0.17857346688411724,0.3278289388342044
6,6,0.17857346688411724,0.36613670089441364
6,6,0.1354675955074871,0.3278289388342044
6,6,0.17857346688411724,0.3278289388342044
6,6,0.17857346688411724,0.3278289388342044
6,6,0.1354675955074871,0.3278289388342044
6,6,0.1354675955074871,0.289521176773996
6,6,0.1354675955074871,0.3278289388342044
6,6,0.09236172413085786,0.289521176773996
6,6,0.1354675955074871,0.289521176773996
6,6,0.1354675955074871,0.289521176773996
6,6,0.09236172413085786,0.289521176773996
6,6,0.09236172413085786,0.2512134147137868
6,6,0.09236172413085786,0.289521176773996
6,6,0.049255852754227725,0.2512134147137868
6,6,0.09236172413085786,0.2512134147137868
6,6,0.09236172413085786,0.2512134147137868
6,6,0.049255852754227725,0.2512134147137868
6,6,0.049255852754227725,0.21290565265357753
6,6,0.17857346688411724,0.36613670089441364
6,6,0.1354675955074871,0.36613670089441364
6,6,0.1354675955074871,0.3278289388342044
6,6,0.1354675955074871,0.36613670089441364
6,6,0.09236172413085786,0.3278289388342044
6,6,0.1354675955074871,0.3278289388342044
6,6,0.1354675955074871,0.3278289388342044
6,6,0.09236172413085786,0.3278289388342044
6,6,0.09236172413085786,0.289521176773996
6,6,0.09236172413085786,0.3278289388342044
6,6,0.049255852754227725,0.289521176773996
6,6,0.09236172413085786,0.289521176773996
6,6,0.09236172413085786,0.289521176773996
6,6,0.049255852754227725,0.289521176773996
6,6,0.049255852754227725,0.2512134147137868
6,6,0.1354675955074871,0.36613670089441364
6,6,0.09236172413085786,0.36613670089441364
6,6,0.09236172413085786,0.3278289388342044
6,6,0.09236172413085786,0.36613670089441364
6,6,0.049255852754227725,0.3278289388342044
6,6,0.09236172413085786,0.3278289388342044
6,6,0.09236172413085786,0.3278289388342044
6,6,0.049255852754227725,0.3278289388342044
6,6,0.049255852754227725,0.289521176773996
6,6,0.09236172413085786,0.36613670089441364
6,6,0.049255852754227725,0.36613670089441364
6,6,0.049255852754227725,0.3278289388342044
6,6,0.049255852754227725,0.05967460441274142
6,6,0.09236172413085786,0.05967460441274142
6,6,0.09236172413085786,0.09798236647295067
6,6,0.09236172413085786,0.05967460441274142
6,6,0.1354675955074871,0.09798236647295067
6,6,0.09236172413085786,0.09798236647295067
6,6,0.09236172413085786,0.09798236647295067
6,6,0.1354675955074871,0.09798236647295067
6,6,0.1354675955074871,0.13629012853315992
6,6,0.1354675955074871,0.09798236647295067
6,6,0.17857346688411724,0.13629012853315992
6,6,0.1354675955074871,0.13629012853315992
6,6,0.1354675955074871,0.13629012853315992
6,6,0.17857346688411724,0.13629012853315992
6,6,0.17857346688411724,0.17459789059336828
6,6,0.17857346688411724,0.13629012853315992
6,6,0.22167933826074737,0.17459789059336828
6,6,0.17857346688411724,0.17459789059336828
6,6,0.17857346688411724,0.17459789059336828
6,6,0.22167933826074737,0.17459789059336828
6,6,0.22167933826074737,0.21290565265357753
6,6,0.22167933826074737,0.17459789059336828
6,6,0.2647852096373766,0.21290565265357753
6,6,0.22167933826074737,0.21290565265357753
6,6,0.22167933826074737,0.21290565265357753
6,6,0.2647852096373766,0.21290565265357753
6,6,0.2647852096373766,0.2512134147137868
6,6,0.2647852096373766,0.21290565265357753
6,6,0.30789108101400675,0.2512134147137868
6,6,0.2647852096373766,0.2512134147137868
6,6,0.2647852096373766,0.2512134147137868
6,6,0.30789108101400675,0.2512134147137868
6,6,0.30789108101400675,0.289521176773996
6,6,0.30789108101400675,0.2512134147137868
6,6,0.350996952390636,0.289521176773996
6,6,0.30789108101400675,0.289521176773996
6,6,0.30789108101400675,0.289521176773996
6,6,0.350996952390636,0.289521176773996
6,6,0.350996952390636,0.3278289388342044
6,6,0.350996952390636,0.289521176773996
6,6,0.39410282376726613,0.3278289388342044
6,6,0.350996952390636,0.3278289388342044
6,6,0.350996952390636,0.3278289388342044
6,6,0.39410282376726613,0.3278289388342044
6,6,0.39410282376726613,0.36613670089441364
6,6,0.09236172413085786,0.05967460441274142
6,6,0.1354675955074871,0.05967460441274142
6,6,0.1354675955074871,0.09798236647295067
6,6,0.1354675955074871,0.05967460441274142
6,6,0.17857346688411724,0.09798236647295067
6,6,0.1354675955074871,0.09798236647295067
6,6,0.1354675955074871,0.09798236647295067
6,6,0.17857346688411724,0.09798236647295067
6,6,0.17857346688411724,0.13629012853315992
6,6,0.17857346688411724,0.09798236647295067
6,6,0.22167933826074737,0.13629012853315992
6,6,0.17857346688411724,0.13629012853315992
6,6,0.17857346688411724,0.13629012853315992
6,6,0.22167933826074737,0.13629012853315992
6,6,0.22167933826074737,0.17459789059336828
6,6,0.22167933826074737,0.13629012853315992
6,6,0.2647852096373766,0.17459789059336828
6,6,0.22167933826074737,0.17459789059336828
6,6,0.22167933826074737,0.17459789059336828
6,6,0.2647852096373766,0.17459789059336828
6,6,0.2647852096373766,0.21290565265357753
6,6,0.2647852096373766,0.17459789059336828
6,6,0.30789108101400675,0.21290565265357753
6,6,0.2647852096373766,0.21290565265357753
6,6,0.2647852096373766,0.21290565265357753
6,6,0.30789108101400675,0.21290565265357753
6,6,0.30789108101400675,0.2512134147137868
6,6,0.30789108101400675,0.21290565265357753
6,6,0.350996952390636,0.2512134147137868
6,6,0.30789108101400675,0.2512134147137868
6,6,0.30789108101400675,0.2512134147137868
6,6,0.350996952390636,0.2512134147137868
6,6,0.350996952390636,0.289521176773996
6,6,0.350996952390636,0.2512134147137868
6,6,0.39410282376726613,0.289521176773996
6,6,0.350996952390636,0.289521176773996
6,6,0.350996952390636,0.289521176773996
6,6,0.39410282376726613,0.289521176773996
6,6,0.39410282376726613,0.3278289388342044
6,6,0.1354675955074871,0.05967460441274142
6,6,0.17857346688411724,0.05967460441274142
6,6,0.17857346688411724,0.09798236647295067
6,6,0.17857346688411724,0.05967460441274142
6,6,0.22167933826074737,0.09798236647295067
6,6,0.17857346688411724,0.09798236647295067
6,6,0.17857346688411724,0.09798236647295067
6,6,0.22167933826074737,0.09798236647295067
6,6,0.22167933826074737,0.13629012853315992
6,6,0.22167933826074737,0.09798236647295067
6,6,0.2647852096373766,0.13629012853315992
6,6,0.22167933826074737,0.13629012853315992
6,6,0.22167933826074737,0.13629012853315992
6,6,0.2647852096373766,0.13629012853315992
6,6,0.2647852096373766,0.17459789059336828
6,6,0.2647852096373766,0.13629012853315992
6,6,0.30789108101400675,0.17459789059336828
6,6,0.2647852096373766,0.17459789059336828
6,6,0.2647852096373766,0.17459789059336828
6,6,0.30789108101400675,0.17459789059336828
6,6,0.30789108101400675,0.21290565265357753
6,6,0.30789108101400675,0.17459789059336828
6,6,0.350996952390636,0.21290565265357753
6,6,0.30789108101400675,0.21290565265357753
6,6,0.30789108101400675,0.21290565265357753
6,6,0.350996952390636,0.21290565265357753
6,6,0.350996952390636,0.2512134147137868
6,6,0.350996952390636,0.21290565265357753
6,6,0.39410282376726613,0.2512134147137868
6,6,0.350996952390636,0.2512134147137868
6,6,0.350996952390636,0.2512134147137868
6,6,0.39410282376726613,0.2512134147137868
6,6,0.39410282376726613,0.289521176773996
6,6,0.17857346688411724,0.05967460441274142
6,6,0.22167933826074737,0.05967460441274142
6,6,0.22167933826074737,0.09798236647295067
6,6,0.22167933826074737,0.05967460441274142
6,6,0.2647852096373766,0.09798236647295067
6,6,0.22167933826074737,0.09798236647295067
6,6,0.22167933826074737,0.09798236647295067
6,6,0.2647852096373766,0.09798236647295067
6,6,0.2647852096373766,0.13629012853315992
6,6,0.2647852096373766,0.09798236647295067
6,6,0.30789108101400675,0.13629012853315992
6,6,0.2647852096373766,0.13629012853315992
6,6,0.2647852096373766,0.13629012853315992
6,6,0.30789108101400675,0.13629012853315992
6,6,0.30789108101400675,0.17459789059336828
6,6,0.30789108101400675,0.13629012853315992
6,6,0.350996952390636,0.17459789059336828
6,6,0.30789108101400675,0.17459789059336828
6,6,0.30789108101400675,0.17459789059336828
6,6,0.350996952390636,0.17459789059336828
6,6,0.350996952390636,0.21290565265357753
6,6,0.350996952390636,0.17459789059336828
6,6,0.39410282376726613,0.21290565265357753
6,6,0.350996952390636,0.21290565265357753
6,6,0.350996952390636,0.21290565265357753
6,6,0.39410282376726613,0.21290565265357753
6,6,0.39410282376726613,0.2512134147137868
6,6,0.22167933826074737,0.05967460441274142
6,6,0.2647852096373766,0.05967460441274142
6,6,0.2647852096373766,0.09798236647295067
6,6,0.2647852096373766,0.05967460441274142
6,6,0.30789108101400675,0.09798236647295067
6,6,0.2647852096373766,0.09798236647295067
6,6,0.2647852096373766,0.09798236647295067
6,6,0.30789108101400675,0.09798236647295067
6,6,0.30789108101400675,0.13629012853315992
6,6,0.30789108101400675,0.09798236647295067
6,6,0.350996952390636,0.13629012853315992
6,6,0.30789108101400675,0.13629012853315992
6,6,0.30789108101400675,0.13629012853315992
6,6,0.350996952390636,0.13629012853315992
6,6,0.350996952390636,0.17459789059336828
6,6,0.350996952390636,0.13629012853315992
6,6,0.39410282376726613,0.17459789059336828
6,6,0.350996952390636,0.17459789059336828
6,6,0.350996952390636,0.17459789059336828
6,6,0.39410282376726613,0.17459789059336828
6,6,0.39410282376726613,0.21290565265357753
6,6,0.2647852096373766,0.05967460441274142
6,6,0.30789108101400675,0.05967460441274142
6,6,0.30789108101400675,0.09798236647295067
6,6,0.30789108101400675,0.05967460441274142
6,6,0.350996952390636,0.09798236647295067
6,6,0.30789108101400675,0.09798236647295067
6,6,0.30789108101400675,0.09798236647295067
6,6,0.350996952390636,0.09798236647295067
6,6,0.350996952390636,0.13629012853315992
6,6,0.350996952390636,0.09798236647295067
6,6,0.39410282376726613,0.13629012853315992
6,6,0.350996952390636,0.13629012853315992
6,6,0.350996952390636,0.13629012853315992
6,6,0.39410282376726613,0.13629012853315992
6,6,0.39410282376726613,0.17459789059336828
6,6,0.30789108101400675,0.05967460441274142
6,6,0.350996952390636,0.05967460441274142
6,6,0.350996952390636,0.09798236647295067
6,6,0.350996952390636,0.05967460441274142
6,6,0.39410282376726613,0.09798236647295067
6,6,0.350996952390636,0.09798236647295067
6,6,0.350996952390636,0.09798236647295067
6,6,0.39410282376726613,0.09798236647295067
6,6,0.39410282376726613,0.13629012853315992
6,6,0.350996952390636,0.05967460441274142
6,6,0.39410282376726613,0.05967460441274142
6,6,0.39410282376726613,0.09798236647295067
6,6,0.0870238275163393,0.459357110470588
6,6,0.0870238275163393,0.41182155602861936
6,6,0.1149899503891918,0.41182155602861936
6,6,0.0870238275163393,0.41182155602861936
6,6,0.1149899503891918,0.3642860015866516
6,6,0.1149899503891918,0.41182155602861936
6,6,0.1149899503891918,0.41182155602861936
6,6,0.1149899503891918,0.3642860015866516
6,6,0.1429560732620443,0.3642860015866516
6,6,0.1149899503891918,0.3642860015866516
6,6,0.1429560732620443,0.3167504471446829
6,6,0.1429560732620443,0.3642860015866516
6,6,0.1429560732620443,0.3642860015866516
6,6,0.1429560732620443,0.3167504471446829
6,6,0.1709221961348959,0.3167504471446829
6,6,0.1429560732620443,0.3167504471446829
6,6,0.1709221961348959,0.26921489270271515
6,6,0.1709221961348959,0.3167504471446829
6,6,0.1709221961348959,0.3167504471446829
6,6,0.1709221961348959,0.26921489270271515
6,6,0.1988883190077484,0.26921489270271515
6,6,0.1709221961348959,0.26921489270271515
6,6,0.1988883190077484,0.22167933826074737
6,6,0.1988883190077484,0.26921489270271515
6,6,0.1988883190077484,0.26921489270271515
6,6,0.1988883190077484,0.22167933826074737
6,6,0.2268544418806009,0.22167933826074737
6,6,0.1988883190077484,0.22167933826074737
6,6,0.2268544418806009,0.1741437838187787
6,6,0.2268544418806009,0.22167933826074737
6,6,0.2268544418806009,0.22167933826074737
6,6,0.2268544418806009,0.1741437838187787
6,6,0.2548205647534534,0.1741437838187787
6,6,0.2268544418806009,0.1741437838187787
6,6,0.2548205647534534,0.12660822937681093
6,6,0.2548205647534534,0.1741437838187787
6,6,0.2548205647534534,0.1741437838187787
6,6,0.2548205647534534,0.12660822937681093
6,6,0.282786687626305,0.12660822937681093
6,6,0.2548205647534534,0.12660822937681093
6,6,0.282786687626305,0.07907267493484227
6,6,0.282786687626305,0.12660822937681093
6,6,0.282786687626305,0.12660822937681093
6,6,0.282786687626305,0.07907267493484227
6,6,0.3107528104991575,0.07907267493484227
6,6,0.282786687626305,0.07907267493484227
6,6,0.3107528104991575,0.03153712049287449
6,6,0.3107528104991575,0.07907267493484227
6,6,0.3107528104991575,0.07907267493484227
6,6,0.3107528104991575,0.03153712049287449
6,6,0.33871893337201,0.03153712049287449
6,6,0.3107528104991575,0.03153712049287449
6,7,0.33871893337201,0.9840015660509058
6,6,0.33871893337201,0.03153712049287449
6,6,0.33871893337201,0.03153712049287449
6,7,0.33871893337201,0.9840015660509058
6,7,0.3666850562448616,0.9840015660509058
6,6,0.0870238275163393,0.41182155602861936
6,6,0.0870238275163393,0.3642860015866516
6,6,0.1149899503891918,0.3642860015866516
6,6,0.0870238275163393,0.3642860015866516
6,6,0.1149899503891918,0.3167504471446829
6,6,0.1149899503891918,0.3642860015866516
6,6,0.1149899503891918,0.3642860015866516
6,6,0.1149899503891918,0.3167504471446829
6,6,0.1429560732620443,0.3167504471446829
6,6,0.1149899503891918,0.3167504471446829
6,6,0.1429560732620443,0.26921489270271515
6,6,0.1429560732620443,0.3167504471446829
6,6,0.1429560732620443,0.3167504471446829
6,6,0.1429560732620443,0.26921489270271515
6,6,0.1709221961348959,0.26921489270271515
6,6,0.1429560732620443,0.26921489270271515
6,6,0.1709221961348959,0.22167933826074737
6,6,0.1709221961348959,0.26921489270271515
6,6,0.1709221961348959,0.26921489270271515
6,6,0.1709221961348959,0.22167933826074737
6,6,0.1988883190077484,0.22167933826074737
6,6,0.1709221961348959,0.22167933826074737
6,6,0.1988883190077484,0.1741437838187787
6,6,0.1988883190077484,0.22167933826074737
6,6,0.1988883190077484,0.22167933826074737
6,6,0.1988883190077484,0.1741437838187787
6,6,0.2268544418806009,0.1741437838187787
6,6,0.1988883190077484,0.1741437838187787
6,6,0.2268544418806009,0.12660822937681093
6,6,0.2268544418806009,0.1741437838187787
6,6,0.2268544418806009,0.1741437838187787
6,6,0.2268544418806009,0.12660822937681093
6,6,0.2548205647534534,0.12660822937681093
6,6,0.2268544418806009,0.12660822937681093
6,6,0.2548205647534534,0.07907267493484227
6,6,0.2548205647534534,0.12660822937681093
6,6,0.2548205647534534,0.12660822937681093
6,6,0.2548205647534534,0.07907267493484227
6,6,0.282786687626305,0.07907267493484227
6,6,0.2548205647534534,0.07907267493484227
6,6,0.282786687626305,0.03153712049287449
6,6,0.282786687626305,0.07907267493484227
6,6,0.282786687626305,0.07907267493484227
6,6,0.282786687626305,0.03153712049287449
6,6,0.3107528104991575,0.03153712049287449
6,6,0.282786687626305,0.03153712049287449
6,7,0.3107528104991575,0.9840015660509058
6,6,0.3107528104991575,0.03153712049287449
6,6,0.3107528104991575,0.03153712049287449
6,7,0.3107528104991575,0.9840015660509058
6,7,0.33871893337201,0.9840015660509058
6,6,0.0870238275163393,0.3642860015866516
6,6,0.0870238275163393,0.3167504471446829
6,6,0.1149899503891918,0.3167504471446829
6,6,0.0870238275163393,0.3167504471446829
6,6,0.1149899503891918,0.26921489270271515
6,6,0.1149899503891918,0.3167504471446829
6,6,0.1149899503891918,0.3167504471446829
6,6,0.1149899503891918,0.26921489270271515
6,6,0.1429560732620443,0.26921489270271515
6,6,0.1149899503891918,0.26921489270271515
6,6,0.1429560732620443,0.22167933826074737
6,6,0.1429560732620443,0.26921489270271515
6,6,0.1429560732620443,0.26921489270271515
6,6,0.1429560732620443,0.22167933826074737
6,6,0.1709221961348959,0.22167933826074737
6,6,0.1429560732620443,0.22167933826074737
6,6,0.1709221961348959,0.1741437838187787
6,6,0.1709221961348959,0.22167933826074737
6,6,0.1709221961348959,0.22167933826074737
6,6,0.1709221961348959,0.1741437838187787
6,6,0.1988883190077484,0.1741437838187787
6,6,0.1709221961348959,0.1741437838187787
6,6,0.1988883190077484,0.12660822937681093
6,6,0.1988883190077484,0.1741437838187787
6,6,0.1988883190077484,0.1741437838187787
6,6,0.1988883190077484,0.12660822937681093
6,6,0.2268544418806009,0.12660822937681093
6,6,0.1988883190077484,0.12660822937681093
6,6,0.2268544418806009,0.07907267493484227
6,6,0.2268544418806009,0.12660822937681093
6,6,0.2268544418806009,0.12660822937681093
6,6,0.2268544418806009,0.07907267493484227
6,6,0.2548205647534534,0.07907267493484227
6,6,0.2268544418806009,0.07907267493484227
6,6,0.2548205647534534,0.03153712049287449
6,6,0.2548205647534534,0.07907267493484227
6,6,0.2548205647534534,0.07907267493484227
6,6,0.2548205647534534,0.03153712049287449
6,6,0.282786687626305,0.03153712049287449
6,6,0.2548205647534534,0.03153712049287449
6,7,0.282786687626305,0.9840015660509058
6,6,0.282786687626305,0.03153712049287449
6,6,0.282786687626305,0.03153712049287449
6,7,0.282786687626305,0.9840015660509058
6,7,0.3107528104991575,0.9840015660509058
6,6,0.0870238275163393,0.3167504471446829
6,6,0.0870238275163393,0.26921489270271515
6,6,0.1149899503891918,0.26921489270271515
6,6,0.0870238275163393,0.26921489270271515
6,6,0.1149899503891918,0.22167933826074737
6,6,0.1149899503891918,0.26921489270271515
6,6,0.1149899503891918,0.26921489270271515
6,6,0.1149899503891918,0.22167933826074737
6,6,0.1429560732620443,0.22167933826074737
6,6,0.1149899503891918,0.22167933826074737
6,6,0.1429560732620443,0.1741437838187787
6,6,0.1429560732620443,0.22167933826074737
6,6,0.1429560732620443,0.22167933826074737
6,6,0.1429560732620443,0.1741437838187787
6,6,0.1709221961348959,0.1741437838187787
6,6,0.1429560732620443,0.1741437838187787
6,6,0.1709221961348959,0.12660822937681093
6,6,0.1709221961348959,0.1741437838187787
6,6,0.1709221961348959,0.1741437838187787
6,6,0.1709221961348959,0.12660822937681093
6,6,0.1988883190077484,0.12660822937681093
6,6,0.1709221961348959,0.12660822937681093
6,6,0.1988883190077484,0.07907267493484227
6,6,0.1988883190077484,0.12660822937681093
6,6,0.1988883190077484,0.12660822937681093
6,6,0.1988883190077484,0.07907267493484227
6,6,0.2268544418806009,0.07907267493484227
6,6,0.1988883190077484,0.07907267493484227
6,6,0.2268544418806009,0.03153712049287449
6,6,0.2268544418806009,0.07907267493484227
6,6,0.2268544418806009,0.07907267493484227
6,6,0.2268544418806009,0.03153712049287449
6,6,0.2548205647534534,0.03153712049287449
6,6,0.2268544418806009,0.03153712049287449
6,7,0.2548205647534534,0.9840015660509058
6,6,0.2548205647534534,0.03153712049287449
6,6,0.2548205647534534,0.03153712049287449
6,7,0.2548205647534534,0.9840015660509058
6,7,0.282786687626305,0.9840015660509058
6,6,0.0870238275163393,0.26921489270271515
6,6,0.0870238275163393,0.22167933826074737
6,6,0.1149899503891918,0.22167933826074737
6,6,0.0870238275163393,0.22167933826074737
6,6,0.1149899503891918,0.1741437838187787
6,6,0.1149899503891918,0.22167933826074737
6,6,0.1149899503891918,0.22167933826074737
6,6,0.1149899503891918,0.1741437838187787
6,6,0.1429560732620443,0.1741437838187787
6,6,0.1149899503891918,0.1741437838187787
6,6,0.1429560732620443,0.12660822937681093
6,6,0.1429560732620443,0.1741437838187787
6,6,0.1429560732620443,0.1741437838187787
6,6,0.1429560732620443,0.12660822937681093
6,6,0.1709221961348959,0.12660822937681093
6,6,0.1429560732620443,0.12660822937681093
6,6,0.1709221961348959,0.07907267493484227
6,6,0.1709221961348959,0.12660822937681093
6,6,0.1709221961348959,0.12660822937681093
6,6,0.1709221961348959,0.07907267493484227
6,6,0.1988883190077484,0.07907267493484227
6,6,0.1709221961348959,0.07907267493484227
6,6,0.1988883190077484,0.03153712049287449
6,6,0.1988883190077484,0.07907267493484227
6,6,0.1988883190077484,0.07907267493484227
6,6,0.1988883190077484,0.03153712049287449
6,6,0.2268544418806009,0.03153712049287449
6,6,0.1988883190077484,0.03153712049287449
6,7,0.2268544418806009,0.9840015660509058
6,6,0.2268544418806009,0.03153712049287449
6,6,0.2268544418806009,0.03153712049287449
6,7,0.2268544418806009,0.9840015660509058
6,7,0.2548205647534534,0.9840015660509058
6,6,0.0870238275163393,0.22167933826074737
6,6,0.0870238275163393,0.1741437838187787
6,6,0.1149899503891918,0.1741437838187787
6,6,0.0870238275163393,0.1741437838187787
6,6,0.1149899503891918,0.12660822937681093
6,6,0.1149899503891918,0.1741437838187787
6,6,0.1149899503891918,0.1741437838187787
6,6,0.1149899503891918,0.12660822937681093
6,6,0.1429560732620443,0.12660822937681093
6,6,0.1149899503891918,0.12660822937681093
6,6,0.1429560732620443,0.07907267493484227
6,6,0.1429560732620443,0.12660822937681093
6,6,0.1429560732620443,0.12660822937681093
6,6,0.1429560732620443,0.07907267493484227
6,6,0.1709221961348959,0.07907267493484227
6,6,0.1429560732620443,0.07907267493484227
6,6,0.1709221961348959,0.03153712049287449
6,6,0.1709221961348959,0.07907267493484227
6,6,0.1709221961348959,0.07907267493484227
6,6,0.1709221961348959,0.03153712049287449
6,6,0.1988883190077484,0.03153712049287449
6,6,0.1709221961348959,0.03153712049287449
6,7,0.1988883190077484,0.9840015660509058
6,6,0.1988883190077484,0.03153712049287449
6,6,0.1988883190077484,0.03153712049287449
6,7,0.1988883190077484,0.9840015660509058
6,7,0.2268544418806009,0.9840015660509058
6,6,0.0870238275163393,0.1741437838187787
6,6,0.0870238275163393,0.12660822937681093
6,6,0.1149899503891918,0.12660822937681093
6,6,0.0870238275163393,0.12660822937681093
6,6,0.1149899503891918,0.07907267493484227
6,6,0.1149899503891918,0.12660822937681093
6,6,0.1149899503891918,0.12660822937681093
6,6,0.1149899503891918,0.07907267493484227
6,6,0.1429560732620443,0.07907267493484227
6,6,0.1149899503891918,0.07907267493484227
6,6,0.1429560732620443,0.03153712049287449
6,6,0.1429560732620443,0.07907267493484227
6,6,0.1429560732620443,0.07907267493484227
6,6,0.1429560732620443,0.03153712049287449
6,6,0.1709221961348959,0.03153712049287449
6,6,0.1429560732620443,0.03153712049287449
6,7,0.1709221961348959,0.9840015660509058
6,6,0.1709221961348959,0.03153712049287449
6,6,0.1709221961348959,0.03153712049287449
6,7,0.1709221961348959,0.9840015660509058
6,7,0.1988883190077484,0.9840015660509058
6,6,0.0870238275163393,0.12660822937681093
6,6,0.0870238275163393,0.07907267493484227
6,6,0.1149899503891918,0.07907267493484227
6,6,0.0870238275163393,0.07907267493484227
6,6,0.1149899503891918,0.03153712049287449
6,6,0.1149899503891918,0.07907267493484227
6,6,0.1149899503891918,0.07907267493484227
6,6,0.1149899503891918,0.03153712049287449
6,6,0.1429560732620443,0.03153712049287449
6,6,0.1149899503891918,0.03153712049287449
6,7,0.1429560732620443,0.9840015660509058
6,6,0.1429560732620443,0.03153712049287449
6,6,0.1429560732620443,0.03153712049287449
6,7,0.1429560732620443,0.9840015660509058
6,7,0.1709221961348959,0.9840015660509058
6,6,0.0870238275163393,0.07907267493484227
6,6,0.0870238275163393,0.03153712049287449
6,6,0.1149899503891918,0.03153712049287449
6,6,0.0870238275163393,0.03153712049287449
6,7,0.1149899503891918,0.9840015660509058
6,6,0.1149899503891918,0.03153712049287449
6,6,0.1149899503891918,0.03153712049287449
6,7,0.1149899503891918,0.9840015660509058
6,7,0.1429560732620443,0.9840015660509058
6,6,0.0870238275163393,0.03153712049287449
6,7,0.0870238275163393,0.9840015660509058
6,7,0.1149899503891918,0.9840015660509058
6,7,0.3666850562448616,0.9840015660509058
6,6,0.3666850562448616,0.03153712049287449
6,6,0.33871893337201,0.03153712049287449
6,6,0.3666850562448616,0.03153712049287449
6,6,0.33871893337201,0.07907267493484227
6,6,0.33871893337201,0.03153712049287449
6,6,0.33871893337201,0.03153712049287449
6,6,0.33871893337201,0.07907267493484227
6,6,0.3107528104991575,0.07907267493484227
6,6,0.33871893337201,0.07907267493484227
6,6,0.3107528104991575,0.12660822937681093
6,6,0.3107528104991575,0.07907267493484227
6,6,0.3107528104991575,0.07907267493484227
6,6,0.3107528104991575,0.12660822937681093
6,6,0.282786687626305,0.12660822937681093
6,6,0.3107528104991575,0.12660822937681093
6,6,0.282786687626305,0.1741437838187787
6,6,0.282786687626305,0.12660822937681093
6,6,0.282786687626305,0.12660822937681093
6,6,0.282786687626305,0.1741437838187787
6,6,0.2548205647534534,0.1741437838187787
6,6,0.282786687626305,0.1741437838187787
6,6,0.2548205647534534,0.22167933826074737
6,6,0.2548205647534534,0.1741437838187787
6,6,0.2548205647534534,0.1741437838187787
6,6,0.2548205647534534,0.22167933826074737
6,6,0.2268544418806009,0.22167933826074737
6,6,0.2548205647534534,0.22167933826074737
6,6,0.2268544418806009,0.26921489270271515
6,6,0.2268544418806009,0.22167933826074737
6,6,0.2268544418806009,0.22167933826074737
6,6,0.2268544418806009,0.26921489270271515
6,6,0.1988883190077484,0.26921489270271515
6,6,0.2268544418806009,0.26921489270271515
6,6,0.1988883190077484,0.3167504471446829
6,6,0.1988883190077484,0.26921489270271515
6,6,0.1988883190077484,0.26921489270271515
6,6,0.1988883190077484,0.3167504471446829
6,6,0.1709221961348959,0.3167504471446829
6,6,0.1988883190077484,0.3167504471446829
6,6,0.1709221961348959,0.3642860015866516
6,6,0.1709221961348959,0.3167504471446829
6,6,0.1709221961348959,0.3167504471446829
6,6,0.1709221961348959,0.3642860015866516
6,6,0.1429560732620443,0.3642860015866516
6,6,0.1709221961348959,0.3642860015866516
6,6,0.1429560732620443,0.41182155602861936
6,6,0.1429560732620443,0.3642860015866516
6,6,0.1429560732620443,0.3642860015866516
6,6,0.1429560732620443,0.41182155602861936
6,6,0.1149899503891918,0.41182155602861936
6,6,0.1429560732620443,0.41182155602861936
6,6,0.1149899503891918,0.459357110470588
6,6,0.1149899503891918,0.41182155602861936
6,6,0.1149899503891918,0.41182155602861936
6,6,0.1149899503891918,0.459357110470588
6,6,0.0870238275163393,0.459357110470588
6,6,0.3666850562448616,0.03153712049287449
6,6,0.3666850562448616,0.07907267493484227
6,6,0.33871893337201,0.07907267493484227
6,6,0.3666850562448616,0.07907267493484227
6,6,0.33871893337201,0.12660822937681093
6,6,0.33871893337201,0.07907267493484227
6,6,0.33871893337201,0.07907267493484227
6,6,0.33871893337201,0.12660822937681093
6,6,0.3107528104991575,0.12660822937681093
6,6,0.33871893337201,0.12660822937681093
6,6,0.3107528104991575,0.1741437838187787
6,6,0.3107528104991575,0.12660822937681093
6,6,0.3107528104991575,0.12660822937681093
6,6,0.3107528104991575,0.1741437838187787
6,6,0.282786687626305,0.1741437838187787
6,6,0.3107528104991575,0.1741437838187787
6,6,0.282786687626305,0.22167933826074737
6,6,0.282786687626305,0.1741437838187787
6,6,0.282786687626305,0.1741437838187787
6,6,0.282786687626305,0.22167933826074737
6,6,0.2548205647534534,0.22167933826074737
6,6,0.282786687626305,0.22167933826074737
6,6,0.2548205647534534,0.26921489270271515
6,6,0.2548205647534534,0.22167933826074737
6,6,0.2548205647534534,0.22167933826074737
6,6,0.2548205647534534,0.26921489270271515
6,6,0.2268544418806009,0.26921489270271515
6,6,0.2548205647534534,0.26921489270271515
6,6,0.2268544418806009,0.3167504471446829
6,6,0.2268544418806009,0.26921489270271515
6,6,0.2268544418806009,0.26921489270271515
6,6,0.2268544418806009,0.3167504471446829
6,6,0.1988883190077484,0.3167504471446829
6,6,0.2268544418806009,0.3167504471446829
6,6,0.1988883190077484,0.3642860015866516
6,6,0.1988883190077484,0.3167504471446829
6,6,0.1988883190077484,0.3167504471446829
6,6,0.1988883190077484,0.3642860015866516
6,6,0.1709221961348959,0.3642860015866516
6,6,0.1988883190077484,0.3642860015866516
6,6,0.1709221961348959,0.41182155602861936
6,6,0.1709221961348959,0.3642860015866516
6,6,0.1709221961348959,0.3642860015866516
6,6,0.1709221961348959,0.41182155602861936
6,6,0.1429560732620443,0.41182155602861936
6,6,0.1709221961348959,0.41182155602861936
6,6,0.1429560732620443,0.459357110470588
6,6,0.1429560732620443,0.41182155602861936
6,6,0.1429560732620443,0.41182155602861936
6,6,0.1429560732620443,0.459357110470588
6,6,0.1149899503891918,0.459357110470588
6,6,0.3666850562448616,0.07907267493484227
6,6,0.3666850562448616,0.12660822937681093
6,6,0.33871893337201,0.12660822937681093
6,6,0.3666850562448616,0.12660822937681093
6,6,0.33871893337201,0.1741437838187787
6,6,0.33871893337201,0.12660822937681093
6,6,0.33871893337201,0.12660822937681093
6,6,0.33871893337201,0.1741437838187787
6,6,0.3107528104991575,0.1741437838187787
6,6,0.33871893337201,0.1741437838187787
6,6,0.3107528104991575,0.22167933826074737
6,6,0.3107528104991575,0.1741437838187787
6,6,0.3107528104991575,0.1741437838187787
6,6,0.3107528104991575,0.22167933826074737
6,6,0.282786687626305,0.22167933826074737
6,6,0.3107528104991575,0.22167933826074737
6,6,0.282786687626305,0.26921489270271515
6,6,0.282786687626305,0.22167933826074737
6,6,0.282786687626305,0.22167933826074737
6,6,0.282786687626305,0.26921489270271515
6,6,0.2548205647534534,0.26921489270271515
6,6,0.282786687626305,0.26921489270271515
6,6,0.2548205647534534,0.3167504471446829
6,6,0.2548205647534534,0.26921489270271515
6,6,0.2548205647534534,0.26921489270271515
6,6,0.2548205647534534,0.3167504471446829
6,6,0.2268544418806009,0.3167504471446829
6,6,0.2548205647534534,0.3167504471446829
6,6,0.2268544418806009,0.3642860015866516
6,6,0.2268544418806009,0.3167504471446829
6,6,0.2268544418806009,0.3167504471446829
6,6,0.2268544418806009,0.3642860015866516
6,6,0.1988883190077484,0.3642860015866516
6,6,0.2268544418806009,0.3642860015866516
6,6,0.1988883190077484,0.41182155602861936
6,6,0.1988883190077484,0.3642860015866516
6,6,0.1988883190077484,0.3642860015866516
6,6,0.1988883190077484,0.41182155602861936
6,6,0.1709221961348959,0.41182155602861936
6,6,0.1988883190077484,0.41182155602861936
6,6,0.1709221961348959,0.459357110470588
6,6,0.1709221961348959,0.41182155602861936
6,6,0.1709221961348959,0.41182155602861936
6,6,0.1709221961348959,0.459357110470588
6,6,0.1429560732620443,0.459357110470588
6,6,0.3666850562448616,0.12660822937681093
6,6,0.3666850562448616,0.1741437838187787
6,6,0.33871893337201,0.1741437838187787
6,6,0.3666850562448616,0.1741437838187787
6,6,0.33871893337201,0.22167933826074737
6,6,0.33871893337201,0.1741437838187787
6,6,0.33871893337201,0.1741437838187787
6,6,0.33871893337201,0.22167933826074737
6,6,0.3107528104991575,0.22167933826074737
6,6,0.33871893337201,0.22167933826074737
6,6,0.3107528104991575,0.26921489270271515
6,6,0.3107528104991575,0.22167933826074737
6,6,0.3107528104991575,0.22167933826074737
6,6,0.3107528104991575,0.26921489270271515
6,6,0.282786687626305,0.26921489270271515
6,6,0.3107528104991575,0.26921489270271515
6,6,0.282786687626305,0.3167504471446829
6,6,0.282786687626305,0.26921489270271515
6,6,0.282786687626305,0.26921489270271515
6,6,0.282786687626305,0.3167504471446829
6,6,0.2548205647534534,0.3167504471446829
6,6,0.282786687626305,0.3167504471446829
6,6,0.2548205647534534,0.3642860015866516
6,6,0.2548205647534534,0.3167504471446829
6,6,0.2548205647534534,0.3167504471446829
6,6,0.2548205647534534,0.3642860015866516
6,6,0.2268544418806009,0.3642860015866516
6,6,0.2548205647534534,0.3642860015866516
6,6,0.2268544418806009,0.41182155602861936
6,6,0.2268544418806009,0.3642860015866516
6,6,0.2268544418806009,0.3642860015866516
6,6,0.2268544418806009,0.41182155602861936
6,6,0.1988883190077484,0.41182155602861936
6,6,0.2268544418806009,0.41182155602861936
6,6,0.1988883190077484,0.459357110470588
6,6,0.1988883190077484,0.41182155602861936
6,6,0.1988883190077484,0.41182155602861936
6,6,0.1988883190077484,0.459357110470588
6,6,0.1709221961348959,0.459357110470588
6,6,0.3666850562448616,0.1741437838187787
6,6,0.3666850562448616,0.22167933826074737
6,6,0.33871893337201,0.22167933826074737
6,6,0.3666850562448616,0.22167933826074737
6,6,0.33871893337201,0.26921489270271515
6,6,0.33871893337201,0.22167933826074737
6,6,0.33871893337201,0.22167933826074737
6,6,0.33871893337201,0.26921489270271515
6,6,0.3107528104991575,0.26921489270271515
6,6,0.33871893337201,0.26921489270271515
6,6,0.3107528104991575,0.3167504471446829
6,6,0.3107528104991575,0.26921489270271515
6,6,0.3107528104991575,0.26921489270271515
6,6,0.3107528104991575,0.3167504471446829
6,6,0.282786687626305,0.3167504471446829
6,6,0.3107528104991575,0.3167504471446829
6,6,0.282786687626305,0.3642860015866516
6,6,0.282786687626305,0.3167504471446829
6,6,0.282786687626305,0.3167504471446829
6,6,0.282786687626305,0.3642860015866516
6,6,0.2548205647534534,0.3642860015866516
6,6,0.282786687626305,0.3642860015866516
6,6,0.2548205647534534,0.41182155602861936
6,6,0.2548205647534534,0.3642860015866516
6,6,0.2548205647534534,0.3642860015866516
6,6,0.2548205647534534,0.41182155602861936
6,6,0.2268544418806009,0.41182155602861936
6,6,0.2548205647534534,0.41182155602861936
6,6,0.2268544418806009,0.459357110470588
6,6,0.2268544418806009,0.41182155602861936
6,6,0.2268544418806009,0.41182155602861936
6,6,0.2268544418806009,0.459357110470588
6,6,0.1988883190077484,0.459357110470588
6,6,0.3666850562448616,0.22167933826074737
6,6,0.3666850562448616,0.26921489270271515
6,6,0.33871893337201,0.26921489270271515
6,6,0.3666850562448616,0.26921489270271515
6,6,0.33871893337201,0.3167504471446829
6,6,0.33871893337201,0.26921489270271515
6,6,0.33871893337201,0.26921489270271515
6,6,0.33871893337201,0.3167504471446829
6,6,0.3107528104991575,0.3167504471446829
6,6,0.33871893337201,0.3167504471446829
6,6,0.3107528104991575,0.3642860015866516
6,6,0.3107528104991575,0.3167504471446829
6,6,0.3107528104991575,0.3167504471446829
6,6,0.3107528104991575,0.3642860015866516
6,6,0.282786687626305,0.3642860015866516
6,6,0.3107528104991575,0.3642860015866516
6,6,0.282786687626305,0.41182155602861936
6,6,0.282786687626305,0.3642860015866516
6,6,0.282786687626305,0.3642860015866516
6,6,0.282786687626305,0.41182155602861936
6,6,0.2548205647534534,0.41182155602861936
6,6,0.282786687626305,0.41182155602861936
6,6,0.2548205647534534,0.459357110470588
6,6,0.2548205647534534,0.41182155602861936
6,6,0.2548205647534534,0.41182155602861936
6,6,0.2548205647534534,0.459357110470588
6,6,0.2268544418806009,0.459357110470588
6,6,0.3666850562448616,0.26921489270271515
6,6,0.3666850562448616,0.3167504471446829
6,6,0.33871893337201,0.3167504471446829
6,6,0.3666850562448616,0.3167504471446829
6,6,0.33871893337201,0.3642860015866516
6,6,0.33871893337201,0.3167504471446829
6,6,0.33871893337201,0.3167504471446829
6,6,0.33871893337201,0.3642860015866516
6,6,0.3107528104991575,0.3642860015866516
6,6,0.33871893337201,0.3642860015866516
6,6,0.3107528104991575,0.41182155602861936
6,6,0.3107528104991575,0.3642860015866516
6,6,0.3107528104991575,0.3642860015866516
6,6,0.3107528104991575,0.41182155602861936
6,6,0.282786687626305,0.41182155602861936
6,6,0.3107528104991575,0.41182155602861936
6,6,0.282786687626305,0.459357110470588
6,6,0.282786687626305,0.41182155602861936
6,6,0.282786687626305,0.41182155602861936
6,6,0.282786687626305,0.459357110470588
6,6,0.2548205647534534,0.459357110470588
6,6,0.3666850562448616,0.3167504471446829
6,6,0.3666850562448616,0.3642860015866516
6,6,0.33871893337201,0.3642860015866516
6,6,0.3666850562448616,0.3642860015866516
6,6,0.33871893337201,0.41182155602861936
6,6,0.33871893337201,0.3642860015866516
6,6,0.33871893337201,0.3642860015866516
6,6,0.33871893337201,0.41182155602861936
6,6,0.3107528104991575,0.41182155602861936
6,6,0.33871893337201,0.41182155602861936
6,6,0.3107528104991575,0.459357110470588
6,6,0.3107528104991575,0.41182155602861936
6,6,0.3107528104991575,0.41182155602861936
6,6,0.3107528104991575,0.459357110470588
6,6,0.282786687626305,0.459357110470588
6,6,0.3666850562448616,0.3642860015866516
6,6,0.3666850562448616,0.41182155602861936
6,6,0.33871893337201,0.41182155602861936
6,6,0.3666850562448616,0.41182155602861936
6,6,0.33871893337201,0.459357110470588
6,6,0.33871893337201,0.41182155602861936
6,6,0.33871893337201,0.41182155602861936
6,6,0.33871893337201,0.459357110470588
6,6,0.3107528104991575,0.459357110470588
6,6,0.3666850562448616,0.41182155602861936
6,6,0.3666850562448616,0.459357110470588
6,6,0.33871893337201,0.459357110470588
